datetime,footprint (gCO2/kWh),time
2026-01-01 00:00:00,141.19,00:00:00
2026-01-01 00:15:00,141.36,00:15:00
2026-01-01 00:30:00,142.4,00:30:00
2026-01-01 00:45:00,142.34,00:45:00
2026-01-01 01:00:00,146.68,01:00:00
2026-01-01 01:15:00,146.7,01:15:00
2026-01-01 01:30:00,145.12,01:30:00
2026-01-01 01:45:00,145.13,01:45:00
2026-01-01 02:00:00,136.48,02:00:00
2026-01-01 02:15:00,136.93,02:15:00
2026-01-01 02:30:00,130.44,02:30:00
2026-01-01 02:45:00,130.53,02:45:00
2026-01-01 03:00:00,119.88,03:00:00
2026-01-01 03:15:00,120.01,03:15:00
2026-01-01 03:30:00,115.52,03:30:00
2026-01-01 03:45:00,115.69,03:45:00
2026-01-01 04:00:00,111.92,04:00:00
2026-01-01 04:15:00,111.97,04:15:00
2026-01-01 04:30:00,111.45,04:30:00
2026-01-01 04:45:00,111.51,04:45:00
2026-01-01 05:00:00,110.89,05:00:00
2026-01-01 05:15:00,110.8,05:15:00
2026-01-01 05:30:00,102.59,05:30:00
2026-01-01 05:45:00,102.63,05:45:00
2026-01-01 06:00:00,101.58,06:00:00
2026-01-01 06:15:00,101.61,06:15:00
2026-01-01 06:30:00,102.52,06:30:00
2026-01-01 06:45:00,102.49,06:45:00
2026-01-01 07:00:00,99.55,07:00:00
2026-01-01 07:15:00,99.54,07:15:00
2026-01-01 07:30:00,98.22,07:30:00
2026-01-01 07:45:00,98.24,07:45:00
2026-01-01 08:00:00,98.58,08:00:00
2026-01-01 08:15:00,98.51,08:15:00
2026-01-01 08:30:00,101.04,08:30:00
2026-01-01 08:45:00,101.05,08:45:00
2026-01-01 09:00:00,98.35,09:00:00
2026-01-01 09:15:00,98.24,09:15:00
2026-01-01 09:30:00,95.08,09:30:00
2026-01-01 09:45:00,94.91,09:45:00
2026-01-01 10:00:00,92.46,10:00:00
2026-01-01 10:15:00,92.45,10:15:00
2026-01-01 10:30:00,89.91,10:30:00
2026-01-01 10:45:00,89.59,10:45:00
2026-01-01 11:00:00,83.79,11:00:00
2026-01-01 11:15:00,83.83,11:15:00
2026-01-01 11:30:00,84.67,11:30:00
2026-01-01 11:45:00,84.67,11:45:00
2026-01-01 12:00:00,82.16,12:00:00
2026-01-01 12:15:00,82.1,12:15:00
2026-01-01 12:30:00,84.28,12:30:00
2026-01-01 12:45:00,84.48,12:45:00
2026-01-01 13:00:00,86.71,13:00:00
2026-01-01 13:15:00,86.68,13:15:00
2026-01-01 13:30:00,89.89,13:30:00
2026-01-01 13:45:00,89.67,13:45:00
2026-01-01 14:00:00,90.5,14:00:00
2026-01-01 14:15:00,90.31,14:15:00
2026-01-01 14:30:00,94.9,14:30:00
2026-01-01 14:45:00,94.91,14:45:00
2026-01-01 15:00:00,95.57,15:00:00
2026-01-01 15:15:00,95.71,15:15:00
2026-01-01 15:30:00,100.5,15:30:00
2026-01-01 15:45:00,100.57,15:45:00
2026-01-01 16:00:00,100.89,16:00:00
2026-01-01 16:15:00,100.96,16:15:00
2026-01-01 16:30:00,106.04,16:30:00
2026-01-01 16:45:00,105.93,16:45:00
2026-01-01 17:00:00,112.5,17:00:00
2026-01-01 17:15:00,112.68,17:15:00
2026-01-01 17:30:00,112.52,17:30:00
2026-01-01 17:45:00,112.52,17:45:00
2026-01-01 18:00:00,110.93,18:00:00
2026-01-01 18:15:00,110.95,18:15:00
2026-01-01 18:30:00,103.8,18:30:00
2026-01-01 18:45:00,103.74,18:45:00
2026-01-01 19:00:00,101.59,19:00:00
2026-01-01 19:15:00,101.64,19:15:00
2026-01-01 19:30:00,96.75,19:30:00
2026-01-01 19:45:00,96.54,19:45:00
2026-01-01 20:00:00,96.07,20:00:00
2026-01-01 20:15:00,96.16,20:15:00
2026-01-01 20:30:00,95.61,20:30:00
2026-01-01 20:45:00,95.64,20:45:00
2026-01-01 21:00:00,97.19,21:00:00
2026-01-01 21:15:00,97.19,21:15:00
2026-01-01 21:30:00,89.27,21:30:00
2026-01-01 21:45:00,89.33,21:45:00
2026-01-01 22:00:00,89.67,22:00:00
2026-01-01 22:15:00,89.81,22:15:00
2026-01-01 22:30:00,87.79,22:30:00
2026-01-01 22:45:00,88.13,22:45:00
2026-01-01 23:00:00,81.74,23:00:00
2026-01-01 23:15:00,82.22,23:15:00
2026-01-01 23:30:00,83.6,23:30:00
2026-01-01 23:45:00,83.52,23:45:00
2026-01-02 00:00:00,79.13,00:00:00
2026-01-02 00:15:00,79.0,00:15:00
2026-01-02 00:30:00,84.92,00:30:00
2026-01-02 00:45:00,84.87,00:45:00
2026-01-02 01:00:00,85.92,01:00:00
2026-01-02 01:15:00,85.96,01:15:00
2026-01-02 01:30:00,83.09,01:30:00
2026-01-02 01:45:00,84.36,01:45:00
2026-01-02 02:00:00,80.08,02:00:00
2026-01-02 02:15:00,80.24,02:15:00
2026-01-02 02:30:00,77.86,02:30:00
2026-01-02 02:45:00,77.5,02:45:00
2026-01-02 03:00:00,77.1,03:00:00
2026-01-02 03:15:00,77.19,03:15:00
2026-01-02 03:30:00,75.81,03:30:00
2026-01-02 03:45:00,75.5,03:45:00
2026-01-02 04:00:00,77.05,04:00:00
2026-01-02 04:15:00,77.04,04:15:00
2026-01-02 04:30:00,80.86,04:30:00
2026-01-02 04:45:00,80.77,04:45:00
2026-01-02 05:00:00,83.87,05:00:00
2026-01-02 05:15:00,83.97,05:15:00
2026-01-02 05:30:00,85.63,05:30:00
2026-01-02 05:45:00,85.66,05:45:00
2026-01-02 06:00:00,92.17,06:00:00
2026-01-02 06:15:00,92.07,06:15:00
2026-01-02 06:30:00,97.78,06:30:00
2026-01-02 06:45:00,97.7,06:45:00
2026-01-02 07:00:00,99.41,07:00:00
2026-01-02 07:15:00,99.34,07:15:00
2026-01-02 07:30:00,100.69,07:30:00
2026-01-02 07:45:00,100.28,07:45:00
2026-01-02 08:00:00,100.13,08:00:00
2026-01-02 08:15:00,99.97,08:15:00
2026-01-02 08:30:00,105.13,08:30:00
2026-01-02 08:45:00,105.32,08:45:00
2026-01-02 09:00:00,112.65,09:00:00
2026-01-02 09:15:00,112.27,09:15:00
2026-01-02 09:30:00,120.73,09:30:00
2026-01-02 09:45:00,120.45,09:45:00
2026-01-02 10:00:00,117.23,10:00:00
2026-01-02 10:15:00,117.34,10:15:00
2026-01-02 10:30:00,113.16,10:30:00
2026-01-02 10:45:00,113.15,10:45:00
2026-01-02 11:00:00,109.91,11:00:00
2026-01-02 11:15:00,110.08,11:15:00
2026-01-02 11:30:00,108.16,11:30:00
2026-01-02 11:45:00,108.02,11:45:00
2026-01-02 12:00:00,108.34,12:00:00
2026-01-02 12:15:00,108.29,12:15:00
2026-01-02 12:30:00,110.77,12:30:00
2026-01-02 12:45:00,110.82,12:45:00
2026-01-02 13:00:00,106.27,13:00:00
2026-01-02 13:15:00,105.8,13:15:00
2026-01-02 13:30:00,103.61,13:30:00
2026-01-02 13:45:00,103.31,13:45:00
2026-01-02 14:00:00,120.58,14:00:00
2026-01-02 14:15:00,120.54,14:15:00
2026-01-02 14:30:00,126.72,14:30:00
2026-01-02 14:45:00,126.78,14:45:00
2026-01-02 15:00:00,138.5,15:00:00
2026-01-02 15:15:00,138.69,15:15:00
2026-01-02 15:30:00,151.75,15:30:00
2026-01-02 15:45:00,151.91,15:45:00
2026-01-02 16:00:00,163.0,16:00:00
2026-01-02 16:15:00,162.83,16:15:00
2026-01-02 16:30:00,170.07,16:30:00
2026-01-02 16:45:00,170.19,16:45:00
2026-01-02 17:00:00,172.49,17:00:00
2026-01-02 17:15:00,172.28,17:15:00
2026-01-02 17:30:00,173.65,17:30:00
2026-01-02 17:45:00,173.79,17:45:00
2026-01-02 18:00:00,173.66,18:00:00
2026-01-02 18:15:00,173.83,18:15:00
2026-01-02 18:30:00,173.9,18:30:00
2026-01-02 18:45:00,174.0,18:45:00
2026-01-02 19:00:00,169.61,19:00:00
2026-01-02 19:15:00,169.8,19:15:00
2026-01-02 19:30:00,168.16,19:30:00
2026-01-02 19:45:00,168.09,19:45:00
2026-01-02 20:00:00,169.42,20:00:00
2026-01-02 20:15:00,169.32,20:15:00
2026-01-02 20:30:00,168.13,20:30:00
2026-01-02 20:45:00,168.28,20:45:00
2026-01-02 21:00:00,170.04,21:00:00
2026-01-02 21:15:00,170.01,21:15:00
2026-01-02 21:30:00,165.91,21:30:00
2026-01-02 21:45:00,166.15,21:45:00
2026-01-02 22:00:00,162.0,22:00:00
2026-01-02 22:15:00,162.04,22:15:00
2026-01-02 22:30:00,155.16,22:30:00
2026-01-02 22:45:00,155.37,22:45:00
2026-01-02 23:00:00,146.89,23:00:00
2026-01-02 23:15:00,147.11,23:15:00
2026-01-02 23:30:00,130.57,23:30:00
2026-01-02 23:45:00,130.67,23:45:00
2026-01-03 00:00:00,119.63,00:00:00
2026-01-03 00:15:00,119.97,00:15:00
2026-01-03 00:30:00,117.58,00:30:00
2026-01-03 00:45:00,117.72,00:45:00
2026-01-03 01:00:00,117.21,01:00:00
2026-01-03 01:15:00,117.31,01:15:00
2026-01-03 01:30:00,116.08,01:30:00
2026-01-03 01:45:00,116.28,01:45:00
2026-01-03 02:00:00,108.23,02:00:00
2026-01-03 02:15:00,108.15,02:15:00
2026-01-03 02:30:00,108.82,02:30:00
2026-01-03 02:45:00,108.91,02:45:00
2026-01-03 03:00:00,109.28,03:00:00
2026-01-03 03:15:00,109.54,03:15:00
2026-01-03 03:30:00,106.65,03:30:00
2026-01-03 03:45:00,106.75,03:45:00
2026-01-03 04:00:00,105.76,04:00:00
2026-01-03 04:15:00,105.85,04:15:00
2026-01-03 04:30:00,109.65,04:30:00
2026-01-03 04:45:00,109.81,04:45:00
2026-01-03 05:00:00,106.75,05:00:00
2026-01-03 05:15:00,106.83,05:15:00
2026-01-03 05:30:00,107.3,05:30:00
2026-01-03 05:45:00,107.11,05:45:00
2026-01-03 06:00:00,111.45,06:00:00
2026-01-03 06:15:00,111.21,06:15:00
2026-01-03 06:30:00,124.86,06:30:00
2026-01-03 06:45:00,124.64,06:45:00
2026-01-03 07:00:00,132.06,07:00:00
2026-01-03 07:15:00,131.8,07:15:00
2026-01-03 07:30:00,137.23,07:30:00
2026-01-03 07:45:00,137.27,07:45:00
2026-01-03 08:00:00,141.19,08:00:00
2026-01-03 08:15:00,141.06,08:15:00
2026-01-03 08:30:00,154.16,08:30:00
2026-01-03 08:45:00,154.06,08:45:00
2026-01-03 09:00:00,152.91,09:00:00
2026-01-03 09:15:00,152.58,09:15:00
2026-01-03 09:30:00,148.52,09:30:00
2026-01-03 09:45:00,148.73,09:45:00
2026-01-03 10:00:00,141.38,10:00:00
2026-01-03 10:15:00,141.48,10:15:00
2026-01-03 10:30:00,133.59,10:30:00
2026-01-03 10:45:00,133.9,10:45:00
2026-01-03 11:00:00,132.69,11:00:00
2026-01-03 11:15:00,132.56,11:15:00
2026-01-03 11:30:00,128.45,11:30:00
2026-01-03 11:45:00,128.54,11:45:00
2026-01-03 12:00:00,131.52,12:00:00
2026-01-03 12:15:00,131.73,12:15:00
2026-01-03 12:30:00,133.5,12:30:00
2026-01-03 12:45:00,133.56,12:45:00
2026-01-03 13:00:00,136.39,13:00:00
2026-01-03 13:15:00,136.52,13:15:00
2026-01-03 13:30:00,142.9,13:30:00
2026-01-03 13:45:00,142.97,13:45:00
2026-01-03 14:00:00,153.05,14:00:00
2026-01-03 14:15:00,152.89,14:15:00
2026-01-03 14:30:00,167.53,14:30:00
2026-01-03 14:45:00,167.71,14:45:00
2026-01-03 15:00:00,176.93,15:00:00
2026-01-03 15:15:00,177.04,15:15:00
2026-01-03 15:30:00,184.67,15:30:00
2026-01-03 15:45:00,184.71,15:45:00
2026-01-03 16:00:00,185.23,16:00:00
2026-01-03 16:15:00,185.0,16:15:00
2026-01-03 16:30:00,188.26,16:30:00
2026-01-03 16:45:00,188.18,16:45:00
2026-01-03 17:00:00,189.35,17:00:00
2026-01-03 17:15:00,189.3,17:15:00
2026-01-03 17:30:00,191.97,17:30:00
2026-01-03 17:45:00,192.01,17:45:00
2026-01-03 18:00:00,188.72,18:00:00
2026-01-03 18:15:00,188.05,18:15:00
2026-01-03 18:30:00,185.46,18:30:00
2026-01-03 18:45:00,185.78,18:45:00
2026-01-03 19:00:00,184.86,19:00:00
2026-01-03 19:15:00,184.98,19:15:00
2026-01-03 19:30:00,186.79,19:30:00
2026-01-03 19:45:00,186.64,19:45:00
2026-01-03 20:00:00,183.18,20:00:00
2026-01-03 20:15:00,183.38,20:15:00
2026-01-03 20:30:00,179.94,20:30:00
2026-01-03 20:45:00,179.43,20:45:00
2026-01-03 21:00:00,174.72,21:00:00
2026-01-03 21:15:00,174.54,21:15:00
2026-01-03 21:30:00,167.49,21:30:00
2026-01-03 21:45:00,167.64,21:45:00
2026-01-03 22:00:00,159.88,22:00:00
2026-01-03 22:15:00,159.47,22:15:00
2026-01-03 22:30:00,148.49,22:30:00
2026-01-03 22:45:00,148.76,22:45:00
2026-01-03 23:00:00,141.21,23:00:00
2026-01-03 23:15:00,141.12,23:15:00
2026-01-03 23:30:00,136.52,23:30:00
2026-01-03 23:45:00,136.51,23:45:00
2026-01-04 00:00:00,143.14,00:00:00
2026-01-04 00:15:00,142.99,00:15:00
2026-01-04 00:30:00,148.41,00:30:00
2026-01-04 00:45:00,148.27,00:45:00
2026-01-04 01:00:00,153.1,01:00:00
2026-01-04 01:15:00,153.24,01:15:00
2026-01-04 01:30:00,150.01,01:30:00
2026-01-04 01:45:00,149.98,01:45:00
2026-01-04 02:00:00,144.43,02:00:00
2026-01-04 02:15:00,144.52,02:15:00
2026-01-04 02:30:00,143.02,02:30:00
2026-01-04 02:45:00,143.06,02:45:00
2026-01-04 03:00:00,140.91,03:00:00
2026-01-04 03:15:00,140.87,03:15:00
2026-01-04 03:30:00,143.01,03:30:00
2026-01-04 03:45:00,143.1,03:45:00
2026-01-04 04:00:00,146.31,04:00:00
2026-01-04 04:15:00,146.37,04:15:00
2026-01-04 04:30:00,146.5,04:30:00
2026-01-04 04:45:00,146.33,04:45:00
2026-01-04 05:00:00,147.02,05:00:00
2026-01-04 05:15:00,147.21,05:15:00
2026-01-04 05:30:00,142.34,05:30:00
2026-01-04 05:45:00,142.22,05:45:00
2026-01-04 06:00:00,147.45,06:00:00
2026-01-04 06:15:00,147.41,06:15:00
2026-01-04 06:30:00,158.17,06:30:00
2026-01-04 06:45:00,158.34,06:45:00
2026-01-04 07:00:00,177.71,07:00:00
2026-01-04 07:15:00,178.19,07:15:00
2026-01-04 07:30:00,187.47,07:30:00
2026-01-04 07:45:00,187.12,07:45:00
2026-01-04 08:00:00,185.54,08:00:00
2026-01-04 08:15:00,185.09,08:15:00
2026-01-04 08:30:00,189.8,08:30:00
2026-01-04 08:45:00,189.79,08:45:00
2026-01-04 09:00:00,173.4,09:00:00
2026-01-04 09:15:00,173.12,09:15:00
2026-01-04 09:30:00,165.54,09:30:00
2026-01-04 09:45:00,166.25,09:45:00
2026-01-04 10:00:00,165.79,10:00:00
2026-01-04 10:15:00,166.05,10:15:00
2026-01-04 10:30:00,156.5,10:30:00
2026-01-04 10:45:00,156.67,10:45:00
2026-01-04 11:00:00,155.37,11:00:00
2026-01-04 11:15:00,155.14,11:15:00
2026-01-04 11:30:00,151.43,11:30:00
2026-01-04 11:45:00,151.41,11:45:00
2026-01-04 12:00:00,147.11,12:00:00
2026-01-04 12:15:00,147.09,12:15:00
2026-01-04 12:30:00,148.43,12:30:00
2026-01-04 12:45:00,148.75,12:45:00
2026-01-04 13:00:00,159.3,13:00:00
2026-01-04 13:15:00,159.7,13:15:00
2026-01-04 13:30:00,176.63,13:30:00
2026-01-04 13:45:00,176.71,13:45:00
2026-01-04 14:00:00,198.4,14:00:00
2026-01-04 14:15:00,198.8,14:15:00
2026-01-04 14:30:00,213.33,14:30:00
2026-01-04 14:45:00,213.37,14:45:00
2026-01-04 15:00:00,233.29,15:00:00
2026-01-04 15:15:00,233.44,15:15:00
2026-01-04 15:30:00,244.29,15:30:00
2026-01-04 15:45:00,244.36,15:45:00
2026-01-04 16:00:00,250.37,16:00:00
2026-01-04 16:15:00,250.36,16:15:00
2026-01-04 16:30:00,255.84,16:30:00
2026-01-04 16:45:00,255.64,16:45:00
2026-01-04 17:00:00,260.51,17:00:00
2026-01-04 17:15:00,260.25,17:15:00
2026-01-04 17:30:00,260.41,17:30:00
2026-01-04 17:45:00,260.31,17:45:00
2026-01-04 18:00:00,257.73,18:00:00
2026-01-04 18:15:00,257.64,18:15:00
2026-01-04 18:30:00,255.75,18:30:00
2026-01-04 18:45:00,255.71,18:45:00
2026-01-04 19:00:00,253.6,19:00:00
2026-01-04 19:15:00,253.51,19:15:00
2026-01-04 19:30:00,253.82,19:30:00
2026-01-04 19:45:00,254.21,19:45:00
2026-01-04 20:00:00,256.93,20:00:00
2026-01-04 20:15:00,257.27,20:15:00
2026-01-04 20:30:00,256.92,20:30:00
2026-01-04 20:45:00,256.73,20:45:00
2026-01-04 21:00:00,257.29,21:00:00
2026-01-04 21:15:00,257.19,21:15:00
2026-01-04 21:30:00,255.95,21:30:00
2026-01-04 21:45:00,255.96,21:45:00
2026-01-04 22:00:00,253.07,22:00:00
2026-01-04 22:15:00,253.07,22:15:00
2026-01-04 22:30:00,251.54,22:30:00
2026-01-04 22:45:00,251.51,22:45:00
2026-01-04 23:00:00,249.0,23:00:00
2026-01-04 23:15:00,248.98,23:15:00
2026-01-04 23:30:00,253.18,23:30:00
2026-01-04 23:45:00,253.01,23:45:00
2026-01-05 00:00:00,253.58,00:00:00
2026-01-05 00:15:00,253.39,00:15:00
2026-01-05 00:30:00,253.48,00:30:00
2026-01-05 00:45:00,253.54,00:45:00
2026-01-05 01:00:00,255.49,01:00:00
2026-01-05 01:15:00,255.57,01:15:00
2026-01-05 01:30:00,255.24,01:30:00
2026-01-05 01:45:00,255.35,01:45:00
2026-01-05 02:00:00,258.57,02:00:00
2026-01-05 02:15:00,258.72,02:15:00
2026-01-05 02:30:00,259.14,02:30:00
2026-01-05 02:45:00,259.14,02:45:00
2026-01-05 03:00:00,257.63,03:00:00
2026-01-05 03:15:00,257.63,03:15:00
2026-01-05 03:30:00,257.52,03:30:00
2026-01-05 03:45:00,257.53,03:45:00
2026-01-05 04:00:00,259.04,04:00:00
2026-01-05 04:15:00,259.04,04:15:00
2026-01-05 04:30:00,260.8,04:30:00
2026-01-05 04:45:00,260.8,04:45:00
2026-01-05 05:00:00,263.33,05:00:00
2026-01-05 05:15:00,263.33,05:15:00
2026-01-05 05:30:00,262.24,05:30:00
2026-01-05 05:45:00,262.24,05:45:00
2026-01-05 06:00:00,261.52,06:00:00
2026-01-05 06:15:00,261.52,06:15:00
2026-01-05 06:30:00,270.38,06:30:00
2026-01-05 06:45:00,270.38,06:45:00
2026-01-05 07:00:00,278.79,07:00:00
2026-01-05 07:15:00,278.79,07:15:00
2026-01-05 07:30:00,288.44,07:30:00
2026-01-05 07:45:00,288.44,07:45:00
2026-01-05 08:00:00,286.26,08:00:00
2026-01-05 08:15:00,286.26,08:15:00
2026-01-05 08:30:00,287.36,08:30:00
2026-01-05 08:45:00,287.31,08:45:00
2026-01-05 09:00:00,279.5,09:00:00
2026-01-05 09:15:00,279.37,09:15:00
2026-01-05 09:30:00,272.89,09:30:00
2026-01-05 09:45:00,272.78,09:45:00
2026-01-05 10:00:00,268.95,10:00:00
2026-01-05 10:15:00,268.84,10:15:00
2026-01-05 10:30:00,260.24,10:30:00
2026-01-05 10:45:00,260.21,10:45:00
2026-01-05 11:00:00,253.81,11:00:00
2026-01-05 11:15:00,253.88,11:15:00
2026-01-05 11:30:00,251.2,11:30:00
2026-01-05 11:45:00,251.32,11:45:00
2026-01-05 12:00:00,249.57,12:00:00
2026-01-05 12:15:00,249.69,12:15:00
2026-01-05 12:30:00,250.65,12:30:00
2026-01-05 12:45:00,250.64,12:45:00
2026-01-05 13:00:00,251.23,13:00:00
2026-01-05 13:15:00,251.23,13:15:00
2026-01-05 13:30:00,253.7,13:30:00
2026-01-05 13:45:00,253.69,13:45:00
2026-01-05 14:00:00,260.99,14:00:00
2026-01-05 14:15:00,261.0,14:15:00
2026-01-05 14:30:00,270.87,14:30:00
2026-01-05 14:45:00,270.49,14:45:00
2026-01-05 15:00:00,275.58,15:00:00
2026-01-05 15:15:00,275.16,15:15:00
2026-01-05 15:30:00,281.84,15:30:00
2026-01-05 15:45:00,281.41,15:45:00
2026-01-05 16:00:00,285.15,16:00:00
2026-01-05 16:15:00,284.69,16:15:00
2026-01-05 16:30:00,281.81,16:30:00
2026-01-05 16:45:00,281.39,16:45:00
2026-01-05 17:00:00,290.52,17:00:00
2026-01-05 17:15:00,290.06,17:15:00
2026-01-05 17:30:00,286.46,17:30:00
2026-01-05 17:45:00,286.42,17:45:00
2026-01-05 18:00:00,288.79,18:00:00
2026-01-05 18:15:00,288.89,18:15:00
2026-01-05 18:30:00,289.96,18:30:00
2026-01-05 18:45:00,290.1,18:45:00
2026-01-05 19:00:00,290.45,19:00:00
2026-01-05 19:15:00,290.58,19:15:00
2026-01-05 19:30:00,291.12,19:30:00
2026-01-05 19:45:00,291.44,19:45:00
2026-01-05 20:00:00,284.29,20:00:00
2026-01-05 20:15:00,284.73,20:15:00
2026-01-05 20:30:00,283.92,20:30:00
2026-01-05 20:45:00,284.34,20:45:00
2026-01-05 21:00:00,289.39,21:00:00
2026-01-05 21:15:00,289.73,21:15:00
2026-01-05 21:30:00,293.67,21:30:00
2026-01-05 21:45:00,294.01,21:45:00
2026-01-05 22:00:00,304.73,22:00:00
2026-01-05 22:15:00,305.08,22:15:00
2026-01-05 22:30:00,310.33,22:30:00
2026-01-05 22:45:00,310.35,22:45:00
2026-01-05 23:00:00,313.07,23:00:00
2026-01-05 23:15:00,313.08,23:15:00
2026-01-05 23:30:00,311.77,23:30:00
2026-01-05 23:45:00,311.77,23:45:00
2026-01-06 00:00:00,314.87,00:00:00
2026-01-06 00:15:00,314.86,00:15:00
2026-01-06 00:30:00,316.32,00:30:00
2026-01-06 00:45:00,316.32,00:45:00
2026-01-06 01:00:00,319.82,01:00:00
2026-01-06 01:15:00,319.83,01:15:00
2026-01-06 01:30:00,325.15,01:30:00
2026-01-06 01:45:00,325.15,01:45:00
2026-01-06 02:00:00,329.18,02:00:00
2026-01-06 02:15:00,329.18,02:15:00
2026-01-06 02:30:00,334.41,02:30:00
2026-01-06 02:45:00,334.44,02:45:00
2026-01-06 03:00:00,340.34,03:00:00
2026-01-06 03:15:00,340.34,03:15:00
2026-01-06 03:30:00,336.44,03:30:00
2026-01-06 03:45:00,336.44,03:45:00
2026-01-06 04:00:00,332.59,04:00:00
2026-01-06 04:15:00,332.59,04:15:00
2026-01-06 04:30:00,330.76,04:30:00
2026-01-06 04:45:00,330.76,04:45:00
2026-01-06 05:00:00,332.29,05:00:00
2026-01-06 05:15:00,332.29,05:15:00
2026-01-06 05:30:00,328.39,05:30:00
2026-01-06 05:45:00,328.39,05:45:00
2026-01-06 06:00:00,320.97,06:00:00
2026-01-06 06:15:00,320.97,06:15:00
2026-01-06 06:30:00,318.37,06:30:00
2026-01-06 06:45:00,318.37,06:45:00
2026-01-06 07:00:00,317.69,07:00:00
2026-01-06 07:15:00,317.68,07:15:00
2026-01-06 07:30:00,323.07,07:30:00
2026-01-06 07:45:00,323.07,07:45:00
2026-01-06 08:00:00,318.48,08:00:00
2026-01-06 08:15:00,318.52,08:15:00
2026-01-06 08:30:00,314.13,08:30:00
2026-01-06 08:45:00,314.15,08:45:00
2026-01-06 09:00:00,310.03,09:00:00
2026-01-06 09:15:00,309.85,09:15:00
2026-01-06 09:30:00,305.98,09:30:00
2026-01-06 09:45:00,306.05,09:45:00
2026-01-06 10:00:00,303.34,10:00:00
2026-01-06 10:15:00,303.38,10:15:00
2026-01-06 10:30:00,299.48,10:30:00
2026-01-06 10:45:00,299.55,10:45:00
2026-01-06 11:00:00,291.67,11:00:00
2026-01-06 11:15:00,291.65,11:15:00
2026-01-06 11:30:00,283.9,11:30:00
2026-01-06 11:45:00,283.52,11:45:00
2026-01-06 12:00:00,273.45,12:00:00
2026-01-06 12:15:00,273.41,12:15:00
2026-01-06 12:30:00,271.65,12:30:00
2026-01-06 12:45:00,271.48,12:45:00
2026-01-06 13:00:00,269.63,13:00:00
2026-01-06 13:15:00,269.69,13:15:00
2026-01-06 13:30:00,271.72,13:30:00
2026-01-06 13:45:00,271.68,13:45:00
2026-01-06 14:00:00,274.53,14:00:00
2026-01-06 14:15:00,274.64,14:15:00
2026-01-06 14:30:00,276.75,14:30:00
2026-01-06 14:45:00,276.37,14:45:00
2026-01-06 15:00:00,273.05,15:00:00
2026-01-06 15:15:00,272.99,15:15:00
2026-01-06 15:30:00,273.13,15:30:00
2026-01-06 15:45:00,273.08,15:45:00
2026-01-06 16:00:00,267.04,16:00:00
2026-01-06 16:15:00,267.08,16:15:00
2026-01-06 16:30:00,264.65,16:30:00
2026-01-06 16:45:00,264.39,16:45:00
2026-01-06 17:00:00,263.29,17:00:00
2026-01-06 17:15:00,263.34,17:15:00
2026-01-06 17:30:00,259.21,17:30:00
2026-01-06 17:45:00,259.31,17:45:00
2026-01-06 18:00:00,254.99,18:00:00
2026-01-06 18:15:00,254.99,18:15:00
2026-01-06 18:30:00,251.01,18:30:00
2026-01-06 18:45:00,250.93,18:45:00
2026-01-06 19:00:00,247.26,19:00:00
2026-01-06 19:15:00,247.09,19:15:00
2026-01-06 19:30:00,240.54,19:30:00
2026-01-06 19:45:00,240.61,19:45:00
2026-01-06 20:00:00,236.46,20:00:00
2026-01-06 20:15:00,236.36,20:15:00
2026-01-06 20:30:00,230.51,20:30:00
2026-01-06 20:45:00,230.45,20:45:00
2026-01-06 21:00:00,221.44,21:00:00
2026-01-06 21:15:00,221.36,21:15:00
2026-01-06 21:30:00,213.89,21:30:00
2026-01-06 21:45:00,213.78,21:45:00
2026-01-06 22:00:00,207.64,22:00:00
2026-01-06 22:15:00,207.58,22:15:00
2026-01-06 22:30:00,201.18,22:30:00
2026-01-06 22:45:00,200.33,22:45:00
2026-01-06 23:00:00,193.61,23:00:00
2026-01-06 23:15:00,193.18,23:15:00
2026-01-06 23:30:00,190.53,23:30:00
2026-01-06 23:45:00,190.29,23:45:00
2026-01-07 00:00:00,190.35,00:00:00
2026-01-07 00:15:00,190.11,00:15:00
2026-01-07 00:30:00,191.01,00:30:00
2026-01-07 00:45:00,191.09,00:45:00
2026-01-07 01:00:00,191.35,01:00:00
2026-01-07 01:15:00,191.5,01:15:00
2026-01-07 01:30:00,179.36,01:30:00
2026-01-07 01:45:00,179.19,01:45:00
2026-01-07 02:00:00,173.54,02:00:00
2026-01-07 02:15:00,173.42,02:15:00
2026-01-07 02:30:00,172.81,02:30:00
2026-01-07 02:45:00,173.24,02:45:00
2026-01-07 03:00:00,177.59,03:00:00
2026-01-07 03:15:00,177.87,03:15:00
2026-01-07 03:30:00,180.52,03:30:00
2026-01-07 03:45:00,180.73,03:45:00
2026-01-07 04:00:00,180.94,04:00:00
2026-01-07 04:15:00,181.34,04:15:00
2026-01-07 04:30:00,181.52,04:30:00
2026-01-07 04:45:00,181.35,04:45:00
2026-01-07 05:00:00,192.69,05:00:00
2026-01-07 05:15:00,192.41,05:15:00
2026-01-07 05:30:00,204.7,05:30:00
2026-01-07 05:45:00,205.08,05:45:00
2026-01-07 06:00:00,219.37,06:00:00
2026-01-07 06:15:00,219.72,06:15:00
2026-01-07 06:30:00,234.6,06:30:00
2026-01-07 06:45:00,234.76,06:45:00
2026-01-07 07:00:00,239.62,07:00:00
2026-01-07 07:15:00,239.65,07:15:00
2026-01-07 07:30:00,241.25,07:30:00
2026-01-07 07:45:00,241.18,07:45:00
2026-01-07 08:00:00,239.98,08:00:00
2026-01-07 08:15:00,239.97,08:15:00
2026-01-07 08:30:00,234.91,08:30:00
2026-01-07 08:45:00,234.76,08:45:00
2026-01-07 09:00:00,227.77,09:00:00
2026-01-07 09:15:00,227.39,09:15:00
2026-01-07 09:30:00,224.46,09:30:00
2026-01-07 09:45:00,224.29,09:45:00
2026-01-07 10:00:00,221.18,10:00:00
2026-01-07 10:15:00,221.1,10:15:00
2026-01-07 10:30:00,215.54,10:30:00
2026-01-07 10:45:00,215.61,10:45:00
2026-01-07 11:00:00,212.78,11:00:00
2026-01-07 11:15:00,212.76,11:15:00
2026-01-07 11:30:00,210.97,11:30:00
2026-01-07 11:45:00,210.79,11:45:00
2026-01-07 12:00:00,210.48,12:00:00
2026-01-07 12:15:00,210.3,12:15:00
2026-01-07 12:30:00,213.37,12:30:00
2026-01-07 12:45:00,213.46,12:45:00
2026-01-07 13:00:00,220.63,13:00:00
2026-01-07 13:15:00,220.53,13:15:00
2026-01-07 13:30:00,228.42,13:30:00
2026-01-07 13:45:00,228.16,13:45:00
2026-01-07 14:00:00,236.53,14:00:00
2026-01-07 14:15:00,236.04,14:15:00
2026-01-07 14:30:00,244.96,14:30:00
2026-01-07 14:45:00,244.71,14:45:00
2026-01-07 15:00:00,251.47,15:00:00
2026-01-07 15:15:00,251.1,15:15:00
2026-01-07 15:30:00,258.87,15:30:00
2026-01-07 15:45:00,258.87,15:45:00
2026-01-07 16:00:00,259.71,16:00:00
2026-01-07 16:15:00,259.66,16:15:00
2026-01-07 16:30:00,262.51,16:30:00
2026-01-07 16:45:00,262.63,16:45:00
2026-01-07 17:00:00,265.67,17:00:00
2026-01-07 17:15:00,265.67,17:15:00
2026-01-07 17:30:00,262.21,17:30:00
2026-01-07 17:45:00,261.98,17:45:00
2026-01-07 18:00:00,257.32,18:00:00
2026-01-07 18:15:00,257.26,18:15:00
2026-01-07 18:30:00,265.26,18:30:00
2026-01-07 18:45:00,264.93,18:45:00
2026-01-07 19:00:00,264.76,19:00:00
2026-01-07 19:15:00,264.45,19:15:00
2026-01-07 19:30:00,264.57,19:30:00
2026-01-07 19:45:00,264.55,19:45:00
2026-01-07 20:00:00,270.33,20:00:00
2026-01-07 20:15:00,270.45,20:15:00
2026-01-07 20:30:00,272.67,20:30:00
2026-01-07 20:45:00,272.63,20:45:00
2026-01-07 21:00:00,286.27,21:00:00
2026-01-07 21:15:00,285.98,21:15:00
2026-01-07 21:30:00,285.62,21:30:00
2026-01-07 21:45:00,285.57,21:45:00
2026-01-07 22:00:00,288.09,22:00:00
2026-01-07 22:15:00,288.22,22:15:00
2026-01-07 22:30:00,291.2,22:30:00
2026-01-07 22:45:00,291.96,22:45:00
2026-01-07 23:00:00,292.75,23:00:00
2026-01-07 23:15:00,293.88,23:15:00
2026-01-07 23:30:00,295.1,23:30:00
2026-01-07 23:45:00,294.81,23:45:00
2026-01-08 00:00:00,290.74,00:00:00
2026-01-08 00:15:00,290.68,00:15:00
2026-01-08 00:30:00,293.56,00:30:00
2026-01-08 00:45:00,293.65,00:45:00
2026-01-08 01:00:00,299.81,01:00:00
2026-01-08 01:15:00,299.94,01:15:00
2026-01-08 01:30:00,306.4,01:30:00
2026-01-08 01:45:00,306.59,01:45:00
2026-01-08 02:00:00,308.54,02:00:00
2026-01-08 02:15:00,308.94,02:15:00
2026-01-08 02:30:00,311.77,02:30:00
2026-01-08 02:45:00,311.63,02:45:00
2026-01-08 03:00:00,312.9,03:00:00
2026-01-08 03:15:00,312.7,03:15:00
2026-01-08 03:30:00,313.28,03:30:00
2026-01-08 03:45:00,313.52,03:45:00
2026-01-08 04:00:00,315.2,04:00:00
2026-01-08 04:15:00,315.42,04:15:00
2026-01-08 04:30:00,315.95,04:30:00
2026-01-08 04:45:00,316.61,04:45:00
2026-01-08 05:00:00,341.58,05:00:00
2026-01-08 05:15:00,342.49,05:15:00
2026-01-08 05:30:00,340.29,05:30:00
2026-01-08 05:45:00,340.65,05:45:00
2026-01-08 06:00:00,349.98,06:00:00
2026-01-08 06:15:00,350.28,06:15:00
2026-01-08 06:30:00,353.47,06:30:00
2026-01-08 06:45:00,352.84,06:45:00
2026-01-08 07:00:00,340.88,07:00:00
2026-01-08 07:15:00,340.28,07:15:00
2026-01-08 07:30:00,339.77,07:30:00
2026-01-08 07:45:00,339.24,07:45:00
2026-01-08 08:00:00,328.91,08:00:00
2026-01-08 08:15:00,328.22,08:15:00
2026-01-08 08:30:00,328.75,08:30:00
2026-01-08 08:45:00,328.41,08:45:00
2026-01-08 09:00:00,318.8,09:00:00
2026-01-08 09:15:00,318.36,09:15:00
2026-01-08 09:30:00,316.37,09:30:00
2026-01-08 09:45:00,316.1,09:45:00
2026-01-08 10:00:00,317.94,10:00:00
2026-01-08 10:15:00,317.85,10:15:00
2026-01-08 10:30:00,316.88,10:30:00
2026-01-08 10:45:00,316.72,10:45:00
2026-01-08 11:00:00,314.11,11:00:00
2026-01-08 11:15:00,314.1,11:15:00
2026-01-08 11:30:00,315.82,11:30:00
2026-01-08 11:45:00,315.78,11:45:00
2026-01-08 12:00:00,317.12,12:00:00
2026-01-08 12:15:00,317.36,12:15:00
2026-01-08 12:30:00,318.15,12:30:00
2026-01-08 12:45:00,318.54,12:45:00
2026-01-08 13:00:00,321.68,13:00:00
2026-01-08 13:15:00,322.14,13:15:00
2026-01-08 13:30:00,323.02,13:30:00
2026-01-08 13:45:00,323.59,13:45:00
2026-01-08 14:00:00,324.89,14:00:00
2026-01-08 14:15:00,325.35,14:15:00
2026-01-08 14:30:00,325.04,14:30:00
2026-01-08 14:45:00,324.76,14:45:00
2026-01-08 15:00:00,321.1,15:00:00
2026-01-08 15:15:00,321.6,15:15:00
2026-01-08 15:30:00,316.89,15:30:00
2026-01-08 15:45:00,316.42,15:45:00
2026-01-08 16:00:00,308.49,16:00:00
2026-01-08 16:15:00,307.94,16:15:00
2026-01-08 16:30:00,303.2,16:30:00
2026-01-08 16:45:00,303.0,16:45:00
2026-01-08 17:00:00,294.15,17:00:00
2026-01-08 17:15:00,294.0,17:15:00
2026-01-08 17:30:00,284.58,17:30:00
2026-01-08 17:45:00,285.1,17:45:00
2026-01-08 18:00:00,276.96,18:00:00
2026-01-08 18:15:00,277.35,18:15:00
2026-01-08 18:30:00,268.63,18:30:00
2026-01-08 18:45:00,268.39,18:45:00
2026-01-08 19:00:00,258.21,19:00:00
2026-01-08 19:15:00,257.54,19:15:00
2026-01-08 19:30:00,252.84,19:30:00
2026-01-08 19:45:00,252.43,19:45:00
2026-01-08 20:00:00,238.66,20:00:00
2026-01-08 20:15:00,237.77,20:15:00
2026-01-08 20:30:00,230.41,20:30:00
2026-01-08 20:45:00,229.62,20:45:00
2026-01-08 21:00:00,218.07,21:00:00
2026-01-08 21:15:00,217.37,21:15:00
2026-01-08 21:30:00,212.64,21:30:00
2026-01-08 21:45:00,212.63,21:45:00
2026-01-08 22:00:00,207.91,22:00:00
2026-01-08 22:15:00,208.14,22:15:00
2026-01-08 22:30:00,186.92,22:30:00
2026-01-08 22:45:00,186.72,22:45:00
2026-01-08 23:00:00,149.67,23:00:00
2026-01-08 23:15:00,148.67,23:15:00
2026-01-08 23:30:00,147.02,23:30:00
2026-01-08 23:45:00,147.39,23:45:00
2026-01-09 00:00:00,147.81,00:00:00
2026-01-09 00:15:00,148.24,00:15:00
2026-01-09 00:30:00,149.33,00:30:00
2026-01-09 00:45:00,149.7,00:45:00
2026-01-09 01:00:00,151.09,01:00:00
2026-01-09 01:15:00,151.11,01:15:00
2026-01-09 01:30:00,147.28,01:30:00
2026-01-09 01:45:00,147.06,01:45:00
2026-01-09 02:00:00,143.92,02:00:00
2026-01-09 02:15:00,144.06,02:15:00
2026-01-09 02:30:00,139.23,02:30:00
2026-01-09 02:45:00,139.06,02:45:00
2026-01-09 03:00:00,141.05,03:00:00
2026-01-09 03:15:00,140.92,03:15:00
2026-01-09 03:30:00,139.88,03:30:00
2026-01-09 03:45:00,139.81,03:45:00
2026-01-09 04:00:00,141.86,04:00:00
2026-01-09 04:15:00,141.77,04:15:00
2026-01-09 04:30:00,143.16,04:30:00
2026-01-09 04:45:00,143.0,04:45:00
2026-01-09 05:00:00,144.8,05:00:00
2026-01-09 05:15:00,144.6,05:15:00
2026-01-09 05:30:00,156.66,05:30:00
2026-01-09 05:45:00,156.96,05:45:00
2026-01-09 06:00:00,174.71,06:00:00
2026-01-09 06:15:00,174.91,06:15:00
2026-01-09 06:30:00,190.85,06:30:00
2026-01-09 06:45:00,190.85,06:45:00
2026-01-09 07:00:00,212.87,07:00:00
2026-01-09 07:15:00,212.9,07:15:00
2026-01-09 07:30:00,226.05,07:30:00
2026-01-09 07:45:00,225.86,07:45:00
2026-01-09 08:00:00,231.11,08:00:00
2026-01-09 08:15:00,231.09,08:15:00
2026-01-09 08:30:00,233.15,08:30:00
2026-01-09 08:45:00,233.2,08:45:00
2026-01-09 09:00:00,225.59,09:00:00
2026-01-09 09:15:00,225.46,09:15:00
2026-01-09 09:30:00,223.1,09:30:00
2026-01-09 09:45:00,222.92,09:45:00
2026-01-09 10:00:00,220.99,10:00:00
2026-01-09 10:15:00,220.79,10:15:00
2026-01-09 10:30:00,220.11,10:30:00
2026-01-09 10:45:00,220.09,10:45:00
2026-01-09 11:00:00,216.24,11:00:00
2026-01-09 11:15:00,216.2,11:15:00
2026-01-09 11:30:00,216.13,11:30:00
2026-01-09 11:45:00,215.99,11:45:00
2026-01-09 12:00:00,216.08,12:00:00
2026-01-09 12:15:00,216.1,12:15:00
2026-01-09 12:30:00,216.77,12:30:00
2026-01-09 12:45:00,216.79,12:45:00
2026-01-09 13:00:00,218.37,13:00:00
2026-01-09 13:15:00,218.13,13:15:00
2026-01-09 13:30:00,223.13,13:30:00
2026-01-09 13:45:00,223.01,13:45:00
2026-01-09 14:00:00,220.16,14:00:00
2026-01-09 14:15:00,220.07,14:15:00
2026-01-09 14:30:00,222.46,14:30:00
2026-01-09 14:45:00,222.59,14:45:00
2026-01-09 15:00:00,224.95,15:00:00
2026-01-09 15:15:00,225.05,15:15:00
2026-01-09 15:30:00,227.3,15:30:00
2026-01-09 15:45:00,227.26,15:45:00
2026-01-09 16:00:00,229.12,16:00:00
2026-01-09 16:15:00,229.23,16:15:00
2026-01-09 16:30:00,231.06,16:30:00
2026-01-09 16:45:00,231.22,16:45:00
2026-01-09 17:00:00,233.98,17:00:00
2026-01-09 17:15:00,233.76,17:15:00
2026-01-09 17:30:00,232.91,17:30:00
2026-01-09 17:45:00,232.92,17:45:00
2026-01-09 18:00:00,233.19,18:00:00
2026-01-09 18:15:00,233.05,18:15:00
2026-01-09 18:30:00,229.91,18:30:00
2026-01-09 18:45:00,229.76,18:45:00
2026-01-09 19:00:00,224.66,19:00:00
2026-01-09 19:15:00,224.62,19:15:00
2026-01-09 19:30:00,219.97,19:30:00
2026-01-09 19:45:00,219.93,19:45:00
2026-01-09 20:00:00,216.73,20:00:00
2026-01-09 20:15:00,216.3,20:15:00
2026-01-09 20:30:00,211.68,20:30:00
2026-01-09 20:45:00,211.53,20:45:00
2026-01-09 21:00:00,206.49,21:00:00
2026-01-09 21:15:00,206.15,21:15:00
2026-01-09 21:30:00,186.29,21:30:00
2026-01-09 21:45:00,186.46,21:45:00
2026-01-09 22:00:00,158.31,22:00:00
2026-01-09 22:15:00,158.96,22:15:00
2026-01-09 22:30:00,152.61,22:30:00
2026-01-09 22:45:00,152.56,22:45:00
2026-01-09 23:00:00,142.77,23:00:00
2026-01-09 23:15:00,142.65,23:15:00
2026-01-09 23:30:00,141.77,23:30:00
2026-01-09 23:45:00,141.82,23:45:00
2026-01-10 00:00:00,137.84,00:00:00
2026-01-10 00:15:00,138.37,00:15:00
2026-01-10 00:30:00,141.14,00:30:00
2026-01-10 00:45:00,141.14,00:45:00
2026-01-10 01:00:00,142.24,01:00:00
2026-01-10 01:15:00,142.34,01:15:00
2026-01-10 01:30:00,141.65,01:30:00
2026-01-10 01:45:00,141.72,01:45:00
2026-01-10 02:00:00,144.1,02:00:00
2026-01-10 02:15:00,144.08,02:15:00
2026-01-10 02:30:00,143.49,02:30:00
2026-01-10 02:45:00,143.68,02:45:00
2026-01-10 03:00:00,144.39,03:00:00
2026-01-10 03:15:00,144.34,03:15:00
2026-01-10 03:30:00,144.09,03:30:00
2026-01-10 03:45:00,144.16,03:45:00
2026-01-10 04:00:00,144.49,04:00:00
2026-01-10 04:15:00,144.53,04:15:00
2026-01-10 04:30:00,146.43,04:30:00
2026-01-10 04:45:00,146.33,04:45:00
2026-01-10 05:00:00,149.68,05:00:00
2026-01-10 05:15:00,149.65,05:15:00
2026-01-10 05:30:00,150.63,05:30:00
2026-01-10 05:45:00,150.07,05:45:00
2026-01-10 06:00:00,156.35,06:00:00
2026-01-10 06:15:00,156.07,06:15:00
2026-01-10 06:30:00,163.73,06:30:00
2026-01-10 06:45:00,164.58,06:45:00
2026-01-10 07:00:00,180.15,07:00:00
2026-01-10 07:15:00,180.19,07:15:00
2026-01-10 07:30:00,197.53,07:30:00
2026-01-10 07:45:00,197.63,07:45:00
2026-01-10 08:00:00,209.89,08:00:00
2026-01-10 08:15:00,209.93,08:15:00
2026-01-10 08:30:00,217.74,08:30:00
2026-01-10 08:45:00,217.97,08:45:00
2026-01-10 09:00:00,221.18,09:00:00
2026-01-10 09:15:00,221.42,09:15:00
2026-01-10 09:30:00,218.93,09:30:00
2026-01-10 09:45:00,219.2,09:45:00
2026-01-10 10:00:00,215.34,10:00:00
2026-01-10 10:15:00,215.82,10:15:00
2026-01-10 10:30:00,212.01,10:30:00
2026-01-10 10:45:00,212.28,10:45:00
2026-01-10 11:00:00,210.49,11:00:00
2026-01-10 11:15:00,210.5,11:15:00
2026-01-10 11:30:00,210.08,11:30:00
2026-01-10 11:45:00,210.31,11:45:00
2026-01-10 12:00:00,211.25,12:00:00
2026-01-10 12:15:00,211.48,12:15:00
2026-01-10 12:30:00,212.08,12:30:00
2026-01-10 12:45:00,212.46,12:45:00
2026-01-10 13:00:00,218.56,13:00:00
2026-01-10 13:15:00,219.05,13:15:00
2026-01-10 13:30:00,224.08,13:30:00
2026-01-10 13:45:00,224.25,13:45:00
2026-01-10 14:00:00,234.11,14:00:00
2026-01-10 14:15:00,234.69,14:15:00
2026-01-10 14:30:00,242.95,14:30:00
2026-01-10 14:45:00,243.15,14:45:00
2026-01-10 15:00:00,253.66,15:00:00
2026-01-10 15:15:00,253.99,15:15:00
2026-01-10 15:30:00,260.81,15:30:00
2026-01-10 15:45:00,260.93,15:45:00
2026-01-10 16:00:00,263.1,16:00:00
2026-01-10 16:15:00,263.19,16:15:00
2026-01-10 16:30:00,267.13,16:30:00
2026-01-10 16:45:00,266.74,16:45:00
2026-01-10 17:00:00,272.13,17:00:00
2026-01-10 17:15:00,271.76,17:15:00
2026-01-10 17:30:00,270.41,17:30:00
2026-01-10 17:45:00,270.09,17:45:00
2026-01-10 18:00:00,273.05,18:00:00
2026-01-10 18:15:00,272.83,18:15:00
2026-01-10 18:30:00,271.61,18:30:00
2026-01-10 18:45:00,271.6,18:45:00
2026-01-10 19:00:00,269.41,19:00:00
2026-01-10 19:15:00,269.79,19:15:00
2026-01-10 19:30:00,269.81,19:30:00
2026-01-10 19:45:00,270.21,19:45:00
2026-01-10 20:00:00,276.37,20:00:00
2026-01-10 20:15:00,276.87,20:15:00
2026-01-10 20:30:00,275.43,20:30:00
2026-01-10 20:45:00,275.6,20:45:00
2026-01-10 21:00:00,278.56,21:00:00
2026-01-10 21:15:00,278.44,21:15:00
2026-01-10 21:30:00,273.68,21:30:00
2026-01-10 21:45:00,273.63,21:45:00
2026-01-10 22:00:00,266.85,22:00:00
2026-01-10 22:15:00,266.82,22:15:00
2026-01-10 22:30:00,253.81,22:30:00
2026-01-10 22:45:00,252.3,22:45:00
2026-01-10 23:00:00,215.24,23:00:00
2026-01-10 23:15:00,214.68,23:15:00
2026-01-10 23:30:00,207.17,23:30:00
2026-01-10 23:45:00,207.02,23:45:00
2026-01-11 00:00:00,199.35,00:00:00
2026-01-11 00:15:00,199.16,00:15:00
2026-01-11 00:30:00,197.84,00:30:00
2026-01-11 00:45:00,197.79,00:45:00
2026-01-11 01:00:00,196.04,01:00:00
2026-01-11 01:15:00,195.73,01:15:00
2026-01-11 01:30:00,190.1,01:30:00
2026-01-11 01:45:00,189.01,01:45:00
2026-01-11 02:00:00,184.62,02:00:00
2026-01-11 02:15:00,185.04,02:15:00
2026-01-11 02:30:00,180.24,02:30:00
2026-01-11 02:45:00,180.28,02:45:00
2026-01-11 03:00:00,177.1,03:00:00
2026-01-11 03:15:00,177.38,03:15:00
2026-01-11 03:30:00,173.27,03:30:00
2026-01-11 03:45:00,173.27,03:45:00
2026-01-11 04:00:00,167.25,04:00:00
2026-01-11 04:15:00,167.25,04:15:00
2026-01-11 04:30:00,164.1,04:30:00
2026-01-11 04:45:00,164.09,04:45:00
2026-01-11 05:00:00,164.11,05:00:00
2026-01-11 05:15:00,164.11,05:15:00
2026-01-11 05:30:00,161.85,05:30:00
2026-01-11 05:45:00,161.85,05:45:00
2026-01-11 06:00:00,154.19,06:00:00
2026-01-11 06:15:00,154.2,06:15:00
2026-01-11 06:30:00,152.96,06:30:00
2026-01-11 06:45:00,152.95,06:45:00
2026-01-11 07:00:00,152.93,07:00:00
2026-01-11 07:15:00,152.94,07:15:00
2026-01-11 07:30:00,153.85,07:30:00
2026-01-11 07:45:00,153.85,07:45:00
2026-01-11 08:00:00,147.15,08:00:00
2026-01-11 08:15:00,147.14,08:15:00
2026-01-11 08:30:00,152.02,08:30:00
2026-01-11 08:45:00,151.99,08:45:00
2026-01-11 09:00:00,142.91,09:00:00
2026-01-11 09:15:00,142.68,09:15:00
2026-01-11 09:30:00,140.94,09:30:00
2026-01-11 09:45:00,140.81,09:45:00
2026-01-11 10:00:00,137.26,10:00:00
2026-01-11 10:15:00,137.24,10:15:00
2026-01-11 10:30:00,138.61,10:30:00
2026-01-11 10:45:00,138.59,10:45:00
2026-01-11 11:00:00,140.79,11:00:00
2026-01-11 11:15:00,140.77,11:15:00
2026-01-11 11:30:00,140.87,11:30:00
2026-01-11 11:45:00,141.0,11:45:00
2026-01-11 12:00:00,140.18,12:00:00
2026-01-11 12:15:00,140.2,12:15:00
2026-01-11 12:30:00,138.99,12:30:00
2026-01-11 12:45:00,138.53,12:45:00
2026-01-11 13:00:00,138.82,13:00:00
2026-01-11 13:15:00,138.74,13:15:00
2026-01-11 13:30:00,140.37,13:30:00
2026-01-11 13:45:00,140.38,13:45:00
2026-01-11 14:00:00,143.22,14:00:00
2026-01-11 14:15:00,143.33,14:15:00
2026-01-11 14:30:00,144.93,14:30:00
2026-01-11 14:45:00,144.57,14:45:00
2026-01-11 15:00:00,148.77,15:00:00
2026-01-11 15:15:00,148.78,15:15:00
2026-01-11 15:30:00,153.15,15:30:00
2026-01-11 15:45:00,153.31,15:45:00
2026-01-11 16:00:00,158.51,16:00:00
2026-01-11 16:15:00,158.68,16:15:00
2026-01-11 16:30:00,163.25,16:30:00
2026-01-11 16:45:00,163.29,16:45:00
2026-01-11 17:00:00,162.86,17:00:00
2026-01-11 17:15:00,163.13,17:15:00
2026-01-11 17:30:00,161.83,17:30:00
2026-01-11 17:45:00,161.8,17:45:00
2026-01-11 18:00:00,160.15,18:00:00
2026-01-11 18:15:00,160.12,18:15:00
2026-01-11 18:30:00,157.47,18:30:00
2026-01-11 18:45:00,157.24,18:45:00
2026-01-11 19:00:00,157.54,19:00:00
2026-01-11 19:15:00,157.56,19:15:00
2026-01-11 19:30:00,155.45,19:30:00
2026-01-11 19:45:00,155.02,19:45:00
2026-01-11 20:00:00,149.54,20:00:00
2026-01-11 20:15:00,149.53,20:15:00
2026-01-11 20:30:00,140.07,20:30:00
2026-01-11 20:45:00,139.89,20:45:00
2026-01-11 21:00:00,136.25,21:00:00
2026-01-11 21:15:00,136.17,21:15:00
2026-01-11 21:30:00,125.96,21:30:00
2026-01-11 21:45:00,125.17,21:45:00
2026-01-11 22:00:00,121.72,22:00:00
2026-01-11 22:15:00,121.73,22:15:00
2026-01-11 22:30:00,115.04,22:30:00
2026-01-11 22:45:00,114.98,22:45:00
2026-01-11 23:00:00,119.56,23:00:00
2026-01-11 23:15:00,119.56,23:15:00
2026-01-11 23:30:00,127.95,23:30:00
2026-01-11 23:45:00,127.95,23:45:00
2026-01-12 00:00:00,127.75,00:00:00
2026-01-12 00:15:00,127.75,00:15:00
2026-01-12 00:30:00,128.24,00:30:00
2026-01-12 00:45:00,128.24,00:45:00
2026-01-12 01:00:00,127.93,01:00:00
2026-01-12 01:15:00,127.93,01:15:00
2026-01-12 01:30:00,127.37,01:30:00
2026-01-12 01:45:00,127.37,01:45:00
2026-01-12 02:00:00,125.88,02:00:00
2026-01-12 02:15:00,125.87,02:15:00
2026-01-12 02:30:00,125.93,02:30:00
2026-01-12 02:45:00,125.92,02:45:00
2026-01-12 03:00:00,125.0,03:00:00
2026-01-12 03:15:00,125.0,03:15:00
2026-01-12 03:30:00,125.28,03:30:00
2026-01-12 03:45:00,125.28,03:45:00
2026-01-12 04:00:00,126.99,04:00:00
2026-01-12 04:15:00,126.98,04:15:00
2026-01-12 04:30:00,128.12,04:30:00
2026-01-12 04:45:00,128.12,04:45:00
2026-01-12 05:00:00,129.25,05:00:00
2026-01-12 05:15:00,129.25,05:15:00
2026-01-12 05:30:00,135.37,05:30:00
2026-01-12 05:45:00,135.34,05:45:00
2026-01-12 06:00:00,147.17,06:00:00
2026-01-12 06:15:00,147.23,06:15:00
2026-01-12 06:30:00,159.13,06:30:00
2026-01-12 06:45:00,159.17,06:45:00
2026-01-12 07:00:00,171.41,07:00:00
2026-01-12 07:15:00,171.43,07:15:00
2026-01-12 07:30:00,188.2,07:30:00
2026-01-12 07:45:00,188.16,07:45:00
2026-01-12 08:00:00,184.84,08:00:00
2026-01-12 08:15:00,184.78,08:15:00
2026-01-12 08:30:00,185.04,08:30:00
2026-01-12 08:45:00,185.03,08:45:00
2026-01-12 09:00:00,172.44,09:00:00
2026-01-12 09:15:00,172.22,09:15:00
2026-01-12 09:30:00,172.68,09:30:00
2026-01-12 09:45:00,172.66,09:45:00
2026-01-12 10:00:00,173.0,10:00:00
2026-01-12 10:15:00,173.02,10:15:00
2026-01-12 10:30:00,169.15,10:30:00
2026-01-12 10:45:00,169.43,10:45:00
2026-01-12 11:00:00,170.1,11:00:00
2026-01-12 11:15:00,170.05,11:15:00
2026-01-12 11:30:00,168.75,11:30:00
2026-01-12 11:45:00,168.51,11:45:00
2026-01-12 12:00:00,171.01,12:00:00
2026-01-12 12:15:00,170.98,12:15:00
2026-01-12 12:30:00,172.29,12:30:00
2026-01-12 12:45:00,172.13,12:45:00
2026-01-12 13:00:00,177.91,13:00:00
2026-01-12 13:15:00,177.88,13:15:00
2026-01-12 13:30:00,183.1,13:30:00
2026-01-12 13:45:00,182.88,13:45:00
2026-01-12 14:00:00,187.49,14:00:00
2026-01-12 14:15:00,187.49,14:15:00
2026-01-12 14:30:00,189.21,14:30:00
2026-01-12 14:45:00,189.3,14:45:00
2026-01-12 15:00:00,192.85,15:00:00
2026-01-12 15:15:00,193.07,15:15:00
2026-01-12 15:30:00,196.81,15:30:00
2026-01-12 15:45:00,196.96,15:45:00
2026-01-12 16:00:00,199.75,16:00:00
2026-01-12 16:15:00,199.82,16:15:00
2026-01-12 16:30:00,202.91,16:30:00
2026-01-12 16:45:00,202.93,16:45:00
2026-01-12 17:00:00,213.36,17:00:00
2026-01-12 17:15:00,213.01,17:15:00
2026-01-12 17:30:00,215.01,17:30:00
2026-01-12 17:45:00,214.75,17:45:00
2026-01-12 18:00:00,212.71,18:00:00
2026-01-12 18:15:00,212.23,18:15:00
2026-01-12 18:30:00,209.38,18:30:00
2026-01-12 18:45:00,209.19,18:45:00
2026-01-12 19:00:00,197.94,19:00:00
2026-01-12 19:15:00,198.14,19:15:00
2026-01-12 19:30:00,191.86,19:30:00
2026-01-12 19:45:00,191.92,19:45:00
2026-01-12 20:00:00,186.24,20:00:00
2026-01-12 20:15:00,186.33,20:15:00
2026-01-12 20:30:00,177.03,20:30:00
2026-01-12 20:45:00,176.78,20:45:00
2026-01-12 21:00:00,164.32,21:00:00
2026-01-12 21:15:00,163.96,21:15:00
2026-01-12 21:30:00,150.82,21:30:00
2026-01-12 21:45:00,150.66,21:45:00
2026-01-12 22:00:00,134.93,22:00:00
2026-01-12 22:15:00,134.74,22:15:00
2026-01-12 22:30:00,129.05,22:30:00
2026-01-12 22:45:00,128.55,22:45:00
2026-01-12 23:00:00,117.37,23:00:00
2026-01-12 23:15:00,117.03,23:15:00
2026-01-12 23:30:00,110.54,23:30:00
2026-01-12 23:45:00,110.34,23:45:00
2026-01-13 00:00:00,108.34,00:00:00
2026-01-13 00:15:00,108.45,00:15:00
2026-01-13 00:30:00,110.82,00:30:00
2026-01-13 00:45:00,110.98,00:45:00
2026-01-13 01:00:00,113.73,01:00:00
2026-01-13 01:15:00,113.71,01:15:00
2026-01-13 01:30:00,115.48,01:30:00
2026-01-13 01:45:00,115.38,01:45:00
2026-01-13 02:00:00,120.26,02:00:00
2026-01-13 02:15:00,120.16,02:15:00
2026-01-13 02:30:00,122.1,02:30:00
2026-01-13 02:45:00,122.22,02:45:00
2026-01-13 03:00:00,125.26,03:00:00
2026-01-13 03:15:00,125.39,03:15:00
2026-01-13 03:30:00,129.63,03:30:00
2026-01-13 03:45:00,129.27,03:45:00
2026-01-13 04:00:00,134.76,04:00:00
2026-01-13 04:15:00,134.97,04:15:00
2026-01-13 04:30:00,149.48,04:30:00
2026-01-13 04:45:00,149.51,04:45:00
2026-01-13 05:00:00,169.34,05:00:00
2026-01-13 05:15:00,170.34,05:15:00
2026-01-13 05:30:00,204.9,05:30:00
2026-01-13 05:45:00,205.55,05:45:00
2026-01-13 06:00:00,253.69,06:00:00
2026-01-13 06:15:00,254.56,06:15:00
2026-01-13 06:30:00,272.99,06:30:00
2026-01-13 06:45:00,272.95,06:45:00
2026-01-13 07:00:00,274.03,07:00:00
2026-01-13 07:15:00,273.97,07:15:00
2026-01-13 07:30:00,278.47,07:30:00
2026-01-13 07:45:00,278.43,07:45:00
2026-01-13 08:00:00,273.32,08:00:00
2026-01-13 08:15:00,273.26,08:15:00
2026-01-13 08:30:00,272.78,08:30:00
2026-01-13 08:45:00,272.8,08:45:00
2026-01-13 09:00:00,271.75,09:00:00
2026-01-13 09:15:00,271.73,09:15:00
2026-01-13 09:30:00,269.67,09:30:00
2026-01-13 09:45:00,269.51,09:45:00
2026-01-13 10:00:00,263.83,10:00:00
2026-01-13 10:15:00,263.63,10:15:00
2026-01-13 10:30:00,251.16,10:30:00
2026-01-13 10:45:00,251.02,10:45:00
2026-01-13 11:00:00,242.96,11:00:00
2026-01-13 11:15:00,242.83,11:15:00
2026-01-13 11:30:00,241.55,11:30:00
2026-01-13 11:45:00,241.5,11:45:00
2026-01-13 12:00:00,238.18,12:00:00
2026-01-13 12:15:00,238.13,12:15:00
2026-01-13 12:30:00,235.33,12:30:00
2026-01-13 12:45:00,235.53,12:45:00
2026-01-13 13:00:00,239.58,13:00:00
2026-01-13 13:15:00,239.51,13:15:00
2026-01-13 13:30:00,244.08,13:30:00
2026-01-13 13:45:00,243.98,13:45:00
2026-01-13 14:00:00,248.1,14:00:00
2026-01-13 14:15:00,247.95,14:15:00
2026-01-13 14:30:00,246.71,14:30:00
2026-01-13 14:45:00,246.45,14:45:00
2026-01-13 15:00:00,242.74,15:00:00
2026-01-13 15:15:00,242.96,15:15:00
2026-01-13 15:30:00,244.08,15:30:00
2026-01-13 15:45:00,244.27,15:45:00
2026-01-13 16:00:00,249.92,16:00:00
2026-01-13 16:15:00,250.04,16:15:00
2026-01-13 16:30:00,248.62,16:30:00
2026-01-13 16:45:00,248.76,16:45:00
2026-01-13 17:00:00,253.86,17:00:00
2026-01-13 17:15:00,253.0,17:15:00
2026-01-13 17:30:00,254.97,17:30:00
2026-01-13 17:45:00,254.37,17:45:00
2026-01-13 18:00:00,250.15,18:00:00
2026-01-13 18:15:00,249.28,18:15:00
2026-01-13 18:30:00,245.64,18:30:00
2026-01-13 18:45:00,245.03,18:45:00
2026-01-13 19:00:00,230.25,19:00:00
2026-01-13 19:15:00,229.51,19:15:00
2026-01-13 19:30:00,227.18,19:30:00
2026-01-13 19:45:00,226.34,19:45:00
2026-01-13 20:00:00,218.3,20:00:00
2026-01-13 20:15:00,217.53,20:15:00
2026-01-13 20:30:00,212.83,20:30:00
2026-01-13 20:45:00,212.21,20:45:00
2026-01-13 21:00:00,197.96,21:00:00
2026-01-13 21:15:00,197.65,21:15:00
2026-01-13 21:30:00,180.15,21:30:00
2026-01-13 21:45:00,180.84,21:45:00
2026-01-13 22:00:00,164.94,22:00:00
2026-01-13 22:15:00,164.92,22:15:00
2026-01-13 22:30:00,160.7,22:30:00
2026-01-13 22:45:00,160.85,22:45:00
2026-01-13 23:00:00,160.62,23:00:00
2026-01-13 23:15:00,160.87,23:15:00
2026-01-13 23:30:00,157.41,23:30:00
2026-01-13 23:45:00,157.23,23:45:00
2026-01-14 00:00:00,158.97,00:00:00
2026-01-14 00:15:00,159.1,00:15:00
2026-01-14 00:30:00,161.28,00:30:00
2026-01-14 00:45:00,161.27,00:45:00
2026-01-14 01:00:00,158.01,01:00:00
2026-01-14 01:15:00,158.1,01:15:00
2026-01-14 01:30:00,156.28,01:30:00
2026-01-14 01:45:00,156.39,01:45:00
2026-01-14 02:00:00,158.13,02:00:00
2026-01-14 02:15:00,158.1,02:15:00
2026-01-14 02:30:00,161.43,02:30:00
2026-01-14 02:45:00,161.45,02:45:00
2026-01-14 03:00:00,164.9,03:00:00
2026-01-14 03:15:00,164.84,03:15:00
2026-01-14 03:30:00,164.55,03:30:00
2026-01-14 03:45:00,164.53,03:45:00
2026-01-14 04:00:00,175.53,04:00:00
2026-01-14 04:15:00,176.11,04:15:00
2026-01-14 04:30:00,181.53,04:30:00
2026-01-14 04:45:00,182.3,04:45:00
2026-01-14 05:00:00,203.41,05:00:00
2026-01-14 05:15:00,203.65,05:15:00
2026-01-14 05:30:00,222.01,05:30:00
2026-01-14 05:45:00,222.72,05:45:00
2026-01-14 06:00:00,245.5,06:00:00
2026-01-14 06:15:00,246.36,06:15:00
2026-01-14 06:30:00,263.69,06:30:00
2026-01-14 06:45:00,264.01,06:45:00
2026-01-14 07:00:00,282.26,07:00:00
2026-01-14 07:15:00,282.66,07:15:00
2026-01-14 07:30:00,294.02,07:30:00
2026-01-14 07:45:00,293.59,07:45:00
2026-01-14 08:00:00,288.36,08:00:00
2026-01-14 08:15:00,287.67,08:15:00
2026-01-14 08:30:00,281.93,08:30:00
2026-01-14 08:45:00,282.25,08:45:00
2026-01-14 09:00:00,269.56,09:00:00
2026-01-14 09:15:00,269.7,09:15:00
2026-01-14 09:30:00,263.51,09:30:00
2026-01-14 09:45:00,263.19,09:45:00
2026-01-14 10:00:00,254.52,10:00:00
2026-01-14 10:15:00,254.4,10:15:00
2026-01-14 10:30:00,249.38,10:30:00
2026-01-14 10:45:00,249.89,10:45:00
2026-01-14 11:00:00,251.06,11:00:00
2026-01-14 11:15:00,250.99,11:15:00
2026-01-14 11:30:00,249.84,11:30:00
2026-01-14 11:45:00,249.65,11:45:00
2026-01-14 12:00:00,249.28,12:00:00
2026-01-14 12:15:00,249.45,12:15:00
2026-01-14 12:30:00,249.41,12:30:00
2026-01-14 12:45:00,249.4,12:45:00
2026-01-14 13:00:00,247.13,13:00:00
2026-01-14 13:15:00,247.74,13:15:00
2026-01-14 13:30:00,251.17,13:30:00
2026-01-14 13:45:00,251.66,13:45:00
2026-01-14 14:00:00,257.14,14:00:00
2026-01-14 14:15:00,257.46,14:15:00
2026-01-14 14:30:00,261.17,14:30:00
2026-01-14 14:45:00,261.25,14:45:00
2026-01-14 15:00:00,264.61,15:00:00
2026-01-14 15:15:00,264.58,15:15:00
2026-01-14 15:30:00,265.39,15:30:00
2026-01-14 15:45:00,265.39,15:45:00
2026-01-14 16:00:00,262.8,16:00:00
2026-01-14 16:15:00,262.8,16:15:00
2026-01-14 16:30:00,260.9,16:30:00
2026-01-14 16:45:00,260.81,16:45:00
2026-01-14 17:00:00,268.16,17:00:00
2026-01-14 17:15:00,267.77,17:15:00
2026-01-14 17:30:00,265.26,17:30:00
2026-01-14 17:45:00,265.1,17:45:00
2026-01-14 18:00:00,265.0,18:00:00
2026-01-14 18:15:00,265.07,18:15:00
2026-01-14 18:30:00,261.05,18:30:00
2026-01-14 18:45:00,261.1,18:45:00
2026-01-14 19:00:00,253.17,19:00:00
2026-01-14 19:15:00,253.13,19:15:00
2026-01-14 19:30:00,250.44,19:30:00
2026-01-14 19:45:00,250.37,19:45:00
2026-01-14 20:00:00,240.18,20:00:00
2026-01-14 20:15:00,240.01,20:15:00
2026-01-14 20:30:00,228.53,20:30:00
2026-01-14 20:45:00,228.45,20:45:00
2026-01-14 21:00:00,210.16,21:00:00
2026-01-14 21:15:00,210.22,21:15:00
2026-01-14 21:30:00,182.2,21:30:00
2026-01-14 21:45:00,181.85,21:45:00
2026-01-14 22:00:00,161.62,22:00:00
2026-01-14 22:15:00,161.35,22:15:00
2026-01-14 22:30:00,148.12,22:30:00
2026-01-14 22:45:00,147.6,22:45:00
2026-01-14 23:00:00,134.03,23:00:00
2026-01-14 23:15:00,133.47,23:15:00
2026-01-14 23:30:00,125.32,23:30:00
2026-01-14 23:45:00,124.91,23:45:00
2026-01-15 00:00:00,114.1,00:00:00
2026-01-15 00:15:00,113.91,00:15:00
2026-01-15 00:30:00,113.18,00:30:00
2026-01-15 00:45:00,113.5,00:45:00
2026-01-15 01:00:00,109.62,01:00:00
2026-01-15 01:15:00,109.35,01:15:00
2026-01-15 01:30:00,104.79,01:30:00
2026-01-15 01:45:00,104.69,01:45:00
2026-01-15 02:00:00,93.63,02:00:00
2026-01-15 02:15:00,93.85,02:15:00
2026-01-15 02:30:00,94.77,02:30:00
2026-01-15 02:45:00,94.83,02:45:00
2026-01-15 03:00:00,95.44,03:00:00
2026-01-15 03:15:00,95.31,03:15:00
2026-01-15 03:30:00,93.44,03:30:00
2026-01-15 03:45:00,93.29,03:45:00
2026-01-15 04:00:00,97.84,04:00:00
2026-01-15 04:15:00,98.04,04:15:00
2026-01-15 04:30:00,98.86,04:30:00
2026-01-15 04:45:00,98.82,04:45:00
2026-01-15 05:00:00,102.37,05:00:00
2026-01-15 05:15:00,102.92,05:15:00
2026-01-15 05:30:00,118.03,05:30:00
2026-01-15 05:45:00,118.77,05:45:00
2026-01-15 06:00:00,144.72,06:00:00
2026-01-15 06:15:00,145.4,06:15:00
2026-01-15 06:30:00,168.85,06:30:00
2026-01-15 06:45:00,169.17,06:45:00
2026-01-15 07:00:00,188.68,07:00:00
2026-01-15 07:15:00,188.93,07:15:00
2026-01-15 07:30:00,204.66,07:30:00
2026-01-15 07:45:00,204.17,07:45:00
2026-01-15 08:00:00,200.04,08:00:00
2026-01-15 08:15:00,199.62,08:15:00
2026-01-15 08:30:00,202.03,08:30:00
2026-01-15 08:45:00,201.6,08:45:00
2026-01-15 09:00:00,189.52,09:00:00
2026-01-15 09:15:00,189.0,09:15:00
2026-01-15 09:30:00,187.61,09:30:00
2026-01-15 09:45:00,187.47,09:45:00
2026-01-15 12:00:00,199.39,12:00:00
2026-01-15 12:15:00,199.37,12:15:00
2026-01-15 12:30:00,200.91,12:30:00
2026-01-15 12:45:00,201.15,12:45:00
2026-01-15 13:00:00,214.24,13:00:00
2026-01-15 13:15:00,214.84,13:15:00
2026-01-15 13:30:00,217.98,13:30:00
2026-01-15 13:45:00,218.42,13:45:00
2026-01-15 14:00:00,227.91,14:00:00
2026-01-15 14:15:00,228.57,14:15:00
2026-01-15 14:30:00,231.63,14:30:00
2026-01-15 14:45:00,231.66,14:45:00
2026-01-15 15:00:00,231.2,15:00:00
2026-01-15 15:15:00,231.22,15:15:00
2026-01-15 15:30:00,232.74,15:30:00
2026-01-15 15:45:00,232.86,15:45:00
2026-01-15 16:00:00,235.69,16:00:00
2026-01-15 16:15:00,235.7,16:15:00
2026-01-15 16:30:00,240.23,16:30:00
2026-01-15 16:45:00,239.68,16:45:00
2026-01-15 17:00:00,234.26,17:00:00
2026-01-15 17:15:00,233.52,17:15:00
2026-01-15 17:30:00,235.03,17:30:00
2026-01-15 17:45:00,234.78,17:45:00
2026-01-15 18:00:00,233.13,18:00:00
2026-01-15 18:15:00,232.5,18:15:00
2026-01-15 18:30:00,231.25,18:30:00
2026-01-15 18:45:00,230.74,18:45:00
2026-01-15 19:00:00,228.27,19:00:00
2026-01-15 19:15:00,227.7,19:15:00
2026-01-15 19:30:00,223.76,19:30:00
2026-01-15 19:45:00,223.54,19:45:00
2026-01-15 20:00:00,217.49,20:00:00
2026-01-15 20:15:00,216.94,20:15:00
2026-01-15 20:30:00,215.55,20:30:00
2026-01-15 20:45:00,215.81,20:45:00
2026-01-15 21:00:00,209.44,21:00:00
2026-01-15 21:15:00,210.02,21:15:00
2026-01-15 21:30:00,197.97,21:30:00
2026-01-15 21:45:00,197.37,21:45:00
2026-01-15 22:00:00,191.1,22:00:00
2026-01-15 22:15:00,191.18,22:15:00
2026-01-15 22:30:00,188.36,22:30:00
2026-01-15 22:45:00,188.25,22:45:00
2026-01-15 23:00:00,178.05,23:00:00
2026-01-15 23:15:00,177.27,23:15:00
2026-01-15 23:30:00,169.34,23:30:00
2026-01-15 23:45:00,169.34,23:45:00
2026-01-16 00:00:00,169.72,00:00:00
2026-01-16 00:15:00,170.22,00:15:00
2026-01-16 00:30:00,171.49,00:30:00
2026-01-16 00:45:00,172.14,00:45:00
2026-01-16 01:00:00,170.52,01:00:00
2026-01-16 01:15:00,170.52,01:15:00
2026-01-16 01:30:00,172.68,01:30:00
2026-01-16 01:45:00,172.93,01:45:00
2026-01-16 02:00:00,173.02,02:00:00
2026-01-16 02:15:00,172.69,02:15:00
2026-01-16 02:30:00,171.46,02:30:00
2026-01-16 02:45:00,171.03,02:45:00
2026-01-16 03:00:00,169.76,03:00:00
2026-01-16 03:15:00,169.56,03:15:00
2026-01-16 03:30:00,168.17,03:30:00
2026-01-16 03:45:00,168.31,03:45:00
2026-01-16 04:00:00,167.03,04:00:00
2026-01-16 04:15:00,166.53,04:15:00
2026-01-16 04:30:00,169.38,04:30:00
2026-01-16 04:45:00,170.37,04:45:00
2026-01-16 05:00:00,184.41,05:00:00
2026-01-16 05:15:00,184.82,05:15:00
2026-01-16 05:30:00,198.48,05:30:00
2026-01-16 05:45:00,198.95,05:45:00
2026-01-16 06:00:00,235.27,06:00:00
2026-01-16 06:15:00,235.72,06:15:00
2026-01-16 06:30:00,256.24,06:30:00
2026-01-16 06:45:00,256.72,06:45:00
2026-01-16 07:00:00,267.8,07:00:00
2026-01-16 07:15:00,268.25,07:15:00
2026-01-16 07:30:00,276.59,07:30:00
2026-01-16 07:45:00,276.48,07:45:00
2026-01-16 08:00:00,264.68,08:00:00
2026-01-16 08:15:00,264.44,08:15:00
2026-01-16 08:30:00,262.21,08:30:00
2026-01-16 08:45:00,262.22,08:45:00
2026-01-16 09:00:00,250.82,09:00:00
2026-01-16 09:15:00,250.98,09:15:00
2026-01-16 09:30:00,241.39,09:30:00
2026-01-16 09:45:00,241.52,09:45:00
2026-01-16 10:00:00,233.35,10:00:00
2026-01-16 10:15:00,233.44,10:15:00
2026-01-16 10:30:00,226.29,10:30:00
2026-01-16 10:45:00,226.02,10:45:00
2026-01-16 11:00:00,219.26,11:00:00
2026-01-16 11:15:00,219.2,11:15:00
2026-01-16 11:30:00,213.24,11:30:00
2026-01-16 11:45:00,213.09,11:45:00
2026-01-16 12:00:00,214.68,12:00:00
2026-01-16 12:15:00,214.52,12:15:00
2026-01-16 12:30:00,218.99,12:30:00
2026-01-16 12:45:00,218.55,12:45:00
2026-01-16 13:00:00,224.93,13:00:00
2026-01-16 13:15:00,224.91,13:15:00
2026-01-16 13:30:00,233.98,13:30:00
2026-01-16 13:45:00,234.19,13:45:00
2026-01-16 14:00:00,244.51,14:00:00
2026-01-16 14:15:00,244.6,14:15:00
2026-01-16 14:30:00,258.08,14:30:00
2026-01-16 14:45:00,258.36,14:45:00
2026-01-16 15:00:00,270.88,15:00:00
2026-01-16 15:15:00,270.91,15:15:00
2026-01-16 15:30:00,282.94,15:30:00
2026-01-16 15:45:00,282.87,15:45:00
2026-01-16 16:00:00,280.61,16:00:00
2026-01-16 16:15:00,280.49,16:15:00
2026-01-16 16:30:00,283.5,16:30:00
2026-01-16 16:45:00,283.54,16:45:00
2026-01-16 17:00:00,290.6,17:00:00
2026-01-16 17:15:00,290.59,17:15:00
2026-01-16 17:30:00,289.91,17:30:00
2026-01-16 17:45:00,289.91,17:45:00
2026-01-16 18:00:00,289.37,18:00:00
2026-01-16 18:15:00,289.35,18:15:00
2026-01-16 18:30:00,282.73,18:30:00
2026-01-16 18:45:00,282.74,18:45:00
2026-01-16 19:00:00,276.1,19:00:00
2026-01-16 19:15:00,276.11,19:15:00
2026-01-16 19:30:00,272.99,19:30:00
2026-01-16 19:45:00,272.99,19:45:00
2026-01-16 20:00:00,267.8,20:00:00
2026-01-16 20:15:00,267.77,20:15:00
2026-01-16 20:30:00,266.51,20:30:00
2026-01-16 20:45:00,266.5,20:45:00
2026-01-16 21:00:00,271.86,21:00:00
2026-01-16 21:15:00,271.93,21:15:00
2026-01-16 21:30:00,267.13,21:30:00
2026-01-16 21:45:00,267.08,21:45:00
2026-01-16 22:00:00,258.62,22:00:00
2026-01-16 22:15:00,258.65,22:15:00
2026-01-16 22:30:00,251.56,22:30:00
2026-01-16 22:45:00,251.74,22:45:00
2026-01-16 23:00:00,240.9,23:00:00
2026-01-16 23:15:00,240.96,23:15:00
2026-01-16 23:30:00,231.91,23:30:00
2026-01-16 23:45:00,231.86,23:45:00
2026-01-17 00:00:00,228.43,00:00:00
2026-01-17 00:15:00,227.72,00:15:00
2026-01-17 00:30:00,229.44,00:30:00
2026-01-17 00:45:00,229.88,00:45:00
2026-01-17 01:00:00,232.89,01:00:00
2026-01-17 01:15:00,233.42,01:15:00
2026-01-17 01:30:00,232.55,01:30:00
2026-01-17 01:45:00,232.28,01:45:00
2026-01-17 02:00:00,233.75,02:00:00
2026-01-17 02:15:00,233.57,02:15:00
2026-01-17 02:30:00,236.74,02:30:00
2026-01-17 02:45:00,236.78,02:45:00
2026-01-17 03:00:00,237.45,03:00:00
2026-01-17 03:15:00,237.25,03:15:00
2026-01-17 03:30:00,236.42,03:30:00
2026-01-17 03:45:00,236.33,03:45:00
2026-01-17 04:00:00,235.35,04:00:00
2026-01-17 04:15:00,235.52,04:15:00
2026-01-17 04:30:00,234.19,04:30:00
2026-01-17 04:45:00,234.28,04:45:00
2026-01-17 05:00:00,234.66,05:00:00
2026-01-17 05:15:00,235.01,05:15:00
2026-01-17 05:30:00,234.37,05:30:00
2026-01-17 05:45:00,234.19,05:45:00
2026-01-17 06:00:00,238.34,06:00:00
2026-01-17 06:15:00,238.37,06:15:00
2026-01-17 06:30:00,245.28,06:30:00
2026-01-17 06:45:00,244.82,06:45:00
2026-01-17 07:00:00,264.5,07:00:00
2026-01-17 07:15:00,264.56,07:15:00
2026-01-17 07:30:00,270.66,07:30:00
2026-01-17 07:45:00,270.83,07:45:00
2026-01-17 08:00:00,281.38,08:00:00
2026-01-17 08:15:00,281.4,08:15:00
2026-01-17 08:30:00,283.96,08:30:00
2026-01-17 08:45:00,284.26,08:45:00
2026-01-17 09:00:00,275.91,09:00:00
2026-01-17 09:15:00,275.58,09:15:00
2026-01-17 09:30:00,274.08,09:30:00
2026-01-17 09:45:00,274.09,09:45:00
2026-01-17 10:00:00,268.38,10:00:00
2026-01-17 10:15:00,268.24,10:15:00
2026-01-17 10:30:00,265.11,10:30:00
2026-01-17 10:45:00,265.11,10:45:00
2026-01-17 11:00:00,258.77,11:00:00
2026-01-17 11:15:00,258.8,11:15:00
2026-01-17 11:30:00,259.15,11:30:00
2026-01-17 11:45:00,259.13,11:45:00
2026-01-17 12:00:00,260.35,12:00:00
2026-01-17 12:15:00,260.27,12:15:00
2026-01-17 12:30:00,263.67,12:30:00
2026-01-17 12:45:00,264.09,12:45:00
2026-01-17 13:00:00,269.86,13:00:00
2026-01-17 13:15:00,269.95,13:15:00
2026-01-17 13:30:00,275.35,13:30:00
2026-01-17 13:45:00,275.09,13:45:00
2026-01-17 14:00:00,278.34,14:00:00
2026-01-17 14:15:00,278.58,14:15:00
2026-01-17 14:30:00,285.33,14:30:00
2026-01-17 14:45:00,285.33,14:45:00
2026-01-17 15:00:00,288.97,15:00:00
2026-01-17 15:15:00,289.02,15:15:00
2026-01-17 15:30:00,295.35,15:30:00
2026-01-17 15:45:00,295.33,15:45:00
2026-01-17 16:00:00,293.11,16:00:00
2026-01-17 16:15:00,293.18,16:15:00
2026-01-17 16:30:00,288.63,16:30:00
2026-01-17 16:45:00,288.8,16:45:00
2026-01-17 17:00:00,294.08,17:00:00
2026-01-17 17:15:00,293.94,17:15:00
2026-01-17 17:30:00,295.11,17:30:00
2026-01-17 17:45:00,295.14,17:45:00
2026-01-17 18:00:00,294.28,18:00:00
2026-01-17 18:15:00,294.04,18:15:00
2026-01-17 18:30:00,292.74,18:30:00
2026-01-17 18:45:00,292.73,18:45:00
2026-01-17 19:00:00,290.44,19:00:00
2026-01-17 19:15:00,290.35,19:15:00
2026-01-17 19:30:00,289.54,19:30:00
2026-01-17 19:45:00,289.49,19:45:00
2026-01-17 20:00:00,281.68,20:00:00
2026-01-17 20:15:00,281.45,20:15:00
2026-01-17 20:30:00,277.67,20:30:00
2026-01-17 20:45:00,277.64,20:45:00
2026-01-17 21:00:00,278.7,21:00:00
2026-01-17 21:15:00,278.53,21:15:00
2026-01-17 21:30:00,276.05,21:30:00
2026-01-17 21:45:00,275.38,21:45:00
2026-01-17 22:00:00,275.25,22:00:00
2026-01-17 22:15:00,274.94,22:15:00
2026-01-17 22:30:00,274.66,22:30:00
2026-01-17 22:45:00,274.45,22:45:00
2026-01-17 23:00:00,263.91,23:00:00
2026-01-17 23:15:00,263.63,23:15:00
2026-01-17 23:30:00,260.34,23:30:00
2026-01-17 23:45:00,260.17,23:45:00
2026-01-18 00:00:00,259.03,00:00:00
2026-01-18 00:15:00,259.18,00:15:00
2026-01-18 00:30:00,260.51,00:30:00
2026-01-18 00:45:00,260.63,00:45:00
2026-01-18 01:00:00,264.78,01:00:00
2026-01-18 01:15:00,264.68,01:15:00
2026-01-18 01:30:00,263.27,01:30:00
2026-01-18 01:45:00,263.12,01:45:00
2026-01-18 02:00:00,262.96,02:00:00
2026-01-18 02:15:00,262.55,02:15:00
2026-01-18 02:30:00,261.68,02:30:00
2026-01-18 02:45:00,261.25,02:45:00
2026-01-18 03:00:00,260.59,03:00:00
2026-01-18 03:15:00,260.84,03:15:00
2026-01-18 03:30:00,259.81,03:30:00
2026-01-18 03:45:00,259.78,03:45:00
2026-01-18 04:00:00,258.69,04:00:00
2026-01-18 04:15:00,258.57,04:15:00
2026-01-18 04:30:00,254.05,04:30:00
2026-01-18 04:45:00,254.14,04:45:00
2026-01-18 05:00:00,250.07,05:00:00
2026-01-18 05:15:00,250.12,05:15:00
2026-01-18 05:30:00,244.46,05:30:00
2026-01-18 05:45:00,244.65,05:45:00
2026-01-18 06:00:00,247.56,06:00:00
2026-01-18 06:15:00,247.4,06:15:00
2026-01-18 06:30:00,247.92,06:30:00
2026-01-18 06:45:00,248.05,06:45:00
2026-01-18 07:00:00,257.6,07:00:00
2026-01-18 07:15:00,257.73,07:15:00
2026-01-18 07:30:00,258.07,07:30:00
2026-01-18 07:45:00,258.42,07:45:00
2026-01-18 08:00:00,259.22,08:00:00
2026-01-18 08:15:00,259.27,08:15:00
2026-01-18 08:30:00,263.19,08:30:00
2026-01-18 08:45:00,262.76,08:45:00
2026-01-18 09:00:00,250.44,09:00:00
2026-01-18 09:15:00,250.24,09:15:00
2026-01-18 09:30:00,251.97,09:30:00
2026-01-18 09:45:00,253.19,09:45:00
2026-01-18 10:00:00,249.65,10:00:00
2026-01-18 10:15:00,249.54,10:15:00
2026-01-18 10:30:00,247.46,10:30:00
2026-01-18 10:45:00,247.46,10:45:00
2026-01-18 11:00:00,247.23,11:00:00
2026-01-18 11:15:00,247.65,11:15:00
2026-01-18 11:30:00,248.31,11:30:00
2026-01-18 11:45:00,248.46,11:45:00
2026-01-18 12:00:00,249.78,12:00:00
2026-01-18 12:15:00,249.44,12:15:00
2026-01-18 12:30:00,250.06,12:30:00
2026-01-18 12:45:00,250.19,12:45:00
2026-01-18 13:00:00,254.24,13:00:00
2026-01-18 13:15:00,253.7,13:15:00
2026-01-18 13:30:00,257.47,13:30:00
2026-01-18 13:45:00,257.16,13:45:00
2026-01-18 14:00:00,260.41,14:00:00
2026-01-18 14:15:00,260.26,14:15:00
2026-01-18 14:30:00,260.25,14:30:00
2026-01-18 14:45:00,260.49,14:45:00
2026-01-18 15:00:00,263.63,15:00:00
2026-01-18 15:15:00,263.82,15:15:00
2026-01-18 15:30:00,267.26,15:30:00
2026-01-18 15:45:00,266.85,15:45:00
2026-01-18 16:00:00,267.97,16:00:00
2026-01-18 16:15:00,268.32,16:15:00
2026-01-18 16:30:00,269.41,16:30:00
2026-01-18 16:45:00,269.67,16:45:00
2026-01-18 17:00:00,270.71,17:00:00
2026-01-18 17:15:00,271.27,17:15:00
2026-01-18 17:30:00,270.71,17:30:00
2026-01-18 17:45:00,270.61,17:45:00
2026-01-18 18:00:00,266.74,18:00:00
2026-01-18 18:15:00,266.6,18:15:00
2026-01-18 18:30:00,266.12,18:30:00
2026-01-18 18:45:00,266.14,18:45:00
2026-01-18 19:00:00,268.92,19:00:00
2026-01-18 19:15:00,268.66,19:15:00
2026-01-18 19:30:00,267.91,19:30:00
2026-01-18 19:45:00,267.96,19:45:00
2026-01-18 20:00:00,272.86,20:00:00
2026-01-18 20:15:00,273.25,20:15:00
2026-01-18 20:30:00,268.27,20:30:00
2026-01-18 20:45:00,268.19,20:45:00
2026-01-18 21:00:00,268.78,21:00:00
2026-01-18 21:15:00,268.94,21:15:00
2026-01-18 21:30:00,265.05,21:30:00
2026-01-18 21:45:00,264.59,21:45:00
2026-01-18 22:00:00,254.94,22:00:00
2026-01-18 22:15:00,254.8,22:15:00
2026-01-18 22:30:00,247.3,22:30:00
2026-01-18 22:45:00,247.07,22:45:00
2026-01-18 23:00:00,244.24,23:00:00
2026-01-18 23:15:00,244.59,23:15:00
2026-01-18 23:30:00,242.46,23:30:00
2026-01-18 23:45:00,242.53,23:45:00
2026-01-19 00:00:00,239.04,00:00:00
2026-01-19 00:15:00,238.85,00:15:00
2026-01-19 00:30:00,243.11,00:30:00
2026-01-19 00:45:00,243.38,00:45:00
2026-01-19 01:00:00,252.56,01:00:00
2026-01-19 01:15:00,252.49,01:15:00
2026-01-19 01:30:00,257.93,01:30:00
2026-01-19 01:45:00,257.97,01:45:00
2026-01-19 02:00:00,249.36,02:00:00
2026-01-19 02:15:00,249.39,02:15:00
2026-01-19 02:30:00,246.49,02:30:00
2026-01-19 02:45:00,246.3,02:45:00
2026-01-19 03:00:00,247.59,03:00:00
2026-01-19 03:15:00,247.76,03:15:00
2026-01-19 03:30:00,248.0,03:30:00
2026-01-19 03:45:00,248.57,03:45:00
2026-01-19 04:00:00,261.7,04:00:00
2026-01-19 04:15:00,262.68,04:15:00
2026-01-19 04:30:00,263.95,04:30:00
2026-01-19 04:45:00,264.4,04:45:00
2026-01-19 05:00:00,280.56,05:00:00
2026-01-19 05:15:00,281.39,05:15:00
2026-01-19 05:30:00,287.69,05:30:00
2026-01-19 05:45:00,288.4,05:45:00
2026-01-19 06:00:00,297.4,06:00:00
2026-01-19 06:15:00,298.13,06:15:00
2026-01-19 06:30:00,305.91,06:30:00
2026-01-19 06:45:00,305.99,06:45:00
2026-01-19 07:00:00,308.7,07:00:00
2026-01-19 07:15:00,308.82,07:15:00
2026-01-19 07:30:00,312.44,07:30:00
2026-01-19 07:45:00,312.06,07:45:00
2026-01-19 08:00:00,301.14,08:00:00
2026-01-19 08:15:00,300.72,08:15:00
2026-01-19 08:30:00,298.14,08:30:00
2026-01-19 08:45:00,297.58,08:45:00
2026-01-19 09:00:00,291.08,09:00:00
2026-01-19 09:15:00,290.01,09:15:00
2026-01-19 09:30:00,287.42,09:30:00
2026-01-19 09:45:00,287.86,09:45:00
2026-01-19 10:00:00,281.3,10:00:00
2026-01-19 10:15:00,281.2,10:15:00
2026-01-19 10:30:00,278.2,10:30:00
2026-01-19 10:45:00,277.9,10:45:00
2026-01-19 11:00:00,274.6,11:00:00
2026-01-19 11:15:00,274.1,11:15:00
2026-01-19 11:30:00,272.93,11:30:00
2026-01-19 11:45:00,272.21,11:45:00
2026-01-19 12:00:00,271.63,12:00:00
2026-01-19 12:15:00,271.17,12:15:00
2026-01-19 12:30:00,270.66,12:30:00
2026-01-19 12:45:00,271.4,12:45:00
2026-01-19 13:00:00,277.16,13:00:00
2026-01-19 13:15:00,277.87,13:15:00
2026-01-19 13:30:00,280.02,13:30:00
2026-01-19 13:45:00,279.34,13:45:00
2026-01-19 14:00:00,280.33,14:00:00
2026-01-19 14:15:00,280.57,14:15:00
2026-01-19 14:30:00,282.49,14:30:00
2026-01-19 14:45:00,282.49,14:45:00
2026-01-19 15:00:00,284.17,15:00:00
2026-01-19 15:15:00,284.15,15:15:00
2026-01-19 15:30:00,285.28,15:30:00
2026-01-19 15:45:00,285.28,15:45:00
2026-01-19 16:00:00,283.11,16:00:00
2026-01-19 16:15:00,283.26,16:15:00
2026-01-19 16:30:00,285.76,16:30:00
2026-01-19 16:45:00,285.71,16:45:00
2026-01-19 17:00:00,284.92,17:00:00
2026-01-19 17:15:00,284.8,17:15:00
2026-01-19 17:30:00,281.83,17:30:00
2026-01-19 17:45:00,281.72,17:45:00
2026-01-19 18:00:00,283.26,18:00:00
2026-01-19 18:15:00,283.01,18:15:00
2026-01-19 18:30:00,277.51,18:30:00
2026-01-19 18:45:00,277.78,18:45:00
2026-01-19 19:00:00,279.71,19:00:00
2026-01-19 19:15:00,280.02,19:15:00
2026-01-19 19:30:00,273.43,19:30:00
2026-01-19 19:45:00,273.5,19:45:00
2026-01-19 20:00:00,270.27,20:00:00
2026-01-19 20:15:00,270.79,20:15:00
2026-01-19 20:30:00,267.5,20:30:00
2026-01-19 20:45:00,267.64,20:45:00
2026-01-19 21:00:00,269.65,21:00:00
2026-01-19 21:15:00,269.67,21:15:00
2026-01-19 21:30:00,259.86,21:30:00
2026-01-19 21:45:00,259.77,21:45:00
2026-01-19 22:00:00,247.6,22:00:00
2026-01-19 22:15:00,247.51,22:15:00
2026-01-19 22:30:00,234.66,22:30:00
2026-01-19 22:45:00,234.27,22:45:00
2026-01-19 23:00:00,223.44,23:00:00
2026-01-19 23:15:00,223.06,23:15:00
2026-01-19 23:30:00,219.88,23:30:00
2026-01-19 23:45:00,219.88,23:45:00
2026-01-20 00:00:00,208.09,00:00:00
2026-01-20 00:15:00,208.41,00:15:00
2026-01-20 00:30:00,204.18,00:30:00
2026-01-20 00:45:00,204.24,00:45:00
2026-01-20 01:00:00,200.48,01:00:00
2026-01-20 01:15:00,200.58,01:15:00
2026-01-20 01:30:00,195.72,01:30:00
2026-01-20 01:45:00,195.51,01:45:00
2026-01-20 02:00:00,191.43,02:00:00
2026-01-20 02:15:00,191.42,02:15:00
2026-01-20 02:30:00,189.12,02:30:00
2026-01-20 02:45:00,189.02,02:45:00
2026-01-20 03:00:00,187.82,03:00:00
2026-01-20 03:15:00,187.83,03:15:00
2026-01-20 03:30:00,183.87,03:30:00
2026-01-20 03:45:00,183.8,03:45:00
2026-01-20 04:00:00,187.75,04:00:00
2026-01-20 04:15:00,187.76,04:15:00
2026-01-20 04:30:00,187.82,04:30:00
2026-01-20 04:45:00,187.87,04:45:00
2026-01-20 05:00:00,195.46,05:00:00
2026-01-20 05:15:00,195.46,05:15:00
2026-01-20 05:30:00,199.68,05:30:00
2026-01-20 05:45:00,199.68,05:45:00
2026-01-20 06:00:00,207.99,06:00:00
2026-01-20 06:15:00,207.99,06:15:00
2026-01-20 06:30:00,220.74,06:30:00
2026-01-20 06:45:00,220.74,06:45:00
2026-01-20 07:00:00,225.58,07:00:00
2026-01-20 07:15:00,225.58,07:15:00
2026-01-20 07:30:00,229.79,07:30:00
2026-01-20 07:45:00,229.79,07:45:00
2026-01-20 08:00:00,222.5,08:00:00
2026-01-20 08:15:00,222.49,08:15:00
2026-01-20 08:30:00,220.71,08:30:00
2026-01-20 08:45:00,220.67,08:45:00
2026-01-20 09:00:00,214.94,09:00:00
2026-01-20 09:15:00,214.87,09:15:00
2026-01-20 09:30:00,209.34,09:30:00
2026-01-20 09:45:00,209.27,09:45:00
2026-01-20 10:00:00,196.03,10:00:00
2026-01-20 10:15:00,195.89,10:15:00
2026-01-20 10:30:00,189.47,10:30:00
2026-01-20 10:45:00,189.4,10:45:00
2026-01-20 11:00:00,185.29,11:00:00
2026-01-20 11:15:00,185.27,11:15:00
2026-01-20 11:30:00,178.35,11:30:00
2026-01-20 11:45:00,178.1,11:45:00
2026-01-20 12:00:00,172.62,12:00:00
2026-01-20 12:15:00,172.58,12:15:00
2026-01-20 12:30:00,170.63,12:30:00
2026-01-20 12:45:00,170.63,12:45:00
2026-01-20 13:00:00,171.54,13:00:00
2026-01-20 13:15:00,171.58,13:15:00
2026-01-20 13:30:00,170.15,13:30:00
2026-01-20 13:45:00,170.08,13:45:00
2026-01-20 14:00:00,170.69,14:00:00
2026-01-20 14:15:00,170.66,14:15:00
2026-01-20 14:30:00,172.33,14:30:00
2026-01-20 14:45:00,172.37,14:45:00
2026-01-20 15:00:00,176.23,15:00:00
2026-01-20 15:15:00,176.28,15:15:00
2026-01-20 15:30:00,181.52,15:30:00
2026-01-20 15:45:00,181.56,15:45:00
2026-01-20 16:00:00,187.26,16:00:00
2026-01-20 16:15:00,187.31,16:15:00
2026-01-20 16:30:00,190.66,16:30:00
2026-01-20 16:45:00,190.64,16:45:00
2026-01-20 17:00:00,200.68,17:00:00
2026-01-20 17:15:00,200.64,17:15:00
2026-01-20 17:30:00,207.45,17:30:00
2026-01-20 17:45:00,207.46,17:45:00
2026-01-20 18:00:00,213.89,18:00:00
2026-01-20 18:15:00,213.88,18:15:00
2026-01-20 18:30:00,211.5,18:30:00
2026-01-20 18:45:00,211.5,18:45:00
2026-01-20 19:00:00,213.07,19:00:00
2026-01-20 19:15:00,213.04,19:15:00
2026-01-20 19:30:00,211.0,19:30:00
2026-01-20 19:45:00,210.99,19:45:00
2026-01-20 20:00:00,201.73,20:00:00
2026-01-20 20:15:00,201.65,20:15:00
2026-01-20 20:30:00,194.54,20:30:00
2026-01-20 20:45:00,194.49,20:45:00
2026-01-20 21:00:00,191.29,21:00:00
2026-01-20 21:15:00,191.23,21:15:00
2026-01-20 21:30:00,184.26,21:30:00
2026-01-20 21:45:00,184.18,21:45:00
2026-01-20 22:00:00,172.59,22:00:00
2026-01-20 22:15:00,172.45,22:15:00
2026-01-20 22:30:00,156.06,22:30:00
2026-01-20 22:45:00,155.95,22:45:00
2026-01-20 23:00:00,137.93,23:00:00
2026-01-20 23:15:00,137.71,23:15:00
2026-01-20 23:30:00,123.1,23:30:00
2026-01-20 23:45:00,123.01,23:45:00
2026-01-21 00:00:00,113.79,00:00:00
2026-01-21 00:15:00,113.71,00:15:00
2026-01-21 00:30:00,119.39,00:30:00
2026-01-21 00:45:00,119.41,00:45:00
2026-01-21 01:00:00,122.4,01:00:00
2026-01-21 01:15:00,122.46,01:15:00
2026-01-21 01:30:00,120.77,01:30:00
2026-01-21 01:45:00,120.69,01:45:00
2026-01-21 02:00:00,120.28,02:00:00
2026-01-21 02:15:00,120.29,02:15:00
2026-01-21 02:30:00,119.77,02:30:00
2026-01-21 02:45:00,119.75,02:45:00
2026-01-21 03:00:00,119.31,03:00:00
2026-01-21 03:15:00,119.35,03:15:00
2026-01-21 03:30:00,115.89,03:30:00
2026-01-21 03:45:00,115.84,03:45:00
2026-01-21 04:00:00,118.37,04:00:00
2026-01-21 04:15:00,118.39,04:15:00
2026-01-21 04:30:00,122.6,04:30:00
2026-01-21 04:45:00,122.61,04:45:00
2026-01-21 05:00:00,133.73,05:00:00
2026-01-21 05:15:00,133.83,05:15:00
2026-01-21 05:30:00,146.13,05:30:00
2026-01-21 05:45:00,146.35,05:45:00
2026-01-21 06:00:00,169.37,06:00:00
2026-01-21 06:15:00,169.49,06:15:00
2026-01-21 06:30:00,187.63,06:30:00
2026-01-21 06:45:00,187.67,06:45:00
2026-01-21 07:00:00,195.03,07:00:00
2026-01-21 07:15:00,194.82,07:15:00
2026-01-21 07:30:00,201.48,07:30:00
2026-01-21 07:45:00,201.5,07:45:00
2026-01-21 08:00:00,194.93,08:00:00
2026-01-21 08:15:00,194.44,08:15:00
2026-01-21 08:30:00,192.62,08:30:00
2026-01-21 08:45:00,192.45,08:45:00
2026-01-21 09:00:00,184.34,09:00:00
2026-01-21 09:15:00,183.24,09:15:00
2026-01-21 09:30:00,180.54,09:30:00
2026-01-21 09:45:00,179.95,09:45:00
2026-01-21 10:00:00,175.13,10:00:00
2026-01-21 10:15:00,174.81,10:15:00
2026-01-21 10:30:00,167.17,10:30:00
2026-01-21 10:45:00,166.99,10:45:00
2026-01-21 11:00:00,164.12,11:00:00
2026-01-21 11:15:00,164.16,11:15:00
2026-01-21 11:30:00,161.0,11:30:00
2026-01-21 11:45:00,160.75,11:45:00
2026-01-21 12:00:00,161.93,12:00:00
2026-01-21 12:15:00,162.14,12:15:00
2026-01-21 12:30:00,179.65,12:30:00
2026-01-21 12:45:00,179.96,12:45:00
2026-01-21 13:00:00,159.29,13:00:00
2026-01-21 13:15:00,159.43,13:15:00
2026-01-21 13:30:00,159.34,13:30:00
2026-01-21 13:45:00,159.44,13:45:00
2026-01-21 14:00:00,157.35,14:00:00
2026-01-21 14:15:00,157.57,14:15:00
2026-01-21 14:30:00,161.27,14:30:00
2026-01-21 14:45:00,161.16,14:45:00
2026-01-21 15:00:00,164.43,15:00:00
2026-01-21 15:15:00,164.79,15:15:00
2026-01-21 15:30:00,167.59,15:30:00
2026-01-21 15:45:00,167.52,15:45:00
2026-01-21 16:00:00,171.06,16:00:00
2026-01-21 16:15:00,171.16,16:15:00
2026-01-21 16:30:00,176.75,16:30:00
2026-01-21 16:45:00,176.47,16:45:00
2026-01-21 17:00:00,179.38,17:00:00
2026-01-21 17:15:00,179.19,17:15:00
2026-01-21 17:30:00,176.76,17:30:00
2026-01-21 17:45:00,176.52,17:45:00
2026-01-21 18:00:00,173.04,18:00:00
2026-01-21 18:15:00,172.71,18:15:00
2026-01-21 18:30:00,169.47,18:30:00
2026-01-21 18:45:00,169.21,18:45:00
2026-01-21 19:00:00,165.75,19:00:00
2026-01-21 19:15:00,165.64,19:15:00
2026-01-21 19:30:00,160.73,19:30:00
2026-01-21 19:45:00,160.71,19:45:00
2026-01-21 20:00:00,157.64,20:00:00
2026-01-21 20:15:00,157.65,20:15:00
2026-01-21 20:30:00,152.0,20:30:00
2026-01-21 20:45:00,151.53,20:45:00
2026-01-21 21:00:00,147.61,21:00:00
2026-01-21 21:15:00,148.07,21:15:00
2026-01-21 21:30:00,144.33,21:30:00
2026-01-21 21:45:00,144.47,21:45:00
2026-01-21 22:00:00,138.02,22:00:00
2026-01-21 22:15:00,138.23,22:15:00
2026-01-21 22:30:00,128.9,22:30:00
2026-01-21 22:45:00,128.7,22:45:00
2026-01-21 23:00:00,120.67,23:00:00
2026-01-21 23:15:00,120.67,23:15:00
2026-01-21 23:30:00,113.68,23:30:00
2026-01-21 23:45:00,113.58,23:45:00
2026-01-22 00:00:00,111.46,00:00:00
2026-01-22 00:15:00,111.42,00:15:00
2026-01-22 00:30:00,113.86,00:30:00
2026-01-22 00:45:00,113.9,00:45:00
2026-01-22 01:00:00,121.84,01:00:00
2026-01-22 01:15:00,121.84,01:15:00
2026-01-22 01:30:00,111.97,01:30:00
2026-01-22 01:45:00,111.92,01:45:00
2026-01-22 02:00:00,117.11,02:00:00
2026-01-22 02:15:00,117.14,02:15:00
2026-01-22 02:30:00,120.51,02:30:00
2026-01-22 02:45:00,120.59,02:45:00
2026-01-22 03:00:00,120.69,03:00:00
2026-01-22 03:15:00,120.64,03:15:00
2026-01-22 03:30:00,124.62,03:30:00
2026-01-22 03:45:00,124.71,03:45:00
2026-01-22 04:00:00,125.83,04:00:00
2026-01-22 04:15:00,125.84,04:15:00
2026-01-22 04:30:00,127.15,04:30:00
2026-01-22 04:45:00,127.34,04:45:00
2026-01-22 05:00:00,133.13,05:00:00
2026-01-22 05:15:00,133.57,05:15:00
2026-01-22 05:30:00,134.24,05:30:00
2026-01-22 05:45:00,134.15,05:45:00
2026-01-22 06:00:00,144.3,06:00:00
2026-01-22 06:15:00,144.27,06:15:00
2026-01-22 06:30:00,156.72,06:30:00
2026-01-22 06:45:00,156.46,06:45:00
2026-01-22 07:00:00,168.52,07:00:00
2026-01-22 07:15:00,168.27,07:15:00
2026-01-22 07:30:00,186.69,07:30:00
2026-01-22 07:45:00,186.36,07:45:00
2026-01-22 08:00:00,184.39,08:00:00
2026-01-22 08:15:00,184.04,08:15:00
2026-01-22 08:30:00,183.02,08:30:00
2026-01-22 08:45:00,182.29,08:45:00
2026-01-22 09:00:00,176.07,09:00:00
2026-01-22 09:15:00,176.59,09:15:00
2026-01-22 09:30:00,172.4,09:30:00
2026-01-22 09:45:00,172.29,09:45:00
2026-01-22 10:00:00,174.44,10:00:00
2026-01-22 10:15:00,174.72,10:15:00
2026-01-22 10:30:00,174.32,10:30:00
2026-01-22 10:45:00,174.74,10:45:00
2026-01-22 11:00:00,175.79,11:00:00
2026-01-22 11:15:00,176.04,11:15:00
2026-01-22 11:30:00,177.03,11:30:00
2026-01-22 11:45:00,176.89,11:45:00
2026-01-22 12:00:00,174.81,12:00:00
2026-01-22 12:15:00,174.69,12:15:00
2026-01-22 12:30:00,173.56,12:30:00
2026-01-22 12:45:00,173.49,12:45:00
2026-01-22 13:00:00,171.73,13:00:00
2026-01-22 13:15:00,171.2,13:15:00
2026-01-22 13:30:00,171.63,13:30:00
2026-01-22 13:45:00,171.39,13:45:00
2026-01-22 14:00:00,173.45,14:00:00
2026-01-22 14:15:00,173.28,14:15:00
2026-01-22 14:30:00,174.17,14:30:00
2026-01-22 14:45:00,174.13,14:45:00
2026-01-22 15:00:00,173.77,15:00:00
2026-01-22 15:15:00,174.19,15:15:00
2026-01-22 15:30:00,174.21,15:30:00
2026-01-22 15:45:00,174.23,15:45:00
2026-01-22 16:00:00,178.89,16:00:00
2026-01-22 16:15:00,178.86,16:15:00
2026-01-22 16:30:00,180.9,16:30:00
2026-01-22 16:45:00,180.93,16:45:00
2026-01-22 17:00:00,196.8,17:00:00
2026-01-22 17:15:00,196.25,17:15:00
2026-01-22 17:30:00,197.89,17:30:00
2026-01-22 17:45:00,197.54,17:45:00
2026-01-22 18:00:00,190.59,18:00:00
2026-01-22 18:15:00,190.35,18:15:00
2026-01-22 18:30:00,185.23,18:30:00
2026-01-22 18:45:00,185.22,18:45:00
2026-01-22 19:00:00,181.62,19:00:00
2026-01-22 19:15:00,181.65,19:15:00
2026-01-22 19:30:00,179.76,19:30:00
2026-01-22 19:45:00,179.39,19:45:00
2026-01-22 20:00:00,174.04,20:00:00
2026-01-22 20:15:00,174.02,20:15:00
2026-01-22 20:30:00,168.72,20:30:00
2026-01-22 20:45:00,168.65,20:45:00
2026-01-22 21:00:00,163.39,21:00:00
2026-01-22 21:15:00,163.49,21:15:00
2026-01-22 21:30:00,161.37,21:30:00
2026-01-22 21:45:00,161.35,21:45:00
2026-01-22 22:00:00,159.29,22:00:00
2026-01-22 22:15:00,159.62,22:15:00
2026-01-22 22:30:00,148.42,22:30:00
2026-01-22 22:45:00,148.68,22:45:00
2026-01-22 23:00:00,141.86,23:00:00
2026-01-22 23:15:00,142.23,23:15:00
2026-01-22 23:30:00,132.22,23:30:00
2026-01-22 23:45:00,132.53,23:45:00
2026-01-23 00:00:00,122.26,00:00:00
2026-01-23 00:15:00,122.66,00:15:00
2026-01-23 00:30:00,127.84,00:30:00
2026-01-23 00:45:00,127.68,00:45:00
2026-01-23 01:00:00,134.65,01:00:00
2026-01-23 01:15:00,134.78,01:15:00
2026-01-23 01:30:00,135.1,01:30:00
2026-01-23 01:45:00,134.89,01:45:00
2026-01-23 02:00:00,127.46,02:00:00
2026-01-23 02:15:00,127.47,02:15:00
2026-01-23 02:30:00,123.29,02:30:00
2026-01-23 02:45:00,123.15,02:45:00
2026-01-23 03:00:00,122.23,03:00:00
2026-01-23 03:15:00,122.24,03:15:00
2026-01-23 03:30:00,121.62,03:30:00
2026-01-23 03:45:00,121.34,03:45:00
2026-01-23 04:00:00,120.13,04:00:00
2026-01-23 04:15:00,120.15,04:15:00
2026-01-23 04:30:00,121.22,04:30:00
2026-01-23 04:45:00,121.51,04:45:00
2026-01-23 05:00:00,125.15,05:00:00
2026-01-23 05:15:00,125.33,05:15:00
2026-01-23 05:30:00,131.81,05:30:00
2026-01-23 05:45:00,131.91,05:45:00
2026-01-23 06:00:00,144.32,06:00:00
2026-01-23 06:15:00,144.41,06:15:00
2026-01-23 06:30:00,156.36,06:30:00
2026-01-23 06:45:00,156.44,06:45:00
2026-01-23 07:00:00,157.72,07:00:00
2026-01-23 07:15:00,157.49,07:15:00
2026-01-23 07:30:00,165.78,07:30:00
2026-01-23 07:45:00,165.62,07:45:00
2026-01-23 08:00:00,158.29,08:00:00
2026-01-23 08:15:00,157.98,08:15:00
2026-01-23 08:30:00,158.89,08:30:00
2026-01-23 08:45:00,159.1,08:45:00
2026-01-23 09:00:00,155.56,09:00:00
2026-01-23 09:15:00,155.49,09:15:00
2026-01-23 09:30:00,150.17,09:30:00
2026-01-23 09:45:00,150.18,09:45:00
2026-01-23 10:00:00,145.11,10:00:00
2026-01-23 10:15:00,144.94,10:15:00
2026-01-23 10:30:00,142.61,10:30:00
2026-01-23 10:45:00,142.53,10:45:00
2026-01-23 11:00:00,143.67,11:00:00
2026-01-23 11:15:00,144.1,11:15:00
2026-01-23 11:30:00,142.73,11:30:00
2026-01-23 11:45:00,142.91,11:45:00
2026-01-23 12:00:00,138.24,12:00:00
2026-01-23 12:15:00,138.13,12:15:00
2026-01-23 12:30:00,137.36,12:30:00
2026-01-23 12:45:00,137.12,12:45:00
2026-01-23 13:00:00,136.6,13:00:00
2026-01-23 13:15:00,135.77,13:15:00
2026-01-23 13:30:00,134.94,13:30:00
2026-01-23 13:45:00,134.87,13:45:00
2026-01-23 14:00:00,135.7,14:00:00
2026-01-23 14:15:00,135.76,14:15:00
2026-01-23 14:30:00,135.57,14:30:00
2026-01-23 14:45:00,135.29,14:45:00
2026-01-23 15:00:00,136.87,15:00:00
2026-01-23 15:15:00,137.3,15:15:00
2026-01-23 15:30:00,137.1,15:30:00
2026-01-23 15:45:00,136.84,15:45:00
2026-01-23 16:00:00,141.95,16:00:00
2026-01-23 16:15:00,142.03,16:15:00
2026-01-23 16:30:00,146.97,16:30:00
2026-01-23 16:45:00,146.79,16:45:00
2026-01-23 17:00:00,156.22,17:00:00
2026-01-23 17:15:00,156.33,17:15:00
2026-01-23 17:30:00,157.71,17:30:00
2026-01-23 17:45:00,157.87,17:45:00
2026-01-23 18:00:00,154.95,18:00:00
2026-01-23 18:15:00,154.64,18:15:00
2026-01-23 18:30:00,149.94,18:30:00
2026-01-23 18:45:00,150.0,18:45:00
2026-01-23 19:00:00,148.41,19:00:00
2026-01-23 19:15:00,148.02,19:15:00
2026-01-23 19:30:00,141.43,19:30:00
2026-01-23 19:45:00,141.06,19:45:00
2026-01-23 20:00:00,141.46,20:00:00
2026-01-23 20:15:00,141.51,20:15:00
2026-01-23 20:30:00,136.87,20:30:00
2026-01-23 20:45:00,136.6,20:45:00
2026-01-23 21:00:00,131.61,21:00:00
2026-01-23 21:15:00,132.02,21:15:00
2026-01-23 21:30:00,123.62,21:30:00
2026-01-23 21:45:00,123.52,21:45:00
2026-01-23 22:00:00,118.71,22:00:00
2026-01-23 22:15:00,118.8,22:15:00
2026-01-23 22:30:00,121.0,22:30:00
2026-01-23 22:45:00,120.89,22:45:00
2026-01-23 23:00:00,117.36,23:00:00
2026-01-23 23:15:00,117.82,23:15:00
2026-01-23 23:30:00,116.12,23:30:00
2026-01-23 23:45:00,116.36,23:45:00
2026-01-24 00:00:00,117.6,00:00:00
2026-01-24 00:15:00,118.0,00:15:00
2026-01-24 00:30:00,122.46,00:30:00
2026-01-24 00:45:00,122.37,00:45:00
2026-01-24 01:00:00,122.2,01:00:00
2026-01-24 01:15:00,122.22,01:15:00
2026-01-24 01:30:00,115.11,01:30:00
2026-01-24 01:45:00,115.3,01:45:00
2026-01-24 02:00:00,112.39,02:00:00
2026-01-24 02:15:00,112.43,02:15:00
2026-01-24 02:30:00,108.11,02:30:00
2026-01-24 02:45:00,108.12,02:45:00
2026-01-24 03:00:00,102.06,03:00:00
2026-01-24 03:15:00,102.03,03:15:00
2026-01-24 03:30:00,98.39,03:30:00
2026-01-24 03:45:00,98.51,03:45:00
2026-01-24 04:00:00,103.3,04:00:00
2026-01-24 04:15:00,103.35,04:15:00
2026-01-24 04:30:00,104.1,04:30:00
2026-01-24 04:45:00,104.12,04:45:00
2026-01-24 05:00:00,112.76,05:00:00
2026-01-24 05:15:00,112.69,05:15:00
2026-01-24 05:30:00,117.84,05:30:00
2026-01-24 05:45:00,117.86,05:45:00
2026-01-24 06:00:00,128.17,06:00:00
2026-01-24 06:15:00,128.3,06:15:00
2026-01-24 06:30:00,142.28,06:30:00
2026-01-24 06:45:00,142.14,06:45:00
2026-01-24 07:00:00,144.08,07:00:00
2026-01-24 07:15:00,143.78,07:15:00
2026-01-24 07:30:00,161.09,07:30:00
2026-01-24 07:45:00,160.96,07:45:00
2026-01-24 08:00:00,163.03,08:00:00
2026-01-24 08:15:00,162.69,08:15:00
2026-01-24 08:30:00,165.78,08:30:00
2026-01-24 08:45:00,165.82,08:45:00
2026-01-24 09:00:00,163.4,09:00:00
2026-01-24 09:15:00,163.8,09:15:00
2026-01-24 09:30:00,155.45,09:30:00
2026-01-24 09:45:00,155.48,09:45:00
2026-01-24 10:00:00,146.91,10:00:00
2026-01-24 10:15:00,146.91,10:15:00
2026-01-24 10:30:00,144.57,10:30:00
2026-01-24 10:45:00,144.73,10:45:00
2026-01-24 11:00:00,147.81,11:00:00
2026-01-24 11:15:00,148.01,11:15:00
2026-01-24 11:30:00,147.97,11:30:00
2026-01-24 11:45:00,148.11,11:45:00
2026-01-24 12:00:00,143.56,12:00:00
2026-01-24 12:15:00,143.87,12:15:00
2026-01-24 12:30:00,142.85,12:30:00
2026-01-24 12:45:00,143.07,12:45:00
2026-01-24 13:00:00,144.75,13:00:00
2026-01-24 13:15:00,145.04,13:15:00
2026-01-24 13:30:00,144.87,13:30:00
2026-01-24 13:45:00,144.11,13:45:00
2026-01-24 14:00:00,145.1,14:00:00
2026-01-24 14:15:00,145.14,14:15:00
2026-01-24 14:30:00,147.73,14:30:00
2026-01-24 14:45:00,146.81,14:45:00
2026-01-24 15:00:00,154.65,15:00:00
2026-01-24 15:15:00,154.72,15:15:00
2026-01-24 15:30:00,161.35,15:30:00
2026-01-24 15:45:00,161.35,15:45:00
2026-01-24 16:00:00,163.87,16:00:00
2026-01-24 16:15:00,164.01,16:15:00
2026-01-24 16:30:00,167.13,16:30:00
2026-01-24 16:45:00,167.16,16:45:00
2026-01-24 17:00:00,168.97,17:00:00
2026-01-24 17:15:00,168.84,17:15:00
2026-01-24 17:30:00,168.43,17:30:00
2026-01-24 17:45:00,168.38,17:45:00
2026-01-24 18:00:00,166.82,18:00:00
2026-01-24 18:15:00,166.39,18:15:00
2026-01-24 18:30:00,162.87,18:30:00
2026-01-24 18:45:00,162.83,18:45:00
2026-01-24 19:00:00,157.61,19:00:00
2026-01-24 19:15:00,157.68,19:15:00
2026-01-24 19:30:00,152.43,19:30:00
2026-01-24 19:45:00,152.17,19:45:00
2026-01-24 20:00:00,146.92,20:00:00
2026-01-24 20:15:00,146.85,20:15:00
2026-01-24 20:30:00,143.23,20:30:00
2026-01-24 20:45:00,142.91,20:45:00
2026-01-24 21:00:00,149.41,21:00:00
2026-01-24 21:15:00,149.39,21:15:00
2026-01-24 21:30:00,150.72,21:30:00
2026-01-24 21:45:00,150.15,21:45:00
2026-01-24 22:00:00,155.64,22:00:00
2026-01-24 22:15:00,155.97,22:15:00
2026-01-24 22:30:00,153.45,22:30:00
2026-01-24 22:45:00,153.34,22:45:00
2026-01-24 23:00:00,152.1,23:00:00
2026-01-24 23:15:00,152.09,23:15:00
2026-01-24 23:30:00,155.13,23:30:00
2026-01-24 23:45:00,155.12,23:45:00
2026-01-25 00:00:00,153.86,00:00:00
2026-01-25 00:15:00,153.84,00:15:00
2026-01-25 00:30:00,154.42,00:30:00
2026-01-25 00:45:00,154.42,00:45:00
2026-01-25 01:00:00,153.81,01:00:00
2026-01-25 01:15:00,153.79,01:15:00
2026-01-25 01:30:00,152.53,01:30:00
2026-01-25 01:45:00,152.52,01:45:00
2026-01-25 02:00:00,154.04,02:00:00
2026-01-25 02:15:00,154.02,02:15:00
2026-01-25 02:30:00,154.27,02:30:00
2026-01-25 02:45:00,154.26,02:45:00
2026-01-25 03:00:00,155.12,03:00:00
2026-01-25 03:15:00,155.1,03:15:00
2026-01-25 03:30:00,154.97,03:30:00
2026-01-25 03:45:00,154.99,03:45:00
2026-01-25 04:00:00,151.34,04:00:00
2026-01-25 04:15:00,151.3,04:15:00
2026-01-25 04:30:00,148.22,04:30:00
2026-01-25 04:45:00,148.25,04:45:00
2026-01-25 05:00:00,147.62,05:00:00
2026-01-25 05:15:00,147.57,05:15:00
2026-01-25 05:30:00,149.6,05:30:00
2026-01-25 05:45:00,149.65,05:45:00
2026-01-25 06:00:00,154.97,06:00:00
2026-01-25 06:15:00,154.98,06:15:00
2026-01-25 06:30:00,158.95,06:30:00
2026-01-25 06:45:00,158.96,06:45:00
2026-01-25 07:00:00,164.39,07:00:00
2026-01-25 07:15:00,164.37,07:15:00
2026-01-25 07:30:00,165.05,07:30:00
2026-01-25 07:45:00,165.07,07:45:00
2026-01-25 08:00:00,161.98,08:00:00
2026-01-25 08:15:00,161.96,08:15:00
2026-01-25 08:30:00,167.82,08:30:00
2026-01-25 08:45:00,167.71,08:45:00
2026-01-25 09:00:00,167.22,09:00:00
2026-01-25 09:15:00,166.94,09:15:00
2026-01-25 09:30:00,168.94,09:30:00
2026-01-25 09:45:00,169.14,09:45:00
2026-01-25 10:00:00,167.19,10:00:00
2026-01-25 10:15:00,166.93,10:15:00
2026-01-25 10:30:00,165.53,10:30:00
2026-01-25 10:45:00,165.74,10:45:00
2026-01-25 11:00:00,163.19,11:00:00
2026-01-25 11:15:00,163.34,11:15:00
2026-01-25 11:30:00,167.1,11:30:00
2026-01-25 11:45:00,167.27,11:45:00
2026-01-25 12:00:00,166.75,12:00:00
2026-01-25 12:15:00,166.75,12:15:00
2026-01-25 12:30:00,169.65,12:30:00
2026-01-25 12:45:00,169.75,12:45:00
2026-01-25 13:00:00,177.57,13:00:00
2026-01-25 13:15:00,177.39,13:15:00
2026-01-25 13:30:00,183.09,13:30:00
2026-01-25 13:45:00,182.91,13:45:00
2026-01-25 14:00:00,191.02,14:00:00
2026-01-25 14:15:00,191.43,14:15:00
2026-01-25 14:30:00,200.24,14:30:00
2026-01-25 14:45:00,200.21,14:45:00
2026-01-25 15:00:00,208.61,15:00:00
2026-01-25 15:15:00,208.89,15:15:00
2026-01-25 15:30:00,215.72,15:30:00
2026-01-25 15:45:00,215.84,15:45:00
2026-01-25 16:00:00,220.46,16:00:00
2026-01-25 16:15:00,220.55,16:15:00
2026-01-25 16:30:00,227.91,16:30:00
2026-01-25 16:45:00,227.96,16:45:00
2026-01-25 17:00:00,225.91,17:00:00
2026-01-25 17:15:00,225.28,17:15:00
2026-01-25 17:30:00,219.52,17:30:00
2026-01-25 17:45:00,219.39,17:45:00
2026-01-25 18:00:00,224.08,18:00:00
2026-01-25 18:15:00,223.99,18:15:00
2026-01-25 18:30:00,224.81,18:30:00
2026-01-25 18:45:00,224.59,18:45:00
2026-01-25 19:00:00,227.27,19:00:00
2026-01-25 19:15:00,227.15,19:15:00
2026-01-25 19:30:00,229.65,19:30:00
2026-01-25 19:45:00,229.68,19:45:00
2026-01-25 20:00:00,231.3,20:00:00
2026-01-25 20:15:00,231.43,20:15:00
2026-01-25 20:30:00,232.9,20:30:00
2026-01-25 20:45:00,233.26,20:45:00
2026-01-25 21:00:00,243.5,21:00:00
2026-01-25 21:15:00,243.85,21:15:00
2026-01-25 21:30:00,246.83,21:30:00
2026-01-25 21:45:00,246.47,21:45:00
2026-01-25 22:00:00,248.42,22:00:00
2026-01-25 22:15:00,248.55,22:15:00
2026-01-25 22:30:00,245.51,22:30:00
2026-01-25 22:45:00,245.05,22:45:00
2026-01-25 23:00:00,237.52,23:00:00
2026-01-25 23:15:00,236.79,23:15:00
2026-01-25 23:30:00,232.93,23:30:00
2026-01-25 23:45:00,232.47,23:45:00
2026-01-26 00:00:00,226.82,00:00:00
2026-01-26 00:15:00,226.68,00:15:00
2026-01-26 00:30:00,227.05,00:30:00
2026-01-26 00:45:00,226.97,00:45:00
2026-01-26 01:00:00,228.73,01:00:00
2026-01-26 01:15:00,229.21,01:15:00
2026-01-26 01:30:00,226.25,01:30:00
2026-01-26 01:45:00,226.34,01:45:00
2026-01-26 02:00:00,224.71,02:00:00
2026-01-26 02:15:00,224.46,02:15:00
2026-01-26 02:30:00,222.9,02:30:00
2026-01-26 02:45:00,223.32,02:45:00
2026-01-26 03:00:00,223.08,03:00:00
2026-01-26 03:15:00,223.5,03:15:00
2026-01-26 03:30:00,222.52,03:30:00
2026-01-26 03:45:00,222.3,03:45:00
2026-01-26 04:00:00,230.74,04:00:00
2026-01-26 04:15:00,230.75,04:15:00
2026-01-26 04:30:00,230.86,04:30:00
2026-01-26 04:45:00,230.99,04:45:00
2026-01-26 05:00:00,256.28,05:00:00
2026-01-26 05:15:00,256.23,05:15:00
2026-01-26 05:30:00,261.87,05:30:00
2026-01-26 05:45:00,262.08,05:45:00
2026-01-26 06:00:00,271.52,06:00:00
2026-01-26 06:15:00,271.58,06:15:00
2026-01-26 06:30:00,281.56,06:30:00
2026-01-26 06:45:00,281.79,06:45:00
2026-01-26 07:00:00,284.22,07:00:00
2026-01-26 07:15:00,284.22,07:15:00
2026-01-26 07:30:00,286.07,07:30:00
2026-01-26 07:45:00,285.72,07:45:00
2026-01-26 08:00:00,282.67,08:00:00
2026-01-26 08:15:00,282.59,08:15:00
2026-01-26 08:30:00,281.09,08:30:00
2026-01-26 08:45:00,280.73,08:45:00
2026-01-26 09:00:00,267.88,09:00:00
2026-01-26 09:15:00,267.87,09:15:00
2026-01-26 09:30:00,268.72,09:30:00
2026-01-26 09:45:00,268.79,09:45:00
2026-01-26 10:00:00,263.75,10:00:00
2026-01-26 10:15:00,263.76,10:15:00
2026-01-26 10:30:00,262.02,10:30:00
2026-01-26 10:45:00,261.98,10:45:00
2026-01-26 11:00:00,253.85,11:00:00
2026-01-26 11:15:00,253.71,11:15:00
2026-01-26 11:30:00,252.81,11:30:00
2026-01-26 11:45:00,252.67,11:45:00
2026-01-26 12:00:00,247.85,12:00:00
2026-01-26 12:15:00,247.75,12:15:00
2026-01-26 12:30:00,245.77,12:30:00
2026-01-26 12:45:00,245.89,12:45:00
2026-01-26 13:00:00,245.31,13:00:00
2026-01-26 13:15:00,245.37,13:15:00
2026-01-26 13:30:00,245.77,13:30:00
2026-01-26 13:45:00,245.88,13:45:00
2026-01-26 14:00:00,245.33,14:00:00
2026-01-26 14:15:00,245.51,14:15:00
2026-01-26 14:30:00,243.95,14:30:00
2026-01-26 14:45:00,244.09,14:45:00
2026-01-26 15:00:00,240.55,15:00:00
2026-01-26 15:15:00,240.58,15:15:00
2026-01-26 15:30:00,241.02,15:30:00
2026-01-26 15:45:00,241.09,15:45:00
2026-01-26 16:00:00,244.33,16:00:00
2026-01-26 16:15:00,244.33,16:15:00
2026-01-26 16:30:00,247.59,16:30:00
2026-01-26 16:45:00,247.6,16:45:00
2026-01-26 17:00:00,258.27,17:00:00
2026-01-26 17:15:00,258.26,17:15:00
2026-01-26 17:30:00,255.95,17:30:00
2026-01-26 17:45:00,255.94,17:45:00
2026-01-26 18:00:00,251.2,18:00:00
2026-01-26 18:15:00,251.18,18:15:00
2026-01-26 18:30:00,245.95,18:30:00
2026-01-26 18:45:00,245.96,18:45:00
2026-01-26 19:00:00,238.51,19:00:00
2026-01-26 19:15:00,238.49,19:15:00
2026-01-26 19:30:00,233.04,19:30:00
2026-01-26 19:45:00,232.89,19:45:00
2026-01-26 20:00:00,223.03,20:00:00
2026-01-26 20:15:00,222.86,20:15:00
2026-01-26 20:30:00,209.58,20:30:00
2026-01-26 20:45:00,209.47,20:45:00
2026-01-26 21:00:00,201.7,21:00:00
2026-01-26 21:15:00,201.62,21:15:00
2026-01-26 21:30:00,190.96,21:30:00
2026-01-26 21:45:00,190.84,21:45:00
2026-01-26 22:00:00,173.58,22:00:00
2026-01-26 22:15:00,173.43,22:15:00
2026-01-26 22:30:00,164.48,22:30:00
2026-01-26 22:45:00,164.41,22:45:00
2026-01-26 23:00:00,138.24,23:00:00
2026-01-26 23:15:00,137.91,23:15:00
2026-01-26 23:30:00,115.83,23:30:00
2026-01-26 23:45:00,115.78,23:45:00
2026-01-27 00:00:00,108.3,00:00:00
2026-01-27 00:15:00,108.26,00:15:00
2026-01-27 00:30:00,107.52,00:30:00
2026-01-27 00:45:00,107.49,00:45:00
2026-01-27 01:00:00,109.66,01:00:00
2026-01-27 01:15:00,109.67,01:15:00
2026-01-27 01:30:00,99.58,01:30:00
2026-01-27 01:45:00,99.61,01:45:00
2026-01-27 02:00:00,94.08,02:00:00
2026-01-27 02:15:00,94.09,02:15:00
2026-01-27 02:30:00,97.51,02:30:00
2026-01-27 02:45:00,97.52,02:45:00
2026-01-27 03:00:00,95.35,03:00:00
2026-01-27 03:15:00,95.34,03:15:00
2026-01-27 03:30:00,87.28,03:30:00
2026-01-27 03:45:00,87.27,03:45:00
2026-01-27 04:00:00,87.61,04:00:00
2026-01-27 04:15:00,87.64,04:15:00
2026-01-27 04:30:00,94.96,04:30:00
2026-01-27 04:45:00,94.91,04:45:00
2026-01-27 05:00:00,99.54,05:00:00
2026-01-27 05:15:00,99.53,05:15:00
2026-01-27 05:30:00,101.66,05:30:00
2026-01-27 05:45:00,101.71,05:45:00
2026-01-27 06:00:00,110.92,06:00:00
2026-01-27 06:15:00,110.97,06:15:00
2026-01-27 06:30:00,129.42,06:30:00
2026-01-27 06:45:00,129.49,06:45:00
2026-01-27 07:00:00,151.54,07:00:00
2026-01-27 07:15:00,151.59,07:15:00
2026-01-27 07:30:00,160.35,07:30:00
2026-01-27 07:45:00,160.33,07:45:00
2026-01-27 08:00:00,161.64,08:00:00
2026-01-27 08:15:00,161.63,08:15:00
2026-01-27 08:30:00,167.12,08:30:00
2026-01-27 08:45:00,167.11,08:45:00
2026-01-27 09:00:00,166.37,09:00:00
2026-01-27 09:15:00,166.34,09:15:00
2026-01-27 09:30:00,167.79,09:30:00
2026-01-27 09:45:00,167.78,09:45:00
2026-01-27 10:00:00,163.35,10:00:00
2026-01-27 10:15:00,163.42,10:15:00
2026-01-27 10:30:00,161.22,10:30:00
2026-01-27 10:45:00,161.57,10:45:00
2026-01-27 11:00:00,162.56,11:00:00
2026-01-27 11:15:00,162.51,11:15:00
2026-01-27 11:30:00,162.55,11:30:00
2026-01-27 11:45:00,162.71,11:45:00
2026-01-27 12:00:00,162.65,12:00:00
2026-01-27 12:15:00,162.66,12:15:00
2026-01-27 12:30:00,162.3,12:30:00
2026-01-27 12:45:00,162.41,12:45:00
2026-01-27 13:00:00,163.39,13:00:00
2026-01-27 13:15:00,163.38,13:15:00
2026-01-27 13:30:00,163.66,13:30:00
2026-01-27 13:45:00,163.62,13:45:00
2026-01-27 14:00:00,164.85,14:00:00
2026-01-27 14:15:00,164.94,14:15:00
2026-01-27 14:30:00,167.46,14:30:00
2026-01-27 14:45:00,167.54,14:45:00
2026-01-27 15:00:00,170.28,15:00:00
2026-01-27 15:15:00,170.35,15:15:00
2026-01-27 15:30:00,174.04,15:30:00
2026-01-27 15:45:00,173.68,15:45:00
2026-01-27 16:00:00,173.36,16:00:00
2026-01-27 16:15:00,173.46,16:15:00
2026-01-27 16:30:00,177.26,16:30:00
2026-01-27 16:45:00,177.6,16:45:00
2026-01-27 17:00:00,185.54,17:00:00
2026-01-27 17:15:00,185.42,17:15:00
2026-01-27 17:30:00,189.52,17:30:00
2026-01-27 17:45:00,189.77,17:45:00
2026-01-27 18:00:00,192.58,18:00:00
2026-01-27 18:15:00,192.4,18:15:00
2026-01-27 18:30:00,190.99,18:30:00
2026-01-27 18:45:00,190.76,18:45:00
2026-01-27 19:00:00,184.31,19:00:00
2026-01-27 19:15:00,184.26,19:15:00
2026-01-27 19:30:00,180.18,19:30:00
2026-01-27 19:45:00,180.02,19:45:00
2026-01-27 20:00:00,175.36,20:00:00
2026-01-27 20:15:00,175.53,20:15:00
2026-01-27 20:30:00,175.31,20:30:00
2026-01-27 20:45:00,175.39,20:45:00
2026-01-27 21:00:00,182.85,21:00:00
2026-01-27 21:15:00,182.95,21:15:00
2026-01-27 21:30:00,178.97,21:30:00
2026-01-27 21:45:00,178.85,21:45:00
2026-01-27 22:00:00,178.47,22:00:00
2026-01-27 22:15:00,178.38,22:15:00
2026-01-27 22:30:00,177.31,22:30:00
2026-01-27 22:45:00,176.89,22:45:00
2026-01-27 23:00:00,180.09,23:00:00
2026-01-27 23:15:00,179.63,23:15:00
2026-01-27 23:30:00,181.0,23:30:00
2026-01-27 23:45:00,180.51,23:45:00
2026-01-28 00:00:00,181.74,00:00:00
2026-01-28 00:15:00,181.25,00:15:00
2026-01-28 00:30:00,190.1,00:30:00
2026-01-28 00:45:00,189.96,00:45:00
2026-01-28 01:00:00,192.06,01:00:00
2026-01-28 01:15:00,191.59,01:15:00
2026-01-28 01:30:00,195.34,01:30:00
2026-01-28 01:45:00,195.72,01:45:00
2026-01-28 02:00:00,193.6,02:00:00
2026-01-28 02:15:00,194.04,02:15:00
2026-01-28 02:30:00,198.66,02:30:00
2026-01-28 02:45:00,198.81,02:45:00
2026-01-28 03:00:00,202.64,03:00:00
2026-01-28 03:15:00,202.52,03:15:00
2026-01-28 03:30:00,207.36,03:30:00
2026-01-28 03:45:00,207.74,03:45:00
2026-01-28 04:00:00,218.03,04:00:00
2026-01-28 04:15:00,218.4,04:15:00
2026-01-28 04:30:00,225.09,04:30:00
2026-01-28 04:45:00,224.9,04:45:00
2026-01-28 05:00:00,250.32,05:00:00
2026-01-28 05:15:00,251.21,05:15:00
2026-01-28 05:30:00,262.18,05:30:00
2026-01-28 05:45:00,263.28,05:45:00
2026-01-28 06:00:00,287.17,06:00:00
2026-01-28 06:15:00,287.05,06:15:00
2026-01-28 06:30:00,295.37,06:30:00
2026-01-28 06:45:00,295.42,06:45:00
2026-01-28 07:00:00,305.98,07:00:00
2026-01-28 07:15:00,305.99,07:15:00
2026-01-28 07:30:00,308.69,07:30:00
2026-01-28 07:45:00,308.81,07:45:00
2026-01-28 08:00:00,312.16,08:00:00
2026-01-28 08:15:00,312.24,08:15:00
2026-01-28 08:30:00,307.52,08:30:00
2026-01-28 08:45:00,307.14,08:45:00
2026-01-28 09:00:00,292.07,09:00:00
2026-01-28 09:15:00,291.94,09:15:00
2026-01-28 09:30:00,282.82,09:30:00
2026-01-28 09:45:00,283.0,09:45:00
2026-01-28 10:00:00,269.63,10:00:00
2026-01-28 10:15:00,269.62,10:15:00
2026-01-28 10:30:00,262.48,10:30:00
2026-01-28 10:45:00,262.59,10:45:00
2026-01-28 11:00:00,260.19,11:00:00
2026-01-28 11:15:00,260.19,11:15:00
2026-01-28 11:30:00,257.43,11:30:00
2026-01-28 11:45:00,257.44,11:45:00
2026-01-28 12:00:00,255.52,12:00:00
2026-01-28 12:15:00,255.53,12:15:00
2026-01-28 12:30:00,257.07,12:30:00
2026-01-28 12:45:00,257.16,12:45:00
2026-01-28 13:00:00,264.37,13:00:00
2026-01-28 13:15:00,264.47,13:15:00
2026-01-28 13:30:00,270.39,13:30:00
2026-01-28 13:45:00,270.35,13:45:00
2026-01-28 14:00:00,272.78,14:00:00
2026-01-28 14:15:00,272.76,14:15:00
2026-01-28 14:30:00,275.64,14:30:00
2026-01-28 14:45:00,275.69,14:45:00
2026-01-28 15:00:00,278.19,15:00:00
2026-01-28 15:15:00,278.06,15:15:00
2026-01-28 15:30:00,282.46,15:30:00
2026-01-28 15:45:00,282.44,15:45:00
2026-01-28 16:00:00,287.15,16:00:00
2026-01-28 16:15:00,286.98,16:15:00
2026-01-28 16:30:00,288.92,16:30:00
2026-01-28 16:45:00,288.56,16:45:00
2026-01-28 17:00:00,300.53,17:00:00
2026-01-28 17:15:00,299.92,17:15:00
2026-01-28 17:30:00,299.49,17:30:00
2026-01-28 17:45:00,299.38,17:45:00
2026-01-28 18:00:00,297.33,18:00:00
2026-01-28 18:15:00,296.84,18:15:00
2026-01-28 18:30:00,295.59,18:30:00
2026-01-28 18:45:00,296.11,18:45:00
2026-01-28 19:00:00,290.9,19:00:00
2026-01-28 19:15:00,290.93,19:15:00
2026-01-28 19:30:00,287.87,19:30:00
2026-01-28 19:45:00,287.58,19:45:00
2026-01-28 20:00:00,284.76,20:00:00
2026-01-28 20:15:00,284.28,20:15:00
2026-01-28 20:30:00,278.83,20:30:00
2026-01-28 20:45:00,278.68,20:45:00
2026-01-28 21:00:00,275.53,21:00:00
2026-01-28 21:15:00,275.09,21:15:00
2026-01-28 21:30:00,271.55,21:30:00
2026-01-28 21:45:00,271.33,21:45:00
2026-01-28 22:00:00,262.77,22:00:00
2026-01-28 22:15:00,262.6,22:15:00
2026-01-28 22:30:00,254.55,22:30:00
2026-01-28 22:45:00,254.74,22:45:00
2026-01-28 23:00:00,236.72,23:00:00
2026-01-28 23:15:00,236.69,23:15:00
2026-01-28 23:30:00,231.02,23:30:00
2026-01-28 23:45:00,230.98,23:45:00
2026-01-29 00:00:00,226.38,00:00:00
2026-01-29 00:15:00,226.18,00:15:00
2026-01-29 00:30:00,224.16,00:30:00
2026-01-29 00:45:00,224.33,00:45:00
2026-01-29 01:00:00,227.66,01:00:00
2026-01-29 01:15:00,227.69,01:15:00
2026-01-29 01:30:00,224.95,01:30:00
2026-01-29 01:45:00,224.96,01:45:00
2026-01-29 02:00:00,229.98,02:00:00
2026-01-29 02:15:00,230.57,02:15:00
2026-01-29 02:30:00,231.81,02:30:00
2026-01-29 02:45:00,232.18,02:45:00
2026-01-29 03:00:00,232.69,03:00:00
2026-01-29 03:15:00,233.3,03:15:00
2026-01-29 03:30:00,234.92,03:30:00
2026-01-29 03:45:00,235.02,03:45:00
2026-01-29 04:00:00,235.62,04:00:00
2026-01-29 04:15:00,235.55,04:15:00
2026-01-29 04:30:00,237.51,04:30:00
2026-01-29 04:45:00,237.42,04:45:00
2026-01-29 05:00:00,244.02,05:00:00
2026-01-29 05:15:00,244.33,05:15:00
2026-01-29 05:30:00,247.72,05:30:00
2026-01-29 05:45:00,247.79,05:45:00
2026-01-29 06:00:00,256.24,06:00:00
2026-01-29 06:15:00,256.3,06:15:00
2026-01-29 06:30:00,261.43,06:30:00
2026-01-29 06:45:00,261.88,06:45:00
2026-01-29 07:00:00,264.05,07:00:00
2026-01-29 07:15:00,264.01,07:15:00
2026-01-29 07:30:00,265.66,07:30:00
2026-01-29 07:45:00,265.58,07:45:00
2026-01-29 08:00:00,264.0,08:00:00
2026-01-29 08:15:00,264.0,08:15:00
2026-01-29 08:30:00,263.13,08:30:00
2026-01-29 08:45:00,262.54,08:45:00
2026-01-29 09:00:00,263.89,09:00:00
2026-01-29 09:15:00,263.89,09:15:00
2026-01-29 09:30:00,263.48,09:30:00
2026-01-29 09:45:00,263.48,09:45:00
2026-01-29 10:00:00,261.88,10:00:00
2026-01-29 10:15:00,261.88,10:15:00
2026-01-29 10:30:00,259.43,10:30:00
2026-01-29 10:45:00,259.43,10:45:00
2026-01-29 11:00:00,257.11,11:00:00
2026-01-29 11:15:00,257.11,11:15:00
2026-01-29 11:30:00,255.01,11:30:00
2026-01-29 11:45:00,255.01,11:45:00
2026-01-29 12:00:00,245.28,12:00:00
2026-01-29 12:15:00,245.27,12:15:00
2026-01-29 12:30:00,244.95,12:30:00
2026-01-29 12:45:00,244.97,12:45:00
2026-01-29 13:00:00,245.24,13:00:00
2026-01-29 13:15:00,245.28,13:15:00
2026-01-29 13:30:00,245.68,13:30:00
2026-01-29 13:45:00,245.78,13:45:00
2026-01-29 14:00:00,247.37,14:00:00
2026-01-29 14:15:00,247.38,14:15:00
2026-01-29 14:30:00,250.16,14:30:00
2026-01-29 14:45:00,250.18,14:45:00
2026-01-29 15:00:00,249.55,15:00:00
2026-01-29 15:15:00,249.6,15:15:00
2026-01-29 15:30:00,248.6,15:30:00
2026-01-29 15:45:00,248.58,15:45:00
2026-01-29 16:00:00,251.54,16:00:00
2026-01-29 16:15:00,251.54,16:15:00
2026-01-29 16:30:00,252.6,16:30:00
2026-01-29 16:45:00,252.62,16:45:00
2026-01-29 17:00:00,253.55,17:00:00
2026-01-29 17:15:00,253.44,17:15:00
2026-01-29 17:30:00,251.39,17:30:00
2026-01-29 17:45:00,251.26,17:45:00
2026-01-29 18:00:00,251.53,18:00:00
2026-01-29 18:15:00,251.46,18:15:00
2026-01-29 18:30:00,250.54,18:30:00
2026-01-29 18:45:00,250.6,18:45:00
2026-01-29 19:00:00,247.72,19:00:00
2026-01-29 19:15:00,247.71,19:15:00
2026-01-29 19:30:00,241.71,19:30:00
2026-01-29 19:45:00,241.69,19:45:00
2026-01-29 20:00:00,224.27,20:00:00
2026-01-29 20:15:00,224.07,20:15:00
2026-01-29 20:30:00,214.2,20:30:00
2026-01-29 20:45:00,214.21,20:45:00
2026-01-29 21:00:00,211.75,21:00:00
2026-01-29 21:15:00,211.71,21:15:00
2026-01-29 21:30:00,206.69,21:30:00
2026-01-29 21:45:00,206.68,21:45:00
2026-01-29 22:00:00,201.36,22:00:00
2026-01-29 22:15:00,201.2,22:15:00
2026-01-29 22:30:00,187.95,22:30:00
2026-01-29 22:45:00,187.31,22:45:00
2026-01-29 23:00:00,168.12,23:00:00
2026-01-29 23:15:00,167.42,23:15:00
2026-01-29 23:30:00,154.91,23:30:00
2026-01-29 23:45:00,154.55,23:45:00
2026-01-30 00:00:00,145.99,00:00:00
2026-01-30 00:15:00,145.78,00:15:00
2026-01-30 00:30:00,146.94,00:30:00
2026-01-30 00:45:00,147.21,00:45:00
2026-01-30 01:00:00,150.25,01:00:00
2026-01-30 01:15:00,150.73,01:15:00
2026-01-30 01:30:00,144.86,01:30:00
2026-01-30 01:45:00,145.25,01:45:00
2026-01-30 02:00:00,138.83,02:00:00
2026-01-30 02:15:00,138.76,02:15:00
2026-01-30 02:30:00,136.65,02:30:00
2026-01-30 02:45:00,136.71,02:45:00
2026-01-30 03:00:00,138.21,03:00:00
2026-01-30 03:15:00,138.21,03:15:00
2026-01-30 03:30:00,135.36,03:30:00
2026-01-30 03:45:00,135.38,03:45:00
2026-01-30 04:00:00,135.03,04:00:00
2026-01-30 04:15:00,135.19,04:15:00
2026-01-30 04:30:00,133.47,04:30:00
2026-01-30 04:45:00,133.41,04:45:00
2026-01-30 05:00:00,143.87,05:00:00
2026-01-30 05:15:00,143.93,05:15:00
2026-01-30 05:30:00,150.71,05:30:00
2026-01-30 05:45:00,150.93,05:45:00
2026-01-30 06:00:00,154.56,06:00:00
2026-01-30 06:15:00,154.59,06:15:00
2026-01-30 06:30:00,172.88,06:30:00
2026-01-30 06:45:00,173.05,06:45:00
2026-01-30 07:00:00,180.05,07:00:00
2026-01-30 07:15:00,180.06,07:15:00
2026-01-30 07:30:00,184.18,07:30:00
2026-01-30 07:45:00,184.24,07:45:00
2026-01-30 08:00:00,181.82,08:00:00
2026-01-30 08:15:00,181.82,08:15:00
2026-01-30 08:30:00,184.13,08:30:00
2026-01-30 08:45:00,183.94,08:45:00
2026-01-30 09:00:00,172.81,09:00:00
2026-01-30 09:15:00,172.56,09:15:00
2026-01-30 09:30:00,173.98,09:30:00
2026-01-30 09:45:00,173.99,09:45:00
2026-01-30 10:00:00,169.45,10:00:00
2026-01-30 10:15:00,169.01,10:15:00
2026-01-30 10:30:00,165.13,10:30:00
2026-01-30 10:45:00,164.91,10:45:00
2026-01-30 11:00:00,160.74,11:00:00
2026-01-30 11:15:00,160.32,11:15:00
2026-01-30 11:30:00,160.44,11:30:00
2026-01-30 11:45:00,159.97,11:45:00
2026-01-30 12:00:00,159.3,12:00:00
2026-01-30 12:15:00,158.99,12:15:00
2026-01-30 12:30:00,159.94,12:30:00
2026-01-30 12:45:00,160.04,12:45:00
2026-01-30 13:00:00,159.36,13:00:00
2026-01-30 13:15:00,159.55,13:15:00
2026-01-30 13:30:00,162.87,13:30:00
2026-01-30 13:45:00,163.2,13:45:00
2026-01-30 14:00:00,165.68,14:00:00
2026-01-30 14:15:00,166.11,14:15:00
2026-01-30 14:30:00,168.44,14:30:00
2026-01-30 14:45:00,168.55,14:45:00
2026-01-30 15:00:00,172.45,15:00:00
2026-01-30 15:15:00,172.39,15:15:00
2026-01-30 15:30:00,174.0,15:30:00
2026-01-30 15:45:00,173.93,15:45:00
2026-01-30 16:00:00,175.77,16:00:00
2026-01-30 16:15:00,175.41,16:15:00
2026-01-30 16:30:00,177.79,16:30:00
2026-01-30 16:45:00,177.73,16:45:00
2026-01-30 17:00:00,178.1,17:00:00
2026-01-30 17:15:00,177.84,17:15:00
2026-01-30 17:30:00,179.15,17:30:00
2026-01-30 17:45:00,179.17,17:45:00
2026-01-30 18:00:00,175.14,18:00:00
2026-01-30 18:15:00,175.02,18:15:00
2026-01-30 18:30:00,170.64,18:30:00
2026-01-30 18:45:00,170.56,18:45:00
2026-01-30 19:00:00,163.76,19:00:00
2026-01-30 19:15:00,163.47,19:15:00
2026-01-30 19:30:00,157.03,19:30:00
2026-01-30 19:45:00,157.08,19:45:00
2026-01-30 20:00:00,149.35,20:00:00
2026-01-30 20:15:00,149.34,20:15:00
2026-01-30 20:30:00,145.28,20:30:00
2026-01-30 20:45:00,144.93,20:45:00
2026-01-30 21:00:00,131.28,21:00:00
2026-01-30 21:15:00,131.07,21:15:00
2026-01-30 21:30:00,109.28,21:30:00
2026-01-30 21:45:00,109.56,21:45:00
2026-01-30 22:00:00,109.62,22:00:00
2026-01-30 22:15:00,110.34,22:15:00
2026-01-30 22:30:00,110.2,22:30:00
2026-01-30 22:45:00,110.55,22:45:00
2026-01-30 23:00:00,107.96,23:00:00
2026-01-30 23:15:00,107.84,23:15:00
2026-01-30 23:30:00,107.75,23:30:00
2026-01-30 23:45:00,107.42,23:45:00
2026-01-31 00:00:00,108.03,00:00:00
2026-01-31 00:15:00,108.39,00:15:00
2026-01-31 00:30:00,110.31,00:30:00
2026-01-31 00:45:00,110.24,00:45:00
2026-01-31 01:00:00,118.2,01:00:00
2026-01-31 01:15:00,118.29,01:15:00
2026-01-31 01:30:00,117.04,01:30:00
2026-01-31 01:45:00,116.98,01:45:00
2026-01-31 02:00:00,113.72,02:00:00
2026-01-31 02:15:00,113.58,02:15:00
2026-01-31 02:30:00,116.56,02:30:00
2026-01-31 02:45:00,116.35,02:45:00
2026-01-31 03:00:00,114.5,03:00:00
2026-01-31 03:15:00,114.41,03:15:00
2026-01-31 03:30:00,119.53,03:30:00
2026-01-31 03:45:00,119.9,03:45:00
2026-01-31 04:00:00,122.29,04:00:00
2026-01-31 04:15:00,121.99,04:15:00
2026-01-31 04:30:00,124.2,04:30:00
2026-01-31 04:45:00,123.62,04:45:00
2026-01-31 05:00:00,125.49,05:00:00
2026-01-31 05:15:00,125.41,05:15:00
2026-01-31 05:30:00,129.42,05:30:00
2026-01-31 05:45:00,129.36,05:45:00
2026-01-31 06:00:00,142.8,06:00:00
2026-01-31 06:15:00,143.09,06:15:00
2026-01-31 06:30:00,163.79,06:30:00
2026-01-31 06:45:00,163.2,06:45:00
2026-01-31 07:00:00,167.03,07:00:00
2026-01-31 07:15:00,166.55,07:15:00
2026-01-31 07:30:00,173.27,07:30:00
2026-01-31 07:45:00,173.23,07:45:00
2026-01-31 08:00:00,174.27,08:00:00
2026-01-31 08:15:00,174.31,08:15:00
2026-01-31 08:30:00,177.15,08:30:00
2026-01-31 08:45:00,177.1,08:45:00
2026-01-31 09:00:00,179.18,09:00:00
2026-01-31 09:15:00,179.2,09:15:00
2026-01-31 09:30:00,182.47,09:30:00
2026-01-31 09:45:00,182.69,09:45:00
2026-01-31 10:00:00,184.29,10:00:00
2026-01-31 10:15:00,184.33,10:15:00
2026-01-31 10:30:00,189.1,10:30:00
2026-01-31 10:45:00,188.87,10:45:00
2026-01-31 11:00:00,189.65,11:00:00
2026-01-31 11:15:00,189.7,11:15:00
2026-01-31 11:30:00,188.72,11:30:00
2026-01-31 11:45:00,188.87,11:45:00
2026-01-31 12:00:00,189.96,12:00:00
2026-01-31 12:15:00,189.8,12:15:00
2026-01-31 12:30:00,193.47,12:30:00
2026-01-31 12:45:00,193.55,12:45:00
2026-01-31 13:00:00,196.28,13:00:00
2026-01-31 13:15:00,196.49,13:15:00
2026-01-31 13:30:00,202.17,13:30:00
2026-01-31 13:45:00,202.22,13:45:00
2026-01-31 14:00:00,208.72,14:00:00
2026-01-31 14:15:00,208.85,14:15:00
2026-01-31 14:30:00,216.83,14:30:00
2026-01-31 14:45:00,216.42,14:45:00
2026-01-31 15:00:00,223.18,15:00:00
2026-01-31 15:15:00,223.17,15:15:00
2026-01-31 15:30:00,227.99,15:30:00
2026-01-31 15:45:00,227.43,15:45:00
2026-01-31 16:00:00,228.61,16:00:00
2026-01-31 16:15:00,228.69,16:15:00
2026-01-31 16:30:00,232.77,16:30:00
2026-01-31 16:45:00,232.81,16:45:00
2026-01-31 17:00:00,236.49,17:00:00
2026-01-31 17:15:00,236.51,17:15:00
2026-01-31 17:30:00,239.5,17:30:00
2026-01-31 17:45:00,239.68,17:45:00
2026-01-31 18:00:00,241.16,18:00:00
2026-01-31 18:15:00,241.15,18:15:00
2026-01-31 18:30:00,239.7,18:30:00
2026-01-31 18:45:00,239.76,18:45:00
2026-01-31 19:00:00,235.33,19:00:00
2026-01-31 19:15:00,235.34,19:15:00
2026-01-31 19:30:00,232.94,19:30:00
2026-01-31 19:45:00,233.01,19:45:00
2026-01-31 20:00:00,229.65,20:00:00
2026-01-31 20:15:00,229.28,20:15:00
2026-01-31 20:30:00,222.19,20:30:00
2026-01-31 20:45:00,222.1,20:45:00
2026-01-31 21:00:00,216.96,21:00:00
2026-01-31 21:15:00,217.16,21:15:00
2026-01-31 21:30:00,207.64,21:30:00
2026-01-31 21:45:00,207.69,21:45:00
2026-01-31 22:00:00,193.61,22:00:00
2026-01-31 22:15:00,193.43,22:15:00
2026-01-31 22:30:00,191.27,22:30:00
2026-01-31 22:45:00,190.84,22:45:00
2026-01-31 23:00:00,186.11,23:00:00
2026-01-31 23:15:00,186.48,23:15:00
2026-01-31 23:30:00,185.36,23:30:00
2026-01-31 23:45:00,185.67,23:45:00
2026-02-01 00:00:00,183.48,00:00:00
2026-02-01 00:15:00,183.69,00:15:00
2026-02-01 00:30:00,185.25,00:30:00
2026-02-01 00:45:00,185.03,00:45:00
2026-02-01 01:00:00,188.04,01:00:00
2026-02-01 01:15:00,187.76,01:15:00
2026-02-01 01:30:00,186.23,01:30:00
2026-02-01 01:45:00,186.64,01:45:00
2026-02-01 02:00:00,190.8,02:00:00
2026-02-01 02:15:00,190.85,02:15:00
2026-02-01 02:30:00,190.74,02:30:00
2026-02-01 02:45:00,190.53,02:45:00
2026-02-01 03:00:00,184.76,03:00:00
2026-02-01 03:15:00,184.59,03:15:00
2026-02-01 03:30:00,182.63,03:30:00
2026-02-01 03:45:00,182.08,03:45:00
2026-02-01 04:00:00,178.17,04:00:00
2026-02-01 04:15:00,178.13,04:15:00
2026-02-01 04:30:00,173.68,04:30:00
2026-02-01 04:45:00,172.86,04:45:00
2026-02-01 05:00:00,155.71,05:00:00
2026-02-01 05:15:00,155.93,05:15:00
2026-02-01 05:30:00,152.0,05:30:00
2026-02-01 05:45:00,151.61,05:45:00
2026-02-01 06:00:00,156.49,06:00:00
2026-02-01 06:15:00,156.17,06:15:00
2026-02-01 06:30:00,169.87,06:30:00
2026-02-01 06:45:00,169.86,06:45:00
2026-02-01 07:00:00,181.27,07:00:00
2026-02-01 07:15:00,181.16,07:15:00
2026-02-01 07:30:00,198.86,07:30:00
2026-02-01 07:45:00,199.06,07:45:00
2026-02-01 08:00:00,215.39,08:00:00
2026-02-01 08:15:00,215.6,08:15:00
2026-02-01 08:30:00,225.47,08:30:00
2026-02-01 08:45:00,225.69,08:45:00
2026-02-01 09:00:00,231.24,09:00:00
2026-02-01 09:15:00,231.2,09:15:00
2026-02-01 09:30:00,234.54,09:30:00
2026-02-01 09:45:00,235.06,09:45:00
2026-02-01 10:00:00,235.54,10:00:00
2026-02-01 10:15:00,235.72,10:15:00
2026-02-01 10:30:00,236.01,10:30:00
2026-02-01 10:45:00,236.62,10:45:00
2026-02-01 11:00:00,237.87,11:00:00
2026-02-01 11:15:00,238.1,11:15:00
2026-02-01 11:30:00,240.75,11:30:00
2026-02-01 11:45:00,240.79,11:45:00
2026-02-01 12:00:00,244.76,12:00:00
2026-02-01 12:15:00,244.67,12:15:00
2026-02-01 12:30:00,248.09,12:30:00
2026-02-01 12:45:00,247.81,12:45:00
2026-02-01 13:00:00,252.56,13:00:00
2026-02-01 13:15:00,252.54,13:15:00
2026-02-01 13:30:00,257.45,13:30:00
2026-02-01 13:45:00,256.99,13:45:00
2026-02-01 14:00:00,261.63,14:00:00
2026-02-01 14:15:00,261.58,14:15:00
2026-02-01 14:30:00,265.49,14:30:00
2026-02-01 14:45:00,265.59,14:45:00
2026-02-01 15:00:00,269.21,15:00:00
2026-02-01 15:15:00,269.36,15:15:00
2026-02-01 15:30:00,273.22,15:30:00
2026-02-01 15:45:00,272.86,15:45:00
2026-02-01 16:00:00,279.49,16:00:00
2026-02-01 16:15:00,279.4,16:15:00
2026-02-01 16:30:00,283.45,16:30:00
2026-02-01 16:45:00,283.33,16:45:00
2026-02-01 17:00:00,285.16,17:00:00
2026-02-01 17:15:00,285.29,17:15:00
2026-02-01 17:30:00,286.35,17:30:00
2026-02-01 17:45:00,286.33,17:45:00
2026-02-01 18:00:00,285.87,18:00:00
2026-02-01 18:15:00,285.74,18:15:00
2026-02-01 18:30:00,281.9,18:30:00
2026-02-01 18:45:00,281.8,18:45:00
2026-02-01 19:00:00,279.87,19:00:00
2026-02-01 19:15:00,280.11,19:15:00
2026-02-01 19:30:00,280.26,19:30:00
2026-02-01 19:45:00,280.31,19:45:00
2026-02-01 20:00:00,281.04,20:00:00
2026-02-01 20:15:00,281.05,20:15:00
2026-02-01 20:30:00,280.33,20:30:00
2026-02-01 20:45:00,280.22,20:45:00
2026-02-01 21:00:00,277.61,21:00:00
2026-02-01 21:15:00,277.12,21:15:00
2026-02-01 21:30:00,272.97,21:30:00
2026-02-01 21:45:00,272.88,21:45:00
2026-02-01 22:00:00,267.89,22:00:00
2026-02-01 22:15:00,268.56,22:15:00
2026-02-01 22:30:00,262.71,22:30:00
2026-02-01 22:45:00,262.51,22:45:00
2026-02-01 23:00:00,255.09,23:00:00
2026-02-01 23:15:00,255.04,23:15:00
2026-02-01 23:30:00,245.18,23:30:00
2026-02-01 23:45:00,245.64,23:45:00
2026-02-02 00:00:00,243.86,00:00:00
2026-02-02 00:15:00,243.72,00:15:00
2026-02-02 00:30:00,241.05,00:30:00
2026-02-02 00:45:00,240.98,00:45:00
2026-02-02 01:00:00,239.8,01:00:00
2026-02-02 01:15:00,240.25,01:15:00
2026-02-02 01:30:00,238.92,01:30:00
2026-02-02 01:45:00,239.48,01:45:00
2026-02-02 02:00:00,240.54,02:00:00
2026-02-02 02:15:00,240.91,02:15:00
2026-02-02 02:30:00,237.64,02:30:00
2026-02-02 02:45:00,238.29,02:45:00
2026-02-02 03:00:00,222.01,03:00:00
2026-02-02 03:15:00,222.29,03:15:00
2026-02-02 03:30:00,202.79,03:30:00
2026-02-02 03:45:00,202.92,03:45:00
2026-02-02 04:00:00,196.73,04:00:00
2026-02-02 04:15:00,197.15,04:15:00
2026-02-02 04:30:00,194.98,04:30:00
2026-02-02 04:45:00,193.46,04:45:00
2026-02-02 05:00:00,211.57,05:00:00
2026-02-02 05:15:00,211.85,05:15:00
2026-02-02 05:30:00,234.83,05:30:00
2026-02-02 05:45:00,235.07,05:45:00
2026-02-02 06:00:00,239.73,06:00:00
2026-02-02 06:15:00,240.22,06:15:00
2026-02-02 06:30:00,247.78,06:30:00
2026-02-02 06:45:00,247.7,06:45:00
2026-02-02 07:00:00,246.81,07:00:00
2026-02-02 07:15:00,247.0,07:15:00
2026-02-02 07:30:00,249.13,07:30:00
2026-02-02 07:45:00,248.68,07:45:00
2026-02-02 08:00:00,240.14,08:00:00
2026-02-02 08:15:00,239.58,08:15:00
2026-02-02 08:30:00,237.81,08:30:00
2026-02-02 08:45:00,237.73,08:45:00
2026-02-02 09:00:00,229.2,09:00:00
2026-02-02 09:15:00,228.61,09:15:00
2026-02-02 09:30:00,226.64,09:30:00
2026-02-02 09:45:00,226.68,09:45:00
2026-02-02 10:00:00,222.41,10:00:00
2026-02-02 10:15:00,222.25,10:15:00
2026-02-02 10:30:00,217.84,10:30:00
2026-02-02 10:45:00,217.57,10:45:00
2026-02-02 11:00:00,209.88,11:00:00
2026-02-02 11:15:00,209.82,11:15:00
2026-02-02 11:30:00,206.44,11:30:00
2026-02-02 11:45:00,206.55,11:45:00
2026-02-02 12:00:00,199.19,12:00:00
2026-02-02 12:15:00,199.57,12:15:00
2026-02-02 12:30:00,196.73,12:30:00
2026-02-02 12:45:00,197.1,12:45:00
2026-02-02 13:00:00,196.31,13:00:00
2026-02-02 13:15:00,196.73,13:15:00
2026-02-02 13:30:00,193.26,13:30:00
2026-02-02 13:45:00,193.55,13:45:00
2026-02-02 14:00:00,192.47,14:00:00
2026-02-02 14:15:00,192.79,14:15:00
2026-02-02 14:30:00,191.47,14:30:00
2026-02-02 14:45:00,189.61,14:45:00
2026-02-02 15:00:00,185.74,15:00:00
2026-02-02 15:15:00,185.83,15:15:00
2026-02-02 15:30:00,186.89,15:30:00
2026-02-02 15:45:00,186.94,15:45:00
2026-02-02 16:00:00,186.83,16:00:00
2026-02-02 16:15:00,187.03,16:15:00
2026-02-02 16:30:00,187.95,16:30:00
2026-02-02 16:45:00,187.68,16:45:00
2026-02-02 17:00:00,189.61,17:00:00
2026-02-02 17:15:00,189.28,17:15:00
2026-02-02 17:30:00,189.13,17:30:00
2026-02-02 17:45:00,189.24,17:45:00
2026-02-02 18:00:00,186.9,18:00:00
2026-02-02 18:15:00,186.89,18:15:00
2026-02-02 18:30:00,184.19,18:30:00
2026-02-02 18:45:00,184.05,18:45:00
2026-02-02 19:00:00,180.84,19:00:00
2026-02-02 19:15:00,180.59,19:15:00
2026-02-02 19:30:00,182.05,19:30:00
2026-02-02 19:45:00,181.75,19:45:00
2026-02-02 20:00:00,181.05,20:00:00
2026-02-02 20:15:00,180.81,20:15:00
2026-02-02 20:30:00,178.82,20:30:00
2026-02-02 20:45:00,178.86,20:45:00
2026-02-02 21:00:00,175.7,21:00:00
2026-02-02 21:15:00,175.9,21:15:00
2026-02-02 21:30:00,161.32,21:30:00
2026-02-02 21:45:00,160.47,21:45:00
2026-02-02 22:00:00,150.17,22:00:00
2026-02-02 22:15:00,150.33,22:15:00
2026-02-02 22:30:00,136.78,22:30:00
2026-02-02 22:45:00,136.63,22:45:00
2026-02-02 23:00:00,131.83,23:00:00
2026-02-02 23:15:00,131.96,23:15:00
2026-02-02 23:30:00,132.1,23:30:00
2026-02-02 23:45:00,132.1,23:45:00
2026-02-03 00:00:00,121.89,00:00:00
2026-02-03 00:15:00,121.85,00:15:00
2026-02-03 00:30:00,121.12,00:30:00
2026-02-03 00:45:00,121.06,00:45:00
2026-02-03 01:00:00,119.15,01:00:00
2026-02-03 01:15:00,119.18,01:15:00
2026-02-03 01:30:00,122.24,01:30:00
2026-02-03 01:45:00,122.19,01:45:00
2026-02-03 02:00:00,114.43,02:00:00
2026-02-03 02:15:00,114.35,02:15:00
2026-02-03 02:30:00,110.8,02:30:00
2026-02-03 02:45:00,110.8,02:45:00
2026-02-03 03:00:00,106.68,03:00:00
2026-02-03 03:15:00,106.7,03:15:00
2026-02-03 03:30:00,105.36,03:30:00
2026-02-03 03:45:00,105.37,03:45:00
2026-02-03 04:00:00,104.95,04:00:00
2026-02-03 04:15:00,104.98,04:15:00
2026-02-03 04:30:00,106.72,04:30:00
2026-02-03 04:45:00,106.74,04:45:00
2026-02-03 05:00:00,115.27,05:00:00
2026-02-03 05:15:00,115.29,05:15:00
2026-02-03 05:30:00,129.29,05:30:00
2026-02-03 05:45:00,129.32,05:45:00
2026-02-03 06:00:00,148.54,06:00:00
2026-02-03 06:15:00,148.61,06:15:00
2026-02-03 06:30:00,168.73,06:30:00
2026-02-03 06:45:00,168.75,06:45:00
2026-02-03 07:00:00,187.04,07:00:00
2026-02-03 07:15:00,187.05,07:15:00
2026-02-03 07:30:00,197.57,07:30:00
2026-02-03 07:45:00,197.65,07:45:00
2026-02-03 08:00:00,189.63,08:00:00
2026-02-03 08:15:00,189.69,08:15:00
2026-02-03 08:30:00,190.64,08:30:00
2026-02-03 08:45:00,190.62,08:45:00
2026-02-03 09:00:00,184.67,09:00:00
2026-02-03 09:15:00,184.57,09:15:00
2026-02-03 09:30:00,183.28,09:30:00
2026-02-03 09:45:00,183.26,09:45:00
2026-02-03 10:00:00,183.33,10:00:00
2026-02-03 10:15:00,183.19,10:15:00
2026-02-03 10:30:00,182.88,10:30:00
2026-02-03 10:45:00,182.67,10:45:00
2026-02-03 11:00:00,182.38,11:00:00
2026-02-03 11:15:00,182.07,11:15:00
2026-02-03 11:30:00,180.78,11:30:00
2026-02-03 11:45:00,180.75,11:45:00
2026-02-03 12:00:00,183.98,12:00:00
2026-02-03 12:15:00,183.96,12:15:00
2026-02-03 12:30:00,187.49,12:30:00
2026-02-03 12:45:00,187.48,12:45:00
2026-02-03 13:00:00,190.71,13:00:00
2026-02-03 13:15:00,190.92,13:15:00
2026-02-03 13:30:00,194.19,13:30:00
2026-02-03 13:45:00,194.3,13:45:00
2026-02-03 14:00:00,200.6,14:00:00
2026-02-03 14:15:00,201.07,14:15:00
2026-02-03 14:30:00,204.91,14:30:00
2026-02-03 14:45:00,204.74,14:45:00
2026-02-03 15:00:00,208.29,15:00:00
2026-02-03 15:15:00,208.15,15:15:00
2026-02-03 15:30:00,210.15,15:30:00
2026-02-03 15:45:00,209.95,15:45:00
2026-02-03 16:00:00,214.93,16:00:00
2026-02-03 16:15:00,214.73,16:15:00
2026-02-03 16:30:00,218.69,16:30:00
2026-02-03 16:45:00,218.44,16:45:00
2026-02-03 17:00:00,223.22,17:00:00
2026-02-03 17:15:00,222.67,17:15:00
2026-02-03 17:30:00,226.77,17:30:00
2026-02-03 17:45:00,226.63,17:45:00
2026-02-03 18:00:00,231.37,18:00:00
2026-02-03 18:15:00,231.57,18:15:00
2026-02-03 18:30:00,230.56,18:30:00
2026-02-03 18:45:00,230.64,18:45:00
2026-02-03 19:00:00,231.97,19:00:00
2026-02-03 19:15:00,232.19,19:15:00
2026-02-03 19:30:00,231.3,19:30:00
2026-02-03 19:45:00,231.41,19:45:00
2026-02-03 20:00:00,228.78,20:00:00
2026-02-03 20:15:00,229.5,20:15:00
2026-02-03 20:30:00,226.0,20:30:00
2026-02-03 20:45:00,226.09,20:45:00
2026-02-03 21:00:00,225.24,21:00:00
2026-02-03 21:15:00,225.54,21:15:00
2026-02-03 21:30:00,220.36,21:30:00
2026-02-03 21:45:00,220.76,21:45:00
2026-02-03 22:00:00,218.35,22:00:00
2026-02-03 22:15:00,218.64,22:15:00
2026-02-03 22:30:00,211.17,22:30:00
2026-02-03 22:45:00,210.49,22:45:00
2026-02-03 23:00:00,203.32,23:00:00
2026-02-03 23:15:00,203.25,23:15:00
2026-02-03 23:30:00,202.42,23:30:00
2026-02-03 23:45:00,202.15,23:45:00
2026-02-04 00:00:00,202.42,00:00:00
2026-02-04 00:15:00,202.37,00:15:00
2026-02-04 00:30:00,206.56,00:30:00
2026-02-04 00:45:00,206.65,00:45:00
2026-02-04 01:00:00,204.68,01:00:00
2026-02-04 01:15:00,204.71,01:15:00
2026-02-04 01:30:00,201.94,01:30:00
2026-02-04 01:45:00,201.96,01:45:00
2026-02-04 02:00:00,198.46,02:00:00
2026-02-04 02:15:00,198.4,02:15:00
2026-02-04 02:30:00,196.12,02:30:00
2026-02-04 02:45:00,196.1,02:45:00
2026-02-04 03:00:00,194.08,03:00:00
2026-02-04 03:15:00,194.1,03:15:00
2026-02-04 03:30:00,195.94,03:30:00
2026-02-04 03:45:00,195.85,03:45:00
2026-02-04 04:00:00,197.28,04:00:00
2026-02-04 04:15:00,197.2,04:15:00
2026-02-04 04:30:00,199.0,04:30:00
2026-02-04 04:45:00,199.09,04:45:00
2026-02-04 05:00:00,214.52,05:00:00
2026-02-04 05:15:00,214.72,05:15:00
2026-02-04 05:30:00,228.73,05:30:00
2026-02-04 05:45:00,228.99,05:45:00
2026-02-04 06:00:00,254.17,06:00:00
2026-02-04 06:15:00,254.19,06:15:00
2026-02-04 06:30:00,266.45,06:30:00
2026-02-04 06:45:00,266.38,06:45:00
2026-02-04 07:00:00,268.48,07:00:00
2026-02-04 07:15:00,268.29,07:15:00
2026-02-04 07:30:00,276.51,07:30:00
2026-02-04 07:45:00,276.5,07:45:00
2026-02-04 08:00:00,267.65,08:00:00
2026-02-04 08:15:00,267.62,08:15:00
2026-02-04 08:30:00,265.12,08:30:00
2026-02-04 08:45:00,265.09,08:45:00
2026-02-04 09:00:00,259.15,09:00:00
2026-02-04 09:15:00,258.87,09:15:00
2026-02-04 09:30:00,255.12,09:30:00
2026-02-04 09:45:00,255.42,09:45:00
2026-02-04 10:00:00,247.49,10:00:00
2026-02-04 10:15:00,247.43,10:15:00
2026-02-04 10:30:00,241.21,10:30:00
2026-02-04 10:45:00,241.55,10:45:00
2026-02-04 11:00:00,239.58,11:00:00
2026-02-04 11:15:00,239.77,11:15:00
2026-02-04 11:30:00,234.61,11:30:00
2026-02-04 11:45:00,234.74,11:45:00
2026-02-04 12:00:00,232.92,12:00:00
2026-02-04 12:15:00,233.07,12:15:00
2026-02-04 12:30:00,233.46,12:30:00
2026-02-04 12:45:00,233.12,12:45:00
2026-02-04 13:00:00,229.06,13:00:00
2026-02-04 13:15:00,229.12,13:15:00
2026-02-04 13:30:00,228.4,13:30:00
2026-02-04 13:45:00,227.58,13:45:00
2026-02-04 14:00:00,228.9,14:00:00
2026-02-04 14:15:00,228.94,14:15:00
2026-02-04 14:30:00,228.47,14:30:00
2026-02-04 14:45:00,228.46,14:45:00
2026-02-04 15:00:00,235.04,15:00:00
2026-02-04 15:15:00,234.98,15:15:00
2026-02-04 15:30:00,235.05,15:30:00
2026-02-04 15:45:00,235.06,15:45:00
2026-02-04 16:00:00,238.88,16:00:00
2026-02-04 16:15:00,238.82,16:15:00
2026-02-04 16:30:00,242.39,16:30:00
2026-02-04 16:45:00,242.43,16:45:00
2026-02-04 17:00:00,233.74,17:00:00
2026-02-04 17:15:00,233.79,17:15:00
2026-02-04 17:30:00,227.99,17:30:00
2026-02-04 17:45:00,227.76,17:45:00
2026-02-04 18:00:00,225.12,18:00:00
2026-02-04 18:15:00,225.18,18:15:00
2026-02-04 18:30:00,223.79,18:30:00
2026-02-04 18:45:00,224.0,18:45:00
2026-02-04 19:00:00,217.49,19:00:00
2026-02-04 19:15:00,217.51,19:15:00
2026-02-04 19:30:00,211.91,19:30:00
2026-02-04 19:45:00,211.89,19:45:00
2026-02-04 20:00:00,194.81,20:00:00
2026-02-04 20:15:00,194.54,20:15:00
2026-02-04 20:30:00,185.35,20:30:00
2026-02-04 20:45:00,185.18,20:45:00
2026-02-04 21:00:00,178.03,21:00:00
2026-02-04 21:15:00,178.05,21:15:00
2026-02-04 21:30:00,167.31,21:30:00
2026-02-04 21:45:00,166.68,21:45:00
2026-02-04 22:00:00,151.12,22:00:00
2026-02-04 22:15:00,151.12,22:15:00
2026-02-04 22:30:00,135.03,22:30:00
2026-02-04 22:45:00,134.96,22:45:00
2026-02-04 23:00:00,121.06,23:00:00
2026-02-04 23:15:00,121.06,23:15:00
2026-02-04 23:30:00,104.43,23:30:00
2026-02-04 23:45:00,104.4,23:45:00
2026-02-05 00:00:00,104.94,00:00:00
2026-02-05 00:15:00,104.9,00:15:00
2026-02-05 00:30:00,106.58,00:30:00
2026-02-05 00:45:00,106.5,00:45:00
2026-02-05 01:00:00,104.25,01:00:00
2026-02-05 01:15:00,104.26,01:15:00
2026-02-05 01:30:00,99.43,01:30:00
2026-02-05 01:45:00,99.42,01:45:00
2026-02-05 02:00:00,97.07,02:00:00
2026-02-05 02:15:00,97.05,02:15:00
2026-02-05 02:30:00,96.5,02:30:00
2026-02-05 02:45:00,96.49,02:45:00
2026-02-05 03:00:00,92.85,03:00:00
2026-02-05 03:15:00,92.84,03:15:00
2026-02-05 03:30:00,90.58,03:30:00
2026-02-05 03:45:00,90.47,03:45:00
2026-02-05 04:00:00,90.18,04:00:00
2026-02-05 04:15:00,90.23,04:15:00
2026-02-05 04:30:00,92.61,04:30:00
2026-02-05 04:45:00,92.54,04:45:00
2026-02-05 05:00:00,96.02,05:00:00
2026-02-05 05:15:00,96.02,05:15:00
2026-02-05 05:30:00,106.12,05:30:00
2026-02-05 05:45:00,106.25,05:45:00
2026-02-05 06:00:00,126.6,06:00:00
2026-02-05 06:15:00,126.7,06:15:00
2026-02-05 06:30:00,153.06,06:30:00
2026-02-05 06:45:00,153.04,06:45:00
2026-02-05 07:00:00,170.29,07:00:00
2026-02-05 07:15:00,170.3,07:15:00
2026-02-05 07:30:00,177.31,07:30:00
2026-02-05 07:45:00,177.32,07:45:00
2026-02-05 08:00:00,177.74,08:00:00
2026-02-05 08:15:00,177.77,08:15:00
2026-02-05 08:30:00,177.82,08:30:00
2026-02-05 08:45:00,177.78,08:45:00
2026-02-05 09:00:00,170.46,09:00:00
2026-02-05 09:15:00,170.49,09:15:00
2026-02-05 09:30:00,169.12,09:30:00
2026-02-05 09:45:00,169.13,09:45:00
2026-02-05 10:00:00,164.0,10:00:00
2026-02-05 10:15:00,164.11,10:15:00
2026-02-05 10:30:00,161.82,10:30:00
2026-02-05 10:45:00,161.74,10:45:00
2026-02-05 11:00:00,163.83,11:00:00
2026-02-05 11:15:00,163.88,11:15:00
2026-02-05 11:30:00,166.2,11:30:00
2026-02-05 11:45:00,165.89,11:45:00
2026-02-05 12:00:00,168.89,12:00:00
2026-02-05 12:15:00,168.91,12:15:00
2026-02-05 12:30:00,171.41,12:30:00
2026-02-05 12:45:00,171.38,12:45:00
2026-02-05 13:00:00,174.01,13:00:00
2026-02-05 13:15:00,174.02,13:15:00
2026-02-05 13:30:00,174.68,13:30:00
2026-02-05 13:45:00,174.58,13:45:00
2026-02-05 14:00:00,180.87,14:00:00
2026-02-05 14:15:00,180.94,14:15:00
2026-02-05 14:30:00,182.67,14:30:00
2026-02-05 14:45:00,182.68,14:45:00
2026-02-05 15:00:00,186.98,15:00:00
2026-02-05 15:15:00,187.01,15:15:00
2026-02-05 15:30:00,190.57,15:30:00
2026-02-05 15:45:00,190.6,15:45:00
2026-02-05 16:00:00,193.02,16:00:00
2026-02-05 16:15:00,193.09,16:15:00
2026-02-05 16:30:00,202.94,16:30:00
2026-02-05 16:45:00,203.19,16:45:00
2026-02-05 17:00:00,207.79,17:00:00
2026-02-05 17:15:00,207.79,17:15:00
2026-02-05 17:30:00,208.67,17:30:00
2026-02-05 17:45:00,208.69,17:45:00
2026-02-05 18:00:00,210.04,18:00:00
2026-02-05 18:15:00,210.04,18:15:00
2026-02-05 18:30:00,209.93,18:30:00
2026-02-05 18:45:00,209.94,18:45:00
2026-02-05 19:00:00,206.77,19:00:00
2026-02-05 19:15:00,206.73,19:15:00
2026-02-05 19:30:00,206.32,19:30:00
2026-02-05 19:45:00,206.33,19:45:00
2026-02-05 20:00:00,190.59,20:00:00
2026-02-05 20:15:00,190.56,20:15:00
2026-02-05 20:30:00,186.9,20:30:00
2026-02-05 20:45:00,186.79,20:45:00
2026-02-05 21:00:00,186.67,21:00:00
2026-02-05 21:15:00,186.59,21:15:00
2026-02-05 21:30:00,188.03,21:30:00
2026-02-05 21:45:00,187.96,21:45:00
2026-02-05 22:00:00,184.34,22:00:00
2026-02-05 22:15:00,183.98,22:15:00
2026-02-05 22:30:00,160.79,22:30:00
2026-02-05 22:45:00,160.75,22:45:00
2026-02-05 23:00:00,135.12,23:00:00
2026-02-05 23:15:00,134.99,23:15:00
2026-02-05 23:30:00,120.33,23:30:00
2026-02-05 23:45:00,120.31,23:45:00
2026-02-06 00:00:00,120.48,00:00:00
2026-02-06 00:15:00,120.48,00:15:00
2026-02-06 00:30:00,127.06,00:30:00
2026-02-06 00:45:00,127.07,00:45:00
2026-02-06 01:00:00,129.92,01:00:00
2026-02-06 01:15:00,129.91,01:15:00
2026-02-06 01:30:00,127.28,01:30:00
2026-02-06 01:45:00,127.29,01:45:00
2026-02-06 02:00:00,123.55,02:00:00
2026-02-06 02:15:00,123.58,02:15:00
2026-02-06 02:30:00,123.71,02:30:00
2026-02-06 02:45:00,123.68,02:45:00
2026-02-06 03:00:00,118.47,03:00:00
2026-02-06 03:15:00,118.48,03:15:00
2026-02-06 03:30:00,117.29,03:30:00
2026-02-06 03:45:00,117.3,03:45:00
2026-02-06 04:00:00,117.95,04:00:00
2026-02-06 04:15:00,117.94,04:15:00
2026-02-06 04:30:00,126.01,04:30:00
2026-02-06 04:45:00,126.01,04:45:00
2026-02-06 05:00:00,139.9,05:00:00
2026-02-06 05:15:00,139.89,05:15:00
2026-02-06 05:30:00,155.65,05:30:00
2026-02-06 05:45:00,155.71,05:45:00
2026-02-06 06:00:00,169.29,06:00:00
2026-02-06 06:15:00,169.3,06:15:00
2026-02-06 06:30:00,181.07,06:30:00
2026-02-06 06:45:00,181.06,06:45:00
2026-02-06 07:00:00,198.03,07:00:00
2026-02-06 07:15:00,198.02,07:15:00
2026-02-06 07:30:00,207.47,07:30:00
2026-02-06 07:45:00,207.47,07:45:00
2026-02-06 08:00:00,209.4,08:00:00
2026-02-06 08:15:00,209.38,08:15:00
2026-02-06 08:30:00,209.78,08:30:00
2026-02-06 08:45:00,209.71,08:45:00
2026-02-06 09:00:00,211.43,09:00:00
2026-02-06 09:15:00,211.42,09:15:00
2026-02-06 09:30:00,211.8,09:30:00
2026-02-06 09:45:00,211.78,09:45:00
2026-02-06 10:00:00,209.77,10:00:00
2026-02-06 10:15:00,209.75,10:15:00
2026-02-06 10:30:00,209.81,10:30:00
2026-02-06 10:45:00,209.72,10:45:00
2026-02-06 11:00:00,209.04,11:00:00
2026-02-06 11:15:00,209.04,11:15:00
2026-02-06 11:30:00,208.14,11:30:00
2026-02-06 11:45:00,208.14,11:45:00
2026-02-06 12:00:00,209.79,12:00:00
2026-02-06 12:15:00,209.79,12:15:00
2026-02-06 12:30:00,211.49,12:30:00
2026-02-06 12:45:00,211.48,12:45:00
2026-02-06 13:00:00,213.52,13:00:00
2026-02-06 13:15:00,213.55,13:15:00
2026-02-06 13:30:00,214.95,13:30:00
2026-02-06 13:45:00,214.96,13:45:00
2026-02-06 14:00:00,217.34,14:00:00
2026-02-06 14:15:00,217.36,14:15:00
2026-02-06 14:30:00,218.73,14:30:00
2026-02-06 14:45:00,218.74,14:45:00
2026-02-06 15:00:00,219.5,15:00:00
2026-02-06 15:15:00,219.51,15:15:00
2026-02-06 15:30:00,219.68,15:30:00
2026-02-06 15:45:00,219.61,15:45:00
2026-02-06 16:00:00,220.84,16:00:00
2026-02-06 16:15:00,220.82,16:15:00
2026-02-06 16:30:00,220.29,16:30:00
2026-02-06 16:45:00,220.39,16:45:00
2026-02-06 17:00:00,221.63,17:00:00
2026-02-06 17:15:00,221.6,17:15:00
2026-02-06 17:30:00,221.1,17:30:00
2026-02-06 17:45:00,221.1,17:45:00
2026-02-06 18:00:00,218.26,18:00:00
2026-02-06 18:15:00,218.14,18:15:00
2026-02-06 18:30:00,216.78,18:30:00
2026-02-06 18:45:00,216.83,18:45:00
2026-02-06 19:00:00,217.0,19:00:00
2026-02-06 19:15:00,217.03,19:15:00
2026-02-06 19:30:00,212.78,19:30:00
2026-02-06 19:45:00,212.68,19:45:00
2026-02-06 20:00:00,212.18,20:00:00
2026-02-06 20:15:00,212.07,20:15:00
2026-02-06 20:30:00,211.87,20:30:00
2026-02-06 20:45:00,211.77,20:45:00
2026-02-06 21:00:00,212.22,21:00:00
2026-02-06 21:15:00,212.1,21:15:00
2026-02-06 21:30:00,211.93,21:30:00
2026-02-06 21:45:00,211.77,21:45:00
2026-02-06 22:00:00,211.82,22:00:00
2026-02-06 22:15:00,211.77,22:15:00
2026-02-06 22:30:00,210.82,22:30:00
2026-02-06 22:45:00,210.64,22:45:00
2026-02-06 23:00:00,204.92,23:00:00
2026-02-06 23:15:00,204.86,23:15:00
2026-02-06 23:30:00,198.03,23:30:00
2026-02-06 23:45:00,197.93,23:45:00
2026-02-07 00:00:00,186.23,00:00:00
2026-02-07 00:15:00,186.18,00:15:00
2026-02-07 00:30:00,188.51,00:30:00
2026-02-07 00:45:00,188.51,00:45:00
2026-02-07 01:00:00,189.99,01:00:00
2026-02-07 01:15:00,189.95,01:15:00
2026-02-07 01:30:00,188.4,01:30:00
2026-02-07 01:45:00,188.11,01:45:00
2026-02-07 02:00:00,187.36,02:00:00
2026-02-07 02:15:00,187.2,02:15:00
2026-02-07 02:30:00,189.43,02:30:00
2026-02-07 02:45:00,189.39,02:45:00
2026-02-07 03:00:00,185.89,03:00:00
2026-02-07 03:15:00,185.93,03:15:00
2026-02-07 03:30:00,182.3,03:30:00
2026-02-07 03:45:00,182.14,03:45:00
2026-02-07 04:00:00,178.5,04:00:00
2026-02-07 04:15:00,178.48,04:15:00
2026-02-07 04:30:00,178.74,04:30:00
2026-02-07 04:45:00,178.73,04:45:00
2026-02-07 05:00:00,180.47,05:00:00
2026-02-07 05:15:00,180.47,05:15:00
2026-02-07 05:30:00,186.64,05:30:00
2026-02-07 05:45:00,186.66,05:45:00
2026-02-07 06:00:00,189.06,06:00:00
2026-02-07 06:15:00,189.01,06:15:00
2026-02-07 06:30:00,198.49,06:30:00
2026-02-07 06:45:00,198.53,06:45:00
2026-02-07 07:00:00,205.83,07:00:00
2026-02-07 07:15:00,205.8,07:15:00
2026-02-07 07:30:00,210.05,07:30:00
2026-02-07 07:45:00,210.05,07:45:00
2026-02-07 08:00:00,211.4,08:00:00
2026-02-07 08:15:00,211.3,08:15:00
2026-02-07 08:30:00,211.28,08:30:00
2026-02-07 08:45:00,211.24,08:45:00
2026-02-07 09:00:00,212.1,09:00:00
2026-02-07 09:15:00,212.04,09:15:00
2026-02-07 09:30:00,210.2,09:30:00
2026-02-07 09:45:00,210.57,09:45:00
2026-02-07 10:00:00,208.75,10:00:00
2026-02-07 10:15:00,208.76,10:15:00
2026-02-07 10:30:00,204.27,10:30:00
2026-02-07 10:45:00,204.36,10:45:00
2026-02-07 11:00:00,201.94,11:00:00
2026-02-07 11:15:00,202.04,11:15:00
2026-02-07 11:30:00,198.55,11:30:00
2026-02-07 11:45:00,198.75,11:45:00
2026-02-07 12:00:00,196.29,12:00:00
2026-02-07 12:15:00,196.31,12:15:00
2026-02-07 12:30:00,195.29,12:30:00
2026-02-07 12:45:00,195.18,12:45:00
2026-02-07 13:00:00,195.84,13:00:00
2026-02-07 13:15:00,195.84,13:15:00
2026-02-07 13:30:00,196.73,13:30:00
2026-02-07 13:45:00,195.93,13:45:00
2026-02-07 14:00:00,194.53,14:00:00
2026-02-07 14:15:00,194.48,14:15:00
2026-02-07 14:30:00,195.31,14:30:00
2026-02-07 14:45:00,195.2,14:45:00
2026-02-07 15:00:00,201.8,15:00:00
2026-02-07 15:15:00,201.82,15:15:00
2026-02-07 15:30:00,208.63,15:30:00
2026-02-07 15:45:00,208.67,15:45:00
2026-02-07 16:00:00,208.5,16:00:00
2026-02-07 16:15:00,208.51,16:15:00
2026-02-07 16:30:00,212.72,16:30:00
2026-02-07 16:45:00,212.64,16:45:00
2026-02-07 17:00:00,212.14,17:00:00
2026-02-07 17:15:00,212.14,17:15:00
2026-02-07 17:30:00,215.3,17:30:00
2026-02-07 17:45:00,215.27,17:45:00
2026-02-07 18:00:00,214.5,18:00:00
2026-02-07 18:15:00,214.45,18:15:00
2026-02-07 18:30:00,210.92,18:30:00
2026-02-07 18:45:00,210.87,18:45:00
2026-02-07 19:00:00,210.3,19:00:00
2026-02-07 19:15:00,210.27,19:15:00
2026-02-07 19:30:00,208.5,19:30:00
2026-02-07 19:45:00,208.53,19:45:00
2026-02-07 20:00:00,208.73,20:00:00
2026-02-07 20:15:00,208.71,20:15:00
2026-02-07 20:30:00,206.9,20:30:00
2026-02-07 20:45:00,206.83,20:45:00
2026-02-07 21:00:00,205.56,21:00:00
2026-02-07 21:15:00,205.42,21:15:00
2026-02-07 21:30:00,200.44,21:30:00
2026-02-07 21:45:00,200.4,21:45:00
2026-02-07 22:00:00,196.69,22:00:00
2026-02-07 22:15:00,196.71,22:15:00
2026-02-07 22:30:00,188.26,22:30:00
2026-02-07 22:45:00,188.22,22:45:00
2026-02-07 23:00:00,179.38,23:00:00
2026-02-07 23:15:00,179.54,23:15:00
2026-02-07 23:30:00,176.44,23:30:00
2026-02-07 23:45:00,176.31,23:45:00
2026-02-08 00:00:00,174.23,00:00:00
2026-02-08 00:15:00,174.18,00:15:00
2026-02-08 00:30:00,175.86,00:30:00
2026-02-08 00:45:00,175.87,00:45:00
2026-02-08 01:00:00,179.58,01:00:00
2026-02-08 01:15:00,179.39,01:15:00
2026-02-08 01:30:00,179.38,01:30:00
2026-02-08 01:45:00,179.35,01:45:00
2026-02-08 02:00:00,180.22,02:00:00
2026-02-08 02:15:00,180.22,02:15:00
2026-02-08 02:30:00,182.57,02:30:00
2026-02-08 02:45:00,182.57,02:45:00
2026-02-08 03:00:00,175.54,03:00:00
2026-02-08 03:15:00,175.53,03:15:00
2026-02-08 03:30:00,173.25,03:30:00
2026-02-08 03:45:00,173.27,03:45:00
2026-02-08 04:00:00,172.56,04:00:00
2026-02-08 04:15:00,172.57,04:15:00
2026-02-08 04:30:00,177.42,04:30:00
2026-02-08 04:45:00,177.36,04:45:00
2026-02-08 05:00:00,181.63,05:00:00
2026-02-08 05:15:00,181.6,05:15:00
2026-02-08 05:30:00,183.88,05:30:00
2026-02-08 05:45:00,183.9,05:45:00
2026-02-08 06:00:00,193.04,06:00:00
2026-02-08 06:15:00,193.07,06:15:00
2026-02-08 06:30:00,203.08,06:30:00
2026-02-08 06:45:00,203.1,06:45:00
2026-02-08 07:00:00,206.39,07:00:00
2026-02-08 07:15:00,206.41,07:15:00
2026-02-08 07:30:00,216.57,07:30:00
2026-02-08 07:45:00,216.51,07:45:00
2026-02-08 08:00:00,223.27,08:00:00
2026-02-08 08:15:00,223.22,08:15:00
2026-02-08 08:30:00,233.73,08:30:00
2026-02-08 08:45:00,233.67,08:45:00
2026-02-08 09:00:00,241.51,09:00:00
2026-02-08 09:15:00,241.45,09:15:00
2026-02-08 09:30:00,245.25,09:30:00
2026-02-08 09:45:00,245.61,09:45:00
2026-02-08 10:00:00,245.07,10:00:00
2026-02-08 10:15:00,245.21,10:15:00
2026-02-08 10:30:00,243.9,10:30:00
2026-02-08 10:45:00,243.87,10:45:00
2026-02-08 11:00:00,241.51,11:00:00
2026-02-08 11:15:00,241.51,11:15:00
2026-02-08 11:30:00,240.92,11:30:00
2026-02-08 11:45:00,240.73,11:45:00
2026-02-08 12:00:00,240.19,12:00:00
2026-02-08 12:15:00,240.2,12:15:00
2026-02-08 12:30:00,243.2,12:30:00
2026-02-08 12:45:00,242.96,12:45:00
2026-02-08 13:00:00,243.0,13:00:00
2026-02-08 13:15:00,242.67,13:15:00
2026-02-08 13:30:00,245.91,13:30:00
2026-02-08 13:45:00,245.88,13:45:00
2026-02-08 14:00:00,253.54,14:00:00
2026-02-08 14:15:00,253.98,14:15:00
2026-02-08 14:30:00,259.86,14:30:00
2026-02-08 14:45:00,259.55,14:45:00
2026-02-08 15:00:00,266.88,15:00:00
2026-02-08 15:15:00,266.86,15:15:00
2026-02-08 15:30:00,270.78,15:30:00
2026-02-08 15:45:00,270.72,15:45:00
2026-02-08 16:00:00,274.52,16:00:00
2026-02-08 16:15:00,273.96,16:15:00
2026-02-08 16:30:00,277.2,16:30:00
2026-02-08 16:45:00,276.91,16:45:00
2026-02-08 17:00:00,275.47,17:00:00
2026-02-08 17:15:00,275.08,17:15:00
2026-02-08 17:30:00,273.72,17:30:00
2026-02-08 17:45:00,273.46,17:45:00
2026-02-08 18:00:00,271.8,18:00:00
2026-02-08 18:15:00,271.58,18:15:00
2026-02-08 18:30:00,269.62,18:30:00
2026-02-08 18:45:00,270.14,18:45:00
2026-02-08 19:00:00,267.88,19:00:00
2026-02-08 19:15:00,268.37,19:15:00
2026-02-08 19:30:00,263.34,19:30:00
2026-02-08 19:45:00,263.78,19:45:00
2026-02-08 20:00:00,263.33,20:00:00
2026-02-08 20:15:00,263.81,20:15:00
2026-02-08 20:30:00,260.82,20:30:00
2026-02-08 20:45:00,260.73,20:45:00
2026-02-08 21:00:00,259.81,21:00:00
2026-02-08 21:15:00,259.78,21:15:00
2026-02-08 21:30:00,256.05,21:30:00
2026-02-08 21:45:00,256.03,21:45:00
2026-02-08 22:00:00,252.44,22:00:00
2026-02-08 22:15:00,252.36,22:15:00
2026-02-08 22:30:00,249.18,22:30:00
2026-02-08 22:45:00,248.97,22:45:00
2026-02-08 23:00:00,245.51,23:00:00
2026-02-08 23:15:00,245.42,23:15:00
2026-02-08 23:30:00,243.0,23:30:00
2026-02-08 23:45:00,242.72,23:45:00
2026-02-09 00:00:00,242.37,00:00:00
2026-02-09 00:15:00,242.43,00:15:00
2026-02-09 00:30:00,242.21,00:30:00
2026-02-09 00:45:00,242.13,00:45:00
2026-02-09 01:00:00,240.28,01:00:00
2026-02-09 01:15:00,240.14,01:15:00
2026-02-09 01:30:00,240.93,01:30:00
2026-02-09 01:45:00,240.9,01:45:00
2026-02-09 02:00:00,241.72,02:00:00
2026-02-09 02:15:00,241.71,02:15:00
2026-02-09 02:30:00,242.38,02:30:00
2026-02-09 02:45:00,242.41,02:45:00
2026-02-09 03:00:00,244.34,03:00:00
2026-02-09 03:15:00,244.36,03:15:00
2026-02-09 03:30:00,241.15,03:30:00
2026-02-09 03:45:00,241.13,03:45:00
2026-02-09 04:00:00,236.83,04:00:00
2026-02-09 04:15:00,236.93,04:15:00
2026-02-09 04:30:00,234.48,04:30:00
2026-02-09 04:45:00,234.51,04:45:00
2026-02-09 05:00:00,243.29,05:00:00
2026-02-09 05:15:00,243.4,05:15:00
2026-02-09 05:30:00,247.38,05:30:00
2026-02-09 05:45:00,247.66,05:45:00
2026-02-09 06:00:00,262.32,06:00:00
2026-02-09 06:15:00,262.4,06:15:00
2026-02-09 06:30:00,271.83,06:30:00
2026-02-09 06:45:00,271.84,06:45:00
2026-02-09 07:00:00,278.39,07:00:00
2026-02-09 07:15:00,278.39,07:15:00
2026-02-09 07:30:00,288.98,07:30:00
2026-02-09 07:45:00,288.98,07:45:00
2026-02-09 08:00:00,274.24,08:00:00
2026-02-09 08:15:00,274.18,08:15:00
2026-02-09 08:30:00,272.61,08:30:00
2026-02-09 08:45:00,272.61,08:45:00
2026-02-09 09:00:00,265.54,09:00:00
2026-02-09 09:15:00,265.2,09:15:00
2026-02-09 09:30:00,263.36,09:30:00
2026-02-09 09:45:00,263.33,09:45:00
2026-02-09 10:00:00,260.38,10:00:00
2026-02-09 10:15:00,260.3,10:15:00
2026-02-09 10:30:00,256.46,10:30:00
2026-02-09 10:45:00,256.44,10:45:00
2026-02-09 11:00:00,254.28,11:00:00
2026-02-09 11:15:00,254.29,11:15:00
2026-02-09 11:30:00,252.7,11:30:00
2026-02-09 11:45:00,252.62,11:45:00
2026-02-09 12:00:00,252.9,12:00:00
2026-02-09 12:15:00,252.94,12:15:00
2026-02-09 12:30:00,251.52,12:30:00
2026-02-09 12:45:00,251.52,12:45:00
2026-02-09 13:00:00,253.3,13:00:00
2026-02-09 13:15:00,253.32,13:15:00
2026-02-09 13:30:00,253.1,13:30:00
2026-02-09 13:45:00,253.08,13:45:00
2026-02-09 14:00:00,251.87,14:00:00
2026-02-09 14:15:00,251.93,14:15:00
2026-02-09 14:30:00,254.9,14:30:00
2026-02-09 14:45:00,254.94,14:45:00
2026-02-09 15:00:00,254.04,15:00:00
2026-02-09 15:15:00,254.03,15:15:00
2026-02-09 15:30:00,256.01,15:30:00
2026-02-09 15:45:00,255.98,15:45:00
2026-02-09 16:00:00,257.76,16:00:00
2026-02-09 16:15:00,257.84,16:15:00
2026-02-09 16:30:00,258.2,16:30:00
2026-02-09 16:45:00,258.29,16:45:00
2026-02-09 17:00:00,257.59,17:00:00
2026-02-09 17:15:00,257.67,17:15:00
2026-02-09 17:30:00,258.58,17:30:00
2026-02-09 17:45:00,258.58,17:45:00
2026-02-09 18:00:00,256.96,18:00:00
2026-02-09 18:15:00,256.94,18:15:00
2026-02-09 18:30:00,253.35,18:30:00
2026-02-09 18:45:00,253.32,18:45:00
2026-02-09 19:00:00,250.9,19:00:00
2026-02-09 19:15:00,250.78,19:15:00
2026-02-09 19:30:00,248.41,19:30:00
2026-02-09 19:45:00,248.18,19:45:00
2026-02-09 20:00:00,244.76,20:00:00
2026-02-09 20:15:00,244.53,20:15:00
2026-02-09 20:30:00,242.27,20:30:00
2026-02-09 20:45:00,242.3,20:45:00
2026-02-09 21:00:00,240.04,21:00:00
2026-02-09 21:15:00,240.07,21:15:00
2026-02-09 21:30:00,230.88,21:30:00
2026-02-09 21:45:00,230.85,21:45:00
2026-02-09 22:00:00,226.51,22:00:00
2026-02-09 22:15:00,226.44,22:15:00
2026-02-09 22:30:00,225.45,22:30:00
2026-02-09 22:45:00,225.46,22:45:00
2026-02-09 23:00:00,222.53,23:00:00
2026-02-09 23:15:00,222.57,23:15:00
2026-02-09 23:30:00,217.82,23:30:00
2026-02-09 23:45:00,217.8,23:45:00
2026-02-10 00:00:00,218.59,00:00:00
2026-02-10 00:15:00,218.58,00:15:00
2026-02-10 00:30:00,216.3,00:30:00
2026-02-10 00:45:00,216.31,00:45:00
2026-02-10 01:00:00,216.59,01:00:00
2026-02-10 01:15:00,216.53,01:15:00
2026-02-10 01:30:00,210.64,01:30:00
2026-02-10 01:45:00,210.65,01:45:00
2026-02-10 02:00:00,208.45,02:00:00
2026-02-10 02:15:00,208.46,02:15:00
2026-02-10 02:30:00,204.47,02:30:00
2026-02-10 02:45:00,204.49,02:45:00
2026-02-10 03:00:00,202.68,03:00:00
2026-02-10 03:15:00,202.67,03:15:00
2026-02-10 03:30:00,200.96,03:30:00
2026-02-10 03:45:00,200.98,03:45:00
2026-02-10 04:00:00,201.93,04:00:00
2026-02-10 04:15:00,201.96,04:15:00
2026-02-10 04:30:00,199.61,04:30:00
2026-02-10 04:45:00,199.63,04:45:00
2026-02-10 05:00:00,200.73,05:00:00
2026-02-10 05:15:00,200.9,05:15:00
2026-02-10 05:30:00,203.85,05:30:00
2026-02-10 05:45:00,203.89,05:45:00
2026-02-10 06:00:00,212.11,06:00:00
2026-02-10 06:15:00,212.27,06:15:00
2026-02-10 06:30:00,220.75,06:30:00
2026-02-10 06:45:00,220.82,06:45:00
2026-02-10 07:00:00,238.6,07:00:00
2026-02-10 07:15:00,238.59,07:15:00
2026-02-10 07:30:00,245.3,07:30:00
2026-02-10 07:45:00,245.29,07:45:00
2026-02-10 08:00:00,246.86,08:00:00
2026-02-10 08:15:00,246.83,08:15:00
2026-02-10 08:30:00,248.69,08:30:00
2026-02-10 08:45:00,248.65,08:45:00
2026-02-10 09:00:00,242.1,09:00:00
2026-02-10 09:15:00,241.98,09:15:00
2026-02-10 09:30:00,241.61,09:30:00
2026-02-10 09:45:00,241.6,09:45:00
2026-02-10 10:00:00,241.12,10:00:00
2026-02-10 10:15:00,241.13,10:15:00
2026-02-10 10:30:00,239.16,10:30:00
2026-02-10 10:45:00,239.13,10:45:00
2026-02-10 11:00:00,238.94,11:00:00
2026-02-10 11:15:00,238.93,11:15:00
2026-02-10 11:30:00,237.43,11:30:00
2026-02-10 11:45:00,237.35,11:45:00
2026-02-10 12:00:00,234.66,12:00:00
2026-02-10 12:15:00,234.71,12:15:00
2026-02-10 12:30:00,234.27,12:30:00
2026-02-10 12:45:00,234.29,12:45:00
2026-02-10 13:00:00,237.24,13:00:00
2026-02-10 13:15:00,237.24,13:15:00
2026-02-10 13:30:00,239.81,13:30:00
2026-02-10 13:45:00,239.8,13:45:00
2026-02-10 14:00:00,241.99,14:00:00
2026-02-10 14:15:00,241.93,14:15:00
2026-02-10 14:30:00,241.19,14:30:00
2026-02-10 14:45:00,241.21,14:45:00
2026-02-10 15:00:00,238.65,15:00:00
2026-02-10 15:15:00,238.68,15:15:00
2026-02-10 15:30:00,239.97,15:30:00
2026-02-10 15:45:00,239.91,15:45:00
2026-02-10 16:00:00,242.2,16:00:00
2026-02-10 16:15:00,242.17,16:15:00
2026-02-10 16:30:00,243.77,16:30:00
2026-02-10 16:45:00,243.85,16:45:00
2026-02-10 17:00:00,244.37,17:00:00
2026-02-10 17:15:00,244.37,17:15:00
2026-02-10 17:30:00,247.61,17:30:00
2026-02-10 17:45:00,247.71,17:45:00
2026-02-10 18:00:00,244.98,18:00:00
2026-02-10 18:15:00,244.97,18:15:00
2026-02-10 18:30:00,244.47,18:30:00
2026-02-10 18:45:00,244.39,18:45:00
2026-02-10 19:00:00,244.88,19:00:00
2026-02-10 19:15:00,244.8,19:15:00
2026-02-10 19:30:00,242.29,19:30:00
2026-02-10 19:45:00,242.29,19:45:00
2026-02-10 20:00:00,239.01,20:00:00
2026-02-10 20:15:00,239.05,20:15:00
2026-02-10 20:30:00,236.06,20:30:00
2026-02-10 20:45:00,236.05,20:45:00
2026-02-10 21:00:00,234.68,21:00:00
2026-02-10 21:15:00,234.68,21:15:00
2026-02-10 21:30:00,233.19,21:30:00
2026-02-10 21:45:00,233.18,21:45:00
2026-02-10 22:00:00,229.46,22:00:00
2026-02-10 22:15:00,229.45,22:15:00
2026-02-10 22:30:00,225.98,22:30:00
2026-02-10 22:45:00,225.94,22:45:00
2026-02-10 23:00:00,216.22,23:00:00
2026-02-10 23:15:00,216.07,23:15:00
2026-02-10 23:30:00,212.04,23:30:00
2026-02-10 23:45:00,212.07,23:45:00
2026-02-11 00:00:00,212.76,00:00:00
2026-02-11 00:15:00,212.8,00:15:00
2026-02-11 00:30:00,214.52,00:30:00
2026-02-11 00:45:00,214.48,00:45:00
2026-02-11 01:00:00,218.92,01:00:00
2026-02-11 01:15:00,218.96,01:15:00
2026-02-11 01:30:00,218.48,01:30:00
2026-02-11 01:45:00,218.55,01:45:00
2026-02-11 02:00:00,220.38,02:00:00
2026-02-11 02:15:00,220.41,02:15:00
2026-02-11 02:30:00,218.72,02:30:00
2026-02-11 02:45:00,218.73,02:45:00
2026-02-11 03:00:00,213.87,03:00:00
2026-02-11 03:15:00,213.84,03:15:00
2026-02-11 03:30:00,212.41,03:30:00
2026-02-11 03:45:00,212.48,03:45:00
2026-02-11 04:00:00,214.43,04:00:00
2026-02-11 04:15:00,214.47,04:15:00
2026-02-11 04:30:00,214.14,04:30:00
2026-02-11 04:45:00,214.25,04:45:00
2026-02-11 05:00:00,218.26,05:00:00
2026-02-11 05:15:00,218.12,05:15:00
2026-02-11 05:30:00,221.94,05:30:00
2026-02-11 05:45:00,221.95,05:45:00
2026-02-11 06:00:00,228.62,06:00:00
2026-02-11 06:15:00,228.67,06:15:00
2026-02-11 06:30:00,235.76,06:30:00
2026-02-11 06:45:00,235.83,06:45:00
2026-02-11 07:00:00,243.72,07:00:00
2026-02-11 07:15:00,243.69,07:15:00
2026-02-11 07:30:00,248.0,07:30:00
2026-02-11 07:45:00,248.04,07:45:00
2026-02-11 08:00:00,245.22,08:00:00
2026-02-11 08:15:00,245.22,08:15:00
2026-02-11 08:30:00,243.46,08:30:00
2026-02-11 08:45:00,243.44,08:45:00
2026-02-11 09:00:00,238.98,09:00:00
2026-02-11 09:15:00,238.93,09:15:00
2026-02-11 09:30:00,232.7,09:30:00
2026-02-11 09:45:00,232.71,09:45:00
2026-02-11 10:00:00,228.94,10:00:00
2026-02-11 10:15:00,228.95,10:15:00
2026-02-11 10:30:00,225.45,10:30:00
2026-02-11 10:45:00,225.42,10:45:00
2026-02-11 11:00:00,223.58,11:00:00
2026-02-11 11:15:00,223.57,11:15:00
2026-02-11 11:30:00,218.79,11:30:00
2026-02-11 11:45:00,218.78,11:45:00
2026-02-11 12:00:00,219.83,12:00:00
2026-02-11 12:15:00,219.84,12:15:00
2026-02-11 12:30:00,220.95,12:30:00
2026-02-11 12:45:00,220.96,12:45:00
2026-02-11 13:00:00,220.69,13:00:00
2026-02-11 13:15:00,220.7,13:15:00
2026-02-11 13:30:00,221.36,13:30:00
2026-02-11 13:45:00,221.4,13:45:00
2026-02-11 14:00:00,223.42,14:00:00
2026-02-11 14:15:00,223.45,14:15:00
2026-02-11 14:30:00,224.01,14:30:00
2026-02-11 14:45:00,223.97,14:45:00
2026-02-11 15:00:00,226.61,15:00:00
2026-02-11 15:15:00,226.42,15:15:00
2026-02-11 15:30:00,227.54,15:30:00
2026-02-11 15:45:00,227.55,15:45:00
2026-02-11 16:00:00,229.73,16:00:00
2026-02-11 16:15:00,229.73,16:15:00
2026-02-11 16:30:00,235.21,16:30:00
2026-02-11 16:45:00,235.17,16:45:00
2026-02-11 17:00:00,237.63,17:00:00
2026-02-11 17:15:00,237.6,17:15:00
2026-02-11 17:30:00,238.96,17:30:00
2026-02-11 17:45:00,239.11,17:45:00
2026-02-11 18:00:00,238.28,18:00:00
2026-02-11 18:15:00,238.19,18:15:00
2026-02-11 18:30:00,237.59,18:30:00
2026-02-11 18:45:00,237.79,18:45:00
2026-02-11 19:00:00,237.52,19:00:00
2026-02-11 19:15:00,237.31,19:15:00
2026-02-11 19:30:00,235.58,19:30:00
2026-02-11 19:45:00,235.57,19:45:00
2026-02-11 20:00:00,233.97,20:00:00
2026-02-11 20:15:00,234.0,20:15:00
2026-02-11 20:30:00,234.82,20:30:00
2026-02-11 20:45:00,234.58,20:45:00
2026-02-11 21:00:00,237.32,21:00:00
2026-02-11 21:15:00,237.38,21:15:00
2026-02-11 21:30:00,241.71,21:30:00
2026-02-11 21:45:00,241.55,21:45:00
2026-02-11 22:00:00,236.52,22:00:00
2026-02-11 22:15:00,236.5,22:15:00
2026-02-11 22:30:00,232.78,22:30:00
2026-02-11 22:45:00,232.73,22:45:00
2026-02-11 23:00:00,226.03,23:00:00
2026-02-11 23:15:00,226.0,23:15:00
2026-02-11 23:30:00,223.09,23:30:00
2026-02-11 23:45:00,223.14,23:45:00
2026-02-12 00:00:00,221.69,00:00:00
2026-02-12 00:15:00,221.71,00:15:00
2026-02-12 00:30:00,221.83,00:30:00
2026-02-12 00:45:00,221.77,00:45:00
2026-02-12 01:00:00,223.28,01:00:00
2026-02-12 01:15:00,223.35,01:15:00
2026-02-12 01:30:00,222.09,01:30:00
2026-02-12 01:45:00,221.96,01:45:00
2026-02-12 02:00:00,219.68,02:00:00
2026-02-12 02:15:00,219.83,02:15:00
2026-02-12 02:30:00,213.59,02:30:00
2026-02-12 02:45:00,213.65,02:45:00
2026-02-12 03:00:00,209.12,03:00:00
2026-02-12 03:15:00,208.83,03:15:00
2026-02-12 03:30:00,204.78,03:30:00
2026-02-12 03:45:00,204.86,03:45:00
2026-02-12 04:00:00,201.83,04:00:00
2026-02-12 04:15:00,201.85,04:15:00
2026-02-12 04:30:00,197.5,04:30:00
2026-02-12 04:45:00,197.49,04:45:00
2026-02-12 05:00:00,197.91,05:00:00
2026-02-12 05:15:00,197.99,05:15:00
2026-02-12 05:30:00,202.51,05:30:00
2026-02-12 05:45:00,202.52,05:45:00
2026-02-12 06:00:00,211.22,06:00:00
2026-02-12 06:15:00,211.21,06:15:00
2026-02-12 06:30:00,221.18,06:30:00
2026-02-12 06:45:00,221.18,06:45:00
2026-02-12 07:00:00,226.83,07:00:00
2026-02-12 07:15:00,226.8,07:15:00
2026-02-12 07:30:00,233.4,07:30:00
2026-02-12 07:45:00,233.37,07:45:00
2026-02-12 08:00:00,231.84,08:00:00
2026-02-12 08:15:00,231.74,08:15:00
2026-02-12 08:30:00,230.03,08:30:00
2026-02-12 08:45:00,229.9,08:45:00
2026-02-12 09:00:00,226.65,09:00:00
2026-02-12 09:15:00,226.61,09:15:00
2026-02-12 09:30:00,223.5,09:30:00
2026-02-12 09:45:00,223.51,09:45:00
2026-02-12 10:00:00,217.89,10:00:00
2026-02-12 10:15:00,217.87,10:15:00
2026-02-12 10:30:00,217.34,10:30:00
2026-02-12 10:45:00,217.45,10:45:00
2026-02-12 11:00:00,219.43,11:00:00
2026-02-12 11:15:00,219.52,11:15:00
2026-02-12 11:30:00,219.65,11:30:00
2026-02-12 11:45:00,219.65,11:45:00
2026-02-12 12:00:00,222.0,12:00:00
2026-02-12 12:15:00,222.0,12:15:00
2026-02-12 12:30:00,224.74,12:30:00
2026-02-12 12:45:00,224.74,12:45:00
2026-02-12 13:00:00,226.32,13:00:00
2026-02-12 13:15:00,226.35,13:15:00
2026-02-12 13:30:00,230.74,13:30:00
2026-02-12 13:45:00,230.62,13:45:00
2026-02-12 14:00:00,231.28,14:00:00
2026-02-12 14:15:00,230.74,14:15:00
2026-02-12 14:30:00,233.98,14:30:00
2026-02-12 14:45:00,234.02,14:45:00
2026-02-12 15:00:00,239.99,15:00:00
2026-02-12 15:15:00,240.35,15:15:00
2026-02-12 15:30:00,245.18,15:30:00
2026-02-12 15:45:00,245.12,15:45:00
2026-02-12 16:00:00,253.24,16:00:00
2026-02-12 16:15:00,253.28,16:15:00
2026-02-12 16:30:00,256.05,16:30:00
2026-02-12 16:45:00,256.02,16:45:00
2026-02-12 17:00:00,260.45,17:00:00
2026-02-12 17:15:00,260.44,17:15:00
2026-02-12 17:30:00,265.27,17:30:00
2026-02-12 17:45:00,265.44,17:45:00
2026-02-12 18:00:00,265.43,18:00:00
2026-02-12 18:15:00,265.19,18:15:00
2026-02-12 18:30:00,263.73,18:30:00
2026-02-12 18:45:00,263.77,18:45:00
2026-02-12 19:00:00,265.25,19:00:00
2026-02-12 19:15:00,265.13,19:15:00
2026-02-12 19:30:00,264.26,19:30:00
2026-02-12 19:45:00,264.18,19:45:00
2026-02-12 20:00:00,262.96,20:00:00
2026-02-12 20:15:00,262.88,20:15:00
2026-02-12 20:30:00,262.05,20:30:00
2026-02-12 20:45:00,262.04,20:45:00
2026-02-12 21:00:00,258.0,21:00:00
2026-02-12 21:15:00,258.07,21:15:00
2026-02-12 21:30:00,251.04,21:30:00
2026-02-12 21:45:00,250.93,21:45:00
2026-02-12 22:00:00,249.89,22:00:00
2026-02-12 22:15:00,249.96,22:15:00
2026-02-12 22:30:00,246.58,22:30:00
2026-02-12 22:45:00,246.51,22:45:00
2026-02-12 23:00:00,243.5,23:00:00
2026-02-12 23:15:00,243.36,23:15:00
2026-02-12 23:30:00,239.02,23:30:00
2026-02-12 23:45:00,239.12,23:45:00
2026-02-13 00:00:00,236.67,00:00:00
2026-02-13 00:15:00,236.74,00:15:00
2026-02-13 00:30:00,237.43,00:30:00
2026-02-13 00:45:00,236.93,00:45:00
2026-02-13 01:00:00,240.63,01:00:00
2026-02-13 01:15:00,240.65,01:15:00
2026-02-13 01:30:00,240.71,01:30:00
2026-02-13 01:45:00,240.65,01:45:00
2026-02-13 02:00:00,242.5,02:00:00
2026-02-13 02:15:00,242.56,02:15:00
2026-02-13 02:30:00,240.53,02:30:00
2026-02-13 02:45:00,240.54,02:45:00
2026-02-13 03:00:00,237.91,03:00:00
2026-02-13 03:15:00,237.96,03:15:00
2026-02-13 03:30:00,233.46,03:30:00
2026-02-13 03:45:00,233.48,03:45:00
2026-02-13 04:00:00,233.02,04:00:00
2026-02-13 04:15:00,233.02,04:15:00
2026-02-13 04:30:00,232.69,04:30:00
2026-02-13 04:45:00,233.05,04:45:00
2026-02-13 05:00:00,235.14,05:00:00
2026-02-13 05:15:00,235.12,05:15:00
2026-02-13 05:30:00,238.09,05:30:00
2026-02-13 05:45:00,238.43,05:45:00
2026-02-13 06:00:00,244.09,06:00:00
2026-02-13 06:15:00,244.14,06:15:00
2026-02-13 06:30:00,249.88,06:30:00
2026-02-13 06:45:00,250.34,06:45:00
2026-02-13 07:00:00,259.66,07:00:00
2026-02-13 07:15:00,259.69,07:15:00
2026-02-13 07:30:00,266.63,07:30:00
2026-02-13 07:45:00,266.58,07:45:00
2026-02-13 08:00:00,270.83,08:00:00
2026-02-13 08:15:00,270.72,08:15:00
2026-02-13 08:30:00,266.09,08:30:00
2026-02-13 08:45:00,266.06,08:45:00
2026-02-13 09:00:00,254.11,09:00:00
2026-02-13 09:15:00,254.02,09:15:00
2026-02-13 09:30:00,251.58,09:30:00
2026-02-13 09:45:00,251.54,09:45:00
2026-02-13 10:00:00,248.98,10:00:00
2026-02-13 10:15:00,248.88,10:15:00
2026-02-13 10:30:00,247.85,10:30:00
2026-02-13 10:45:00,247.86,10:45:00
2026-02-13 11:00:00,244.01,11:00:00
2026-02-13 11:15:00,244.05,11:15:00
2026-02-13 11:30:00,240.77,11:30:00
2026-02-13 11:45:00,240.67,11:45:00
2026-02-13 12:00:00,236.21,12:00:00
2026-02-13 12:15:00,236.27,12:15:00
2026-02-13 12:30:00,235.34,12:30:00
2026-02-13 12:45:00,235.4,12:45:00
2026-02-13 13:00:00,237.14,13:00:00
2026-02-13 13:15:00,237.14,13:15:00
2026-02-13 13:30:00,238.36,13:30:00
2026-02-13 13:45:00,238.36,13:45:00
2026-02-13 14:00:00,243.86,14:00:00
2026-02-13 14:15:00,243.89,14:15:00
2026-02-13 14:30:00,245.13,14:30:00
2026-02-13 14:45:00,245.2,14:45:00
2026-02-13 15:00:00,249.34,15:00:00
2026-02-13 15:15:00,249.35,15:15:00
2026-02-13 15:30:00,257.69,15:30:00
2026-02-13 15:45:00,257.73,15:45:00
2026-02-13 16:00:00,257.64,16:00:00
2026-02-13 16:15:00,257.66,16:15:00
2026-02-13 16:30:00,262.02,16:30:00
2026-02-13 16:45:00,262.11,16:45:00
2026-02-13 17:00:00,271.88,17:00:00
2026-02-13 17:15:00,271.89,17:15:00
2026-02-13 17:30:00,274.61,17:30:00
2026-02-13 17:45:00,274.66,17:45:00
2026-02-13 18:00:00,271.45,18:00:00
2026-02-13 18:15:00,271.43,18:15:00
2026-02-13 18:30:00,269.18,18:30:00
2026-02-13 18:45:00,269.19,18:45:00
2026-02-13 19:00:00,261.05,19:00:00
2026-02-13 19:15:00,260.85,19:15:00
2026-02-13 19:30:00,257.57,19:30:00
2026-02-13 19:45:00,257.54,19:45:00
2026-02-13 20:00:00,249.1,20:00:00
2026-02-13 20:15:00,248.88,20:15:00
2026-02-13 20:30:00,244.54,20:30:00
2026-02-13 20:45:00,244.46,20:45:00
2026-02-13 21:00:00,238.0,21:00:00
2026-02-13 21:15:00,237.71,21:15:00
2026-02-13 21:30:00,238.06,21:30:00
2026-02-13 21:45:00,237.76,21:45:00
2026-02-13 22:00:00,235.32,22:00:00
2026-02-13 22:15:00,235.23,22:15:00
2026-02-13 22:30:00,231.98,22:30:00
2026-02-13 22:45:00,231.85,22:45:00
2026-02-13 23:00:00,229.52,23:00:00
2026-02-13 23:15:00,229.36,23:15:00
2026-02-13 23:30:00,225.21,23:30:00
2026-02-13 23:45:00,225.13,23:45:00
2026-02-14 00:00:00,221.69,00:00:00
2026-02-14 00:15:00,221.67,00:15:00
2026-02-14 00:30:00,223.43,00:30:00
2026-02-14 00:45:00,223.5,00:45:00
2026-02-14 01:00:00,226.61,01:00:00
2026-02-14 01:15:00,226.58,01:15:00
2026-02-14 01:30:00,228.82,01:30:00
2026-02-14 01:45:00,228.83,01:45:00
2026-02-14 02:00:00,230.24,02:00:00
2026-02-14 02:15:00,230.2,02:15:00
2026-02-14 02:30:00,234.85,02:30:00
2026-02-14 02:45:00,234.78,02:45:00
2026-02-14 03:00:00,236.71,03:00:00
2026-02-14 03:15:00,236.6,03:15:00
2026-02-14 03:30:00,239.91,03:30:00
2026-02-14 03:45:00,239.86,03:45:00
2026-02-14 04:00:00,243.86,04:00:00
2026-02-14 04:15:00,243.79,04:15:00
2026-02-14 04:30:00,245.05,04:30:00
2026-02-14 04:45:00,245.01,04:45:00
2026-02-14 05:00:00,248.57,05:00:00
2026-02-14 05:15:00,248.63,05:15:00
2026-02-14 05:30:00,252.02,05:30:00
2026-02-14 05:45:00,252.01,05:45:00
2026-02-14 06:00:00,258.09,06:00:00
2026-02-14 06:15:00,258.14,06:15:00
2026-02-14 06:30:00,264.33,06:30:00
2026-02-14 06:45:00,264.43,06:45:00
2026-02-14 07:00:00,271.96,07:00:00
2026-02-14 07:15:00,271.91,07:15:00
2026-02-14 07:30:00,277.58,07:30:00
2026-02-14 07:45:00,277.77,07:45:00
2026-02-14 08:00:00,272.98,08:00:00
2026-02-14 08:15:00,273.16,08:15:00
2026-02-14 08:30:00,276.87,08:30:00
2026-02-14 08:45:00,277.0,08:45:00
2026-02-14 09:00:00,272.95,09:00:00
2026-02-14 09:15:00,272.92,09:15:00
2026-02-14 09:30:00,270.0,09:30:00
2026-02-14 09:45:00,270.19,09:45:00
2026-02-14 10:00:00,241.09,10:00:00
2026-02-14 10:15:00,241.22,10:15:00
2026-02-14 10:30:00,233.8,10:30:00
2026-02-14 10:45:00,233.92,10:45:00
2026-02-14 11:00:00,228.62,11:00:00
2026-02-14 11:15:00,228.67,11:15:00
2026-02-14 11:30:00,226.48,11:30:00
2026-02-14 11:45:00,226.5,11:45:00
2026-02-14 12:00:00,229.11,12:00:00
2026-02-14 12:15:00,229.16,12:15:00
2026-02-14 12:30:00,235.16,12:30:00
2026-02-14 12:45:00,234.96,12:45:00
2026-02-14 13:00:00,240.39,13:00:00
2026-02-14 13:15:00,240.37,13:15:00
2026-02-14 13:30:00,247.6,13:30:00
2026-02-14 13:45:00,246.95,13:45:00
2026-02-14 14:00:00,258.25,14:00:00
2026-02-14 14:15:00,258.2,14:15:00
2026-02-14 14:30:00,271.42,14:30:00
2026-02-14 14:45:00,271.42,14:45:00
2026-02-14 15:00:00,284.43,15:00:00
2026-02-14 15:15:00,284.39,15:15:00
2026-02-14 15:30:00,291.31,15:30:00
2026-02-14 15:45:00,291.42,15:45:00
2026-02-14 16:00:00,293.76,16:00:00
2026-02-14 16:15:00,293.94,16:15:00
2026-02-14 16:30:00,297.66,16:30:00
2026-02-14 16:45:00,297.76,16:45:00
2026-02-14 17:00:00,304.39,17:00:00
2026-02-14 17:15:00,304.45,17:15:00
2026-02-14 17:30:00,304.93,17:30:00
2026-02-14 17:45:00,304.97,17:45:00
2026-02-14 18:00:00,305.08,18:00:00
2026-02-14 18:15:00,305.08,18:15:00
2026-02-14 18:30:00,299.7,18:30:00
2026-02-14 18:45:00,299.7,18:45:00
2026-02-14 19:00:00,296.02,19:00:00
2026-02-14 19:15:00,296.0,19:15:00
2026-02-14 19:30:00,293.27,19:30:00
2026-02-14 19:45:00,293.27,19:45:00
2026-02-14 20:00:00,277.03,20:00:00
2026-02-14 20:15:00,276.97,20:15:00
2026-02-14 20:30:00,267.95,20:30:00
2026-02-14 20:45:00,268.02,20:45:00
2026-02-14 21:00:00,264.68,21:00:00
2026-02-14 21:15:00,264.68,21:15:00
2026-02-14 21:30:00,255.08,21:30:00
2026-02-14 21:45:00,255.12,21:45:00
2026-02-14 22:00:00,241.26,22:00:00
2026-02-14 22:15:00,241.28,22:15:00
2026-02-14 22:30:00,233.61,22:30:00
2026-02-14 22:45:00,233.61,22:45:00
2026-02-14 23:00:00,214.78,23:00:00
2026-02-14 23:15:00,214.55,23:15:00
2026-02-14 23:30:00,198.11,23:30:00
2026-02-14 23:45:00,198.02,23:45:00
2026-02-15 00:00:00,176.75,00:00:00
2026-02-15 00:15:00,176.7,00:15:00
2026-02-15 00:30:00,169.58,00:30:00
2026-02-15 00:45:00,169.53,00:45:00
2026-02-15 01:00:00,152.19,01:00:00
2026-02-15 01:15:00,151.99,01:15:00
2026-02-15 01:30:00,147.61,01:30:00
2026-02-15 01:45:00,147.51,01:45:00
2026-02-15 02:00:00,139.12,02:00:00
2026-02-15 02:15:00,139.11,02:15:00
2026-02-15 02:30:00,138.36,02:30:00
2026-02-15 02:45:00,138.3,02:45:00
2026-02-15 03:00:00,131.07,03:00:00
2026-02-15 03:15:00,131.06,03:15:00
2026-02-15 03:30:00,127.66,03:30:00
2026-02-15 03:45:00,127.65,03:45:00
2026-02-15 04:00:00,126.88,04:00:00
2026-02-15 04:15:00,126.89,04:15:00
2026-02-15 04:30:00,125.3,04:30:00
2026-02-15 04:45:00,125.25,04:45:00
2026-02-15 05:00:00,123.27,05:00:00
2026-02-15 05:15:00,123.26,05:15:00
2026-02-15 05:30:00,122.44,05:30:00
2026-02-15 05:45:00,122.43,05:45:00
2026-02-15 06:00:00,122.18,06:00:00
2026-02-15 06:15:00,122.15,06:15:00
2026-02-15 06:30:00,125.34,06:30:00
2026-02-15 06:45:00,125.36,06:45:00
2026-02-15 07:00:00,130.35,07:00:00
2026-02-15 07:15:00,130.28,07:15:00
2026-02-15 07:30:00,133.92,07:30:00
2026-02-15 07:45:00,133.94,07:45:00
2026-02-15 08:00:00,140.84,08:00:00
2026-02-15 08:15:00,140.81,08:15:00
2026-02-15 08:30:00,144.31,08:30:00
2026-02-15 08:45:00,144.3,08:45:00
2026-02-15 09:00:00,154.96,09:00:00
2026-02-15 09:15:00,155.24,09:15:00
2026-02-15 09:30:00,166.61,09:30:00
2026-02-15 09:45:00,166.59,09:45:00
2026-02-15 10:00:00,172.45,10:00:00
2026-02-15 10:15:00,172.43,10:15:00
2026-02-15 10:30:00,169.8,10:30:00
2026-02-15 10:45:00,169.94,10:45:00
2026-02-15 11:00:00,173.46,11:00:00
2026-02-15 11:15:00,173.14,11:15:00
2026-02-15 11:30:00,176.87,11:30:00
2026-02-15 11:45:00,176.58,11:45:00
2026-02-15 12:00:00,180.74,12:00:00
2026-02-15 12:15:00,180.02,12:15:00
2026-02-15 12:30:00,177.45,12:30:00
2026-02-15 12:45:00,177.2,12:45:00
2026-02-15 13:00:00,176.84,13:00:00
2026-02-15 13:15:00,176.65,13:15:00
2026-02-15 13:30:00,177.71,13:30:00
2026-02-15 13:45:00,177.91,13:45:00
2026-02-15 14:00:00,178.36,14:00:00
2026-02-15 14:15:00,178.7,14:15:00
2026-02-15 14:30:00,182.14,14:30:00
2026-02-15 14:45:00,181.57,14:45:00
2026-02-15 15:00:00,190.96,15:00:00
2026-02-15 15:15:00,190.86,15:15:00
2026-02-15 15:30:00,200.37,15:30:00
2026-02-15 15:45:00,200.21,15:45:00
2026-02-15 16:00:00,204.03,16:00:00
2026-02-15 16:15:00,203.43,16:15:00
2026-02-15 16:30:00,212.57,16:30:00
2026-02-15 16:45:00,212.16,16:45:00
2026-02-15 17:00:00,219.89,17:00:00
2026-02-15 17:15:00,219.57,17:15:00
2026-02-15 17:30:00,226.33,17:30:00
2026-02-15 17:45:00,226.59,17:45:00
2026-02-15 18:00:00,226.39,18:00:00
2026-02-15 18:15:00,226.14,18:15:00
2026-02-15 18:30:00,224.64,18:30:00
2026-02-15 18:45:00,225.01,18:45:00
2026-02-15 19:00:00,222.02,19:00:00
2026-02-15 19:15:00,222.03,19:15:00
2026-02-15 19:30:00,225.8,19:30:00
2026-02-15 19:45:00,225.47,19:45:00
2026-02-15 20:00:00,230.91,20:00:00
2026-02-15 20:15:00,231.11,20:15:00
2026-02-15 20:30:00,225.49,20:30:00
2026-02-15 20:45:00,225.64,20:45:00
2026-02-15 21:00:00,219.59,21:00:00
2026-02-15 21:15:00,219.79,21:15:00
2026-02-15 21:30:00,196.58,21:30:00
2026-02-15 21:45:00,196.95,21:45:00
2026-02-15 22:00:00,176.05,22:00:00
2026-02-15 22:15:00,176.33,22:15:00
2026-02-15 22:30:00,163.62,22:30:00
2026-02-15 22:45:00,163.15,22:45:00
2026-02-15 23:00:00,132.35,23:00:00
2026-02-15 23:15:00,132.28,23:15:00
2026-02-15 23:30:00,117.75,23:30:00
2026-02-15 23:45:00,117.74,23:45:00
2026-02-16 00:00:00,110.44,00:00:00
2026-02-16 00:15:00,110.48,00:15:00
2026-02-16 00:30:00,111.92,00:30:00
2026-02-16 00:45:00,112.3,00:45:00
2026-02-16 01:00:00,110.18,01:00:00
2026-02-16 01:15:00,110.09,01:15:00
2026-02-16 01:30:00,108.86,01:30:00
2026-02-16 01:45:00,109.03,01:45:00
2026-02-16 02:00:00,106.81,02:00:00
2026-02-16 02:15:00,106.79,02:15:00
2026-02-16 02:30:00,108.11,02:30:00
2026-02-16 02:45:00,107.94,02:45:00
2026-02-16 03:00:00,105.52,03:00:00
2026-02-16 03:15:00,105.63,03:15:00
2026-02-16 03:30:00,105.44,03:30:00
2026-02-16 03:45:00,105.3,03:45:00
2026-02-16 04:00:00,105.31,04:00:00
2026-02-16 04:15:00,105.1,04:15:00
2026-02-16 04:30:00,104.59,04:30:00
2026-02-16 04:45:00,103.88,04:45:00
2026-02-16 05:00:00,107.58,05:00:00
2026-02-16 05:15:00,107.48,05:15:00
2026-02-16 05:30:00,113.21,05:30:00
2026-02-16 05:45:00,113.59,05:45:00
2026-02-16 06:00:00,140.41,06:00:00
2026-02-16 06:15:00,140.45,06:15:00
2026-02-16 06:30:00,166.57,06:30:00
2026-02-16 06:45:00,166.62,06:45:00
2026-02-16 07:00:00,181.04,07:00:00
2026-02-16 07:15:00,180.97,07:15:00
2026-02-16 07:30:00,201.43,07:30:00
2026-02-16 07:45:00,201.32,07:45:00
2026-02-16 08:00:00,199.65,08:00:00
2026-02-16 08:15:00,199.62,08:15:00
2026-02-16 08:30:00,193.16,08:30:00
2026-02-16 08:45:00,193.13,08:45:00
2026-02-16 09:00:00,185.82,09:00:00
2026-02-16 09:15:00,185.79,09:15:00
2026-02-16 09:30:00,174.81,09:30:00
2026-02-16 09:45:00,174.74,09:45:00
2026-02-16 10:00:00,165.19,10:00:00
2026-02-16 10:15:00,165.25,10:15:00
2026-02-16 10:30:00,158.85,10:30:00
2026-02-16 10:45:00,158.91,10:45:00
2026-02-16 11:00:00,150.05,11:00:00
2026-02-16 11:15:00,149.98,11:15:00
2026-02-16 11:30:00,151.67,11:30:00
2026-02-16 11:45:00,151.66,11:45:00
2026-02-16 12:00:00,154.14,12:00:00
2026-02-16 12:15:00,153.77,12:15:00
2026-02-16 12:30:00,164.17,12:30:00
2026-02-16 12:45:00,164.27,12:45:00
2026-02-16 13:00:00,177.77,13:00:00
2026-02-16 13:15:00,177.79,13:15:00
2026-02-16 13:30:00,179.56,13:30:00
2026-02-16 13:45:00,179.25,13:45:00
2026-02-16 14:00:00,180.93,14:00:00
2026-02-16 14:15:00,180.8,14:15:00
2026-02-16 14:30:00,188.13,14:30:00
2026-02-16 14:45:00,188.15,14:45:00
2026-02-16 15:00:00,190.39,15:00:00
2026-02-16 15:15:00,190.41,15:15:00
2026-02-16 15:30:00,198.63,15:30:00
2026-02-16 15:45:00,198.67,15:45:00
2026-02-16 16:00:00,203.19,16:00:00
2026-02-16 16:15:00,203.21,16:15:00
2026-02-16 16:30:00,210.64,16:30:00
2026-02-16 16:45:00,210.67,16:45:00
2026-02-16 17:00:00,216.54,17:00:00
2026-02-16 17:15:00,216.5,17:15:00
2026-02-16 17:30:00,220.36,17:30:00
2026-02-16 17:45:00,220.34,17:45:00
2026-02-16 18:00:00,220.65,18:00:00
2026-02-16 18:15:00,220.6,18:15:00
2026-02-16 18:30:00,219.6,18:30:00
2026-02-16 18:45:00,219.55,18:45:00
2026-02-16 19:00:00,215.4,19:00:00
2026-02-16 19:15:00,215.35,19:15:00
2026-02-16 19:30:00,214.2,19:30:00
2026-02-16 19:45:00,214.24,19:45:00
2026-02-16 20:00:00,211.68,20:00:00
2026-02-16 20:15:00,211.71,20:15:00
2026-02-16 20:30:00,204.98,20:30:00
2026-02-16 20:45:00,204.85,20:45:00
2026-02-16 21:00:00,201.91,21:00:00
2026-02-16 21:15:00,201.72,21:15:00
2026-02-16 21:30:00,193.53,21:30:00
2026-02-16 21:45:00,193.46,21:45:00
2026-02-16 22:00:00,174.98,22:00:00
2026-02-16 22:15:00,175.0,22:15:00
2026-02-16 22:30:00,163.81,22:30:00
2026-02-16 22:45:00,163.8,22:45:00
2026-02-16 23:00:00,147.46,23:00:00
2026-02-16 23:15:00,147.42,23:15:00
2026-02-16 23:30:00,133.36,23:30:00
2026-02-16 23:45:00,133.38,23:45:00
2026-02-17 00:00:00,124.49,00:00:00
2026-02-17 00:15:00,124.47,00:15:00
2026-02-17 00:30:00,124.97,00:30:00
2026-02-17 00:45:00,124.98,00:45:00
2026-02-17 01:00:00,124.69,01:00:00
2026-02-17 01:15:00,124.7,01:15:00
2026-02-17 01:30:00,123.34,01:30:00
2026-02-17 01:45:00,123.34,01:45:00
2026-02-17 02:00:00,128.63,02:00:00
2026-02-17 02:15:00,128.65,02:15:00
2026-02-17 02:30:00,126.7,02:30:00
2026-02-17 02:45:00,126.74,02:45:00
2026-02-17 03:00:00,128.79,03:00:00
2026-02-17 03:15:00,128.79,03:15:00
2026-02-17 03:30:00,129.41,03:30:00
2026-02-17 03:45:00,129.46,03:45:00
2026-02-17 04:00:00,127.87,04:00:00
2026-02-17 04:15:00,127.91,04:15:00
2026-02-17 04:30:00,129.08,04:30:00
2026-02-17 04:45:00,129.08,04:45:00
2026-02-17 05:00:00,133.71,05:00:00
2026-02-17 05:15:00,133.68,05:15:00
2026-02-17 05:30:00,146.34,05:30:00
2026-02-17 05:45:00,146.32,05:45:00
2026-02-17 06:00:00,165.07,06:00:00
2026-02-17 06:15:00,165.1,06:15:00
2026-02-17 06:30:00,194.72,06:30:00
2026-02-17 06:45:00,194.79,06:45:00
2026-02-17 07:00:00,216.66,07:00:00
2026-02-17 07:15:00,216.67,07:15:00
2026-02-17 07:30:00,220.65,07:30:00
2026-02-17 07:45:00,220.67,07:45:00
2026-02-17 08:00:00,214.29,08:00:00
2026-02-17 08:15:00,214.14,08:15:00
2026-02-17 08:30:00,209.67,08:30:00
2026-02-17 08:45:00,209.59,08:45:00
2026-02-17 09:00:00,206.16,09:00:00
2026-02-17 09:15:00,206.29,09:15:00
2026-02-17 09:30:00,202.63,09:30:00
2026-02-17 09:45:00,202.45,09:45:00
2026-02-17 10:00:00,201.01,10:00:00
2026-02-17 10:15:00,200.99,10:15:00
2026-02-17 10:30:00,199.29,10:30:00
2026-02-17 10:45:00,199.41,10:45:00
2026-02-17 11:00:00,201.58,11:00:00
2026-02-17 11:15:00,201.55,11:15:00
2026-02-17 11:30:00,204.16,11:30:00
2026-02-17 11:45:00,204.08,11:45:00
2026-02-17 12:00:00,210.77,12:00:00
2026-02-17 12:15:00,210.73,12:15:00
2026-02-17 12:30:00,216.93,12:30:00
2026-02-17 12:45:00,216.9,12:45:00
2026-02-17 13:00:00,225.22,13:00:00
2026-02-17 13:15:00,225.25,13:15:00
2026-02-17 13:30:00,231.45,13:30:00
2026-02-17 13:45:00,231.53,13:45:00
2026-02-17 14:00:00,240.6,14:00:00
2026-02-17 14:15:00,240.69,14:15:00
2026-02-17 14:30:00,248.57,14:30:00
2026-02-17 14:45:00,248.75,14:45:00
2026-02-17 15:00:00,259.4,15:00:00
2026-02-17 15:15:00,259.46,15:15:00
2026-02-17 15:30:00,267.11,15:30:00
2026-02-17 15:45:00,266.86,15:45:00
2026-02-17 16:00:00,277.5,16:00:00
2026-02-17 16:15:00,277.72,16:15:00
2026-02-17 16:30:00,286.35,16:30:00
2026-02-17 16:45:00,286.74,16:45:00
2026-02-17 17:00:00,302.43,17:00:00
2026-02-17 17:15:00,302.48,17:15:00
2026-02-17 17:30:00,307.57,17:30:00
2026-02-17 17:45:00,307.7,17:45:00
2026-02-17 18:00:00,319.84,18:00:00
2026-02-17 18:15:00,319.84,18:15:00
2026-02-17 18:30:00,320.55,18:30:00
2026-02-17 18:45:00,320.51,18:45:00
2026-02-17 19:00:00,312.88,19:00:00
2026-02-17 19:15:00,312.8,19:15:00
2026-02-17 19:30:00,314.37,19:30:00
2026-02-17 19:45:00,314.37,19:45:00
2026-02-17 20:00:00,300.55,20:00:00
2026-02-17 20:15:00,300.28,20:15:00
2026-02-17 20:30:00,298.86,20:30:00
2026-02-17 20:45:00,298.7,20:45:00
2026-02-17 21:00:00,298.48,21:00:00
2026-02-17 21:15:00,298.37,21:15:00
2026-02-17 21:30:00,294.09,21:30:00
2026-02-17 21:45:00,293.78,21:45:00
2026-02-17 22:00:00,286.46,22:00:00
2026-02-17 22:15:00,285.96,22:15:00
2026-02-17 22:30:00,279.48,22:30:00
2026-02-17 22:45:00,279.25,22:45:00
2026-02-17 23:00:00,265.98,23:00:00
2026-02-17 23:15:00,265.86,23:15:00
2026-02-17 23:30:00,254.71,23:30:00
2026-02-17 23:45:00,254.32,23:45:00
2026-02-18 00:00:00,246.77,00:00:00
2026-02-18 00:15:00,246.61,00:15:00
2026-02-18 00:30:00,244.15,00:30:00
2026-02-18 00:45:00,243.76,00:45:00
2026-02-18 01:00:00,235.9,01:00:00
2026-02-18 01:15:00,235.84,01:15:00
2026-02-18 01:30:00,226.54,01:30:00
2026-02-18 01:45:00,226.27,01:45:00
2026-02-18 02:00:00,217.81,02:00:00
2026-02-18 02:15:00,217.79,02:15:00
2026-02-18 02:30:00,210.14,02:30:00
2026-02-18 02:45:00,210.15,02:45:00
2026-02-18 03:00:00,202.03,03:00:00
2026-02-18 03:15:00,201.97,03:15:00
2026-02-18 03:30:00,198.32,03:30:00
2026-02-18 03:45:00,198.27,03:45:00
2026-02-18 04:00:00,190.4,04:00:00
2026-02-18 04:15:00,190.39,04:15:00
2026-02-18 04:30:00,182.03,04:30:00
2026-02-18 04:45:00,182.04,04:45:00
2026-02-18 05:00:00,181.04,05:00:00
2026-02-18 05:15:00,181.02,05:15:00
2026-02-18 05:30:00,180.0,05:30:00
2026-02-18 05:45:00,180.09,05:45:00
2026-02-18 06:00:00,176.45,06:00:00
2026-02-18 06:15:00,176.35,06:15:00
2026-02-18 06:30:00,181.58,06:30:00
2026-02-18 06:45:00,181.86,06:45:00
2026-02-18 07:00:00,187.15,07:00:00
2026-02-18 07:15:00,187.13,07:15:00
2026-02-18 07:30:00,190.09,07:30:00
2026-02-18 07:45:00,190.07,07:45:00
2026-02-18 08:00:00,184.62,08:00:00
2026-02-18 08:15:00,184.59,08:15:00
2026-02-18 08:30:00,184.46,08:30:00
2026-02-18 08:45:00,184.42,08:45:00
2026-02-18 09:00:00,180.82,09:00:00
2026-02-18 09:15:00,180.82,09:15:00
2026-02-18 09:30:00,178.17,09:30:00
2026-02-18 09:45:00,178.21,09:45:00
2026-02-18 10:00:00,172.09,10:00:00
2026-02-18 10:15:00,172.08,10:15:00
2026-02-18 10:30:00,167.24,10:30:00
2026-02-18 10:45:00,167.22,10:45:00
2026-02-18 11:00:00,161.96,11:00:00
2026-02-18 11:15:00,161.93,11:15:00
2026-02-18 11:30:00,149.82,11:30:00
2026-02-18 11:45:00,149.84,11:45:00
2026-02-18 12:00:00,150.89,12:00:00
2026-02-18 12:15:00,151.12,12:15:00
2026-02-18 12:30:00,165.78,12:30:00
2026-02-18 12:45:00,165.93,12:45:00
2026-02-18 13:00:00,169.36,13:00:00
2026-02-18 13:15:00,169.33,13:15:00
2026-02-18 13:30:00,172.4,13:30:00
2026-02-18 13:45:00,171.04,13:45:00
2026-02-18 14:00:00,173.79,14:00:00
2026-02-18 14:15:00,173.85,14:15:00
2026-02-18 14:30:00,174.52,14:30:00
2026-02-18 14:45:00,174.48,14:45:00
2026-02-18 15:00:00,178.19,15:00:00
2026-02-18 15:15:00,178.19,15:15:00
2026-02-18 15:30:00,178.37,15:30:00
2026-02-18 15:45:00,178.37,15:45:00
2026-02-18 16:00:00,181.78,16:00:00
2026-02-18 16:15:00,181.78,16:15:00
2026-02-18 16:30:00,183.39,16:30:00
2026-02-18 16:45:00,183.44,16:45:00
2026-02-18 17:00:00,189.02,17:00:00
2026-02-18 17:15:00,189.03,17:15:00
2026-02-18 17:30:00,193.69,17:30:00
2026-02-18 17:45:00,193.8,17:45:00
2026-02-18 18:00:00,194.11,18:00:00
2026-02-18 18:15:00,194.09,18:15:00
2026-02-18 18:30:00,193.52,18:30:00
2026-02-18 18:45:00,193.52,18:45:00
2026-02-18 19:00:00,189.62,19:00:00
2026-02-18 19:15:00,189.81,19:15:00
2026-02-18 19:30:00,187.29,19:30:00
2026-02-18 19:45:00,187.2,19:45:00
2026-02-18 20:00:00,182.44,20:00:00
2026-02-18 20:15:00,182.36,20:15:00
2026-02-18 20:30:00,175.75,20:30:00
2026-02-18 20:45:00,175.69,20:45:00
2026-02-18 21:00:00,172.98,21:00:00
2026-02-18 21:15:00,172.94,21:15:00
2026-02-18 21:30:00,166.97,21:30:00
2026-02-18 21:45:00,166.71,21:45:00
2026-02-18 22:00:00,161.03,22:00:00
2026-02-18 22:15:00,161.0,22:15:00
2026-02-18 22:30:00,154.49,22:30:00
2026-02-18 22:45:00,154.54,22:45:00
2026-02-18 23:00:00,148.15,23:00:00
2026-02-18 23:15:00,148.06,23:15:00
2026-02-18 23:30:00,145.73,23:30:00
2026-02-18 23:45:00,145.68,23:45:00
2026-02-19 00:00:00,145.43,00:00:00
2026-02-19 00:15:00,145.44,00:15:00
2026-02-19 00:30:00,146.92,00:30:00
2026-02-19 00:45:00,147.08,00:45:00
2026-02-19 01:00:00,154.19,01:00:00
2026-02-19 01:15:00,154.15,01:15:00
2026-02-19 01:30:00,152.49,01:30:00
2026-02-19 01:45:00,152.46,01:45:00
2026-02-19 02:00:00,152.34,02:00:00
2026-02-19 02:15:00,152.28,02:15:00
2026-02-19 02:30:00,152.76,02:30:00
2026-02-19 02:45:00,152.84,02:45:00
2026-02-19 03:00:00,155.36,03:00:00
2026-02-19 03:15:00,155.38,03:15:00
2026-02-19 03:30:00,156.45,03:30:00
2026-02-19 03:45:00,156.23,03:45:00
2026-02-19 04:00:00,157.61,04:00:00
2026-02-19 04:15:00,157.74,04:15:00
2026-02-19 04:30:00,160.3,04:30:00
2026-02-19 04:45:00,160.07,04:45:00
2026-02-19 05:00:00,164.54,05:00:00
2026-02-19 05:15:00,164.55,05:15:00
2026-02-19 05:30:00,173.03,05:30:00
2026-02-19 05:45:00,173.12,05:45:00
2026-02-19 06:00:00,189.0,06:00:00
2026-02-19 06:15:00,189.02,06:15:00
2026-02-19 06:30:00,203.03,06:30:00
2026-02-19 06:45:00,203.14,06:45:00
2026-02-19 07:00:00,219.68,07:00:00
2026-02-19 07:15:00,219.69,07:15:00
2026-02-19 07:30:00,228.05,07:30:00
2026-02-19 07:45:00,227.99,07:45:00
2026-02-19 08:00:00,231.61,08:00:00
2026-02-19 08:15:00,231.59,08:15:00
2026-02-19 08:30:00,235.43,08:30:00
2026-02-19 08:45:00,235.48,08:45:00
2026-02-19 09:00:00,240.43,09:00:00
2026-02-19 09:15:00,240.36,09:15:00
2026-02-19 09:30:00,237.89,09:30:00
2026-02-19 09:45:00,237.88,09:45:00
2026-02-19 10:00:00,238.27,10:00:00
2026-02-19 10:15:00,238.27,10:15:00
2026-02-19 10:30:00,247.9,10:30:00
2026-02-19 10:45:00,247.84,10:45:00
2026-02-19 11:00:00,251.2,11:00:00
2026-02-19 11:15:00,251.03,11:15:00
2026-02-19 11:30:00,250.11,11:30:00
2026-02-19 11:45:00,250.06,11:45:00
2026-02-19 12:00:00,309.54,12:00:00
2026-02-19 12:15:00,309.35,12:15:00
2026-02-19 12:30:00,253.49,12:30:00
2026-02-19 12:45:00,253.54,12:45:00
2026-02-19 13:00:00,250.32,13:00:00
2026-02-19 13:15:00,250.38,13:15:00
2026-02-19 13:30:00,255.49,13:30:00
2026-02-19 13:45:00,255.61,13:45:00
2026-02-19 14:00:00,261.38,14:00:00
2026-02-19 14:15:00,261.45,14:15:00
2026-02-19 14:30:00,264.22,14:30:00
2026-02-19 14:45:00,264.28,14:45:00
2026-02-19 15:00:00,271.33,15:00:00
2026-02-19 15:15:00,271.47,15:15:00
2026-02-19 15:30:00,275.11,15:30:00
2026-02-19 15:45:00,275.08,15:45:00
2026-02-19 16:00:00,281.26,16:00:00
2026-02-19 16:15:00,281.21,16:15:00
2026-02-19 16:30:00,283.54,16:30:00
2026-02-19 16:45:00,283.64,16:45:00
2026-02-19 17:00:00,286.84,17:00:00
2026-02-19 17:15:00,287.25,17:15:00
2026-02-19 17:30:00,290.44,17:30:00
2026-02-19 17:45:00,290.68,17:45:00
2026-02-19 18:00:00,291.46,18:00:00
2026-02-19 18:15:00,291.33,18:15:00
2026-02-19 18:30:00,290.55,18:30:00
2026-02-19 18:45:00,290.4,18:45:00
2026-02-19 19:00:00,289.67,19:00:00
2026-02-19 19:15:00,289.1,19:15:00
2026-02-19 19:30:00,288.81,19:30:00
2026-02-19 19:45:00,288.69,19:45:00
2026-02-19 20:00:00,288.84,20:00:00
2026-02-19 20:15:00,288.72,20:15:00
2026-02-19 20:30:00,288.19,20:30:00
2026-02-19 20:45:00,288.22,20:45:00
2026-02-19 21:00:00,290.11,21:00:00
2026-02-19 21:15:00,289.81,21:15:00
2026-02-19 21:30:00,286.0,21:30:00
2026-02-19 21:45:00,285.85,21:45:00
2026-02-19 22:00:00,280.0,22:00:00
2026-02-19 22:15:00,279.85,22:15:00
2026-02-19 22:30:00,274.24,22:30:00
2026-02-19 22:45:00,274.33,22:45:00
2026-02-19 23:00:00,268.37,23:00:00
2026-02-19 23:15:00,268.32,23:15:00
2026-02-19 23:30:00,260.96,23:30:00
2026-02-19 23:45:00,260.95,23:45:00
2026-02-20 00:00:00,255.14,00:00:00
2026-02-20 00:15:00,254.83,00:15:00
2026-02-20 00:30:00,251.84,00:30:00
2026-02-20 00:45:00,251.42,00:45:00
2026-02-20 01:00:00,249.87,01:00:00
2026-02-20 01:15:00,249.7,01:15:00
2026-02-20 01:30:00,245.15,01:30:00
2026-02-20 01:45:00,244.98,01:45:00
2026-02-20 02:00:00,243.46,02:00:00
2026-02-20 02:15:00,243.51,02:15:00
2026-02-20 02:30:00,239.78,02:30:00
2026-02-20 02:45:00,239.62,02:45:00
2026-02-20 03:00:00,234.52,03:00:00
2026-02-20 03:15:00,234.61,03:15:00
2026-02-20 03:30:00,227.33,03:30:00
2026-02-20 03:45:00,227.03,03:45:00
2026-02-20 04:00:00,221.96,04:00:00
2026-02-20 04:15:00,222.07,04:15:00
2026-02-20 04:30:00,214.44,04:30:00
2026-02-20 04:45:00,214.8,04:45:00
2026-02-20 05:00:00,222.56,05:00:00
2026-02-20 05:15:00,222.7,05:15:00
2026-02-20 05:30:00,223.77,05:30:00
2026-02-20 05:45:00,223.86,05:45:00
2026-02-20 06:00:00,221.33,06:00:00
2026-02-20 06:15:00,221.34,06:15:00
2026-02-20 06:30:00,223.25,06:30:00
2026-02-20 06:45:00,223.33,06:45:00
2026-02-20 07:00:00,216.64,07:00:00
2026-02-20 07:15:00,216.65,07:15:00
2026-02-20 07:30:00,218.5,07:30:00
2026-02-20 07:45:00,218.35,07:45:00
2026-02-20 08:00:00,201.16,08:00:00
2026-02-20 08:15:00,200.78,08:15:00
2026-02-20 08:30:00,195.7,08:30:00
2026-02-20 08:45:00,195.63,08:45:00
2026-02-20 09:00:00,190.72,09:00:00
2026-02-20 09:15:00,190.62,09:15:00
2026-02-20 09:30:00,183.67,09:30:00
2026-02-20 09:45:00,183.39,09:45:00
2026-02-20 10:00:00,175.25,10:00:00
2026-02-20 10:15:00,175.12,10:15:00
2026-02-20 10:30:00,176.34,10:30:00
2026-02-20 10:45:00,176.22,10:45:00
2026-02-20 11:00:00,172.84,11:00:00
2026-02-20 11:15:00,172.99,11:15:00
2026-02-20 11:30:00,166.02,11:30:00
2026-02-20 11:45:00,165.84,11:45:00
2026-02-20 12:00:00,164.64,12:00:00
2026-02-20 12:15:00,164.61,12:15:00
2026-02-20 12:30:00,161.91,12:30:00
2026-02-20 12:45:00,161.98,12:45:00
2026-02-20 13:00:00,162.9,13:00:00
2026-02-20 13:15:00,162.97,13:15:00
2026-02-20 13:30:00,161.03,13:30:00
2026-02-20 13:45:00,160.85,13:45:00
2026-02-20 14:00:00,157.69,14:00:00
2026-02-20 14:15:00,157.68,14:15:00
2026-02-20 14:30:00,151.88,14:30:00
2026-02-20 14:45:00,151.81,14:45:00
2026-02-20 15:00:00,153.03,15:00:00
2026-02-20 15:15:00,152.99,15:15:00
2026-02-20 15:30:00,154.37,15:30:00
2026-02-20 15:45:00,154.4,15:45:00
2026-02-20 16:00:00,157.54,16:00:00
2026-02-20 16:15:00,157.47,16:15:00
2026-02-20 16:30:00,159.97,16:30:00
2026-02-20 16:45:00,160.04,16:45:00
2026-02-20 17:00:00,165.34,17:00:00
2026-02-20 17:15:00,165.3,17:15:00
2026-02-20 17:30:00,170.38,17:30:00
2026-02-20 17:45:00,170.36,17:45:00
2026-02-20 18:00:00,169.41,18:00:00
2026-02-20 18:15:00,169.27,18:15:00
2026-02-20 18:30:00,168.93,18:30:00
2026-02-20 18:45:00,169.04,18:45:00
2026-02-20 19:00:00,162.02,19:00:00
2026-02-20 19:15:00,161.93,19:15:00
2026-02-20 19:30:00,155.34,19:30:00
2026-02-20 19:45:00,155.34,19:45:00
2026-02-20 20:00:00,150.1,20:00:00
2026-02-20 20:15:00,149.95,20:15:00
2026-02-20 20:30:00,146.4,20:30:00
2026-02-20 20:45:00,146.29,20:45:00
2026-02-20 21:00:00,133.06,21:00:00
2026-02-20 21:15:00,132.99,21:15:00
2026-02-20 21:30:00,123.05,21:30:00
2026-02-20 21:45:00,122.78,21:45:00
2026-02-20 22:00:00,102.19,22:00:00
2026-02-20 22:15:00,101.86,22:15:00
2026-02-20 22:30:00,89.02,22:30:00
2026-02-20 22:45:00,88.6,22:45:00
2026-02-20 23:00:00,80.07,23:00:00
2026-02-20 23:15:00,80.07,23:15:00
2026-02-20 23:30:00,80.89,23:30:00
2026-02-20 23:45:00,80.47,23:45:00
2026-02-21 00:00:00,77.22,00:00:00
2026-02-21 00:15:00,77.03,00:15:00
2026-02-21 00:30:00,77.38,00:30:00
2026-02-21 00:45:00,77.55,00:45:00
2026-02-21 01:00:00,78.53,01:00:00
2026-02-21 01:15:00,78.51,01:15:00
2026-02-21 01:30:00,77.05,01:30:00
2026-02-21 01:45:00,77.15,01:45:00
2026-02-21 02:00:00,79.92,02:00:00
2026-02-21 02:15:00,80.16,02:15:00
2026-02-21 02:30:00,80.06,02:30:00
2026-02-21 02:45:00,80.08,02:45:00
2026-02-21 03:00:00,82.27,03:00:00
2026-02-21 03:15:00,82.48,03:15:00
2026-02-21 03:30:00,84.4,03:30:00
2026-02-21 03:45:00,84.04,03:45:00
2026-02-21 04:00:00,84.09,04:00:00
2026-02-21 04:15:00,83.92,04:15:00
2026-02-21 04:30:00,84.63,04:30:00
2026-02-21 04:45:00,84.69,04:45:00
2026-02-21 05:00:00,85.3,05:00:00
2026-02-21 05:15:00,85.1,05:15:00
2026-02-21 05:30:00,86.3,05:30:00
2026-02-21 05:45:00,86.24,05:45:00
2026-02-21 06:00:00,86.99,06:00:00
2026-02-21 06:15:00,87.0,06:15:00
2026-02-21 06:30:00,79.47,06:30:00
2026-02-21 06:45:00,80.0,06:45:00
2026-02-21 07:00:00,86.61,07:00:00
2026-02-21 07:15:00,86.87,07:15:00
2026-02-21 07:30:00,87.92,07:30:00
2026-02-21 07:45:00,87.95,07:45:00
2026-02-21 08:00:00,92.9,08:00:00
2026-02-21 08:15:00,92.99,08:15:00
2026-02-21 08:30:00,100.26,08:30:00
2026-02-21 08:45:00,100.61,08:45:00
2026-02-21 09:00:00,102.28,09:00:00
2026-02-21 09:15:00,102.23,09:15:00
2026-02-21 09:30:00,104.09,09:30:00
2026-02-21 09:45:00,103.83,09:45:00
2026-02-21 10:00:00,103.94,10:00:00
2026-02-21 10:15:00,103.93,10:15:00
2026-02-21 10:30:00,100.78,10:30:00
2026-02-21 10:45:00,100.64,10:45:00
2026-02-21 11:00:00,101.02,11:00:00
2026-02-21 11:15:00,100.97,11:15:00
2026-02-21 11:30:00,103.58,11:30:00
2026-02-21 11:45:00,103.67,11:45:00
2026-02-21 12:00:00,103.67,12:00:00
2026-02-21 12:15:00,103.56,12:15:00
2026-02-21 12:30:00,106.68,12:30:00
2026-02-21 12:45:00,106.68,12:45:00
2026-02-21 13:00:00,104.75,13:00:00
2026-02-21 13:15:00,104.69,13:15:00
2026-02-21 13:30:00,110.24,13:30:00
2026-02-21 13:45:00,110.46,13:45:00
2026-02-21 14:00:00,114.7,14:00:00
2026-02-21 14:15:00,114.74,14:15:00
2026-02-21 14:30:00,121.25,14:30:00
2026-02-21 14:45:00,121.01,14:45:00
2026-02-21 15:00:00,125.65,15:00:00
2026-02-21 15:15:00,125.12,15:15:00
2026-02-21 15:30:00,117.43,15:30:00
2026-02-21 15:45:00,116.72,15:45:00
2026-02-21 16:00:00,124.57,16:00:00
2026-02-21 16:15:00,124.57,16:15:00
2026-02-21 16:30:00,127.86,16:30:00
2026-02-21 16:45:00,127.54,16:45:00
2026-02-21 17:00:00,123.0,17:00:00
2026-02-21 17:15:00,122.83,17:15:00
2026-02-21 17:30:00,122.57,17:30:00
2026-02-21 17:45:00,122.77,17:45:00
2026-02-21 18:00:00,117.78,18:00:00
2026-02-21 18:15:00,118.02,18:15:00
2026-02-21 18:30:00,112.98,18:30:00
2026-02-21 18:45:00,113.44,18:45:00
2026-02-21 19:00:00,112.04,19:00:00
2026-02-21 19:15:00,112.69,19:15:00
2026-02-21 19:30:00,107.31,19:30:00
2026-02-21 19:45:00,107.46,19:45:00
2026-02-21 20:00:00,101.16,20:00:00
2026-02-21 20:15:00,101.2,20:15:00
2026-02-21 20:30:00,93.83,20:30:00
2026-02-21 20:45:00,93.66,20:45:00
2026-02-21 21:00:00,88.78,21:00:00
2026-02-21 21:15:00,88.75,21:15:00
2026-02-21 21:30:00,85.96,21:30:00
2026-02-21 21:45:00,85.38,21:45:00
2026-02-21 22:00:00,85.29,22:00:00
2026-02-21 22:15:00,85.28,22:15:00
2026-02-21 22:30:00,85.02,22:30:00
2026-02-21 22:45:00,84.99,22:45:00
2026-02-21 23:00:00,83.16,23:00:00
2026-02-21 23:15:00,83.21,23:15:00
2026-02-21 23:30:00,85.58,23:30:00
2026-02-21 23:45:00,85.63,23:45:00
2026-02-22 00:00:00,83.47,00:00:00
2026-02-22 00:15:00,83.42,00:15:00
2026-02-22 00:30:00,85.02,00:30:00
2026-02-22 00:45:00,84.93,00:45:00
2026-02-22 01:00:00,85.1,01:00:00
2026-02-22 01:15:00,85.08,01:15:00
2026-02-22 01:30:00,81.1,01:30:00
2026-02-22 01:45:00,81.15,01:45:00
2026-02-22 02:00:00,82.49,02:00:00
2026-02-22 02:15:00,82.52,02:15:00
2026-02-22 02:30:00,80.37,02:30:00
2026-02-22 02:45:00,80.37,02:45:00
2026-02-22 03:00:00,81.25,03:00:00
2026-02-22 03:15:00,81.26,03:15:00
2026-02-22 03:30:00,78.38,03:30:00
2026-02-22 03:45:00,78.42,03:45:00
2026-02-22 04:00:00,79.64,04:00:00
2026-02-22 04:15:00,79.63,04:15:00
2026-02-22 04:30:00,78.44,04:30:00
2026-02-22 04:45:00,78.44,04:45:00
2026-02-22 05:00:00,78.02,05:00:00
2026-02-22 05:15:00,78.01,05:15:00
2026-02-22 05:30:00,77.28,05:30:00
2026-02-22 05:45:00,77.29,05:45:00
2026-02-22 06:00:00,76.03,06:00:00
2026-02-22 06:15:00,76.04,06:15:00
2026-02-22 06:30:00,77.48,06:30:00
2026-02-22 06:45:00,77.45,06:45:00
2026-02-22 07:00:00,76.7,07:00:00
2026-02-22 07:15:00,76.66,07:15:00
2026-02-22 07:30:00,76.77,07:30:00
2026-02-22 07:45:00,76.72,07:45:00
2026-02-22 08:00:00,76.66,08:00:00
2026-02-22 08:15:00,76.76,08:15:00
2026-02-22 08:30:00,73.11,08:30:00
2026-02-22 08:45:00,73.22,08:45:00
2026-02-22 09:00:00,78.67,09:00:00
2026-02-22 09:15:00,78.63,09:15:00
2026-02-22 09:30:00,82.34,09:30:00
2026-02-22 09:45:00,82.34,09:45:00
2026-02-22 10:00:00,74.05,10:00:00
2026-02-22 10:15:00,74.03,10:15:00
2026-02-22 10:30:00,67.01,10:30:00
2026-02-22 10:45:00,67.0,10:45:00
2026-02-22 11:00:00,68.52,11:00:00
2026-02-22 11:15:00,68.51,11:15:00
2026-02-22 11:30:00,66.52,11:30:00
2026-02-22 11:45:00,66.51,11:45:00
2026-02-22 12:00:00,67.7,12:00:00
2026-02-22 12:15:00,67.67,12:15:00
2026-02-22 12:30:00,68.37,12:30:00
2026-02-22 12:45:00,68.37,12:45:00
2026-02-22 13:00:00,67.83,13:00:00
2026-02-22 13:15:00,67.86,13:15:00
2026-02-22 13:30:00,66.46,13:30:00
2026-02-22 13:45:00,66.65,13:45:00
2026-02-22 14:00:00,68.31,14:00:00
2026-02-22 14:15:00,68.31,14:15:00
2026-02-22 14:30:00,71.09,14:30:00
2026-02-22 14:45:00,71.02,14:45:00
2026-02-22 15:00:00,73.08,15:00:00
2026-02-22 15:15:00,73.01,15:15:00
2026-02-22 15:30:00,82.18,15:30:00
2026-02-22 15:45:00,82.21,15:45:00
2026-02-22 16:00:00,85.05,16:00:00
2026-02-22 16:15:00,85.14,16:15:00
2026-02-22 16:30:00,94.7,16:30:00
2026-02-22 16:45:00,95.14,16:45:00
2026-02-22 17:00:00,109.72,17:00:00
2026-02-22 17:15:00,110.0,17:15:00
2026-02-22 17:30:00,114.79,17:30:00
2026-02-22 17:45:00,114.59,17:45:00
2026-02-22 18:00:00,115.14,18:00:00
2026-02-22 18:15:00,114.93,18:15:00
2026-02-22 18:30:00,109.97,18:30:00
2026-02-22 18:45:00,110.13,18:45:00
2026-02-22 19:00:00,105.45,19:00:00
2026-02-22 19:15:00,105.5,19:15:00
2026-02-22 19:30:00,91.64,19:30:00
2026-02-22 19:45:00,91.43,19:45:00
2026-02-22 20:00:00,84.65,20:00:00
2026-02-22 20:15:00,84.49,20:15:00
2026-02-22 20:30:00,81.96,20:30:00
2026-02-22 20:45:00,81.81,20:45:00
2026-02-22 21:00:00,78.93,21:00:00
2026-02-22 21:15:00,78.8,21:15:00
2026-02-22 21:30:00,73.08,21:30:00
2026-02-22 21:45:00,72.3,21:45:00
2026-02-22 22:00:00,70.26,22:00:00
2026-02-22 22:15:00,70.25,22:15:00
2026-02-22 22:30:00,70.68,22:30:00
2026-02-22 22:45:00,70.61,22:45:00
2026-02-22 23:00:00,80.07,23:00:00
2026-02-22 23:15:00,80.12,23:15:00
2026-02-22 23:30:00,73.67,23:30:00
2026-02-22 23:45:00,73.67,23:45:00
2026-02-23 00:00:00,72.54,00:00:00
2026-02-23 00:15:00,72.51,00:15:00
2026-02-23 00:30:00,75.28,00:30:00
2026-02-23 00:45:00,75.27,00:45:00
2026-02-23 01:00:00,72.75,01:00:00
2026-02-23 01:15:00,72.77,01:15:00
2026-02-23 01:30:00,72.16,01:30:00
2026-02-23 01:45:00,72.16,01:45:00
2026-02-23 02:00:00,72.46,02:00:00
2026-02-23 02:15:00,72.47,02:15:00
2026-02-23 02:30:00,75.66,02:30:00
2026-02-23 02:45:00,75.67,02:45:00
2026-02-23 03:00:00,77.7,03:00:00
2026-02-23 03:15:00,77.71,03:15:00
2026-02-23 03:30:00,78.88,03:30:00
2026-02-23 03:45:00,78.87,03:45:00
2026-02-23 04:00:00,80.79,04:00:00
2026-02-23 04:15:00,80.78,04:15:00
2026-02-23 04:30:00,80.88,04:30:00
2026-02-23 04:45:00,80.85,04:45:00
2026-02-23 05:00:00,79.08,05:00:00
2026-02-23 05:15:00,79.09,05:15:00
2026-02-23 05:30:00,81.05,05:30:00
2026-02-23 05:45:00,81.02,05:45:00
2026-02-23 06:00:00,80.93,06:00:00
2026-02-23 06:15:00,80.94,06:15:00
2026-02-23 06:30:00,89.54,06:30:00
2026-02-23 06:45:00,89.58,06:45:00
2026-02-23 07:00:00,92.64,07:00:00
2026-02-23 07:15:00,92.49,07:15:00
2026-02-23 07:30:00,94.3,07:30:00
2026-02-23 07:45:00,94.3,07:45:00
2026-02-23 08:00:00,94.48,08:00:00
2026-02-23 08:15:00,94.72,08:15:00
2026-02-23 08:30:00,85.01,08:30:00
2026-02-23 08:45:00,85.17,08:45:00
2026-02-23 09:00:00,79.95,09:00:00
2026-02-23 09:15:00,79.95,09:15:00
2026-02-23 09:30:00,77.44,09:30:00
2026-02-23 09:45:00,77.54,09:45:00
2026-02-23 10:00:00,75.94,10:00:00
2026-02-23 10:15:00,75.99,10:15:00
2026-02-23 10:30:00,73.45,10:30:00
2026-02-23 10:45:00,73.53,10:45:00
2026-02-23 11:00:00,71.26,11:00:00
2026-02-23 11:15:00,71.35,11:15:00
2026-02-23 11:30:00,71.11,11:30:00
2026-02-23 11:45:00,71.04,11:45:00
2026-02-23 12:00:00,72.36,12:00:00
2026-02-23 12:15:00,72.37,12:15:00
2026-02-23 12:30:00,78.2,12:30:00
2026-02-23 12:45:00,78.11,12:45:00
2026-02-23 13:00:00,83.51,13:00:00
2026-02-23 13:15:00,83.52,13:15:00
2026-02-23 13:30:00,89.06,13:30:00
2026-02-23 13:45:00,89.04,13:45:00
2026-02-23 14:00:00,104.27,14:00:00
2026-02-23 14:15:00,104.3,14:15:00
2026-02-23 14:30:00,113.73,14:30:00
2026-02-23 14:45:00,113.75,14:45:00
2026-02-23 15:00:00,131.74,15:00:00
2026-02-23 15:15:00,131.8,15:15:00
2026-02-23 15:30:00,151.63,15:30:00
2026-02-23 15:45:00,151.69,15:45:00
2026-02-23 16:00:00,169.97,16:00:00
2026-02-23 16:15:00,170.13,16:15:00
2026-02-23 16:30:00,182.25,16:30:00
2026-02-23 16:45:00,182.35,16:45:00
2026-02-23 17:00:00,194.61,17:00:00
2026-02-23 17:15:00,194.55,17:15:00
2026-02-23 17:30:00,203.53,17:30:00
2026-02-23 17:45:00,203.4,17:45:00
2026-02-23 18:00:00,210.3,18:00:00
2026-02-23 18:15:00,210.01,18:15:00
2026-02-23 18:30:00,212.02,18:30:00
2026-02-23 18:45:00,211.83,18:45:00
2026-02-23 19:00:00,210.03,19:00:00
2026-02-23 19:15:00,209.92,19:15:00
2026-02-23 19:30:00,211.82,19:30:00
2026-02-23 19:45:00,211.92,19:45:00
2026-02-23 20:00:00,218.74,20:00:00
2026-02-23 20:15:00,219.18,20:15:00
2026-02-23 20:30:00,220.43,20:30:00
2026-02-23 20:45:00,220.49,20:45:00
2026-02-23 21:00:00,221.71,21:00:00
2026-02-23 21:15:00,221.64,21:15:00
2026-02-23 21:30:00,219.15,21:30:00
2026-02-23 21:45:00,219.14,21:45:00
2026-02-23 22:00:00,216.52,22:00:00
2026-02-23 22:15:00,216.37,22:15:00
2026-02-23 22:30:00,206.9,22:30:00
2026-02-23 22:45:00,206.86,22:45:00
2026-02-23 23:00:00,191.32,23:00:00
2026-02-23 23:15:00,191.02,23:15:00
2026-02-23 23:30:00,173.56,23:30:00
2026-02-23 23:45:00,173.77,23:45:00
2026-02-24 00:00:00,168.91,00:00:00
2026-02-24 00:15:00,168.86,00:15:00
2026-02-24 00:30:00,170.23,00:30:00
2026-02-24 00:45:00,170.34,00:45:00
2026-02-24 01:00:00,172.89,01:00:00
2026-02-24 01:15:00,173.25,01:15:00
2026-02-24 01:30:00,166.22,01:30:00
2026-02-24 01:45:00,166.1,01:45:00
2026-02-24 02:00:00,161.63,02:00:00
2026-02-24 02:15:00,161.69,02:15:00
2026-02-24 02:30:00,163.33,02:30:00
2026-02-24 02:45:00,161.46,02:45:00
2026-02-24 03:00:00,164.09,03:00:00
2026-02-24 03:15:00,164.19,03:15:00
2026-02-24 03:30:00,156.08,03:30:00
2026-02-24 03:45:00,156.21,03:45:00
2026-02-24 04:00:00,153.78,04:00:00
2026-02-24 04:15:00,153.82,04:15:00
2026-02-24 04:30:00,154.09,04:30:00
2026-02-24 04:45:00,154.25,04:45:00
2026-02-24 05:00:00,152.86,05:00:00
2026-02-24 05:15:00,153.05,05:15:00
2026-02-24 05:30:00,159.96,05:30:00
2026-02-24 05:45:00,160.0,05:45:00
2026-02-24 06:00:00,171.48,06:00:00
2026-02-24 06:15:00,171.46,06:15:00
2026-02-24 06:30:00,187.35,06:30:00
2026-02-24 06:45:00,187.35,06:45:00
2026-02-24 07:00:00,195.97,07:00:00
2026-02-24 07:15:00,195.95,07:15:00
2026-02-24 07:30:00,201.33,07:30:00
2026-02-24 07:45:00,201.24,07:45:00
2026-02-24 08:00:00,197.52,08:00:00
2026-02-24 08:15:00,197.48,08:15:00
2026-02-24 08:30:00,195.01,08:30:00
2026-02-24 08:45:00,194.97,08:45:00
2026-02-24 09:00:00,188.93,09:00:00
2026-02-24 09:15:00,188.89,09:15:00
2026-02-24 09:30:00,180.45,09:30:00
2026-02-24 09:45:00,180.46,09:45:00
2026-02-24 13:30:00,140.26,13:30:00
2026-02-24 13:45:00,140.26,13:45:00
2026-02-24 14:00:00,137.87,14:00:00
2026-02-24 14:15:00,137.9,14:15:00
2026-02-24 14:30:00,135.61,14:30:00
2026-02-24 14:45:00,135.62,14:45:00
2026-02-24 15:00:00,140.47,15:00:00
2026-02-24 15:15:00,140.53,15:15:00
2026-02-24 15:30:00,148.68,15:30:00
2026-02-24 15:45:00,148.71,15:45:00
2026-02-24 16:00:00,163.35,16:00:00
2026-02-24 16:15:00,163.43,16:15:00
2026-02-24 16:30:00,180.42,16:30:00
2026-02-24 16:45:00,180.39,16:45:00
2026-02-24 17:00:00,197.29,17:00:00
2026-02-24 17:15:00,197.22,17:15:00
2026-02-24 17:30:00,207.2,17:30:00
2026-02-24 17:45:00,207.1,17:45:00
2026-02-24 18:00:00,209.41,18:00:00
2026-02-24 18:15:00,209.36,18:15:00
2026-02-24 18:30:00,205.33,18:30:00
2026-02-24 18:45:00,205.34,18:45:00
2026-02-24 19:00:00,197.4,19:00:00
2026-02-24 19:15:00,197.35,19:15:00
2026-02-24 19:30:00,191.21,19:30:00
2026-02-24 19:45:00,191.21,19:45:00
2026-02-24 20:00:00,186.84,20:00:00
2026-02-24 20:15:00,186.76,20:15:00
2026-02-24 20:30:00,182.29,20:30:00
2026-02-24 20:45:00,182.25,20:45:00
2026-02-24 21:00:00,175.29,21:00:00
2026-02-24 21:15:00,175.2,21:15:00
2026-02-24 21:30:00,164.47,21:30:00
2026-02-24 21:45:00,164.36,21:45:00
2026-02-24 22:00:00,154.91,22:00:00
2026-02-24 22:15:00,154.75,22:15:00
2026-02-24 22:30:00,138.78,22:30:00
2026-02-24 22:45:00,138.76,22:45:00
2026-02-24 23:00:00,132.92,23:00:00
2026-02-24 23:15:00,132.93,23:15:00
2026-02-24 23:30:00,130.49,23:30:00
2026-02-24 23:45:00,130.51,23:45:00
2026-02-25 00:00:00,126.84,00:00:00
2026-02-25 00:15:00,126.74,00:15:00
2026-02-25 00:30:00,132.72,00:30:00
2026-02-25 00:45:00,132.7,00:45:00
2026-02-25 01:00:00,132.57,01:00:00
2026-02-25 01:15:00,132.58,01:15:00
2026-02-25 01:30:00,133.42,01:30:00
2026-02-25 01:45:00,133.39,01:45:00
2026-02-25 02:00:00,136.1,02:00:00
2026-02-25 02:15:00,136.15,02:15:00
2026-02-25 02:30:00,131.67,02:30:00
2026-02-25 02:45:00,131.63,02:45:00
2026-02-25 03:00:00,137.13,03:00:00
2026-02-25 03:15:00,137.11,03:15:00
2026-02-25 03:30:00,143.61,03:30:00
2026-02-25 03:45:00,143.61,03:45:00
2026-02-25 04:00:00,144.4,04:00:00
2026-02-25 04:15:00,144.4,04:15:00
2026-02-25 04:30:00,144.35,04:30:00
2026-02-25 04:45:00,144.36,04:45:00
2026-02-25 05:00:00,143.64,05:00:00
2026-02-25 05:15:00,143.77,05:15:00
2026-02-25 05:30:00,147.13,05:30:00
2026-02-25 05:45:00,147.27,05:45:00
2026-02-25 06:00:00,162.6,06:00:00
2026-02-25 06:15:00,162.45,06:15:00
2026-02-25 06:30:00,174.58,06:30:00
2026-02-25 06:45:00,174.66,06:45:00
2026-02-25 07:00:00,182.82,07:00:00
2026-02-25 07:15:00,182.52,07:15:00
2026-02-25 07:30:00,186.63,07:30:00
2026-02-25 07:45:00,186.56,07:45:00
2026-02-25 08:00:00,184.47,08:00:00
2026-02-25 08:15:00,184.42,08:15:00
2026-02-25 08:30:00,174.75,08:30:00
2026-02-25 08:45:00,174.64,08:45:00
2026-02-25 09:00:00,167.57,09:00:00
2026-02-25 09:15:00,167.95,09:15:00
2026-02-25 09:30:00,163.66,09:30:00
2026-02-25 09:45:00,163.65,09:45:00
2026-02-25 10:00:00,154.06,10:00:00
2026-02-25 10:15:00,154.06,10:15:00
2026-02-25 10:30:00,146.71,10:30:00
2026-02-25 10:45:00,146.88,10:45:00
2026-02-25 11:00:00,141.93,11:00:00
2026-02-25 11:15:00,141.95,11:15:00
2026-02-25 11:30:00,137.62,11:30:00
2026-02-25 11:45:00,137.62,11:45:00
2026-02-25 12:00:00,136.7,12:00:00
2026-02-25 12:15:00,136.72,12:15:00
2026-02-25 12:30:00,136.65,12:30:00
2026-02-25 12:45:00,136.48,12:45:00
2026-02-25 13:00:00,141.48,13:00:00
2026-02-25 13:15:00,141.56,13:15:00
2026-02-25 13:30:00,146.28,13:30:00
2026-02-25 13:45:00,146.07,13:45:00
2026-02-25 14:00:00,143.65,14:00:00
2026-02-25 14:15:00,143.51,14:15:00
2026-02-25 14:30:00,148.49,14:30:00
2026-02-25 14:45:00,147.54,14:45:00
2026-02-25 15:00:00,159.86,15:00:00
2026-02-25 15:15:00,159.91,15:15:00
2026-02-25 15:30:00,171.65,15:30:00
2026-02-25 15:45:00,171.81,15:45:00
2026-02-25 16:00:00,188.82,16:00:00
2026-02-25 16:15:00,188.91,16:15:00
2026-02-25 16:30:00,198.3,16:30:00
2026-02-25 16:45:00,198.32,16:45:00
2026-02-25 17:00:00,203.72,17:00:00
2026-02-25 17:15:00,203.39,17:15:00
2026-02-25 17:30:00,210.01,17:30:00
2026-02-25 17:45:00,209.75,17:45:00
2026-02-25 18:00:00,209.72,18:00:00
2026-02-25 18:15:00,209.25,18:15:00
2026-02-25 18:30:00,204.86,18:30:00
2026-02-25 18:45:00,205.06,18:45:00
2026-02-25 19:00:00,195.91,19:00:00
2026-02-25 19:15:00,195.79,19:15:00
2026-02-25 19:30:00,190.45,19:30:00
2026-02-25 19:45:00,191.2,19:45:00
2026-02-25 20:00:00,185.56,20:00:00
2026-02-25 20:15:00,185.78,20:15:00
2026-02-25 20:30:00,179.49,20:30:00
2026-02-25 20:45:00,179.37,20:45:00
2026-02-25 21:00:00,165.34,21:00:00
2026-02-25 21:15:00,165.14,21:15:00
2026-02-25 21:30:00,142.91,21:30:00
2026-02-25 21:45:00,142.71,21:45:00
2026-02-25 22:00:00,126.56,22:00:00
2026-02-25 22:15:00,126.29,22:15:00
2026-02-25 22:30:00,113.43,22:30:00
2026-02-25 22:45:00,112.84,22:45:00
2026-02-25 23:00:00,98.17,23:00:00
2026-02-25 23:15:00,98.04,23:15:00
2026-02-25 23:30:00,90.67,23:30:00
2026-02-25 23:45:00,90.64,23:45:00
2026-02-26 00:00:00,91.64,00:00:00
2026-02-26 00:15:00,91.57,00:15:00
2026-02-26 00:30:00,95.16,00:30:00
2026-02-26 00:45:00,95.17,00:45:00
2026-02-26 01:00:00,90.86,01:00:00
2026-02-26 01:15:00,90.67,01:15:00
2026-02-26 01:30:00,87.85,01:30:00
2026-02-26 01:45:00,87.47,01:45:00
2026-02-26 02:00:00,85.21,02:00:00
2026-02-26 02:15:00,85.29,02:15:00
2026-02-26 02:30:00,86.45,02:30:00
2026-02-26 02:45:00,86.4,02:45:00
2026-02-26 03:00:00,85.9,03:00:00
2026-02-26 03:15:00,85.83,03:15:00
2026-02-26 03:30:00,86.9,03:30:00
2026-02-26 03:45:00,86.91,03:45:00
2026-02-26 04:00:00,88.25,04:00:00
2026-02-26 04:15:00,88.24,04:15:00
2026-02-26 04:30:00,90.35,04:30:00
2026-02-26 04:45:00,90.38,04:45:00
2026-02-26 05:00:00,87.68,05:00:00
2026-02-26 05:15:00,87.61,05:15:00
2026-02-26 05:30:00,86.82,05:30:00
2026-02-26 05:45:00,86.85,05:45:00
2026-02-26 06:00:00,92.53,06:00:00
2026-02-26 06:15:00,92.52,06:15:00
2026-02-26 06:30:00,99.24,06:30:00
2026-02-26 06:45:00,98.97,06:45:00
2026-02-26 07:00:00,100.25,07:00:00
2026-02-26 07:15:00,99.92,07:15:00
2026-02-26 07:30:00,107.64,07:30:00
2026-02-26 07:45:00,107.44,07:45:00
2026-02-26 08:00:00,100.02,08:00:00
2026-02-26 08:15:00,100.38,08:15:00
2026-02-26 08:30:00,94.46,08:30:00
2026-02-26 08:45:00,94.71,08:45:00
2026-02-26 09:00:00,95.92,09:00:00
2026-02-26 09:15:00,95.94,09:15:00
2026-02-26 09:30:00,97.93,09:30:00
2026-02-26 09:45:00,98.46,09:45:00
2026-02-26 10:00:00,92.34,10:00:00
2026-02-26 10:15:00,92.7,10:15:00
2026-02-26 10:30:00,89.27,10:30:00
2026-02-26 10:45:00,89.54,10:45:00
2026-02-26 11:00:00,84.28,11:00:00
2026-02-26 11:15:00,84.26,11:15:00
2026-02-26 11:30:00,88.09,11:30:00
2026-02-26 11:45:00,88.35,11:45:00
2026-02-26 12:00:00,90.74,12:00:00
2026-02-26 12:15:00,90.68,12:15:00
2026-02-26 12:30:00,91.23,12:30:00
2026-02-26 12:45:00,91.03,12:45:00
2026-02-26 13:00:00,90.02,13:00:00
2026-02-26 13:15:00,89.96,13:15:00
2026-02-26 13:30:00,93.3,13:30:00
2026-02-26 13:45:00,93.28,13:45:00
2026-02-26 14:00:00,103.96,14:00:00
2026-02-26 14:15:00,103.65,14:15:00
2026-02-26 14:30:00,109.72,14:30:00
2026-02-26 14:45:00,109.63,14:45:00
2026-02-26 15:00:00,115.29,15:00:00
2026-02-26 15:15:00,115.2,15:15:00
2026-02-26 15:30:00,119.83,15:30:00
2026-02-26 15:45:00,119.56,15:45:00
2026-02-26 16:00:00,125.76,16:00:00
2026-02-26 16:15:00,125.75,16:15:00
2026-02-26 16:30:00,134.79,16:30:00
2026-02-26 16:45:00,134.76,16:45:00
2026-02-26 17:00:00,136.11,17:00:00
2026-02-26 17:15:00,135.74,17:15:00
2026-02-26 17:30:00,137.98,17:30:00
2026-02-26 17:45:00,137.67,17:45:00
2026-02-26 18:00:00,137.14,18:00:00
2026-02-26 18:15:00,136.82,18:15:00
2026-02-26 18:30:00,135.54,18:30:00
2026-02-26 18:45:00,135.38,18:45:00
2026-02-26 19:00:00,132.81,19:00:00
2026-02-26 19:15:00,132.66,19:15:00
2026-02-26 19:30:00,127.4,19:30:00
2026-02-26 19:45:00,127.4,19:45:00
2026-02-26 20:00:00,128.51,20:00:00
2026-02-26 20:15:00,128.92,20:15:00
2026-02-26 20:30:00,128.02,20:30:00
2026-02-26 20:45:00,128.06,20:45:00
2026-02-26 21:00:00,127.94,21:00:00
2026-02-26 21:15:00,128.16,21:15:00
2026-02-26 21:30:00,124.61,21:30:00
2026-02-26 21:45:00,124.61,21:45:00
2026-02-26 22:00:00,115.43,22:00:00
2026-02-26 22:15:00,115.58,22:15:00
2026-02-26 22:30:00,107.69,22:30:00
2026-02-26 22:45:00,107.58,22:45:00
2026-02-26 23:00:00,104.52,23:00:00
2026-02-26 23:15:00,104.6,23:15:00
2026-02-26 23:30:00,104.34,23:30:00
2026-02-26 23:45:00,104.48,23:45:00
2026-02-27 00:00:00,105.61,00:00:00
2026-02-27 00:15:00,105.62,00:15:00
2026-02-27 00:30:00,109.09,00:30:00
2026-02-27 00:45:00,109.16,00:45:00
2026-02-27 01:00:00,121.15,01:00:00
2026-02-27 01:15:00,121.21,01:15:00
2026-02-27 01:30:00,126.42,01:30:00
2026-02-27 01:45:00,126.52,01:45:00
2026-02-27 02:00:00,130.79,02:00:00
2026-02-27 02:15:00,130.74,02:15:00
2026-02-27 02:30:00,137.83,02:30:00
2026-02-27 02:45:00,137.76,02:45:00
2026-02-27 03:00:00,147.85,03:00:00
2026-02-27 03:15:00,147.7,03:15:00
2026-02-27 03:30:00,156.39,03:30:00
2026-02-27 03:45:00,156.33,03:45:00
2026-02-27 04:00:00,162.24,04:00:00
2026-02-27 04:15:00,162.06,04:15:00
2026-02-27 04:30:00,161.79,04:30:00
2026-02-27 04:45:00,161.84,04:45:00
2026-02-27 05:00:00,164.37,05:00:00
2026-02-27 05:15:00,164.29,05:15:00
2026-02-27 05:30:00,167.34,05:30:00
2026-02-27 05:45:00,167.85,05:45:00
2026-02-27 06:00:00,177.71,06:00:00
2026-02-27 06:15:00,178.2,06:15:00
2026-02-27 06:30:00,189.86,06:30:00
2026-02-27 06:45:00,190.17,06:45:00
2026-02-27 07:00:00,202.62,07:00:00
2026-02-27 07:15:00,202.78,07:15:00
2026-02-27 07:30:00,204.28,07:30:00
2026-02-27 07:45:00,204.17,07:45:00
2026-02-27 08:00:00,200.4,08:00:00
2026-02-27 08:15:00,200.34,08:15:00
2026-02-27 08:30:00,198.52,08:30:00
2026-02-27 08:45:00,198.13,08:45:00
2026-02-27 09:00:00,198.28,09:00:00
2026-02-27 09:15:00,198.14,09:15:00
2026-02-27 09:30:00,201.46,09:30:00
2026-02-27 09:45:00,201.39,09:45:00
2026-02-27 10:00:00,199.49,10:00:00
2026-02-27 10:15:00,199.18,10:15:00
2026-02-27 10:30:00,195.15,10:30:00
2026-02-27 10:45:00,195.44,10:45:00
2026-02-27 11:00:00,196.63,11:00:00
2026-02-27 11:15:00,196.37,11:15:00
2026-02-27 11:30:00,197.7,11:30:00
2026-02-27 11:45:00,198.08,11:45:00
2026-02-27 12:00:00,203.55,12:00:00
2026-02-27 12:15:00,203.8,12:15:00
2026-02-27 12:30:00,204.5,12:30:00
2026-02-27 12:45:00,204.62,12:45:00
2026-02-27 13:00:00,208.08,13:00:00
2026-02-27 13:15:00,208.14,13:15:00
2026-02-27 13:30:00,215.01,13:30:00
2026-02-27 13:45:00,215.82,13:45:00
2026-02-27 14:00:00,220.73,14:00:00
2026-02-27 14:15:00,220.85,14:15:00
2026-02-27 14:30:00,222.93,14:30:00
2026-02-27 14:45:00,223.46,14:45:00
2026-02-27 15:00:00,232.34,15:00:00
2026-02-27 15:15:00,232.63,15:15:00
2026-02-27 15:30:00,237.41,15:30:00
2026-02-27 15:45:00,236.94,15:45:00
2026-02-27 16:00:00,245.2,16:00:00
2026-02-27 16:15:00,244.49,16:15:00
2026-02-27 16:30:00,253.9,16:30:00
2026-02-27 16:45:00,253.4,16:45:00
2026-02-27 17:00:00,254.84,17:00:00
2026-02-27 17:15:00,254.06,17:15:00
2026-02-27 17:30:00,255.68,17:30:00
2026-02-27 17:45:00,255.16,17:45:00
2026-02-27 18:00:00,247.55,18:00:00
2026-02-27 18:15:00,247.37,18:15:00
2026-02-27 18:30:00,245.06,18:30:00
2026-02-27 18:45:00,245.51,18:45:00
2026-02-27 19:00:00,244.87,19:00:00
2026-02-27 19:15:00,245.14,19:15:00
2026-02-27 19:30:00,242.93,19:30:00
2026-02-27 19:45:00,243.62,19:45:00
2026-02-27 20:00:00,243.04,20:00:00
2026-02-27 20:15:00,244.05,20:15:00
2026-02-27 20:30:00,240.92,20:30:00
2026-02-27 20:45:00,241.77,20:45:00
2026-02-27 21:00:00,240.8,21:00:00
2026-02-27 21:15:00,240.94,21:15:00
2026-02-27 21:30:00,236.44,21:30:00
2026-02-27 21:45:00,237.22,21:45:00
2026-02-27 22:00:00,231.93,22:00:00
2026-02-27 22:15:00,232.1,22:15:00
2026-02-27 22:30:00,230.35,22:30:00
2026-02-27 22:45:00,230.33,22:45:00
2026-02-27 23:00:00,223.46,23:00:00
2026-02-27 23:15:00,223.42,23:15:00
2026-02-27 23:30:00,218.27,23:30:00
2026-02-27 23:45:00,218.03,23:45:00
2026-02-28 00:00:00,216.41,00:00:00
2026-02-28 00:15:00,216.21,00:15:00
2026-02-28 00:30:00,218.94,00:30:00
2026-02-28 00:45:00,218.43,00:45:00
2026-02-28 01:00:00,218.27,01:00:00
2026-02-28 01:15:00,218.09,01:15:00
2026-02-28 01:30:00,212.45,01:30:00
2026-02-28 01:45:00,212.38,01:45:00
2026-02-28 02:00:00,210.93,02:00:00
2026-02-28 02:15:00,210.79,02:15:00
2026-02-28 02:30:00,208.76,02:30:00
2026-02-28 02:45:00,208.62,02:45:00
2026-02-28 03:00:00,205.34,03:00:00
2026-02-28 03:15:00,205.2,03:15:00
2026-02-28 03:30:00,205.13,03:30:00
2026-02-28 03:45:00,205.27,03:45:00
2026-02-28 04:00:00,208.18,04:00:00
2026-02-28 04:15:00,207.93,04:15:00
2026-02-28 04:30:00,210.01,04:30:00
2026-02-28 04:45:00,210.11,04:45:00
2026-02-28 05:00:00,215.22,05:00:00
2026-02-28 05:15:00,215.12,05:15:00
2026-02-28 05:30:00,217.17,05:30:00
2026-02-28 05:45:00,217.12,05:45:00
2026-02-28 06:00:00,219.32,06:00:00
2026-02-28 06:15:00,218.73,06:15:00
2026-02-28 06:30:00,221.92,06:30:00
2026-02-28 06:45:00,221.13,06:45:00
2026-02-28 07:00:00,223.3,07:00:00
2026-02-28 07:15:00,222.48,07:15:00
2026-02-28 07:30:00,222.81,07:30:00
2026-02-28 07:45:00,222.51,07:45:00
2026-02-28 08:00:00,215.7,08:00:00
2026-02-28 08:15:00,215.44,08:15:00
2026-02-28 08:30:00,211.18,08:30:00
2026-02-28 08:45:00,210.82,08:45:00
2026-02-28 09:00:00,196.84,09:00:00
2026-02-28 09:15:00,196.79,09:15:00
2026-02-28 09:30:00,181.16,09:30:00
2026-02-28 09:45:00,181.32,09:45:00
2026-02-28 10:00:00,172.07,10:00:00
2026-02-28 10:15:00,172.33,10:15:00
2026-02-28 10:30:00,160.56,10:30:00
2026-02-28 10:45:00,160.73,10:45:00
2026-02-28 11:00:00,152.19,11:00:00
2026-02-28 11:15:00,152.39,11:15:00
2026-02-28 11:30:00,145.15,11:30:00
2026-02-28 11:45:00,145.3,11:45:00
2026-02-28 12:00:00,146.82,12:00:00
2026-02-28 12:15:00,146.73,12:15:00
2026-02-28 12:30:00,145.86,12:30:00
2026-02-28 12:45:00,145.71,12:45:00
2026-02-28 13:00:00,148.64,13:00:00
2026-02-28 13:15:00,148.45,13:15:00
2026-02-28 13:30:00,155.29,13:30:00
2026-02-28 13:45:00,154.98,13:45:00
2026-02-28 14:00:00,163.26,14:00:00
2026-02-28 14:15:00,163.04,14:15:00
2026-02-28 14:30:00,172.52,14:30:00
2026-02-28 14:45:00,172.48,14:45:00
2026-02-28 15:00:00,186.18,15:00:00
2026-02-28 15:15:00,186.25,15:15:00
2026-02-28 15:30:00,205.2,15:30:00
2026-02-28 15:45:00,205.66,15:45:00
2026-02-28 16:00:00,223.64,16:00:00
2026-02-28 16:15:00,223.33,16:15:00
2026-02-28 16:30:00,239.34,16:30:00
2026-02-28 16:45:00,238.51,16:45:00
2026-02-28 17:00:00,250.67,17:00:00
2026-02-28 17:15:00,250.59,17:15:00
2026-02-28 17:30:00,258.27,17:30:00
2026-02-28 17:45:00,258.05,17:45:00
2026-02-28 18:00:00,254.57,18:00:00
2026-02-28 18:15:00,254.78,18:15:00
2026-02-28 18:30:00,251.44,18:30:00
2026-02-28 18:45:00,251.5,18:45:00
2026-02-28 19:00:00,244.63,19:00:00
2026-02-28 19:15:00,244.48,19:15:00
2026-02-28 19:30:00,235.79,19:30:00
2026-02-28 19:45:00,236.09,19:45:00
2026-02-28 20:00:00,230.2,20:00:00
2026-02-28 20:15:00,230.47,20:15:00
2026-02-28 20:30:00,228.86,20:30:00
2026-02-28 20:45:00,229.15,20:45:00
2026-02-28 21:00:00,227.78,21:00:00
2026-02-28 21:15:00,227.73,21:15:00
2026-02-28 21:30:00,218.6,21:30:00
2026-02-28 21:45:00,218.8,21:45:00
2026-02-28 22:00:00,202.26,22:00:00
2026-02-28 22:15:00,202.08,22:15:00
2026-02-28 22:30:00,191.45,22:30:00
2026-02-28 22:45:00,191.1,22:45:00
2026-02-28 23:00:00,176.3,23:00:00
2026-02-28 23:15:00,175.68,23:15:00
2026-02-28 23:30:00,168.13,23:30:00
2026-02-28 23:45:00,167.77,23:45:00
2026-03-01 00:00:00,162.78,00:00:00
2026-03-01 00:15:00,162.16,00:15:00
2026-03-01 00:30:00,156.32,00:30:00
2026-03-01 00:45:00,156.27,00:45:00
2026-03-01 01:00:00,152.39,01:00:00
2026-03-01 01:15:00,152.27,01:15:00
2026-03-01 01:30:00,143.84,01:30:00
2026-03-01 01:45:00,143.74,01:45:00
2026-03-01 02:00:00,141.77,02:00:00
2026-03-01 02:15:00,141.58,02:15:00
2026-03-01 02:30:00,122.31,02:30:00
2026-03-01 02:45:00,122.38,02:45:00
2026-03-01 03:00:00,95.58,03:00:00
2026-03-01 03:15:00,95.64,03:15:00
2026-03-01 03:30:00,91.54,03:30:00
2026-03-01 03:45:00,91.6,03:45:00
2026-03-01 04:00:00,86.77,04:00:00
2026-03-01 04:15:00,86.8,04:15:00
2026-03-01 04:30:00,85.47,04:30:00
2026-03-01 04:45:00,85.57,04:45:00
2026-03-01 05:00:00,84.48,05:00:00
2026-03-01 05:15:00,84.48,05:15:00
2026-03-01 05:30:00,80.87,05:30:00
2026-03-01 05:45:00,80.86,05:45:00
2026-03-01 06:00:00,80.01,06:00:00
2026-03-01 06:15:00,79.95,06:15:00
2026-03-01 06:30:00,77.16,06:30:00
2026-03-01 06:45:00,77.2,06:45:00
2026-03-01 07:00:00,75.71,07:00:00
2026-03-01 07:15:00,75.78,07:15:00
2026-03-01 07:30:00,75.42,07:30:00
2026-03-01 07:45:00,75.39,07:45:00
2026-03-01 08:00:00,67.72,08:00:00
2026-03-01 08:15:00,68.0,08:15:00
2026-03-01 08:30:00,61.21,08:30:00
2026-03-01 08:45:00,61.5,08:45:00
2026-03-01 09:00:00,60.7,09:00:00
2026-03-01 09:15:00,60.91,09:15:00
2026-03-01 09:30:00,59.83,09:30:00
2026-03-01 09:45:00,60.34,09:45:00
2026-03-01 10:00:00,57.78,10:00:00
2026-03-01 10:15:00,58.31,10:15:00
2026-03-01 10:30:00,59.51,10:30:00
2026-03-01 10:45:00,59.43,10:45:00
2026-03-01 11:00:00,63.95,11:00:00
2026-03-01 11:15:00,63.95,11:15:00
2026-03-01 11:30:00,60.85,11:30:00
2026-03-01 11:45:00,60.68,11:45:00
2026-03-01 12:00:00,57.74,12:00:00
2026-03-01 12:15:00,57.47,12:15:00
2026-03-01 12:30:00,56.44,12:30:00
2026-03-01 12:45:00,56.31,12:45:00
2026-03-01 13:00:00,56.02,13:00:00
2026-03-01 13:15:00,55.75,13:15:00
2026-03-01 13:30:00,54.6,13:30:00
2026-03-01 13:45:00,54.12,13:45:00
2026-03-01 14:00:00,51.32,14:00:00
2026-03-01 14:15:00,50.93,14:15:00
2026-03-01 14:30:00,52.96,14:30:00
2026-03-01 14:45:00,51.91,14:45:00
2026-03-01 15:00:00,60.72,15:00:00
2026-03-01 15:15:00,60.77,15:15:00
2026-03-01 15:30:00,71.65,15:30:00
2026-03-01 15:45:00,71.63,15:45:00
2026-03-01 16:00:00,82.67,16:00:00
2026-03-01 16:15:00,82.59,16:15:00
2026-03-01 16:30:00,94.78,16:30:00
2026-03-01 16:45:00,94.89,16:45:00
2026-03-01 17:00:00,102.81,17:00:00
2026-03-01 17:15:00,103.1,17:15:00
2026-03-01 17:30:00,109.93,17:30:00
2026-03-01 17:45:00,110.1,17:45:00
2026-03-01 18:00:00,107.41,18:00:00
2026-03-01 18:15:00,107.39,18:15:00
2026-03-01 18:30:00,102.11,18:30:00
2026-03-01 18:45:00,102.17,18:45:00
2026-03-01 19:00:00,98.75,19:00:00
2026-03-01 19:15:00,98.58,19:15:00
2026-03-01 19:30:00,95.98,19:30:00
2026-03-01 19:45:00,95.37,19:45:00
2026-03-01 20:00:00,92.07,20:00:00
2026-03-01 20:15:00,91.95,20:15:00
2026-03-01 20:30:00,92.43,20:30:00
2026-03-01 20:45:00,92.33,20:45:00
2026-03-01 21:00:00,91.98,21:00:00
2026-03-01 21:15:00,91.92,21:15:00
2026-03-01 21:30:00,85.67,21:30:00
2026-03-01 21:45:00,85.62,21:45:00
2026-03-01 22:00:00,84.84,22:00:00
2026-03-01 22:15:00,84.79,22:15:00
2026-03-01 22:30:00,77.09,22:30:00
2026-03-01 22:45:00,77.04,22:45:00
2026-03-01 23:00:00,77.62,23:00:00
2026-03-01 23:15:00,77.62,23:15:00
2026-03-01 23:30:00,74.39,23:30:00
2026-03-01 23:45:00,74.41,23:45:00
2026-03-02 00:00:00,71.43,00:00:00
2026-03-02 00:15:00,71.56,00:15:00
2026-03-02 00:30:00,69.93,00:30:00
2026-03-02 00:45:00,69.96,00:45:00
2026-03-02 01:00:00,77.38,01:00:00
2026-03-02 01:15:00,77.4,01:15:00
2026-03-02 01:30:00,78.04,01:30:00
2026-03-02 01:45:00,78.04,01:45:00
2026-03-02 02:00:00,72.83,02:00:00
2026-03-02 02:15:00,72.81,02:15:00
2026-03-02 02:30:00,74.35,02:30:00
2026-03-02 02:45:00,74.35,02:45:00
2026-03-02 03:00:00,74.03,03:00:00
2026-03-02 03:15:00,74.04,03:15:00
2026-03-02 03:30:00,73.26,03:30:00
2026-03-02 03:45:00,73.23,03:45:00
2026-03-02 04:00:00,72.01,04:00:00
2026-03-02 04:15:00,72.03,04:15:00
2026-03-02 04:30:00,76.19,04:30:00
2026-03-02 04:45:00,76.2,04:45:00
2026-03-02 05:00:00,79.95,05:00:00
2026-03-02 05:15:00,80.04,05:15:00
2026-03-02 05:30:00,86.81,05:30:00
2026-03-02 05:45:00,86.84,05:45:00
2026-03-02 06:00:00,100.13,06:00:00
2026-03-02 06:15:00,100.21,06:15:00
2026-03-02 06:30:00,113.25,06:30:00
2026-03-02 06:45:00,113.26,06:45:00
2026-03-02 07:00:00,122.84,07:00:00
2026-03-02 07:15:00,122.99,07:15:00
2026-03-02 07:30:00,132.74,07:30:00
2026-03-02 07:45:00,133.45,07:45:00
2026-03-02 08:00:00,129.79,08:00:00
2026-03-02 08:15:00,129.59,08:15:00
2026-03-02 08:30:00,127.29,08:30:00
2026-03-02 08:45:00,127.18,08:45:00
2026-03-02 09:00:00,126.12,09:00:00
2026-03-02 09:15:00,126.21,09:15:00
2026-03-02 09:30:00,119.46,09:30:00
2026-03-02 09:45:00,119.25,09:45:00
2026-03-02 10:00:00,116.01,10:00:00
2026-03-02 10:15:00,116.05,10:15:00
2026-03-02 10:30:00,110.55,10:30:00
2026-03-02 10:45:00,110.75,10:45:00
2026-03-02 11:00:00,109.55,11:00:00
2026-03-02 11:15:00,109.77,11:15:00
2026-03-02 11:30:00,107.81,11:30:00
2026-03-02 11:45:00,107.69,11:45:00
2026-03-02 12:00:00,107.2,12:00:00
2026-03-02 12:15:00,107.33,12:15:00
2026-03-02 12:30:00,108.46,12:30:00
2026-03-02 12:45:00,108.24,12:45:00
2026-03-02 13:00:00,108.85,13:00:00
2026-03-02 13:15:00,108.97,13:15:00
2026-03-02 13:30:00,102.76,13:30:00
2026-03-02 13:45:00,102.23,13:45:00
2026-03-02 14:00:00,104.19,14:00:00
2026-03-02 14:15:00,104.14,14:15:00
2026-03-02 14:30:00,113.44,14:30:00
2026-03-02 14:45:00,112.91,14:45:00
2026-03-02 15:00:00,129.34,15:00:00
2026-03-02 15:15:00,129.14,15:15:00
2026-03-02 15:30:00,156.2,15:30:00
2026-03-02 15:45:00,155.94,15:45:00
2026-03-02 16:00:00,175.5,16:00:00
2026-03-02 16:15:00,175.29,16:15:00
2026-03-02 16:30:00,190.2,16:30:00
2026-03-02 16:45:00,190.21,16:45:00
2026-03-02 17:00:00,201.3,17:00:00
2026-03-02 17:15:00,201.23,17:15:00
2026-03-02 17:30:00,209.23,17:30:00
2026-03-02 17:45:00,209.1,17:45:00
2026-03-02 18:00:00,214.32,18:00:00
2026-03-02 18:15:00,213.44,18:15:00
2026-03-02 18:30:00,209.41,18:30:00
2026-03-02 18:45:00,209.42,18:45:00
2026-03-02 19:00:00,195.87,19:00:00
2026-03-02 19:15:00,195.68,19:15:00
2026-03-02 19:30:00,192.98,19:30:00
2026-03-02 19:45:00,193.12,19:45:00
2026-03-02 20:00:00,186.41,20:00:00
2026-03-02 20:15:00,186.52,20:15:00
2026-03-02 20:30:00,184.24,20:30:00
2026-03-02 20:45:00,184.63,20:45:00
2026-03-02 21:00:00,187.86,21:00:00
2026-03-02 21:15:00,188.29,21:15:00
2026-03-02 21:30:00,185.06,21:30:00
2026-03-02 21:45:00,184.9,21:45:00
2026-03-02 22:00:00,181.66,22:00:00
2026-03-02 22:15:00,181.34,22:15:00
2026-03-02 22:30:00,186.39,22:30:00
2026-03-02 22:45:00,186.5,22:45:00
2026-03-02 23:00:00,194.03,23:00:00
2026-03-02 23:15:00,193.99,23:15:00
2026-03-02 23:30:00,204.14,23:30:00
2026-03-02 23:45:00,203.22,23:45:00
2026-03-03 00:00:00,209.45,00:00:00
2026-03-03 00:15:00,209.0,00:15:00
2026-03-03 00:30:00,216.4,00:30:00
2026-03-03 00:45:00,216.27,00:45:00
2026-03-03 01:00:00,222.31,01:00:00
2026-03-03 01:15:00,221.62,01:15:00
2026-03-03 01:30:00,219.66,01:30:00
2026-03-03 01:45:00,219.71,01:45:00
2026-03-03 02:00:00,222.55,02:00:00
2026-03-03 02:15:00,222.26,02:15:00
2026-03-03 02:30:00,220.28,02:30:00
2026-03-03 02:45:00,220.24,02:45:00
2026-03-03 03:00:00,222.53,03:00:00
2026-03-03 03:15:00,222.8,03:15:00
2026-03-03 03:30:00,225.78,03:30:00
2026-03-03 03:45:00,225.2,03:45:00
2026-03-03 04:00:00,231.09,04:00:00
2026-03-03 04:15:00,231.69,04:15:00
2026-03-03 04:30:00,235.56,04:30:00
2026-03-03 04:45:00,236.75,04:45:00
2026-03-03 05:00:00,249.92,05:00:00
2026-03-03 05:15:00,250.01,05:15:00
2026-03-03 05:30:00,256.24,05:30:00
2026-03-03 05:45:00,256.04,05:45:00
2026-03-03 06:00:00,276.14,06:00:00
2026-03-03 06:15:00,275.24,06:15:00
2026-03-03 06:30:00,281.93,06:30:00
2026-03-03 06:45:00,281.86,06:45:00
2026-03-03 07:00:00,265.26,07:00:00
2026-03-03 07:15:00,264.77,07:15:00
2026-03-03 07:30:00,262.91,07:30:00
2026-03-03 07:45:00,262.58,07:45:00
2026-03-03 08:00:00,244.46,08:00:00
2026-03-03 08:15:00,244.01,08:15:00
2026-03-03 08:30:00,231.8,08:30:00
2026-03-03 08:45:00,231.63,08:45:00
2026-03-03 09:00:00,226.7,09:00:00
2026-03-03 09:15:00,226.48,09:15:00
2026-03-03 09:30:00,220.26,09:30:00
2026-03-03 09:45:00,220.46,09:45:00
2026-03-03 10:00:00,211.76,10:00:00
2026-03-03 10:15:00,211.59,10:15:00
2026-03-03 10:30:00,210.24,10:30:00
2026-03-03 10:45:00,209.93,10:45:00
2026-03-03 11:00:00,207.38,11:00:00
2026-03-03 11:15:00,207.48,11:15:00
2026-03-03 11:30:00,206.01,11:30:00
2026-03-03 11:45:00,206.12,11:45:00
2026-03-03 12:00:00,206.14,12:00:00
2026-03-03 12:15:00,205.99,12:15:00
2026-03-03 12:30:00,207.66,12:30:00
2026-03-03 12:45:00,207.27,12:45:00
2026-03-03 13:00:00,212.27,13:00:00
2026-03-03 13:15:00,212.04,13:15:00
2026-03-03 13:30:00,217.67,13:30:00
2026-03-03 13:45:00,217.94,13:45:00
2026-03-03 14:00:00,223.49,14:00:00
2026-03-03 14:15:00,222.45,14:15:00
2026-03-03 14:30:00,228.42,14:30:00
2026-03-03 14:45:00,228.27,14:45:00
2026-03-03 15:00:00,241.57,15:00:00
2026-03-03 15:15:00,241.09,15:15:00
2026-03-03 15:30:00,254.28,15:30:00
2026-03-03 15:45:00,254.34,15:45:00
2026-03-03 16:00:00,269.24,16:00:00
2026-03-03 16:15:00,269.84,16:15:00
2026-03-03 16:30:00,283.2,16:30:00
2026-03-03 16:45:00,283.47,16:45:00
2026-03-03 17:00:00,297.26,17:00:00
2026-03-03 17:15:00,297.86,17:15:00
2026-03-03 17:30:00,303.62,17:30:00
2026-03-03 17:45:00,304.0,17:45:00
2026-03-03 18:00:00,297.99,18:00:00
2026-03-03 18:15:00,297.42,18:15:00
2026-03-03 18:30:00,292.13,18:30:00
2026-03-03 18:45:00,292.14,18:45:00
2026-03-03 19:00:00,280.57,19:00:00
2026-03-03 19:15:00,280.16,19:15:00
2026-03-03 19:30:00,273.68,19:30:00
2026-03-03 19:45:00,273.43,19:45:00
2026-03-03 20:00:00,272.66,20:00:00
2026-03-03 20:15:00,272.31,20:15:00
2026-03-03 20:30:00,268.09,20:30:00
2026-03-03 20:45:00,268.27,20:45:00
2026-03-03 21:00:00,261.31,21:00:00
2026-03-03 21:15:00,261.05,21:15:00
2026-03-03 21:30:00,253.29,21:30:00
2026-03-03 21:45:00,253.81,21:45:00
2026-03-03 22:00:00,246.23,22:00:00
2026-03-03 22:15:00,246.64,22:15:00
2026-03-03 22:30:00,240.41,22:30:00
2026-03-03 22:45:00,240.3,22:45:00
2026-03-03 23:00:00,224.84,23:00:00
2026-03-03 23:15:00,223.81,23:15:00
2026-03-03 23:30:00,215.3,23:30:00
2026-03-03 23:45:00,214.99,23:45:00
2026-03-04 00:00:00,214.67,00:00:00
2026-03-04 00:15:00,214.58,00:15:00
2026-03-04 00:30:00,217.09,00:30:00
2026-03-04 00:45:00,216.78,00:45:00
2026-03-04 01:00:00,219.27,01:00:00
2026-03-04 01:15:00,219.31,01:15:00
2026-03-04 01:30:00,222.7,01:30:00
2026-03-04 01:45:00,222.85,01:45:00
2026-03-04 02:00:00,222.49,02:00:00
2026-03-04 02:15:00,222.63,02:15:00
2026-03-04 02:30:00,222.51,02:30:00
2026-03-04 02:45:00,222.5,02:45:00
2026-03-04 03:00:00,220.85,03:00:00
2026-03-04 03:15:00,220.83,03:15:00
2026-03-04 03:30:00,222.88,03:30:00
2026-03-04 03:45:00,221.37,03:45:00
2026-03-04 04:00:00,226.91,04:00:00
2026-03-04 04:15:00,227.02,04:15:00
2026-03-04 04:30:00,232.16,04:30:00
2026-03-04 04:45:00,233.18,04:45:00
2026-03-04 05:00:00,234.66,05:00:00
2026-03-04 05:15:00,234.81,05:15:00
2026-03-04 05:30:00,239.83,05:30:00
2026-03-04 05:45:00,239.91,05:45:00
2026-03-04 06:00:00,249.55,06:00:00
2026-03-04 06:15:00,249.63,06:15:00
2026-03-04 06:30:00,255.2,06:30:00
2026-03-04 06:45:00,255.22,06:45:00
2026-03-04 07:00:00,244.15,07:00:00
2026-03-04 07:15:00,243.82,07:15:00
2026-03-04 07:30:00,240.3,07:30:00
2026-03-04 07:45:00,240.09,07:45:00
2026-03-04 08:00:00,232.83,08:00:00
2026-03-04 08:15:00,233.05,08:15:00
2026-03-04 08:30:00,225.88,08:30:00
2026-03-04 08:45:00,225.71,08:45:00
2026-03-04 09:00:00,218.14,09:00:00
2026-03-04 09:15:00,217.92,09:15:00
2026-03-04 09:30:00,209.08,09:30:00
2026-03-04 09:45:00,209.68,09:45:00
2026-03-04 10:00:00,198.93,10:00:00
2026-03-04 10:15:00,199.52,10:15:00
2026-03-04 10:30:00,193.07,10:30:00
2026-03-04 10:45:00,192.8,10:45:00
2026-03-04 11:00:00,183.28,11:00:00
2026-03-04 11:15:00,183.1,11:15:00
2026-03-04 11:30:00,175.56,11:30:00
2026-03-04 11:45:00,175.78,11:45:00
2026-03-04 12:00:00,169.6,12:00:00
2026-03-04 12:15:00,169.57,12:15:00
2026-03-04 12:30:00,163.2,12:30:00
2026-03-04 12:45:00,163.13,12:45:00
2026-03-04 13:00:00,164.73,13:00:00
2026-03-04 13:15:00,164.97,13:15:00
2026-03-04 13:30:00,166.74,13:30:00
2026-03-04 13:45:00,166.68,13:45:00
2026-03-04 14:00:00,170.95,14:00:00
2026-03-04 14:15:00,170.65,14:15:00
2026-03-04 14:30:00,176.17,14:30:00
2026-03-04 14:45:00,175.41,14:45:00
2026-03-04 15:00:00,178.37,15:00:00
2026-03-04 15:15:00,177.73,15:15:00
2026-03-04 15:30:00,193.82,15:30:00
2026-03-04 15:45:00,193.5,15:45:00
2026-03-04 16:00:00,214.02,16:00:00
2026-03-04 16:15:00,214.14,16:15:00
2026-03-04 16:30:00,230.71,16:30:00
2026-03-04 16:45:00,230.91,16:45:00
2026-03-04 17:00:00,242.54,17:00:00
2026-03-04 17:15:00,242.89,17:15:00
2026-03-04 17:30:00,252.59,17:30:00
2026-03-04 17:45:00,252.6,17:45:00
2026-03-04 18:00:00,250.97,18:00:00
2026-03-04 18:15:00,250.77,18:15:00
2026-03-04 18:30:00,247.61,18:30:00
2026-03-04 18:45:00,247.44,18:45:00
2026-03-04 19:00:00,240.39,19:00:00
2026-03-04 19:15:00,240.28,19:15:00
2026-03-04 19:30:00,233.87,19:30:00
2026-03-04 19:45:00,233.51,19:45:00
2026-03-04 20:00:00,225.82,20:00:00
2026-03-04 20:15:00,225.58,20:15:00
2026-03-04 20:30:00,220.52,20:30:00
2026-03-04 20:45:00,220.4,20:45:00
2026-03-04 21:00:00,211.98,21:00:00
2026-03-04 21:15:00,211.96,21:15:00
2026-03-04 21:30:00,203.45,21:30:00
2026-03-04 21:45:00,203.42,21:45:00
2026-03-04 22:00:00,193.03,22:00:00
2026-03-04 22:15:00,193.37,22:15:00
2026-03-04 22:30:00,184.6,22:30:00
2026-03-04 22:45:00,184.31,22:45:00
2026-03-04 23:00:00,166.53,23:00:00
2026-03-04 23:15:00,166.4,23:15:00
2026-03-04 23:30:00,159.62,23:30:00
2026-03-04 23:45:00,159.32,23:45:00
2026-03-05 00:00:00,158.56,00:00:00
2026-03-05 00:15:00,158.1,00:15:00
2026-03-05 00:30:00,157.1,00:30:00
2026-03-05 00:45:00,158.07,00:45:00
2026-03-05 01:00:00,156.32,01:00:00
2026-03-05 01:15:00,155.87,01:15:00
2026-03-05 01:30:00,152.11,01:30:00
2026-03-05 01:45:00,152.3,01:45:00
2026-03-05 02:00:00,153.11,02:00:00
2026-03-05 02:15:00,152.96,02:15:00
2026-03-05 02:30:00,150.61,02:30:00
2026-03-05 02:45:00,149.68,02:45:00
2026-03-05 03:00:00,149.96,03:00:00
2026-03-05 03:15:00,149.46,03:15:00
2026-03-05 03:30:00,151.05,03:30:00
2026-03-05 03:45:00,151.24,03:45:00
2026-03-05 04:00:00,155.13,04:00:00
2026-03-05 04:15:00,155.33,04:15:00
2026-03-05 04:30:00,158.82,04:30:00
2026-03-05 04:45:00,158.91,04:45:00
2026-03-05 05:00:00,164.97,05:00:00
2026-03-05 05:15:00,165.06,05:15:00
2026-03-05 05:30:00,171.69,05:30:00
2026-03-05 05:45:00,171.91,05:45:00
2026-03-05 06:00:00,179.94,06:00:00
2026-03-05 06:15:00,180.14,06:15:00
2026-03-05 06:30:00,195.52,06:30:00
2026-03-05 06:45:00,195.5,06:45:00
2026-03-05 07:00:00,196.46,07:00:00
2026-03-05 07:15:00,197.09,07:15:00
2026-03-05 07:30:00,193.1,07:30:00
2026-03-05 07:45:00,193.46,07:45:00
2026-03-05 08:00:00,193.26,08:00:00
2026-03-05 08:15:00,193.95,08:15:00
2026-03-05 08:30:00,192.95,08:30:00
2026-03-05 08:45:00,193.13,08:45:00
2026-03-05 09:00:00,190.68,09:00:00
2026-03-05 09:15:00,191.17,09:15:00
2026-03-05 09:30:00,185.29,09:30:00
2026-03-05 09:45:00,185.03,09:45:00
2026-03-05 10:00:00,181.92,10:00:00
2026-03-05 10:15:00,181.91,10:15:00
2026-03-05 10:30:00,175.61,10:30:00
2026-03-05 10:45:00,175.67,10:45:00
2026-03-05 11:00:00,172.85,11:00:00
2026-03-05 11:15:00,172.9,11:15:00
2026-03-05 11:30:00,170.31,11:30:00
2026-03-05 11:45:00,170.25,11:45:00
2026-03-05 12:00:00,169.27,12:00:00
2026-03-05 12:15:00,169.41,12:15:00
2026-03-05 12:30:00,170.43,12:30:00
2026-03-05 12:45:00,170.09,12:45:00
2026-03-05 13:00:00,173.85,13:00:00
2026-03-05 13:15:00,173.56,13:15:00
2026-03-05 13:30:00,176.16,13:30:00
2026-03-05 13:45:00,176.29,13:45:00
2026-03-05 14:00:00,181.69,14:00:00
2026-03-05 14:15:00,181.77,14:15:00
2026-03-05 14:30:00,190.7,14:30:00
2026-03-05 14:45:00,189.84,14:45:00
2026-03-05 15:00:00,200.43,15:00:00
2026-03-05 15:15:00,199.62,15:15:00
2026-03-05 15:30:00,213.66,15:30:00
2026-03-05 15:45:00,213.47,15:45:00
2026-03-05 16:00:00,227.82,16:00:00
2026-03-05 16:15:00,227.97,16:15:00
2026-03-05 16:30:00,237.21,16:30:00
2026-03-05 16:45:00,237.53,16:45:00
2026-03-05 17:00:00,235.13,17:00:00
2026-03-05 17:15:00,235.3,17:15:00
2026-03-05 17:30:00,239.63,17:30:00
2026-03-05 17:45:00,239.95,17:45:00
2026-03-05 18:00:00,239.8,18:00:00
2026-03-05 18:15:00,239.77,18:15:00
2026-03-05 18:30:00,241.24,18:30:00
2026-03-05 18:45:00,241.22,18:45:00
2026-03-05 19:00:00,231.55,19:00:00
2026-03-05 19:15:00,231.16,19:15:00
2026-03-05 19:30:00,228.13,19:30:00
2026-03-05 19:45:00,228.37,19:45:00
2026-03-05 20:00:00,228.42,20:00:00
2026-03-05 20:15:00,228.06,20:15:00
2026-03-05 20:30:00,221.72,20:30:00
2026-03-05 20:45:00,221.61,20:45:00
2026-03-05 21:00:00,223.19,21:00:00
2026-03-05 21:15:00,223.24,21:15:00
2026-03-05 21:30:00,223.5,21:30:00
2026-03-05 21:45:00,223.05,21:45:00
2026-03-05 22:00:00,219.4,22:00:00
2026-03-05 22:15:00,219.17,22:15:00
2026-03-05 22:30:00,221.1,22:30:00
2026-03-05 22:45:00,221.89,22:45:00
2026-03-05 23:00:00,226.67,23:00:00
2026-03-05 23:15:00,227.12,23:15:00
2026-03-05 23:30:00,232.43,23:30:00
2026-03-05 23:45:00,232.53,23:45:00
2026-03-06 00:00:00,237.4,00:00:00
2026-03-06 00:15:00,237.18,00:15:00
2026-03-06 00:30:00,238.9,00:30:00
2026-03-06 00:45:00,239.1,00:45:00
2026-03-06 01:00:00,241.02,01:00:00
2026-03-06 01:15:00,241.08,01:15:00
2026-03-06 01:30:00,238.62,01:30:00
2026-03-06 01:45:00,238.7,01:45:00
2026-03-06 02:00:00,237.48,02:00:00
2026-03-06 02:15:00,237.74,02:15:00
2026-03-06 02:30:00,239.26,02:30:00
2026-03-06 02:45:00,238.5,02:45:00
2026-03-06 03:00:00,236.42,03:00:00
2026-03-06 03:15:00,236.49,03:15:00
2026-03-06 03:30:00,236.04,03:30:00
2026-03-06 03:45:00,236.08,03:45:00
2026-03-06 04:00:00,240.9,04:00:00
2026-03-06 04:15:00,240.9,04:15:00
2026-03-06 04:30:00,245.09,04:30:00
2026-03-06 04:45:00,245.2,04:45:00
2026-03-06 05:00:00,255.03,05:00:00
2026-03-06 05:15:00,255.38,05:15:00
2026-03-06 05:30:00,263.06,05:30:00
2026-03-06 05:45:00,263.66,05:45:00
2026-03-06 06:00:00,276.7,06:00:00
2026-03-06 06:15:00,277.01,06:15:00
2026-03-06 06:30:00,288.65,06:30:00
2026-03-06 06:45:00,288.46,06:45:00
2026-03-06 07:00:00,297.86,07:00:00
2026-03-06 07:15:00,297.49,07:15:00
2026-03-06 07:30:00,300.12,07:30:00
2026-03-06 07:45:00,300.07,07:45:00
2026-03-06 08:00:00,294.73,08:00:00
2026-03-06 08:15:00,294.63,08:15:00
2026-03-06 08:30:00,292.58,08:30:00
2026-03-06 08:45:00,292.88,08:45:00
2026-03-06 09:00:00,287.79,09:00:00
2026-03-06 09:15:00,288.18,09:15:00
2026-03-06 09:30:00,286.75,09:30:00
2026-03-06 09:45:00,286.66,09:45:00
2026-03-06 10:00:00,285.29,10:00:00
2026-03-06 10:15:00,285.65,10:15:00
2026-03-06 10:30:00,284.01,10:30:00
2026-03-06 10:45:00,284.04,10:45:00
2026-03-06 11:00:00,279.88,11:00:00
2026-03-06 11:15:00,279.85,11:15:00
2026-03-06 11:30:00,278.51,11:30:00
2026-03-06 11:45:00,278.58,11:45:00
2026-03-06 12:00:00,276.47,12:00:00
2026-03-06 12:15:00,276.46,12:15:00
2026-03-06 12:30:00,273.7,12:30:00
2026-03-06 12:45:00,273.97,12:45:00
2026-03-06 13:00:00,272.93,13:00:00
2026-03-06 13:15:00,273.32,13:15:00
2026-03-06 13:30:00,272.27,13:30:00
2026-03-06 13:45:00,272.72,13:45:00
2026-03-06 14:00:00,274.37,14:00:00
2026-03-06 14:15:00,273.67,14:15:00
2026-03-06 14:30:00,271.46,14:30:00
2026-03-06 14:45:00,270.38,14:45:00
2026-03-06 15:00:00,276.67,15:00:00
2026-03-06 15:15:00,276.49,15:15:00
2026-03-06 15:30:00,279.88,15:30:00
2026-03-06 15:45:00,280.0,15:45:00
2026-03-06 16:00:00,282.1,16:00:00
2026-03-06 16:15:00,282.38,16:15:00
2026-03-06 16:30:00,283.49,16:30:00
2026-03-06 16:45:00,283.66,16:45:00
2026-03-06 17:00:00,291.67,17:00:00
2026-03-06 17:15:00,291.85,17:15:00
2026-03-06 17:30:00,295.73,17:30:00
2026-03-06 17:45:00,295.8,17:45:00
2026-03-06 18:00:00,296.89,18:00:00
2026-03-06 18:15:00,296.91,18:15:00
2026-03-06 18:30:00,291.47,18:30:00
2026-03-06 18:45:00,291.55,18:45:00
2026-03-06 19:00:00,279.65,19:00:00
2026-03-06 19:15:00,279.36,19:15:00
2026-03-06 19:30:00,273.95,19:30:00
2026-03-06 19:45:00,273.43,19:45:00
2026-03-06 20:00:00,272.29,20:00:00
2026-03-06 20:15:00,271.96,20:15:00
2026-03-06 20:30:00,269.01,20:30:00
2026-03-06 20:45:00,268.92,20:45:00
2026-03-06 21:00:00,270.65,21:00:00
2026-03-06 21:15:00,270.59,21:15:00
2026-03-06 21:30:00,266.75,21:30:00
2026-03-06 21:45:00,266.29,21:45:00
2026-03-06 22:00:00,261.4,22:00:00
2026-03-06 22:15:00,261.21,22:15:00
2026-03-06 22:30:00,257.25,22:30:00
2026-03-06 22:45:00,257.11,22:45:00
2026-03-06 23:00:00,251.92,23:00:00
2026-03-06 23:15:00,252.2,23:15:00
2026-03-06 23:30:00,244.61,23:30:00
2026-03-06 23:45:00,244.61,23:45:00
2026-03-07 00:00:00,240.66,00:00:00
2026-03-07 00:15:00,240.7,00:15:00
2026-03-07 00:30:00,238.28,00:30:00
2026-03-07 00:45:00,237.83,00:45:00
2026-03-07 01:00:00,234.26,01:00:00
2026-03-07 01:15:00,233.89,01:15:00
2026-03-07 01:30:00,232.8,01:30:00
2026-03-07 01:45:00,232.54,01:45:00
2026-03-07 02:00:00,229.35,02:00:00
2026-03-07 02:15:00,229.45,02:15:00
2026-03-07 02:30:00,229.18,02:30:00
2026-03-07 02:45:00,227.99,02:45:00
2026-03-07 03:00:00,230.87,03:00:00
2026-03-07 03:15:00,230.8,03:15:00
2026-03-07 03:30:00,232.74,03:30:00
2026-03-07 03:45:00,232.83,03:45:00
2026-03-07 04:00:00,234.35,04:00:00
2026-03-07 04:15:00,234.5,04:15:00
2026-03-07 04:30:00,231.79,04:30:00
2026-03-07 04:45:00,231.99,04:45:00
2026-03-07 05:00:00,228.42,05:00:00
2026-03-07 05:15:00,228.57,05:15:00
2026-03-07 05:30:00,229.17,05:30:00
2026-03-07 05:45:00,228.82,05:45:00
2026-03-07 06:00:00,227.07,06:00:00
2026-03-07 06:15:00,226.57,06:15:00
2026-03-07 06:30:00,230.67,06:30:00
2026-03-07 06:45:00,230.7,06:45:00
2026-03-07 07:00:00,233.57,07:00:00
2026-03-07 07:15:00,234.74,07:15:00
2026-03-07 07:30:00,234.62,07:30:00
2026-03-07 07:45:00,236.03,07:45:00
2026-03-07 08:00:00,232.69,08:00:00
2026-03-07 08:15:00,233.4,08:15:00
2026-03-07 08:30:00,233.01,08:30:00
2026-03-07 08:45:00,233.18,08:45:00
2026-03-07 09:00:00,231.51,09:00:00
2026-03-07 09:15:00,231.51,09:15:00
2026-03-07 09:30:00,231.99,09:30:00
2026-03-07 09:45:00,231.35,09:45:00
2026-03-07 10:00:00,227.22,10:00:00
2026-03-07 10:15:00,227.69,10:15:00
2026-03-07 10:30:00,226.23,10:30:00
2026-03-07 10:45:00,226.42,10:45:00
2026-03-07 11:00:00,224.67,11:00:00
2026-03-07 11:15:00,224.92,11:15:00
2026-03-07 11:30:00,225.49,11:30:00
2026-03-07 11:45:00,225.45,11:45:00
2026-03-07 12:00:00,225.39,12:00:00
2026-03-07 12:15:00,225.7,12:15:00
2026-03-07 12:30:00,227.32,12:30:00
2026-03-07 12:45:00,227.34,12:45:00
2026-03-07 13:00:00,227.47,13:00:00
2026-03-07 13:15:00,227.55,13:15:00
2026-03-07 13:30:00,229.49,13:30:00
2026-03-07 13:45:00,229.8,13:45:00
2026-03-07 14:00:00,234.57,14:00:00
2026-03-07 14:15:00,234.53,14:15:00
2026-03-07 14:30:00,240.46,14:30:00
2026-03-07 14:45:00,239.21,14:45:00
2026-03-07 15:00:00,247.07,15:00:00
2026-03-07 15:15:00,246.45,15:15:00
2026-03-07 15:30:00,250.45,15:30:00
2026-03-07 15:45:00,249.71,15:45:00
2026-03-07 16:00:00,255.61,16:00:00
2026-03-07 16:15:00,255.59,16:15:00
2026-03-07 16:30:00,262.89,16:30:00
2026-03-07 16:45:00,262.95,16:45:00
2026-03-07 17:00:00,271.74,17:00:00
2026-03-07 17:15:00,272.34,17:15:00
2026-03-07 17:30:00,277.95,17:30:00
2026-03-07 17:45:00,278.49,17:45:00
2026-03-07 18:00:00,276.74,18:00:00
2026-03-07 18:15:00,276.85,18:15:00
2026-03-07 18:30:00,277.51,18:30:00
2026-03-07 18:45:00,277.29,18:45:00
2026-03-07 19:00:00,276.61,19:00:00
2026-03-07 19:15:00,276.45,19:15:00
2026-03-07 19:30:00,272.65,19:30:00
2026-03-07 19:45:00,272.7,19:45:00
2026-03-07 20:00:00,272.02,20:00:00
2026-03-07 20:15:00,271.96,20:15:00
2026-03-07 20:30:00,272.56,20:30:00
2026-03-07 20:45:00,272.43,20:45:00
2026-03-07 21:00:00,269.62,21:00:00
2026-03-07 21:15:00,269.45,21:15:00
2026-03-07 21:30:00,264.37,21:30:00
2026-03-07 21:45:00,264.11,21:45:00
2026-03-07 22:00:00,258.87,22:00:00
2026-03-07 22:15:00,258.61,22:15:00
2026-03-07 22:30:00,254.95,22:30:00
2026-03-07 22:45:00,254.88,22:45:00
2026-03-07 23:00:00,250.52,23:00:00
2026-03-07 23:15:00,250.43,23:15:00
2026-03-07 23:30:00,251.1,23:30:00
2026-03-07 23:45:00,251.0,23:45:00
2026-03-08 00:00:00,254.56,00:00:00
2026-03-08 00:15:00,254.11,00:15:00
2026-03-08 00:30:00,256.23,00:30:00
2026-03-08 00:45:00,255.9,00:45:00
2026-03-08 01:00:00,256.24,01:00:00
2026-03-08 01:15:00,256.01,01:15:00
2026-03-08 01:30:00,254.46,01:30:00
2026-03-08 01:45:00,254.17,01:45:00
2026-03-08 02:00:00,254.95,02:00:00
2026-03-08 02:15:00,254.94,02:15:00
2026-03-08 02:30:00,254.52,02:30:00
2026-03-08 02:45:00,254.63,02:45:00
2026-03-08 03:00:00,255.83,03:00:00
2026-03-08 03:15:00,255.8,03:15:00
2026-03-08 03:30:00,258.04,03:30:00
2026-03-08 03:45:00,258.16,03:45:00
2026-03-08 04:00:00,260.75,04:00:00
2026-03-08 04:15:00,260.9,04:15:00
2026-03-08 04:30:00,262.6,04:30:00
2026-03-08 04:45:00,262.17,04:45:00
2026-03-08 05:00:00,257.96,05:00:00
2026-03-08 05:15:00,258.01,05:15:00
2026-03-08 05:30:00,258.17,05:30:00
2026-03-08 05:45:00,258.81,05:45:00
2026-03-08 06:00:00,260.31,06:00:00
2026-03-08 06:15:00,260.49,06:15:00
2026-03-08 06:30:00,262.3,06:30:00
2026-03-08 06:45:00,263.39,06:45:00
2026-03-08 07:00:00,265.74,07:00:00
2026-03-08 07:15:00,265.83,07:15:00
2026-03-08 07:30:00,266.53,07:30:00
2026-03-08 07:45:00,267.54,07:45:00
2026-03-08 08:00:00,264.65,08:00:00
2026-03-08 08:15:00,264.7,08:15:00
2026-03-08 08:30:00,261.62,08:30:00
2026-03-08 08:45:00,261.01,08:45:00
2026-03-08 09:00:00,255.66,09:00:00
2026-03-08 09:15:00,255.07,09:15:00
2026-03-08 09:30:00,255.23,09:30:00
2026-03-08 09:45:00,255.81,09:45:00
2026-03-08 10:00:00,252.55,10:00:00
2026-03-08 10:15:00,252.71,10:15:00
2026-03-08 10:30:00,252.88,10:30:00
2026-03-08 10:45:00,253.01,10:45:00
2026-03-08 11:00:00,251.24,11:00:00
2026-03-08 11:15:00,251.91,11:15:00
2026-03-08 11:30:00,253.71,11:30:00
2026-03-08 11:45:00,254.04,11:45:00
2026-03-08 12:00:00,254.5,12:00:00
2026-03-08 12:15:00,254.61,12:15:00
2026-03-08 12:30:00,254.67,12:30:00
2026-03-08 12:45:00,254.77,12:45:00
2026-03-08 13:00:00,255.83,13:00:00
2026-03-08 13:15:00,255.99,13:15:00
2026-03-08 13:30:00,256.76,13:30:00
2026-03-08 13:45:00,256.13,13:45:00
2026-03-08 14:00:00,257.61,14:00:00
2026-03-08 14:15:00,257.94,14:15:00
2026-03-08 14:30:00,262.54,14:30:00
2026-03-08 14:45:00,262.5,14:45:00
2026-03-08 15:00:00,268.63,15:00:00
2026-03-08 15:15:00,268.36,15:15:00
2026-03-08 15:30:00,271.95,15:30:00
2026-03-08 15:45:00,271.29,15:45:00
2026-03-08 16:00:00,273.44,16:00:00
2026-03-08 16:15:00,272.94,16:15:00
2026-03-08 16:30:00,277.32,16:30:00
2026-03-08 16:45:00,277.44,16:45:00
2026-03-08 17:00:00,281.65,17:00:00
2026-03-08 17:15:00,281.6,17:15:00
2026-03-08 17:30:00,285.08,17:30:00
2026-03-08 17:45:00,285.87,17:45:00
2026-03-08 18:00:00,286.47,18:00:00
2026-03-08 18:15:00,286.69,18:15:00
2026-03-08 18:30:00,285.68,18:30:00
2026-03-08 18:45:00,285.43,18:45:00
2026-03-08 19:00:00,280.78,19:00:00
2026-03-08 19:15:00,280.76,19:15:00
2026-03-08 19:30:00,278.06,19:30:00
2026-03-08 19:45:00,278.06,19:45:00
2026-03-08 20:00:00,278.17,20:00:00
2026-03-08 20:15:00,277.91,20:15:00
2026-03-08 20:30:00,276.93,20:30:00
2026-03-08 20:45:00,276.73,20:45:00
2026-03-08 21:00:00,276.28,21:00:00
2026-03-08 21:15:00,276.24,21:15:00
2026-03-08 21:30:00,272.88,21:30:00
2026-03-08 21:45:00,272.63,21:45:00
2026-03-08 22:00:00,266.01,22:00:00
2026-03-08 22:15:00,266.14,22:15:00
2026-03-08 22:30:00,263.76,22:30:00
2026-03-08 22:45:00,263.67,22:45:00
2026-03-08 23:00:00,262.01,23:00:00
2026-03-08 23:15:00,262.47,23:15:00
2026-03-08 23:30:00,263.02,23:30:00
2026-03-08 23:45:00,263.37,23:45:00
2026-03-09 00:00:00,262.98,00:00:00
2026-03-09 00:15:00,263.12,00:15:00
2026-03-09 00:30:00,266.38,00:30:00
2026-03-09 00:45:00,266.22,00:45:00
2026-03-09 01:00:00,267.41,01:00:00
2026-03-09 01:15:00,265.92,01:15:00
2026-03-09 01:30:00,266.58,01:30:00
2026-03-09 01:45:00,265.59,01:45:00
2026-03-09 02:00:00,262.78,02:00:00
2026-03-09 02:15:00,262.09,02:15:00
2026-03-09 02:30:00,260.41,02:30:00
2026-03-09 02:45:00,260.23,02:45:00
2026-03-09 03:00:00,258.42,03:00:00
2026-03-09 03:15:00,258.53,03:15:00
2026-03-09 03:30:00,257.63,03:30:00
2026-03-09 03:45:00,257.44,03:45:00
2026-03-09 04:00:00,261.75,04:00:00
2026-03-09 04:15:00,261.2,04:15:00
2026-03-09 04:30:00,263.99,04:30:00
2026-03-09 04:45:00,262.2,04:45:00
2026-03-09 05:00:00,266.35,05:00:00
2026-03-09 05:15:00,267.42,05:15:00
2026-03-09 05:30:00,271.8,05:30:00
2026-03-09 05:45:00,273.05,05:45:00
2026-03-09 06:00:00,284.92,06:00:00
2026-03-09 06:15:00,285.67,06:15:00
2026-03-09 06:30:00,291.46,06:30:00
2026-03-09 06:45:00,290.85,06:45:00
2026-03-09 07:00:00,288.84,07:00:00
2026-03-09 07:15:00,287.78,07:15:00
2026-03-09 07:30:00,289.12,07:30:00
2026-03-09 07:45:00,288.57,07:45:00
2026-03-09 08:00:00,284.75,08:00:00
2026-03-09 08:15:00,284.24,08:15:00
2026-03-09 08:30:00,280.74,08:30:00
2026-03-09 08:45:00,280.72,08:45:00
2026-03-09 09:00:00,276.59,09:00:00
2026-03-09 09:15:00,277.17,09:15:00
2026-03-09 09:30:00,274.2,09:30:00
2026-03-09 09:45:00,274.42,09:45:00
2026-03-09 10:00:00,268.85,10:00:00
2026-03-09 10:15:00,268.88,10:15:00
2026-03-09 10:30:00,265.43,10:30:00
2026-03-09 10:45:00,265.37,10:45:00
2026-03-09 11:00:00,262.0,11:00:00
2026-03-09 11:15:00,261.89,11:15:00
2026-03-09 11:30:00,258.85,11:30:00
2026-03-09 11:45:00,259.04,11:45:00
2026-03-09 12:00:00,255.22,12:00:00
2026-03-09 12:15:00,255.27,12:15:00
2026-03-09 12:30:00,254.46,12:30:00
2026-03-09 12:45:00,254.41,12:45:00
2026-03-09 13:00:00,252.49,13:00:00
2026-03-09 13:15:00,252.95,13:15:00
2026-03-09 13:30:00,252.58,13:30:00
2026-03-09 13:45:00,252.51,13:45:00
2026-03-09 14:00:00,254.33,14:00:00
2026-03-09 14:15:00,253.23,14:15:00
2026-03-09 14:30:00,254.92,14:30:00
2026-03-09 14:45:00,254.45,14:45:00
2026-03-09 15:00:00,259.29,15:00:00
2026-03-09 15:15:00,259.26,15:15:00
2026-03-09 15:30:00,264.58,15:30:00
2026-03-09 15:45:00,264.04,15:45:00
2026-03-09 16:00:00,272.59,16:00:00
2026-03-09 16:15:00,272.72,16:15:00
2026-03-09 16:30:00,277.31,16:30:00
2026-03-09 16:45:00,277.81,16:45:00
2026-03-09 17:00:00,279.94,17:00:00
2026-03-09 17:15:00,280.55,17:15:00
2026-03-09 17:30:00,284.83,17:30:00
2026-03-09 17:45:00,285.39,17:45:00
2026-03-09 18:00:00,285.37,18:00:00
2026-03-09 18:15:00,285.43,18:15:00
2026-03-09 18:30:00,285.29,18:30:00
2026-03-09 18:45:00,285.3,18:45:00
2026-03-09 19:00:00,279.82,19:00:00
2026-03-09 19:15:00,279.49,19:15:00
2026-03-09 19:30:00,275.01,19:30:00
2026-03-09 19:45:00,275.06,19:45:00
2026-03-09 20:00:00,276.7,20:00:00
2026-03-09 20:15:00,276.65,20:15:00
2026-03-09 20:30:00,271.93,20:30:00
2026-03-09 20:45:00,271.59,20:45:00
2026-03-09 21:00:00,271.49,21:00:00
2026-03-09 21:15:00,271.2,21:15:00
2026-03-09 21:30:00,263.1,21:30:00
2026-03-09 21:45:00,262.83,21:45:00
2026-03-09 22:00:00,254.92,22:00:00
2026-03-09 22:15:00,254.22,22:15:00
2026-03-09 22:30:00,246.83,22:30:00
2026-03-09 22:45:00,246.37,22:45:00
2026-03-09 23:00:00,237.98,23:00:00
2026-03-09 23:15:00,237.76,23:15:00
2026-03-09 23:30:00,228.02,23:30:00
2026-03-09 23:45:00,227.98,23:45:00
2026-03-10 00:00:00,227.94,00:00:00
2026-03-10 00:15:00,227.77,00:15:00
2026-03-10 00:30:00,229.98,00:30:00
2026-03-10 00:45:00,229.63,00:45:00
2026-03-10 01:00:00,226.29,01:00:00
2026-03-10 01:15:00,226.21,01:15:00
2026-03-10 01:30:00,224.29,01:30:00
2026-03-10 01:45:00,224.35,01:45:00
2026-03-10 02:00:00,219.89,02:00:00
2026-03-10 02:15:00,219.85,02:15:00
2026-03-10 02:30:00,212.87,02:30:00
2026-03-10 02:45:00,213.03,02:45:00
2026-03-10 03:00:00,211.31,03:00:00
2026-03-10 03:15:00,211.96,03:15:00
2026-03-10 03:30:00,208.28,03:30:00
2026-03-10 03:45:00,208.56,03:45:00
2026-03-10 04:00:00,210.04,04:00:00
2026-03-10 04:15:00,210.28,04:15:00
2026-03-10 04:30:00,212.69,04:30:00
2026-03-10 04:45:00,212.9,04:45:00
2026-03-10 05:00:00,210.65,05:00:00
2026-03-10 05:15:00,211.2,05:15:00
2026-03-10 05:30:00,208.91,05:30:00
2026-03-10 05:45:00,208.86,05:45:00
2026-03-10 06:00:00,216.87,06:00:00
2026-03-10 06:15:00,216.66,06:15:00
2026-03-10 06:30:00,224.65,06:30:00
2026-03-10 06:45:00,224.14,06:45:00
2026-03-10 07:00:00,219.1,07:00:00
2026-03-10 07:15:00,218.56,07:15:00
2026-03-10 07:30:00,216.13,07:30:00
2026-03-10 07:45:00,216.0,07:45:00
2026-03-10 08:00:00,208.69,08:00:00
2026-03-10 08:15:00,209.6,08:15:00
2026-03-10 08:30:00,198.76,08:30:00
2026-03-10 08:45:00,198.33,08:45:00
2026-03-10 09:00:00,186.98,09:00:00
2026-03-10 09:15:00,187.11,09:15:00
2026-03-10 09:30:00,177.5,09:30:00
2026-03-10 09:45:00,177.42,09:45:00
2026-03-10 10:00:00,167.48,10:00:00
2026-03-10 10:15:00,167.46,10:15:00
2026-03-10 10:30:00,158.71,10:30:00
2026-03-10 10:45:00,158.74,10:45:00
2026-03-10 11:00:00,144.21,11:00:00
2026-03-10 11:15:00,144.2,11:15:00
2026-03-10 11:30:00,141.7,11:30:00
2026-03-10 11:45:00,141.16,11:45:00
2026-03-10 12:00:00,141.07,12:00:00
2026-03-10 12:15:00,141.06,12:15:00
2026-03-10 12:30:00,146.27,12:30:00
2026-03-10 12:45:00,145.91,12:45:00
2026-03-10 13:00:00,143.95,13:00:00
2026-03-10 13:15:00,143.68,13:15:00
2026-03-10 13:30:00,144.89,13:30:00
2026-03-10 13:45:00,144.6,13:45:00
2026-03-10 14:00:00,143.29,14:00:00
2026-03-10 14:15:00,142.97,14:15:00
2026-03-10 14:30:00,143.93,14:30:00
2026-03-10 14:45:00,144.2,14:45:00
2026-03-10 15:00:00,149.41,15:00:00
2026-03-10 15:15:00,149.74,15:15:00
2026-03-10 15:30:00,156.48,15:30:00
2026-03-10 15:45:00,156.73,15:45:00
2026-03-10 16:00:00,159.4,16:00:00
2026-03-10 16:15:00,159.51,16:15:00
2026-03-10 16:30:00,168.69,16:30:00
2026-03-10 16:45:00,168.79,16:45:00
2026-03-10 17:00:00,174.05,17:00:00
2026-03-10 17:15:00,174.13,17:15:00
2026-03-10 17:30:00,177.1,17:30:00
2026-03-10 17:45:00,176.87,17:45:00
2026-03-10 18:00:00,186.28,18:00:00
2026-03-10 18:15:00,185.94,18:15:00
2026-03-10 18:30:00,184.01,18:30:00
2026-03-10 18:45:00,184.14,18:45:00
2026-03-10 19:00:00,169.04,19:00:00
2026-03-10 19:15:00,168.92,19:15:00
2026-03-10 19:30:00,157.06,19:30:00
2026-03-10 19:45:00,157.18,19:45:00
2026-03-10 20:00:00,151.86,20:00:00
2026-03-10 20:15:00,152.06,20:15:00
2026-03-10 20:30:00,143.16,20:30:00
2026-03-10 20:45:00,143.3,20:45:00
2026-03-10 21:00:00,134.82,21:00:00
2026-03-10 21:15:00,135.01,21:15:00
2026-03-10 21:30:00,122.24,21:30:00
2026-03-10 21:45:00,122.21,21:45:00
2026-03-10 22:00:00,126.85,22:00:00
2026-03-10 22:15:00,126.79,22:15:00
2026-03-10 22:30:00,110.76,22:30:00
2026-03-10 22:45:00,110.76,22:45:00
2026-03-10 23:00:00,109.65,23:00:00
2026-03-10 23:15:00,109.65,23:15:00
2026-03-10 23:30:00,107.59,23:30:00
2026-03-10 23:45:00,107.6,23:45:00
2026-03-11 00:00:00,96.94,00:00:00
2026-03-11 00:15:00,96.94,00:15:00
2026-03-11 00:30:00,96.89,00:30:00
2026-03-11 00:45:00,96.88,00:45:00
2026-03-11 01:00:00,106.18,01:00:00
2026-03-11 01:15:00,106.19,01:15:00
2026-03-11 01:30:00,107.52,01:30:00
2026-03-11 01:45:00,107.53,01:45:00
2026-03-11 02:00:00,101.95,02:00:00
2026-03-11 02:15:00,101.95,02:15:00
2026-03-11 02:30:00,105.93,02:30:00
2026-03-11 02:45:00,105.94,02:45:00
2026-03-11 03:00:00,100.58,03:00:00
2026-03-11 03:15:00,100.58,03:15:00
2026-03-11 03:30:00,101.96,03:30:00
2026-03-11 03:45:00,101.95,03:45:00
2026-03-11 04:00:00,105.76,04:00:00
2026-03-11 04:15:00,105.75,04:15:00
2026-03-11 04:30:00,107.63,04:30:00
2026-03-11 04:45:00,107.61,04:45:00
2026-03-11 05:00:00,103.48,05:00:00
2026-03-11 05:15:00,103.46,05:15:00
2026-03-11 05:30:00,107.18,05:30:00
2026-03-11 05:45:00,107.17,05:45:00
2026-03-11 06:00:00,110.01,06:00:00
2026-03-11 06:15:00,110.04,06:15:00
2026-03-11 06:30:00,119.68,06:30:00
2026-03-11 06:45:00,119.7,06:45:00
2026-03-11 07:00:00,120.73,07:00:00
2026-03-11 07:15:00,120.93,07:15:00
2026-03-11 07:30:00,116.32,07:30:00
2026-03-11 07:45:00,116.22,07:45:00
2026-03-11 08:00:00,109.35,08:00:00
2026-03-11 08:15:00,108.99,08:15:00
2026-03-11 08:30:00,99.68,08:30:00
2026-03-11 08:45:00,99.27,08:45:00
2026-03-11 09:00:00,91.81,09:00:00
2026-03-11 09:15:00,91.8,09:15:00
2026-03-11 09:30:00,86.78,09:30:00
2026-03-11 09:45:00,86.83,09:45:00
2026-03-11 10:00:00,83.58,10:00:00
2026-03-11 10:15:00,83.56,10:15:00
2026-03-11 10:30:00,79.65,10:30:00
2026-03-11 10:45:00,79.71,10:45:00
2026-03-11 11:00:00,71.01,11:00:00
2026-03-11 11:15:00,70.97,11:15:00
2026-03-11 11:30:00,71.74,11:30:00
2026-03-11 11:45:00,71.76,11:45:00
2026-03-11 12:00:00,70.06,12:00:00
2026-03-11 12:15:00,70.05,12:15:00
2026-03-11 12:30:00,67.87,12:30:00
2026-03-11 12:45:00,67.76,12:45:00
2026-03-11 13:00:00,70.0,13:00:00
2026-03-11 13:15:00,69.95,13:15:00
2026-03-11 13:30:00,70.01,13:30:00
2026-03-11 13:45:00,69.98,13:45:00
2026-03-11 14:00:00,74.0,14:00:00
2026-03-11 14:15:00,74.01,14:15:00
2026-03-11 14:30:00,80.17,14:30:00
2026-03-11 14:45:00,80.19,14:45:00
2026-03-11 15:00:00,86.24,15:00:00
2026-03-11 15:15:00,86.25,15:15:00
2026-03-11 15:30:00,89.28,15:30:00
2026-03-11 15:45:00,89.32,15:45:00
2026-03-11 16:00:00,102.38,16:00:00
2026-03-11 16:15:00,102.34,16:15:00
2026-03-11 16:30:00,115.75,16:30:00
2026-03-11 16:45:00,115.66,16:45:00
2026-03-11 17:00:00,131.43,17:00:00
2026-03-11 17:15:00,131.47,17:15:00
2026-03-11 17:30:00,146.31,17:30:00
2026-03-11 17:45:00,146.35,17:45:00
2026-03-11 18:00:00,159.04,18:00:00
2026-03-11 18:15:00,158.63,18:15:00
2026-03-11 18:30:00,163.57,18:30:00
2026-03-11 18:45:00,163.37,18:45:00
2026-03-11 19:00:00,156.95,19:00:00
2026-03-11 19:15:00,156.45,19:15:00
2026-03-11 19:30:00,152.62,19:30:00
2026-03-11 19:45:00,152.87,19:45:00
2026-03-11 20:00:00,146.17,20:00:00
2026-03-11 20:15:00,146.5,20:15:00
2026-03-11 20:30:00,130.26,20:30:00
2026-03-11 20:45:00,129.6,20:45:00
2026-03-11 21:00:00,129.12,21:00:00
2026-03-11 21:15:00,129.32,21:15:00
2026-03-11 21:30:00,126.96,21:30:00
2026-03-11 21:45:00,127.16,21:45:00
2026-03-11 22:00:00,136.48,22:00:00
2026-03-11 22:15:00,136.79,22:15:00
2026-03-11 22:30:00,131.47,22:30:00
2026-03-11 22:45:00,131.46,22:45:00
2026-03-11 23:00:00,134.39,23:00:00
2026-03-11 23:15:00,134.38,23:15:00
2026-03-11 23:30:00,134.95,23:30:00
2026-03-11 23:45:00,134.94,23:45:00
2026-03-12 00:00:00,129.97,00:00:00
2026-03-12 00:15:00,129.95,00:15:00
2026-03-12 00:30:00,131.63,00:30:00
2026-03-12 00:45:00,131.6,00:45:00
2026-03-12 01:00:00,122.28,01:00:00
2026-03-12 01:15:00,122.22,01:15:00
2026-03-12 01:30:00,114.49,01:30:00
2026-03-12 01:45:00,114.45,01:45:00
2026-03-12 02:00:00,109.2,02:00:00
2026-03-12 02:15:00,109.18,02:15:00
2026-03-12 02:30:00,104.99,02:30:00
2026-03-12 02:45:00,104.98,02:45:00
2026-03-12 03:00:00,103.89,03:00:00
2026-03-12 03:15:00,103.89,03:15:00
2026-03-12 03:30:00,104.81,03:30:00
2026-03-12 03:45:00,104.82,03:45:00
2026-03-12 04:00:00,105.28,04:00:00
2026-03-12 04:15:00,105.28,04:15:00
2026-03-12 04:30:00,96.97,04:30:00
2026-03-12 04:45:00,96.97,04:45:00
2026-03-12 05:00:00,96.48,05:00:00
2026-03-12 05:15:00,96.48,05:15:00
2026-03-12 05:30:00,103.25,05:30:00
2026-03-12 05:45:00,103.25,05:45:00
2026-03-12 06:00:00,111.58,06:00:00
2026-03-12 06:15:00,111.62,06:15:00
2026-03-12 06:30:00,123.12,06:30:00
2026-03-12 06:45:00,123.14,06:45:00
2026-03-12 07:00:00,110.62,07:00:00
2026-03-12 07:15:00,110.35,07:15:00
2026-03-12 07:30:00,110.11,07:30:00
2026-03-12 07:45:00,109.78,07:45:00
2026-03-12 08:00:00,96.38,08:00:00
2026-03-12 08:15:00,95.87,08:15:00
2026-03-12 08:30:00,87.58,08:30:00
2026-03-12 08:45:00,87.85,08:45:00
2026-03-12 09:00:00,89.19,09:00:00
2026-03-12 09:15:00,89.52,09:15:00
2026-03-12 09:30:00,92.27,09:30:00
2026-03-12 09:45:00,92.48,09:45:00
2026-03-12 10:00:00,94.32,10:00:00
2026-03-12 10:15:00,94.27,10:15:00
2026-03-12 10:30:00,91.98,10:30:00
2026-03-12 10:45:00,92.37,10:45:00
2026-03-12 11:00:00,95.31,11:00:00
2026-03-12 11:15:00,95.38,11:15:00
2026-03-12 11:30:00,93.99,11:30:00
2026-03-12 11:45:00,93.9,11:45:00
2026-03-12 12:00:00,91.35,12:00:00
2026-03-12 12:15:00,90.93,12:15:00
2026-03-12 12:30:00,88.44,12:30:00
2026-03-12 12:45:00,88.36,12:45:00
2026-03-12 13:00:00,88.22,13:00:00
2026-03-12 13:15:00,88.22,13:15:00
2026-03-12 13:30:00,87.16,13:30:00
2026-03-12 13:45:00,87.11,13:45:00
2026-03-12 14:00:00,87.03,14:00:00
2026-03-12 14:15:00,86.82,14:15:00
2026-03-12 14:30:00,88.47,14:30:00
2026-03-12 14:45:00,88.19,14:45:00
2026-03-12 15:00:00,89.64,15:00:00
2026-03-12 15:15:00,89.99,15:15:00
2026-03-12 15:30:00,93.85,15:30:00
2026-03-12 15:45:00,93.48,15:45:00
2026-03-12 16:00:00,95.82,16:00:00
2026-03-12 16:15:00,95.27,16:15:00
2026-03-12 16:30:00,102.95,16:30:00
2026-03-12 16:45:00,102.91,16:45:00
2026-03-12 17:00:00,110.87,17:00:00
2026-03-12 17:15:00,110.84,17:15:00
2026-03-12 17:30:00,116.45,17:30:00
2026-03-12 17:45:00,116.62,17:45:00
2026-03-12 18:00:00,119.57,18:00:00
2026-03-12 18:15:00,119.67,18:15:00
2026-03-12 18:30:00,116.45,18:30:00
2026-03-12 18:45:00,116.24,18:45:00
2026-03-12 19:00:00,115.75,19:00:00
2026-03-12 19:15:00,115.61,19:15:00
2026-03-12 19:30:00,112.59,19:30:00
2026-03-12 19:45:00,112.76,19:45:00
2026-03-12 20:00:00,110.28,20:00:00
2026-03-12 20:15:00,110.22,20:15:00
2026-03-12 20:30:00,105.96,20:30:00
2026-03-12 20:45:00,105.88,20:45:00
2026-03-12 21:00:00,97.89,21:00:00
2026-03-12 21:15:00,97.62,21:15:00
2026-03-12 21:30:00,86.76,21:30:00
2026-03-12 21:45:00,86.48,21:45:00
2026-03-12 22:00:00,88.63,22:00:00
2026-03-12 22:15:00,88.8,22:15:00
2026-03-12 22:30:00,93.04,22:30:00
2026-03-12 22:45:00,92.83,22:45:00
2026-03-12 23:00:00,87.8,23:00:00
2026-03-12 23:15:00,87.98,23:15:00
2026-03-12 23:30:00,84.72,23:30:00
2026-03-12 23:45:00,84.68,23:45:00
2026-03-13 00:00:00,87.95,00:00:00
2026-03-13 00:15:00,88.08,00:15:00
2026-03-13 00:30:00,92.37,00:30:00
2026-03-13 00:45:00,92.29,00:45:00
2026-03-13 01:00:00,95.49,01:00:00
2026-03-13 01:15:00,95.61,01:15:00
2026-03-13 01:30:00,87.27,01:30:00
2026-03-13 01:45:00,87.21,01:45:00
2026-03-13 02:00:00,90.89,02:00:00
2026-03-13 02:15:00,90.95,02:15:00
2026-03-13 02:30:00,88.24,02:30:00
2026-03-13 02:45:00,88.27,02:45:00
2026-03-13 03:00:00,88.59,03:00:00
2026-03-13 03:15:00,88.53,03:15:00
2026-03-13 03:30:00,89.7,03:30:00
2026-03-13 03:45:00,89.73,03:45:00
2026-03-13 04:00:00,88.92,04:00:00
2026-03-13 04:15:00,88.89,04:15:00
2026-03-13 04:30:00,87.78,04:30:00
2026-03-13 04:45:00,87.66,04:45:00
2026-03-13 05:00:00,86.3,05:00:00
2026-03-13 05:15:00,86.03,05:15:00
2026-03-13 05:30:00,93.36,05:30:00
2026-03-13 05:45:00,93.37,05:45:00
2026-03-13 06:00:00,90.64,06:00:00
2026-03-13 06:15:00,90.62,06:15:00
2026-03-13 06:30:00,99.11,06:30:00
2026-03-13 06:45:00,99.26,06:45:00
2026-03-13 07:00:00,96.39,07:00:00
2026-03-13 07:15:00,96.69,07:15:00
2026-03-13 07:30:00,91.96,07:30:00
2026-03-13 07:45:00,91.97,07:45:00
2026-03-13 08:00:00,93.31,08:00:00
2026-03-13 08:15:00,93.26,08:15:00
2026-03-13 08:30:00,90.2,08:30:00
2026-03-13 08:45:00,90.09,08:45:00
2026-03-13 09:00:00,84.02,09:00:00
2026-03-13 09:15:00,84.03,09:15:00
2026-03-13 09:30:00,82.3,09:30:00
2026-03-13 09:45:00,82.24,09:45:00
2026-03-13 10:00:00,75.89,10:00:00
2026-03-13 10:15:00,75.89,10:15:00
2026-03-13 10:30:00,77.47,10:30:00
2026-03-13 10:45:00,77.39,10:45:00
2026-03-13 11:00:00,73.59,11:00:00
2026-03-13 11:15:00,73.59,11:15:00
2026-03-13 11:30:00,71.84,11:30:00
2026-03-13 11:45:00,71.8,11:45:00
2026-03-13 12:00:00,71.87,12:00:00
2026-03-13 12:15:00,72.23,12:15:00
2026-03-13 12:30:00,67.19,12:30:00
2026-03-13 12:45:00,67.41,12:45:00
2026-03-13 13:00:00,65.72,13:00:00
2026-03-13 13:15:00,65.77,13:15:00
2026-03-13 13:30:00,67.88,13:30:00
2026-03-13 13:45:00,67.73,13:45:00
2026-03-13 14:00:00,73.96,14:00:00
2026-03-13 14:15:00,74.19,14:15:00
2026-03-13 14:30:00,74.52,14:30:00
2026-03-13 14:45:00,73.84,14:45:00
2026-03-13 15:00:00,85.29,15:00:00
2026-03-13 15:15:00,84.95,15:15:00
2026-03-13 15:30:00,106.68,15:30:00
2026-03-13 15:45:00,106.9,15:45:00
2026-03-13 16:00:00,133.79,16:00:00
2026-03-13 16:15:00,133.61,16:15:00
2026-03-13 16:30:00,150.42,16:30:00
2026-03-13 16:45:00,150.73,16:45:00
2026-03-13 17:00:00,171.23,17:00:00
2026-03-13 17:15:00,170.95,17:15:00
2026-03-13 17:30:00,183.2,17:30:00
2026-03-13 17:45:00,183.26,17:45:00
2026-03-13 18:00:00,191.94,18:00:00
2026-03-13 18:15:00,191.96,18:15:00
2026-03-13 18:30:00,198.99,18:30:00
2026-03-13 18:45:00,198.88,18:45:00
2026-03-13 19:00:00,198.37,19:00:00
2026-03-13 19:15:00,198.58,19:15:00
2026-03-13 19:30:00,195.12,19:30:00
2026-03-13 19:45:00,194.96,19:45:00
2026-03-13 20:00:00,200.85,20:00:00
2026-03-13 20:15:00,200.57,20:15:00
2026-03-13 20:30:00,201.11,20:30:00
2026-03-13 20:45:00,200.93,20:45:00
2026-03-13 21:00:00,196.61,21:00:00
2026-03-13 21:15:00,196.95,21:15:00
2026-03-13 21:30:00,194.91,21:30:00
2026-03-13 21:45:00,194.64,21:45:00
2026-03-13 22:00:00,198.07,22:00:00
2026-03-13 22:15:00,197.81,22:15:00
2026-03-13 22:30:00,195.12,22:30:00
2026-03-13 22:45:00,194.82,22:45:00
2026-03-13 23:00:00,189.74,23:00:00
2026-03-13 23:15:00,189.0,23:15:00
2026-03-13 23:30:00,181.89,23:30:00
2026-03-13 23:45:00,182.08,23:45:00
2026-03-14 00:00:00,178.43,00:00:00
2026-03-14 00:15:00,178.9,00:15:00
2026-03-14 00:30:00,180.02,00:30:00
2026-03-14 00:45:00,180.8,00:45:00
2026-03-14 01:00:00,185.08,01:00:00
2026-03-14 01:15:00,185.18,01:15:00
2026-03-14 01:30:00,183.62,01:30:00
2026-03-14 01:45:00,183.77,01:45:00
2026-03-14 02:00:00,184.68,02:00:00
2026-03-14 02:15:00,184.54,02:15:00
2026-03-14 02:30:00,185.88,02:30:00
2026-03-14 02:45:00,185.91,02:45:00
2026-03-14 03:00:00,187.07,03:00:00
2026-03-14 03:15:00,187.5,03:15:00
2026-03-14 03:30:00,188.46,03:30:00
2026-03-14 03:45:00,188.89,03:45:00
2026-03-14 04:00:00,186.77,04:00:00
2026-03-14 04:15:00,186.81,04:15:00
2026-03-14 04:30:00,185.43,04:30:00
2026-03-14 04:45:00,185.6,04:45:00
2026-03-14 05:00:00,190.12,05:00:00
2026-03-14 05:15:00,190.28,05:15:00
2026-03-14 05:30:00,188.99,05:30:00
2026-03-14 05:45:00,189.3,05:45:00
2026-03-14 06:00:00,192.38,06:00:00
2026-03-14 06:15:00,193.29,06:15:00
2026-03-14 06:30:00,192.9,06:30:00
2026-03-14 06:45:00,192.98,06:45:00
2026-03-14 07:00:00,190.82,07:00:00
2026-03-14 07:15:00,190.6,07:15:00
2026-03-14 07:30:00,181.86,07:30:00
2026-03-14 07:45:00,181.81,07:45:00
2026-03-14 08:00:00,174.66,08:00:00
2026-03-14 08:15:00,174.31,08:15:00
2026-03-14 08:30:00,167.35,08:30:00
2026-03-14 08:45:00,167.69,08:45:00
2026-03-14 09:00:00,159.02,09:00:00
2026-03-14 09:15:00,159.06,09:15:00
2026-03-14 09:30:00,148.86,09:30:00
2026-03-14 09:45:00,149.17,09:45:00
2026-03-14 10:00:00,140.45,10:00:00
2026-03-14 10:15:00,140.65,10:15:00
2026-03-14 10:30:00,137.97,10:30:00
2026-03-14 10:45:00,137.64,10:45:00
2026-03-14 11:00:00,128.42,11:00:00
2026-03-14 11:15:00,128.5,11:15:00
2026-03-14 11:30:00,131.58,11:30:00
2026-03-14 11:45:00,131.34,11:45:00
2026-03-14 12:00:00,132.48,12:00:00
2026-03-14 12:15:00,132.42,12:15:00
2026-03-14 12:30:00,134.14,12:30:00
2026-03-14 12:45:00,134.55,12:45:00
2026-03-14 13:00:00,135.12,13:00:00
2026-03-14 13:15:00,134.7,13:15:00
2026-03-14 13:30:00,135.57,13:30:00
2026-03-14 13:45:00,135.41,13:45:00
2026-03-14 14:00:00,142.63,14:00:00
2026-03-14 14:15:00,142.4,14:15:00
2026-03-14 14:30:00,148.76,14:30:00
2026-03-14 14:45:00,148.63,14:45:00
2026-03-14 15:00:00,161.34,15:00:00
2026-03-14 15:15:00,160.81,15:15:00
2026-03-14 15:30:00,180.43,15:30:00
2026-03-14 15:45:00,179.53,15:45:00
2026-03-14 16:00:00,205.21,16:00:00
2026-03-14 16:15:00,205.37,16:15:00
2026-03-14 16:30:00,226.33,16:30:00
2026-03-14 16:45:00,226.75,16:45:00
2026-03-14 17:00:00,247.41,17:00:00
2026-03-14 17:15:00,248.14,17:15:00
2026-03-14 17:30:00,261.18,17:30:00
2026-03-14 17:45:00,261.5,17:45:00
2026-03-14 18:00:00,268.3,18:00:00
2026-03-14 18:15:00,268.25,18:15:00
2026-03-14 18:30:00,276.25,18:30:00
2026-03-14 18:45:00,276.13,18:45:00
2026-03-14 19:00:00,271.86,19:00:00
2026-03-14 19:15:00,271.44,19:15:00
2026-03-14 19:30:00,263.77,19:30:00
2026-03-14 19:45:00,263.54,19:45:00
2026-03-14 20:00:00,263.21,20:00:00
2026-03-14 20:15:00,263.19,20:15:00
2026-03-14 20:30:00,258.48,20:30:00
2026-03-14 20:45:00,258.47,20:45:00
2026-03-14 21:00:00,255.86,21:00:00
2026-03-14 21:15:00,256.16,21:15:00
2026-03-14 21:30:00,252.4,21:30:00
2026-03-14 21:45:00,252.55,21:45:00
2026-03-14 22:00:00,246.28,22:00:00
2026-03-14 22:15:00,246.25,22:15:00
2026-03-14 22:30:00,237.93,22:30:00
2026-03-14 22:45:00,238.01,22:45:00
2026-03-14 23:00:00,228.59,23:00:00
2026-03-14 23:15:00,228.22,23:15:00
2026-03-14 23:30:00,217.23,23:30:00
2026-03-14 23:45:00,216.69,23:45:00
2026-03-15 00:00:00,208.9,00:00:00
2026-03-15 00:15:00,208.83,00:15:00
2026-03-15 00:30:00,209.45,00:30:00
2026-03-15 00:45:00,209.68,00:45:00
2026-03-15 01:00:00,206.5,01:00:00
2026-03-15 01:15:00,206.19,01:15:00
2026-03-15 01:30:00,200.43,01:30:00
2026-03-15 01:45:00,200.11,01:45:00
2026-03-15 02:00:00,190.32,02:00:00
2026-03-15 02:15:00,190.39,02:15:00
2026-03-15 02:30:00,182.6,02:30:00
2026-03-15 02:45:00,181.75,02:45:00
2026-03-15 03:00:00,167.77,03:00:00
2026-03-15 03:15:00,167.72,03:15:00
2026-03-15 03:30:00,143.03,03:30:00
2026-03-15 03:45:00,143.44,03:45:00
2026-03-15 04:00:00,145.68,04:00:00
2026-03-15 04:15:00,146.08,04:15:00
2026-03-15 04:30:00,145.44,04:30:00
2026-03-15 04:45:00,145.89,04:45:00
2026-03-15 05:00:00,146.69,05:00:00
2026-03-15 05:15:00,147.12,05:15:00
2026-03-15 05:30:00,142.35,05:30:00
2026-03-15 05:45:00,142.78,05:45:00
2026-03-15 06:00:00,139.61,06:00:00
2026-03-15 06:15:00,139.98,06:15:00
2026-03-15 06:30:00,134.17,06:30:00
2026-03-15 06:45:00,134.21,06:45:00
2026-03-15 07:00:00,118.54,07:00:00
2026-03-15 07:15:00,118.53,07:15:00
2026-03-15 07:30:00,104.7,07:30:00
2026-03-15 07:45:00,104.62,07:45:00
2026-03-15 08:00:00,86.19,08:00:00
2026-03-15 08:15:00,86.16,08:15:00
2026-03-15 08:30:00,75.39,08:30:00
2026-03-15 08:45:00,75.35,08:45:00
2026-03-15 09:00:00,59.76,09:00:00
2026-03-15 09:15:00,59.78,09:15:00
2026-03-15 09:30:00,59.83,09:30:00
2026-03-15 09:45:00,59.84,09:45:00
2026-03-15 10:00:00,58.62,10:00:00
2026-03-15 10:15:00,58.6,10:15:00
2026-03-15 10:30:00,58.15,10:30:00
2026-03-15 10:45:00,58.0,10:45:00
2026-03-15 11:00:00,54.57,11:00:00
2026-03-15 11:15:00,54.61,11:15:00
2026-03-15 11:30:00,56.14,11:30:00
2026-03-15 11:45:00,55.9,11:45:00
2026-03-15 12:00:00,58.85,12:00:00
2026-03-15 12:15:00,58.89,12:15:00
2026-03-15 12:30:00,59.32,12:30:00
2026-03-15 12:45:00,59.32,12:45:00
2026-03-15 13:00:00,61.04,13:00:00
2026-03-15 13:15:00,61.03,13:15:00
2026-03-15 13:30:00,68.56,13:30:00
2026-03-15 13:45:00,68.82,13:45:00
2026-03-15 14:00:00,75.88,14:00:00
2026-03-15 14:15:00,75.84,14:15:00
2026-03-15 14:30:00,74.52,14:30:00
2026-03-15 14:45:00,74.29,14:45:00
2026-03-15 15:00:00,76.18,15:00:00
2026-03-15 15:15:00,76.14,15:15:00
2026-03-15 15:30:00,72.64,15:30:00
2026-03-15 15:45:00,71.91,15:45:00
2026-03-15 16:00:00,79.69,16:00:00
2026-03-15 16:15:00,79.63,16:15:00
2026-03-15 16:30:00,79.57,16:30:00
2026-03-15 16:45:00,79.48,16:45:00
2026-03-15 17:00:00,86.45,17:00:00
2026-03-15 17:15:00,86.21,17:15:00
2026-03-15 17:30:00,101.33,17:30:00
2026-03-15 17:45:00,101.55,17:45:00
2026-03-15 18:00:00,112.62,18:00:00
2026-03-15 18:15:00,112.24,18:15:00
2026-03-15 18:30:00,113.54,18:30:00
2026-03-15 18:45:00,113.71,18:45:00
2026-03-15 19:00:00,108.02,19:00:00
2026-03-15 19:15:00,107.99,19:15:00
2026-03-15 19:30:00,98.54,19:30:00
2026-03-15 19:45:00,99.1,19:45:00
2026-03-15 20:00:00,92.93,20:00:00
2026-03-15 20:15:00,93.02,20:15:00
2026-03-15 20:30:00,88.56,20:30:00
2026-03-15 20:45:00,87.92,20:45:00
2026-03-15 21:00:00,85.95,21:00:00
2026-03-15 21:15:00,85.9,21:15:00
2026-03-15 21:30:00,87.69,21:30:00
2026-03-15 21:45:00,87.56,21:45:00
2026-03-15 22:00:00,94.87,22:00:00
2026-03-15 22:15:00,94.83,22:15:00
2026-03-15 22:30:00,95.38,22:30:00
2026-03-15 22:45:00,95.34,22:45:00
2026-03-15 23:00:00,94.52,23:00:00
2026-03-15 23:15:00,94.52,23:15:00
2026-03-15 23:30:00,90.43,23:30:00
2026-03-15 23:45:00,90.4,23:45:00
2026-03-16 00:00:00,90.48,00:00:00
2026-03-16 00:15:00,90.41,00:15:00
2026-03-16 00:30:00,91.41,00:30:00
2026-03-16 00:45:00,91.48,00:45:00
2026-03-16 01:00:00,92.56,01:00:00
2026-03-16 01:15:00,92.55,01:15:00
2026-03-16 01:30:00,93.82,01:30:00
2026-03-16 01:45:00,93.86,01:45:00
2026-03-16 02:00:00,92.37,02:00:00
2026-03-16 02:15:00,92.3,02:15:00
2026-03-16 02:30:00,92.56,02:30:00
2026-03-16 02:45:00,92.6,02:45:00
2026-03-16 03:00:00,93.03,03:00:00
2026-03-16 03:15:00,93.0,03:15:00
2026-03-16 03:30:00,92.69,03:30:00
2026-03-16 03:45:00,92.76,03:45:00
2026-03-16 04:00:00,95.36,04:00:00
2026-03-16 04:15:00,95.36,04:15:00
2026-03-16 04:30:00,95.05,04:30:00
2026-03-16 04:45:00,95.03,04:45:00
2026-03-16 05:00:00,97.03,05:00:00
2026-03-16 05:15:00,97.09,05:15:00
2026-03-16 05:30:00,98.7,05:30:00
2026-03-16 05:45:00,98.75,05:45:00
2026-03-16 06:00:00,100.79,06:00:00
2026-03-16 06:15:00,100.89,06:15:00
2026-03-16 06:30:00,117.12,06:30:00
2026-03-16 06:45:00,117.23,06:45:00
2026-03-16 07:00:00,114.57,07:00:00
2026-03-16 07:15:00,114.72,07:15:00
2026-03-16 07:30:00,117.26,07:30:00
2026-03-16 07:45:00,117.81,07:45:00
2026-03-16 08:00:00,119.68,08:00:00
2026-03-16 08:15:00,119.52,08:15:00
2026-03-16 08:30:00,114.93,08:30:00
2026-03-16 08:45:00,115.07,08:45:00
2026-03-16 09:00:00,112.35,09:00:00
2026-03-16 09:15:00,112.48,09:15:00
2026-03-16 09:30:00,109.39,09:30:00
2026-03-16 09:45:00,109.34,09:45:00
2026-03-16 10:00:00,107.28,10:00:00
2026-03-16 10:15:00,107.33,10:15:00
2026-03-16 10:30:00,105.35,10:30:00
2026-03-16 10:45:00,105.38,10:45:00
2026-03-16 11:00:00,105.27,11:00:00
2026-03-16 11:15:00,105.31,11:15:00
2026-03-16 11:30:00,107.0,11:30:00
2026-03-16 11:45:00,106.97,11:45:00
2026-03-16 12:00:00,108.43,12:00:00
2026-03-16 12:15:00,108.52,12:15:00
2026-03-16 12:30:00,111.76,12:30:00
2026-03-16 12:45:00,112.05,12:45:00
2026-03-16 13:00:00,114.04,13:00:00
2026-03-16 13:15:00,114.16,13:15:00
2026-03-16 13:30:00,121.04,13:30:00
2026-03-16 13:45:00,121.35,13:45:00
2026-03-16 14:00:00,126.18,14:00:00
2026-03-16 14:15:00,126.63,14:15:00
2026-03-16 14:30:00,134.95,14:30:00
2026-03-16 14:45:00,135.31,14:45:00
2026-03-16 15:00:00,142.54,15:00:00
2026-03-16 15:15:00,142.62,15:15:00
2026-03-16 15:30:00,145.47,15:30:00
2026-03-16 15:45:00,143.41,15:45:00
2026-03-16 16:00:00,147.19,16:00:00
2026-03-16 16:15:00,147.49,16:15:00
2026-03-16 16:30:00,158.2,16:30:00
2026-03-16 16:45:00,158.54,16:45:00
2026-03-16 17:00:00,169.95,17:00:00
2026-03-16 17:15:00,170.35,17:15:00
2026-03-16 17:30:00,173.29,17:30:00
2026-03-16 17:45:00,173.5,17:45:00
2026-03-16 18:00:00,188.92,18:00:00
2026-03-16 18:15:00,188.93,18:15:00
2026-03-16 18:30:00,191.02,18:30:00
2026-03-16 18:45:00,191.02,18:45:00
2026-03-16 19:00:00,179.33,19:00:00
2026-03-16 19:15:00,179.29,19:15:00
2026-03-16 19:30:00,170.35,19:30:00
2026-03-16 19:45:00,170.62,19:45:00
2026-03-16 20:00:00,166.54,20:00:00
2026-03-16 20:15:00,166.72,20:15:00
2026-03-16 20:30:00,156.92,20:30:00
2026-03-16 20:45:00,157.0,20:45:00
2026-03-16 21:00:00,144.54,21:00:00
2026-03-16 21:15:00,144.61,21:15:00
2026-03-16 21:30:00,133.17,21:30:00
2026-03-16 21:45:00,133.33,21:45:00
2026-03-16 22:00:00,116.54,22:00:00
2026-03-16 22:15:00,116.75,22:15:00
2026-03-16 22:30:00,111.21,22:30:00
2026-03-16 22:45:00,111.31,22:45:00
2026-03-16 23:00:00,110.34,23:00:00
2026-03-16 23:15:00,110.26,23:15:00
2026-03-16 23:30:00,113.3,23:30:00
2026-03-16 23:45:00,113.24,23:45:00
2026-03-17 00:00:00,106.26,00:00:00
2026-03-17 00:15:00,106.28,00:15:00
2026-03-17 00:30:00,110.09,00:30:00
2026-03-17 00:45:00,110.02,00:45:00
2026-03-17 01:00:00,109.11,01:00:00
2026-03-17 01:15:00,109.08,01:15:00
2026-03-17 01:30:00,104.02,01:30:00
2026-03-17 01:45:00,103.95,01:45:00
2026-03-17 02:00:00,101.0,02:00:00
2026-03-17 02:15:00,101.01,02:15:00
2026-03-17 02:30:00,102.11,02:30:00
2026-03-17 02:45:00,102.08,02:45:00
2026-03-17 03:00:00,99.93,03:00:00
2026-03-17 03:15:00,99.91,03:15:00
2026-03-17 03:30:00,97.81,03:30:00
2026-03-17 03:45:00,97.87,03:45:00
2026-03-17 04:00:00,99.95,04:00:00
2026-03-17 04:15:00,99.98,04:15:00
2026-03-17 04:30:00,103.24,04:30:00
2026-03-17 04:45:00,103.3,04:45:00
2026-03-17 05:00:00,116.51,05:00:00
2026-03-17 05:15:00,116.58,05:15:00
2026-03-17 05:30:00,121.79,05:30:00
2026-03-17 05:45:00,121.84,05:45:00
2026-03-17 06:00:00,132.08,06:00:00
2026-03-17 06:15:00,132.08,06:15:00
2026-03-17 06:30:00,142.31,06:30:00
2026-03-17 06:45:00,142.0,06:45:00
2026-03-17 07:00:00,136.15,07:00:00
2026-03-17 07:15:00,135.72,07:15:00
2026-03-17 07:30:00,133.09,07:30:00
2026-03-17 07:45:00,133.18,07:45:00
2026-03-17 08:00:00,116.96,08:00:00
2026-03-17 08:15:00,116.92,08:15:00
2026-03-17 08:30:00,108.18,08:30:00
2026-03-17 08:45:00,108.21,08:45:00
2026-03-17 09:00:00,99.39,09:00:00
2026-03-17 09:15:00,99.41,09:15:00
2026-03-17 09:30:00,91.76,09:30:00
2026-03-17 09:45:00,91.78,09:45:00
2026-03-17 10:00:00,88.66,10:00:00
2026-03-17 10:15:00,88.64,10:15:00
2026-03-17 10:30:00,97.22,10:30:00
2026-03-17 10:45:00,97.24,10:45:00
2026-03-17 11:00:00,79.85,11:00:00
2026-03-17 11:15:00,79.91,11:15:00
2026-03-17 11:30:00,73.15,11:30:00
2026-03-17 11:45:00,73.16,11:45:00
2026-03-17 12:00:00,73.1,12:00:00
2026-03-17 12:15:00,73.1,12:15:00
2026-03-17 12:30:00,73.05,12:30:00
2026-03-17 12:45:00,73.06,12:45:00
2026-03-17 13:00:00,73.05,13:00:00
2026-03-17 13:15:00,73.06,13:15:00
2026-03-17 13:30:00,71.31,13:30:00
2026-03-17 13:45:00,71.32,13:45:00
2026-03-17 14:00:00,73.95,14:00:00
2026-03-17 14:15:00,73.86,14:15:00
2026-03-17 14:30:00,76.69,14:30:00
2026-03-17 14:45:00,76.71,14:45:00
2026-03-17 15:00:00,81.51,15:00:00
2026-03-17 15:15:00,81.49,15:15:00
2026-03-17 15:30:00,91.17,15:30:00
2026-03-17 15:45:00,91.05,15:45:00
2026-03-17 16:00:00,103.2,16:00:00
2026-03-17 16:15:00,102.97,16:15:00
2026-03-17 16:30:00,119.5,16:30:00
2026-03-17 16:45:00,119.37,16:45:00
2026-03-17 17:00:00,140.29,17:00:00
2026-03-17 17:15:00,140.56,17:15:00
2026-03-17 17:30:00,163.85,17:30:00
2026-03-17 17:45:00,163.81,17:45:00
2026-03-17 18:00:00,180.23,18:00:00
2026-03-17 18:15:00,179.82,18:15:00
2026-03-17 18:30:00,181.36,18:30:00
2026-03-17 18:45:00,181.25,18:45:00
2026-03-17 19:00:00,172.83,19:00:00
2026-03-17 19:15:00,172.63,19:15:00
2026-03-17 19:30:00,170.96,19:30:00
2026-03-17 19:45:00,170.25,19:45:00
2026-03-17 20:00:00,171.38,20:00:00
2026-03-17 20:15:00,171.43,20:15:00
2026-03-17 20:30:00,169.03,20:30:00
2026-03-17 20:45:00,168.89,20:45:00
2026-03-17 21:00:00,160.57,21:00:00
2026-03-17 21:15:00,160.45,21:15:00
2026-03-17 21:30:00,152.26,21:30:00
2026-03-17 21:45:00,151.82,21:45:00
2026-03-17 22:00:00,147.46,22:00:00
2026-03-17 22:15:00,147.58,22:15:00
2026-03-17 22:30:00,143.84,22:30:00
2026-03-17 22:45:00,144.88,22:45:00
2026-03-17 23:00:00,140.03,23:00:00
2026-03-17 23:15:00,140.42,23:15:00
2026-03-17 23:30:00,146.18,23:30:00
2026-03-17 23:45:00,146.39,23:45:00
2026-03-18 00:00:00,163.77,00:00:00
2026-03-18 00:15:00,164.76,00:15:00
2026-03-18 00:30:00,166.63,00:30:00
2026-03-18 00:45:00,166.35,00:45:00
2026-03-18 01:00:00,172.89,01:00:00
2026-03-18 01:15:00,173.12,01:15:00
2026-03-18 01:30:00,174.57,01:30:00
2026-03-18 01:45:00,174.66,01:45:00
2026-03-18 02:00:00,179.8,02:00:00
2026-03-18 02:15:00,179.11,02:15:00
2026-03-18 02:30:00,182.46,02:30:00
2026-03-18 02:45:00,182.35,02:45:00
2026-03-18 03:00:00,178.7,03:00:00
2026-03-18 03:15:00,178.3,03:15:00
2026-03-18 03:30:00,178.99,03:30:00
2026-03-18 03:45:00,177.91,03:45:00
2026-03-18 04:00:00,177.27,04:00:00
2026-03-18 04:15:00,176.85,04:15:00
2026-03-18 04:30:00,178.64,04:30:00
2026-03-18 04:45:00,177.45,04:45:00
2026-03-18 05:00:00,188.14,05:00:00
2026-03-18 05:15:00,187.9,05:15:00
2026-03-18 05:30:00,196.33,05:30:00
2026-03-18 05:45:00,196.4,05:45:00
2026-03-18 06:00:00,205.79,06:00:00
2026-03-18 06:15:00,206.1,06:15:00
2026-03-18 06:30:00,213.71,06:30:00
2026-03-18 06:45:00,214.05,06:45:00
2026-03-18 07:00:00,214.88,07:00:00
2026-03-18 07:15:00,214.93,07:15:00
2026-03-18 07:30:00,205.23,07:30:00
2026-03-18 07:45:00,204.67,07:45:00
2026-03-18 08:00:00,191.1,08:00:00
2026-03-18 08:15:00,190.68,08:15:00
2026-03-18 08:30:00,178.95,08:30:00
2026-03-18 08:45:00,179.25,08:45:00
2026-03-18 09:00:00,169.69,09:00:00
2026-03-18 09:15:00,170.38,09:15:00
2026-03-18 09:30:00,160.52,09:30:00
2026-03-18 09:45:00,160.52,09:45:00
2026-03-18 10:00:00,147.18,10:00:00
2026-03-18 10:15:00,147.26,10:15:00
2026-03-18 10:30:00,139.62,10:30:00
2026-03-18 10:45:00,139.84,10:45:00
2026-03-18 11:00:00,137.11,11:00:00
2026-03-18 11:15:00,137.24,11:15:00
2026-03-18 11:30:00,136.6,11:30:00
2026-03-18 11:45:00,136.36,11:45:00
2026-03-18 12:00:00,134.15,12:00:00
2026-03-18 12:15:00,134.11,12:15:00
2026-03-18 12:30:00,134.04,12:30:00
2026-03-18 12:45:00,133.97,12:45:00
2026-03-18 13:00:00,136.74,13:00:00
2026-03-18 13:15:00,136.7,13:15:00
2026-03-18 13:30:00,140.67,13:30:00
2026-03-18 13:45:00,140.55,13:45:00
2026-03-18 14:00:00,141.49,14:00:00
2026-03-18 14:15:00,140.6,14:15:00
2026-03-18 14:30:00,144.08,14:30:00
2026-03-18 14:45:00,144.62,14:45:00
2026-03-18 15:00:00,158.56,15:00:00
2026-03-18 15:15:00,158.37,15:15:00
2026-03-18 15:30:00,176.62,15:30:00
2026-03-18 15:45:00,173.85,15:45:00
2026-03-18 16:00:00,202.54,16:00:00
2026-03-18 16:15:00,202.08,16:15:00
2026-03-18 16:30:00,224.12,16:30:00
2026-03-18 16:45:00,224.32,16:45:00
2026-03-18 17:00:00,245.92,17:00:00
2026-03-18 17:15:00,245.91,17:15:00
2026-03-18 17:30:00,259.19,17:30:00
2026-03-18 17:45:00,259.54,17:45:00
2026-03-18 18:00:00,259.32,18:00:00
2026-03-18 18:15:00,258.93,18:15:00
2026-03-18 18:30:00,256.61,18:30:00
2026-03-18 18:45:00,256.64,18:45:00
2026-03-18 19:00:00,254.53,19:00:00
2026-03-18 19:15:00,253.9,19:15:00
2026-03-18 19:30:00,251.24,19:30:00
2026-03-18 19:45:00,250.83,19:45:00
2026-03-18 20:00:00,249.3,20:00:00
2026-03-18 20:15:00,248.99,20:15:00
2026-03-18 20:30:00,247.78,20:30:00
2026-03-18 20:45:00,248.12,20:45:00
2026-03-18 21:00:00,247.34,21:00:00
2026-03-18 21:15:00,247.47,21:15:00
2026-03-18 21:30:00,242.62,21:30:00
2026-03-18 21:45:00,242.58,21:45:00
2026-03-18 22:00:00,240.37,22:00:00
2026-03-18 22:15:00,240.41,22:15:00
2026-03-18 22:30:00,235.47,22:30:00
2026-03-18 22:45:00,235.98,22:45:00
2026-03-18 23:00:00,236.31,23:00:00
2026-03-18 23:15:00,237.25,23:15:00
2026-03-18 23:30:00,240.21,23:30:00
2026-03-18 23:45:00,240.46,23:45:00
2026-03-19 00:00:00,243.22,00:00:00
2026-03-19 00:15:00,243.1,00:15:00
2026-03-19 00:30:00,242.56,00:30:00
2026-03-19 00:45:00,242.3,00:45:00
2026-03-19 01:00:00,249.58,01:00:00
2026-03-19 01:15:00,249.62,01:15:00
2026-03-19 01:30:00,252.5,01:30:00
2026-03-19 01:45:00,252.66,01:45:00
2026-03-19 02:00:00,259.04,02:00:00
2026-03-19 02:15:00,259.75,02:15:00
2026-03-19 02:30:00,261.24,02:30:00
2026-03-19 02:45:00,261.02,02:45:00
2026-03-19 03:00:00,266.25,03:00:00
2026-03-19 03:15:00,266.33,03:15:00
2026-03-19 03:30:00,267.02,03:30:00
2026-03-19 03:45:00,266.93,03:45:00
2026-03-19 04:00:00,270.35,04:00:00
2026-03-19 04:15:00,270.06,04:15:00
2026-03-19 04:30:00,271.94,04:30:00
2026-03-19 04:45:00,271.39,04:45:00
2026-03-19 05:00:00,268.51,05:00:00
2026-03-19 05:15:00,268.03,05:15:00
2026-03-19 05:30:00,269.13,05:30:00
2026-03-19 05:45:00,269.23,05:45:00
2026-03-19 06:00:00,270.14,06:00:00
2026-03-19 06:15:00,270.04,06:15:00
2026-03-19 06:30:00,272.54,06:30:00
2026-03-19 06:45:00,272.44,06:45:00
2026-03-19 07:00:00,265.19,07:00:00
2026-03-19 07:15:00,265.71,07:15:00
2026-03-19 07:30:00,254.91,07:30:00
2026-03-19 07:45:00,255.43,07:45:00
2026-03-19 08:00:00,239.38,08:00:00
2026-03-19 08:15:00,238.71,08:15:00
2026-03-19 08:30:00,225.99,08:30:00
2026-03-19 08:45:00,225.74,08:45:00
2026-03-19 09:00:00,214.62,09:00:00
2026-03-19 09:15:00,214.38,09:15:00
2026-03-19 09:30:00,200.84,09:30:00
2026-03-19 09:45:00,201.34,09:45:00
2026-03-19 10:00:00,190.72,10:00:00
2026-03-19 10:15:00,190.55,10:15:00
2026-03-19 10:30:00,180.72,10:30:00
2026-03-19 10:45:00,180.05,10:45:00
2026-03-19 11:00:00,175.64,11:00:00
2026-03-19 11:15:00,175.73,11:15:00
2026-03-19 11:30:00,171.4,11:30:00
2026-03-19 11:45:00,171.52,11:45:00
2026-03-19 12:00:00,169.74,12:00:00
2026-03-19 12:15:00,169.68,12:15:00
2026-03-19 12:30:00,170.94,12:30:00
2026-03-19 12:45:00,170.98,12:45:00
2026-03-19 13:00:00,175.27,13:00:00
2026-03-19 13:15:00,176.11,13:15:00
2026-03-19 13:30:00,180.12,13:30:00
2026-03-19 13:45:00,180.37,13:45:00
2026-03-19 14:00:00,185.55,14:00:00
2026-03-19 14:15:00,185.41,14:15:00
2026-03-19 14:30:00,192.05,14:30:00
2026-03-19 14:45:00,190.67,14:45:00
2026-03-19 15:00:00,205.05,15:00:00
2026-03-19 15:15:00,204.7,15:15:00
2026-03-19 15:30:00,224.57,15:30:00
2026-03-19 15:45:00,222.85,15:45:00
2026-03-19 16:00:00,239.81,16:00:00
2026-03-19 16:15:00,239.75,16:15:00
2026-03-19 16:30:00,256.9,16:30:00
2026-03-19 16:45:00,257.01,16:45:00
2026-03-19 17:00:00,271.43,17:00:00
2026-03-19 17:15:00,271.81,17:15:00
2026-03-19 17:30:00,281.47,17:30:00
2026-03-19 17:45:00,281.55,17:45:00
2026-03-19 18:00:00,284.34,18:00:00
2026-03-19 18:15:00,284.21,18:15:00
2026-03-19 18:30:00,282.78,18:30:00
2026-03-19 18:45:00,282.63,18:45:00
2026-03-19 19:00:00,276.66,19:00:00
2026-03-19 19:15:00,276.43,19:15:00
2026-03-19 19:30:00,273.65,19:30:00
2026-03-19 19:45:00,273.42,19:45:00
2026-03-19 20:00:00,274.69,20:00:00
2026-03-19 20:15:00,274.45,20:15:00
2026-03-19 20:30:00,275.17,20:30:00
2026-03-19 20:45:00,274.63,20:45:00
2026-03-19 21:00:00,273.19,21:00:00
2026-03-19 21:15:00,273.0,21:15:00
2026-03-19 21:30:00,267.24,21:30:00
2026-03-19 21:45:00,267.39,21:45:00
2026-03-19 22:00:00,265.97,22:00:00
2026-03-19 22:15:00,266.39,22:15:00
2026-03-19 22:30:00,263.96,22:30:00
2026-03-19 22:45:00,263.86,22:45:00
2026-03-19 23:00:00,260.34,23:00:00
2026-03-19 23:15:00,260.26,23:15:00
2026-03-19 23:30:00,252.81,23:30:00
2026-03-19 23:45:00,252.98,23:45:00
2026-03-20 00:00:00,251.45,00:00:00
2026-03-20 00:15:00,251.37,00:15:00
2026-03-20 00:30:00,251.23,00:30:00
2026-03-20 00:45:00,251.2,00:45:00
2026-03-20 01:00:00,252.88,01:00:00
2026-03-20 01:15:00,252.63,01:15:00
2026-03-20 01:30:00,252.28,01:30:00
2026-03-20 01:45:00,252.12,01:45:00
2026-03-20 02:00:00,252.81,02:00:00
2026-03-20 02:15:00,252.98,02:15:00
2026-03-20 02:30:00,252.65,02:30:00
2026-03-20 02:45:00,252.46,02:45:00
2026-03-20 03:00:00,251.05,03:00:00
2026-03-20 03:15:00,251.08,03:15:00
2026-03-20 03:30:00,249.91,03:30:00
2026-03-20 03:45:00,248.89,03:45:00
2026-03-20 04:00:00,247.58,04:00:00
2026-03-20 04:15:00,247.6,04:15:00
2026-03-20 04:30:00,250.98,04:30:00
2026-03-20 04:45:00,252.18,04:45:00
2026-03-20 05:00:00,257.36,05:00:00
2026-03-20 05:15:00,257.91,05:15:00
2026-03-20 05:30:00,263.1,05:30:00
2026-03-20 05:45:00,263.56,05:45:00
2026-03-20 06:00:00,263.83,06:00:00
2026-03-20 06:15:00,263.59,06:15:00
2026-03-20 06:30:00,263.39,06:30:00
2026-03-20 06:45:00,263.19,06:45:00
2026-03-20 07:00:00,257.89,07:00:00
2026-03-20 07:15:00,259.12,07:15:00
2026-03-20 07:30:00,252.62,07:30:00
2026-03-20 07:45:00,252.42,07:45:00
2026-03-20 08:00:00,241.95,08:00:00
2026-03-20 08:15:00,241.61,08:15:00
2026-03-20 08:30:00,235.73,08:30:00
2026-03-20 08:45:00,235.98,08:45:00
2026-03-20 09:00:00,228.97,09:00:00
2026-03-20 09:15:00,229.46,09:15:00
2026-03-20 09:30:00,224.25,09:30:00
2026-03-20 09:45:00,223.85,09:45:00
2026-03-20 10:30:00,200.76,10:30:00
2026-03-20 10:45:00,200.67,10:45:00
2026-03-20 11:00:00,192.13,11:00:00
2026-03-20 11:15:00,192.01,11:15:00
2026-03-20 11:30:00,189.37,11:30:00
2026-03-20 11:45:00,189.39,11:45:00
2026-03-20 12:00:00,187.57,12:00:00
2026-03-20 12:15:00,187.77,12:15:00
2026-03-20 12:30:00,187.9,12:30:00
2026-03-20 12:45:00,187.68,12:45:00
2026-03-20 13:00:00,189.91,13:00:00
2026-03-20 13:15:00,189.72,13:15:00
2026-03-20 13:30:00,192.23,13:30:00
2026-03-20 13:45:00,192.85,13:45:00
2026-03-20 14:00:00,197.38,14:00:00
2026-03-20 14:15:00,197.51,14:15:00
2026-03-20 14:30:00,202.82,14:30:00
2026-03-20 14:45:00,202.39,14:45:00
2026-03-20 15:00:00,211.73,15:00:00
2026-03-20 15:15:00,210.89,15:15:00
2026-03-20 15:30:00,221.91,15:30:00
2026-03-20 15:45:00,220.55,15:45:00
2026-03-20 16:00:00,237.71,16:00:00
2026-03-20 16:15:00,237.65,16:15:00
2026-03-20 16:30:00,253.25,16:30:00
2026-03-20 16:45:00,253.48,16:45:00
2026-03-20 17:00:00,263.24,17:00:00
2026-03-20 17:15:00,263.63,17:15:00
2026-03-20 17:30:00,275.61,17:30:00
2026-03-20 17:45:00,275.89,17:45:00
2026-03-20 18:00:00,276.38,18:00:00
2026-03-20 18:15:00,276.62,18:15:00
2026-03-20 18:30:00,275.9,18:30:00
2026-03-20 18:45:00,275.74,18:45:00
2026-03-20 19:00:00,274.45,19:00:00
2026-03-20 19:15:00,274.59,19:15:00
2026-03-20 19:30:00,273.59,19:30:00
2026-03-20 19:45:00,273.03,19:45:00
2026-03-20 20:00:00,273.94,20:00:00
2026-03-20 20:15:00,273.84,20:15:00
2026-03-20 20:30:00,270.42,20:30:00
2026-03-20 20:45:00,270.55,20:45:00
2026-03-20 21:00:00,271.25,21:00:00
2026-03-20 21:15:00,271.03,21:15:00
2026-03-20 21:30:00,270.74,21:30:00
2026-03-20 21:45:00,270.32,21:45:00
2026-03-20 22:00:00,267.06,22:00:00
2026-03-20 22:15:00,266.98,22:15:00
2026-03-20 22:30:00,263.78,22:30:00
2026-03-20 22:45:00,263.16,22:45:00
2026-03-20 23:00:00,261.57,23:00:00
2026-03-20 23:15:00,261.39,23:15:00
2026-03-20 23:30:00,260.16,23:30:00
2026-03-20 23:45:00,260.24,23:45:00
2026-03-21 00:00:00,264.81,00:00:00
2026-03-21 00:15:00,264.28,00:15:00
2026-03-21 00:30:00,265.23,00:30:00
2026-03-21 00:45:00,265.25,00:45:00
2026-03-21 01:00:00,270.07,01:00:00
2026-03-21 01:15:00,269.7,01:15:00
2026-03-21 01:30:00,270.51,01:30:00
2026-03-21 01:45:00,269.92,01:45:00
2026-03-21 02:00:00,268.3,02:00:00
2026-03-21 02:15:00,268.34,02:15:00
2026-03-21 02:30:00,266.45,02:30:00
2026-03-21 02:45:00,266.47,02:45:00
2026-03-21 03:00:00,268.53,03:00:00
2026-03-21 03:15:00,268.45,03:15:00
2026-03-21 03:30:00,267.87,03:30:00
2026-03-21 03:45:00,267.97,03:45:00
2026-03-21 04:00:00,270.39,04:00:00
2026-03-21 04:15:00,270.3,04:15:00
2026-03-21 04:30:00,274.58,04:30:00
2026-03-21 04:45:00,274.19,04:45:00
2026-03-21 05:00:00,275.47,05:00:00
2026-03-21 05:15:00,275.75,05:15:00
2026-03-21 05:30:00,279.04,05:30:00
2026-03-21 05:45:00,279.74,05:45:00
2026-03-21 06:00:00,279.24,06:00:00
2026-03-21 06:15:00,279.38,06:15:00
2026-03-21 06:30:00,273.01,06:30:00
2026-03-21 06:45:00,273.31,06:45:00
2026-03-21 07:00:00,264.6,07:00:00
2026-03-21 07:15:00,265.12,07:15:00
2026-03-21 07:30:00,252.26,07:30:00
2026-03-21 07:45:00,252.55,07:45:00
2026-03-21 08:00:00,242.15,08:00:00
2026-03-21 08:15:00,242.2,08:15:00
2026-03-21 08:30:00,233.6,08:30:00
2026-03-21 08:45:00,233.78,08:45:00
2026-03-21 09:00:00,228.1,09:00:00
2026-03-21 09:15:00,227.59,09:15:00
2026-03-21 09:30:00,217.13,09:30:00
2026-03-21 09:45:00,217.54,09:45:00
2026-03-21 10:00:00,200.91,10:00:00
2026-03-21 10:15:00,200.39,10:15:00
2026-03-21 10:30:00,189.21,10:30:00
2026-03-21 10:45:00,189.27,10:45:00
2026-03-21 11:00:00,181.81,11:00:00
2026-03-21 11:15:00,181.55,11:15:00
2026-03-21 11:30:00,176.61,11:30:00
2026-03-21 11:45:00,176.86,11:45:00
2026-03-21 12:00:00,174.99,12:00:00
2026-03-21 12:15:00,175.58,12:15:00
2026-03-21 12:30:00,174.15,12:30:00
2026-03-21 12:45:00,174.28,12:45:00
2026-03-21 13:00:00,173.33,13:00:00
2026-03-21 13:15:00,173.64,13:15:00
2026-03-21 13:30:00,172.65,13:30:00
2026-03-21 13:45:00,172.72,13:45:00
2026-03-21 14:00:00,179.11,14:00:00
2026-03-21 14:15:00,179.21,14:15:00
2026-03-21 14:30:00,184.3,14:30:00
2026-03-21 14:45:00,182.8,14:45:00
2026-03-21 15:00:00,192.0,15:00:00
2026-03-21 15:15:00,191.28,15:15:00
2026-03-21 15:30:00,202.88,15:30:00
2026-03-21 15:45:00,201.8,15:45:00
2026-03-21 16:00:00,217.88,16:00:00
2026-03-21 16:15:00,217.25,16:15:00
2026-03-21 16:30:00,241.73,16:30:00
2026-03-21 16:45:00,241.82,16:45:00
2026-03-21 17:00:00,254.84,17:00:00
2026-03-21 17:15:00,255.0,17:15:00
2026-03-21 17:30:00,271.04,17:30:00
2026-03-21 17:45:00,271.43,17:45:00
2026-03-21 18:00:00,277.48,18:00:00
2026-03-21 18:15:00,277.57,18:15:00
2026-03-21 18:30:00,276.9,18:30:00
2026-03-21 18:45:00,276.96,18:45:00
2026-03-21 19:00:00,274.51,19:00:00
2026-03-21 19:15:00,274.21,19:15:00
2026-03-21 19:30:00,268.22,19:30:00
2026-03-21 19:45:00,268.16,19:45:00
2026-03-21 20:00:00,262.58,20:00:00
2026-03-21 20:15:00,262.76,20:15:00
2026-03-21 20:30:00,259.28,20:30:00
2026-03-21 20:45:00,259.43,20:45:00
2026-03-21 21:00:00,256.93,21:00:00
2026-03-21 21:15:00,256.82,21:15:00
2026-03-21 21:30:00,254.73,21:30:00
2026-03-21 21:45:00,255.2,21:45:00
2026-03-21 22:00:00,250.93,22:00:00
2026-03-21 22:15:00,251.63,22:15:00
2026-03-21 22:30:00,243.95,22:30:00
2026-03-21 22:45:00,244.22,22:45:00
2026-03-21 23:00:00,229.4,23:00:00
2026-03-21 23:15:00,229.51,23:15:00
2026-03-21 23:30:00,226.84,23:30:00
2026-03-21 23:45:00,226.28,23:45:00
2026-03-22 00:00:00,218.89,00:00:00
2026-03-22 00:15:00,219.09,00:15:00
2026-03-22 00:30:00,220.58,00:30:00
2026-03-22 00:45:00,220.38,00:45:00
2026-03-22 01:00:00,218.28,01:00:00
2026-03-22 01:15:00,218.12,01:15:00
2026-03-22 01:30:00,214.27,01:30:00
2026-03-22 01:45:00,214.1,01:45:00
2026-03-22 02:00:00,212.2,02:00:00
2026-03-22 02:15:00,212.05,02:15:00
2026-03-22 02:30:00,209.65,02:30:00
2026-03-22 02:45:00,209.84,02:45:00
2026-03-22 03:00:00,204.9,03:00:00
2026-03-22 03:15:00,204.28,03:15:00
2026-03-22 03:30:00,202.44,03:30:00
2026-03-22 03:45:00,202.14,03:45:00
2026-03-22 04:00:00,202.44,04:00:00
2026-03-22 04:15:00,202.6,04:15:00
2026-03-22 04:30:00,205.16,04:30:00
2026-03-22 04:45:00,204.57,04:45:00
2026-03-22 05:00:00,209.56,05:00:00
2026-03-22 05:15:00,209.93,05:15:00
2026-03-22 05:30:00,211.05,05:30:00
2026-03-22 05:45:00,209.79,05:45:00
2026-03-22 06:00:00,205.63,06:00:00
2026-03-22 06:15:00,206.29,06:15:00
2026-03-22 06:30:00,201.88,06:30:00
2026-03-22 06:45:00,199.9,06:45:00
2026-03-22 07:00:00,190.19,07:00:00
2026-03-22 07:15:00,189.93,07:15:00
2026-03-22 07:30:00,180.72,07:30:00
2026-03-22 07:45:00,180.81,07:45:00
2026-03-22 08:00:00,175.0,08:00:00
2026-03-22 08:15:00,174.88,08:15:00
2026-03-22 08:30:00,168.88,08:30:00
2026-03-22 08:45:00,168.93,08:45:00
2026-03-22 09:00:00,166.38,09:00:00
2026-03-22 09:15:00,166.58,09:15:00
2026-03-22 09:30:00,161.0,09:30:00
2026-03-22 09:45:00,161.41,09:45:00
2026-03-22 10:00:00,155.32,10:00:00
2026-03-22 10:15:00,155.71,10:15:00
2026-03-22 10:30:00,152.05,10:30:00
2026-03-22 10:45:00,151.93,10:45:00
2026-03-22 11:00:00,148.28,11:00:00
2026-03-22 11:15:00,148.58,11:15:00
2026-03-22 11:30:00,148.99,11:30:00
2026-03-22 11:45:00,148.89,11:45:00
2026-03-22 12:00:00,151.83,12:00:00
2026-03-22 12:15:00,151.94,12:15:00
2026-03-22 12:30:00,154.24,12:30:00
2026-03-22 12:45:00,153.9,12:45:00
2026-03-22 13:00:00,158.19,13:00:00
2026-03-22 13:15:00,157.76,13:15:00
2026-03-22 13:30:00,162.46,13:30:00
2026-03-22 13:45:00,162.2,13:45:00
2026-03-22 14:00:00,168.93,14:00:00
2026-03-22 14:15:00,168.74,14:15:00
2026-03-22 14:30:00,179.06,14:30:00
2026-03-22 14:45:00,179.14,14:45:00
2026-03-22 15:00:00,190.35,15:00:00
2026-03-22 15:15:00,190.2,15:15:00
2026-03-22 15:30:00,203.89,15:30:00
2026-03-22 15:45:00,204.44,15:45:00
2026-03-22 16:00:00,219.6,16:00:00
2026-03-22 16:15:00,219.61,16:15:00
2026-03-22 16:30:00,232.52,16:30:00
2026-03-22 16:45:00,233.2,16:45:00
2026-03-22 17:00:00,244.9,17:00:00
2026-03-22 17:15:00,245.44,17:15:00
2026-03-22 17:30:00,253.59,17:30:00
2026-03-22 17:45:00,253.96,17:45:00
2026-03-22 18:00:00,259.54,18:00:00
2026-03-22 18:15:00,259.97,18:15:00
2026-03-22 18:30:00,259.31,18:30:00
2026-03-22 18:45:00,259.18,18:45:00
2026-03-22 19:00:00,263.1,19:00:00
2026-03-22 19:15:00,262.87,19:15:00
2026-03-22 19:30:00,259.92,19:30:00
2026-03-22 19:45:00,259.68,19:45:00
2026-03-22 20:00:00,259.51,20:00:00
2026-03-22 20:15:00,259.11,20:15:00
2026-03-22 20:30:00,256.6,20:30:00
2026-03-22 20:45:00,256.39,20:45:00
2026-03-22 21:00:00,253.88,21:00:00
2026-03-22 21:15:00,253.79,21:15:00
2026-03-22 21:30:00,253.37,21:30:00
2026-03-22 21:45:00,253.45,21:45:00
2026-03-22 22:00:00,250.78,22:00:00
2026-03-22 22:15:00,251.04,22:15:00
2026-03-22 22:30:00,245.46,22:30:00
2026-03-22 22:45:00,245.64,22:45:00
2026-03-22 23:00:00,244.55,23:00:00
2026-03-22 23:15:00,244.98,23:15:00
2026-03-22 23:30:00,244.85,23:30:00
2026-03-22 23:45:00,245.01,23:45:00
2026-03-23 00:00:00,243.26,00:00:00
2026-03-23 00:15:00,243.15,00:15:00
2026-03-23 00:30:00,243.07,00:30:00
2026-03-23 00:45:00,243.17,00:45:00
2026-03-23 01:00:00,249.21,01:00:00
2026-03-23 01:15:00,249.42,01:15:00
2026-03-23 01:30:00,249.51,01:30:00
2026-03-23 01:45:00,249.3,01:45:00
2026-03-23 02:00:00,245.96,02:00:00
2026-03-23 02:15:00,245.76,02:15:00
2026-03-23 02:30:00,247.54,02:30:00
2026-03-23 02:45:00,247.19,02:45:00
2026-03-23 03:00:00,252.03,03:00:00
2026-03-23 03:15:00,251.99,03:15:00
2026-03-23 03:30:00,256.19,03:30:00
2026-03-23 03:45:00,255.18,03:45:00
2026-03-23 04:00:00,257.39,04:00:00
2026-03-23 04:15:00,257.8,04:15:00
2026-03-23 04:30:00,261.72,04:30:00
2026-03-23 04:45:00,262.21,04:45:00
2026-03-23 05:00:00,277.18,05:00:00
2026-03-23 05:15:00,277.44,05:15:00
2026-03-23 05:30:00,281.88,05:30:00
2026-03-23 05:45:00,282.01,05:45:00
2026-03-23 06:00:00,299.61,06:00:00
2026-03-23 06:15:00,299.6,06:15:00
2026-03-23 06:30:00,302.29,06:30:00
2026-03-23 06:45:00,302.38,06:45:00
2026-03-23 07:00:00,283.35,07:00:00
2026-03-23 07:15:00,283.05,07:15:00
2026-03-23 07:30:00,278.34,07:30:00
2026-03-23 07:45:00,278.11,07:45:00
2026-03-23 08:00:00,270.83,08:00:00
2026-03-23 08:15:00,270.79,08:15:00
2026-03-23 08:30:00,262.11,08:30:00
2026-03-23 08:45:00,262.08,08:45:00
2026-03-23 09:00:00,252.94,09:00:00
2026-03-23 09:15:00,253.18,09:15:00
2026-03-23 09:30:00,239.96,09:30:00
2026-03-23 09:45:00,239.73,09:45:00
2026-03-23 10:00:00,225.21,10:00:00
2026-03-23 10:15:00,224.76,10:15:00
2026-03-23 10:30:00,209.6,10:30:00
2026-03-23 10:45:00,209.33,10:45:00
2026-03-23 11:00:00,197.92,11:00:00
2026-03-23 11:15:00,197.79,11:15:00
2026-03-23 11:30:00,188.9,11:30:00
2026-03-23 11:45:00,189.18,11:45:00
2026-03-23 12:00:00,188.42,12:00:00
2026-03-23 12:15:00,188.45,12:15:00
2026-03-23 12:30:00,188.18,12:30:00
2026-03-23 12:45:00,188.33,12:45:00
2026-03-23 13:00:00,187.76,13:00:00
2026-03-23 13:15:00,187.78,13:15:00
2026-03-23 13:30:00,189.34,13:30:00
2026-03-23 13:45:00,189.17,13:45:00
2026-03-23 14:00:00,191.11,14:00:00
2026-03-23 14:15:00,191.26,14:15:00
2026-03-23 14:30:00,196.5,14:30:00
2026-03-23 14:45:00,193.76,14:45:00
2026-03-23 15:00:00,197.49,15:00:00
2026-03-23 15:15:00,196.73,15:15:00
2026-03-23 15:30:00,202.06,15:30:00
2026-03-23 15:45:00,201.8,15:45:00
2026-03-23 16:00:00,204.82,16:00:00
2026-03-23 16:15:00,204.47,16:15:00
2026-03-23 16:30:00,213.29,16:30:00
2026-03-23 16:45:00,213.63,16:45:00
2026-03-23 17:00:00,227.71,17:00:00
2026-03-23 17:15:00,228.09,17:15:00
2026-03-23 17:30:00,227.81,17:30:00
2026-03-23 17:45:00,228.17,17:45:00
2026-03-23 18:00:00,235.04,18:00:00
2026-03-23 18:15:00,235.05,18:15:00
2026-03-23 18:30:00,235.15,18:30:00
2026-03-23 18:45:00,235.2,18:45:00
2026-03-23 19:00:00,222.33,19:00:00
2026-03-23 19:15:00,222.35,19:15:00
2026-03-23 19:30:00,214.87,19:30:00
2026-03-23 19:45:00,215.19,19:45:00
2026-03-23 20:00:00,203.36,20:00:00
2026-03-23 20:15:00,203.51,20:15:00
2026-03-23 20:30:00,192.86,20:30:00
2026-03-23 20:45:00,192.99,20:45:00
2026-03-23 21:00:00,184.98,21:00:00
2026-03-23 21:15:00,185.17,21:15:00
2026-03-23 21:30:00,174.51,21:30:00
2026-03-23 21:45:00,174.73,21:45:00
2026-03-23 22:00:00,166.78,22:00:00
2026-03-23 22:15:00,167.12,22:15:00
2026-03-23 22:30:00,149.25,22:30:00
2026-03-23 22:45:00,149.2,22:45:00
2026-03-23 23:00:00,126.39,23:00:00
2026-03-23 23:15:00,126.39,23:15:00
2026-03-23 23:30:00,113.99,23:30:00
2026-03-23 23:45:00,113.96,23:45:00
2026-03-24 00:00:00,107.45,00:00:00
2026-03-24 00:15:00,107.39,00:15:00
2026-03-24 00:30:00,106.7,00:30:00
2026-03-24 00:45:00,106.66,00:45:00
2026-03-24 01:00:00,109.6,01:00:00
2026-03-24 01:15:00,109.46,01:15:00
2026-03-24 01:30:00,107.0,01:30:00
2026-03-24 01:45:00,106.85,01:45:00
2026-03-24 02:00:00,103.87,02:00:00
2026-03-24 02:15:00,103.78,02:15:00
2026-03-24 02:30:00,103.25,02:30:00
2026-03-24 02:45:00,103.27,02:45:00
2026-03-24 03:00:00,103.17,03:00:00
2026-03-24 03:15:00,103.15,03:15:00
2026-03-24 03:30:00,101.5,03:30:00
2026-03-24 03:45:00,101.52,03:45:00
2026-03-24 04:00:00,96.31,04:00:00
2026-03-24 04:15:00,96.31,04:15:00
2026-03-24 04:30:00,94.83,04:30:00
2026-03-24 04:45:00,94.84,04:45:00
2026-03-24 05:00:00,94.83,05:00:00
2026-03-24 05:15:00,94.83,05:15:00
2026-03-24 05:30:00,97.35,05:30:00
2026-03-24 05:45:00,97.32,05:45:00
2026-03-24 06:00:00,101.26,06:00:00
2026-03-24 06:15:00,101.25,06:15:00
2026-03-24 06:30:00,116.36,06:30:00
2026-03-24 06:45:00,116.17,06:45:00
2026-03-24 07:00:00,99.13,07:00:00
2026-03-24 07:15:00,99.46,07:15:00
2026-03-24 07:30:00,98.11,07:30:00
2026-03-24 07:45:00,97.9,07:45:00
2026-03-24 08:00:00,90.61,08:00:00
2026-03-24 08:15:00,89.94,08:15:00
2026-03-24 08:30:00,87.24,08:30:00
2026-03-24 08:45:00,87.39,08:45:00
2026-03-24 09:00:00,83.77,09:00:00
2026-03-24 09:15:00,83.91,09:15:00
2026-03-24 09:30:00,82.37,09:30:00
2026-03-24 09:45:00,82.8,09:45:00
2026-03-24 10:00:00,82.31,10:00:00
2026-03-24 10:15:00,82.19,10:15:00
2026-03-24 10:30:00,81.75,10:30:00
2026-03-24 10:45:00,81.97,10:45:00
2026-03-24 11:00:00,79.64,11:00:00
2026-03-24 11:15:00,79.55,11:15:00
2026-03-24 11:30:00,82.28,11:30:00
2026-03-24 11:45:00,82.43,11:45:00
2026-03-24 12:00:00,79.81,12:00:00
2026-03-24 12:15:00,79.69,12:15:00
2026-03-24 12:30:00,78.93,12:30:00
2026-03-24 12:45:00,78.6,12:45:00
2026-03-24 13:00:00,77.33,13:00:00
2026-03-24 13:15:00,77.13,13:15:00
2026-03-24 13:30:00,74.51,13:30:00
2026-03-24 13:45:00,74.12,13:45:00
2026-03-24 14:00:00,73.0,14:00:00
2026-03-24 14:15:00,72.77,14:15:00
2026-03-24 14:30:00,73.31,14:30:00
2026-03-24 14:45:00,73.32,14:45:00
2026-03-24 15:00:00,73.29,15:00:00
2026-03-24 15:15:00,73.49,15:15:00
2026-03-24 15:30:00,74.41,15:30:00
2026-03-24 15:45:00,74.5,15:45:00
2026-03-24 16:00:00,77.69,16:00:00
2026-03-24 16:15:00,77.34,16:15:00
2026-03-24 16:30:00,78.66,16:30:00
2026-03-24 16:45:00,78.1,16:45:00
2026-03-24 17:00:00,82.2,17:00:00
2026-03-24 17:15:00,81.94,17:15:00
2026-03-24 17:30:00,86.53,17:30:00
2026-03-24 17:45:00,86.72,17:45:00
2026-03-24 18:00:00,95.68,18:00:00
2026-03-24 18:15:00,95.5,18:15:00
2026-03-24 18:30:00,100.66,18:30:00
2026-03-24 18:45:00,101.43,18:45:00
2026-03-24 19:00:00,100.27,19:00:00
2026-03-24 19:15:00,99.64,19:15:00
2026-03-24 19:30:00,95.87,19:30:00
2026-03-24 19:45:00,96.26,19:45:00
2026-03-24 20:00:00,90.46,20:00:00
2026-03-24 20:15:00,90.59,20:15:00
2026-03-24 20:30:00,82.12,20:30:00
2026-03-24 20:45:00,81.87,20:45:00
2026-03-24 21:00:00,76.65,21:00:00
2026-03-24 21:15:00,76.17,21:15:00
2026-03-24 21:30:00,70.0,21:30:00
2026-03-24 21:45:00,69.51,21:45:00
2026-03-24 22:00:00,70.83,22:00:00
2026-03-24 22:15:00,71.04,22:15:00
2026-03-24 22:30:00,72.27,22:30:00
2026-03-24 22:45:00,71.58,22:45:00
2026-03-24 23:00:00,70.89,23:00:00
2026-03-24 23:15:00,70.96,23:15:00
2026-03-24 23:30:00,70.15,23:30:00
2026-03-24 23:45:00,70.22,23:45:00
2026-03-25 00:00:00,66.82,00:00:00
2026-03-25 00:15:00,66.86,00:15:00
2026-03-25 00:30:00,66.63,00:30:00
2026-03-25 00:45:00,66.73,00:45:00
2026-03-25 01:00:00,74.18,01:00:00
2026-03-25 01:15:00,74.18,01:15:00
2026-03-25 01:30:00,70.82,01:30:00
2026-03-25 01:45:00,70.82,01:45:00
2026-03-25 02:00:00,70.94,02:00:00
2026-03-25 02:15:00,70.96,02:15:00
2026-03-25 02:30:00,69.91,02:30:00
2026-03-25 02:45:00,69.92,02:45:00
2026-03-25 03:00:00,72.01,03:00:00
2026-03-25 03:15:00,72.03,03:15:00
2026-03-25 03:30:00,68.32,03:30:00
2026-03-25 03:45:00,68.22,03:45:00
2026-03-25 04:00:00,67.85,04:00:00
2026-03-25 04:15:00,67.85,04:15:00
2026-03-25 04:30:00,71.64,04:30:00
2026-03-25 04:45:00,71.48,04:45:00
2026-03-25 05:00:00,66.67,05:00:00
2026-03-25 05:15:00,66.61,05:15:00
2026-03-25 05:30:00,68.1,05:30:00
2026-03-25 05:45:00,68.07,05:45:00
2026-03-25 06:00:00,64.29,06:00:00
2026-03-25 06:15:00,64.23,06:15:00
2026-03-25 06:30:00,67.02,06:30:00
2026-03-25 06:45:00,67.11,06:45:00
2026-03-25 07:00:00,69.16,07:00:00
2026-03-25 07:15:00,69.2,07:15:00
2026-03-25 07:30:00,65.57,07:30:00
2026-03-25 07:45:00,65.36,07:45:00
2026-03-25 08:00:00,61.05,08:00:00
2026-03-25 08:15:00,61.1,08:15:00
2026-03-25 08:30:00,58.89,08:30:00
2026-03-25 08:45:00,59.02,08:45:00
2026-03-25 09:00:00,59.74,09:00:00
2026-03-25 09:15:00,59.72,09:15:00
2026-03-25 09:30:00,58.17,09:30:00
2026-03-25 09:45:00,58.35,09:45:00
2026-03-25 10:00:00,53.1,10:00:00
2026-03-25 10:15:00,53.2,10:15:00
2026-03-25 10:30:00,51.45,10:30:00
2026-03-25 10:45:00,51.82,10:45:00
2026-03-25 11:00:00,50.77,11:00:00
2026-03-25 11:15:00,50.89,11:15:00
2026-03-25 11:30:00,51.09,11:30:00
2026-03-25 11:45:00,51.1,11:45:00
2026-03-25 12:00:00,49.82,12:00:00
2026-03-25 12:15:00,49.97,12:15:00
2026-03-25 12:30:00,50.57,12:30:00
2026-03-25 12:45:00,50.54,12:45:00
2026-03-25 13:00:00,48.4,13:00:00
2026-03-25 13:15:00,48.34,13:15:00
2026-03-25 13:30:00,48.42,13:30:00
2026-03-25 13:45:00,48.13,13:45:00
2026-03-25 14:00:00,49.57,14:00:00
2026-03-25 14:15:00,49.41,14:15:00
2026-03-25 14:30:00,55.2,14:30:00
2026-03-25 14:45:00,53.12,14:45:00
2026-03-25 15:00:00,47.37,15:00:00
2026-03-25 15:15:00,47.3,15:15:00
2026-03-25 15:30:00,52.98,15:30:00
2026-03-25 15:45:00,53.0,15:45:00
2026-03-25 16:00:00,63.42,16:00:00
2026-03-25 16:15:00,63.57,16:15:00
2026-03-25 16:30:00,73.48,16:30:00
2026-03-25 16:45:00,73.57,16:45:00
2026-03-25 17:00:00,87.41,17:00:00
2026-03-25 17:15:00,87.24,17:15:00
2026-03-25 17:30:00,89.5,17:30:00
2026-03-25 17:45:00,89.08,17:45:00
2026-03-25 18:00:00,102.78,18:00:00
2026-03-25 18:15:00,102.86,18:15:00
2026-03-25 18:30:00,110.78,18:30:00
2026-03-25 18:45:00,110.93,18:45:00
2026-03-25 19:00:00,119.46,19:00:00
2026-03-25 19:15:00,120.03,19:15:00
2026-03-25 19:30:00,116.98,19:30:00
2026-03-25 19:45:00,116.71,19:45:00
2026-03-25 20:00:00,114.11,20:00:00
2026-03-25 20:15:00,113.78,20:15:00
2026-03-25 20:30:00,112.16,20:30:00
2026-03-25 20:45:00,111.7,20:45:00
2026-03-25 21:00:00,108.97,21:00:00
2026-03-25 21:15:00,108.83,21:15:00
2026-03-25 21:30:00,104.26,21:30:00
2026-03-25 21:45:00,103.85,21:45:00
2026-03-25 22:00:00,101.15,22:00:00
2026-03-25 22:15:00,101.58,22:15:00
2026-03-25 22:30:00,99.03,22:30:00
2026-03-25 22:45:00,98.8,22:45:00
2026-03-25 23:00:00,92.43,23:00:00
2026-03-25 23:15:00,92.65,23:15:00
2026-03-25 23:30:00,89.73,23:30:00
2026-03-25 23:45:00,89.68,23:45:00
2026-03-26 00:00:00,98.23,00:00:00
2026-03-26 00:15:00,98.64,00:15:00
2026-03-26 00:30:00,97.75,00:30:00
2026-03-26 00:45:00,97.84,00:45:00
2026-03-26 01:00:00,97.36,01:00:00
2026-03-26 01:15:00,97.44,01:15:00
2026-03-26 01:30:00,93.18,01:30:00
2026-03-26 01:45:00,93.15,01:45:00
2026-03-26 02:00:00,92.78,02:00:00
2026-03-26 02:15:00,93.04,02:15:00
2026-03-26 02:30:00,96.1,02:30:00
2026-03-26 02:45:00,95.94,02:45:00
2026-03-26 03:00:00,98.97,03:00:00
2026-03-26 03:15:00,98.72,03:15:00
2026-03-26 03:30:00,100.2,03:30:00
2026-03-26 03:45:00,99.99,03:45:00
2026-03-26 04:00:00,102.55,04:00:00
2026-03-26 04:15:00,102.91,04:15:00
2026-03-26 04:30:00,105.49,04:30:00
2026-03-26 04:45:00,105.27,04:45:00
2026-03-26 05:00:00,112.63,05:00:00
2026-03-26 05:15:00,112.77,05:15:00
2026-03-26 05:30:00,122.03,05:30:00
2026-03-26 05:45:00,121.88,05:45:00
2026-03-26 06:00:00,124.88,06:00:00
2026-03-26 06:15:00,124.64,06:15:00
2026-03-26 06:30:00,132.46,06:30:00
2026-03-26 06:45:00,132.14,06:45:00
2026-03-26 07:00:00,128.55,07:00:00
2026-03-26 07:15:00,128.54,07:15:00
2026-03-26 07:30:00,127.76,07:30:00
2026-03-26 07:45:00,127.79,07:45:00
2026-03-26 08:00:00,124.42,08:00:00
2026-03-26 08:15:00,124.98,08:15:00
2026-03-26 08:30:00,122.34,08:30:00
2026-03-26 08:45:00,122.78,08:45:00
2026-03-26 09:00:00,116.3,09:00:00
2026-03-26 09:15:00,116.62,09:15:00
2026-03-26 09:30:00,112.0,09:30:00
2026-03-26 09:45:00,111.74,09:45:00
2026-03-26 10:00:00,108.8,10:00:00
2026-03-26 10:15:00,108.83,10:15:00
2026-03-26 10:30:00,110.27,10:30:00
2026-03-26 10:45:00,110.54,10:45:00
2026-03-26 11:00:00,110.33,11:00:00
2026-03-26 11:15:00,110.16,11:15:00
2026-03-26 11:30:00,110.17,11:30:00
2026-03-26 11:45:00,110.52,11:45:00
2026-03-26 12:00:00,110.66,12:00:00
2026-03-26 12:15:00,110.74,12:15:00
2026-03-26 12:30:00,117.34,12:30:00
2026-03-26 12:45:00,117.11,12:45:00
2026-03-26 13:00:00,120.87,13:00:00
2026-03-26 13:15:00,120.79,13:15:00
2026-03-26 13:30:00,122.51,13:30:00
2026-03-26 13:45:00,122.43,13:45:00
2026-03-26 14:00:00,117.13,14:00:00
2026-03-26 14:15:00,117.25,14:15:00
2026-03-26 14:30:00,121.98,14:30:00
2026-03-26 14:45:00,121.52,14:45:00
2026-03-26 15:00:00,127.9,15:00:00
2026-03-26 15:15:00,128.12,15:15:00
2026-03-26 15:30:00,142.51,15:30:00
2026-03-26 15:45:00,142.31,15:45:00
2026-03-26 16:00:00,164.68,16:00:00
2026-03-26 16:15:00,164.36,16:15:00
2026-03-26 16:30:00,183.32,16:30:00
2026-03-26 16:45:00,182.45,16:45:00
2026-03-26 17:00:00,204.21,17:00:00
2026-03-26 17:15:00,204.35,17:15:00
2026-03-26 17:30:00,216.5,17:30:00
2026-03-26 17:45:00,216.86,17:45:00
2026-03-26 18:00:00,229.5,18:00:00
2026-03-26 18:15:00,229.6,18:15:00
2026-03-26 18:30:00,233.08,18:30:00
2026-03-26 18:45:00,233.15,18:45:00
2026-03-26 19:00:00,228.57,19:00:00
2026-03-26 19:15:00,228.72,19:15:00
2026-03-26 19:30:00,224.98,19:30:00
2026-03-26 19:45:00,225.15,19:45:00
2026-03-26 20:00:00,227.35,20:00:00
2026-03-26 20:15:00,227.76,20:15:00
2026-03-26 20:30:00,228.62,20:30:00
2026-03-26 20:45:00,228.24,20:45:00
2026-03-26 21:00:00,221.68,21:00:00
2026-03-26 21:15:00,221.86,21:15:00
2026-03-26 21:30:00,213.73,21:30:00
2026-03-26 21:45:00,212.59,21:45:00
2026-03-26 22:00:00,205.27,22:00:00
2026-03-26 22:15:00,205.66,22:15:00
2026-03-26 22:30:00,193.61,22:30:00
2026-03-26 22:45:00,193.54,22:45:00
2026-03-26 23:00:00,198.45,23:00:00
2026-03-26 23:15:00,198.33,23:15:00
2026-03-26 23:30:00,189.12,23:30:00
2026-03-26 23:45:00,189.19,23:45:00
2026-03-27 00:00:00,181.99,00:00:00
2026-03-27 00:15:00,182.56,00:15:00
2026-03-27 00:30:00,182.75,00:30:00
2026-03-27 00:45:00,183.35,00:45:00
2026-03-27 01:00:00,183.91,01:00:00
2026-03-27 01:15:00,184.34,01:15:00
2026-03-27 01:30:00,184.57,01:30:00
2026-03-27 01:45:00,185.07,01:45:00
2026-03-27 02:00:00,184.09,02:00:00
2026-03-27 02:15:00,184.63,02:15:00
2026-03-27 02:30:00,179.69,02:30:00
2026-03-27 02:45:00,179.74,02:45:00
2026-03-27 03:00:00,180.31,03:00:00
2026-03-27 03:15:00,180.54,03:15:00
2026-03-27 03:30:00,163.55,03:30:00
2026-03-27 03:45:00,163.13,03:45:00
2026-03-27 04:00:00,163.68,04:00:00
2026-03-27 04:15:00,163.25,04:15:00
2026-03-27 04:30:00,161.9,04:30:00
2026-03-27 04:45:00,161.59,04:45:00
2026-03-27 05:00:00,165.55,05:00:00
2026-03-27 05:15:00,165.08,05:15:00
2026-03-27 05:30:00,169.4,05:30:00
2026-03-27 05:45:00,168.99,05:45:00
2026-03-27 06:00:00,171.44,06:00:00
2026-03-27 06:15:00,171.0,06:15:00
2026-03-27 06:30:00,181.2,06:30:00
2026-03-27 06:45:00,181.25,06:45:00
2026-03-27 07:00:00,167.23,07:00:00
2026-03-27 07:15:00,167.08,07:15:00
2026-03-27 07:30:00,166.56,07:30:00
2026-03-27 07:45:00,166.77,07:45:00
2026-03-27 08:00:00,154.77,08:00:00
2026-03-27 08:15:00,153.64,08:15:00
2026-03-27 08:30:00,148.9,08:30:00
2026-03-27 08:45:00,148.88,08:45:00
2026-03-27 09:00:00,142.53,09:00:00
2026-03-27 09:15:00,142.16,09:15:00
2026-03-27 09:30:00,135.83,09:30:00
2026-03-27 09:45:00,135.42,09:45:00
2026-03-27 10:00:00,123.33,10:00:00
2026-03-27 10:15:00,123.35,10:15:00
2026-03-27 10:30:00,116.15,10:30:00
2026-03-27 10:45:00,116.1,10:45:00
2026-03-27 11:00:00,111.36,11:00:00
2026-03-27 11:15:00,111.21,11:15:00
2026-03-27 11:30:00,103.58,11:30:00
2026-03-27 11:45:00,103.58,11:45:00
2026-03-27 12:00:00,94.89,12:00:00
2026-03-27 12:15:00,94.65,12:15:00
2026-03-27 12:30:00,94.64,12:30:00
2026-03-27 12:45:00,94.31,12:45:00
2026-03-27 13:00:00,87.91,13:00:00
2026-03-27 13:15:00,87.99,13:15:00
2026-03-27 13:30:00,88.45,13:30:00
2026-03-27 13:45:00,88.79,13:45:00
2026-03-27 14:00:00,90.42,14:00:00
2026-03-27 14:15:00,90.7,14:15:00
2026-03-27 14:30:00,92.93,14:30:00
2026-03-27 14:45:00,92.08,14:45:00
2026-03-27 15:00:00,94.82,15:00:00
2026-03-27 15:15:00,94.8,15:15:00
2026-03-27 15:30:00,100.29,15:30:00
2026-03-27 15:45:00,99.73,15:45:00
2026-03-27 16:00:00,104.97,16:00:00
2026-03-27 16:15:00,104.65,16:15:00
2026-03-27 16:30:00,118.36,16:30:00
2026-03-27 16:45:00,118.69,16:45:00
2026-03-27 17:00:00,150.42,17:00:00
2026-03-27 17:15:00,150.27,17:15:00
2026-03-27 17:30:00,169.8,17:30:00
2026-03-27 17:45:00,169.69,17:45:00
2026-03-27 18:00:00,184.79,18:00:00
2026-03-27 18:15:00,184.7,18:15:00
2026-03-27 18:30:00,186.94,18:30:00
2026-03-27 18:45:00,186.88,18:45:00
2026-03-27 19:00:00,173.69,19:00:00
2026-03-27 19:15:00,173.59,19:15:00
2026-03-27 19:30:00,163.91,19:30:00
2026-03-27 19:45:00,164.67,19:45:00
2026-03-27 20:00:00,150.87,20:00:00
2026-03-27 20:15:00,151.02,20:15:00
2026-03-27 20:30:00,142.5,20:30:00
2026-03-27 20:45:00,142.2,20:45:00
2026-03-27 21:00:00,127.65,21:00:00
2026-03-27 21:15:00,127.73,21:15:00
2026-03-27 21:30:00,104.5,21:30:00
2026-03-27 21:45:00,102.51,21:45:00
2026-03-27 22:00:00,98.13,22:00:00
2026-03-27 22:15:00,98.39,22:15:00
2026-03-27 22:30:00,88.04,22:30:00
2026-03-27 22:45:00,89.04,22:45:00
2026-03-27 23:00:00,100.57,23:00:00
2026-03-27 23:15:00,100.98,23:15:00
2026-03-27 23:30:00,103.81,23:30:00
2026-03-27 23:45:00,103.74,23:45:00
2026-03-28 00:00:00,95.07,00:00:00
2026-03-28 00:15:00,95.04,00:15:00
2026-03-28 00:30:00,96.36,00:30:00
2026-03-28 00:45:00,96.32,00:45:00
2026-03-28 01:00:00,97.5,01:00:00
2026-03-28 01:15:00,97.44,01:15:00
2026-03-28 01:30:00,95.8,01:30:00
2026-03-28 01:45:00,95.72,01:45:00
2026-03-28 02:00:00,91.26,02:00:00
2026-03-28 02:15:00,91.25,02:15:00
2026-03-28 02:30:00,83.69,02:30:00
2026-03-28 02:45:00,83.68,02:45:00
2026-03-28 03:00:00,78.74,03:00:00
2026-03-28 03:15:00,78.74,03:15:00
2026-03-28 03:30:00,74.43,03:30:00
2026-03-28 03:45:00,74.41,03:45:00
2026-03-28 04:00:00,74.21,04:00:00
2026-03-28 04:15:00,74.23,04:15:00
2026-03-28 04:30:00,78.58,04:30:00
2026-03-28 04:45:00,78.58,04:45:00
2026-03-28 05:00:00,78.97,05:00:00
2026-03-28 05:15:00,78.98,05:15:00
2026-03-28 05:30:00,83.79,05:30:00
2026-03-28 05:45:00,83.79,05:45:00
2026-03-28 06:00:00,87.77,06:00:00
2026-03-28 06:15:00,87.74,06:15:00
2026-03-28 06:30:00,92.39,06:30:00
2026-03-28 06:45:00,92.39,06:45:00
2026-03-28 07:00:00,94.04,07:00:00
2026-03-28 07:15:00,94.03,07:15:00
2026-03-28 07:30:00,85.97,07:30:00
2026-03-28 07:45:00,85.97,07:45:00
2026-03-28 08:00:00,72.3,08:00:00
2026-03-28 08:15:00,72.29,08:15:00
2026-03-28 08:30:00,65.83,08:30:00
2026-03-28 08:45:00,65.82,08:45:00
2026-03-28 09:00:00,61.06,09:00:00
2026-03-28 09:15:00,61.07,09:15:00
2026-03-28 09:30:00,59.8,09:30:00
2026-03-28 09:45:00,59.82,09:45:00
2026-03-28 10:00:00,55.69,10:00:00
2026-03-28 10:15:00,55.69,10:15:00
2026-03-28 10:30:00,49.05,10:30:00
2026-03-28 10:45:00,49.06,10:45:00
2026-03-28 11:00:00,48.37,11:00:00
2026-03-28 11:15:00,48.37,11:15:00
2026-03-28 11:30:00,49.07,11:30:00
2026-03-28 11:45:00,49.07,11:45:00
2026-03-28 12:00:00,55.62,12:00:00
2026-03-28 12:15:00,55.62,12:15:00
2026-03-28 12:30:00,53.06,12:30:00
2026-03-28 12:45:00,53.06,12:45:00
2026-03-28 13:00:00,51.66,13:00:00
2026-03-28 13:15:00,51.65,13:15:00
2026-03-28 13:30:00,50.73,13:30:00
2026-03-28 13:45:00,50.72,13:45:00
2026-03-28 14:00:00,51.92,14:00:00
2026-03-28 14:15:00,51.88,14:15:00
2026-03-28 14:30:00,52.48,14:30:00
2026-03-28 14:45:00,52.48,14:45:00
2026-03-28 15:00:00,54.25,15:00:00
2026-03-28 15:15:00,54.25,15:15:00
2026-03-28 15:30:00,64.88,15:30:00
2026-03-28 15:45:00,64.89,15:45:00
2026-03-28 16:00:00,81.17,16:00:00
2026-03-28 16:15:00,81.18,16:15:00
2026-03-28 16:30:00,93.46,16:30:00
2026-03-28 16:45:00,93.92,16:45:00
2026-03-28 17:00:00,103.7,17:00:00
2026-03-28 17:15:00,103.75,17:15:00
2026-03-28 17:30:00,121.46,17:30:00
2026-03-28 17:45:00,121.43,17:45:00
2026-03-28 18:00:00,135.31,18:00:00
2026-03-28 18:15:00,135.37,18:15:00
2026-03-28 18:30:00,136.0,18:30:00
2026-03-28 18:45:00,135.83,18:45:00
2026-03-28 19:00:00,142.11,19:00:00
2026-03-28 19:15:00,141.03,19:15:00
2026-03-28 19:30:00,131.65,19:30:00
2026-03-28 19:45:00,130.9,19:45:00
2026-03-28 20:00:00,123.21,20:00:00
2026-03-28 20:15:00,122.93,20:15:00
2026-03-28 20:30:00,117.89,20:30:00
2026-03-28 20:45:00,118.2,20:45:00
2026-03-28 21:00:00,118.29,21:00:00
2026-03-28 21:15:00,117.55,21:15:00
2026-03-28 21:30:00,114.14,21:30:00
2026-03-28 21:45:00,114.14,21:45:00
2026-03-28 22:00:00,100.72,22:00:00
2026-03-28 22:15:00,100.76,22:15:00
2026-03-28 22:30:00,91.32,22:30:00
2026-03-28 22:45:00,91.51,22:45:00
2026-03-28 23:00:00,83.72,23:00:00
2026-03-28 23:15:00,83.73,23:15:00
2026-03-28 23:30:00,87.91,23:30:00
2026-03-28 23:45:00,88.95,23:45:00
2026-03-29 00:00:00,91.17,00:00:00
2026-03-29 00:15:00,91.46,00:15:00
2026-03-29 00:30:00,93.02,00:30:00
2026-03-29 00:45:00,92.07,00:45:00
2026-03-29 01:00:00,104.94,01:00:00
2026-03-29 01:15:00,105.26,01:15:00
2026-03-29 01:30:00,112.52,01:30:00
2026-03-29 01:45:00,111.19,01:45:00
2026-03-29 02:00:00,109.84,02:00:00
2026-03-29 02:15:00,109.9,02:15:00
2026-03-29 02:30:00,101.34,02:30:00
2026-03-29 02:45:00,101.54,02:45:00
2026-03-29 03:00:00,100.51,03:00:00
2026-03-29 03:15:00,100.5,03:15:00
2026-03-29 03:30:00,98.59,03:30:00
2026-03-29 03:45:00,98.51,03:45:00
2026-03-29 04:00:00,103.43,04:00:00
2026-03-29 04:15:00,103.45,04:15:00
2026-03-29 04:30:00,103.1,04:30:00
2026-03-29 04:45:00,103.08,04:45:00
2026-03-29 05:00:00,119.9,05:00:00
2026-03-29 05:15:00,119.92,05:15:00
2026-03-29 05:30:00,130.15,05:30:00
2026-03-29 05:45:00,130.16,05:45:00
2026-03-29 06:00:00,138.3,06:00:00
2026-03-29 06:15:00,138.09,06:15:00
2026-03-29 06:30:00,141.56,06:30:00
2026-03-29 06:45:00,141.55,06:45:00
2026-03-29 07:00:00,137.28,07:00:00
2026-03-29 07:15:00,137.25,07:15:00
2026-03-29 07:30:00,134.05,07:30:00
2026-03-29 07:45:00,133.94,07:45:00
2026-03-29 08:00:00,120.48,08:00:00
2026-03-29 08:15:00,120.23,08:15:00
2026-03-29 08:30:00,105.76,08:30:00
2026-03-29 08:45:00,105.48,08:45:00
2026-03-29 09:00:00,93.69,09:00:00
2026-03-29 09:15:00,93.68,09:15:00
2026-03-29 09:30:00,85.52,09:30:00
2026-03-29 09:45:00,85.54,09:45:00
2026-03-29 10:00:00,81.43,10:00:00
2026-03-29 10:15:00,81.35,10:15:00
2026-03-29 10:30:00,80.63,10:30:00
2026-03-29 10:45:00,80.74,10:45:00
2026-03-29 11:00:00,73.14,11:00:00
2026-03-29 11:15:00,73.08,11:15:00
2026-03-29 11:30:00,76.27,11:30:00
2026-03-29 11:45:00,76.65,11:45:00
2026-03-29 12:00:00,75.69,12:00:00
2026-03-29 12:15:00,75.58,12:15:00
2026-03-29 12:30:00,72.93,12:30:00
2026-03-29 12:45:00,73.01,12:45:00
2026-03-29 13:00:00,71.13,13:00:00
2026-03-29 13:15:00,70.57,13:15:00
2026-03-29 13:30:00,69.0,13:30:00
2026-03-29 13:45:00,68.58,13:45:00
2026-03-29 14:00:00,67.36,14:00:00
2026-03-29 14:15:00,67.1,14:15:00
2026-03-29 14:30:00,65.85,14:30:00
2026-03-29 14:45:00,64.35,14:45:00
2026-03-29 15:00:00,67.46,15:00:00
2026-03-29 15:15:00,67.34,15:15:00
2026-03-29 15:30:00,77.04,15:30:00
2026-03-29 15:45:00,77.02,15:45:00
2026-03-29 16:00:00,79.44,16:00:00
2026-03-29 16:15:00,79.53,16:15:00
2026-03-29 16:30:00,86.62,16:30:00
2026-03-29 16:45:00,86.94,16:45:00
2026-03-29 17:00:00,85.88,17:00:00
2026-03-29 17:15:00,85.86,17:15:00
2026-03-29 17:30:00,89.4,17:30:00
2026-03-29 17:45:00,89.35,17:45:00
2026-03-29 18:00:00,85.94,18:00:00
2026-03-29 18:15:00,85.76,18:15:00
2026-03-29 18:30:00,85.5,18:30:00
2026-03-29 18:45:00,85.74,18:45:00
2026-03-29 19:00:00,87.87,19:00:00
2026-03-29 19:15:00,87.86,19:15:00
2026-03-29 19:30:00,85.1,19:30:00
2026-03-29 19:45:00,84.96,19:45:00
2026-03-29 20:00:00,86.6,20:00:00
2026-03-29 20:15:00,86.57,20:15:00
2026-03-29 20:30:00,88.36,20:30:00
2026-03-29 20:45:00,88.27,20:45:00
2026-03-29 21:00:00,85.91,21:00:00
2026-03-29 21:15:00,85.85,21:15:00
2026-03-29 21:30:00,77.27,21:30:00
2026-03-29 21:45:00,77.6,21:45:00
2026-03-29 22:00:00,79.16,22:00:00
2026-03-29 22:15:00,79.19,22:15:00
2026-03-29 22:30:00,74.39,22:30:00
2026-03-29 22:45:00,74.51,22:45:00
2026-03-29 23:00:00,76.35,23:00:00
2026-03-29 23:15:00,76.3,23:15:00
2026-03-29 23:30:00,80.33,23:30:00
2026-03-29 23:45:00,80.32,23:45:00
2026-03-30 00:00:00,74.54,00:00:00
2026-03-30 00:15:00,74.52,00:15:00
2026-03-30 00:30:00,69.58,00:30:00
2026-03-30 00:45:00,69.52,00:45:00
2026-03-30 01:00:00,70.49,01:00:00
2026-03-30 01:15:00,70.49,01:15:00
2026-03-30 01:30:00,73.41,01:30:00
2026-03-30 01:45:00,73.34,01:45:00
2026-03-30 02:00:00,73.04,02:00:00
2026-03-30 02:15:00,73.04,02:15:00
2026-03-30 02:30:00,71.74,02:30:00
2026-03-30 02:45:00,71.73,02:45:00
2026-03-30 03:00:00,70.22,03:00:00
2026-03-30 03:15:00,70.26,03:15:00
2026-03-30 03:30:00,69.17,03:30:00
2026-03-30 03:45:00,69.18,03:45:00
2026-03-30 04:00:00,74.61,04:00:00
2026-03-30 04:15:00,74.63,04:15:00
2026-03-30 04:30:00,82.83,04:30:00
2026-03-30 04:45:00,82.86,04:45:00
2026-03-30 05:00:00,85.27,05:00:00
2026-03-30 05:15:00,85.28,05:15:00
2026-03-30 05:30:00,94.14,05:30:00
2026-03-30 05:45:00,94.19,05:45:00
2026-03-30 06:00:00,104.59,06:00:00
2026-03-30 06:15:00,104.67,06:15:00
2026-03-30 06:30:00,112.69,06:30:00
2026-03-30 06:45:00,112.64,06:45:00
2026-03-30 07:00:00,101.43,07:00:00
2026-03-30 07:15:00,101.21,07:15:00
2026-03-30 07:30:00,93.39,07:30:00
2026-03-30 07:45:00,93.79,07:45:00
2026-03-30 08:00:00,82.66,08:00:00
2026-03-30 08:15:00,82.11,08:15:00
2026-03-30 08:30:00,77.99,08:30:00
2026-03-30 08:45:00,78.34,08:45:00
2026-03-30 09:00:00,73.27,09:00:00
2026-03-30 09:15:00,73.1,09:15:00
2026-03-30 09:30:00,66.87,09:30:00
2026-03-30 09:45:00,66.61,09:45:00
2026-03-30 10:00:00,59.9,10:00:00
2026-03-30 10:15:00,59.86,10:15:00
2026-03-30 10:30:00,59.8,10:30:00
2026-03-30 10:45:00,60.37,10:45:00
2026-03-30 11:00:00,58.95,11:00:00
2026-03-30 11:15:00,58.96,11:15:00
2026-03-30 11:30:00,57.21,11:30:00
2026-03-30 11:45:00,57.37,11:45:00
2026-03-30 12:00:00,55.91,12:00:00
2026-03-30 12:15:00,56.05,12:15:00
2026-03-30 12:30:00,54.53,12:30:00
2026-03-30 12:45:00,54.43,12:45:00
2026-03-30 13:00:00,56.23,13:00:00
2026-03-30 13:15:00,56.11,13:15:00
2026-03-30 13:30:00,57.54,13:30:00
2026-03-30 13:45:00,57.18,13:45:00
2026-03-30 14:00:00,59.53,14:00:00
2026-03-30 14:15:00,59.54,14:15:00
2026-03-30 14:30:00,66.01,14:30:00
2026-03-30 14:45:00,66.32,14:45:00
2026-03-30 15:00:00,73.99,15:00:00
2026-03-30 15:15:00,74.12,15:15:00
2026-03-30 15:30:00,84.71,15:30:00
2026-03-30 15:45:00,84.64,15:45:00
2026-03-30 16:00:00,98.88,16:00:00
2026-03-30 16:15:00,99.15,16:15:00
2026-03-30 16:30:00,115.32,16:30:00
2026-03-30 16:45:00,115.53,16:45:00
2026-03-30 17:00:00,137.32,17:00:00
2026-03-30 17:15:00,137.46,17:15:00
2026-03-30 17:30:00,149.81,17:30:00
2026-03-30 17:45:00,149.12,17:45:00
2026-03-30 18:00:00,157.34,18:00:00
2026-03-30 18:15:00,157.29,18:15:00
2026-03-30 18:30:00,167.76,18:30:00
2026-03-30 18:45:00,167.5,18:45:00
2026-03-30 19:00:00,172.78,19:00:00
2026-03-30 19:15:00,172.59,19:15:00
2026-03-30 19:30:00,178.04,19:30:00
2026-03-30 19:45:00,177.87,19:45:00
2026-03-30 20:00:00,180.17,20:00:00
2026-03-30 20:15:00,180.04,20:15:00
2026-03-30 20:30:00,175.66,20:30:00
2026-03-30 20:45:00,175.57,20:45:00
2026-03-30 21:00:00,169.82,21:00:00
2026-03-30 21:15:00,169.88,21:15:00
2026-03-30 21:30:00,164.54,21:30:00
2026-03-30 21:45:00,164.89,21:45:00
2026-03-30 22:00:00,157.75,22:00:00
2026-03-30 22:15:00,157.96,22:15:00
2026-03-30 22:30:00,134.63,22:30:00
2026-03-30 22:45:00,134.56,22:45:00
2026-03-30 23:00:00,130.34,23:00:00
2026-03-30 23:15:00,129.85,23:15:00
2026-03-30 23:30:00,133.44,23:30:00
2026-03-30 23:45:00,133.0,23:45:00
2026-03-31 00:00:00,127.25,00:00:00
2026-03-31 00:15:00,126.82,00:15:00
2026-03-31 00:30:00,121.53,00:30:00
2026-03-31 00:45:00,121.48,00:45:00
2026-03-31 01:00:00,117.95,01:00:00
2026-03-31 01:15:00,118.11,01:15:00
2026-03-31 01:30:00,119.77,01:30:00
2026-03-31 01:45:00,119.79,01:45:00
2026-03-31 02:00:00,115.61,02:00:00
2026-03-31 02:15:00,115.69,02:15:00
2026-03-31 02:30:00,104.09,02:30:00
2026-03-31 02:45:00,101.47,02:45:00
2026-03-31 03:00:00,104.44,03:00:00
2026-03-31 03:15:00,104.53,03:15:00
2026-03-31 03:30:00,111.19,03:30:00
2026-03-31 03:45:00,110.31,03:45:00
2026-03-31 04:00:00,131.06,04:00:00
2026-03-31 04:15:00,131.36,04:15:00
2026-03-31 04:30:00,152.14,04:30:00
2026-03-31 04:45:00,152.36,04:45:00
2026-03-31 05:00:00,181.62,05:00:00
2026-03-31 05:15:00,181.43,05:15:00
2026-03-31 05:30:00,195.09,05:30:00
2026-03-31 05:45:00,195.08,05:45:00
2026-03-31 06:00:00,199.16,06:00:00
2026-03-31 06:15:00,199.23,06:15:00
2026-03-31 06:30:00,207.68,06:30:00
2026-03-31 06:45:00,207.72,06:45:00
2026-03-31 07:00:00,195.08,07:00:00
2026-03-31 07:15:00,195.16,07:15:00
2026-03-31 07:30:00,190.91,07:30:00
2026-03-31 07:45:00,190.7,07:45:00
2026-03-31 08:00:00,191.81,08:00:00
2026-03-31 08:15:00,192.1,08:15:00
2026-03-31 08:30:00,188.93,08:30:00
2026-03-31 08:45:00,189.11,08:45:00
2026-03-31 09:00:00,184.78,09:00:00
2026-03-31 09:15:00,185.1,09:15:00
2026-03-31 09:30:00,179.15,09:30:00
2026-03-31 09:45:00,179.34,09:45:00
2026-03-31 10:00:00,168.95,10:00:00
2026-03-31 10:15:00,169.2,10:15:00
2026-03-31 10:30:00,163.72,10:30:00
2026-03-31 10:45:00,163.95,10:45:00
2026-03-31 11:00:00,157.31,11:00:00
2026-03-31 11:15:00,157.49,11:15:00
2026-03-31 11:30:00,149.0,11:30:00
2026-03-31 11:45:00,149.4,11:45:00
2026-03-31 12:00:00,148.64,12:00:00
2026-03-31 12:15:00,148.63,12:15:00
2026-03-31 12:30:00,147.81,12:30:00
2026-03-31 12:45:00,147.76,12:45:00
2026-03-31 13:00:00,150.85,13:00:00
2026-03-31 13:15:00,151.0,13:15:00
2026-03-31 13:30:00,151.41,13:30:00
2026-03-31 13:45:00,151.84,13:45:00
2026-03-31 14:00:00,156.97,14:00:00
2026-03-31 14:15:00,157.06,14:15:00
2026-03-31 14:30:00,175.69,14:30:00
2026-03-31 14:45:00,175.64,14:45:00
2026-03-31 15:00:00,190.15,15:00:00
2026-03-31 15:15:00,189.72,15:15:00
2026-03-31 15:30:00,198.77,15:30:00
2026-03-31 15:45:00,197.96,15:45:00
2026-03-31 16:00:00,210.69,16:00:00
2026-03-31 16:15:00,211.01,16:15:00
2026-03-31 16:30:00,227.56,16:30:00
2026-03-31 16:45:00,226.9,16:45:00
2026-03-31 17:00:00,248.32,17:00:00
2026-03-31 17:15:00,248.5,17:15:00
2026-03-31 17:30:00,261.4,17:30:00
2026-03-31 17:45:00,261.4,17:45:00
2026-03-31 18:00:00,267.2,18:00:00
2026-03-31 18:15:00,267.26,18:15:00
2026-03-31 18:30:00,270.64,18:30:00
2026-03-31 18:45:00,270.7,18:45:00
2026-03-31 19:00:00,264.04,19:00:00
2026-03-31 19:15:00,263.73,19:15:00
2026-03-31 19:30:00,259.97,19:30:00
2026-03-31 19:45:00,259.88,19:45:00
2026-03-31 20:00:00,260.94,20:00:00
2026-03-31 20:15:00,260.81,20:15:00
2026-03-31 20:30:00,256.68,20:30:00
2026-03-31 20:45:00,256.55,20:45:00
2026-03-31 21:00:00,255.89,21:00:00
2026-03-31 21:15:00,255.51,21:15:00
2026-03-31 21:30:00,252.16,21:30:00
2026-03-31 21:45:00,252.13,21:45:00
2026-03-31 22:00:00,247.62,22:00:00
2026-03-31 22:15:00,247.37,22:15:00
2026-03-31 22:30:00,242.49,22:30:00
2026-03-31 22:45:00,242.49,22:45:00
2026-03-31 23:00:00,244.46,23:00:00
2026-03-31 23:15:00,244.71,23:15:00
2026-03-31 23:30:00,243.61,23:30:00
2026-03-31 23:45:00,243.53,23:45:00
2026-04-01 00:00:00,235.56,00:00:00
2026-04-01 00:15:00,235.52,00:15:00
2026-04-01 00:30:00,234.72,00:30:00
2026-04-01 00:45:00,234.98,00:45:00
2026-04-01 01:00:00,236.06,01:00:00
2026-04-01 01:15:00,236.28,01:15:00
2026-04-01 01:30:00,235.05,01:30:00
2026-04-01 01:45:00,235.68,01:45:00
2026-04-01 02:00:00,237.46,02:00:00
2026-04-01 02:15:00,238.11,02:15:00
2026-04-01 02:30:00,238.89,02:30:00
2026-04-01 02:45:00,238.81,02:45:00
2026-04-01 03:00:00,241.94,03:00:00
2026-04-01 03:15:00,241.91,03:15:00
2026-04-01 03:30:00,242.89,03:30:00
2026-04-01 03:45:00,242.59,03:45:00
2026-04-01 04:00:00,253.79,04:00:00
2026-04-01 04:15:00,253.19,04:15:00
2026-04-01 04:30:00,255.28,04:30:00
2026-04-01 04:45:00,254.86,04:45:00
2026-04-01 05:00:00,256.5,05:00:00
2026-04-01 05:15:00,255.86,05:15:00
2026-04-01 05:30:00,259.28,05:30:00
2026-04-01 05:45:00,259.33,05:45:00
2026-04-01 06:00:00,260.5,06:00:00
2026-04-01 06:15:00,260.47,06:15:00
2026-04-01 06:30:00,259.56,06:30:00
2026-04-01 06:45:00,259.53,06:45:00
2026-04-01 07:00:00,245.09,07:00:00
2026-04-01 07:15:00,244.84,07:15:00
2026-04-01 07:30:00,241.95,07:30:00
2026-04-01 07:45:00,242.26,07:45:00
2026-04-01 08:00:00,231.53,08:00:00
2026-04-01 08:15:00,231.09,08:15:00
2026-04-01 08:30:00,226.64,08:30:00
2026-04-01 08:45:00,226.52,08:45:00
2026-04-01 09:00:00,216.09,09:00:00
2026-04-01 09:15:00,215.97,09:15:00
2026-04-01 09:30:00,210.74,09:30:00
2026-04-01 09:45:00,210.71,09:45:00
2026-04-01 10:00:00,204.05,10:00:00
2026-04-01 10:15:00,203.97,10:15:00
2026-04-01 10:30:00,199.32,10:30:00
2026-04-01 10:45:00,199.24,10:45:00
2026-04-01 11:00:00,193.39,11:00:00
2026-04-01 11:15:00,193.18,11:15:00
2026-04-01 11:30:00,193.05,11:30:00
2026-04-01 11:45:00,193.31,11:45:00
2026-04-01 12:00:00,194.55,12:00:00
2026-04-01 12:15:00,194.6,12:15:00
2026-04-01 12:30:00,193.75,12:30:00
2026-04-01 12:45:00,193.99,12:45:00
2026-04-01 13:00:00,197.72,13:00:00
2026-04-01 13:15:00,198.09,13:15:00
2026-04-01 13:30:00,198.03,13:30:00
2026-04-01 13:45:00,197.47,13:45:00
2026-04-01 14:00:00,197.58,14:00:00
2026-04-01 14:15:00,197.07,14:15:00
2026-04-01 14:30:00,199.67,14:30:00
2026-04-01 14:45:00,196.95,14:45:00
2026-04-01 15:00:00,200.69,15:00:00
2026-04-01 15:15:00,200.22,15:15:00
2026-04-01 15:30:00,206.3,15:30:00
2026-04-01 15:45:00,206.52,15:45:00
2026-04-01 16:00:00,213.07,16:00:00
2026-04-01 16:15:00,213.58,16:15:00
2026-04-01 16:30:00,221.82,16:30:00
2026-04-01 16:45:00,222.05,16:45:00
2026-04-01 17:00:00,238.49,17:00:00
2026-04-01 17:15:00,238.61,17:15:00
2026-04-01 17:30:00,245.98,17:30:00
2026-04-01 17:45:00,246.04,17:45:00
2026-04-01 18:00:00,245.83,18:00:00
2026-04-01 18:15:00,245.83,18:15:00
2026-04-01 18:30:00,246.84,18:30:00
2026-04-01 18:45:00,246.73,18:45:00
2026-04-01 19:00:00,242.12,19:00:00
2026-04-01 19:15:00,242.05,19:15:00
2026-04-01 19:30:00,237.99,19:30:00
2026-04-01 19:45:00,237.81,19:45:00
2026-04-01 20:00:00,238.15,20:00:00
2026-04-01 20:15:00,238.06,20:15:00
2026-04-01 20:30:00,235.28,20:30:00
2026-04-01 20:45:00,235.27,20:45:00
2026-04-01 21:00:00,235.46,21:00:00
2026-04-01 21:15:00,235.32,21:15:00
2026-04-01 21:30:00,234.48,21:30:00
2026-04-01 21:45:00,234.64,21:45:00
2026-04-01 22:00:00,231.22,22:00:00
2026-04-01 22:15:00,231.35,22:15:00
2026-04-01 22:30:00,232.09,22:30:00
2026-04-01 22:45:00,232.43,22:45:00
2026-04-01 23:00:00,235.76,23:00:00
2026-04-01 23:15:00,236.3,23:15:00
2026-04-01 23:30:00,233.42,23:30:00
2026-04-01 23:45:00,233.56,23:45:00
2026-04-02 00:00:00,231.25,00:00:00
2026-04-02 00:15:00,231.43,00:15:00
2026-04-02 00:30:00,234.16,00:30:00
2026-04-02 00:45:00,234.51,00:45:00
2026-04-02 01:00:00,228.91,01:00:00
2026-04-02 01:15:00,229.27,01:15:00
2026-04-02 01:30:00,221.77,01:30:00
2026-04-02 01:45:00,221.8,01:45:00
2026-04-02 02:00:00,212.89,02:00:00
2026-04-02 02:15:00,212.86,02:15:00
2026-04-02 02:30:00,210.2,02:30:00
2026-04-02 02:45:00,209.87,02:45:00
2026-04-02 03:00:00,217.42,03:00:00
2026-04-02 03:15:00,217.12,03:15:00
2026-04-02 03:30:00,218.32,03:30:00
2026-04-02 03:45:00,217.92,03:45:00
2026-04-02 04:00:00,223.97,04:00:00
2026-04-02 04:15:00,223.52,04:15:00
2026-04-02 04:30:00,224.62,04:30:00
2026-04-02 04:45:00,224.22,04:45:00
2026-04-02 05:00:00,234.59,05:00:00
2026-04-02 05:15:00,234.0,05:15:00
2026-04-02 05:30:00,244.11,05:30:00
2026-04-02 05:45:00,244.1,05:45:00
2026-04-02 06:00:00,243.58,06:00:00
2026-04-02 06:15:00,243.43,06:15:00
2026-04-02 06:30:00,242.14,06:30:00
2026-04-02 06:45:00,242.48,06:45:00
2026-04-02 07:00:00,216.61,07:00:00
2026-04-02 07:15:00,216.36,07:15:00
2026-04-02 07:30:00,205.14,07:30:00
2026-04-02 07:45:00,204.07,07:45:00
2026-04-02 08:00:00,197.5,08:00:00
2026-04-02 08:15:00,197.23,08:15:00
2026-04-02 08:30:00,193.12,08:30:00
2026-04-02 08:45:00,193.46,08:45:00
2026-04-02 09:00:00,188.94,09:00:00
2026-04-02 09:15:00,189.05,09:15:00
2026-04-02 09:30:00,182.89,09:30:00
2026-04-02 09:45:00,182.99,09:45:00
2026-04-02 10:00:00,177.63,10:00:00
2026-04-02 10:15:00,177.98,10:15:00
2026-04-02 10:30:00,172.42,10:30:00
2026-04-02 10:45:00,171.89,10:45:00
2026-04-02 11:00:00,168.57,11:00:00
2026-04-02 11:15:00,168.28,11:15:00
2026-04-02 11:30:00,163.9,11:30:00
2026-04-02 11:45:00,163.52,11:45:00
2026-04-02 12:00:00,160.08,12:00:00
2026-04-02 12:15:00,160.37,12:15:00
2026-04-02 12:30:00,156.69,12:30:00
2026-04-02 12:45:00,156.78,12:45:00
2026-04-02 13:00:00,153.31,13:00:00
2026-04-02 13:15:00,153.52,13:15:00
2026-04-02 13:30:00,150.78,13:30:00
2026-04-02 13:45:00,150.39,13:45:00
2026-04-02 14:00:00,149.97,14:00:00
2026-04-02 14:15:00,149.72,14:15:00
2026-04-02 14:30:00,147.48,14:30:00
2026-04-02 14:45:00,145.91,14:45:00
2026-04-02 15:00:00,142.38,15:00:00
2026-04-02 15:15:00,142.53,15:15:00
2026-04-02 15:30:00,165.06,15:30:00
2026-04-02 15:45:00,165.05,15:45:00
2026-04-02 16:00:00,184.46,16:00:00
2026-04-02 16:15:00,184.02,16:15:00
2026-04-02 16:30:00,203.37,16:30:00
2026-04-02 16:45:00,204.11,16:45:00
2026-04-02 17:00:00,224.31,17:00:00
2026-04-02 17:15:00,224.34,17:15:00
2026-04-02 17:30:00,234.19,17:30:00
2026-04-02 17:45:00,234.25,17:45:00
2026-04-02 18:00:00,239.37,18:00:00
2026-04-02 18:15:00,239.73,18:15:00
2026-04-02 18:30:00,240.14,18:30:00
2026-04-02 18:45:00,240.0,18:45:00
2026-04-02 19:00:00,229.54,19:00:00
2026-04-02 19:15:00,229.65,19:15:00
2026-04-02 19:30:00,226.64,19:30:00
2026-04-02 19:45:00,226.89,19:45:00
2026-04-02 20:00:00,229.33,20:00:00
2026-04-02 20:15:00,229.92,20:15:00
2026-04-02 20:30:00,225.92,20:30:00
2026-04-02 20:45:00,226.55,20:45:00
2026-04-02 21:00:00,231.1,21:00:00
2026-04-02 21:15:00,231.95,21:15:00
2026-04-02 21:30:00,221.25,21:30:00
2026-04-02 21:45:00,221.71,21:45:00
2026-04-02 22:00:00,200.8,22:00:00
2026-04-02 22:15:00,201.18,22:15:00
2026-04-02 22:30:00,178.44,22:30:00
2026-04-02 22:45:00,178.84,22:45:00
2026-04-02 23:00:00,155.0,23:00:00
2026-04-02 23:15:00,155.0,23:15:00
2026-04-02 23:30:00,150.38,23:30:00
2026-04-02 23:45:00,150.38,23:45:00
2026-04-03 00:00:00,145.94,00:00:00
2026-04-03 00:15:00,145.94,00:15:00
2026-04-03 00:30:00,131.74,00:30:00
2026-04-03 00:45:00,131.74,00:45:00
2026-04-03 01:00:00,123.43,01:00:00
2026-04-03 01:15:00,123.43,01:15:00
2026-04-03 01:30:00,123.73,01:30:00
2026-04-03 01:45:00,123.73,01:45:00
2026-04-03 02:00:00,122.25,02:00:00
2026-04-03 02:15:00,122.25,02:15:00
2026-04-03 02:30:00,120.81,02:30:00
2026-04-03 02:45:00,120.81,02:45:00
2026-04-03 03:00:00,116.81,03:00:00
2026-04-03 03:15:00,116.81,03:15:00
2026-04-03 03:30:00,108.1,03:30:00
2026-04-03 03:45:00,108.1,03:45:00
2026-04-03 04:00:00,100.81,04:00:00
2026-04-03 04:15:00,100.81,04:15:00
2026-04-03 04:30:00,102.96,04:30:00
2026-04-03 04:45:00,102.96,04:45:00
2026-04-03 05:00:00,107.98,05:00:00
2026-04-03 05:15:00,107.98,05:15:00
2026-04-03 05:30:00,113.9,05:30:00
2026-04-03 05:45:00,113.9,05:45:00
2026-04-03 06:00:00,113.93,06:00:00
2026-04-03 06:15:00,114.01,06:15:00
2026-04-03 06:30:00,117.92,06:30:00
2026-04-03 06:45:00,118.08,06:45:00
2026-04-03 07:00:00,106.38,07:00:00
2026-04-03 07:15:00,106.5,07:15:00
2026-04-03 07:30:00,101.26,07:30:00
2026-04-03 07:45:00,101.23,07:45:00
2026-04-03 08:00:00,90.22,08:00:00
2026-04-03 08:15:00,90.4,08:15:00
2026-04-03 08:30:00,88.25,08:30:00
2026-04-03 08:45:00,87.76,08:45:00
2026-04-03 09:00:00,84.2,09:00:00
2026-04-03 09:15:00,84.43,09:15:00
2026-04-03 09:30:00,84.14,09:30:00
2026-04-03 09:45:00,84.14,09:45:00
2026-04-03 10:00:00,81.56,10:00:00
2026-04-03 10:15:00,81.77,10:15:00
2026-04-03 10:30:00,79.33,10:30:00
2026-04-03 10:45:00,79.33,10:45:00
2026-04-03 11:00:00,73.02,11:00:00
2026-04-03 11:15:00,73.01,11:15:00
2026-04-03 11:30:00,72.52,11:30:00
2026-04-03 11:45:00,72.2,11:45:00
2026-04-03 12:00:00,71.42,12:00:00
2026-04-03 12:15:00,71.24,12:15:00
2026-04-03 12:30:00,69.46,12:30:00
2026-04-03 12:45:00,69.39,12:45:00
2026-04-03 13:00:00,64.46,13:00:00
2026-04-03 13:15:00,64.21,13:15:00
2026-04-03 13:30:00,63.47,13:30:00
2026-04-03 13:45:00,62.76,13:45:00
2026-04-03 14:00:00,59.23,14:00:00
2026-04-03 14:15:00,59.07,14:15:00
2026-04-03 14:30:00,60.05,14:30:00
2026-04-03 14:45:00,59.86,14:45:00
2026-04-03 15:00:00,61.92,15:00:00
2026-04-03 15:15:00,61.87,15:15:00
2026-04-03 15:30:00,64.12,15:30:00
2026-04-03 15:45:00,64.14,15:45:00
2026-04-03 16:00:00,74.71,16:00:00
2026-04-03 16:15:00,74.68,16:15:00
2026-04-03 16:30:00,82.32,16:30:00
2026-04-03 16:45:00,82.33,16:45:00
2026-04-03 17:00:00,82.8,17:00:00
2026-04-03 17:15:00,82.76,17:15:00
2026-04-03 17:30:00,89.01,17:30:00
2026-04-03 17:45:00,88.98,17:45:00
2026-04-03 18:00:00,86.45,18:00:00
2026-04-03 18:15:00,86.54,18:15:00
2026-04-03 18:30:00,84.82,18:30:00
2026-04-03 18:45:00,84.66,18:45:00
2026-04-03 19:00:00,82.75,19:00:00
2026-04-03 19:15:00,82.66,19:15:00
2026-04-03 19:30:00,85.92,19:30:00
2026-04-03 19:45:00,85.89,19:45:00
2026-04-03 20:00:00,85.32,20:00:00
2026-04-03 20:15:00,85.2,20:15:00
2026-04-03 20:30:00,82.68,20:30:00
2026-04-03 20:45:00,82.83,20:45:00
2026-04-03 21:00:00,87.65,21:00:00
2026-04-03 21:15:00,88.04,21:15:00
2026-04-03 21:30:00,84.21,21:30:00
2026-04-03 21:45:00,84.29,21:45:00
2026-04-03 22:00:00,76.73,22:00:00
2026-04-03 22:15:00,76.7,22:15:00
2026-04-03 22:30:00,74.94,22:30:00
2026-04-03 22:45:00,75.08,22:45:00
2026-04-03 23:00:00,71.38,23:00:00
2026-04-03 23:15:00,71.31,23:15:00
2026-04-03 23:30:00,74.77,23:30:00
2026-04-03 23:45:00,74.87,23:45:00
2026-04-04 00:00:00,74.18,00:00:00
2026-04-04 00:15:00,74.12,00:15:00
2026-04-04 00:30:00,79.65,00:30:00
2026-04-04 00:45:00,79.53,00:45:00
2026-04-04 01:00:00,82.97,01:00:00
2026-04-04 01:15:00,82.54,01:15:00
2026-04-04 01:30:00,83.68,01:30:00
2026-04-04 01:45:00,83.47,01:45:00
2026-04-04 02:00:00,83.88,02:00:00
2026-04-04 02:15:00,83.74,02:15:00
2026-04-04 02:30:00,82.44,02:30:00
2026-04-04 02:45:00,82.42,02:45:00
2026-04-04 03:00:00,88.35,03:00:00
2026-04-04 03:15:00,88.49,03:15:00
2026-04-04 03:30:00,91.22,03:30:00
2026-04-04 03:45:00,90.86,03:45:00
2026-04-04 04:00:00,97.24,04:00:00
2026-04-04 04:15:00,97.03,04:15:00
2026-04-04 04:30:00,101.78,04:30:00
2026-04-04 04:45:00,101.55,04:45:00
2026-04-04 05:00:00,101.16,05:00:00
2026-04-04 05:15:00,100.61,05:15:00
2026-04-04 05:30:00,107.64,05:30:00
2026-04-04 05:45:00,107.87,05:45:00
2026-04-04 06:00:00,113.05,06:00:00
2026-04-04 06:15:00,113.06,06:15:00
2026-04-04 06:30:00,122.81,06:30:00
2026-04-04 06:45:00,122.58,06:45:00
2026-04-04 07:00:00,135.36,07:00:00
2026-04-04 07:15:00,135.3,07:15:00
2026-04-04 07:30:00,137.17,07:30:00
2026-04-04 07:45:00,137.98,07:45:00
2026-04-04 08:00:00,131.85,08:00:00
2026-04-04 08:15:00,133.59,08:15:00
2026-04-04 08:30:00,128.53,08:30:00
2026-04-04 08:45:00,129.77,08:45:00
2026-04-04 09:00:00,127.45,09:00:00
2026-04-04 09:15:00,128.04,09:15:00
2026-04-04 09:30:00,125.67,09:30:00
2026-04-04 09:45:00,125.68,09:45:00
2026-04-04 10:00:00,121.55,10:00:00
2026-04-04 10:15:00,121.79,10:15:00
2026-04-04 10:30:00,112.4,10:30:00
2026-04-04 10:45:00,112.74,10:45:00
2026-04-04 11:00:00,102.48,11:00:00
2026-04-04 11:15:00,102.32,11:15:00
2026-04-04 11:30:00,84.0,11:30:00
2026-04-04 11:45:00,83.81,11:45:00
2026-04-04 12:00:00,77.32,12:00:00
2026-04-04 12:15:00,77.1,12:15:00
2026-04-04 12:30:00,72.79,12:30:00
2026-04-04 12:45:00,72.39,12:45:00
2026-04-04 13:00:00,63.26,13:00:00
2026-04-04 13:15:00,62.79,13:15:00
2026-04-04 13:30:00,61.33,13:30:00
2026-04-04 13:45:00,60.96,13:45:00
2026-04-04 14:00:00,59.77,14:00:00
2026-04-04 14:15:00,59.24,14:15:00
2026-04-04 14:30:00,60.21,14:30:00
2026-04-04 14:45:00,59.69,14:45:00
2026-04-04 15:00:00,61.86,15:00:00
2026-04-04 15:15:00,61.83,15:15:00
2026-04-04 15:30:00,67.05,15:30:00
2026-04-04 15:45:00,67.06,15:45:00
2026-04-04 16:00:00,81.47,16:00:00
2026-04-04 16:15:00,81.38,16:15:00
2026-04-04 16:30:00,91.2,16:30:00
2026-04-04 16:45:00,91.25,16:45:00
2026-04-04 17:00:00,96.36,17:00:00
2026-04-04 17:15:00,96.43,17:15:00
2026-04-04 17:30:00,99.48,17:30:00
2026-04-04 17:45:00,99.48,17:45:00
2026-04-04 18:00:00,102.62,18:00:00
2026-04-04 18:15:00,102.64,18:15:00
2026-04-04 18:30:00,101.61,18:30:00
2026-04-04 18:45:00,101.56,18:45:00
2026-04-04 19:00:00,100.05,19:00:00
2026-04-04 19:15:00,99.92,19:15:00
2026-04-04 19:30:00,98.61,19:30:00
2026-04-04 19:45:00,98.48,19:45:00
2026-04-04 20:00:00,97.22,20:00:00
2026-04-04 20:15:00,97.1,20:15:00
2026-04-04 20:30:00,89.43,20:30:00
2026-04-04 20:45:00,89.38,20:45:00
2026-04-04 21:00:00,88.84,21:00:00
2026-04-04 21:15:00,88.84,21:15:00
2026-04-04 21:30:00,82.83,21:30:00
2026-04-04 21:45:00,82.63,21:45:00
2026-04-04 22:00:00,85.05,22:00:00
2026-04-04 22:15:00,85.05,22:15:00
2026-04-04 22:30:00,88.35,22:30:00
2026-04-04 22:45:00,88.35,22:45:00
2026-04-04 23:00:00,90.48,23:00:00
2026-04-04 23:15:00,90.5,23:15:00
2026-04-04 23:30:00,91.29,23:30:00
2026-04-04 23:45:00,91.29,23:45:00
2026-04-05 00:00:00,79.14,00:00:00
2026-04-05 00:15:00,79.12,00:15:00
2026-04-05 00:30:00,74.92,00:30:00
2026-04-05 00:45:00,74.97,00:45:00
2026-04-05 01:00:00,74.45,01:00:00
2026-04-05 01:15:00,74.44,01:15:00
2026-04-05 01:30:00,75.61,01:30:00
2026-04-05 01:45:00,75.59,01:45:00
2026-04-05 02:00:00,74.48,02:00:00
2026-04-05 02:15:00,74.5,02:15:00
2026-04-05 02:30:00,75.03,02:30:00
2026-04-05 02:45:00,75.12,02:45:00
2026-04-05 03:00:00,78.94,03:00:00
2026-04-05 03:15:00,78.98,03:15:00
2026-04-05 03:30:00,76.87,03:30:00
2026-04-05 03:45:00,76.27,03:45:00
2026-04-05 04:00:00,81.71,04:00:00
2026-04-05 04:15:00,81.7,04:15:00
2026-04-05 04:30:00,75.6,04:30:00
2026-04-05 04:45:00,75.59,04:45:00
2026-04-05 05:00:00,73.02,05:00:00
2026-04-05 05:15:00,73.07,05:15:00
2026-04-05 05:30:00,73.81,05:30:00
2026-04-05 05:45:00,73.93,05:45:00
2026-04-05 06:00:00,73.84,06:00:00
2026-04-05 06:15:00,73.87,06:15:00
2026-04-05 06:30:00,72.2,06:30:00
2026-04-05 06:45:00,72.31,06:45:00
2026-04-05 07:00:00,66.57,07:00:00
2026-04-05 07:15:00,66.72,07:15:00
2026-04-05 07:30:00,64.78,07:30:00
2026-04-05 07:45:00,64.88,07:45:00
2026-04-05 08:00:00,62.65,08:00:00
2026-04-05 08:15:00,62.85,08:15:00
2026-04-05 08:30:00,60.85,08:30:00
2026-04-05 08:45:00,61.19,08:45:00
2026-04-05 09:00:00,55.17,09:00:00
2026-04-05 09:15:00,55.52,09:15:00
2026-04-05 09:30:00,53.58,09:30:00
2026-04-05 09:45:00,53.95,09:45:00
2026-04-05 10:00:00,57.01,10:00:00
2026-04-05 10:15:00,57.22,10:15:00
2026-04-05 10:30:00,57.69,10:30:00
2026-04-05 10:45:00,57.18,10:45:00
2026-04-05 11:00:00,50.4,11:00:00
2026-04-05 11:15:00,50.31,11:15:00
2026-04-05 11:30:00,45.6,11:30:00
2026-04-05 11:45:00,46.23,11:45:00
2026-04-05 12:00:00,49.03,12:00:00
2026-04-05 12:15:00,48.75,12:15:00
2026-04-05 12:30:00,49.55,12:30:00
2026-04-05 12:45:00,48.98,12:45:00
2026-04-05 13:00:00,46.99,13:00:00
2026-04-05 13:15:00,46.73,13:15:00
2026-04-05 13:30:00,48.7,13:30:00
2026-04-05 13:45:00,48.91,13:45:00
2026-04-05 14:00:00,51.91,14:00:00
2026-04-05 14:15:00,51.87,14:15:00
2026-04-05 14:30:00,51.52,14:30:00
2026-04-05 14:45:00,50.6,14:45:00
2026-04-05 15:00:00,54.32,15:00:00
2026-04-05 15:15:00,54.26,15:15:00
2026-04-05 15:30:00,60.89,15:30:00
2026-04-05 15:45:00,60.69,15:45:00
2026-04-05 16:00:00,62.05,16:00:00
2026-04-05 16:15:00,61.97,16:15:00
2026-04-05 16:30:00,70.18,16:30:00
2026-04-05 16:45:00,70.05,16:45:00
2026-04-05 17:00:00,69.7,17:00:00
2026-04-05 17:15:00,69.31,17:15:00
2026-04-05 17:30:00,80.98,17:30:00
2026-04-05 17:45:00,81.02,17:45:00
2026-04-05 18:00:00,92.26,18:00:00
2026-04-05 18:15:00,92.44,18:15:00
2026-04-05 18:30:00,99.76,18:30:00
2026-04-05 18:45:00,99.65,18:45:00
2026-04-05 19:00:00,113.25,19:00:00
2026-04-05 19:15:00,113.04,19:15:00
2026-04-05 19:30:00,114.28,19:30:00
2026-04-05 19:45:00,114.18,19:45:00
2026-04-05 20:00:00,112.22,20:00:00
2026-04-05 20:15:00,111.78,20:15:00
2026-04-05 20:30:00,109.75,20:30:00
2026-04-05 20:45:00,109.55,20:45:00
2026-04-05 21:00:00,111.74,21:00:00
2026-04-05 21:15:00,111.4,21:15:00
2026-04-05 21:30:00,108.94,21:30:00
2026-04-05 21:45:00,109.0,21:45:00
2026-04-05 22:00:00,109.92,22:00:00
2026-04-05 22:15:00,109.91,22:15:00
2026-04-05 22:30:00,104.3,22:30:00
2026-04-05 22:45:00,104.21,22:45:00
2026-04-05 23:00:00,105.46,23:00:00
2026-04-05 23:15:00,105.65,23:15:00
2026-04-05 23:30:00,107.94,23:30:00
2026-04-05 23:45:00,107.75,23:45:00
2026-04-06 00:00:00,113.33,00:00:00
2026-04-06 00:15:00,113.0,00:15:00
2026-04-06 00:30:00,114.3,00:30:00
2026-04-06 00:45:00,114.11,00:45:00
2026-04-06 01:00:00,117.86,01:00:00
2026-04-06 01:15:00,117.79,01:15:00
2026-04-06 01:30:00,117.1,01:30:00
2026-04-06 01:45:00,117.11,01:45:00
2026-04-06 02:00:00,114.87,02:00:00
2026-04-06 02:15:00,114.84,02:15:00
2026-04-06 02:30:00,111.0,02:30:00
2026-04-06 02:45:00,111.14,02:45:00
2026-04-06 03:00:00,117.72,03:00:00
2026-04-06 03:15:00,117.59,03:15:00
2026-04-06 03:30:00,127.37,03:30:00
2026-04-06 03:45:00,127.54,03:45:00
2026-04-06 04:00:00,128.84,04:00:00
2026-04-06 04:15:00,129.22,04:15:00
2026-04-06 04:30:00,133.83,04:30:00
2026-04-06 04:45:00,133.9,04:45:00
2026-04-06 05:00:00,139.82,05:00:00
2026-04-06 05:15:00,140.26,05:15:00
2026-04-06 05:30:00,145.47,05:30:00
2026-04-06 05:45:00,145.17,05:45:00
2026-04-06 06:00:00,147.12,06:00:00
2026-04-06 06:15:00,147.28,06:15:00
2026-04-06 06:30:00,144.58,06:30:00
2026-04-06 06:45:00,145.56,06:45:00
2026-04-06 07:00:00,141.59,07:00:00
2026-04-06 07:15:00,141.58,07:15:00
2026-04-06 07:30:00,135.98,07:30:00
2026-04-06 07:45:00,136.96,07:45:00
2026-04-06 08:00:00,126.02,08:00:00
2026-04-06 08:15:00,126.47,08:15:00
2026-04-06 08:30:00,109.89,08:30:00
2026-04-06 08:45:00,110.35,08:45:00
2026-04-06 09:00:00,98.65,09:00:00
2026-04-06 09:15:00,99.28,09:15:00
2026-04-06 09:30:00,87.61,09:30:00
2026-04-06 09:45:00,88.12,09:45:00
2026-04-06 10:00:00,82.69,10:00:00
2026-04-06 10:15:00,82.99,10:15:00
2026-04-06 10:30:00,76.84,10:30:00
2026-04-06 10:45:00,76.76,10:45:00
2026-04-06 11:00:00,75.38,11:00:00
2026-04-06 11:15:00,75.31,11:15:00
2026-04-06 11:30:00,75.11,11:30:00
2026-04-06 11:45:00,74.84,11:45:00
2026-04-06 12:00:00,73.07,12:00:00
2026-04-06 12:15:00,73.2,12:15:00
2026-04-06 12:30:00,70.94,12:30:00
2026-04-06 12:45:00,70.8,12:45:00
2026-04-06 13:00:00,71.17,13:00:00
2026-04-06 13:15:00,71.01,13:15:00
2026-04-06 13:30:00,70.34,13:30:00
2026-04-06 13:45:00,70.02,13:45:00
2026-04-06 14:00:00,69.35,14:00:00
2026-04-06 14:15:00,68.77,14:15:00
2026-04-06 14:30:00,69.1,14:30:00
2026-04-06 14:45:00,69.07,14:45:00
2026-04-06 15:00:00,70.87,15:00:00
2026-04-06 15:15:00,70.15,15:15:00
2026-04-06 15:30:00,75.22,15:30:00
2026-04-06 15:45:00,74.88,15:45:00
2026-04-06 16:00:00,78.29,16:00:00
2026-04-06 16:15:00,77.23,16:15:00
2026-04-06 16:30:00,90.3,16:30:00
2026-04-06 16:45:00,89.67,16:45:00
2026-04-06 17:00:00,103.49,17:00:00
2026-04-06 17:15:00,103.41,17:15:00
2026-04-06 17:30:00,113.73,17:30:00
2026-04-06 17:45:00,113.84,17:45:00
2026-04-06 18:00:00,135.01,18:00:00
2026-04-06 18:15:00,135.11,18:15:00
2026-04-06 18:30:00,138.11,18:30:00
2026-04-06 18:45:00,138.29,18:45:00
2026-04-06 19:00:00,137.38,19:00:00
2026-04-06 19:15:00,137.22,19:15:00
2026-04-06 19:30:00,127.25,19:30:00
2026-04-06 19:45:00,127.03,19:45:00
2026-04-06 20:00:00,116.14,20:00:00
2026-04-06 20:15:00,116.16,20:15:00
2026-04-06 20:30:00,109.96,20:30:00
2026-04-06 20:45:00,110.25,20:45:00
2026-04-06 21:00:00,100.51,21:00:00
2026-04-06 21:15:00,100.3,21:15:00
2026-04-06 21:30:00,95.63,21:30:00
2026-04-06 21:45:00,96.29,21:45:00
2026-04-06 22:00:00,96.36,22:00:00
2026-04-06 22:15:00,96.59,22:15:00
2026-04-06 22:30:00,94.07,22:30:00
2026-04-06 22:45:00,94.64,22:45:00
2026-04-06 23:00:00,93.36,23:00:00
2026-04-06 23:15:00,93.99,23:15:00
2026-04-06 23:30:00,91.56,23:30:00
2026-04-06 23:45:00,91.5,23:45:00
2026-04-07 00:00:00,91.25,00:00:00
2026-04-07 00:15:00,91.1,00:15:00
2026-04-07 00:30:00,90.54,00:30:00
2026-04-07 00:45:00,90.48,00:45:00
2026-04-07 01:00:00,90.76,01:00:00
2026-04-07 01:15:00,90.79,01:15:00
2026-04-07 01:30:00,92.48,01:30:00
2026-04-07 01:45:00,92.45,01:45:00
2026-04-07 02:00:00,92.71,02:00:00
2026-04-07 02:15:00,92.62,02:15:00
2026-04-07 02:30:00,89.54,02:30:00
2026-04-07 02:45:00,89.19,02:45:00
2026-04-07 03:00:00,89.39,03:00:00
2026-04-07 03:15:00,89.41,03:15:00
2026-04-07 03:30:00,89.54,03:30:00
2026-04-07 03:45:00,89.05,03:45:00
2026-04-07 04:00:00,93.43,04:00:00
2026-04-07 04:15:00,93.31,04:15:00
2026-04-07 04:30:00,92.88,04:30:00
2026-04-07 04:45:00,92.83,04:45:00
2026-04-07 05:00:00,104.1,05:00:00
2026-04-07 05:15:00,103.63,05:15:00
2026-04-07 05:30:00,119.38,05:30:00
2026-04-07 05:45:00,119.61,05:45:00
2026-04-07 06:00:00,111.98,06:00:00
2026-04-07 06:15:00,113.51,06:15:00
2026-04-07 06:30:00,110.97,06:30:00
2026-04-07 06:45:00,111.96,06:45:00
2026-04-07 07:00:00,104.32,07:00:00
2026-04-07 07:15:00,104.44,07:15:00
2026-04-07 07:30:00,90.56,07:30:00
2026-04-07 07:45:00,90.7,07:45:00
2026-04-07 08:00:00,79.11,08:00:00
2026-04-07 08:15:00,79.08,08:15:00
2026-04-07 08:30:00,71.76,08:30:00
2026-04-07 08:45:00,71.47,08:45:00
2026-04-07 09:00:00,66.62,09:00:00
2026-04-07 09:15:00,67.01,09:15:00
2026-04-07 09:30:00,61.03,09:30:00
2026-04-07 09:45:00,61.35,09:45:00
2026-04-07 10:00:00,54.16,10:00:00
2026-04-07 10:15:00,53.85,10:15:00
2026-04-07 10:30:00,50.51,10:30:00
2026-04-07 10:45:00,50.07,10:45:00
2026-04-07 11:00:00,46.84,11:00:00
2026-04-07 11:15:00,46.87,11:15:00
2026-04-07 11:30:00,45.97,11:30:00
2026-04-07 11:45:00,45.33,11:45:00
2026-04-07 12:00:00,42.01,12:00:00
2026-04-07 12:15:00,42.03,12:15:00
2026-04-07 12:30:00,41.07,12:30:00
2026-04-07 12:45:00,40.31,12:45:00
2026-04-07 13:00:00,39.73,13:00:00
2026-04-07 13:15:00,39.7,13:15:00
2026-04-07 13:30:00,39.5,13:30:00
2026-04-07 13:45:00,39.48,13:45:00
2026-04-07 14:00:00,46.08,14:00:00
2026-04-07 14:15:00,46.06,14:15:00
2026-04-07 14:30:00,50.26,14:30:00
2026-04-07 14:45:00,50.21,14:45:00
2026-04-07 15:00:00,51.93,15:00:00
2026-04-07 15:15:00,51.9,15:15:00
2026-04-07 15:30:00,67.22,15:30:00
2026-04-07 15:45:00,67.26,15:45:00
2026-04-07 16:00:00,78.07,16:00:00
2026-04-07 16:15:00,78.15,16:15:00
2026-04-07 16:30:00,95.64,16:30:00
2026-04-07 16:45:00,95.87,16:45:00
2026-04-07 17:00:00,119.68,17:00:00
2026-04-07 17:15:00,119.51,17:15:00
2026-04-07 17:30:00,137.71,17:30:00
2026-04-07 17:45:00,137.5,17:45:00
2026-04-07 18:00:00,144.43,18:00:00
2026-04-07 18:15:00,143.94,18:15:00
2026-04-07 18:30:00,146.77,18:30:00
2026-04-07 18:45:00,146.33,18:45:00
2026-04-07 19:00:00,141.26,19:00:00
2026-04-07 19:15:00,140.87,19:15:00
2026-04-07 19:30:00,138.15,19:30:00
2026-04-07 19:45:00,138.15,19:45:00
2026-04-07 20:00:00,140.44,20:00:00
2026-04-07 20:15:00,140.55,20:15:00
2026-04-07 20:30:00,137.76,20:30:00
2026-04-07 20:45:00,137.78,20:45:00
2026-04-07 21:00:00,130.82,21:00:00
2026-04-07 21:15:00,130.95,21:15:00
2026-04-07 21:30:00,132.34,21:30:00
2026-04-07 21:45:00,132.59,21:45:00
2026-04-07 22:00:00,134.7,22:00:00
2026-04-07 22:15:00,135.15,22:15:00
2026-04-07 22:30:00,136.79,22:30:00
2026-04-07 22:45:00,136.99,22:45:00
2026-04-07 23:00:00,135.5,23:00:00
2026-04-07 23:15:00,135.56,23:15:00
2026-04-07 23:30:00,134.61,23:30:00
2026-04-07 23:45:00,134.41,23:45:00
2026-04-08 00:00:00,139.37,00:00:00
2026-04-08 00:15:00,139.4,00:15:00
2026-04-08 00:30:00,138.13,00:30:00
2026-04-08 00:45:00,138.26,00:45:00
2026-04-08 01:00:00,139.41,01:00:00
2026-04-08 01:15:00,139.51,01:15:00
2026-04-08 01:30:00,138.52,01:30:00
2026-04-08 01:45:00,138.29,01:45:00
2026-04-08 02:00:00,143.16,02:00:00
2026-04-08 02:15:00,142.94,02:15:00
2026-04-08 02:30:00,149.91,02:30:00
2026-04-08 02:45:00,148.73,02:45:00
2026-04-08 03:00:00,154.64,03:00:00
2026-04-08 03:15:00,154.59,03:15:00
2026-04-08 03:30:00,163.31,03:30:00
2026-04-08 03:45:00,163.2,03:45:00
2026-04-08 04:00:00,178.62,04:00:00
2026-04-08 04:15:00,178.65,04:15:00
2026-04-08 04:30:00,190.45,04:30:00
2026-04-08 04:45:00,190.14,04:45:00
2026-04-08 05:00:00,197.15,05:00:00
2026-04-08 05:15:00,196.64,05:15:00
2026-04-08 05:30:00,210.37,05:30:00
2026-04-08 05:45:00,209.93,05:45:00
2026-04-08 06:00:00,220.39,06:00:00
2026-04-08 06:15:00,221.31,06:15:00
2026-04-08 06:30:00,210.32,06:30:00
2026-04-08 06:45:00,209.74,06:45:00
2026-04-08 07:00:00,201.22,07:00:00
2026-04-08 07:15:00,200.61,07:15:00
2026-04-08 07:30:00,195.05,07:30:00
2026-04-08 07:45:00,194.95,07:45:00
2026-04-08 08:00:00,184.55,08:00:00
2026-04-08 08:15:00,184.98,08:15:00
2026-04-08 08:30:00,175.08,08:30:00
2026-04-08 08:45:00,174.96,08:45:00
2026-04-08 09:00:00,163.34,09:00:00
2026-04-08 09:15:00,163.25,09:15:00
2026-04-08 09:30:00,150.87,09:30:00
2026-04-08 09:45:00,150.81,09:45:00
2026-04-08 10:00:00,139.02,10:00:00
2026-04-08 10:15:00,138.91,10:15:00
2026-04-08 10:30:00,132.19,10:30:00
2026-04-08 10:45:00,132.09,10:45:00
2026-04-08 11:00:00,127.04,11:00:00
2026-04-08 11:15:00,126.94,11:15:00
2026-04-08 11:30:00,123.14,11:30:00
2026-04-08 11:45:00,123.26,11:45:00
2026-04-08 12:00:00,117.04,12:00:00
2026-04-08 12:15:00,117.11,12:15:00
2026-04-08 12:30:00,115.19,12:30:00
2026-04-08 12:45:00,115.18,12:45:00
2026-04-08 13:00:00,118.94,13:00:00
2026-04-08 13:15:00,118.89,13:15:00
2026-04-08 13:30:00,122.9,13:30:00
2026-04-08 13:45:00,123.01,13:45:00
2026-04-08 14:00:00,127.67,14:00:00
2026-04-08 14:15:00,127.47,14:15:00
2026-04-08 14:30:00,134.99,14:30:00
2026-04-08 14:45:00,134.85,14:45:00
2026-04-08 15:00:00,150.08,15:00:00
2026-04-08 15:15:00,150.36,15:15:00
2026-04-08 15:30:00,163.18,15:30:00
2026-04-08 15:45:00,162.48,15:45:00
2026-04-08 16:00:00,175.05,16:00:00
2026-04-08 16:15:00,174.92,16:15:00
2026-04-08 16:30:00,192.42,16:30:00
2026-04-08 16:45:00,191.56,16:45:00
2026-04-08 17:00:00,206.27,17:00:00
2026-04-08 17:15:00,206.42,17:15:00
2026-04-08 17:30:00,220.39,17:30:00
2026-04-08 17:45:00,220.3,17:45:00
2026-04-08 18:00:00,224.09,18:00:00
2026-04-08 18:15:00,224.12,18:15:00
2026-04-08 18:30:00,224.96,18:30:00
2026-04-08 18:45:00,224.76,18:45:00
2026-04-08 19:00:00,221.35,19:00:00
2026-04-08 19:15:00,220.58,19:15:00
2026-04-08 19:30:00,217.55,19:30:00
2026-04-08 19:45:00,218.31,19:45:00
2026-04-08 20:00:00,217.64,20:00:00
2026-04-08 20:15:00,217.36,20:15:00
2026-04-08 20:30:00,212.96,20:30:00
2026-04-08 20:45:00,212.66,20:45:00
2026-04-08 21:00:00,207.46,21:00:00
2026-04-08 21:15:00,208.5,21:15:00
2026-04-08 21:30:00,201.55,21:30:00
2026-04-08 21:45:00,202.12,21:45:00
2026-04-08 22:00:00,186.7,22:00:00
2026-04-08 22:15:00,186.69,22:15:00
2026-04-08 22:30:00,182.13,22:30:00
2026-04-08 22:45:00,182.15,22:45:00
2026-04-08 23:00:00,179.57,23:00:00
2026-04-08 23:15:00,179.71,23:15:00
2026-04-08 23:30:00,182.26,23:30:00
2026-04-08 23:45:00,182.64,23:45:00
2026-04-09 00:00:00,182.16,00:00:00
2026-04-09 00:15:00,182.2,00:15:00
2026-04-09 00:30:00,182.29,00:30:00
2026-04-09 00:45:00,182.23,00:45:00
2026-04-09 01:00:00,181.88,01:00:00
2026-04-09 01:15:00,181.61,01:15:00
2026-04-09 01:30:00,179.97,01:30:00
2026-04-09 01:45:00,179.89,01:45:00
2026-04-09 02:00:00,182.66,02:00:00
2026-04-09 02:15:00,182.78,02:15:00
2026-04-09 02:30:00,183.94,02:30:00
2026-04-09 02:45:00,183.09,02:45:00
2026-04-09 03:00:00,185.67,03:00:00
2026-04-09 03:15:00,185.52,03:15:00
2026-04-09 03:30:00,187.57,03:30:00
2026-04-09 03:45:00,187.02,03:45:00
2026-04-09 04:00:00,189.28,04:00:00
2026-04-09 04:15:00,188.66,04:15:00
2026-04-09 04:30:00,197.5,04:30:00
2026-04-09 04:45:00,196.97,04:45:00
2026-04-09 05:00:00,198.53,05:00:00
2026-04-09 05:15:00,197.93,05:15:00
2026-04-09 05:30:00,199.94,05:30:00
2026-04-09 05:45:00,199.86,05:45:00
2026-04-09 06:00:00,194.79,06:00:00
2026-04-09 06:15:00,194.8,06:15:00
2026-04-09 06:30:00,192.08,06:30:00
2026-04-09 06:45:00,192.39,06:45:00
2026-04-09 07:00:00,188.15,07:00:00
2026-04-09 07:15:00,187.79,07:15:00
2026-04-09 07:30:00,184.03,07:30:00
2026-04-09 07:45:00,183.5,07:45:00
2026-04-09 08:00:00,166.81,08:00:00
2026-04-09 08:15:00,167.0,08:15:00
2026-04-09 08:30:00,154.32,08:30:00
2026-04-09 08:45:00,154.63,08:45:00
2026-04-09 09:00:00,145.36,09:00:00
2026-04-09 09:15:00,145.09,09:15:00
2026-04-09 09:30:00,143.96,09:30:00
2026-04-09 09:45:00,144.03,09:45:00
2026-04-09 10:00:00,139.48,10:00:00
2026-04-09 10:15:00,139.64,10:15:00
2026-04-09 10:30:00,133.14,10:30:00
2026-04-09 10:45:00,133.33,10:45:00
2026-04-09 11:00:00,125.73,11:00:00
2026-04-09 11:15:00,125.86,11:15:00
2026-04-09 11:30:00,118.34,11:30:00
2026-04-09 11:45:00,118.27,11:45:00
2026-04-09 12:00:00,111.01,12:00:00
2026-04-09 12:15:00,111.04,12:15:00
2026-04-09 12:30:00,107.33,12:30:00
2026-04-09 12:45:00,107.27,12:45:00
2026-04-09 13:00:00,107.85,13:00:00
2026-04-09 13:15:00,107.84,13:15:00
2026-04-09 13:30:00,108.09,13:30:00
2026-04-09 13:45:00,107.09,13:45:00
2026-04-09 14:00:00,108.04,14:00:00
2026-04-09 14:15:00,107.75,14:15:00
2026-04-09 14:30:00,106.86,14:30:00
2026-04-09 14:45:00,107.05,14:45:00
2026-04-09 15:00:00,106.83,15:00:00
2026-04-09 15:15:00,107.04,15:15:00
2026-04-09 15:30:00,103.9,15:30:00
2026-04-09 15:45:00,103.26,15:45:00
2026-04-09 16:00:00,101.84,16:00:00
2026-04-09 16:15:00,102.23,16:15:00
2026-04-09 16:30:00,111.4,16:30:00
2026-04-09 16:45:00,111.9,16:45:00
2026-04-09 17:00:00,117.03,17:00:00
2026-04-09 17:15:00,116.91,17:15:00
2026-04-09 17:30:00,122.15,17:30:00
2026-04-09 17:45:00,121.55,17:45:00
2026-04-09 18:00:00,123.16,18:00:00
2026-04-09 18:15:00,123.11,18:15:00
2026-04-09 18:30:00,126.15,18:30:00
2026-04-09 18:45:00,125.87,18:45:00
2026-04-09 19:00:00,126.5,19:00:00
2026-04-09 19:15:00,127.06,19:15:00
2026-04-09 19:30:00,117.09,19:30:00
2026-04-09 19:45:00,116.53,19:45:00
2026-04-09 20:00:00,110.07,20:00:00
2026-04-09 20:15:00,110.37,20:15:00
2026-04-09 20:30:00,103.81,20:30:00
2026-04-09 20:45:00,102.75,20:45:00
2026-04-09 21:00:00,97.42,21:00:00
2026-04-09 21:15:00,97.02,21:15:00
2026-04-09 21:30:00,97.22,21:30:00
2026-04-09 21:45:00,97.17,21:45:00
2026-04-09 22:00:00,99.76,22:00:00
2026-04-09 22:15:00,99.7,22:15:00
2026-04-09 22:30:00,87.43,22:30:00
2026-04-09 22:45:00,87.37,22:45:00
2026-04-09 23:00:00,81.33,23:00:00
2026-04-09 23:15:00,81.35,23:15:00
2026-04-09 23:30:00,80.3,23:30:00
2026-04-09 23:45:00,80.25,23:45:00
2026-04-10 00:00:00,79.98,00:00:00
2026-04-10 00:15:00,79.79,00:15:00
2026-04-10 00:30:00,80.09,00:30:00
2026-04-10 00:45:00,80.14,00:45:00
2026-04-10 01:00:00,76.24,01:00:00
2026-04-10 01:15:00,76.23,01:15:00
2026-04-10 01:30:00,73.04,01:30:00
2026-04-10 01:45:00,73.14,01:45:00
2026-04-10 02:00:00,72.14,02:00:00
2026-04-10 02:15:00,72.03,02:15:00
2026-04-10 02:30:00,73.59,02:30:00
2026-04-10 02:45:00,73.6,02:45:00
2026-04-10 03:00:00,75.63,03:00:00
2026-04-10 03:15:00,75.63,03:15:00
2026-04-10 03:30:00,80.95,03:30:00
2026-04-10 03:45:00,80.91,03:45:00
2026-04-10 04:00:00,106.32,04:00:00
2026-04-10 04:15:00,106.33,04:15:00
2026-04-10 04:30:00,116.14,04:30:00
2026-04-10 04:45:00,115.72,04:45:00
2026-04-10 05:00:00,128.65,05:00:00
2026-04-10 05:15:00,128.6,05:15:00
2026-04-10 05:30:00,149.74,05:30:00
2026-04-10 05:45:00,149.53,05:45:00
2026-04-10 06:00:00,162.59,06:00:00
2026-04-10 06:15:00,162.56,06:15:00
2026-04-10 06:30:00,170.45,06:30:00
2026-04-10 06:45:00,170.03,06:45:00
2026-04-10 07:00:00,173.21,07:00:00
2026-04-10 07:15:00,172.71,07:15:00
2026-04-10 07:30:00,170.08,07:30:00
2026-04-10 07:45:00,170.46,07:45:00
2026-04-10 08:00:00,166.89,08:00:00
2026-04-10 08:15:00,167.25,08:15:00
2026-04-10 08:30:00,161.25,08:30:00
2026-04-10 08:45:00,161.75,08:45:00
2026-04-10 09:00:00,160.24,09:00:00
2026-04-10 09:15:00,160.66,09:15:00
2026-04-10 09:30:00,160.67,09:30:00
2026-04-10 09:45:00,160.73,09:45:00
2026-04-10 10:00:00,156.08,10:00:00
2026-04-10 10:15:00,157.01,10:15:00
2026-04-10 10:30:00,152.41,10:30:00
2026-04-10 10:45:00,153.17,10:45:00
2026-04-10 11:00:00,150.24,11:00:00
2026-04-10 11:15:00,150.84,11:15:00
2026-04-10 11:30:00,146.48,11:30:00
2026-04-10 11:45:00,146.95,11:45:00
2026-04-10 12:00:00,140.27,12:00:00
2026-04-10 12:15:00,140.81,12:15:00
2026-04-10 12:30:00,137.8,12:30:00
2026-04-10 12:45:00,137.41,12:45:00
2026-04-10 13:00:00,125.59,13:00:00
2026-04-10 13:15:00,125.72,13:15:00
2026-04-10 13:30:00,134.7,13:30:00
2026-04-10 13:45:00,134.48,13:45:00
2026-04-10 14:00:00,143.62,14:00:00
2026-04-10 14:15:00,143.9,14:15:00
2026-04-10 14:30:00,155.49,14:30:00
2026-04-10 14:45:00,151.72,14:45:00
2026-04-10 15:00:00,160.0,15:00:00
2026-04-10 15:15:00,159.68,15:15:00
2026-04-10 15:30:00,157.38,15:30:00
2026-04-10 15:45:00,157.28,15:45:00
2026-04-10 16:00:00,165.3,16:00:00
2026-04-10 16:15:00,165.43,16:15:00
2026-04-10 16:30:00,180.22,16:30:00
2026-04-10 16:45:00,180.47,16:45:00
2026-04-10 17:00:00,183.48,17:00:00
2026-04-10 17:15:00,183.89,17:15:00
2026-04-10 17:30:00,184.98,17:30:00
2026-04-10 17:45:00,185.02,17:45:00
2026-04-10 18:00:00,177.02,18:00:00
2026-04-10 18:15:00,177.07,18:15:00
2026-04-10 18:30:00,174.73,18:30:00
2026-04-10 18:45:00,174.63,18:45:00
2026-04-10 19:00:00,170.73,19:00:00
2026-04-10 19:15:00,170.48,19:15:00
2026-04-10 19:30:00,163.61,19:30:00
2026-04-10 19:45:00,163.55,19:45:00
2026-04-10 20:00:00,158.07,20:00:00
2026-04-10 20:15:00,157.78,20:15:00
2026-04-10 20:30:00,149.16,20:30:00
2026-04-10 20:45:00,148.9,20:45:00
2026-04-10 21:00:00,145.06,21:00:00
2026-04-10 21:15:00,145.07,21:15:00
2026-04-10 21:30:00,134.5,21:30:00
2026-04-10 21:45:00,134.28,21:45:00
2026-04-10 22:00:00,108.46,22:00:00
2026-04-10 22:15:00,108.5,22:15:00
2026-04-10 22:30:00,101.91,22:30:00
2026-04-10 22:45:00,101.87,22:45:00
2026-04-10 23:00:00,98.54,23:00:00
2026-04-10 23:15:00,98.5,23:15:00
2026-04-10 23:30:00,98.44,23:30:00
2026-04-10 23:45:00,98.42,23:45:00
2026-04-11 00:00:00,97.11,00:00:00
2026-04-11 00:15:00,97.11,00:15:00
2026-04-11 00:30:00,96.51,00:30:00
2026-04-11 00:45:00,96.51,00:45:00
2026-04-11 01:00:00,90.12,01:00:00
2026-04-11 01:15:00,90.12,01:15:00
2026-04-11 01:30:00,81.55,01:30:00
2026-04-11 01:45:00,81.55,01:45:00
2026-04-11 02:00:00,71.93,02:00:00
2026-04-11 02:15:00,71.93,02:15:00
2026-04-11 02:30:00,69.49,02:30:00
2026-04-11 02:45:00,69.49,02:45:00
2026-04-11 03:00:00,68.96,03:00:00
2026-04-11 03:15:00,68.96,03:15:00
2026-04-11 03:30:00,68.74,03:30:00
2026-04-11 03:45:00,68.74,03:45:00
2026-04-11 04:00:00,69.14,04:00:00
2026-04-11 04:15:00,69.13,04:15:00
2026-04-11 04:30:00,69.12,04:30:00
2026-04-11 04:45:00,69.11,04:45:00
2026-04-11 05:00:00,69.66,05:00:00
2026-04-11 05:15:00,69.64,05:15:00
2026-04-11 05:30:00,70.52,05:30:00
2026-04-11 05:45:00,70.53,05:45:00
2026-04-11 06:00:00,75.31,06:00:00
2026-04-11 06:15:00,75.31,06:15:00
2026-04-11 06:30:00,76.04,06:30:00
2026-04-11 06:45:00,76.04,06:45:00
2026-04-11 07:00:00,71.31,07:00:00
2026-04-11 07:15:00,71.31,07:15:00
2026-04-11 07:30:00,71.47,07:30:00
2026-04-11 07:45:00,71.48,07:45:00
2026-04-11 08:00:00,56.51,08:00:00
2026-04-11 08:15:00,58.03,08:15:00
2026-04-11 08:30:00,51.04,08:30:00
2026-04-11 08:45:00,51.16,08:45:00
2026-04-11 09:00:00,48.51,09:00:00
2026-04-11 09:15:00,48.57,09:15:00
2026-04-11 09:30:00,45.01,09:30:00
2026-04-11 09:45:00,45.1,09:45:00
2026-04-11 10:00:00,43.17,10:00:00
2026-04-11 10:15:00,43.28,10:15:00
2026-04-11 10:30:00,43.58,10:30:00
2026-04-11 10:45:00,43.6,10:45:00
2026-04-11 11:00:00,43.56,11:00:00
2026-04-11 11:15:00,43.42,11:15:00
2026-04-11 11:30:00,42.76,11:30:00
2026-04-11 11:45:00,42.69,11:45:00
2026-04-11 12:00:00,41.9,12:00:00
2026-04-11 12:15:00,41.93,12:15:00
2026-04-11 12:30:00,44.23,12:30:00
2026-04-11 12:45:00,43.67,12:45:00
2026-04-11 13:00:00,50.4,13:00:00
2026-04-11 13:15:00,50.29,13:15:00
2026-04-11 13:30:00,56.25,13:30:00
2026-04-11 13:45:00,55.0,13:45:00
2026-04-11 14:00:00,61.57,14:00:00
2026-04-11 14:15:00,61.57,14:15:00
2026-04-11 14:30:00,63.57,14:30:00
2026-04-11 14:45:00,63.57,14:45:00
2026-04-11 15:00:00,58.53,15:00:00
2026-04-11 15:15:00,58.47,15:15:00
2026-04-11 15:30:00,70.89,15:30:00
2026-04-11 15:45:00,70.91,15:45:00
2026-04-11 16:00:00,73.28,16:00:00
2026-04-11 16:15:00,73.31,16:15:00
2026-04-11 16:30:00,73.13,16:30:00
2026-04-11 16:45:00,73.16,16:45:00
2026-04-11 17:00:00,75.65,17:00:00
2026-04-11 17:15:00,75.6,17:15:00
2026-04-11 17:30:00,82.64,17:30:00
2026-04-11 17:45:00,82.64,17:45:00
2026-04-11 18:00:00,94.25,18:00:00
2026-04-11 18:15:00,94.19,18:15:00
2026-04-11 18:30:00,100.46,18:30:00
2026-04-11 18:45:00,100.49,18:45:00
2026-04-11 19:00:00,101.95,19:00:00
2026-04-11 19:15:00,101.94,19:15:00
2026-04-11 19:30:00,101.06,19:30:00
2026-04-11 19:45:00,101.05,19:45:00
2026-04-11 20:00:00,98.44,20:00:00
2026-04-11 20:15:00,98.43,20:15:00
2026-04-11 20:30:00,94.81,20:30:00
2026-04-11 20:45:00,94.78,20:45:00
2026-04-11 21:00:00,92.94,21:00:00
2026-04-11 21:15:00,92.93,21:15:00
2026-04-11 21:30:00,94.39,21:30:00
2026-04-11 21:45:00,94.36,21:45:00
2026-04-11 22:00:00,93.58,22:00:00
2026-04-11 22:15:00,93.58,22:15:00
2026-04-11 22:30:00,96.91,22:30:00
2026-04-11 22:45:00,96.91,22:45:00
2026-04-11 23:00:00,99.49,23:00:00
2026-04-11 23:15:00,99.49,23:15:00
2026-04-11 23:30:00,91.56,23:30:00
2026-04-11 23:45:00,91.56,23:45:00
2026-04-12 00:00:00,88.57,00:00:00
2026-04-12 00:15:00,88.57,00:15:00
2026-04-12 00:30:00,86.53,00:30:00
2026-04-12 00:45:00,86.53,00:45:00
2026-04-12 01:00:00,89.86,01:00:00
2026-04-12 01:15:00,89.86,01:15:00
2026-04-12 01:30:00,89.0,01:30:00
2026-04-12 01:45:00,89.0,01:45:00
2026-04-12 02:00:00,89.18,02:00:00
2026-04-12 02:15:00,89.18,02:15:00
2026-04-12 02:30:00,85.56,02:30:00
2026-04-12 02:45:00,85.56,02:45:00
2026-04-12 03:00:00,86.94,03:00:00
2026-04-12 03:15:00,86.94,03:15:00
2026-04-12 03:30:00,86.95,03:30:00
2026-04-12 03:45:00,86.95,03:45:00
2026-04-12 04:00:00,90.09,04:00:00
2026-04-12 04:15:00,90.09,04:15:00
2026-04-12 04:30:00,92.34,04:30:00
2026-04-12 04:45:00,92.34,04:45:00
2026-04-12 05:00:00,90.2,05:00:00
2026-04-12 05:15:00,90.2,05:15:00
2026-04-12 05:30:00,85.93,05:30:00
2026-04-12 05:45:00,85.93,05:45:00
2026-04-12 06:00:00,85.57,06:00:00
2026-04-12 06:15:00,85.57,06:15:00
2026-04-12 06:30:00,83.87,06:30:00
2026-04-12 06:45:00,83.87,06:45:00
2026-04-12 07:00:00,79.7,07:00:00
2026-04-12 07:15:00,79.7,07:15:00
2026-04-12 07:30:00,72.2,07:30:00
2026-04-12 07:45:00,72.2,07:45:00
2026-04-12 08:00:00,71.83,08:00:00
2026-04-12 08:15:00,71.85,08:15:00
2026-04-12 08:30:00,70.63,08:30:00
2026-04-12 08:45:00,71.09,08:45:00
2026-04-12 09:00:00,77.52,09:00:00
2026-04-12 09:15:00,77.65,09:15:00
2026-04-12 09:30:00,76.67,09:30:00
2026-04-12 09:45:00,76.73,09:45:00
2026-04-12 10:00:00,74.69,10:00:00
2026-04-12 10:15:00,74.78,10:15:00
2026-04-12 10:30:00,72.6,10:30:00
2026-04-12 10:45:00,70.58,10:45:00
2026-04-12 11:00:00,64.75,11:00:00
2026-04-12 11:15:00,64.75,11:15:00
2026-04-12 11:30:00,63.66,11:30:00
2026-04-12 11:45:00,63.65,11:45:00
2026-04-12 12:00:00,65.34,12:00:00
2026-04-12 12:15:00,65.34,12:15:00
2026-04-12 12:30:00,63.95,12:30:00
2026-04-12 12:45:00,63.95,12:45:00
2026-04-12 13:00:00,63.74,13:00:00
2026-04-12 13:15:00,63.7,13:15:00
2026-04-12 13:30:00,66.56,13:30:00
2026-04-12 13:45:00,66.56,13:45:00
2026-04-12 14:00:00,72.6,14:00:00
2026-04-12 14:15:00,72.58,14:15:00
2026-04-12 14:30:00,77.32,14:30:00
2026-04-12 14:45:00,77.32,14:45:00
2026-04-12 15:00:00,83.38,15:00:00
2026-04-12 15:15:00,83.41,15:15:00
2026-04-12 15:30:00,92.26,15:30:00
2026-04-12 15:45:00,92.32,15:45:00
2026-04-12 16:00:00,107.23,16:00:00
2026-04-12 16:15:00,107.27,16:15:00
2026-04-12 16:30:00,137.66,16:30:00
2026-04-12 16:45:00,137.75,16:45:00
2026-04-12 17:00:00,162.3,17:00:00
2026-04-12 17:15:00,162.25,17:15:00
2026-04-12 17:30:00,181.01,17:30:00
2026-04-12 17:45:00,181.16,17:45:00
2026-04-12 18:00:00,190.11,18:00:00
2026-04-12 18:15:00,190.14,18:15:00
2026-04-12 18:30:00,199.73,18:30:00
2026-04-12 18:45:00,199.77,18:45:00
2026-04-12 19:00:00,200.16,19:00:00
2026-04-12 19:15:00,199.67,19:15:00
2026-04-12 19:30:00,199.42,19:30:00
2026-04-12 19:45:00,198.96,19:45:00
2026-04-12 20:00:00,197.39,20:00:00
2026-04-12 20:15:00,196.79,20:15:00
2026-04-12 20:30:00,190.12,20:30:00
2026-04-12 20:45:00,190.3,20:45:00
2026-04-12 21:00:00,192.78,21:00:00
2026-04-12 21:15:00,192.8,21:15:00
2026-04-12 21:30:00,196.85,21:30:00
2026-04-12 21:45:00,197.13,21:45:00
2026-04-12 22:00:00,208.03,22:00:00
2026-04-12 22:15:00,208.41,22:15:00
2026-04-12 22:30:00,207.35,22:30:00
2026-04-12 22:45:00,207.34,22:45:00
2026-04-12 23:00:00,205.69,23:00:00
2026-04-12 23:15:00,205.63,23:15:00
2026-04-12 23:30:00,208.37,23:30:00
2026-04-12 23:45:00,207.73,23:45:00
2026-04-13 00:00:00,205.49,00:00:00
2026-04-13 00:15:00,204.94,00:15:00
2026-04-13 00:30:00,205.69,00:30:00
2026-04-13 00:45:00,204.95,00:45:00
2026-04-13 01:00:00,207.18,01:00:00
2026-04-13 01:15:00,206.54,01:15:00
2026-04-13 01:30:00,206.66,01:30:00
2026-04-13 01:45:00,206.35,01:45:00
2026-04-13 02:00:00,207.89,02:00:00
2026-04-13 02:15:00,208.11,02:15:00
2026-04-13 02:30:00,208.65,02:30:00
2026-04-13 02:45:00,208.41,02:45:00
2026-04-13 03:00:00,211.28,03:00:00
2026-04-13 03:15:00,211.82,03:15:00
2026-04-13 03:30:00,213.23,03:30:00
2026-04-13 03:45:00,213.03,03:45:00
2026-04-13 04:00:00,219.39,04:00:00
2026-04-13 04:15:00,219.04,04:15:00
2026-04-13 04:30:00,224.66,04:30:00
2026-04-13 04:45:00,225.03,04:45:00
2026-04-13 05:00:00,234.54,05:00:00
2026-04-13 05:15:00,234.72,05:15:00
2026-04-13 05:30:00,239.31,05:30:00
2026-04-13 05:45:00,239.45,05:45:00
2026-04-13 06:00:00,250.47,06:00:00
2026-04-13 06:15:00,250.52,06:15:00
2026-04-13 06:30:00,244.66,06:30:00
2026-04-13 06:45:00,244.65,06:45:00
2026-04-13 07:00:00,225.29,07:00:00
2026-04-13 07:15:00,225.28,07:15:00
2026-04-13 07:30:00,213.53,07:30:00
2026-04-13 07:45:00,213.43,07:45:00
2026-04-13 08:00:00,203.93,08:00:00
2026-04-13 08:15:00,203.81,08:15:00
2026-04-13 08:30:00,196.57,08:30:00
2026-04-13 08:45:00,196.46,08:45:00
2026-04-13 09:00:00,192.69,09:00:00
2026-04-13 09:15:00,192.61,09:15:00
2026-04-13 09:30:00,184.85,09:30:00
2026-04-13 09:45:00,184.81,09:45:00
2026-04-13 10:00:00,178.02,10:00:00
2026-04-13 10:15:00,178.01,10:15:00
2026-04-13 10:30:00,174.4,10:30:00
2026-04-13 10:45:00,174.6,10:45:00
2026-04-13 11:00:00,174.32,11:00:00
2026-04-13 11:15:00,174.21,11:15:00
2026-04-13 11:30:00,172.44,11:30:00
2026-04-13 11:45:00,172.49,11:45:00
2026-04-13 12:00:00,168.39,12:00:00
2026-04-13 12:15:00,168.29,12:15:00
2026-04-13 12:30:00,168.6,12:30:00
2026-04-13 12:45:00,167.8,12:45:00
2026-04-13 13:00:00,165.97,13:00:00
2026-04-13 13:15:00,165.83,13:15:00
2026-04-13 13:30:00,167.72,13:30:00
2026-04-13 13:45:00,167.88,13:45:00
2026-04-13 14:00:00,166.82,14:00:00
2026-04-13 14:15:00,167.17,14:15:00
2026-04-13 14:30:00,168.53,14:30:00
2026-04-13 14:45:00,168.36,14:45:00
2026-04-13 15:00:00,179.63,15:00:00
2026-04-13 15:15:00,179.42,15:15:00
2026-04-13 15:30:00,188.71,15:30:00
2026-04-13 15:45:00,188.44,15:45:00
2026-04-13 16:00:00,199.03,16:00:00
2026-04-13 16:15:00,199.1,16:15:00
2026-04-13 16:30:00,212.97,16:30:00
2026-04-13 16:45:00,213.53,16:45:00
2026-04-13 17:00:00,221.52,17:00:00
2026-04-13 17:15:00,221.18,17:15:00
2026-04-13 17:30:00,233.62,17:30:00
2026-04-13 17:45:00,233.51,17:45:00
2026-04-13 18:00:00,240.42,18:00:00
2026-04-13 18:15:00,240.4,18:15:00
2026-04-13 18:30:00,244.3,18:30:00
2026-04-13 18:45:00,244.35,18:45:00
2026-04-13 19:00:00,240.74,19:00:00
2026-04-13 19:15:00,240.63,19:15:00
2026-04-13 19:30:00,240.44,19:30:00
2026-04-13 19:45:00,240.27,19:45:00
2026-04-13 20:00:00,240.51,20:00:00
2026-04-13 20:15:00,240.44,20:15:00
2026-04-13 20:30:00,236.38,20:30:00
2026-04-13 20:45:00,236.03,20:45:00
2026-04-13 21:00:00,241.05,21:00:00
2026-04-13 21:15:00,240.88,21:15:00
2026-04-13 21:30:00,241.12,21:30:00
2026-04-13 21:45:00,241.32,21:45:00
2026-04-13 22:00:00,239.59,22:00:00
2026-04-13 22:15:00,239.82,22:15:00
2026-04-13 22:30:00,238.75,22:30:00
2026-04-13 22:45:00,239.86,22:45:00
2026-04-13 23:00:00,242.14,23:00:00
2026-04-13 23:15:00,242.73,23:15:00
2026-04-13 23:30:00,247.06,23:30:00
2026-04-13 23:45:00,247.66,23:45:00
2026-04-14 12:00:00,141.34,12:00:00
2026-04-14 12:15:00,141.15,12:15:00
2026-04-14 12:30:00,142.99,12:30:00
2026-04-14 12:45:00,142.96,12:45:00
2026-04-14 13:00:00,151.02,13:00:00
2026-04-14 13:15:00,151.12,13:15:00
2026-04-14 13:30:00,153.74,13:30:00
2026-04-14 13:45:00,153.14,13:45:00
2026-04-14 14:00:00,158.61,14:00:00
2026-04-14 14:15:00,158.55,14:15:00
2026-04-14 14:30:00,164.98,14:30:00
2026-04-14 14:45:00,164.68,14:45:00
2026-04-14 15:00:00,171.02,15:00:00
2026-04-14 15:15:00,171.04,15:15:00
2026-04-14 15:30:00,179.1,15:30:00
2026-04-14 15:45:00,178.89,15:45:00
2026-04-14 16:00:00,190.29,16:00:00
2026-04-14 16:15:00,190.41,16:15:00
2026-04-14 16:30:00,196.87,16:30:00
2026-04-14 16:45:00,197.26,16:45:00
2026-04-14 17:00:00,200.73,17:00:00
2026-04-14 17:15:00,200.97,17:15:00
2026-04-14 17:30:00,200.29,17:30:00
2026-04-14 17:45:00,200.56,17:45:00
2026-04-14 18:00:00,202.2,18:00:00
2026-04-14 18:15:00,202.37,18:15:00
2026-04-14 18:30:00,202.69,18:30:00
2026-04-14 18:45:00,202.82,18:45:00
2026-04-14 19:00:00,208.58,19:00:00
2026-04-14 19:15:00,208.55,19:15:00
2026-04-14 19:30:00,204.12,19:30:00
2026-04-14 19:45:00,204.09,19:45:00
2026-04-14 20:00:00,204.88,20:00:00
2026-04-14 20:15:00,204.85,20:15:00
2026-04-14 20:30:00,201.25,20:30:00
2026-04-14 20:45:00,201.17,20:45:00
2026-04-14 21:00:00,188.21,21:00:00
2026-04-14 21:15:00,188.14,21:15:00
2026-04-14 21:30:00,179.96,21:30:00
2026-04-14 21:45:00,179.86,21:45:00
2026-04-14 22:00:00,161.25,22:00:00
2026-04-14 22:15:00,161.09,22:15:00
2026-04-14 22:30:00,142.16,22:30:00
2026-04-14 22:45:00,142.12,22:45:00
2026-04-14 23:00:00,143.66,23:00:00
2026-04-14 23:15:00,143.61,23:15:00
2026-04-14 23:30:00,142.11,23:30:00
2026-04-14 23:45:00,142.12,23:45:00
2026-04-15 00:00:00,139.0,00:00:00
2026-04-15 00:15:00,138.97,00:15:00
2026-04-15 00:30:00,140.62,00:30:00
2026-04-15 00:45:00,140.53,00:45:00
2026-04-15 01:00:00,135.44,01:00:00
2026-04-15 01:15:00,135.44,01:15:00
2026-04-15 01:30:00,134.48,01:30:00
2026-04-15 01:45:00,134.41,01:45:00
2026-04-15 02:00:00,142.14,02:00:00
2026-04-15 02:15:00,142.13,02:15:00
2026-04-15 02:30:00,144.65,02:30:00
2026-04-15 02:45:00,144.65,02:45:00
2026-04-15 03:00:00,146.77,03:00:00
2026-04-15 03:15:00,146.77,03:15:00
2026-04-15 03:30:00,147.56,03:30:00
2026-04-15 03:45:00,147.58,03:45:00
2026-04-15 04:00:00,149.2,04:00:00
2026-04-15 04:15:00,149.23,04:15:00
2026-04-15 04:30:00,147.48,04:30:00
2026-04-15 04:45:00,147.51,04:45:00
2026-04-15 05:00:00,152.62,05:00:00
2026-04-15 05:15:00,152.66,05:15:00
2026-04-15 05:30:00,163.1,05:30:00
2026-04-15 05:45:00,163.08,05:45:00
2026-04-15 06:00:00,167.45,06:00:00
2026-04-15 06:15:00,167.44,06:15:00
2026-04-15 06:30:00,169.64,06:30:00
2026-04-15 06:45:00,169.6,06:45:00
2026-04-15 07:00:00,144.31,07:00:00
2026-04-15 07:15:00,144.19,07:15:00
2026-04-15 07:30:00,129.2,07:30:00
2026-04-15 07:45:00,129.11,07:45:00
2026-04-15 08:00:00,127.01,08:00:00
2026-04-15 08:15:00,127.34,08:15:00
2026-04-15 08:30:00,118.98,08:30:00
2026-04-15 08:45:00,118.81,08:45:00
2026-04-15 09:00:00,101.89,09:00:00
2026-04-15 09:15:00,101.84,09:15:00
2026-04-15 09:30:00,107.18,09:30:00
2026-04-15 09:45:00,107.21,09:45:00
2026-04-15 10:00:00,97.06,10:00:00
2026-04-15 10:15:00,97.06,10:15:00
2026-04-15 10:30:00,89.76,10:30:00
2026-04-15 10:45:00,89.76,10:45:00
2026-04-15 11:00:00,89.4,11:00:00
2026-04-15 11:15:00,89.39,11:15:00
2026-04-15 11:30:00,90.94,11:30:00
2026-04-15 11:45:00,89.58,11:45:00
2026-04-15 12:00:00,99.65,12:00:00
2026-04-15 12:15:00,99.63,12:15:00
2026-04-15 12:30:00,108.39,12:30:00
2026-04-15 12:45:00,108.37,12:45:00
2026-04-15 13:00:00,112.14,13:00:00
2026-04-15 13:15:00,112.16,13:15:00
2026-04-15 13:30:00,113.44,13:30:00
2026-04-15 13:45:00,113.48,13:45:00
2026-04-15 14:00:00,112.98,14:00:00
2026-04-15 14:15:00,113.04,14:15:00
2026-04-15 14:30:00,113.26,14:30:00
2026-04-15 14:45:00,113.28,14:45:00
2026-04-15 15:00:00,111.01,15:00:00
2026-04-15 15:15:00,110.98,15:15:00
2026-04-15 15:30:00,116.14,15:30:00
2026-04-15 15:45:00,116.22,15:45:00
2026-04-15 16:00:00,119.1,16:00:00
2026-04-15 16:15:00,119.15,16:15:00
2026-04-15 16:30:00,130.71,16:30:00
2026-04-15 16:45:00,130.93,16:45:00
2026-04-15 17:00:00,135.54,17:00:00
2026-04-15 17:15:00,135.69,17:15:00
2026-04-15 17:30:00,137.31,17:30:00
2026-04-15 17:45:00,137.57,17:45:00
2026-04-15 18:00:00,142.69,18:00:00
2026-04-15 18:15:00,142.68,18:15:00
2026-04-15 18:30:00,150.11,18:30:00
2026-04-15 18:45:00,150.05,18:45:00
2026-04-15 19:00:00,155.01,19:00:00
2026-04-15 19:15:00,154.95,19:15:00
2026-04-15 19:30:00,155.6,19:30:00
2026-04-15 19:45:00,155.41,19:45:00
2026-04-15 20:00:00,150.93,20:00:00
2026-04-15 20:15:00,150.63,20:15:00
2026-04-15 20:30:00,145.36,20:30:00
2026-04-15 20:45:00,145.19,20:45:00
2026-04-15 21:00:00,140.79,21:00:00
2026-04-15 21:15:00,140.65,21:15:00
2026-04-15 21:30:00,137.25,21:30:00
2026-04-15 21:45:00,137.06,21:45:00
2026-04-15 22:00:00,142.15,22:00:00
2026-04-15 22:15:00,142.14,22:15:00
2026-04-15 22:30:00,144.48,22:30:00
2026-04-15 22:45:00,144.46,22:45:00
2026-04-15 23:00:00,143.66,23:00:00
2026-04-15 23:15:00,143.65,23:15:00
2026-04-15 23:30:00,146.12,23:30:00
2026-04-15 23:45:00,146.11,23:45:00
2026-04-16 00:00:00,141.97,00:00:00
2026-04-16 00:15:00,141.95,00:15:00
2026-04-16 00:30:00,142.23,00:30:00
2026-04-16 00:45:00,142.23,00:45:00
2026-04-16 01:00:00,140.16,01:00:00
2026-04-16 01:15:00,140.16,01:15:00
2026-04-16 01:30:00,137.29,01:30:00
2026-04-16 01:45:00,137.28,01:45:00
2026-04-16 02:00:00,134.03,02:00:00
2026-04-16 02:15:00,133.96,02:15:00
2026-04-16 02:30:00,133.97,02:30:00
2026-04-16 02:45:00,133.99,02:45:00
2026-04-16 03:00:00,137.6,03:00:00
2026-04-16 03:15:00,137.61,03:15:00
2026-04-16 03:30:00,138.89,03:30:00
2026-04-16 03:45:00,138.97,03:45:00
2026-04-16 04:00:00,142.0,04:00:00
2026-04-16 04:15:00,142.0,04:15:00
2026-04-16 04:30:00,151.49,04:30:00
2026-04-16 04:45:00,151.49,04:45:00
2026-04-16 05:00:00,159.39,05:00:00
2026-04-16 05:15:00,159.39,05:15:00
2026-04-16 05:30:00,170.65,05:30:00
2026-04-16 05:45:00,170.66,05:45:00
2026-04-16 06:00:00,166.25,06:00:00
2026-04-16 06:15:00,166.02,06:15:00
2026-04-16 06:30:00,162.19,06:30:00
2026-04-16 06:45:00,162.12,06:45:00
2026-04-16 07:00:00,142.06,07:00:00
2026-04-16 07:15:00,142.08,07:15:00
2026-04-16 07:30:00,128.3,07:30:00
2026-04-16 07:45:00,127.81,07:45:00
2026-04-16 08:00:00,120.88,08:00:00
2026-04-16 08:15:00,120.1,08:15:00
2026-04-16 08:30:00,114.03,08:30:00
2026-04-16 08:45:00,113.63,08:45:00
2026-04-16 09:00:00,109.16,09:00:00
2026-04-16 09:15:00,108.96,09:15:00
2026-04-16 09:30:00,104.05,09:30:00
2026-04-16 09:45:00,103.92,09:45:00
2026-04-16 10:00:00,104.15,10:00:00
2026-04-16 10:15:00,104.35,10:15:00
2026-04-16 10:30:00,107.51,10:30:00
2026-04-16 10:45:00,107.59,10:45:00
2026-04-16 11:00:00,108.24,11:00:00
2026-04-16 11:15:00,108.15,11:15:00
2026-04-16 11:30:00,109.33,11:30:00
2026-04-16 11:45:00,109.38,11:45:00
2026-04-16 12:00:00,107.94,12:00:00
2026-04-16 12:15:00,107.92,12:15:00
2026-04-16 12:30:00,106.99,12:30:00
2026-04-16 12:45:00,107.09,12:45:00
2026-04-16 13:00:00,107.27,13:00:00
2026-04-16 13:15:00,107.34,13:15:00
2026-04-16 13:30:00,109.68,13:30:00
2026-04-16 13:45:00,109.78,13:45:00
2026-04-16 14:00:00,111.56,14:00:00
2026-04-16 14:15:00,111.75,14:15:00
2026-04-16 14:30:00,131.98,14:30:00
2026-04-16 14:45:00,132.47,14:45:00
2026-04-16 15:00:00,151.09,15:00:00
2026-04-16 15:15:00,151.31,15:15:00
2026-04-16 15:30:00,165.23,15:30:00
2026-04-16 15:45:00,165.16,15:45:00
2026-04-16 16:00:00,182.81,16:00:00
2026-04-16 16:15:00,182.81,16:15:00
2026-04-16 16:30:00,195.64,16:30:00
2026-04-16 16:45:00,195.91,16:45:00
2026-04-16 17:00:00,203.06,17:00:00
2026-04-16 17:15:00,203.82,17:15:00
2026-04-16 17:30:00,210.38,17:30:00
2026-04-16 17:45:00,210.7,17:45:00
2026-04-16 18:00:00,226.67,18:00:00
2026-04-16 18:15:00,226.55,18:15:00
2026-04-16 18:30:00,232.4,18:30:00
2026-04-16 18:45:00,232.26,18:45:00
2026-04-16 19:00:00,239.6,19:00:00
2026-04-16 19:15:00,239.8,19:15:00
2026-04-16 19:30:00,239.33,19:30:00
2026-04-16 19:45:00,239.21,19:45:00
2026-04-16 20:00:00,239.71,20:00:00
2026-04-16 20:15:00,239.29,20:15:00
2026-04-16 20:30:00,236.46,20:30:00
2026-04-16 20:45:00,236.17,20:45:00
2026-04-16 21:00:00,232.77,21:00:00
2026-04-16 21:15:00,232.52,21:15:00
2026-04-16 21:30:00,229.48,21:30:00
2026-04-16 21:45:00,229.3,21:45:00
2026-04-16 22:00:00,219.84,22:00:00
2026-04-16 22:15:00,219.65,22:15:00
2026-04-16 22:30:00,216.13,22:30:00
2026-04-16 22:45:00,215.9,22:45:00
2026-04-16 23:00:00,203.77,23:00:00
2026-04-16 23:15:00,202.9,23:15:00
2026-04-16 23:30:00,190.71,23:30:00
2026-04-16 23:45:00,190.61,23:45:00
2026-04-17 00:00:00,180.69,00:00:00
2026-04-17 00:15:00,180.56,00:15:00
2026-04-17 00:30:00,177.36,00:30:00
2026-04-17 00:45:00,177.37,00:45:00
2026-04-17 01:00:00,180.63,01:00:00
2026-04-17 01:15:00,180.59,01:15:00
2026-04-17 01:30:00,179.67,01:30:00
2026-04-17 01:45:00,179.61,01:45:00
2026-04-17 02:00:00,182.87,02:00:00
2026-04-17 02:15:00,182.93,02:15:00
2026-04-17 02:30:00,180.78,02:30:00
2026-04-17 02:45:00,180.79,02:45:00
2026-04-17 03:00:00,186.54,03:00:00
2026-04-17 03:15:00,186.53,03:15:00
2026-04-17 03:30:00,181.92,03:30:00
2026-04-17 03:45:00,182.02,03:45:00
2026-04-17 04:00:00,185.9,04:00:00
2026-04-17 04:15:00,185.92,04:15:00
2026-04-17 04:30:00,188.53,04:30:00
2026-04-17 04:45:00,188.54,04:45:00
2026-04-17 05:00:00,183.33,05:00:00
2026-04-17 05:15:00,183.51,05:15:00
2026-04-17 05:30:00,184.35,05:30:00
2026-04-17 05:45:00,184.33,05:45:00
2026-04-17 06:00:00,170.22,06:00:00
2026-04-17 06:15:00,169.97,06:15:00
2026-04-17 06:30:00,170.98,06:30:00
2026-04-17 06:45:00,170.64,06:45:00
2026-04-17 07:00:00,165.29,07:00:00
2026-04-17 07:15:00,165.11,07:15:00
2026-04-17 07:30:00,158.24,07:30:00
2026-04-17 07:45:00,157.96,07:45:00
2026-04-17 08:00:00,143.88,08:00:00
2026-04-17 08:15:00,143.55,08:15:00
2026-04-17 08:30:00,135.44,08:30:00
2026-04-17 08:45:00,135.26,08:45:00
2026-04-17 09:00:00,127.92,09:00:00
2026-04-17 09:15:00,128.09,09:15:00
2026-04-17 09:30:00,121.01,09:30:00
2026-04-17 09:45:00,120.52,09:45:00
2026-04-17 10:00:00,105.93,10:00:00
2026-04-17 10:15:00,105.95,10:15:00
2026-04-17 10:30:00,97.17,10:30:00
2026-04-17 10:45:00,97.48,10:45:00
2026-04-17 11:00:00,98.92,11:00:00
2026-04-17 11:15:00,98.69,11:15:00
2026-04-17 11:30:00,98.26,11:30:00
2026-04-17 11:45:00,97.55,11:45:00
2026-04-17 12:00:00,103.2,12:00:00
2026-04-17 12:15:00,103.07,12:15:00
2026-04-17 12:30:00,105.85,12:30:00
2026-04-17 12:45:00,105.67,12:45:00
2026-04-17 13:00:00,108.32,13:00:00
2026-04-17 13:15:00,108.21,13:15:00
2026-04-17 13:30:00,115.57,13:30:00
2026-04-17 13:45:00,115.32,13:45:00
2026-04-17 14:00:00,111.84,14:00:00
2026-04-17 14:15:00,111.86,14:15:00
2026-04-17 14:30:00,111.63,14:30:00
2026-04-17 14:45:00,111.62,14:45:00
2026-04-17 15:00:00,116.54,15:00:00
2026-04-17 15:15:00,116.58,15:15:00
2026-04-17 15:30:00,120.13,15:30:00
2026-04-17 15:45:00,120.14,15:45:00
2026-04-17 16:00:00,130.39,16:00:00
2026-04-17 16:15:00,130.43,16:15:00
2026-04-17 16:30:00,136.95,16:30:00
2026-04-17 16:45:00,137.04,16:45:00
2026-04-17 17:00:00,151.91,17:00:00
2026-04-17 17:15:00,152.31,17:15:00
2026-04-17 17:30:00,163.39,17:30:00
2026-04-17 17:45:00,163.52,17:45:00
2026-04-17 18:00:00,174.02,18:00:00
2026-04-17 18:15:00,173.91,18:15:00
2026-04-17 18:30:00,178.48,18:30:00
2026-04-17 18:45:00,178.36,18:45:00
2026-04-17 19:00:00,180.09,19:00:00
2026-04-17 19:15:00,179.95,19:15:00
2026-04-17 19:30:00,183.83,19:30:00
2026-04-17 19:45:00,183.84,19:45:00
2026-04-17 20:00:00,182.02,20:00:00
2026-04-17 20:15:00,181.68,20:15:00
2026-04-17 20:30:00,178.11,20:30:00
2026-04-17 20:45:00,177.94,20:45:00
2026-04-17 21:00:00,183.04,21:00:00
2026-04-17 21:15:00,182.97,21:15:00
2026-04-17 21:30:00,189.77,21:30:00
2026-04-17 21:45:00,189.63,21:45:00
2026-04-17 22:00:00,187.51,22:00:00
2026-04-17 22:15:00,187.34,22:15:00
2026-04-17 22:30:00,186.39,22:30:00
2026-04-17 22:45:00,185.88,22:45:00
2026-04-17 23:00:00,182.12,23:00:00
2026-04-17 23:15:00,181.75,23:15:00
2026-04-17 23:30:00,180.5,23:30:00
2026-04-17 23:45:00,180.37,23:45:00
2026-04-18 00:00:00,173.63,00:00:00
2026-04-18 00:15:00,173.59,00:15:00
2026-04-18 00:30:00,172.4,00:30:00
2026-04-18 00:45:00,172.31,00:45:00
2026-04-18 01:00:00,174.93,01:00:00
2026-04-18 01:15:00,174.97,01:15:00
2026-04-18 01:30:00,173.31,01:30:00
2026-04-18 01:45:00,173.31,01:45:00
2026-04-18 02:00:00,172.34,02:00:00
2026-04-18 02:15:00,172.33,02:15:00
2026-04-18 02:30:00,174.91,02:30:00
2026-04-18 02:45:00,174.91,02:45:00
2026-04-18 03:00:00,182.08,03:00:00
2026-04-18 03:15:00,182.07,03:15:00
2026-04-18 03:30:00,184.95,03:30:00
2026-04-18 03:45:00,184.98,03:45:00
2026-04-18 04:00:00,185.19,04:00:00
2026-04-18 04:15:00,185.05,04:15:00
2026-04-18 04:30:00,187.13,04:30:00
2026-04-18 04:45:00,187.16,04:45:00
2026-04-18 05:00:00,186.39,05:00:00
2026-04-18 05:15:00,186.61,05:15:00
2026-04-18 05:30:00,186.55,05:30:00
2026-04-18 05:45:00,186.33,05:45:00
2026-04-18 06:00:00,181.56,06:00:00
2026-04-18 06:15:00,181.6,06:15:00
2026-04-18 06:30:00,174.61,06:30:00
2026-04-18 06:45:00,174.62,06:45:00
2026-04-18 07:00:00,166.82,07:00:00
2026-04-18 07:15:00,166.77,07:15:00
2026-04-18 07:30:00,146.82,07:30:00
2026-04-18 07:45:00,146.8,07:45:00
2026-04-18 08:00:00,131.09,08:00:00
2026-04-18 08:15:00,131.48,08:15:00
2026-04-18 08:30:00,118.94,08:30:00
2026-04-18 08:45:00,118.72,08:45:00
2026-04-18 09:00:00,108.4,09:00:00
2026-04-18 09:15:00,108.32,09:15:00
2026-04-18 09:30:00,115.15,09:30:00
2026-04-18 09:45:00,114.71,09:45:00
2026-04-18 10:00:00,113.42,10:00:00
2026-04-18 10:15:00,113.41,10:15:00
2026-04-18 10:30:00,111.33,10:30:00
2026-04-18 10:45:00,111.42,10:45:00
2026-04-18 11:00:00,103.62,11:00:00
2026-04-18 11:15:00,103.71,11:15:00
2026-04-18 11:30:00,93.53,11:30:00
2026-04-18 11:45:00,93.55,11:45:00
2026-04-18 12:00:00,96.51,12:00:00
2026-04-18 12:15:00,96.62,12:15:00
2026-04-18 12:30:00,100.31,12:30:00
2026-04-18 12:45:00,100.39,12:45:00
2026-04-18 13:00:00,96.34,13:00:00
2026-04-18 13:15:00,96.23,13:15:00
2026-04-18 13:30:00,92.31,13:30:00
2026-04-18 13:45:00,92.15,13:45:00
2026-04-18 14:00:00,94.06,14:00:00
2026-04-18 14:15:00,94.05,14:15:00
2026-04-18 14:30:00,104.23,14:30:00
2026-04-18 14:45:00,104.09,14:45:00
2026-04-18 15:00:00,117.19,15:00:00
2026-04-18 15:15:00,117.13,15:15:00
2026-04-18 15:30:00,140.73,15:30:00
2026-04-18 15:45:00,140.73,15:45:00
2026-04-18 16:00:00,153.18,16:00:00
2026-04-18 16:15:00,153.18,16:15:00
2026-04-18 16:30:00,168.64,16:30:00
2026-04-18 16:45:00,168.63,16:45:00
2026-04-18 17:00:00,184.94,17:00:00
2026-04-18 17:15:00,185.19,17:15:00
2026-04-18 17:30:00,198.89,17:30:00
2026-04-18 17:45:00,198.61,17:45:00
2026-04-18 18:00:00,211.08,18:00:00
2026-04-18 18:15:00,210.54,18:15:00
2026-04-18 18:30:00,223.48,18:30:00
2026-04-18 18:45:00,223.12,18:45:00
2026-04-18 19:00:00,223.39,19:00:00
2026-04-18 19:15:00,222.88,19:15:00
2026-04-18 19:30:00,218.19,19:30:00
2026-04-18 19:45:00,218.16,19:45:00
2026-04-18 20:00:00,210.44,20:00:00
2026-04-18 20:15:00,210.31,20:15:00
2026-04-18 20:30:00,206.66,20:30:00
2026-04-18 20:45:00,206.84,20:45:00
2026-04-18 21:00:00,205.2,21:00:00
2026-04-18 21:15:00,205.54,21:15:00
2026-04-18 21:30:00,198.99,21:30:00
2026-04-18 21:45:00,198.37,21:45:00
2026-04-18 22:00:00,192.78,22:00:00
2026-04-18 22:15:00,192.63,22:15:00
2026-04-18 22:30:00,186.23,22:30:00
2026-04-18 22:45:00,186.17,22:45:00
2026-04-18 23:00:00,190.6,23:00:00
2026-04-18 23:15:00,190.65,23:15:00
2026-04-18 23:30:00,189.49,23:30:00
2026-04-18 23:45:00,189.29,23:45:00
2026-04-19 00:00:00,186.56,00:00:00
2026-04-19 00:15:00,186.42,00:15:00
2026-04-19 00:30:00,180.44,00:30:00
2026-04-19 00:45:00,180.49,00:45:00
2026-04-19 01:00:00,161.43,01:00:00
2026-04-19 01:15:00,161.45,01:15:00
2026-04-19 01:30:00,155.63,01:30:00
2026-04-19 01:45:00,155.67,01:45:00
2026-04-19 02:00:00,154.15,02:00:00
2026-04-19 02:15:00,154.18,02:15:00
2026-04-19 02:30:00,152.02,02:30:00
2026-04-19 02:45:00,152.03,02:45:00
2026-04-19 03:00:00,152.49,03:00:00
2026-04-19 03:15:00,152.48,03:15:00
2026-04-19 03:30:00,161.67,03:30:00
2026-04-19 03:45:00,161.61,03:45:00
2026-04-19 04:00:00,163.9,04:00:00
2026-04-19 04:15:00,164.05,04:15:00
2026-04-19 04:30:00,160.56,04:30:00
2026-04-19 04:45:00,161.03,04:45:00
2026-04-19 05:00:00,160.54,05:00:00
2026-04-19 05:15:00,160.92,05:15:00
2026-04-19 05:30:00,158.66,05:30:00
2026-04-19 05:45:00,157.8,05:45:00
2026-04-19 06:00:00,156.9,06:00:00
2026-04-19 06:15:00,156.07,06:15:00
2026-04-19 06:30:00,150.02,06:30:00
2026-04-19 06:45:00,149.45,06:45:00
2026-04-19 07:00:00,138.71,07:00:00
2026-04-19 07:15:00,137.85,07:15:00
2026-04-19 07:30:00,128.84,07:30:00
2026-04-19 07:45:00,126.69,07:45:00
2026-04-19 08:00:00,119.82,08:00:00
2026-04-19 08:15:00,119.37,08:15:00
2026-04-19 08:30:00,113.61,08:30:00
2026-04-19 08:45:00,113.52,08:45:00
2026-04-19 09:00:00,107.05,09:00:00
2026-04-19 09:15:00,107.29,09:15:00
2026-04-19 09:30:00,100.33,09:30:00
2026-04-19 09:45:00,100.64,09:45:00
2026-04-19 10:00:00,101.25,10:00:00
2026-04-19 10:15:00,100.92,10:15:00
2026-04-19 10:30:00,97.75,10:30:00
2026-04-19 10:45:00,97.85,10:45:00
2026-04-19 11:00:00,103.93,11:00:00
2026-04-19 11:15:00,103.86,11:15:00
2026-04-19 11:30:00,108.5,11:30:00
2026-04-19 11:45:00,108.48,11:45:00
2026-04-19 12:00:00,114.75,12:00:00
2026-04-19 12:15:00,114.76,12:15:00
2026-04-19 12:30:00,114.84,12:30:00
2026-04-19 12:45:00,114.92,12:45:00
2026-04-19 13:00:00,119.87,13:00:00
2026-04-19 13:15:00,119.87,13:15:00
2026-04-19 13:30:00,123.05,13:30:00
2026-04-19 13:45:00,122.81,13:45:00
2026-04-19 14:00:00,125.84,14:00:00
2026-04-19 14:15:00,125.81,14:15:00
2026-04-19 14:30:00,132.54,14:30:00
2026-04-19 14:45:00,132.45,14:45:00
2026-04-19 15:00:00,136.33,15:00:00
2026-04-19 15:15:00,135.36,15:15:00
2026-04-19 15:30:00,147.98,15:30:00
2026-04-19 15:45:00,148.63,15:45:00
2026-04-19 16:00:00,164.41,16:00:00
2026-04-19 16:15:00,164.64,16:15:00
2026-04-19 16:30:00,181.89,16:30:00
2026-04-19 16:45:00,182.36,16:45:00
2026-04-19 17:00:00,197.49,17:00:00
2026-04-19 17:15:00,198.05,17:15:00
2026-04-19 17:30:00,206.01,17:30:00
2026-04-19 17:45:00,205.75,17:45:00
2026-04-19 18:00:00,217.46,18:00:00
2026-04-19 18:15:00,217.34,18:15:00
2026-04-19 18:30:00,225.21,18:30:00
2026-04-19 18:45:00,225.41,18:45:00
2026-04-19 19:00:00,227.28,19:00:00
2026-04-19 19:15:00,227.16,19:15:00
2026-04-19 19:30:00,227.74,19:30:00
2026-04-19 19:45:00,227.66,19:45:00
2026-04-19 20:00:00,230.39,20:00:00
2026-04-19 20:15:00,230.74,20:15:00
2026-04-19 20:30:00,227.96,20:30:00
2026-04-19 20:45:00,227.94,20:45:00
2026-04-19 21:00:00,228.55,21:00:00
2026-04-19 21:15:00,228.35,21:15:00
2026-04-19 21:30:00,222.31,21:30:00
2026-04-19 21:45:00,222.36,21:45:00
2026-04-19 22:00:00,221.55,22:00:00
2026-04-19 22:15:00,222.32,22:15:00
2026-04-19 22:30:00,218.21,22:30:00
2026-04-19 22:45:00,218.1,22:45:00
2026-04-19 23:00:00,212.19,23:00:00
2026-04-19 23:15:00,212.93,23:15:00
2026-04-19 23:30:00,213.77,23:30:00
2026-04-19 23:45:00,213.72,23:45:00
2026-04-20 00:00:00,214.19,00:00:00
2026-04-20 00:15:00,215.58,00:15:00
2026-04-20 00:30:00,211.0,00:30:00
2026-04-20 00:45:00,211.08,00:45:00
2026-04-20 01:00:00,211.12,01:00:00
2026-04-20 01:15:00,211.14,01:15:00
2026-04-20 01:30:00,205.81,01:30:00
2026-04-20 01:45:00,206.34,01:45:00
2026-04-20 02:00:00,207.89,02:00:00
2026-04-20 02:15:00,208.54,02:15:00
2026-04-20 02:30:00,206.12,02:30:00
2026-04-20 02:45:00,205.59,02:45:00
2026-04-20 03:00:00,203.76,03:00:00
2026-04-20 03:15:00,204.36,03:15:00
2026-04-20 03:30:00,199.95,03:30:00
2026-04-20 03:45:00,199.74,03:45:00
2026-04-20 04:00:00,201.74,04:00:00
2026-04-20 04:15:00,201.79,04:15:00
2026-04-20 04:30:00,205.09,04:30:00
2026-04-20 04:45:00,205.02,04:45:00
2026-04-20 05:00:00,217.7,05:00:00
2026-04-20 05:15:00,216.95,05:15:00
2026-04-20 05:30:00,227.51,05:30:00
2026-04-20 05:45:00,226.69,05:45:00
2026-04-20 06:00:00,224.65,06:00:00
2026-04-20 06:15:00,223.7,06:15:00
2026-04-20 06:30:00,219.78,06:30:00
2026-04-20 06:45:00,219.53,06:45:00
2026-04-20 07:00:00,208.2,07:00:00
2026-04-20 07:15:00,207.69,07:15:00
2026-04-20 07:30:00,193.6,07:30:00
2026-04-20 07:45:00,193.2,07:45:00
2026-04-20 08:00:00,179.98,08:00:00
2026-04-20 08:15:00,179.7,08:15:00
2026-04-20 08:30:00,168.49,08:30:00
2026-04-20 08:45:00,168.28,08:45:00
2026-04-20 09:00:00,156.23,09:00:00
2026-04-20 09:15:00,156.23,09:15:00
2026-04-20 09:30:00,148.0,09:30:00
2026-04-20 09:45:00,147.9,09:45:00
2026-04-20 10:00:00,141.24,10:00:00
2026-04-20 10:15:00,141.33,10:15:00
2026-04-20 10:30:00,142.04,10:30:00
2026-04-20 10:45:00,141.82,10:45:00
2026-04-20 11:00:00,149.43,11:00:00
2026-04-20 11:15:00,149.67,11:15:00
2026-04-20 11:30:00,151.43,11:30:00
2026-04-20 11:45:00,151.43,11:45:00
2026-04-20 12:00:00,154.53,12:00:00
2026-04-20 12:15:00,154.26,12:15:00
2026-04-20 12:30:00,165.1,12:30:00
2026-04-20 12:45:00,164.93,12:45:00
2026-04-20 13:00:00,168.84,13:00:00
2026-04-20 13:15:00,168.84,13:15:00
2026-04-20 13:30:00,176.6,13:30:00
2026-04-20 13:45:00,176.93,13:45:00
2026-04-20 14:00:00,179.39,14:00:00
2026-04-20 14:15:00,180.39,14:15:00
2026-04-20 14:30:00,183.04,14:30:00
2026-04-20 14:45:00,182.68,14:45:00
2026-04-20 15:00:00,182.76,15:00:00
2026-04-20 15:15:00,182.94,15:15:00
2026-04-20 15:30:00,185.59,15:30:00
2026-04-20 15:45:00,185.56,15:45:00
2026-04-20 16:00:00,190.19,16:00:00
2026-04-20 16:15:00,190.28,16:15:00
2026-04-20 16:30:00,200.72,16:30:00
2026-04-20 16:45:00,200.93,16:45:00
2026-04-20 17:00:00,206.88,17:00:00
2026-04-20 17:15:00,206.68,17:15:00
2026-04-20 17:30:00,214.96,17:30:00
2026-04-20 17:45:00,215.1,17:45:00
2026-04-20 18:00:00,219.79,18:00:00
2026-04-20 18:15:00,219.52,18:15:00
2026-04-20 18:30:00,224.57,18:30:00
2026-04-20 18:45:00,224.6,18:45:00
2026-04-20 19:00:00,221.61,19:00:00
2026-04-20 19:15:00,222.02,19:15:00
2026-04-20 19:30:00,219.77,19:30:00
2026-04-20 19:45:00,220.33,19:45:00
2026-04-20 20:00:00,218.14,20:00:00
2026-04-20 20:15:00,218.2,20:15:00
2026-04-20 20:30:00,213.89,20:30:00
2026-04-20 20:45:00,214.13,20:45:00
2026-04-20 21:00:00,211.29,21:00:00
2026-04-20 21:15:00,211.69,21:15:00
2026-04-20 21:30:00,201.6,21:30:00
2026-04-20 21:45:00,201.61,21:45:00
2026-04-20 22:00:00,184.72,22:00:00
2026-04-20 22:15:00,184.26,22:15:00
2026-04-20 22:30:00,173.33,22:30:00
2026-04-20 22:45:00,173.53,22:45:00
2026-04-20 23:00:00,174.13,23:00:00
2026-04-20 23:15:00,174.58,23:15:00
2026-04-20 23:30:00,170.74,23:30:00
2026-04-20 23:45:00,170.78,23:45:00
2026-04-21 00:00:00,168.27,00:00:00
2026-04-21 00:15:00,168.3,00:15:00
2026-04-21 00:30:00,170.03,00:30:00
2026-04-21 00:45:00,169.79,00:45:00
2026-04-21 01:00:00,171.01,01:00:00
2026-04-21 01:15:00,170.97,01:15:00
2026-04-21 01:30:00,164.61,01:30:00
2026-04-21 01:45:00,164.42,01:45:00
2026-04-21 02:00:00,167.07,02:00:00
2026-04-21 02:15:00,166.95,02:15:00
2026-04-21 02:30:00,170.28,02:30:00
2026-04-21 02:45:00,169.97,02:45:00
2026-04-21 03:00:00,172.94,03:00:00
2026-04-21 03:15:00,172.88,03:15:00
2026-04-21 03:30:00,169.12,03:30:00
2026-04-21 03:45:00,169.23,03:45:00
2026-04-21 04:00:00,169.26,04:00:00
2026-04-21 04:15:00,169.45,04:15:00
2026-04-21 04:30:00,168.4,04:30:00
2026-04-21 04:45:00,168.47,04:45:00
2026-04-21 05:00:00,175.05,05:00:00
2026-04-21 05:15:00,174.63,05:15:00
2026-04-21 05:30:00,182.78,05:30:00
2026-04-21 05:45:00,182.35,05:45:00
2026-04-21 06:00:00,179.79,06:00:00
2026-04-21 06:15:00,179.54,06:15:00
2026-04-21 06:30:00,177.81,06:30:00
2026-04-21 06:45:00,178.45,06:45:00
2026-04-21 07:00:00,173.88,07:00:00
2026-04-21 07:15:00,173.76,07:15:00
2026-04-21 07:30:00,161.2,07:30:00
2026-04-21 07:45:00,160.71,07:45:00
2026-04-21 08:00:00,147.09,08:00:00
2026-04-21 08:15:00,146.67,08:15:00
2026-04-21 08:30:00,125.64,08:30:00
2026-04-21 08:45:00,125.64,08:45:00
2026-04-21 09:00:00,93.03,09:00:00
2026-04-21 09:15:00,92.94,09:15:00
2026-04-21 09:30:00,74.85,09:30:00
2026-04-21 09:45:00,74.83,09:45:00
2026-04-21 10:00:00,68.59,10:00:00
2026-04-21 10:15:00,68.55,10:15:00
2026-04-21 10:30:00,63.35,10:30:00
2026-04-21 10:45:00,63.52,10:45:00
2026-04-21 11:00:00,59.88,11:00:00
2026-04-21 11:15:00,59.84,11:15:00
2026-04-21 11:30:00,55.42,11:30:00
2026-04-21 11:45:00,55.64,11:45:00
2026-04-21 12:00:00,56.92,12:00:00
2026-04-21 12:15:00,56.73,12:15:00
2026-04-21 12:30:00,57.4,12:30:00
2026-04-21 12:45:00,57.48,12:45:00
2026-04-21 13:00:00,61.38,13:00:00
2026-04-21 13:15:00,61.2,13:15:00
2026-04-21 13:30:00,63.31,13:30:00
2026-04-21 13:45:00,63.52,13:45:00
2026-04-21 14:00:00,69.78,14:00:00
2026-04-21 14:15:00,69.65,14:15:00
2026-04-21 14:30:00,71.78,14:30:00
2026-04-21 14:45:00,71.87,14:45:00
2026-04-21 15:00:00,74.99,15:00:00
2026-04-21 15:15:00,75.0,15:15:00
2026-04-21 15:30:00,90.6,15:30:00
2026-04-21 15:45:00,90.7,15:45:00
2026-04-21 16:00:00,117.47,16:00:00
2026-04-21 16:15:00,117.58,16:15:00
2026-04-21 16:30:00,129.44,16:30:00
2026-04-21 16:45:00,129.56,16:45:00
2026-04-21 17:00:00,138.03,17:00:00
2026-04-21 17:15:00,138.13,17:15:00
2026-04-21 17:30:00,154.59,17:30:00
2026-04-21 17:45:00,154.27,17:45:00
2026-04-21 18:00:00,163.84,18:00:00
2026-04-21 18:15:00,163.45,18:15:00
2026-04-21 18:30:00,175.18,18:30:00
2026-04-21 18:45:00,175.06,18:45:00
2026-04-21 19:00:00,182.57,19:00:00
2026-04-21 19:15:00,182.54,19:15:00
2026-04-21 19:30:00,183.17,19:30:00
2026-04-21 19:45:00,183.41,19:45:00
2026-04-21 20:00:00,177.0,20:00:00
2026-04-21 20:15:00,177.13,20:15:00
2026-04-21 20:30:00,171.74,20:30:00
2026-04-21 20:45:00,171.95,20:45:00
2026-04-21 21:00:00,169.06,21:00:00
2026-04-21 21:15:00,168.9,21:15:00
2026-04-21 21:30:00,163.6,21:30:00
2026-04-21 21:45:00,163.15,21:45:00
2026-04-21 22:00:00,157.36,22:00:00
2026-04-21 22:15:00,157.27,22:15:00
2026-04-21 22:30:00,155.04,22:30:00
2026-04-21 22:45:00,155.08,22:45:00
2026-04-21 23:00:00,145.46,23:00:00
2026-04-21 23:15:00,145.39,23:15:00
2026-04-21 23:30:00,138.91,23:30:00
2026-04-21 23:45:00,138.89,23:45:00
2026-04-22 00:00:00,134.09,00:00:00
2026-04-22 00:15:00,134.09,00:15:00
2026-04-22 00:30:00,141.96,00:30:00
2026-04-22 00:45:00,142.0,00:45:00
2026-04-22 01:00:00,149.96,01:00:00
2026-04-22 01:15:00,149.96,01:15:00
2026-04-22 01:30:00,153.9,01:30:00
2026-04-22 01:45:00,153.85,01:45:00
2026-04-22 02:00:00,171.69,02:00:00
2026-04-22 02:15:00,171.66,02:15:00
2026-04-22 02:30:00,173.33,02:30:00
2026-04-22 02:45:00,173.3,02:45:00
2026-04-22 03:00:00,174.9,03:00:00
2026-04-22 03:15:00,174.86,03:15:00
2026-04-22 03:30:00,164.92,03:30:00
2026-04-22 03:45:00,164.43,03:45:00
2026-04-22 04:00:00,159.07,04:00:00
2026-04-22 04:15:00,158.59,04:15:00
2026-04-22 04:30:00,157.7,04:30:00
2026-04-22 04:45:00,157.37,04:45:00
2026-04-22 05:00:00,168.07,05:00:00
2026-04-22 05:15:00,167.71,05:15:00
2026-04-22 05:30:00,188.3,05:30:00
2026-04-22 05:45:00,187.8,05:45:00
2026-04-22 06:00:00,169.3,06:00:00
2026-04-22 06:15:00,169.29,06:15:00
2026-04-22 06:30:00,156.42,06:30:00
2026-04-22 06:45:00,157.25,06:45:00
2026-04-22 07:00:00,130.16,07:00:00
2026-04-22 07:15:00,129.16,07:15:00
2026-04-22 07:30:00,109.05,07:30:00
2026-04-22 07:45:00,108.63,07:45:00
2026-04-22 08:00:00,98.52,08:00:00
2026-04-22 08:15:00,97.95,08:15:00
2026-04-22 08:30:00,91.57,08:30:00
2026-04-22 08:45:00,91.59,08:45:00
2026-04-22 09:00:00,87.8,09:00:00
2026-04-22 09:15:00,88.01,09:15:00
2026-04-22 09:30:00,82.52,09:30:00
2026-04-22 09:45:00,83.02,09:45:00
2026-04-22 10:00:00,77.49,10:00:00
2026-04-22 10:15:00,77.49,10:15:00
2026-04-22 10:30:00,80.19,10:30:00
2026-04-22 10:45:00,80.22,10:45:00
2026-04-22 11:00:00,76.34,11:00:00
2026-04-22 11:15:00,76.49,11:15:00
2026-04-22 11:30:00,86.06,11:30:00
2026-04-22 11:45:00,86.23,11:45:00
2026-04-22 12:00:00,92.62,12:00:00
2026-04-22 12:15:00,92.42,12:15:00
2026-04-22 12:30:00,83.89,12:30:00
2026-04-22 12:45:00,83.8,12:45:00
2026-04-22 13:00:00,75.76,13:00:00
2026-04-22 13:15:00,75.7,13:15:00
2026-04-22 13:30:00,77.34,13:30:00
2026-04-22 13:45:00,77.09,13:45:00
2026-04-22 14:00:00,75.06,14:00:00
2026-04-22 14:15:00,74.95,14:15:00
2026-04-22 14:30:00,77.05,14:30:00
2026-04-22 14:45:00,76.98,14:45:00
2026-04-22 15:00:00,80.79,15:00:00
2026-04-22 15:15:00,80.6,15:15:00
2026-04-22 15:30:00,85.32,15:30:00
2026-04-22 15:45:00,85.04,15:45:00
2026-04-22 16:00:00,92.81,16:00:00
2026-04-22 16:15:00,92.72,16:15:00
2026-04-22 16:30:00,113.15,16:30:00
2026-04-22 16:45:00,112.96,16:45:00
2026-04-22 17:00:00,141.65,17:00:00
2026-04-22 17:15:00,141.56,17:15:00
2026-04-22 17:30:00,157.52,17:30:00
2026-04-22 17:45:00,157.73,17:45:00
2026-04-22 18:00:00,175.71,18:00:00
2026-04-22 18:15:00,175.48,18:15:00
2026-04-22 18:30:00,181.39,18:30:00
2026-04-22 18:45:00,180.96,18:45:00
2026-04-22 19:00:00,175.26,19:00:00
2026-04-22 19:15:00,175.37,19:15:00
2026-04-22 19:30:00,169.3,19:30:00
2026-04-22 19:45:00,169.11,19:45:00
2026-04-22 20:00:00,167.61,20:00:00
2026-04-22 20:15:00,167.33,20:15:00
2026-04-22 20:30:00,165.82,20:30:00
2026-04-22 20:45:00,165.6,20:45:00
2026-04-22 21:00:00,170.13,21:00:00
2026-04-22 21:15:00,170.03,21:15:00
2026-04-22 21:30:00,174.58,21:30:00
2026-04-22 21:45:00,173.47,21:45:00
2026-04-22 22:00:00,173.34,22:00:00
2026-04-22 22:15:00,173.33,22:15:00
2026-04-22 22:30:00,171.25,22:30:00
2026-04-22 22:45:00,170.86,22:45:00
2026-04-22 23:00:00,173.9,23:00:00
2026-04-22 23:15:00,173.72,23:15:00
2026-04-22 23:30:00,156.69,23:30:00
2026-04-22 23:45:00,156.45,23:45:00
2026-04-23 00:00:00,149.98,00:00:00
2026-04-23 00:15:00,149.72,00:15:00
2026-04-23 00:30:00,161.38,00:30:00
2026-04-23 00:45:00,161.51,00:45:00
2026-04-23 01:00:00,174.33,01:00:00
2026-04-23 01:15:00,174.45,01:15:00
2026-04-23 01:30:00,170.83,01:30:00
2026-04-23 01:45:00,170.81,01:45:00
2026-04-23 02:00:00,166.53,02:00:00
2026-04-23 02:15:00,166.4,02:15:00
2026-04-23 02:30:00,171.97,02:30:00
2026-04-23 02:45:00,172.07,02:45:00
2026-04-23 03:00:00,172.39,03:00:00
2026-04-23 03:15:00,172.76,03:15:00
2026-04-23 03:30:00,177.9,03:30:00
2026-04-23 03:45:00,178.22,03:45:00
2026-04-23 04:00:00,187.61,04:00:00
2026-04-23 04:15:00,187.62,04:15:00
2026-04-23 04:30:00,205.03,04:30:00
2026-04-23 04:45:00,205.14,04:45:00
2026-04-23 05:00:00,209.15,05:00:00
2026-04-23 05:15:00,209.85,05:15:00
2026-04-23 05:30:00,211.79,05:30:00
2026-04-23 05:45:00,211.63,05:45:00
2026-04-23 06:00:00,208.35,06:00:00
2026-04-23 06:15:00,207.42,06:15:00
2026-04-23 06:30:00,208.53,06:30:00
2026-04-23 06:45:00,208.62,06:45:00
2026-04-23 07:00:00,200.22,07:00:00
2026-04-23 07:15:00,200.19,07:15:00
2026-04-23 07:30:00,188.11,07:30:00
2026-04-23 07:45:00,187.28,07:45:00
2026-04-23 08:00:00,173.91,08:00:00
2026-04-23 08:15:00,173.72,08:15:00
2026-04-23 08:30:00,162.04,08:30:00
2026-04-23 08:45:00,162.67,08:45:00
2026-04-23 09:00:00,150.76,09:00:00
2026-04-23 09:15:00,151.23,09:15:00
2026-04-23 09:30:00,125.49,09:30:00
2026-04-23 09:45:00,125.5,09:45:00
2026-04-23 10:00:00,88.13,10:00:00
2026-04-23 10:15:00,88.19,10:15:00
2026-04-23 10:30:00,81.87,10:30:00
2026-04-23 10:45:00,81.72,10:45:00
2026-04-23 11:00:00,80.06,11:00:00
2026-04-23 11:15:00,80.26,11:15:00
2026-04-23 11:30:00,77.32,11:30:00
2026-04-23 11:45:00,77.38,11:45:00
2026-04-23 12:00:00,77.5,12:00:00
2026-04-23 12:15:00,77.41,12:15:00
2026-04-23 12:30:00,77.79,12:30:00
2026-04-23 12:45:00,77.79,12:45:00
2026-04-23 13:00:00,79.85,13:00:00
2026-04-23 13:15:00,79.41,13:15:00
2026-04-23 13:30:00,82.09,13:30:00
2026-04-23 13:45:00,82.0,13:45:00
2026-04-23 14:00:00,86.67,14:00:00
2026-04-23 14:15:00,85.99,14:15:00
2026-04-23 14:30:00,89.6,14:30:00
2026-04-23 14:45:00,89.6,14:45:00
2026-04-23 15:00:00,95.05,15:00:00
2026-04-23 15:15:00,94.64,15:15:00
2026-04-23 15:30:00,104.07,15:30:00
2026-04-23 15:45:00,103.96,15:45:00
2026-04-23 16:00:00,127.65,16:00:00
2026-04-23 16:15:00,127.68,16:15:00
2026-04-23 16:30:00,167.52,16:30:00
2026-04-23 16:45:00,168.03,16:45:00
2026-04-23 17:00:00,197.2,17:00:00
2026-04-23 17:15:00,198.11,17:15:00
2026-04-23 17:30:00,212.58,17:30:00
2026-04-23 17:45:00,211.82,17:45:00
2026-04-23 18:00:00,230.36,18:00:00
2026-04-23 18:15:00,230.21,18:15:00
2026-04-23 18:30:00,240.9,18:30:00
2026-04-23 18:45:00,240.86,18:45:00
2026-04-23 19:00:00,244.81,19:00:00
2026-04-23 19:15:00,244.7,19:15:00
2026-04-23 20:00:00,244.23,20:00:00
2026-04-23 20:15:00,244.06,20:15:00
2026-04-23 20:30:00,242.01,20:30:00
2026-04-23 20:45:00,241.49,20:45:00
2026-04-23 21:00:00,239.04,21:00:00
2026-04-23 21:15:00,238.6,21:15:00
2026-04-23 21:30:00,237.8,21:30:00
2026-04-23 21:45:00,238.0,21:45:00
2026-04-23 22:00:00,238.45,22:00:00
2026-04-23 22:15:00,238.13,22:15:00
2026-04-23 22:30:00,235.21,22:30:00
2026-04-23 22:45:00,234.65,22:45:00
2026-04-23 23:00:00,236.19,23:00:00
2026-04-23 23:15:00,236.1,23:15:00
2026-04-23 23:30:00,237.32,23:30:00
2026-04-23 23:45:00,237.05,23:45:00
2026-04-24 00:00:00,235.97,00:00:00
2026-04-24 00:15:00,235.64,00:15:00
2026-04-24 00:30:00,239.17,00:30:00
2026-04-24 00:45:00,239.25,00:45:00
2026-04-24 01:00:00,241.78,01:00:00
2026-04-24 01:15:00,242.07,01:15:00
2026-04-24 01:30:00,244.09,01:30:00
2026-04-24 01:45:00,244.04,01:45:00
2026-04-24 02:00:00,244.34,02:00:00
2026-04-24 02:15:00,244.62,02:15:00
2026-04-24 02:30:00,242.75,02:30:00
2026-04-24 02:45:00,242.43,02:45:00
2026-04-24 03:00:00,245.84,03:00:00
2026-04-24 03:15:00,246.11,03:15:00
2026-04-24 03:30:00,248.79,03:30:00
2026-04-24 03:45:00,249.66,03:45:00
2026-04-24 04:00:00,255.66,04:00:00
2026-04-24 04:15:00,256.17,04:15:00
2026-04-24 04:30:00,258.53,04:30:00
2026-04-24 04:45:00,258.43,04:45:00
2026-04-24 05:00:00,252.86,05:00:00
2026-04-24 05:15:00,252.11,05:15:00
2026-04-24 05:30:00,251.04,05:30:00
2026-04-24 05:45:00,250.98,05:45:00
2026-04-24 06:00:00,249.36,06:00:00
2026-04-24 06:15:00,248.87,06:15:00
2026-04-24 06:30:00,240.27,06:30:00
2026-04-24 06:45:00,239.13,06:45:00
2026-04-24 07:00:00,228.11,07:00:00
2026-04-24 07:15:00,227.92,07:15:00
2026-04-24 07:30:00,210.97,07:30:00
2026-04-24 07:45:00,210.58,07:45:00
2026-04-24 08:00:00,196.77,08:00:00
2026-04-24 08:15:00,196.76,08:15:00
2026-04-24 08:30:00,181.35,08:30:00
2026-04-24 08:45:00,181.48,08:45:00
2026-04-24 09:00:00,162.36,09:00:00
2026-04-24 09:15:00,162.47,09:15:00
2026-04-24 09:30:00,150.68,09:30:00
2026-04-24 09:45:00,150.71,09:45:00
2026-04-24 10:00:00,138.6,10:00:00
2026-04-24 10:15:00,138.81,10:15:00
2026-04-24 10:30:00,131.49,10:30:00
2026-04-24 10:45:00,131.6,10:45:00
2026-04-24 11:00:00,129.05,11:00:00
2026-04-24 11:15:00,129.52,11:15:00
2026-04-24 11:30:00,128.41,11:30:00
2026-04-24 11:45:00,128.36,11:45:00
2026-04-24 12:00:00,125.11,12:00:00
2026-04-24 12:15:00,125.12,12:15:00
2026-04-24 12:30:00,125.13,12:30:00
2026-04-24 12:45:00,125.22,12:45:00
2026-04-24 13:00:00,131.31,13:00:00
2026-04-24 13:15:00,131.19,13:15:00
2026-04-24 13:30:00,133.29,13:30:00
2026-04-24 13:45:00,133.39,13:45:00
2026-04-24 14:00:00,137.51,14:00:00
2026-04-24 14:15:00,137.34,14:15:00
2026-04-24 14:30:00,141.89,14:30:00
2026-04-24 14:45:00,141.33,14:45:00
2026-04-24 15:00:00,152.02,15:00:00
2026-04-24 15:15:00,150.13,15:15:00
2026-04-24 15:30:00,165.14,15:30:00
2026-04-24 15:45:00,164.69,15:45:00
2026-04-24 16:00:00,185.01,16:00:00
2026-04-24 16:15:00,185.77,16:15:00
2026-04-24 16:30:00,204.59,16:30:00
2026-04-24 16:45:00,204.68,16:45:00
2026-04-24 17:00:00,224.38,17:00:00
2026-04-24 17:15:00,224.65,17:15:00
2026-04-24 17:30:00,240.68,17:30:00
2026-04-24 17:45:00,240.68,17:45:00
2026-04-24 18:00:00,258.78,18:00:00
2026-04-24 18:15:00,258.85,18:15:00
2026-04-24 18:30:00,272.46,18:30:00
2026-04-24 18:45:00,272.1,18:45:00
2026-04-24 19:00:00,265.78,19:00:00
2026-04-24 19:15:00,265.83,19:15:00
2026-04-24 19:30:00,269.67,19:30:00
2026-04-24 19:45:00,269.69,19:45:00
2026-04-24 20:00:00,268.18,20:00:00
2026-04-24 20:15:00,268.3,20:15:00
2026-04-24 20:30:00,273.87,20:30:00
2026-04-24 20:45:00,273.72,20:45:00
2026-04-24 21:00:00,272.74,21:00:00
2026-04-24 21:15:00,272.73,21:15:00
2026-04-24 21:30:00,271.81,21:30:00
2026-04-24 21:45:00,271.72,21:45:00
2026-04-24 22:00:00,273.04,22:00:00
2026-04-24 22:15:00,272.49,22:15:00
2026-04-24 22:30:00,266.73,22:30:00
2026-04-24 22:45:00,266.63,22:45:00
2026-04-24 23:00:00,264.02,23:00:00
2026-04-24 23:15:00,263.61,23:15:00
2026-04-24 23:30:00,260.7,23:30:00
2026-04-24 23:45:00,260.31,23:45:00
2026-04-25 00:00:00,258.34,00:00:00
2026-04-25 00:15:00,258.0,00:15:00
2026-04-25 00:30:00,255.6,00:30:00
2026-04-25 00:45:00,255.45,00:45:00
2026-04-25 01:00:00,253.42,01:00:00
2026-04-25 01:15:00,252.87,01:15:00
2026-04-25 01:30:00,249.22,01:30:00
2026-04-25 01:45:00,249.34,01:45:00
2026-04-25 02:00:00,248.01,02:00:00
2026-04-25 02:15:00,247.65,02:15:00
2026-04-25 02:30:00,244.79,02:30:00
2026-04-25 02:45:00,244.94,02:45:00
2026-04-25 03:00:00,245.09,03:00:00
2026-04-25 03:15:00,245.01,03:15:00
2026-04-25 03:30:00,245.28,03:30:00
2026-04-25 03:45:00,245.23,03:45:00
2026-04-25 04:00:00,245.23,04:00:00
2026-04-25 04:15:00,245.12,04:15:00
2026-04-25 04:30:00,243.8,04:30:00
2026-04-25 04:45:00,243.97,04:45:00
2026-04-25 05:00:00,240.47,05:00:00
2026-04-25 05:15:00,240.24,05:15:00
2026-04-25 05:30:00,230.93,05:30:00
2026-04-25 05:45:00,231.39,05:45:00
2026-04-25 06:00:00,222.12,06:00:00
2026-04-25 06:15:00,221.77,06:15:00
2026-04-25 06:30:00,212.33,06:30:00
2026-04-25 06:45:00,213.75,06:45:00
2026-04-25 07:00:00,204.21,07:00:00
2026-04-25 07:15:00,204.2,07:15:00
2026-04-25 07:30:00,191.92,07:30:00
2026-04-25 07:45:00,191.83,07:45:00
2026-04-25 08:00:00,177.67,08:00:00
2026-04-25 08:15:00,178.15,08:15:00
2026-04-25 08:30:00,158.11,08:30:00
2026-04-25 08:45:00,158.08,08:45:00
2026-04-25 09:00:00,142.16,09:00:00
2026-04-25 09:15:00,142.41,09:15:00
2026-04-25 09:30:00,115.98,09:30:00
2026-04-25 09:45:00,116.15,09:45:00
2026-04-25 10:00:00,102.48,10:00:00
2026-04-25 10:15:00,102.47,10:15:00
2026-04-25 10:30:00,97.96,10:30:00
2026-04-25 10:45:00,98.05,10:45:00
2026-04-25 11:00:00,91.65,11:00:00
2026-04-25 11:15:00,91.67,11:15:00
2026-04-25 11:30:00,89.89,11:30:00
2026-04-25 11:45:00,89.95,11:45:00
2026-04-25 12:00:00,88.71,12:00:00
2026-04-25 12:15:00,88.63,12:15:00
2026-04-25 12:30:00,88.23,12:30:00
2026-04-25 12:45:00,88.06,12:45:00
2026-04-25 13:00:00,90.39,13:00:00
2026-04-25 13:15:00,90.36,13:15:00
2026-04-25 13:30:00,91.61,13:30:00
2026-04-25 13:45:00,91.67,13:45:00
2026-04-25 14:00:00,92.56,14:00:00
2026-04-25 14:15:00,92.39,14:15:00
2026-04-25 14:30:00,97.18,14:30:00
2026-04-25 14:45:00,97.12,14:45:00
2026-04-25 15:00:00,102.4,15:00:00
2026-04-25 15:15:00,101.94,15:15:00
2026-04-25 15:30:00,112.49,15:30:00
2026-04-25 15:45:00,111.87,15:45:00
2026-04-25 16:00:00,133.38,16:00:00
2026-04-25 16:15:00,133.99,16:15:00
2026-04-25 16:30:00,171.24,16:30:00
2026-04-25 16:45:00,171.49,16:45:00
2026-04-25 17:00:00,197.74,17:00:00
2026-04-25 17:15:00,198.25,17:15:00
2026-04-25 17:30:00,214.97,17:30:00
2026-04-25 17:45:00,215.32,17:45:00
2026-04-25 18:00:00,228.92,18:00:00
2026-04-25 18:15:00,229.49,18:15:00
2026-04-25 18:30:00,239.81,18:30:00
2026-04-25 18:45:00,240.62,18:45:00
2026-04-25 19:00:00,245.68,19:00:00
2026-04-25 19:15:00,246.68,19:15:00
2026-04-25 19:30:00,248.75,19:30:00
2026-04-25 19:45:00,248.39,19:45:00
2026-04-25 20:00:00,245.02,20:00:00
2026-04-25 20:15:00,245.7,20:15:00
2026-04-25 20:30:00,243.77,20:30:00
2026-04-25 20:45:00,243.21,20:45:00
2026-04-25 21:00:00,243.58,21:00:00
2026-04-25 21:15:00,243.79,21:15:00
2026-04-25 21:30:00,239.37,21:30:00
2026-04-25 21:45:00,239.53,21:45:00
2026-04-25 22:00:00,233.08,22:00:00
2026-04-25 22:15:00,232.44,22:15:00
2026-04-25 22:30:00,223.18,22:30:00
2026-04-25 22:45:00,223.56,22:45:00
2026-04-25 23:00:00,218.65,23:00:00
2026-04-25 23:15:00,219.1,23:15:00
2026-04-25 23:30:00,215.27,23:30:00
2026-04-25 23:45:00,214.91,23:45:00
2026-04-26 00:00:00,212.99,00:00:00
2026-04-26 00:15:00,213.28,00:15:00
2026-04-26 00:30:00,207.59,00:30:00
2026-04-26 00:45:00,207.87,00:45:00
2026-04-26 01:00:00,205.31,01:00:00
2026-04-26 01:15:00,205.1,01:15:00
2026-04-26 01:30:00,201.26,01:30:00
2026-04-26 01:45:00,201.93,01:45:00
2026-04-26 02:00:00,201.77,02:00:00
2026-04-26 02:15:00,201.48,02:15:00
2026-04-26 02:30:00,199.66,02:30:00
2026-04-26 02:45:00,200.05,02:45:00
2026-04-26 03:00:00,199.24,03:00:00
2026-04-26 03:15:00,199.62,03:15:00
2026-04-26 03:30:00,195.97,03:30:00
2026-04-26 03:45:00,196.2,03:45:00
2026-04-26 04:00:00,196.65,04:00:00
2026-04-26 04:15:00,196.52,04:15:00
2026-04-26 04:30:00,197.17,04:30:00
2026-04-26 04:45:00,198.75,04:45:00
2026-04-26 05:00:00,197.42,05:00:00
2026-04-26 05:15:00,197.46,05:15:00
2026-04-26 05:30:00,195.69,05:30:00
2026-04-26 05:45:00,194.73,05:45:00
2026-04-26 06:00:00,184.37,06:00:00
2026-04-26 06:15:00,182.88,06:15:00
2026-04-26 06:30:00,176.91,06:30:00
2026-04-26 06:45:00,176.78,06:45:00
2026-04-26 07:00:00,175.14,07:00:00
2026-04-26 07:15:00,175.22,07:15:00
2026-04-26 07:30:00,167.4,07:30:00
2026-04-26 07:45:00,167.32,07:45:00
2026-04-26 08:00:00,158.91,08:00:00
2026-04-26 08:15:00,159.36,08:15:00
2026-04-26 08:30:00,148.95,08:30:00
2026-04-26 08:45:00,149.2,08:45:00
2026-04-26 09:00:00,138.52,09:00:00
2026-04-26 09:15:00,138.18,09:15:00
2026-04-26 09:30:00,132.75,09:30:00
2026-04-26 09:45:00,132.99,09:45:00
2026-04-26 10:00:00,123.92,10:00:00
2026-04-26 10:15:00,123.76,10:15:00
2026-04-26 10:30:00,126.08,10:30:00
2026-04-26 10:45:00,125.98,10:45:00
2026-04-26 11:00:00,129.52,11:00:00
2026-04-26 11:15:00,129.36,11:15:00
2026-04-26 11:30:00,129.58,11:30:00
2026-04-26 11:45:00,129.8,11:45:00
2026-04-26 12:00:00,120.76,12:00:00
2026-04-26 12:15:00,120.74,12:15:00
2026-04-26 12:30:00,124.85,12:30:00
2026-04-26 12:45:00,124.86,12:45:00
2026-04-26 13:00:00,125.33,13:00:00
2026-04-26 13:15:00,125.23,13:15:00
2026-04-26 13:30:00,131.87,13:30:00
2026-04-26 13:45:00,131.97,13:45:00
2026-04-26 14:00:00,143.24,14:00:00
2026-04-26 14:15:00,143.57,14:15:00
2026-04-26 14:30:00,151.48,14:30:00
2026-04-26 14:45:00,151.86,14:45:00
2026-04-26 15:00:00,168.39,15:00:00
2026-04-26 15:15:00,169.24,15:15:00
2026-04-26 15:30:00,186.97,15:30:00
2026-04-26 15:45:00,185.45,15:45:00
2026-04-26 16:00:00,202.65,16:00:00
2026-04-26 16:15:00,202.74,16:15:00
2026-04-26 16:30:00,221.38,16:30:00
2026-04-26 16:45:00,221.51,16:45:00
2026-04-26 17:00:00,240.82,17:00:00
2026-04-26 17:15:00,241.7,17:15:00
2026-04-26 17:30:00,253.3,17:30:00
2026-04-26 17:45:00,253.83,17:45:00
2026-04-26 18:00:00,264.46,18:00:00
2026-04-26 18:15:00,264.76,18:15:00
2026-04-26 18:30:00,267.91,18:30:00
2026-04-26 18:45:00,267.39,18:45:00
2026-04-26 19:00:00,263.86,19:00:00
2026-04-26 19:15:00,263.54,19:15:00
2026-04-26 19:30:00,260.24,19:30:00
2026-04-26 19:45:00,260.51,19:45:00
2026-04-26 20:00:00,261.6,20:00:00
2026-04-26 20:15:00,261.33,20:15:00
2026-04-26 20:30:00,258.1,20:30:00
2026-04-26 20:45:00,257.11,20:45:00
2026-04-26 21:00:00,260.05,21:00:00
2026-04-26 21:15:00,260.29,21:15:00
2026-04-26 21:30:00,259.66,21:30:00
2026-04-26 21:45:00,259.31,21:45:00
2026-04-26 22:00:00,260.51,22:00:00
2026-04-26 22:15:00,260.61,22:15:00
2026-04-26 22:30:00,263.59,22:30:00
2026-04-26 22:45:00,263.74,22:45:00
2026-04-26 23:00:00,264.14,23:00:00
2026-04-26 23:15:00,264.36,23:15:00
2026-04-26 23:30:00,266.37,23:30:00
2026-04-26 23:45:00,266.43,23:45:00
2026-04-27 00:00:00,265.64,00:00:00
2026-04-27 00:15:00,265.3,00:15:00
2026-04-27 00:30:00,266.09,00:30:00
2026-04-27 00:45:00,265.83,00:45:00
2026-04-27 01:00:00,266.05,01:00:00
2026-04-27 01:15:00,265.86,01:15:00
2026-04-27 01:30:00,266.38,01:30:00
2026-04-27 01:45:00,266.31,01:45:00
2026-04-27 02:00:00,269.34,02:00:00
2026-04-27 02:15:00,269.38,02:15:00
2026-04-27 02:30:00,266.84,02:30:00
2026-04-27 02:45:00,266.7,02:45:00
2026-04-27 03:00:00,267.6,03:00:00
2026-04-27 03:15:00,267.28,03:15:00
2026-04-27 03:30:00,267.57,03:30:00
2026-04-27 03:45:00,267.81,03:45:00
2026-04-27 04:00:00,271.2,04:00:00
2026-04-27 04:15:00,271.42,04:15:00
2026-04-27 04:30:00,273.12,04:30:00
2026-04-27 04:45:00,273.2,04:45:00
2026-04-27 05:00:00,271.29,05:00:00
2026-04-27 05:15:00,271.55,05:15:00
2026-04-27 05:30:00,267.89,05:30:00
2026-04-27 05:45:00,267.67,05:45:00
2026-04-27 06:00:00,261.13,06:00:00
2026-04-27 06:15:00,261.7,06:15:00
2026-04-27 06:30:00,252.12,06:30:00
2026-04-27 06:45:00,251.16,06:45:00
2026-04-27 07:00:00,239.18,07:00:00
2026-04-27 07:15:00,238.46,07:15:00
2026-04-27 07:30:00,224.79,07:30:00
2026-04-27 07:45:00,224.07,07:45:00
2026-04-27 08:00:00,208.99,08:00:00
2026-04-27 08:15:00,208.29,08:15:00
2026-04-27 08:30:00,196.59,08:30:00
2026-04-27 08:45:00,197.36,08:45:00
2026-04-27 09:00:00,184.36,09:00:00
2026-04-27 09:15:00,184.01,09:15:00
2026-04-27 09:30:00,172.32,09:30:00
2026-04-27 09:45:00,171.71,09:45:00
2026-04-27 10:00:00,165.35,10:00:00
2026-04-27 10:15:00,165.22,10:15:00
2026-04-27 10:30:00,160.42,10:30:00
2026-04-27 10:45:00,160.27,10:45:00
2026-04-27 11:00:00,151.93,11:00:00
2026-04-27 11:15:00,152.16,11:15:00
2026-04-27 11:30:00,148.84,11:30:00
2026-04-27 11:45:00,148.79,11:45:00
2026-04-27 12:00:00,155.89,12:00:00
2026-04-27 12:15:00,155.61,12:15:00
2026-04-27 12:30:00,158.91,12:30:00
2026-04-27 12:45:00,158.42,12:45:00
2026-04-27 13:00:00,159.5,13:00:00
2026-04-27 13:15:00,159.46,13:15:00
2026-04-27 13:30:00,166.09,13:30:00
2026-04-27 13:45:00,166.33,13:45:00
2026-04-27 14:00:00,172.41,14:00:00
2026-04-27 14:15:00,172.27,14:15:00
2026-04-27 14:30:00,185.06,14:30:00
2026-04-27 14:45:00,185.08,14:45:00
2026-04-27 15:00:00,195.55,15:00:00
2026-04-27 15:15:00,195.6,15:15:00
2026-04-27 15:30:00,210.76,15:30:00
2026-04-27 15:45:00,210.6,15:45:00
2026-04-27 16:00:00,229.21,16:00:00
2026-04-27 16:15:00,228.99,16:15:00
2026-04-27 16:30:00,244.02,16:30:00
2026-04-27 16:45:00,243.76,16:45:00
2026-04-27 17:00:00,255.35,17:00:00
2026-04-27 17:15:00,255.36,17:15:00
2026-04-27 17:30:00,268.33,17:30:00
2026-04-27 17:45:00,268.49,17:45:00
2026-04-27 18:00:00,265.2,18:00:00
2026-04-27 18:15:00,265.28,18:15:00
2026-04-27 18:30:00,268.1,18:30:00
2026-04-27 18:45:00,267.89,18:45:00
2026-04-27 19:00:00,267.31,19:00:00
2026-04-27 19:15:00,267.04,19:15:00
2026-04-27 19:30:00,266.0,19:30:00
2026-04-27 19:45:00,265.94,19:45:00
2026-04-27 20:00:00,264.46,20:00:00
2026-04-27 20:15:00,264.49,20:15:00
2026-04-27 20:30:00,268.34,20:30:00
2026-04-27 20:45:00,268.69,20:45:00
2026-04-27 21:00:00,265.65,21:00:00
2026-04-27 21:15:00,265.48,21:15:00
2026-04-27 21:30:00,260.45,21:30:00
2026-04-27 21:45:00,260.33,21:45:00
2026-04-27 22:00:00,246.93,22:00:00
2026-04-27 22:15:00,245.66,22:15:00
2026-04-27 22:30:00,232.02,22:30:00
2026-04-27 22:45:00,231.51,22:45:00
2026-04-27 23:00:00,220.96,23:00:00
2026-04-27 23:15:00,221.02,23:15:00
2026-04-27 23:30:00,214.13,23:30:00
2026-04-27 23:45:00,214.43,23:45:00
2026-04-28 00:00:00,210.46,00:00:00
2026-04-28 00:15:00,211.53,00:15:00
2026-04-28 00:30:00,212.25,00:30:00
2026-04-28 00:45:00,213.05,00:45:00
2026-04-28 01:00:00,208.78,01:00:00
2026-04-28 01:15:00,209.38,01:15:00
2026-04-28 01:30:00,210.96,01:30:00
2026-04-28 01:45:00,211.45,01:45:00
2026-04-28 02:00:00,198.3,02:00:00
2026-04-28 02:15:00,198.82,02:15:00
2026-04-28 02:30:00,190.12,02:30:00
2026-04-28 02:45:00,188.97,02:45:00
2026-04-28 03:00:00,183.47,03:00:00
2026-04-28 03:15:00,184.04,03:15:00
2026-04-28 03:30:00,174.71,03:30:00
2026-04-28 03:45:00,174.26,03:45:00
2026-04-28 04:00:00,173.33,04:00:00
2026-04-28 04:15:00,172.92,04:15:00
2026-04-28 04:30:00,182.21,04:30:00
2026-04-28 04:45:00,181.88,04:45:00
2026-04-28 05:00:00,178.89,05:00:00
2026-04-28 05:15:00,178.62,05:15:00
2026-04-28 05:30:00,177.58,05:30:00
2026-04-28 05:45:00,177.5,05:45:00
2026-04-28 06:00:00,184.43,06:00:00
2026-04-28 06:15:00,184.26,06:15:00
2026-04-28 06:30:00,185.15,06:30:00
2026-04-28 06:45:00,184.33,06:45:00
2026-04-28 07:00:00,184.78,07:00:00
2026-04-28 07:15:00,184.55,07:15:00
2026-04-28 07:30:00,185.58,07:30:00
2026-04-28 07:45:00,184.12,07:45:00
2026-04-28 08:00:00,181.36,08:00:00
2026-04-28 08:15:00,181.12,08:15:00
2026-04-28 08:30:00,178.61,08:30:00
2026-04-28 08:45:00,177.82,08:45:00
2026-04-28 09:00:00,172.57,09:00:00
2026-04-28 09:15:00,172.66,09:15:00
2026-04-28 09:30:00,173.21,09:30:00
2026-04-28 09:45:00,173.3,09:45:00
2026-04-28 10:00:00,165.0,10:00:00
2026-04-28 10:15:00,164.95,10:15:00
2026-04-28 11:30:00,146.07,11:30:00
2026-04-28 11:45:00,145.97,11:45:00
2026-04-28 12:00:00,139.95,12:00:00
2026-04-28 12:15:00,139.32,12:15:00
2026-04-28 12:30:00,133.45,12:30:00
2026-04-28 12:45:00,133.39,12:45:00
2026-04-28 13:00:00,130.18,13:00:00
2026-04-28 13:15:00,129.56,13:15:00
2026-04-28 13:30:00,126.33,13:30:00
2026-04-28 13:45:00,126.42,13:45:00
2026-04-28 14:00:00,124.03,14:00:00
2026-04-28 14:15:00,123.77,14:15:00
2026-04-28 14:30:00,123.34,14:30:00
2026-04-28 14:45:00,123.76,14:45:00
2026-04-28 15:00:00,125.06,15:00:00
2026-04-28 15:15:00,125.07,15:15:00
2026-04-28 15:30:00,117.79,15:30:00
2026-04-28 15:45:00,117.57,15:45:00
2026-04-28 16:00:00,128.89,16:00:00
2026-04-28 16:15:00,128.95,16:15:00
2026-04-28 16:30:00,141.12,16:30:00
2026-04-28 16:45:00,141.5,16:45:00
2026-04-28 17:00:00,152.07,17:00:00
2026-04-28 17:15:00,152.47,17:15:00
2026-04-28 17:30:00,160.59,17:30:00
2026-04-28 17:45:00,160.17,17:45:00
2026-04-28 18:00:00,167.6,18:00:00
2026-04-28 18:15:00,167.83,18:15:00
2026-04-28 18:30:00,172.62,18:30:00
2026-04-28 18:45:00,172.75,18:45:00
2026-04-28 19:00:00,174.7,19:00:00
2026-04-28 19:15:00,174.54,19:15:00
2026-04-28 19:30:00,173.22,19:30:00
2026-04-28 19:45:00,173.62,19:45:00
2026-04-28 20:00:00,169.49,20:00:00
2026-04-28 20:15:00,170.74,20:15:00
2026-04-28 20:30:00,171.13,20:30:00
2026-04-28 20:45:00,172.26,20:45:00
2026-04-28 21:00:00,167.83,21:00:00
2026-04-28 21:15:00,168.99,21:15:00
2026-04-28 21:30:00,163.75,21:30:00
2026-04-28 21:45:00,163.11,21:45:00
2026-04-28 22:00:00,155.34,22:00:00
2026-04-28 22:15:00,155.5,22:15:00
2026-04-28 22:30:00,147.6,22:30:00
2026-04-28 22:45:00,147.76,22:45:00
2026-04-28 23:00:00,154.91,23:00:00
2026-04-28 23:15:00,155.3,23:15:00
2026-04-28 23:30:00,160.35,23:30:00
2026-04-28 23:45:00,160.39,23:45:00
2026-04-29 00:00:00,145.67,00:00:00
2026-04-29 00:15:00,145.77,00:15:00
2026-04-29 00:30:00,147.68,00:30:00
2026-04-29 00:45:00,147.73,00:45:00
2026-04-29 01:00:00,151.59,01:00:00
2026-04-29 01:15:00,151.67,01:15:00
2026-04-29 01:30:00,148.98,01:30:00
2026-04-29 01:45:00,148.92,01:45:00
2026-04-29 02:00:00,144.46,02:00:00
2026-04-29 02:15:00,144.42,02:15:00
2026-04-29 02:30:00,143.45,02:30:00
2026-04-29 02:45:00,143.42,02:45:00
2026-04-29 03:00:00,148.3,03:00:00
2026-04-29 03:15:00,148.24,03:15:00
2026-04-29 03:30:00,148.36,03:30:00
2026-04-29 03:45:00,147.61,03:45:00
2026-04-29 04:00:00,144.34,04:00:00
2026-04-29 04:15:00,143.82,04:15:00
2026-04-29 04:30:00,149.03,04:30:00
2026-04-29 04:45:00,148.7,04:45:00
2026-04-29 05:00:00,141.18,05:00:00
2026-04-29 05:15:00,141.49,05:15:00
2026-04-29 05:30:00,142.06,05:30:00
2026-04-29 05:45:00,142.47,05:45:00
2026-04-29 06:00:00,140.26,06:00:00
2026-04-29 06:15:00,140.27,06:15:00
2026-04-29 06:30:00,133.1,06:30:00
2026-04-29 06:45:00,132.97,06:45:00
2026-04-29 07:00:00,122.83,07:00:00
2026-04-29 07:15:00,122.06,07:15:00
2026-04-29 07:30:00,96.87,07:30:00
2026-04-29 07:45:00,96.29,07:45:00
2026-04-29 08:00:00,83.77,08:00:00
2026-04-29 08:15:00,83.65,08:15:00
2026-04-29 08:30:00,72.64,08:30:00
2026-04-29 08:45:00,72.72,08:45:00
2026-04-29 09:00:00,55.91,09:00:00
2026-04-29 09:15:00,56.08,09:15:00
2026-04-29 09:30:00,52.08,09:30:00
2026-04-29 09:45:00,51.88,09:45:00
2026-04-29 10:00:00,48.46,10:00:00
2026-04-29 10:15:00,48.37,10:15:00
2026-04-29 10:30:00,45.57,10:30:00
2026-04-29 10:45:00,46.45,10:45:00
2026-04-29 11:00:00,43.26,11:00:00
2026-04-29 11:15:00,43.11,11:15:00
2026-04-29 11:30:00,41.81,11:30:00
2026-04-29 11:45:00,41.76,11:45:00
2026-04-29 12:00:00,40.92,12:00:00
2026-04-29 12:15:00,40.95,12:15:00
2026-04-29 12:30:00,42.81,12:30:00
2026-04-29 12:45:00,42.9,12:45:00
2026-04-29 13:00:00,44.97,13:00:00
2026-04-29 13:15:00,44.88,13:15:00
2026-04-29 13:30:00,49.88,13:30:00
2026-04-29 13:45:00,49.63,13:45:00
2026-04-29 14:00:00,55.14,14:00:00
2026-04-29 14:15:00,54.66,14:15:00
2026-04-29 14:30:00,55.09,14:30:00
2026-04-29 14:45:00,54.96,14:45:00
2026-04-29 15:00:00,58.85,15:00:00
2026-04-29 15:15:00,58.65,15:15:00
2026-04-29 15:30:00,61.37,15:30:00
2026-04-29 15:45:00,61.63,15:45:00
2026-04-29 16:00:00,64.7,16:00:00
2026-04-29 16:15:00,64.98,16:15:00
2026-04-29 16:30:00,71.79,16:30:00
2026-04-29 16:45:00,71.64,16:45:00
2026-04-29 17:00:00,86.4,17:00:00
2026-04-29 17:15:00,86.29,17:15:00
2026-04-29 17:30:00,95.3,17:30:00
2026-04-29 17:45:00,95.06,17:45:00
2026-04-29 18:00:00,105.19,18:00:00
2026-04-29 18:15:00,104.96,18:15:00
2026-04-29 18:30:00,108.5,18:30:00
2026-04-29 18:45:00,108.27,18:45:00
2026-04-29 19:00:00,103.44,19:00:00
2026-04-29 19:15:00,103.32,19:15:00
2026-04-29 19:30:00,100.42,19:30:00
2026-04-29 19:45:00,100.29,19:45:00
2026-04-29 20:00:00,97.1,20:00:00
2026-04-29 20:15:00,97.3,20:15:00
2026-04-29 20:30:00,92.08,20:30:00
2026-04-29 20:45:00,92.25,20:45:00
2026-04-29 21:00:00,94.76,21:00:00
2026-04-29 21:15:00,94.99,21:15:00
2026-04-29 21:30:00,91.69,21:30:00
2026-04-29 21:45:00,91.68,21:45:00
2026-04-29 22:00:00,86.46,22:00:00
2026-04-29 22:15:00,86.65,22:15:00
2026-04-29 22:30:00,78.73,22:30:00
2026-04-29 22:45:00,78.83,22:45:00
2026-04-29 23:00:00,78.65,23:00:00
2026-04-29 23:15:00,78.62,23:15:00
2026-04-29 23:30:00,80.24,23:30:00
2026-04-29 23:45:00,80.26,23:45:00
2026-04-30 00:00:00,78.5,00:00:00
2026-04-30 00:15:00,78.49,00:15:00
2026-04-30 00:30:00,77.1,00:30:00
2026-04-30 00:45:00,77.08,00:45:00
2026-04-30 01:00:00,78.38,01:00:00
2026-04-30 01:15:00,78.34,01:15:00
2026-04-30 01:30:00,80.93,01:30:00
2026-04-30 01:45:00,80.92,01:45:00
2026-04-30 02:00:00,81.89,02:00:00
2026-04-30 02:15:00,81.87,02:15:00
2026-04-30 02:30:00,88.07,02:30:00
2026-04-30 02:45:00,88.09,02:45:00
2026-04-30 03:00:00,88.08,03:00:00
2026-04-30 03:15:00,88.07,03:15:00
2026-04-30 03:30:00,84.38,03:30:00
2026-04-30 03:45:00,84.39,03:45:00
2026-04-30 04:00:00,85.09,04:00:00
2026-04-30 04:15:00,85.1,04:15:00
2026-04-30 04:30:00,87.28,04:30:00
2026-04-30 04:45:00,87.29,04:45:00
2026-04-30 05:00:00,89.88,05:00:00
2026-04-30 05:15:00,89.88,05:15:00
2026-04-30 05:30:00,99.6,05:30:00
2026-04-30 05:45:00,99.56,05:45:00
2026-04-30 06:00:00,87.71,06:00:00
2026-04-30 06:15:00,87.58,06:15:00
2026-04-30 06:30:00,85.61,06:30:00
2026-04-30 06:45:00,85.56,06:45:00
2026-04-30 07:00:00,70.81,07:00:00
2026-04-30 07:15:00,70.82,07:15:00
2026-04-30 07:30:00,60.5,07:30:00
2026-04-30 07:45:00,60.05,07:45:00
2026-04-30 08:00:00,58.09,08:00:00
2026-04-30 08:15:00,58.19,08:15:00
2026-04-30 08:30:00,52.04,08:30:00
2026-04-30 08:45:00,52.09,08:45:00
2026-04-30 09:00:00,48.33,09:00:00
2026-04-30 09:15:00,48.53,09:15:00
2026-04-30 09:30:00,44.67,09:30:00
2026-04-30 09:45:00,44.55,09:45:00
2026-04-30 10:00:00,45.2,10:00:00
2026-04-30 10:15:00,45.24,10:15:00
2026-04-30 10:30:00,31.21,10:30:00
2026-04-30 10:45:00,31.18,10:45:00
2026-04-30 11:00:00,31.11,11:00:00
2026-04-30 11:15:00,31.04,11:15:00
2026-04-30 11:30:00,30.61,11:30:00
2026-04-30 11:45:00,30.66,11:45:00
2026-04-30 12:00:00,31.04,12:00:00
2026-04-30 12:15:00,31.06,12:15:00
2026-04-30 12:30:00,30.64,12:30:00
2026-04-30 12:45:00,30.64,12:45:00
2026-04-30 13:00:00,29.69,13:00:00
2026-04-30 13:15:00,29.7,13:15:00
2026-04-30 13:30:00,28.47,13:30:00
2026-04-30 13:45:00,28.38,13:45:00
2026-04-30 14:00:00,29.31,14:00:00
2026-04-30 14:15:00,29.19,14:15:00
2026-04-30 14:30:00,30.81,14:30:00
2026-04-30 14:45:00,30.5,14:45:00
2026-04-30 15:00:00,36.71,15:00:00
2026-04-30 15:15:00,36.62,15:15:00
2026-04-30 15:30:00,43.87,15:30:00
2026-04-30 15:45:00,43.78,15:45:00
2026-04-30 16:00:00,62.45,16:00:00
2026-04-30 16:15:00,62.47,16:15:00
2026-04-30 16:30:00,78.16,16:30:00
2026-04-30 16:45:00,78.21,16:45:00
2026-04-30 17:00:00,94.05,17:00:00
2026-04-30 17:15:00,94.11,17:15:00
2026-04-30 17:30:00,110.07,17:30:00
2026-04-30 17:45:00,109.94,17:45:00
2026-04-30 18:00:00,130.73,18:00:00
2026-04-30 18:15:00,130.5,18:15:00
2026-04-30 18:30:00,141.38,18:30:00
2026-04-30 18:45:00,140.96,18:45:00
2026-04-30 19:00:00,133.22,19:00:00
2026-04-30 19:15:00,132.68,19:15:00
2026-04-30 19:30:00,125.66,19:30:00
2026-04-30 19:45:00,125.75,19:45:00
2026-04-30 20:00:00,125.37,20:00:00
2026-04-30 20:15:00,125.74,20:15:00
2026-04-30 20:30:00,119.36,20:30:00
2026-04-30 20:45:00,119.37,20:45:00
2026-04-30 21:00:00,117.89,21:00:00
2026-04-30 21:15:00,117.99,21:15:00
2026-04-30 21:30:00,124.66,21:30:00
2026-04-30 21:45:00,124.65,21:45:00
2026-04-30 22:00:00,118.8,22:00:00
2026-04-30 22:15:00,118.75,22:15:00
2026-04-30 22:30:00,119.53,22:30:00
2026-04-30 22:45:00,119.32,22:45:00
2026-04-30 23:00:00,119.58,23:00:00
2026-04-30 23:15:00,119.37,23:15:00
2026-04-30 23:30:00,121.33,23:30:00
2026-04-30 23:45:00,121.62,23:45:00
2026-05-01 00:00:00,126.62,00:00:00
2026-05-01 00:15:00,126.42,00:15:00
2026-05-01 00:30:00,128.64,00:30:00
2026-05-01 00:45:00,128.38,00:45:00
2026-05-01 01:00:00,130.05,01:00:00
2026-05-01 01:15:00,129.76,01:15:00
2026-05-01 01:30:00,130.5,01:30:00
2026-05-01 01:45:00,130.5,01:45:00
2026-05-01 02:00:00,133.71,02:00:00
2026-05-01 02:15:00,133.75,02:15:00
2026-05-01 02:30:00,140.56,02:30:00
2026-05-01 02:45:00,140.17,02:45:00
2026-05-01 03:00:00,142.19,03:00:00
2026-05-01 03:15:00,141.76,03:15:00
2026-05-01 03:30:00,140.22,03:30:00
2026-05-01 03:45:00,139.83,03:45:00
2026-05-01 04:00:00,139.64,04:00:00
2026-05-01 04:15:00,139.09,04:15:00
2026-05-01 04:30:00,142.73,04:30:00
2026-05-01 04:45:00,142.89,04:45:00
2026-05-01 05:00:00,142.79,05:00:00
2026-05-01 05:15:00,143.36,05:15:00
2026-05-01 05:30:00,149.42,05:30:00
2026-05-01 05:45:00,150.67,05:45:00
2026-05-01 06:00:00,154.39,06:00:00
2026-05-01 06:15:00,154.74,06:15:00
2026-05-01 06:30:00,160.84,06:30:00
2026-05-01 06:45:00,161.33,06:45:00
2026-05-01 07:00:00,157.15,07:00:00
2026-05-01 07:15:00,157.59,07:15:00
2026-05-01 07:30:00,151.21,07:30:00
2026-05-01 07:45:00,151.68,07:45:00
2026-05-01 08:00:00,149.1,08:00:00
2026-05-01 08:15:00,149.96,08:15:00
2026-05-01 08:30:00,143.57,08:30:00
2026-05-01 08:45:00,143.89,08:45:00
2026-05-01 09:00:00,138.06,09:00:00
2026-05-01 09:15:00,138.52,09:15:00
2026-05-01 09:30:00,137.15,09:30:00
2026-05-01 09:45:00,137.23,09:45:00
2026-05-01 10:00:00,134.59,10:00:00
2026-05-01 10:15:00,134.65,10:15:00
2026-05-01 10:30:00,134.2,10:30:00
2026-05-01 10:45:00,134.26,10:45:00
2026-05-01 11:00:00,134.51,11:00:00
2026-05-01 11:15:00,134.45,11:15:00
2026-05-01 11:30:00,132.48,11:30:00
2026-05-01 11:45:00,132.65,11:45:00
2026-05-01 12:00:00,135.94,12:00:00
2026-05-01 12:15:00,136.05,12:15:00
2026-05-01 12:30:00,135.0,12:30:00
2026-05-01 12:45:00,134.91,12:45:00
2026-05-01 13:00:00,135.61,13:00:00
2026-05-01 13:15:00,135.67,13:15:00
2026-05-01 13:30:00,134.81,13:30:00
2026-05-01 13:45:00,134.8,13:45:00
2026-05-01 14:00:00,137.55,14:00:00
2026-05-01 14:15:00,137.25,14:15:00
2026-05-01 14:30:00,143.7,14:30:00
2026-05-01 14:45:00,143.27,14:45:00
2026-05-01 15:00:00,149.94,15:00:00
2026-05-01 15:15:00,148.83,15:15:00
2026-05-01 15:30:00,161.49,15:30:00
2026-05-01 15:45:00,159.96,15:45:00
2026-05-01 16:00:00,174.48,16:00:00
2026-05-01 16:15:00,174.22,16:15:00
2026-05-01 16:30:00,188.79,16:30:00
2026-05-01 16:45:00,186.6,16:45:00
2026-05-01 17:00:00,206.48,17:00:00
2026-05-01 17:15:00,207.02,17:15:00
2026-05-01 17:30:00,219.42,17:30:00
2026-05-01 17:45:00,219.94,17:45:00
2026-05-01 18:00:00,234.33,18:00:00
2026-05-01 18:15:00,234.67,18:15:00
2026-05-01 18:30:00,241.28,18:30:00
2026-05-01 18:45:00,240.63,18:45:00
2026-05-01 19:00:00,227.65,19:00:00
2026-05-01 19:15:00,226.83,19:15:00
2026-05-01 19:30:00,220.28,19:30:00
2026-05-01 19:45:00,220.63,19:45:00
2026-05-01 20:00:00,220.27,20:00:00
2026-05-01 20:15:00,220.23,20:15:00
2026-05-01 20:30:00,219.94,20:30:00
2026-05-01 20:45:00,218.14,20:45:00
2026-05-01 21:00:00,214.79,21:00:00
2026-05-01 21:15:00,214.67,21:15:00
2026-05-01 21:30:00,211.17,21:30:00
2026-05-01 21:45:00,211.11,21:45:00
2026-05-01 22:00:00,206.26,22:00:00
2026-05-01 22:15:00,204.81,22:15:00
2026-05-01 22:30:00,186.17,22:30:00
2026-05-01 22:45:00,185.87,22:45:00
2026-05-01 23:00:00,185.59,23:00:00
2026-05-01 23:15:00,184.92,23:15:00
2026-05-01 23:30:00,187.88,23:30:00
2026-05-01 23:45:00,187.78,23:45:00
2026-05-02 00:00:00,185.15,00:00:00
2026-05-02 00:15:00,185.01,00:15:00
2026-05-02 00:30:00,188.96,00:30:00
2026-05-02 00:45:00,189.0,00:45:00
2026-05-02 01:00:00,187.74,01:00:00
2026-05-02 01:15:00,187.6,01:15:00
2026-05-02 01:30:00,188.2,01:30:00
2026-05-02 01:45:00,188.12,01:45:00
2026-05-02 02:00:00,191.55,02:00:00
2026-05-02 02:15:00,191.26,02:15:00
2026-05-02 02:30:00,190.97,02:30:00
2026-05-02 02:45:00,190.67,02:45:00
2026-05-02 03:00:00,192.43,03:00:00
2026-05-02 03:15:00,192.53,03:15:00
2026-05-02 03:30:00,193.16,03:30:00
2026-05-02 03:45:00,193.11,03:45:00
2026-05-02 04:00:00,198.72,04:00:00
2026-05-02 04:15:00,199.5,04:15:00
2026-05-02 04:30:00,198.94,04:30:00
2026-05-02 04:45:00,200.08,04:45:00
2026-05-02 05:00:00,201.29,05:00:00
2026-05-02 05:15:00,202.93,05:15:00
2026-05-02 05:30:00,196.98,05:30:00
2026-05-02 05:45:00,197.13,05:45:00
2026-05-02 06:00:00,189.43,06:00:00
2026-05-02 06:15:00,189.21,06:15:00
2026-05-02 06:30:00,182.99,06:30:00
2026-05-02 06:45:00,183.89,06:45:00
2026-05-02 07:00:00,179.37,07:00:00
2026-05-02 07:15:00,180.31,07:15:00
2026-05-02 07:30:00,175.46,07:30:00
2026-05-02 07:45:00,176.59,07:45:00
2026-05-02 08:00:00,173.56,08:00:00
2026-05-02 08:15:00,174.34,08:15:00
2026-05-02 08:30:00,166.1,08:30:00
2026-05-02 08:45:00,167.0,08:45:00
2026-05-02 09:00:00,155.84,09:00:00
2026-05-02 09:15:00,156.57,09:15:00
2026-05-02 09:30:00,148.64,09:30:00
2026-05-02 09:45:00,148.76,09:45:00
2026-05-02 10:00:00,143.57,10:00:00
2026-05-02 10:15:00,143.49,10:15:00
2026-05-02 10:30:00,140.85,10:30:00
2026-05-02 10:45:00,141.78,10:45:00
2026-05-02 11:00:00,140.36,11:00:00
2026-05-02 11:15:00,140.12,11:15:00
2026-05-02 11:30:00,138.83,11:30:00
2026-05-02 11:45:00,138.98,11:45:00
2026-05-02 12:00:00,126.07,12:00:00
2026-05-02 12:15:00,125.84,12:15:00
2026-05-02 12:30:00,124.94,12:30:00
2026-05-02 12:45:00,125.01,12:45:00
2026-05-02 13:00:00,134.81,13:00:00
2026-05-02 13:15:00,134.82,13:15:00
2026-05-02 13:30:00,146.44,13:30:00
2026-05-02 13:45:00,146.58,13:45:00
2026-05-02 14:00:00,166.54,14:00:00
2026-05-02 14:15:00,164.56,14:15:00
2026-05-02 14:30:00,177.56,14:30:00
2026-05-02 14:45:00,177.75,14:45:00
2026-05-02 15:00:00,200.05,15:00:00
2026-05-02 15:15:00,198.77,15:15:00
2026-05-02 15:30:00,213.85,15:30:00
2026-05-02 15:45:00,213.07,15:45:00
2026-05-02 16:00:00,219.94,16:00:00
2026-05-02 16:15:00,220.51,16:15:00
2026-05-02 16:30:00,228.34,16:30:00
2026-05-02 16:45:00,229.17,16:45:00
2026-05-02 17:00:00,243.14,17:00:00
2026-05-02 17:15:00,243.7,17:15:00
2026-05-02 17:30:00,250.56,17:30:00
2026-05-02 17:45:00,251.67,17:45:00
2026-05-02 18:00:00,255.6,18:00:00
2026-05-02 18:15:00,255.73,18:15:00
2026-05-02 18:30:00,260.31,18:30:00
2026-05-02 18:45:00,260.2,18:45:00
2026-05-02 19:00:00,252.11,19:00:00
2026-05-02 19:15:00,252.0,19:15:00
2026-05-02 19:30:00,248.17,19:30:00
2026-05-02 19:45:00,247.99,19:45:00
2026-05-02 20:00:00,245.23,20:00:00
2026-05-02 20:15:00,244.61,20:15:00
2026-05-02 20:30:00,242.43,20:30:00
2026-05-02 20:45:00,242.56,20:45:00
2026-05-02 21:00:00,238.96,21:00:00
2026-05-02 21:15:00,239.25,21:15:00
2026-05-02 21:30:00,240.76,21:30:00
2026-05-02 21:45:00,240.37,21:45:00
2026-05-02 22:00:00,237.34,22:00:00
2026-05-02 22:15:00,236.41,22:15:00
2026-05-02 22:30:00,228.04,22:30:00
2026-05-02 22:45:00,228.66,22:45:00
2026-05-02 23:00:00,224.2,23:00:00
2026-05-02 23:15:00,224.36,23:15:00
2026-05-02 23:30:00,223.13,23:30:00
2026-05-02 23:45:00,223.18,23:45:00
2026-05-03 00:00:00,215.18,00:00:00
2026-05-03 00:15:00,214.01,00:15:00
2026-05-03 00:30:00,206.19,00:30:00
2026-05-03 00:45:00,206.03,00:45:00
2026-05-03 01:00:00,203.67,01:00:00
2026-05-03 01:15:00,203.36,01:15:00
2026-05-03 01:30:00,200.62,01:30:00
2026-05-03 01:45:00,201.09,01:45:00
2026-05-03 02:00:00,204.45,02:00:00
2026-05-03 02:15:00,205.37,02:15:00
2026-05-03 02:30:00,204.46,02:30:00
2026-05-03 02:45:00,205.4,02:45:00
2026-05-03 03:00:00,215.29,03:00:00
2026-05-03 03:15:00,216.24,03:15:00
2026-05-03 03:30:00,217.73,03:30:00
2026-05-03 03:45:00,217.55,03:45:00
2026-05-03 04:00:00,217.31,04:00:00
2026-05-03 04:15:00,217.22,04:15:00
2026-05-03 04:30:00,215.16,04:30:00
2026-05-03 04:45:00,213.59,04:45:00
2026-05-03 05:00:00,208.45,05:00:00
2026-05-03 05:15:00,208.68,05:15:00
2026-05-03 05:30:00,207.48,05:30:00
2026-05-03 05:45:00,208.01,05:45:00
2026-05-03 06:00:00,202.37,06:00:00
2026-05-03 06:15:00,202.54,06:15:00
2026-05-03 06:30:00,202.36,06:30:00
2026-05-03 06:45:00,201.75,06:45:00
2026-05-03 07:00:00,196.49,07:00:00
2026-05-03 07:15:00,196.2,07:15:00
2026-05-03 07:30:00,192.03,07:30:00
2026-05-03 07:45:00,192.74,07:45:00
2026-05-03 08:00:00,190.06,08:00:00
2026-05-03 08:15:00,189.48,08:15:00
2026-05-03 08:30:00,184.53,08:30:00
2026-05-03 08:45:00,184.42,08:45:00
2026-05-03 09:00:00,182.41,09:00:00
2026-05-03 09:15:00,181.7,09:15:00
2026-05-03 09:30:00,179.39,09:30:00
2026-05-03 09:45:00,179.27,09:45:00
2026-05-03 10:00:00,175.32,10:00:00
2026-05-03 10:15:00,175.1,10:15:00
2026-05-03 10:30:00,174.52,10:30:00
2026-05-03 10:45:00,174.71,10:45:00
2026-05-03 11:00:00,175.91,11:00:00
2026-05-03 11:15:00,175.36,11:15:00
2026-05-03 11:30:00,176.96,11:30:00
2026-05-03 11:45:00,177.3,11:45:00
2026-05-03 12:00:00,179.01,12:00:00
2026-05-03 12:15:00,178.91,12:15:00
2026-05-03 12:30:00,182.97,12:30:00
2026-05-03 12:45:00,182.42,12:45:00
2026-05-03 13:00:00,184.64,13:00:00
2026-05-03 13:15:00,185.0,13:15:00
2026-05-03 13:30:00,186.33,13:30:00
2026-05-03 13:45:00,186.12,13:45:00
2026-05-03 14:00:00,192.34,14:00:00
2026-05-03 14:15:00,192.46,14:15:00
2026-05-03 14:30:00,199.97,14:30:00
2026-05-03 14:45:00,200.71,14:45:00
2026-05-03 15:00:00,212.18,15:00:00
2026-05-03 15:15:00,212.61,15:15:00
2026-05-03 15:30:00,222.22,15:30:00
2026-05-03 15:45:00,222.2,15:45:00
2026-05-03 16:00:00,232.69,16:00:00
2026-05-03 16:15:00,233.71,16:15:00
2026-05-03 16:30:00,243.42,16:30:00
2026-05-03 16:45:00,243.71,16:45:00
2026-05-03 17:00:00,252.93,17:00:00
2026-05-03 17:15:00,253.11,17:15:00
2026-05-03 17:30:00,260.08,17:30:00
2026-05-03 17:45:00,260.03,17:45:00
2026-05-03 18:00:00,268.32,18:00:00
2026-05-03 18:15:00,268.28,18:15:00
2026-05-03 18:30:00,271.57,18:30:00
2026-05-03 18:45:00,271.36,18:45:00
2026-05-03 19:00:00,273.64,19:00:00
2026-05-03 19:15:00,273.94,19:15:00
2026-05-03 19:30:00,273.18,19:30:00
2026-05-03 19:45:00,273.52,19:45:00
2026-05-03 20:00:00,273.04,20:00:00
2026-05-03 20:15:00,271.98,20:15:00
2026-05-03 20:30:00,268.95,20:30:00
2026-05-03 20:45:00,269.11,20:45:00
2026-05-03 21:00:00,271.55,21:00:00
2026-05-03 21:15:00,272.09,21:15:00
2026-05-03 21:30:00,269.96,21:30:00
2026-05-03 21:45:00,268.68,21:45:00
2026-05-03 22:00:00,264.19,22:00:00
2026-05-03 22:15:00,263.06,22:15:00
2026-05-03 22:30:00,259.57,22:30:00
2026-05-03 22:45:00,259.49,22:45:00
2026-05-03 23:00:00,256.57,23:00:00
2026-05-03 23:15:00,255.78,23:15:00
2026-05-03 23:30:00,255.27,23:30:00
2026-05-03 23:45:00,255.03,23:45:00
2026-05-04 00:00:00,254.63,00:00:00
2026-05-04 00:15:00,253.85,00:15:00
2026-05-04 00:30:00,252.82,00:30:00
2026-05-04 00:45:00,252.87,00:45:00
2026-05-04 01:00:00,257.82,01:00:00
2026-05-04 01:15:00,257.87,01:15:00
2026-05-04 01:30:00,255.13,01:30:00
2026-05-04 01:45:00,253.24,01:45:00
2026-05-04 02:00:00,256.05,02:00:00
2026-05-04 02:15:00,255.72,02:15:00
2026-05-04 02:30:00,254.26,02:30:00
2026-05-04 02:45:00,255.02,02:45:00
2026-05-04 03:00:00,257.11,03:00:00
2026-05-04 03:15:00,257.49,03:15:00
2026-05-04 03:30:00,254.37,03:30:00
2026-05-04 03:45:00,254.33,03:45:00
2026-05-04 04:00:00,252.35,04:00:00
2026-05-04 04:15:00,252.77,04:15:00
2026-05-04 04:30:00,249.15,04:30:00
2026-05-04 04:45:00,249.46,04:45:00
2026-05-04 05:00:00,249.12,05:00:00
2026-05-04 05:15:00,249.2,05:15:00
2026-05-04 05:30:00,250.57,05:30:00
2026-05-04 05:45:00,250.62,05:45:00
2026-05-04 06:00:00,247.33,06:00:00
2026-05-04 06:15:00,246.66,06:15:00
2026-05-04 06:30:00,241.98,06:30:00
2026-05-04 06:45:00,241.47,06:45:00
2026-05-04 07:00:00,227.88,07:00:00
2026-05-04 07:15:00,227.37,07:15:00
2026-05-04 07:30:00,219.01,07:30:00
2026-05-04 07:45:00,219.69,07:45:00
2026-05-04 08:00:00,212.85,08:00:00
2026-05-04 08:15:00,213.28,08:15:00
2026-05-04 08:30:00,209.68,08:30:00
2026-05-04 08:45:00,209.63,08:45:00
2026-05-04 09:00:00,202.78,09:00:00
2026-05-04 09:15:00,202.94,09:15:00
2026-05-04 09:30:00,199.26,09:30:00
2026-05-04 09:45:00,199.2,09:45:00
2026-05-04 10:00:00,195.58,10:00:00
2026-05-04 10:15:00,195.55,10:15:00
2026-05-04 10:30:00,192.2,10:30:00
2026-05-04 10:45:00,192.34,10:45:00
2026-05-04 11:00:00,186.17,11:00:00
2026-05-04 11:15:00,185.89,11:15:00
2026-05-04 11:30:00,183.97,11:30:00
2026-05-04 11:45:00,183.96,11:45:00
2026-05-04 12:00:00,185.82,12:00:00
2026-05-04 12:15:00,186.68,12:15:00
2026-05-04 12:30:00,191.03,12:30:00
2026-05-04 12:45:00,190.33,12:45:00
2026-05-04 13:00:00,194.8,13:00:00
2026-05-04 13:15:00,194.16,13:15:00
2026-05-04 13:30:00,194.37,13:30:00
2026-05-04 13:45:00,193.68,13:45:00
2026-05-04 14:00:00,196.57,14:00:00
2026-05-04 14:15:00,196.08,14:15:00
2026-05-04 14:30:00,201.31,14:30:00
2026-05-04 14:45:00,199.79,14:45:00
2026-05-04 15:00:00,206.0,15:00:00
2026-05-04 15:15:00,205.91,15:15:00
2026-05-04 15:30:00,216.94,15:30:00
2026-05-04 15:45:00,217.49,15:45:00
2026-05-04 16:00:00,232.39,16:00:00
2026-05-04 16:15:00,233.01,16:15:00
2026-05-04 16:30:00,246.0,16:30:00
2026-05-04 16:45:00,247.0,16:45:00
2026-05-04 17:00:00,265.61,17:00:00
2026-05-04 17:15:00,265.55,17:15:00
2026-05-04 17:30:00,277.29,17:30:00
2026-05-04 17:45:00,277.2,17:45:00
2026-05-04 18:00:00,277.56,18:00:00
2026-05-04 18:15:00,277.42,18:15:00
2026-05-04 18:30:00,281.6,18:30:00
2026-05-04 18:45:00,281.2,18:45:00
2026-05-04 19:00:00,283.6,19:00:00
2026-05-04 19:15:00,283.49,19:15:00
2026-05-04 19:30:00,281.92,19:30:00
2026-05-04 19:45:00,281.84,19:45:00
2026-05-04 20:00:00,277.98,20:00:00
2026-05-04 20:15:00,277.74,20:15:00
2026-05-04 20:30:00,276.74,20:30:00
2026-05-04 20:45:00,276.61,20:45:00
2026-05-04 21:00:00,276.31,21:00:00
2026-05-04 21:15:00,275.97,21:15:00
2026-05-04 21:30:00,277.84,21:30:00
2026-05-04 21:45:00,277.76,21:45:00
2026-05-04 22:00:00,280.29,22:00:00
2026-05-04 22:15:00,280.3,22:15:00
2026-05-04 22:30:00,280.22,22:30:00
2026-05-04 22:45:00,280.27,22:45:00
2026-05-04 23:00:00,283.54,23:00:00
2026-05-04 23:15:00,283.87,23:15:00
2026-05-04 23:30:00,285.51,23:30:00
2026-05-04 23:45:00,285.83,23:45:00
2026-05-05 00:00:00,290.26,00:00:00
2026-05-05 00:15:00,290.39,00:15:00
2026-05-05 00:30:00,291.38,00:30:00
2026-05-05 00:45:00,291.17,00:45:00
2026-05-05 01:00:00,292.27,01:00:00
2026-05-05 01:15:00,292.29,01:15:00
2026-05-05 01:30:00,287.23,01:30:00
2026-05-05 01:45:00,287.42,01:45:00
2026-05-05 02:00:00,285.02,02:00:00
2026-05-05 02:15:00,285.37,02:15:00
2026-05-05 02:30:00,284.54,02:30:00
2026-05-05 02:45:00,284.81,02:45:00
2026-05-05 03:00:00,279.45,03:00:00
2026-05-05 03:15:00,280.12,03:15:00
2026-05-05 03:30:00,278.32,03:30:00
2026-05-05 03:45:00,278.78,03:45:00
2026-05-05 04:00:00,282.36,04:00:00
2026-05-05 04:15:00,282.66,04:15:00
2026-05-05 04:30:00,284.72,04:30:00
2026-05-05 04:45:00,284.03,04:45:00
2026-05-05 05:00:00,277.64,05:00:00
2026-05-05 05:15:00,277.18,05:15:00
2026-05-05 05:30:00,277.58,05:30:00
2026-05-05 05:45:00,277.21,05:45:00
2026-05-05 06:00:00,269.55,06:00:00
2026-05-05 06:15:00,268.78,06:15:00
2026-05-05 06:30:00,262.07,06:30:00
2026-05-05 06:45:00,262.06,06:45:00
2026-05-05 07:00:00,250.88,07:00:00
2026-05-05 07:15:00,250.53,07:15:00
2026-05-05 07:30:00,240.24,07:30:00
2026-05-05 07:45:00,240.51,07:45:00
2026-05-05 08:00:00,232.34,08:00:00
2026-05-05 08:15:00,232.66,08:15:00
2026-05-05 08:30:00,222.07,08:30:00
2026-05-05 08:45:00,222.03,08:45:00
2026-05-05 09:00:00,210.24,09:00:00
2026-05-05 09:15:00,210.34,09:15:00
2026-05-05 09:30:00,203.06,09:30:00
2026-05-05 09:45:00,202.74,09:45:00
2026-05-05 10:00:00,196.31,10:00:00
2026-05-05 10:15:00,196.04,10:15:00
2026-05-05 10:30:00,191.89,10:30:00
2026-05-05 10:45:00,191.65,10:45:00
2026-05-05 11:00:00,192.2,11:00:00
2026-05-05 11:15:00,191.95,11:15:00
2026-05-05 11:30:00,195.08,11:30:00
2026-05-05 11:45:00,195.58,11:45:00
2026-05-05 12:00:00,198.92,12:00:00
2026-05-05 12:15:00,199.25,12:15:00
2026-05-05 12:30:00,200.11,12:30:00
2026-05-05 12:45:00,200.36,12:45:00
2026-05-05 13:00:00,205.59,13:00:00
2026-05-05 13:15:00,205.82,13:15:00
2026-05-05 13:30:00,207.23,13:30:00
2026-05-05 13:45:00,207.62,13:45:00
2026-05-05 14:00:00,209.29,14:00:00
2026-05-05 14:15:00,209.47,14:15:00
2026-05-05 14:30:00,216.87,14:30:00
2026-05-05 14:45:00,216.46,14:45:00
2026-05-05 15:00:00,222.48,15:00:00
2026-05-05 15:15:00,222.1,15:15:00
2026-05-05 15:30:00,229.57,15:30:00
2026-05-05 15:45:00,229.03,15:45:00
2026-05-05 16:00:00,234.91,16:00:00
2026-05-05 16:15:00,234.82,16:15:00
2026-05-05 16:30:00,238.99,16:30:00
2026-05-05 16:45:00,238.89,16:45:00
2026-05-05 17:00:00,245.38,17:00:00
2026-05-05 17:15:00,244.81,17:15:00
2026-05-05 17:30:00,254.26,17:30:00
2026-05-05 17:45:00,254.57,17:45:00
2026-05-05 18:00:00,254.91,18:00:00
2026-05-05 18:15:00,255.05,18:15:00
2026-05-05 18:30:00,254.73,18:30:00
2026-05-05 18:45:00,254.19,18:45:00
2026-05-05 19:00:00,252.06,19:00:00
2026-05-05 19:15:00,251.8,19:15:00
2026-05-05 19:30:00,248.91,19:30:00
2026-05-05 19:45:00,248.8,19:45:00
2026-05-05 20:00:00,250.82,20:00:00
2026-05-05 20:15:00,250.6,20:15:00
2026-05-05 20:30:00,253.83,20:30:00
2026-05-05 20:45:00,254.31,20:45:00
2026-05-05 21:00:00,257.7,21:00:00
2026-05-05 21:15:00,258.02,21:15:00
2026-05-05 21:30:00,255.88,21:30:00
2026-05-05 21:45:00,256.27,21:45:00
2026-05-05 22:00:00,254.2,22:00:00
2026-05-05 22:15:00,254.2,22:15:00
2026-05-05 22:30:00,245.32,22:30:00
2026-05-05 22:45:00,244.95,22:45:00
2026-05-05 23:00:00,244.56,23:00:00
2026-05-05 23:15:00,244.23,23:15:00
2026-05-05 23:30:00,242.73,23:30:00
2026-05-05 23:45:00,242.46,23:45:00
2026-05-06 00:00:00,252.23,00:00:00
2026-05-06 00:15:00,251.79,00:15:00
2026-05-06 00:30:00,253.48,00:30:00
2026-05-06 00:45:00,253.38,00:45:00
2026-05-06 01:00:00,253.98,01:00:00
2026-05-06 01:15:00,253.87,01:15:00
2026-05-06 01:30:00,253.16,01:30:00
2026-05-06 01:45:00,253.55,01:45:00
2026-05-06 02:00:00,251.53,02:00:00
2026-05-06 02:15:00,251.81,02:15:00
2026-05-06 02:30:00,249.2,02:30:00
2026-05-06 02:45:00,248.78,02:45:00
2026-05-06 03:00:00,235.17,03:00:00
2026-05-06 03:15:00,235.43,03:15:00
2026-05-06 03:30:00,234.54,03:30:00
2026-05-06 03:45:00,234.73,03:45:00
2026-05-06 04:00:00,242.35,04:00:00
2026-05-06 04:15:00,242.63,04:15:00
2026-05-06 04:30:00,244.46,04:30:00
2026-05-06 04:45:00,244.01,04:45:00
2026-05-06 05:00:00,239.68,05:00:00
2026-05-06 05:15:00,239.34,05:15:00
2026-05-06 05:30:00,242.48,05:30:00
2026-05-06 05:45:00,242.03,05:45:00
2026-05-06 06:00:00,236.32,06:00:00
2026-05-06 06:15:00,235.98,06:15:00
2026-05-06 06:30:00,231.16,06:30:00
2026-05-06 06:45:00,230.54,06:45:00
2026-05-06 07:00:00,221.49,07:00:00
2026-05-06 07:15:00,220.76,07:15:00
2026-05-06 07:30:00,208.66,07:30:00
2026-05-06 07:45:00,209.29,07:45:00
2026-05-06 08:00:00,199.95,08:00:00
2026-05-06 08:15:00,200.58,08:15:00
2026-05-06 08:30:00,192.06,08:30:00
2026-05-06 08:45:00,191.99,08:45:00
2026-05-06 09:00:00,180.91,09:00:00
2026-05-06 09:15:00,181.18,09:15:00
2026-05-06 09:30:00,174.11,09:30:00
2026-05-06 09:45:00,173.9,09:45:00
2026-05-06 10:00:00,167.55,10:00:00
2026-05-06 10:15:00,167.21,10:15:00
2026-05-06 10:30:00,165.98,10:30:00
2026-05-06 10:45:00,166.11,10:45:00
2026-05-06 11:00:00,164.32,11:00:00
2026-05-06 11:15:00,163.94,11:15:00
2026-05-06 11:30:00,162.71,11:30:00
2026-05-06 11:45:00,162.81,11:45:00
2026-05-06 12:00:00,157.37,12:00:00
2026-05-06 12:15:00,156.99,12:15:00
2026-05-06 12:30:00,161.11,12:30:00
2026-05-06 12:45:00,161.26,12:45:00
2026-05-06 13:00:00,170.07,13:00:00
2026-05-06 13:15:00,170.71,13:15:00
2026-05-06 13:30:00,178.37,13:30:00
2026-05-06 13:45:00,178.28,13:45:00
2026-05-06 14:00:00,190.0,14:00:00
2026-05-06 14:15:00,190.44,14:15:00
2026-05-06 14:30:00,197.23,14:30:00
2026-05-06 14:45:00,197.17,14:45:00
2026-05-06 15:00:00,209.84,15:00:00
2026-05-06 15:15:00,210.23,15:15:00
2026-05-06 15:30:00,221.3,15:30:00
2026-05-06 15:45:00,221.45,15:45:00
2026-05-06 16:00:00,231.62,16:00:00
2026-05-06 16:15:00,231.67,16:15:00
2026-05-06 16:30:00,240.02,16:30:00
2026-05-06 16:45:00,240.25,16:45:00
2026-05-06 17:00:00,250.35,17:00:00
2026-05-06 17:15:00,250.39,17:15:00
2026-05-06 17:30:00,258.86,17:30:00
2026-05-06 17:45:00,259.47,17:45:00
2026-05-06 18:00:00,262.24,18:00:00
2026-05-06 18:15:00,262.47,18:15:00
2026-05-06 18:30:00,268.5,18:30:00
2026-05-06 18:45:00,268.66,18:45:00
2026-05-06 19:00:00,275.97,19:00:00
2026-05-06 19:15:00,276.14,19:15:00
2026-05-06 19:30:00,276.11,19:30:00
2026-05-06 19:45:00,275.62,19:45:00
2026-05-06 20:00:00,274.33,20:00:00
2026-05-06 20:15:00,273.76,20:15:00
2026-05-06 20:30:00,272.9,20:30:00
2026-05-06 20:45:00,273.32,20:45:00
2026-05-06 21:00:00,270.74,21:00:00
2026-05-06 21:15:00,271.35,21:15:00
2026-05-06 21:30:00,267.62,21:30:00
2026-05-06 21:45:00,267.98,21:45:00
2026-05-06 22:00:00,270.37,22:00:00
2026-05-06 22:15:00,270.87,22:15:00
2026-05-06 22:30:00,271.13,22:30:00
2026-05-06 22:45:00,271.22,22:45:00
2026-05-06 23:00:00,269.21,23:00:00
2026-05-06 23:15:00,269.54,23:15:00
2026-05-06 23:30:00,269.45,23:30:00
2026-05-06 23:45:00,269.37,23:45:00
2026-05-07 00:00:00,270.32,00:00:00
2026-05-07 00:15:00,270.28,00:15:00
2026-05-07 00:30:00,271.58,00:30:00
2026-05-07 00:45:00,271.27,00:45:00
2026-05-07 01:00:00,267.93,01:00:00
2026-05-07 01:15:00,267.88,01:15:00
2026-05-07 01:30:00,266.34,01:30:00
2026-05-07 01:45:00,266.44,01:45:00
2026-05-07 02:00:00,268.83,02:00:00
2026-05-07 02:15:00,269.05,02:15:00
2026-05-07 02:30:00,268.45,02:30:00
2026-05-07 02:45:00,268.67,02:45:00
2026-05-07 03:00:00,270.9,03:00:00
2026-05-07 03:15:00,270.82,03:15:00
2026-05-07 03:30:00,269.86,03:30:00
2026-05-07 03:45:00,270.11,03:45:00
2026-05-07 04:00:00,270.83,04:00:00
2026-05-07 04:15:00,271.13,04:15:00
2026-05-07 04:30:00,270.68,04:30:00
2026-05-07 04:45:00,271.0,04:45:00
2026-05-07 05:00:00,267.73,05:00:00
2026-05-07 05:15:00,268.07,05:15:00
2026-05-07 05:30:00,269.51,05:30:00
2026-05-07 05:45:00,269.52,05:45:00
2026-05-07 06:00:00,264.19,06:00:00
2026-05-07 06:15:00,263.37,06:15:00
2026-05-07 06:30:00,259.09,06:30:00
2026-05-07 06:45:00,258.29,06:45:00
2026-05-07 07:00:00,250.99,07:00:00
2026-05-07 07:15:00,250.28,07:15:00
2026-05-07 07:30:00,242.52,07:30:00
2026-05-07 07:45:00,242.11,07:45:00
2026-05-07 08:00:00,232.93,08:00:00
2026-05-07 08:15:00,232.67,08:15:00
2026-05-07 08:30:00,223.47,08:30:00
2026-05-07 08:45:00,223.74,08:45:00
2026-05-07 09:00:00,215.8,09:00:00
2026-05-07 09:15:00,216.08,09:15:00
2026-05-07 09:30:00,210.51,09:30:00
2026-05-07 09:45:00,210.43,09:45:00
2026-05-07 10:00:00,206.87,10:00:00
2026-05-07 10:15:00,206.93,10:15:00
2026-05-07 10:30:00,204.14,10:30:00
2026-05-07 10:45:00,204.31,10:45:00
2026-05-07 11:00:00,201.87,11:00:00
2026-05-07 11:15:00,202.35,11:15:00
2026-05-07 11:30:00,201.99,11:30:00
2026-05-07 11:45:00,201.96,11:45:00
2026-05-07 12:00:00,200.98,12:00:00
2026-05-07 12:15:00,200.99,12:15:00
2026-05-07 12:30:00,201.35,12:30:00
2026-05-07 12:45:00,201.02,12:45:00
2026-05-07 13:00:00,198.65,13:00:00
2026-05-07 13:15:00,198.9,13:15:00
2026-05-07 13:30:00,204.23,13:30:00
2026-05-07 13:45:00,204.05,13:45:00
2026-05-07 14:00:00,207.2,14:00:00
2026-05-07 14:15:00,207.33,14:15:00
2026-05-07 14:30:00,217.21,14:30:00
2026-05-07 14:45:00,216.83,14:45:00
2026-05-07 15:00:00,219.9,15:00:00
2026-05-07 15:15:00,219.66,15:15:00
2026-05-07 15:30:00,225.22,15:30:00
2026-05-07 15:45:00,225.3,15:45:00
2026-05-07 16:00:00,231.42,16:00:00
2026-05-07 16:15:00,231.46,16:15:00
2026-05-07 16:30:00,239.41,16:30:00
2026-05-07 16:45:00,239.93,16:45:00
2026-05-07 17:00:00,247.92,17:00:00
2026-05-07 17:15:00,248.08,17:15:00
2026-05-07 17:30:00,257.8,17:30:00
2026-05-07 17:45:00,258.14,17:45:00
2026-05-07 18:00:00,266.81,18:00:00
2026-05-07 18:15:00,267.14,18:15:00
2026-05-07 18:30:00,275.13,18:30:00
2026-05-07 18:45:00,275.04,18:45:00
2026-05-07 19:00:00,274.65,19:00:00
2026-05-07 19:15:00,274.59,19:15:00
2026-05-07 19:30:00,273.55,19:30:00
2026-05-07 19:45:00,273.43,19:45:00
2026-05-07 20:00:00,269.21,20:00:00
2026-05-07 20:15:00,268.85,20:15:00
2026-05-07 20:30:00,269.85,20:30:00
2026-05-07 20:45:00,269.3,20:45:00
2026-05-07 21:00:00,267.56,21:00:00
2026-05-07 21:15:00,267.49,21:15:00
2026-05-07 21:30:00,267.9,21:30:00
2026-05-07 21:45:00,267.49,21:45:00
2026-05-07 22:00:00,265.49,22:00:00
2026-05-07 22:15:00,265.3,22:15:00
2026-05-07 22:30:00,264.69,22:30:00
2026-05-07 22:45:00,264.48,22:45:00
2026-05-07 23:00:00,262.67,23:00:00
2026-05-07 23:15:00,262.3,23:15:00
2026-05-07 23:30:00,260.02,23:30:00
2026-05-07 23:45:00,259.64,23:45:00
2026-05-08 00:00:00,261.1,00:00:00
2026-05-08 00:15:00,260.68,00:15:00
2026-05-08 00:30:00,263.34,00:30:00
2026-05-08 00:45:00,263.02,00:45:00
2026-05-08 01:00:00,267.95,01:00:00
2026-05-08 01:15:00,267.82,01:15:00
2026-05-08 01:30:00,269.88,01:30:00
2026-05-08 01:45:00,269.73,01:45:00
2026-05-08 02:00:00,271.24,02:00:00
2026-05-08 02:15:00,271.23,02:15:00
2026-05-08 02:30:00,270.97,02:30:00
2026-05-08 02:45:00,270.92,02:45:00
2026-05-08 03:00:00,270.95,03:00:00
2026-05-08 03:15:00,271.09,03:15:00
2026-05-08 03:30:00,272.87,03:30:00
2026-05-08 03:45:00,273.12,03:45:00
2026-05-08 04:00:00,274.45,04:00:00
2026-05-08 04:15:00,274.28,04:15:00
2026-05-08 04:30:00,272.89,04:30:00
2026-05-08 04:45:00,272.95,04:45:00
2026-05-08 05:00:00,271.48,05:00:00
2026-05-08 05:15:00,270.49,05:15:00
2026-05-08 05:30:00,270.65,05:30:00
2026-05-08 05:45:00,270.24,05:45:00
2026-05-08 06:00:00,263.93,06:00:00
2026-05-08 06:15:00,262.93,06:15:00
2026-05-08 06:30:00,258.36,06:30:00
2026-05-08 06:45:00,257.86,06:45:00
2026-05-08 07:00:00,247.16,07:00:00
2026-05-08 07:15:00,247.78,07:15:00
2026-05-08 07:30:00,235.51,07:30:00
2026-05-08 07:45:00,236.03,07:45:00
2026-05-08 08:00:00,223.53,08:00:00
2026-05-08 08:15:00,222.96,08:15:00
2026-05-08 08:30:00,219.42,08:30:00
2026-05-08 08:45:00,218.62,08:45:00
2026-05-08 09:00:00,209.38,09:00:00
2026-05-08 09:15:00,209.47,09:15:00
2026-05-08 09:30:00,206.43,09:30:00
2026-05-08 09:45:00,206.34,09:45:00
2026-05-08 10:00:00,202.71,10:00:00
2026-05-08 10:15:00,203.22,10:15:00
2026-05-08 10:30:00,198.06,10:30:00
2026-05-08 10:45:00,197.73,10:45:00
2026-05-08 11:00:00,197.64,11:00:00
2026-05-08 11:15:00,197.57,11:15:00
2026-05-08 11:30:00,193.33,11:30:00
2026-05-08 11:45:00,193.25,11:45:00
2026-05-08 12:00:00,193.83,12:00:00
2026-05-08 12:15:00,193.75,12:15:00
2026-05-08 12:30:00,190.71,12:30:00
2026-05-08 12:45:00,190.75,12:45:00
2026-05-08 13:00:00,190.74,13:00:00
2026-05-08 13:15:00,190.38,13:15:00
2026-05-08 13:30:00,194.22,13:30:00
2026-05-08 13:45:00,194.08,13:45:00
2026-05-08 14:00:00,197.17,14:00:00
2026-05-08 14:15:00,196.95,14:15:00
2026-05-08 14:30:00,202.19,14:30:00
2026-05-08 14:45:00,201.71,14:45:00
2026-05-08 15:00:00,210.81,15:00:00
2026-05-08 15:15:00,210.91,15:15:00
2026-05-08 15:30:00,220.08,15:30:00
2026-05-08 15:45:00,219.85,15:45:00
2026-05-08 16:00:00,230.2,16:00:00
2026-05-08 16:15:00,229.34,16:15:00
2026-05-08 16:30:00,240.39,16:30:00
2026-05-08 16:45:00,240.33,16:45:00
2026-05-08 17:00:00,249.24,17:00:00
2026-05-08 17:15:00,249.49,17:15:00
2026-05-08 17:30:00,256.88,17:30:00
2026-05-08 17:45:00,256.96,17:45:00
2026-05-08 18:00:00,269.0,18:00:00
2026-05-08 18:15:00,269.13,18:15:00
2026-05-08 18:30:00,276.07,18:30:00
2026-05-08 18:45:00,276.08,18:45:00
2026-05-08 19:00:00,275.44,19:00:00
2026-05-08 19:15:00,275.07,19:15:00
2026-05-08 19:30:00,276.18,19:30:00
2026-05-08 19:45:00,276.26,19:45:00
2026-05-08 20:00:00,276.06,20:00:00
2026-05-08 20:15:00,275.68,20:15:00
2026-05-08 20:30:00,266.36,20:30:00
2026-05-08 20:45:00,266.19,20:45:00
2026-05-08 21:00:00,265.97,21:00:00
2026-05-08 21:15:00,266.25,21:15:00
2026-05-08 21:30:00,262.75,21:30:00
2026-05-08 21:45:00,261.42,21:45:00
2026-05-08 22:00:00,252.54,22:00:00
2026-05-08 22:15:00,251.47,22:15:00
2026-05-08 22:30:00,244.51,22:30:00
2026-05-08 22:45:00,245.44,22:45:00
2026-05-08 23:00:00,247.96,23:00:00
2026-05-08 23:15:00,248.06,23:15:00
2026-05-08 23:30:00,255.71,23:30:00
2026-05-08 23:45:00,256.18,23:45:00
2026-05-09 00:00:00,258.74,00:00:00
2026-05-09 00:15:00,259.22,00:15:00
2026-05-09 00:30:00,260.2,00:30:00
2026-05-09 00:45:00,259.55,00:45:00
2026-05-09 01:00:00,262.34,01:00:00
2026-05-09 01:15:00,262.78,01:15:00
2026-05-09 01:30:00,262.4,01:30:00
2026-05-09 01:45:00,262.04,01:45:00
2026-05-09 02:00:00,261.37,02:00:00
2026-05-09 02:15:00,261.15,02:15:00
2026-05-09 02:30:00,261.09,02:30:00
2026-05-09 02:45:00,261.55,02:45:00
2026-05-09 03:00:00,263.55,03:00:00
2026-05-09 03:15:00,264.02,03:15:00
2026-05-09 03:30:00,263.98,03:30:00
2026-05-09 03:45:00,263.5,03:45:00
2026-05-09 04:00:00,261.83,04:00:00
2026-05-09 04:15:00,261.36,04:15:00
2026-05-09 04:30:00,258.24,04:30:00
2026-05-09 04:45:00,257.38,04:45:00
2026-05-09 05:00:00,243.75,05:00:00
2026-05-09 05:15:00,243.4,05:15:00
2026-05-09 05:30:00,236.46,05:30:00
2026-05-09 05:45:00,236.35,05:45:00
2026-05-09 06:00:00,220.49,06:00:00
2026-05-09 06:15:00,219.31,06:15:00
2026-05-09 06:30:00,203.84,06:30:00
2026-05-09 06:45:00,204.63,06:45:00
2026-05-09 07:00:00,191.13,07:00:00
2026-05-09 07:15:00,191.08,07:15:00
2026-05-09 07:30:00,181.15,07:30:00
2026-05-09 07:45:00,181.49,07:45:00
2026-05-09 08:00:00,166.95,08:00:00
2026-05-09 08:15:00,166.62,08:15:00
2026-05-09 08:30:00,155.94,08:30:00
2026-05-09 08:45:00,155.81,08:45:00
2026-05-09 09:00:00,150.89,09:00:00
2026-05-09 09:15:00,150.9,09:15:00
2026-05-09 09:30:00,148.69,09:30:00
2026-05-09 09:45:00,148.85,09:45:00
2026-05-09 10:00:00,138.98,10:00:00
2026-05-09 10:15:00,138.83,10:15:00
2026-05-09 10:30:00,132.4,10:30:00
2026-05-09 10:45:00,132.32,10:45:00
2026-05-09 11:00:00,133.59,11:00:00
2026-05-09 11:15:00,133.3,11:15:00
2026-05-09 11:30:00,130.45,11:30:00
2026-05-09 11:45:00,130.59,11:45:00
2026-05-09 12:00:00,131.45,12:00:00
2026-05-09 12:15:00,131.25,12:15:00
2026-05-09 12:30:00,111.88,12:30:00
2026-05-09 12:45:00,111.71,12:45:00
2026-05-09 13:00:00,110.91,13:00:00
2026-05-09 13:15:00,110.92,13:15:00
2026-05-09 13:30:00,115.39,13:30:00
2026-05-09 13:45:00,115.32,13:45:00
2026-05-09 14:00:00,125.97,14:00:00
2026-05-09 14:15:00,124.7,14:15:00
2026-05-09 14:30:00,132.61,14:30:00
2026-05-09 14:45:00,133.07,14:45:00
2026-05-09 15:00:00,145.13,15:00:00
2026-05-09 15:15:00,145.76,15:15:00
2026-05-09 15:30:00,166.53,15:30:00
2026-05-09 15:45:00,166.37,15:45:00
2026-05-09 16:00:00,195.87,16:00:00
2026-05-09 16:15:00,196.52,16:15:00
2026-05-09 16:30:00,208.0,16:30:00
2026-05-09 16:45:00,207.28,16:45:00
2026-05-09 17:00:00,222.45,17:00:00
2026-05-09 17:15:00,222.59,17:15:00
2026-05-09 17:30:00,233.51,17:30:00
2026-05-09 17:45:00,233.89,17:45:00
2026-05-09 18:00:00,252.53,18:00:00
2026-05-09 18:15:00,252.94,18:15:00
2026-05-09 18:30:00,260.22,18:30:00
2026-05-09 18:45:00,260.95,18:45:00
2026-05-09 19:00:00,265.85,19:00:00
2026-05-09 19:15:00,266.81,19:15:00
2026-05-09 19:30:00,263.38,19:30:00
2026-05-09 19:45:00,263.7,19:45:00
2026-05-09 20:00:00,256.0,20:00:00
2026-05-09 20:15:00,256.32,20:15:00
2026-05-09 20:30:00,256.14,20:30:00
2026-05-09 20:45:00,256.71,20:45:00
2026-05-09 21:00:00,259.19,21:00:00
2026-05-09 21:15:00,259.57,21:15:00
2026-05-09 21:30:00,259.63,21:30:00
2026-05-09 21:45:00,258.99,21:45:00
2026-05-09 22:00:00,247.48,22:00:00
2026-05-09 22:15:00,246.73,22:15:00
2026-05-09 22:30:00,232.05,22:30:00
2026-05-09 22:45:00,231.97,22:45:00
2026-05-09 23:00:00,224.04,23:00:00
2026-05-09 23:15:00,224.13,23:15:00
2026-05-09 23:30:00,221.33,23:30:00
2026-05-09 23:45:00,220.94,23:45:00
2026-05-10 00:00:00,215.53,00:00:00
2026-05-10 00:15:00,215.45,00:15:00
2026-05-10 00:30:00,208.89,00:30:00
2026-05-10 00:45:00,209.03,00:45:00
2026-05-10 01:00:00,205.58,01:00:00
2026-05-10 01:15:00,205.53,01:15:00
2026-05-10 01:30:00,201.36,01:30:00
2026-05-10 01:45:00,200.82,01:45:00
2026-05-10 02:00:00,196.12,02:00:00
2026-05-10 02:15:00,195.89,02:15:00
2026-05-10 02:30:00,190.75,02:30:00
2026-05-10 02:45:00,190.79,02:45:00
2026-05-10 03:00:00,187.48,03:00:00
2026-05-10 03:15:00,187.56,03:15:00
2026-05-10 03:30:00,180.47,03:30:00
2026-05-10 03:45:00,180.33,03:45:00
2026-05-10 04:00:00,172.77,04:00:00
2026-05-10 04:15:00,172.69,04:15:00
2026-05-10 04:30:00,156.71,04:30:00
2026-05-10 04:45:00,156.68,04:45:00
2026-05-10 05:00:00,145.73,05:00:00
2026-05-10 05:15:00,145.4,05:15:00
2026-05-10 05:30:00,143.93,05:30:00
2026-05-10 05:45:00,143.52,05:45:00
2026-05-10 06:00:00,135.35,06:00:00
2026-05-10 06:15:00,134.87,06:15:00
2026-05-10 06:30:00,123.04,06:30:00
2026-05-10 06:45:00,123.09,06:45:00
2026-05-10 07:00:00,118.79,07:00:00
2026-05-10 07:15:00,118.6,07:15:00
2026-05-10 07:30:00,114.4,07:30:00
2026-05-10 07:45:00,114.42,07:45:00
2026-05-10 08:00:00,107.29,08:00:00
2026-05-10 08:15:00,107.33,08:15:00
2026-05-10 08:30:00,97.77,08:30:00
2026-05-10 08:45:00,97.99,08:45:00
2026-05-10 09:00:00,82.13,09:00:00
2026-05-10 09:15:00,81.67,09:15:00
2026-05-10 09:30:00,77.79,09:30:00
2026-05-10 09:45:00,77.61,09:45:00
2026-05-10 10:00:00,75.64,10:00:00
2026-05-10 10:15:00,75.66,10:15:00
2026-05-10 10:30:00,74.78,10:30:00
2026-05-10 10:45:00,74.29,10:45:00
2026-05-10 11:00:00,79.17,11:00:00
2026-05-10 11:15:00,78.97,11:15:00
2026-05-10 11:30:00,86.82,11:30:00
2026-05-10 11:45:00,86.87,11:45:00
2026-05-10 12:00:00,86.91,12:00:00
2026-05-10 12:15:00,86.99,12:15:00
2026-05-10 12:30:00,82.5,12:30:00
2026-05-10 12:45:00,82.17,12:45:00
2026-05-10 13:00:00,76.12,13:00:00
2026-05-10 13:15:00,75.9,13:15:00
2026-05-10 13:30:00,74.71,13:30:00
2026-05-10 13:45:00,74.55,13:45:00
2026-05-10 14:00:00,73.49,14:00:00
2026-05-10 14:15:00,73.45,14:15:00
2026-05-10 14:30:00,74.32,14:30:00
2026-05-10 14:45:00,74.09,14:45:00
2026-05-10 15:00:00,92.93,15:00:00
2026-05-10 15:15:00,92.86,15:15:00
2026-05-10 15:30:00,112.25,15:30:00
2026-05-10 15:45:00,112.49,15:45:00
2026-05-10 16:00:00,134.81,16:00:00
2026-05-10 16:15:00,135.4,16:15:00
2026-05-10 16:30:00,156.52,16:30:00
2026-05-10 16:45:00,156.67,16:45:00
2026-05-10 17:00:00,167.17,17:00:00
2026-05-10 17:15:00,167.06,17:15:00
2026-05-10 17:30:00,177.86,17:30:00
2026-05-10 17:45:00,178.27,17:45:00
2026-05-10 18:00:00,188.67,18:00:00
2026-05-10 18:15:00,189.31,18:15:00
2026-05-10 18:30:00,201.78,18:30:00
2026-05-10 18:45:00,201.57,18:45:00
2026-05-10 19:00:00,207.82,19:00:00
2026-05-10 19:15:00,207.4,19:15:00
2026-05-10 19:30:00,208.28,19:30:00
2026-05-10 19:45:00,207.96,19:45:00
2026-05-10 20:00:00,209.47,20:00:00
2026-05-10 20:15:00,209.37,20:15:00
2026-05-10 20:30:00,209.48,20:30:00
2026-05-10 20:45:00,210.01,20:45:00
2026-05-10 21:00:00,209.14,21:00:00
2026-05-10 21:15:00,209.65,21:15:00
2026-05-10 21:30:00,205.79,21:30:00
2026-05-10 21:45:00,205.08,21:45:00
2026-05-10 22:00:00,202.7,22:00:00
2026-05-10 22:15:00,202.4,22:15:00
2026-05-10 22:30:00,198.08,22:30:00
2026-05-10 22:45:00,197.83,22:45:00
2026-05-10 23:00:00,199.7,23:00:00
2026-05-10 23:15:00,199.54,23:15:00
2026-05-10 23:30:00,195.99,23:30:00
2026-05-10 23:45:00,195.88,23:45:00
2026-05-11 00:00:00,195.94,00:00:00
2026-05-11 00:15:00,195.92,00:15:00
2026-05-11 00:30:00,194.78,00:30:00
2026-05-11 00:45:00,194.8,00:45:00
2026-05-11 01:00:00,192.5,01:00:00
2026-05-11 01:15:00,192.56,01:15:00
2026-05-11 01:30:00,188.55,01:30:00
2026-05-11 01:45:00,188.54,01:45:00
2026-05-11 02:00:00,188.19,02:00:00
2026-05-11 02:15:00,188.23,02:15:00
2026-05-11 02:30:00,191.76,02:30:00
2026-05-11 02:45:00,191.85,02:45:00
2026-05-11 03:00:00,193.77,03:00:00
2026-05-11 03:15:00,193.88,03:15:00
2026-05-11 03:30:00,189.47,03:30:00
2026-05-11 03:45:00,189.48,03:45:00
2026-05-11 04:00:00,185.5,04:00:00
2026-05-11 04:15:00,185.5,04:15:00
2026-05-11 04:30:00,181.83,04:30:00
2026-05-11 04:45:00,182.06,04:45:00
2026-05-11 05:00:00,187.53,05:00:00
2026-05-11 05:15:00,187.68,05:15:00
2026-05-11 05:30:00,193.71,05:30:00
2026-05-11 05:45:00,193.75,05:45:00
2026-05-11 06:00:00,193.59,06:00:00
2026-05-11 06:15:00,193.58,06:15:00
2026-05-11 06:30:00,193.59,06:30:00
2026-05-11 06:45:00,193.46,06:45:00
2026-05-11 07:00:00,180.39,07:00:00
2026-05-11 07:15:00,180.21,07:15:00
2026-05-11 07:30:00,173.11,07:30:00
2026-05-11 07:45:00,172.83,07:45:00
2026-05-11 08:00:00,160.81,08:00:00
2026-05-11 08:15:00,160.59,08:15:00
2026-05-11 08:30:00,155.66,08:30:00
2026-05-11 08:45:00,155.94,08:45:00
2026-05-11 09:00:00,150.04,09:00:00
2026-05-11 09:15:00,149.93,09:15:00
2026-05-11 09:30:00,150.18,09:30:00
2026-05-11 09:45:00,150.68,09:45:00
2026-05-11 10:00:00,147.32,10:00:00
2026-05-11 10:15:00,146.49,10:15:00
2026-05-11 10:30:00,153.14,10:30:00
2026-05-11 10:45:00,153.26,10:45:00
2026-05-11 11:00:00,156.43,11:00:00
2026-05-11 11:15:00,156.57,11:15:00
2026-05-11 11:30:00,156.02,11:30:00
2026-05-11 11:45:00,156.08,11:45:00
2026-05-11 12:00:00,153.54,12:00:00
2026-05-11 12:15:00,153.74,12:15:00
2026-05-11 12:30:00,152.86,12:30:00
2026-05-11 12:45:00,153.09,12:45:00
2026-05-11 13:00:00,148.84,13:00:00
2026-05-11 13:15:00,149.11,13:15:00
2026-05-11 13:30:00,150.65,13:30:00
2026-05-11 13:45:00,150.85,13:45:00
2026-05-11 14:00:00,150.39,14:00:00
2026-05-11 14:15:00,150.63,14:15:00
2026-05-11 14:30:00,151.34,14:30:00
2026-05-11 14:45:00,151.79,14:45:00
2026-05-11 15:00:00,159.96,15:00:00
2026-05-11 15:15:00,160.15,15:15:00
2026-05-11 15:30:00,166.33,15:30:00
2026-05-11 15:45:00,165.48,15:45:00
2026-05-11 16:00:00,169.52,16:00:00
2026-05-11 16:15:00,168.96,16:15:00
2026-05-11 16:30:00,177.95,16:30:00
2026-05-11 16:45:00,177.79,16:45:00
2026-05-11 17:00:00,184.8,17:00:00
2026-05-11 17:15:00,184.4,17:15:00
2026-05-11 17:30:00,190.43,17:30:00
2026-05-11 17:45:00,189.21,17:45:00
2026-05-11 18:00:00,196.66,18:00:00
2026-05-11 18:15:00,197.04,18:15:00
2026-05-11 18:30:00,204.53,18:30:00
2026-05-11 18:45:00,204.84,18:45:00
2026-05-11 19:00:00,211.64,19:00:00
2026-05-11 19:15:00,212.4,19:15:00
2026-05-11 19:30:00,214.57,19:30:00
2026-05-11 19:45:00,214.92,19:45:00
2026-05-11 20:00:00,217.62,20:00:00
2026-05-11 20:15:00,217.0,20:15:00
2026-05-11 20:30:00,217.6,20:30:00
2026-05-11 20:45:00,218.23,20:45:00
2026-05-11 21:00:00,215.13,21:00:00
2026-05-11 21:15:00,215.56,21:15:00
2026-05-11 21:30:00,209.67,21:30:00
2026-05-11 21:45:00,209.75,21:45:00
2026-05-11 22:00:00,198.3,22:00:00
2026-05-11 22:15:00,199.78,22:15:00
2026-05-11 22:30:00,193.39,22:30:00
2026-05-11 22:45:00,192.87,22:45:00
2026-05-11 23:00:00,193.9,23:00:00
2026-05-11 23:15:00,192.87,23:15:00
2026-05-11 23:30:00,192.68,23:30:00
2026-05-11 23:45:00,192.85,23:45:00
2026-05-12 00:00:00,190.42,00:00:00
2026-05-12 00:15:00,190.6,00:15:00
2026-05-12 00:30:00,192.26,00:30:00
2026-05-12 00:45:00,192.07,00:45:00
2026-05-12 01:00:00,189.84,01:00:00
2026-05-12 01:15:00,189.63,01:15:00
2026-05-12 01:30:00,184.72,01:30:00
2026-05-12 01:45:00,184.96,01:45:00
2026-05-12 02:00:00,183.92,02:00:00
2026-05-12 02:15:00,184.71,02:15:00
2026-05-12 02:30:00,174.86,02:30:00
2026-05-12 02:45:00,175.65,02:45:00
2026-05-12 03:00:00,173.76,03:00:00
2026-05-12 03:15:00,174.37,03:15:00
2026-05-12 03:30:00,179.79,03:30:00
2026-05-12 03:45:00,179.98,03:45:00
2026-05-12 04:00:00,184.04,04:00:00
2026-05-12 04:15:00,184.2,04:15:00
2026-05-12 04:30:00,178.96,04:30:00
2026-05-12 04:45:00,178.5,04:45:00
2026-05-12 05:00:00,170.36,05:00:00
2026-05-12 05:15:00,169.94,05:15:00
2026-05-12 05:30:00,173.92,05:30:00
2026-05-12 05:45:00,173.65,05:45:00
2026-05-12 06:00:00,166.22,06:00:00
2026-05-12 06:15:00,165.14,06:15:00
2026-05-12 06:30:00,160.32,06:30:00
2026-05-12 06:45:00,159.9,06:45:00
2026-05-12 07:00:00,149.12,07:00:00
2026-05-12 07:15:00,148.53,07:15:00
2026-05-12 07:30:00,138.34,07:30:00
2026-05-12 07:45:00,137.45,07:45:00
2026-05-12 08:00:00,126.03,08:00:00
2026-05-12 08:15:00,126.5,08:15:00
2026-05-12 08:30:00,107.89,08:30:00
2026-05-12 08:45:00,108.09,08:45:00
2026-05-12 09:00:00,81.04,09:00:00
2026-05-12 09:15:00,81.85,09:15:00
2026-05-12 09:30:00,78.38,09:30:00
2026-05-12 09:45:00,78.8,09:45:00
2026-05-12 10:00:00,71.63,10:00:00
2026-05-12 10:15:00,71.04,10:15:00
2026-05-12 10:30:00,72.06,10:30:00
2026-05-12 10:45:00,71.99,10:45:00
2026-05-12 11:00:00,70.33,11:00:00
2026-05-12 11:15:00,70.19,11:15:00
2026-05-12 11:30:00,67.42,11:30:00
2026-05-12 11:45:00,67.62,11:45:00
2026-05-12 12:00:00,70.3,12:00:00
2026-05-12 12:15:00,70.7,12:15:00
2026-05-12 12:30:00,70.6,12:30:00
2026-05-12 12:45:00,70.08,12:45:00
2026-05-12 13:00:00,70.34,13:00:00
2026-05-12 13:15:00,70.56,13:15:00
2026-05-12 13:30:00,73.14,13:30:00
2026-05-12 13:45:00,73.11,13:45:00
2026-05-12 14:00:00,82.23,14:00:00
2026-05-12 14:15:00,82.37,14:15:00
2026-05-12 14:30:00,90.8,14:30:00
2026-05-12 14:45:00,91.1,14:45:00
2026-05-12 15:00:00,107.12,15:00:00
2026-05-12 15:15:00,107.44,15:15:00
2026-05-12 15:30:00,123.25,15:30:00
2026-05-12 15:45:00,123.36,15:45:00
2026-05-12 16:00:00,136.77,16:00:00
2026-05-12 16:15:00,136.94,16:15:00
2026-05-12 16:30:00,147.8,16:30:00
2026-05-12 16:45:00,148.19,16:45:00
2026-05-12 17:00:00,165.6,17:00:00
2026-05-12 17:15:00,165.58,17:15:00
2026-05-12 17:30:00,179.35,17:30:00
2026-05-12 17:45:00,179.36,17:45:00
2026-05-12 18:00:00,196.53,18:00:00
2026-05-12 18:15:00,196.43,18:15:00
2026-05-12 18:30:00,209.39,18:30:00
2026-05-12 18:45:00,209.15,18:45:00
2026-05-12 19:00:00,218.42,19:00:00
2026-05-12 19:15:00,218.23,19:15:00
2026-05-12 19:30:00,217.24,19:30:00
2026-05-12 19:45:00,216.76,19:45:00
2026-05-12 20:00:00,222.58,20:00:00
2026-05-12 20:15:00,223.17,20:15:00
2026-05-12 20:30:00,216.97,20:30:00
2026-05-12 20:45:00,217.38,20:45:00
2026-05-12 21:00:00,210.12,21:00:00
2026-05-12 21:15:00,210.94,21:15:00
2026-05-12 21:30:00,202.78,21:30:00
2026-05-12 21:45:00,203.35,21:45:00
2026-05-12 22:00:00,196.02,22:00:00
2026-05-12 22:15:00,195.9,22:15:00
2026-05-12 22:30:00,184.05,22:30:00
2026-05-12 22:45:00,183.55,22:45:00
2026-05-12 23:00:00,174.03,23:00:00
2026-05-12 23:15:00,173.61,23:15:00
2026-05-12 23:30:00,172.83,23:30:00
2026-05-12 23:45:00,172.44,23:45:00
2026-05-13 00:00:00,170.19,00:00:00
2026-05-13 00:15:00,169.9,00:15:00
2026-05-13 00:30:00,173.62,00:30:00
2026-05-13 00:45:00,173.72,00:45:00
2026-05-13 01:00:00,180.02,01:00:00
2026-05-13 01:15:00,180.71,01:15:00
2026-05-13 01:30:00,182.56,01:30:00
2026-05-13 01:45:00,182.55,01:45:00
2026-05-13 02:00:00,183.47,02:00:00
2026-05-13 02:15:00,183.12,02:15:00
2026-05-13 02:30:00,179.04,02:30:00
2026-05-13 02:45:00,178.17,02:45:00
2026-05-13 03:00:00,176.5,03:00:00
2026-05-13 03:15:00,176.28,03:15:00
2026-05-13 03:30:00,179.78,03:30:00
2026-05-13 03:45:00,179.78,03:45:00
2026-05-13 04:00:00,183.52,04:00:00
2026-05-13 04:15:00,183.79,04:15:00
2026-05-13 04:30:00,177.34,04:30:00
2026-05-13 04:45:00,177.69,04:45:00
2026-05-13 05:00:00,172.7,05:00:00
2026-05-13 05:15:00,172.79,05:15:00
2026-05-13 05:30:00,183.62,05:30:00
2026-05-13 05:45:00,183.52,05:45:00
2026-05-13 06:00:00,189.88,06:00:00
2026-05-13 06:15:00,189.56,06:15:00
2026-05-13 06:30:00,184.78,06:30:00
2026-05-13 06:45:00,184.09,06:45:00
2026-05-13 07:00:00,174.48,07:00:00
2026-05-13 07:15:00,173.7,07:15:00
2026-05-13 07:30:00,160.26,07:30:00
2026-05-13 07:45:00,160.77,07:45:00
2026-05-13 08:00:00,155.9,08:00:00
2026-05-13 08:15:00,156.21,08:15:00
2026-05-13 08:30:00,152.45,08:30:00
2026-05-13 08:45:00,152.1,08:45:00
2026-05-13 09:00:00,145.83,09:00:00
2026-05-13 09:15:00,145.53,09:15:00
2026-05-13 09:30:00,145.88,09:30:00
2026-05-13 09:45:00,145.97,09:45:00
2026-05-13 10:00:00,145.11,10:00:00
2026-05-13 10:15:00,145.21,10:15:00
2026-05-13 10:30:00,144.6,10:30:00
2026-05-13 10:45:00,144.47,10:45:00
2026-05-13 11:00:00,144.44,11:00:00
2026-05-13 11:15:00,144.76,11:15:00
2026-05-13 11:30:00,141.72,11:30:00
2026-05-13 11:45:00,141.37,11:45:00
2026-05-13 12:00:00,144.23,12:00:00
2026-05-13 12:15:00,144.13,12:15:00
2026-05-13 12:30:00,146.47,12:30:00
2026-05-13 12:45:00,146.88,12:45:00
2026-05-13 13:00:00,147.27,13:00:00
2026-05-13 13:15:00,147.73,13:15:00
2026-05-13 13:30:00,148.35,13:30:00
2026-05-13 13:45:00,148.33,13:45:00
2026-05-13 14:00:00,157.36,14:00:00
2026-05-13 14:15:00,157.64,14:15:00
2026-05-13 14:30:00,163.34,14:30:00
2026-05-13 14:45:00,163.64,14:45:00
2026-05-13 15:00:00,172.48,15:00:00
2026-05-13 15:15:00,172.32,15:15:00
2026-05-13 15:30:00,180.06,15:30:00
2026-05-13 15:45:00,179.73,15:45:00
2026-05-13 16:00:00,194.53,16:00:00
2026-05-13 16:15:00,194.22,16:15:00
2026-05-13 16:30:00,207.35,16:30:00
2026-05-13 16:45:00,206.87,16:45:00
2026-05-13 17:00:00,216.24,17:00:00
2026-05-13 17:15:00,216.21,17:15:00
2026-05-13 17:30:00,230.64,17:30:00
2026-05-13 17:45:00,230.67,17:45:00
2026-05-13 18:00:00,241.7,18:00:00
2026-05-13 18:15:00,242.24,18:15:00
2026-05-13 18:30:00,246.44,18:30:00
2026-05-13 18:45:00,245.94,18:45:00
2026-05-13 19:00:00,245.43,19:00:00
2026-05-13 19:15:00,245.21,19:15:00
2026-05-13 19:30:00,243.94,19:30:00
2026-05-13 19:45:00,243.85,19:45:00
2026-05-13 20:00:00,247.09,20:00:00
2026-05-13 20:15:00,247.2,20:15:00
2026-05-13 20:30:00,243.85,20:30:00
2026-05-13 20:45:00,245.0,20:45:00
2026-05-13 21:00:00,245.03,21:00:00
2026-05-13 21:15:00,245.27,21:15:00
2026-05-13 21:30:00,242.33,21:30:00
2026-05-13 21:45:00,241.46,21:45:00
2026-05-13 22:00:00,227.33,22:00:00
2026-05-13 22:15:00,226.07,22:15:00
2026-05-13 22:30:00,210.27,22:30:00
2026-05-13 22:45:00,209.9,22:45:00
2026-05-13 23:00:00,197.25,23:00:00
2026-05-13 23:15:00,197.04,23:15:00
2026-05-13 23:30:00,186.7,23:30:00
2026-05-13 23:45:00,186.06,23:45:00
2026-05-14 00:00:00,181.2,00:00:00
2026-05-14 00:15:00,180.67,00:15:00
2026-05-14 00:30:00,185.15,00:30:00
2026-05-14 00:45:00,185.51,00:45:00
2026-05-14 01:00:00,185.36,01:00:00
2026-05-14 01:15:00,186.05,01:15:00
2026-05-14 01:30:00,178.94,01:30:00
2026-05-14 01:45:00,179.14,01:45:00
2026-05-14 02:00:00,179.32,02:00:00
2026-05-14 02:15:00,179.8,02:15:00
2026-05-14 02:30:00,183.12,02:30:00
2026-05-14 02:45:00,183.22,02:45:00
2026-05-14 03:00:00,181.57,03:00:00
2026-05-14 03:15:00,181.76,03:15:00
2026-05-14 03:30:00,179.98,03:30:00
2026-05-14 03:45:00,179.74,03:45:00
2026-05-14 04:00:00,174.11,04:00:00
2026-05-14 04:15:00,173.81,04:15:00
2026-05-14 04:30:00,178.75,04:30:00
2026-05-14 04:45:00,178.37,04:45:00
2026-05-14 05:00:00,174.26,05:00:00
2026-05-14 05:15:00,173.44,05:15:00
2026-05-14 05:30:00,177.01,05:30:00
2026-05-14 05:45:00,176.67,05:45:00
2026-05-14 06:00:00,182.63,06:00:00
2026-05-14 06:15:00,183.11,06:15:00
2026-05-14 06:30:00,181.34,06:30:00
2026-05-14 06:45:00,181.09,06:45:00
2026-05-14 07:00:00,171.81,07:00:00
2026-05-14 07:15:00,172.29,07:15:00
2026-05-14 07:30:00,165.16,07:30:00
2026-05-14 07:45:00,164.61,07:45:00
2026-05-14 08:00:00,159.76,08:00:00
2026-05-14 08:15:00,159.74,08:15:00
2026-05-14 08:30:00,151.0,08:30:00
2026-05-14 08:45:00,151.13,08:45:00
2026-05-14 09:00:00,142.47,09:00:00
2026-05-14 09:15:00,142.13,09:15:00
2026-05-14 09:30:00,135.55,09:30:00
2026-05-14 09:45:00,135.8,09:45:00
2026-05-14 10:00:00,128.09,10:00:00
2026-05-14 10:15:00,127.44,10:15:00
2026-05-14 10:30:00,120.94,10:30:00
2026-05-14 10:45:00,121.12,10:45:00
2026-05-14 11:00:00,120.19,11:00:00
2026-05-14 11:15:00,120.21,11:15:00
2026-05-14 11:30:00,123.3,11:30:00
2026-05-14 11:45:00,123.61,11:45:00
2026-05-14 12:00:00,120.76,12:00:00
2026-05-14 12:15:00,120.47,12:15:00
2026-05-14 12:30:00,116.88,12:30:00
2026-05-14 12:45:00,117.26,12:45:00
2026-05-14 13:00:00,117.98,13:00:00
2026-05-14 13:15:00,117.99,13:15:00
2026-05-14 13:30:00,117.67,13:30:00
2026-05-14 13:45:00,117.83,13:45:00
2026-05-14 14:00:00,125.54,14:00:00
2026-05-14 14:15:00,125.61,14:15:00
2026-05-14 14:30:00,125.0,14:30:00
2026-05-14 14:45:00,125.2,14:45:00
2026-05-14 15:00:00,126.42,15:00:00
2026-05-14 15:15:00,126.34,15:15:00
2026-05-14 15:30:00,134.08,15:30:00
2026-05-14 15:45:00,134.11,15:45:00
2026-05-14 16:00:00,150.3,16:00:00
2026-05-14 16:15:00,150.39,16:15:00
2026-05-14 16:30:00,165.47,16:30:00
2026-05-14 16:45:00,165.2,16:45:00
2026-05-14 17:00:00,179.57,17:00:00
2026-05-14 17:15:00,179.67,17:15:00
2026-05-14 17:30:00,190.0,17:30:00
2026-05-14 17:45:00,190.34,17:45:00
2026-05-14 18:00:00,199.76,18:00:00
2026-05-14 18:15:00,199.94,18:15:00
2026-05-14 18:30:00,208.61,18:30:00
2026-05-14 18:45:00,208.59,18:45:00
2026-05-14 19:00:00,214.47,19:00:00
2026-05-14 19:15:00,214.33,19:15:00
2026-05-14 19:30:00,216.32,19:30:00
2026-05-14 19:45:00,216.65,19:45:00
2026-05-14 20:00:00,217.24,20:00:00
2026-05-14 20:15:00,217.67,20:15:00
2026-05-14 20:30:00,218.53,20:30:00
2026-05-14 20:45:00,219.22,20:45:00
2026-05-14 21:00:00,221.07,21:00:00
2026-05-14 21:15:00,221.22,21:15:00
2026-05-14 21:30:00,219.61,21:30:00
2026-05-14 21:45:00,219.41,21:45:00
2026-05-14 22:00:00,211.35,22:00:00
2026-05-14 22:15:00,211.21,22:15:00
2026-05-14 22:30:00,199.51,22:30:00
2026-05-14 22:45:00,199.73,22:45:00
2026-05-14 23:00:00,191.68,23:00:00
2026-05-14 23:15:00,191.87,23:15:00
2026-05-14 23:30:00,182.52,23:30:00
2026-05-14 23:45:00,182.27,23:45:00
2026-05-15 00:00:00,174.3,00:00:00
2026-05-15 00:15:00,173.87,00:15:00
2026-05-15 00:30:00,166.06,00:30:00
2026-05-15 00:45:00,166.31,00:45:00
2026-05-15 01:00:00,156.61,01:00:00
2026-05-15 01:15:00,156.43,01:15:00
2026-05-15 01:30:00,156.08,01:30:00
2026-05-15 01:45:00,156.08,01:45:00
2026-05-15 02:00:00,152.44,02:00:00
2026-05-15 02:15:00,152.41,02:15:00
2026-05-15 02:30:00,153.89,02:30:00
2026-05-15 02:45:00,153.78,02:45:00
2026-05-15 03:00:00,151.9,03:00:00
2026-05-15 03:15:00,151.99,03:15:00
2026-05-15 03:30:00,154.29,03:30:00
2026-05-15 03:45:00,154.33,03:45:00
2026-05-15 04:00:00,155.96,04:00:00
2026-05-15 04:15:00,156.05,04:15:00
2026-05-15 04:30:00,151.47,04:30:00
2026-05-15 04:45:00,151.54,04:45:00
2026-05-15 05:00:00,149.61,05:00:00
2026-05-15 05:15:00,149.91,05:15:00
2026-05-15 05:30:00,155.28,05:30:00
2026-05-15 05:45:00,155.48,05:45:00
2026-05-15 06:00:00,148.27,06:00:00
2026-05-15 06:15:00,148.15,06:15:00
2026-05-15 06:30:00,144.16,06:30:00
2026-05-15 06:45:00,143.09,06:45:00
2026-05-15 07:00:00,134.34,07:00:00
2026-05-15 07:15:00,134.12,07:15:00
2026-05-15 07:30:00,125.99,07:30:00
2026-05-15 07:45:00,125.49,07:45:00
2026-05-15 08:00:00,123.05,08:00:00
2026-05-15 08:15:00,122.63,08:15:00
2026-05-15 08:30:00,113.06,08:30:00
2026-05-15 08:45:00,113.01,08:45:00
2026-05-15 09:00:00,108.89,09:00:00
2026-05-15 09:15:00,108.88,09:15:00
2026-05-15 09:30:00,104.58,09:30:00
2026-05-15 09:45:00,104.43,09:45:00
2026-05-15 10:00:00,104.25,10:00:00
2026-05-15 10:15:00,103.83,10:15:00
2026-05-15 10:30:00,103.43,10:30:00
2026-05-15 10:45:00,103.02,10:45:00
2026-05-15 11:00:00,99.63,11:00:00
2026-05-15 11:15:00,99.26,11:15:00
2026-05-15 11:30:00,98.39,11:30:00
2026-05-15 11:45:00,98.53,11:45:00
2026-05-15 12:00:00,102.33,12:00:00
2026-05-15 12:15:00,102.62,12:15:00
2026-05-15 12:30:00,103.15,12:30:00
2026-05-15 12:45:00,103.14,12:45:00
2026-05-15 13:00:00,105.24,13:00:00
2026-05-15 13:15:00,105.35,13:15:00
2026-05-15 13:30:00,102.01,13:30:00
2026-05-15 13:45:00,102.51,13:45:00
2026-05-15 14:00:00,105.94,14:00:00
2026-05-15 14:15:00,106.33,14:15:00
2026-05-15 14:30:00,109.83,14:30:00
2026-05-15 14:45:00,109.64,14:45:00
2026-05-15 15:00:00,117.64,15:00:00
2026-05-15 15:15:00,117.88,15:15:00
2026-05-15 15:30:00,127.06,15:30:00
2026-05-15 15:45:00,127.38,15:45:00
2026-05-15 16:00:00,140.14,16:00:00
2026-05-15 16:15:00,140.73,16:15:00
2026-05-15 16:30:00,156.36,16:30:00
2026-05-15 16:45:00,155.78,16:45:00
2026-05-15 17:00:00,173.03,17:00:00
2026-05-15 17:15:00,173.19,17:15:00
2026-05-15 18:30:00,208.39,18:30:00
2026-05-15 18:45:00,208.05,18:45:00
2026-05-15 19:00:00,218.56,19:00:00
2026-05-15 19:15:00,218.06,19:15:00
2026-05-15 19:30:00,222.07,19:30:00
2026-05-15 19:45:00,221.9,19:45:00
2026-05-15 20:00:00,219.46,20:00:00
2026-05-15 20:15:00,218.86,20:15:00
2026-05-15 20:30:00,217.74,20:30:00
2026-05-15 20:45:00,217.67,20:45:00
2026-05-15 21:00:00,217.28,21:00:00
2026-05-15 21:15:00,218.0,21:15:00
2026-05-15 21:30:00,220.25,21:30:00
2026-05-15 21:45:00,220.09,21:45:00
2026-05-15 22:00:00,218.61,22:00:00
2026-05-15 22:15:00,219.0,22:15:00
2026-05-15 22:30:00,210.25,22:30:00
2026-05-15 22:45:00,211.17,22:45:00
2026-05-15 23:00:00,212.57,23:00:00
2026-05-15 23:15:00,212.8,23:15:00
2026-05-15 23:30:00,214.02,23:30:00
2026-05-15 23:45:00,213.7,23:45:00
2026-05-16 00:00:00,212.72,00:00:00
2026-05-16 00:15:00,212.49,00:15:00
2026-05-16 00:30:00,211.47,00:30:00
2026-05-16 00:45:00,211.27,00:45:00
2026-05-16 01:00:00,208.39,01:00:00
2026-05-16 01:15:00,207.81,01:15:00
2026-05-16 01:30:00,207.55,01:30:00
2026-05-16 01:45:00,207.44,01:45:00
2026-05-16 02:00:00,204.56,02:00:00
2026-05-16 02:15:00,204.73,02:15:00
2026-05-16 02:30:00,202.39,02:30:00
2026-05-16 02:45:00,201.96,02:45:00
2026-05-16 03:00:00,196.28,03:00:00
2026-05-16 03:15:00,196.11,03:15:00
2026-05-16 03:30:00,201.68,03:30:00
2026-05-16 03:45:00,201.78,03:45:00
2026-05-16 04:00:00,201.01,04:00:00
2026-05-16 04:15:00,201.34,04:15:00
2026-05-16 04:30:00,198.51,04:30:00
2026-05-16 04:45:00,199.58,04:45:00
2026-05-16 05:00:00,194.66,05:00:00
2026-05-16 05:15:00,194.83,05:15:00
2026-05-16 05:30:00,190.78,05:30:00
2026-05-16 05:45:00,189.06,05:45:00
2026-05-16 06:00:00,187.38,06:00:00
2026-05-16 06:15:00,185.73,06:15:00
2026-05-16 06:30:00,182.22,06:30:00
2026-05-16 06:45:00,181.78,06:45:00
2026-05-16 07:00:00,177.55,07:00:00
2026-05-16 07:15:00,177.16,07:15:00
2026-05-16 07:30:00,170.89,07:30:00
2026-05-16 07:45:00,170.95,07:45:00
2026-05-16 08:00:00,164.14,08:00:00
2026-05-16 08:15:00,163.9,08:15:00
2026-05-16 08:30:00,161.58,08:30:00
2026-05-16 08:45:00,161.95,08:45:00
2026-05-16 09:00:00,161.49,09:00:00
2026-05-16 09:15:00,161.56,09:15:00
2026-05-16 09:30:00,165.91,09:30:00
2026-05-16 09:45:00,165.7,09:45:00
2026-05-16 10:00:00,168.59,10:00:00
2026-05-16 10:15:00,168.94,10:15:00
2026-05-16 10:30:00,171.61,10:30:00
2026-05-16 10:45:00,171.6,10:45:00
2026-05-16 11:00:00,172.85,11:00:00
2026-05-16 11:15:00,172.62,11:15:00
2026-05-16 11:30:00,173.91,11:30:00
2026-05-16 11:45:00,174.09,11:45:00
2026-05-16 12:00:00,177.51,12:00:00
2026-05-16 12:15:00,177.53,12:15:00
2026-05-16 12:30:00,178.56,12:30:00
2026-05-16 12:45:00,178.16,12:45:00
2026-05-16 13:00:00,180.89,13:00:00
2026-05-16 13:15:00,180.84,13:15:00
2026-05-16 13:30:00,184.75,13:30:00
2026-05-16 13:45:00,185.43,13:45:00
2026-05-16 14:00:00,190.13,14:00:00
2026-05-16 14:15:00,190.51,14:15:00
2026-05-16 14:30:00,196.32,14:30:00
2026-05-16 14:45:00,196.28,14:45:00
2026-05-16 15:00:00,199.58,15:00:00
2026-05-16 15:15:00,199.25,15:15:00
2026-05-16 15:30:00,205.86,15:30:00
2026-05-16 15:45:00,206.68,15:45:00
2026-05-16 16:00:00,211.76,16:00:00
2026-05-16 16:15:00,211.93,16:15:00
2026-05-16 16:30:00,216.44,16:30:00
2026-05-16 16:45:00,216.95,16:45:00
2026-05-16 17:00:00,220.5,17:00:00
2026-05-16 17:15:00,221.49,17:15:00
2026-05-16 17:30:00,218.78,17:30:00
2026-05-16 17:45:00,219.62,17:45:00
2026-05-16 18:00:00,222.22,18:00:00
2026-05-16 18:15:00,222.38,18:15:00
2026-05-16 18:30:00,224.2,18:30:00
2026-05-16 18:45:00,224.0,18:45:00
2026-05-16 19:00:00,221.18,19:00:00
2026-05-16 19:15:00,221.34,19:15:00
2026-05-16 19:30:00,215.05,19:30:00
2026-05-16 19:45:00,214.91,19:45:00
2026-05-16 20:00:00,215.51,20:00:00
2026-05-16 20:15:00,215.33,20:15:00
2026-05-16 20:30:00,212.75,20:30:00
2026-05-16 20:45:00,212.96,20:45:00
2026-05-16 21:00:00,211.8,21:00:00
2026-05-16 21:15:00,212.15,21:15:00
2026-05-16 21:30:00,204.26,21:30:00
2026-05-16 21:45:00,203.33,21:45:00
2026-05-16 22:00:00,193.32,22:00:00
2026-05-16 22:15:00,192.51,22:15:00
2026-05-16 22:30:00,184.62,22:30:00
2026-05-16 22:45:00,184.15,22:45:00
2026-05-16 23:00:00,177.06,23:00:00
2026-05-16 23:15:00,177.1,23:15:00
2026-05-16 23:30:00,176.03,23:30:00
2026-05-16 23:45:00,175.76,23:45:00
2026-05-17 00:00:00,172.07,00:00:00
2026-05-17 00:15:00,172.08,00:15:00
2026-05-17 00:30:00,168.01,00:30:00
2026-05-17 00:45:00,168.16,00:45:00
2026-05-17 01:00:00,165.2,01:00:00
2026-05-17 01:15:00,164.17,01:15:00
2026-05-17 01:30:00,162.66,01:30:00
2026-05-17 01:45:00,163.03,01:45:00
2026-05-17 02:00:00,166.7,02:00:00
2026-05-17 02:15:00,167.12,02:15:00
2026-05-17 02:30:00,168.81,02:30:00
2026-05-17 02:45:00,169.0,02:45:00
2026-05-17 03:00:00,170.15,03:00:00
2026-05-17 03:15:00,170.83,03:15:00
2026-05-17 03:30:00,173.79,03:30:00
2026-05-17 03:45:00,174.44,03:45:00
2026-05-17 04:00:00,179.36,04:00:00
2026-05-17 04:15:00,179.52,04:15:00
2026-05-17 04:30:00,175.0,04:30:00
2026-05-17 04:45:00,174.26,04:45:00
2026-05-17 05:00:00,167.14,05:00:00
2026-05-17 05:15:00,165.94,05:15:00
2026-05-17 05:30:00,159.87,05:30:00
2026-05-17 05:45:00,159.83,05:45:00
2026-05-17 06:00:00,155.72,06:00:00
2026-05-17 06:15:00,155.88,06:15:00
2026-05-17 06:30:00,132.49,06:30:00
2026-05-17 06:45:00,132.41,06:45:00
2026-05-17 07:00:00,126.09,07:00:00
2026-05-17 07:15:00,125.47,07:15:00
2026-05-17 07:30:00,122.22,07:30:00
2026-05-17 07:45:00,121.86,07:45:00
2026-05-17 08:00:00,118.4,08:00:00
2026-05-17 08:15:00,118.31,08:15:00
2026-05-17 08:30:00,112.48,08:30:00
2026-05-17 08:45:00,112.44,08:45:00
2026-05-17 09:00:00,111.43,09:00:00
2026-05-17 09:15:00,111.43,09:15:00
2026-05-17 09:30:00,109.42,09:30:00
2026-05-17 09:45:00,109.33,09:45:00
2026-05-17 10:00:00,103.09,10:00:00
2026-05-17 10:15:00,103.36,10:15:00
2026-05-17 10:30:00,100.19,10:30:00
2026-05-17 10:45:00,100.21,10:45:00
2026-05-17 11:00:00,98.29,11:00:00
2026-05-17 11:15:00,98.09,11:15:00
2026-05-17 11:30:00,96.96,11:30:00
2026-05-17 11:45:00,96.95,11:45:00
2026-05-17 12:00:00,94.44,12:00:00
2026-05-17 12:15:00,94.5,12:15:00
2026-05-17 12:30:00,86.65,12:30:00
2026-05-17 12:45:00,86.81,12:45:00
2026-05-17 13:00:00,84.35,13:00:00
2026-05-17 13:15:00,84.4,13:15:00
2026-05-17 13:30:00,83.42,13:30:00
2026-05-17 13:45:00,83.88,13:45:00
2026-05-17 14:00:00,91.81,14:00:00
2026-05-17 14:15:00,92.8,14:15:00
2026-05-17 14:30:00,100.08,14:30:00
2026-05-17 14:45:00,100.67,14:45:00
2026-05-17 15:00:00,121.68,15:00:00
2026-05-17 15:15:00,122.33,15:15:00
2026-05-17 15:30:00,151.28,15:30:00
2026-05-17 15:45:00,151.33,15:45:00
2026-05-17 16:00:00,172.1,16:00:00
2026-05-17 16:15:00,173.21,16:15:00
2026-05-17 16:30:00,188.7,16:30:00
2026-05-17 16:45:00,188.91,16:45:00
2026-05-17 17:00:00,205.95,17:00:00
2026-05-17 17:15:00,205.58,17:15:00
2026-05-17 17:30:00,221.07,17:30:00
2026-05-17 17:45:00,220.57,17:45:00
2026-05-17 18:00:00,232.23,18:00:00
2026-05-17 18:15:00,232.52,18:15:00
2026-05-17 18:30:00,239.1,18:30:00
2026-05-17 18:45:00,239.22,18:45:00
2026-05-17 19:00:00,248.25,19:00:00
2026-05-17 19:15:00,248.0,19:15:00
2026-05-17 19:30:00,252.11,19:30:00
2026-05-17 19:45:00,252.31,19:45:00
2026-05-17 20:00:00,258.49,20:00:00
2026-05-17 20:15:00,258.04,20:15:00
2026-05-17 20:30:00,258.73,20:30:00
2026-05-17 20:45:00,258.65,20:45:00
2026-05-17 21:00:00,260.47,21:00:00
2026-05-17 21:15:00,260.63,21:15:00
2026-05-17 21:30:00,262.39,21:30:00
2026-05-17 21:45:00,262.91,21:45:00
2026-05-17 22:00:00,262.69,22:00:00
2026-05-17 22:15:00,263.33,22:15:00
2026-05-17 22:30:00,263.7,22:30:00
2026-05-17 22:45:00,263.6,22:45:00
2026-05-17 23:00:00,263.83,23:00:00
2026-05-17 23:15:00,263.86,23:15:00
2026-05-17 23:30:00,262.78,23:30:00
2026-05-17 23:45:00,261.72,23:45:00
2026-05-18 00:00:00,258.12,00:00:00
2026-05-18 00:15:00,257.06,00:15:00
2026-05-18 00:30:00,259.12,00:30:00
2026-05-18 00:45:00,258.62,00:45:00
2026-05-18 01:00:00,260.88,01:00:00
2026-05-18 01:15:00,260.76,01:15:00
2026-05-18 01:30:00,260.57,01:30:00
2026-05-18 01:45:00,260.88,01:45:00
2026-05-18 02:00:00,260.16,02:00:00
2026-05-18 02:15:00,260.68,02:15:00
2026-05-18 02:30:00,263.77,02:30:00
2026-05-18 02:45:00,263.13,02:45:00
2026-05-18 03:00:00,263.04,03:00:00
2026-05-18 03:15:00,262.18,03:15:00
2026-05-18 03:30:00,263.19,03:30:00
2026-05-18 03:45:00,264.32,03:45:00
2026-05-18 04:00:00,273.8,04:00:00
2026-05-18 04:15:00,274.99,04:15:00
2026-05-18 04:30:00,275.42,04:30:00
2026-05-18 04:45:00,275.85,04:45:00
2026-05-18 05:00:00,276.98,05:00:00
2026-05-18 05:15:00,277.06,05:15:00
2026-05-18 05:30:00,275.16,05:30:00
2026-05-18 05:45:00,274.55,05:45:00
2026-05-18 06:00:00,265.26,06:00:00
2026-05-18 06:15:00,264.02,06:15:00
2026-05-18 06:30:00,254.36,06:30:00
2026-05-18 06:45:00,254.37,06:45:00
2026-05-18 07:00:00,247.37,07:00:00
2026-05-18 07:15:00,247.92,07:15:00
2026-05-18 07:30:00,239.84,07:30:00
2026-05-18 07:45:00,240.23,07:45:00
2026-05-18 08:00:00,232.63,08:00:00
2026-05-18 08:15:00,232.47,08:15:00
2026-05-18 08:30:00,227.84,08:30:00
2026-05-18 08:45:00,227.62,08:45:00
2026-05-18 09:00:00,223.57,09:00:00
2026-05-18 09:15:00,223.15,09:15:00
2026-05-18 09:30:00,222.72,09:30:00
2026-05-18 09:45:00,222.46,09:45:00
2026-05-18 10:00:00,217.5,10:00:00
2026-05-18 10:15:00,217.07,10:15:00
2026-05-18 10:30:00,210.3,10:30:00
2026-05-18 10:45:00,210.21,10:45:00
2026-05-18 11:00:00,203.84,11:00:00
2026-05-18 11:15:00,203.66,11:15:00
2026-05-18 11:30:00,197.58,11:30:00
2026-05-18 11:45:00,197.7,11:45:00
2026-05-18 12:00:00,194.67,12:00:00
2026-05-18 12:15:00,194.77,12:15:00
2026-05-18 12:30:00,187.65,12:30:00
2026-05-18 12:45:00,187.55,12:45:00
2026-05-18 13:00:00,185.82,13:00:00
2026-05-18 13:15:00,186.18,13:15:00
2026-05-18 13:30:00,189.25,13:30:00
2026-05-18 13:45:00,189.66,13:45:00
2026-05-18 14:00:00,187.27,14:00:00
2026-05-18 14:15:00,187.47,14:15:00
2026-05-18 14:30:00,187.4,14:30:00
2026-05-18 14:45:00,187.73,14:45:00
2026-05-18 15:00:00,197.09,15:00:00
2026-05-18 15:15:00,197.55,15:15:00
2026-05-18 15:30:00,205.35,15:30:00
2026-05-18 15:45:00,204.1,15:45:00
2026-05-18 16:00:00,211.32,16:00:00
2026-05-18 16:15:00,211.18,16:15:00
2026-05-18 16:30:00,218.92,16:30:00
2026-05-18 16:45:00,219.36,16:45:00
2026-05-18 17:00:00,222.77,17:00:00
2026-05-18 17:15:00,222.65,17:15:00
2026-05-18 17:30:00,221.16,17:30:00
2026-05-18 17:45:00,221.5,17:45:00
2026-05-18 18:00:00,225.03,18:00:00
2026-05-18 18:15:00,225.65,18:15:00
2026-05-18 18:30:00,226.63,18:30:00
2026-05-18 18:45:00,226.81,18:45:00
2026-05-18 19:00:00,229.1,19:00:00
2026-05-18 19:15:00,229.19,19:15:00
2026-05-18 19:30:00,228.2,19:30:00
2026-05-18 19:45:00,228.47,19:45:00
2026-05-18 20:00:00,228.18,20:00:00
2026-05-18 20:15:00,228.1,20:15:00
2026-05-18 20:30:00,226.26,20:30:00
2026-05-18 20:45:00,226.31,20:45:00
2026-05-18 21:00:00,211.33,21:00:00
2026-05-18 21:15:00,211.41,21:15:00
2026-05-18 21:30:00,196.41,21:30:00
2026-05-18 21:45:00,196.29,21:45:00
2026-05-18 22:00:00,175.94,22:00:00
2026-05-18 22:15:00,175.57,22:15:00
2026-05-18 22:30:00,159.63,22:30:00
2026-05-18 22:45:00,159.26,22:45:00
2026-05-18 23:00:00,145.77,23:00:00
2026-05-18 23:15:00,145.66,23:15:00
2026-05-18 23:30:00,139.09,23:30:00
2026-05-18 23:45:00,138.98,23:45:00
2026-05-19 00:00:00,130.75,00:00:00
2026-05-19 00:15:00,130.67,00:15:00
2026-05-19 00:30:00,126.9,00:30:00
2026-05-19 00:45:00,126.87,00:45:00
2026-05-19 01:00:00,127.2,01:00:00
2026-05-19 01:15:00,127.2,01:15:00
2026-05-19 01:30:00,119.79,01:30:00
2026-05-19 01:45:00,119.79,01:45:00
2026-05-19 02:00:00,98.67,02:00:00
2026-05-19 02:15:00,98.68,02:15:00
2026-05-19 02:30:00,90.53,02:30:00
2026-05-19 02:45:00,90.56,02:45:00
2026-05-19 03:00:00,81.62,03:00:00
2026-05-19 03:15:00,81.63,03:15:00
2026-05-19 03:30:00,81.39,03:30:00
2026-05-19 03:45:00,81.44,03:45:00
2026-05-19 04:00:00,86.62,04:00:00
2026-05-19 04:15:00,86.69,04:15:00
2026-05-19 04:30:00,113.34,04:30:00
2026-05-19 04:45:00,113.49,04:45:00
2026-05-19 05:00:00,117.27,05:00:00
2026-05-19 05:15:00,117.29,05:15:00
2026-05-19 05:30:00,128.07,05:30:00
2026-05-19 05:45:00,127.97,05:45:00
2026-05-19 06:00:00,127.98,06:00:00
2026-05-19 06:15:00,127.87,06:15:00
2026-05-19 06:30:00,127.97,06:30:00
2026-05-19 06:45:00,127.69,06:45:00
2026-05-19 07:00:00,123.53,07:00:00
2026-05-19 07:15:00,123.27,07:15:00
2026-05-19 07:30:00,114.72,07:30:00
2026-05-19 07:45:00,114.5,07:45:00
2026-05-19 08:00:00,111.43,08:00:00
2026-05-19 08:15:00,111.01,08:15:00
2026-05-19 08:30:00,101.75,08:30:00
2026-05-19 08:45:00,101.46,08:45:00
2026-05-19 09:00:00,94.48,09:00:00
2026-05-19 09:15:00,94.28,09:15:00
2026-05-19 09:30:00,84.06,09:30:00
2026-05-19 09:45:00,83.89,09:45:00
2026-05-19 10:00:00,80.89,10:00:00
2026-05-19 10:15:00,80.91,10:15:00
2026-05-19 10:30:00,79.16,10:30:00
2026-05-19 10:45:00,78.99,10:45:00
2026-05-19 11:00:00,80.61,11:00:00
2026-05-19 11:15:00,80.56,11:15:00
2026-05-19 11:30:00,75.12,11:30:00
2026-05-19 11:45:00,75.04,11:45:00
2026-05-19 12:00:00,74.18,12:00:00
2026-05-19 12:15:00,74.14,12:15:00
2026-05-19 12:30:00,73.55,12:30:00
2026-05-19 12:45:00,73.51,12:45:00
2026-05-19 13:00:00,75.79,13:00:00
2026-05-19 13:15:00,75.91,13:15:00
2026-05-19 13:30:00,79.61,13:30:00
2026-05-19 13:45:00,79.03,13:45:00
2026-05-19 14:30:00,82.31,14:30:00
2026-05-19 14:45:00,82.37,14:45:00
2026-05-19 15:00:00,86.7,15:00:00
2026-05-19 15:15:00,86.64,15:15:00
2026-05-19 15:30:00,97.56,15:30:00
2026-05-19 15:45:00,97.66,15:45:00
2026-05-19 16:00:00,112.96,16:00:00
2026-05-19 16:15:00,112.96,16:15:00
2026-05-19 17:30:00,132.5,17:30:00
2026-05-19 17:45:00,132.52,17:45:00
2026-05-19 18:00:00,140.57,18:00:00
2026-05-19 18:15:00,140.64,18:15:00
2026-05-19 18:30:00,143.9,18:30:00
2026-05-19 18:45:00,144.03,18:45:00
2026-05-19 19:00:00,149.33,19:00:00
2026-05-19 19:15:00,149.29,19:15:00
2026-05-19 20:00:00,150.7,20:00:00
2026-05-19 20:15:00,150.64,20:15:00
2026-05-19 21:30:00,144.34,21:30:00
2026-05-19 21:45:00,143.97,21:45:00
2026-05-19 22:00:00,139.48,22:00:00
2026-05-19 22:15:00,139.19,22:15:00
2026-05-19 22:30:00,135.6,22:30:00
2026-05-19 22:45:00,135.57,22:45:00
2026-05-19 23:00:00,133.91,23:00:00
2026-05-19 23:15:00,133.73,23:15:00
2026-05-19 23:30:00,135.64,23:30:00
2026-05-19 23:45:00,135.74,23:45:00
2026-05-20 00:30:00,130.87,00:30:00
2026-05-20 00:45:00,130.81,00:45:00
2026-05-20 01:30:00,124.37,01:30:00
2026-05-20 01:45:00,124.35,01:45:00
2026-05-20 02:00:00,121.42,02:00:00
2026-05-20 02:15:00,121.42,02:15:00
2026-05-20 02:30:00,119.03,02:30:00
2026-05-20 02:45:00,118.98,02:45:00
2026-05-20 03:00:00,117.09,03:00:00
2026-05-20 03:15:00,117.13,03:15:00
2026-05-20 03:30:00,103.54,03:30:00
2026-05-20 03:45:00,103.52,03:45:00
2026-05-20 04:00:00,91.74,04:00:00
2026-05-20 04:15:00,91.78,04:15:00
2026-05-20 05:30:00,116.28,05:30:00
2026-05-20 05:45:00,116.06,05:45:00
2026-05-20 06:30:00,133.75,06:30:00
2026-05-20 06:45:00,133.3,06:45:00
2026-05-20 07:00:00,137.5,07:00:00
2026-05-20 07:15:00,136.64,07:15:00
2026-05-20 07:30:00,132.27,07:30:00
2026-05-20 07:45:00,132.69,07:45:00
2026-05-20 08:30:00,116.92,08:30:00
2026-05-20 08:45:00,116.53,08:45:00
2026-05-20 09:00:00,112.27,09:00:00
2026-05-20 09:15:00,112.25,09:15:00
2026-05-20 09:30:00,105.84,09:30:00
2026-05-20 09:45:00,105.39,09:45:00
2026-05-20 10:00:00,98.75,10:00:00
2026-05-20 10:15:00,98.68,10:15:00
2026-05-20 10:30:00,88.73,10:30:00
2026-05-20 10:45:00,89.11,10:45:00
2026-05-20 12:00:00,97.88,12:00:00
2026-05-20 12:15:00,97.9,12:15:00
2026-05-20 12:30:00,95.59,12:30:00
2026-05-20 12:45:00,95.59,12:45:00
2026-05-20 13:00:00,95.03,13:00:00
2026-05-20 13:15:00,95.07,13:15:00
2026-05-20 13:30:00,84.98,13:30:00
2026-05-20 13:45:00,85.02,13:45:00
2026-05-20 14:00:00,95.78,14:00:00
2026-05-20 14:15:00,95.83,14:15:00
2026-05-20 14:30:00,99.76,14:30:00
2026-05-20 14:45:00,99.87,14:45:00
2026-05-20 15:30:00,112.11,15:30:00
2026-05-20 15:45:00,112.58,15:45:00
2026-05-20 16:00:00,121.67,16:00:00
2026-05-20 16:15:00,121.98,16:15:00
2026-05-20 16:30:00,137.03,16:30:00
2026-05-20 16:45:00,135.88,16:45:00
2026-05-20 17:00:00,151.82,17:00:00
2026-05-20 17:15:00,151.67,17:15:00
2026-05-20 18:00:00,169.44,18:00:00
2026-05-20 18:15:00,169.18,18:15:00
2026-05-20 19:00:00,183.64,19:00:00
2026-05-20 19:15:00,183.11,19:15:00
2026-05-20 19:30:00,193.11,19:30:00
2026-05-20 19:45:00,193.02,19:45:00
2026-05-20 20:00:00,192.44,20:00:00
2026-05-20 20:15:00,192.28,20:15:00
2026-05-20 20:30:00,195.94,20:30:00
2026-05-20 20:45:00,196.17,20:45:00
2026-05-20 21:00:00,199.31,21:00:00
2026-05-20 21:15:00,199.57,21:15:00
2026-05-20 21:30:00,196.69,21:30:00
2026-05-20 21:45:00,196.38,21:45:00
2026-05-20 22:00:00,194.61,22:00:00
2026-05-20 22:15:00,194.5,22:15:00
2026-05-20 22:30:00,188.35,22:30:00
2026-05-20 22:45:00,188.65,22:45:00
2026-05-20 23:00:00,192.64,23:00:00
2026-05-20 23:15:00,193.0,23:15:00
2026-05-20 23:30:00,188.63,23:30:00
2026-05-20 23:45:00,188.39,23:45:00
2026-05-21 00:00:00,186.41,00:00:00
2026-05-21 00:15:00,185.9,00:15:00
2026-05-21 00:30:00,187.81,00:30:00
2026-05-21 00:45:00,187.9,00:45:00
2026-05-21 01:00:00,189.07,01:00:00
2026-05-21 01:15:00,189.29,01:15:00
2026-05-21 01:30:00,181.42,01:30:00
2026-05-21 01:45:00,180.82,01:45:00
2026-05-21 02:00:00,182.48,02:00:00
2026-05-21 02:15:00,182.42,02:15:00
2026-05-21 02:30:00,178.9,02:30:00
2026-05-21 02:45:00,179.03,02:45:00
2026-05-21 03:00:00,167.83,03:00:00
2026-05-21 03:15:00,167.87,03:15:00
2026-05-21 03:30:00,168.38,03:30:00
2026-05-21 03:45:00,168.17,03:45:00
2026-05-21 04:00:00,170.35,04:00:00
2026-05-21 04:15:00,170.38,04:15:00
2026-05-21 04:30:00,187.77,04:30:00
2026-05-21 04:45:00,187.59,04:45:00
2026-05-21 05:00:00,190.52,05:00:00
2026-05-21 05:15:00,189.81,05:15:00
2026-05-21 05:30:00,198.62,05:30:00
2026-05-21 05:45:00,197.91,05:45:00
2026-05-21 06:30:00,189.14,06:30:00
2026-05-21 06:45:00,188.89,06:45:00
2026-05-21 07:00:00,184.91,07:00:00
2026-05-21 07:15:00,185.18,07:15:00
2026-05-21 07:30:00,180.02,07:30:00
2026-05-21 07:45:00,180.3,07:45:00
2026-05-21 08:00:00,173.55,08:00:00
2026-05-21 08:15:00,173.32,08:15:00
2026-05-21 08:30:00,164.1,08:30:00
2026-05-21 08:45:00,164.08,08:45:00
2026-05-21 09:30:00,138.73,09:30:00
2026-05-21 09:45:00,138.8,09:45:00
2026-05-21 10:00:00,125.79,10:00:00
2026-05-21 10:15:00,125.69,10:15:00
2026-05-21 10:30:00,115.4,10:30:00
2026-05-21 10:45:00,115.39,10:45:00
2026-05-21 11:00:00,110.49,11:00:00
2026-05-21 11:15:00,110.54,11:15:00
2026-05-21 11:30:00,106.19,11:30:00
2026-05-21 11:45:00,106.25,11:45:00
2026-05-21 12:00:00,96.3,12:00:00
2026-05-21 12:15:00,96.31,12:15:00
2026-05-21 12:30:00,94.31,12:30:00
2026-05-21 12:45:00,94.22,12:45:00
2026-05-21 13:00:00,89.5,13:00:00
2026-05-21 13:15:00,89.49,13:15:00
2026-05-21 13:30:00,89.24,13:30:00
2026-05-21 13:45:00,89.43,13:45:00
2026-05-21 14:00:00,99.45,14:00:00
2026-05-21 14:15:00,99.52,14:15:00
2026-05-21 14:30:00,107.82,14:30:00
2026-05-21 14:45:00,107.63,14:45:00
2026-05-21 15:00:00,118.93,15:00:00
2026-05-21 15:15:00,118.49,15:15:00
2026-05-21 15:30:00,129.05,15:30:00
2026-05-21 15:45:00,129.37,15:45:00
2026-05-21 16:00:00,146.66,16:00:00
2026-05-21 16:15:00,146.91,16:15:00
2026-05-21 16:30:00,166.05,16:30:00
2026-05-21 16:45:00,165.09,16:45:00
2026-05-21 17:00:00,181.4,17:00:00
2026-05-21 17:15:00,181.54,17:15:00
2026-05-21 17:30:00,197.74,17:30:00
2026-05-21 17:45:00,198.08,17:45:00
2026-05-21 18:00:00,213.82,18:00:00
2026-05-21 18:15:00,213.9,18:15:00
2026-05-21 18:30:00,227.95,18:30:00
2026-05-21 18:45:00,227.89,18:45:00
2026-05-21 19:00:00,237.59,19:00:00
2026-05-21 19:15:00,237.59,19:15:00
2026-05-21 20:00:00,251.01,20:00:00
2026-05-21 20:15:00,250.69,20:15:00
2026-05-21 21:00:00,255.17,21:00:00
2026-05-21 21:15:00,254.91,21:15:00
2026-05-21 21:30:00,254.98,21:30:00
2026-05-21 21:45:00,255.07,21:45:00
2026-05-21 22:00:00,249.87,22:00:00
2026-05-21 22:15:00,249.99,22:15:00
2026-05-21 22:30:00,247.68,22:30:00
2026-05-21 22:45:00,248.06,22:45:00
2026-05-21 23:00:00,247.03,23:00:00
2026-05-21 23:15:00,247.12,23:15:00
2026-05-21 23:30:00,241.99,23:30:00
2026-05-21 23:45:00,241.78,23:45:00
2026-05-22 00:00:00,234.09,00:00:00
2026-05-22 00:15:00,233.59,00:15:00
2026-05-22 00:30:00,226.95,00:30:00
2026-05-22 00:45:00,227.32,00:45:00
2026-05-22 01:30:00,226.97,01:30:00
2026-05-22 01:45:00,227.32,01:45:00
2026-05-22 02:00:00,226.4,02:00:00
2026-05-22 02:15:00,226.84,02:15:00
2026-05-22 02:30:00,223.65,02:30:00
2026-05-22 02:45:00,223.82,02:45:00
2026-05-22 03:00:00,225.45,03:00:00
2026-05-22 03:15:00,225.8,03:15:00
2026-05-22 03:30:00,222.37,03:30:00
2026-05-22 03:45:00,222.71,03:45:00
2026-05-22 04:00:00,220.87,04:00:00
2026-05-22 04:15:00,221.04,04:15:00
2026-05-22 04:30:00,219.97,04:30:00
2026-05-22 04:45:00,219.47,04:45:00
2026-05-22 05:00:00,204.54,05:00:00
2026-05-22 05:15:00,203.69,05:15:00
2026-05-22 05:30:00,201.62,05:30:00
2026-05-22 05:45:00,200.89,05:45:00
2026-05-22 06:00:00,187.69,06:00:00
2026-05-22 06:15:00,187.16,06:15:00
2026-05-22 06:30:00,173.24,06:30:00
2026-05-22 06:45:00,172.38,06:45:00
2026-05-22 07:00:00,163.13,07:00:00
2026-05-22 07:15:00,163.1,07:15:00
2026-05-22 07:30:00,150.58,07:30:00
2026-05-22 07:45:00,150.97,07:45:00
2026-05-22 08:00:00,138.84,08:00:00
2026-05-22 08:15:00,138.93,08:15:00
2026-05-22 08:30:00,125.25,08:30:00
2026-05-22 08:45:00,125.23,08:45:00
2026-05-22 09:00:00,116.25,09:00:00
2026-05-22 09:15:00,116.21,09:15:00
2026-05-22 09:30:00,94.28,09:30:00
2026-05-22 09:45:00,94.06,09:45:00
2026-05-22 10:00:00,66.82,10:00:00
2026-05-22 10:15:00,66.74,10:15:00
2026-05-22 10:30:00,56.72,10:30:00
2026-05-22 10:45:00,57.12,10:45:00
2026-05-22 11:00:00,57.91,11:00:00
2026-05-22 11:15:00,57.8,11:15:00
2026-05-22 11:30:00,53.81,11:30:00
2026-05-22 11:45:00,53.83,11:45:00
2026-05-22 12:00:00,53.89,12:00:00
2026-05-22 12:15:00,53.91,12:15:00
2026-05-22 12:30:00,52.61,12:30:00
2026-05-22 12:45:00,52.71,12:45:00
2026-05-22 13:00:00,52.92,13:00:00
2026-05-22 13:15:00,53.05,13:15:00
2026-05-22 13:30:00,53.2,13:30:00
2026-05-22 13:45:00,53.38,13:45:00
2026-05-22 14:00:00,53.0,14:00:00
2026-05-22 14:15:00,52.98,14:15:00
2026-05-22 14:30:00,51.58,14:30:00
2026-05-22 14:45:00,51.53,14:45:00
2026-05-22 15:00:00,53.25,15:00:00
2026-05-22 15:15:00,53.43,15:15:00
2026-05-22 15:30:00,62.25,15:30:00
2026-05-22 15:45:00,60.8,15:45:00
2026-05-22 16:00:00,84.97,16:00:00
2026-05-22 16:15:00,84.63,16:15:00
2026-05-22 16:30:00,119.16,16:30:00
2026-05-22 16:45:00,119.59,16:45:00
2026-05-22 17:00:00,146.38,17:00:00
2026-05-22 17:15:00,146.85,17:15:00
2026-05-22 17:30:00,165.56,17:30:00
2026-05-22 17:45:00,165.84,17:45:00
2026-05-22 18:00:00,177.81,18:00:00
2026-05-22 18:15:00,178.0,18:15:00
2026-05-22 18:30:00,191.12,18:30:00
2026-05-22 18:45:00,190.75,18:45:00
2026-05-22 19:00:00,200.07,19:00:00
2026-05-22 19:15:00,199.57,19:15:00
2026-05-22 19:30:00,205.12,19:30:00
2026-05-22 19:45:00,204.63,19:45:00
2026-05-22 20:00:00,205.21,20:00:00
2026-05-22 20:15:00,204.51,20:15:00
2026-05-22 20:30:00,209.16,20:30:00
2026-05-22 20:45:00,209.01,20:45:00
2026-05-22 21:00:00,206.32,21:00:00
2026-05-22 21:15:00,206.17,21:15:00
2026-05-22 22:00:00,194.91,22:00:00
2026-05-22 22:15:00,194.49,22:15:00
2026-05-22 22:30:00,181.22,22:30:00
2026-05-22 22:45:00,180.72,22:45:00
2026-05-22 23:00:00,173.36,23:00:00
2026-05-22 23:15:00,173.08,23:15:00
2026-05-22 23:30:00,166.74,23:30:00
2026-05-22 23:45:00,166.52,23:45:00
2026-05-23 00:00:00,156.92,00:00:00
2026-05-23 00:15:00,156.81,00:15:00
2026-05-23 00:30:00,161.98,00:30:00
2026-05-23 00:45:00,161.95,00:45:00
2026-05-23 01:00:00,157.81,01:00:00
2026-05-23 01:15:00,157.73,01:15:00
2026-05-23 01:30:00,159.8,01:30:00
2026-05-23 01:45:00,159.72,01:45:00
2026-05-23 02:00:00,157.13,02:00:00
2026-05-23 02:15:00,157.17,02:15:00
2026-05-23 02:30:00,154.11,02:30:00
2026-05-23 02:45:00,154.13,02:45:00
2026-05-23 03:00:00,157.76,03:00:00
2026-05-23 03:15:00,157.77,03:15:00
2026-05-23 03:30:00,153.98,03:30:00
2026-05-23 03:45:00,154.12,03:45:00
2026-05-23 04:30:00,161.16,04:30:00
2026-05-23 04:45:00,161.27,04:45:00
2026-05-23 05:00:00,160.61,05:00:00
2026-05-23 05:15:00,160.2,05:15:00
2026-05-23 05:30:00,158.65,05:30:00
2026-05-23 05:45:00,158.13,05:45:00
2026-05-23 06:00:00,154.58,06:00:00
2026-05-23 06:15:00,154.3,06:15:00
2026-05-23 06:30:00,156.18,06:30:00
2026-05-23 06:45:00,156.89,06:45:00
2026-05-23 07:00:00,157.19,07:00:00
2026-05-23 07:15:00,158.21,07:15:00
2026-05-23 07:30:00,153.05,07:30:00
2026-05-23 07:45:00,153.07,07:45:00
2026-05-23 08:30:00,134.06,08:30:00
2026-05-23 08:45:00,134.31,08:45:00
2026-05-23 09:00:00,122.66,09:00:00
2026-05-23 09:15:00,122.98,09:15:00
2026-05-23 10:00:00,83.63,10:00:00
2026-05-23 10:15:00,83.82,10:15:00
2026-05-23 10:30:00,70.23,10:30:00
2026-05-23 10:45:00,70.3,10:45:00
2026-05-23 11:00:00,68.91,11:00:00
2026-05-23 11:15:00,68.94,11:15:00
2026-05-23 12:00:00,70.86,12:00:00
2026-05-23 12:15:00,71.03,12:15:00
2026-05-23 13:00:00,67.85,13:00:00
2026-05-23 13:15:00,67.54,13:15:00
2026-05-23 13:30:00,69.19,13:30:00
2026-05-23 13:45:00,69.13,13:45:00
2026-05-23 14:00:00,73.25,14:00:00
2026-05-23 14:15:00,73.51,14:15:00
2026-05-23 15:00:00,80.84,15:00:00
2026-05-23 15:15:00,80.21,15:15:00
2026-05-23 16:30:00,147.92,16:30:00
2026-05-23 16:45:00,146.07,16:45:00
2026-05-23 17:00:00,172.38,17:00:00
2026-05-23 17:15:00,172.71,17:15:00
2026-05-23 17:30:00,191.79,17:30:00
2026-05-23 17:45:00,192.05,17:45:00
2026-05-23 18:00:00,204.72,18:00:00
2026-05-23 18:15:00,204.82,18:15:00
2026-05-23 18:30:00,216.33,18:30:00
2026-05-23 18:45:00,216.3,18:45:00
2026-05-23 19:00:00,229.23,19:00:00
2026-05-23 19:15:00,229.2,19:15:00
2026-05-23 19:30:00,240.36,19:30:00
2026-05-23 19:45:00,240.55,19:45:00
2026-05-23 20:00:00,244.57,20:00:00
2026-05-23 20:15:00,243.8,20:15:00
2026-05-23 20:30:00,245.11,20:30:00
2026-05-23 20:45:00,244.62,20:45:00
2026-05-23 21:00:00,240.83,21:00:00
2026-05-23 21:15:00,240.59,21:15:00
2026-05-23 21:30:00,238.93,21:30:00
2026-05-23 21:45:00,238.54,21:45:00
2026-05-23 22:30:00,226.56,22:30:00
2026-05-23 22:45:00,226.37,22:45:00
2026-05-23 23:00:00,226.29,23:00:00
2026-05-23 23:15:00,225.84,23:15:00
2026-05-23 23:30:00,222.19,23:30:00
2026-05-23 23:45:00,222.52,23:45:00
2026-05-24 00:00:00,221.76,00:00:00
2026-05-24 00:15:00,221.13,00:15:00
2026-05-24 00:30:00,217.11,00:30:00
2026-05-24 00:45:00,216.53,00:45:00
2026-05-24 01:00:00,215.09,01:00:00
2026-05-24 01:15:00,214.93,01:15:00
2026-05-24 01:30:00,216.98,01:30:00
2026-05-24 01:45:00,216.76,01:45:00
2026-05-24 02:00:00,214.82,02:00:00
2026-05-24 02:15:00,214.78,02:15:00
2026-05-24 02:30:00,213.2,02:30:00
2026-05-24 02:45:00,213.37,02:45:00
2026-05-24 03:00:00,213.57,03:00:00
2026-05-24 03:15:00,213.49,03:15:00
2026-05-24 03:30:00,215.27,03:30:00
2026-05-24 03:45:00,214.99,03:45:00
2026-05-24 04:00:00,212.99,04:00:00
2026-05-24 04:15:00,212.55,04:15:00
2026-05-24 05:00:00,204.08,05:00:00
2026-05-24 05:15:00,203.33,05:15:00
2026-05-24 05:30:00,195.74,05:30:00
2026-05-24 05:45:00,195.99,05:45:00
2026-05-24 06:00:00,184.98,06:00:00
2026-05-24 06:15:00,185.4,06:15:00
2026-05-24 06:30:00,169.47,06:30:00
2026-05-24 06:45:00,169.87,06:45:00
2026-05-24 07:00:00,158.42,07:00:00
2026-05-24 07:15:00,158.75,07:15:00
2026-05-24 07:30:00,149.38,07:30:00
2026-05-24 07:45:00,148.87,07:45:00
2026-05-24 08:00:00,135.92,08:00:00
2026-05-24 08:15:00,135.78,08:15:00
2026-05-24 09:00:00,112.94,09:00:00
2026-05-24 09:15:00,113.05,09:15:00
2026-05-24 09:30:00,103.64,09:30:00
2026-05-24 09:45:00,103.66,09:45:00
2026-05-24 10:00:00,101.8,10:00:00
2026-05-24 10:15:00,101.81,10:15:00
2026-05-24 11:00:00,84.17,11:00:00
2026-05-24 11:15:00,83.96,11:15:00
2026-05-24 11:30:00,77.85,11:30:00
2026-05-24 11:45:00,77.69,11:45:00
2026-05-24 12:00:00,77.52,12:00:00
2026-05-24 12:15:00,77.63,12:15:00
2026-05-24 12:30:00,77.49,12:30:00
2026-05-24 12:45:00,77.48,12:45:00
2026-05-24 13:00:00,76.85,13:00:00
2026-05-24 13:15:00,76.66,13:15:00
2026-05-24 13:30:00,81.85,13:30:00
2026-05-24 13:45:00,81.68,13:45:00
2026-05-24 14:30:00,97.0,14:30:00
2026-05-24 14:45:00,97.03,14:45:00
2026-05-24 15:00:00,109.53,15:00:00
2026-05-24 15:15:00,109.08,15:15:00
2026-05-24 15:30:00,123.27,15:30:00
2026-05-24 15:45:00,122.9,15:45:00
2026-05-24 16:00:00,140.4,16:00:00
2026-05-24 16:15:00,140.27,16:15:00
2026-05-24 16:30:00,155.22,16:30:00
2026-05-24 16:45:00,155.46,16:45:00
2026-05-24 17:30:00,192.43,17:30:00
2026-05-24 17:45:00,192.34,17:45:00
2026-05-24 18:00:00,207.35,18:00:00
2026-05-24 18:15:00,207.49,18:15:00
2026-05-24 18:30:00,216.07,18:30:00
2026-05-24 18:45:00,215.62,18:45:00
2026-05-24 19:00:00,229.63,19:00:00
2026-05-24 19:15:00,229.68,19:15:00
2026-05-24 20:00:00,246.88,20:00:00
2026-05-24 20:15:00,247.13,20:15:00
2026-05-24 20:30:00,249.51,20:30:00
2026-05-24 20:45:00,249.38,20:45:00
2026-05-24 21:00:00,244.69,21:00:00
2026-05-24 21:15:00,244.43,21:15:00
2026-05-24 21:30:00,241.54,21:30:00
2026-05-24 21:45:00,241.09,21:45:00
2026-05-24 22:00:00,229.07,22:00:00
2026-05-24 22:15:00,228.66,22:15:00
2026-05-24 22:30:00,218.99,22:30:00
2026-05-24 22:45:00,218.61,22:45:00
2026-05-24 23:00:00,213.45,23:00:00
2026-05-24 23:15:00,212.85,23:15:00
2026-05-24 23:30:00,209.51,23:30:00
2026-05-24 23:45:00,209.1,23:45:00
2026-05-25 04:30:00,216.5,04:30:00
2026-05-25 04:45:00,216.11,04:45:00
2026-05-25 05:00:00,212.88,05:00:00
2026-05-25 05:15:00,213.21,05:15:00
2026-05-25 05:30:00,204.81,05:30:00
2026-05-25 05:45:00,204.91,05:45:00
2026-05-25 06:00:00,193.42,06:00:00
2026-05-25 06:15:00,193.11,06:15:00
2026-05-25 06:30:00,183.07,06:30:00
2026-05-25 06:45:00,183.5,06:45:00
2026-05-25 07:00:00,175.56,07:00:00
2026-05-25 07:15:00,176.01,07:15:00
2026-05-25 07:30:00,170.51,07:30:00
2026-05-25 07:45:00,170.88,07:45:00
2026-05-25 08:00:00,158.79,08:00:00
2026-05-25 08:15:00,159.32,08:15:00
2026-05-25 08:30:00,145.56,08:30:00
2026-05-25 08:45:00,146.24,08:45:00
2026-05-25 09:00:00,133.53,09:00:00
2026-05-25 09:15:00,133.49,09:15:00
2026-05-25 09:30:00,130.57,09:30:00
2026-05-25 09:45:00,130.54,09:45:00
2026-05-25 10:00:00,116.82,10:00:00
2026-05-25 10:15:00,116.83,10:15:00
2026-05-25 11:30:00,121.42,11:30:00
2026-05-25 11:45:00,121.18,11:45:00
2026-05-25 12:00:00,127.79,12:00:00
2026-05-25 12:15:00,127.57,12:15:00
2026-05-25 12:30:00,117.49,12:30:00
2026-05-25 12:45:00,117.39,12:45:00
2026-05-25 13:00:00,115.77,13:00:00
2026-05-25 13:15:00,115.71,13:15:00
2026-05-25 13:30:00,116.08,13:30:00
2026-05-25 13:45:00,116.18,13:45:00
2026-05-25 14:30:00,114.28,14:30:00
2026-05-25 14:45:00,113.65,14:45:00
2026-05-25 15:30:00,143.04,15:30:00
2026-05-25 15:45:00,143.04,15:45:00
2026-05-25 16:00:00,163.77,16:00:00
2026-05-25 16:15:00,163.94,16:15:00
2026-05-25 16:30:00,179.2,16:30:00
2026-05-25 16:45:00,179.92,16:45:00
2026-05-25 17:00:00,196.88,17:00:00
2026-05-25 17:15:00,197.27,17:15:00
2026-05-25 17:30:00,210.23,17:30:00
2026-05-25 17:45:00,208.92,17:45:00
2026-05-25 18:00:00,218.51,18:00:00
2026-05-25 18:15:00,218.56,18:15:00
2026-05-25 18:30:00,229.8,18:30:00
2026-05-25 18:45:00,229.72,18:45:00
2026-05-25 19:00:00,240.84,19:00:00
2026-05-25 19:15:00,240.66,19:15:00
2026-05-25 19:30:00,246.44,19:30:00
2026-05-25 19:45:00,246.4,19:45:00
2026-05-25 20:30:00,254.93,20:30:00
2026-05-25 20:45:00,254.24,20:45:00
2026-05-25 21:00:00,252.3,21:00:00
2026-05-25 21:15:00,252.19,21:15:00
2026-05-25 21:30:00,247.91,21:30:00
2026-05-25 21:45:00,246.94,21:45:00
2026-05-25 22:00:00,238.38,22:00:00
2026-05-25 22:15:00,238.23,22:15:00
2026-05-25 22:30:00,231.78,22:30:00
2026-05-25 22:45:00,232.35,22:45:00
2026-05-25 23:00:00,236.67,23:00:00
2026-05-25 23:15:00,236.93,23:15:00
2026-05-26 00:30:00,240.41,00:30:00
2026-05-26 00:45:00,240.64,00:45:00
2026-05-26 02:30:00,241.55,02:30:00
2026-05-26 02:45:00,241.17,02:45:00
2026-05-26 03:00:00,239.36,03:00:00
2026-05-26 03:15:00,238.86,03:15:00
2026-05-26 03:30:00,238.3,03:30:00
2026-05-26 03:45:00,238.66,03:45:00
2026-05-26 04:30:00,241.47,04:30:00
2026-05-26 04:45:00,241.24,04:45:00
2026-05-26 05:00:00,236.43,05:00:00
2026-05-26 05:15:00,236.14,05:15:00
2026-05-26 05:30:00,233.47,05:30:00
2026-05-26 05:45:00,232.87,05:45:00
2026-05-26 06:00:00,223.6,06:00:00
2026-05-26 06:15:00,223.12,06:15:00
2026-05-26 07:00:00,212.18,07:00:00
2026-05-26 07:15:00,211.85,07:15:00
2026-05-26 07:30:00,206.42,07:30:00
2026-05-26 07:45:00,206.86,07:45:00
2026-05-26 08:00:00,197.72,08:00:00
2026-05-26 08:15:00,197.58,08:15:00
2026-05-26 08:30:00,191.59,08:30:00
2026-05-26 08:45:00,191.79,08:45:00
2026-05-26 09:00:00,186.58,09:00:00
2026-05-26 09:15:00,186.85,09:15:00
2026-05-26 09:30:00,178.82,09:30:00
2026-05-26 09:45:00,178.9,09:45:00
2026-05-26 10:30:00,170.7,10:30:00
2026-05-26 10:45:00,170.8,10:45:00
2026-05-26 11:00:00,167.76,11:00:00
2026-05-26 11:15:00,167.86,11:15:00
2026-05-26 11:30:00,168.62,11:30:00
2026-05-26 11:45:00,168.6,11:45:00
2026-05-26 12:30:00,170.38,12:30:00
2026-05-26 12:45:00,170.27,12:45:00
2026-05-26 13:00:00,167.97,13:00:00
2026-05-26 13:15:00,168.06,13:15:00
2026-05-26 13:30:00,169.9,13:30:00
2026-05-26 13:45:00,169.61,13:45:00
2026-05-26 14:30:00,173.65,14:30:00
2026-05-26 14:45:00,173.91,14:45:00
2026-05-26 15:00:00,182.49,15:00:00
2026-05-26 15:15:00,182.36,15:15:00
2026-05-26 15:30:00,188.75,15:30:00
2026-05-26 15:45:00,189.32,15:45:00
2026-05-26 16:00:00,200.21,16:00:00
2026-05-26 16:15:00,200.75,16:15:00
2026-05-26 16:30:00,208.83,16:30:00
2026-05-26 16:45:00,208.6,16:45:00
2026-05-26 17:00:00,229.3,17:00:00
2026-05-26 17:15:00,229.42,17:15:00
2026-05-26 18:00:00,247.37,18:00:00
2026-05-26 18:15:00,247.57,18:15:00
2026-05-26 18:30:00,254.45,18:30:00
2026-05-26 18:45:00,254.55,18:45:00
2026-05-26 19:00:00,262.29,19:00:00
2026-05-26 19:15:00,262.18,19:15:00
2026-05-26 19:30:00,265.48,19:30:00
2026-05-26 19:45:00,265.47,19:45:00
2026-05-26 20:00:00,267.58,20:00:00
2026-05-26 20:15:00,267.46,20:15:00
2026-05-26 20:30:00,267.86,20:30:00
2026-05-26 20:45:00,267.62,20:45:00
2026-05-26 21:00:00,258.38,21:00:00
2026-05-26 21:15:00,257.77,21:15:00
2026-05-26 21:30:00,250.36,21:30:00
2026-05-26 21:45:00,250.28,21:45:00
2026-05-26 22:00:00,245.26,22:00:00
2026-05-26 22:15:00,244.94,22:15:00
2026-05-26 22:30:00,238.85,22:30:00
2026-05-26 22:45:00,238.51,22:45:00
2026-05-26 23:00:00,228.37,23:00:00
2026-05-26 23:15:00,228.09,23:15:00
2026-05-26 23:30:00,227.48,23:30:00
2026-05-26 23:45:00,227.21,23:45:00
2026-05-27 00:30:00,213.24,00:30:00
2026-05-27 00:45:00,212.73,00:45:00
2026-05-27 01:00:00,216.84,01:00:00
2026-05-27 01:15:00,216.65,01:15:00
2026-05-27 02:00:00,211.84,02:00:00
2026-05-27 02:15:00,211.8,02:15:00
2026-05-27 03:00:00,207.7,03:00:00
2026-05-27 03:15:00,207.94,03:15:00
2026-05-27 03:30:00,211.82,03:30:00
2026-05-27 03:45:00,212.02,03:45:00
2026-05-27 04:00:00,214.04,04:00:00
2026-05-27 04:15:00,214.39,04:15:00
2026-05-27 04:30:00,217.48,04:30:00
2026-05-27 04:45:00,217.66,04:45:00
2026-05-27 05:00:00,214.23,05:00:00
2026-05-27 05:15:00,213.93,05:15:00
2026-05-27 06:30:00,201.48,06:30:00
2026-05-27 06:45:00,200.97,06:45:00
2026-05-27 07:00:00,193.06,07:00:00
2026-05-27 07:15:00,192.97,07:15:00
2026-05-27 07:30:00,183.1,07:30:00
2026-05-27 07:45:00,183.01,07:45:00
2026-05-27 08:00:00,170.18,08:00:00
2026-05-27 08:15:00,170.15,08:15:00
2026-05-27 08:30:00,156.95,08:30:00
2026-05-27 08:45:00,157.44,08:45:00
2026-05-27 09:30:00,134.01,09:30:00
2026-05-27 09:45:00,134.1,09:45:00
2026-05-27 10:00:00,122.69,10:00:00
2026-05-27 10:15:00,122.55,10:15:00
2026-05-27 10:30:00,115.33,10:30:00
2026-05-27 10:45:00,115.37,10:45:00
2026-05-27 11:00:00,108.23,11:00:00
2026-05-27 11:15:00,108.21,11:15:00
2026-05-27 11:30:00,107.45,11:30:00
2026-05-27 11:45:00,107.59,11:45:00
2026-05-27 12:00:00,107.03,12:00:00
2026-05-27 12:15:00,107.0,12:15:00
2026-05-27 12:30:00,105.22,12:30:00
2026-05-27 12:45:00,104.89,12:45:00
2026-05-27 13:00:00,102.51,13:00:00
2026-05-27 13:15:00,102.54,13:15:00
2026-05-27 13:30:00,90.68,13:30:00
2026-05-27 13:45:00,90.53,13:45:00
2026-05-27 14:00:00,82.14,14:00:00
2026-05-27 14:15:00,82.82,14:15:00
2026-05-27 14:30:00,76.08,14:30:00
2026-05-27 14:45:00,76.22,14:45:00
2026-05-27 15:00:00,81.9,15:00:00
2026-05-27 15:15:00,81.92,15:15:00
2026-05-27 15:30:00,87.57,15:30:00
2026-05-27 15:45:00,87.57,15:45:00
2026-05-27 16:00:00,97.62,16:00:00
2026-05-27 16:15:00,98.29,16:15:00
2026-05-27 16:30:00,126.22,16:30:00
2026-05-27 16:45:00,125.5,16:45:00
2026-05-27 17:00:00,159.52,17:00:00
2026-05-27 17:15:00,159.7,17:15:00
2026-05-27 18:00:00,190.15,18:00:00
2026-05-27 18:15:00,190.28,18:15:00
2026-05-27 18:30:00,201.36,18:30:00
2026-05-27 18:45:00,201.38,18:45:00
2026-05-27 19:30:00,218.4,19:30:00
2026-05-27 19:45:00,218.33,19:45:00
2026-05-27 20:00:00,220.89,20:00:00
2026-05-27 20:15:00,220.56,20:15:00
2026-05-27 20:30:00,222.98,20:30:00
2026-05-27 20:45:00,222.8,20:45:00
2026-05-27 21:00:00,218.26,21:00:00
2026-05-27 21:15:00,218.12,21:15:00
2026-05-27 22:00:00,210.48,22:00:00
2026-05-27 22:15:00,210.48,22:15:00
2026-05-27 22:30:00,203.61,22:30:00
2026-05-27 22:45:00,203.7,22:45:00
2026-05-27 23:00:00,198.88,23:00:00
2026-05-27 23:15:00,198.34,23:15:00
2026-05-27 23:30:00,195.78,23:30:00
2026-05-27 23:45:00,195.93,23:45:00
2026-05-28 00:00:00,194.06,00:00:00
2026-05-28 00:15:00,194.42,00:15:00
2026-05-28 00:30:00,192.08,00:30:00
2026-05-28 00:45:00,192.35,00:45:00
2026-05-28 01:00:00,195.71,01:00:00
2026-05-28 01:15:00,196.43,01:15:00
2026-05-28 02:00:00,191.13,02:00:00
2026-05-28 02:15:00,191.64,02:15:00
2026-05-28 02:30:00,187.64,02:30:00
2026-05-28 02:45:00,187.85,02:45:00
2026-05-28 03:30:00,189.3,03:30:00
2026-05-28 03:45:00,188.74,03:45:00
2026-05-28 05:00:00,191.27,05:00:00
2026-05-28 05:15:00,190.61,05:15:00
2026-05-28 05:30:00,190.04,05:30:00
2026-05-28 05:45:00,189.32,05:45:00
2026-05-28 07:00:00,141.96,07:00:00
2026-05-28 07:15:00,140.56,07:15:00
2026-05-28 07:30:00,124.89,07:30:00
2026-05-28 07:45:00,125.41,07:45:00
2026-05-28 08:00:00,103.41,08:00:00
2026-05-28 08:15:00,103.41,08:15:00
2026-05-28 08:30:00,81.93,08:30:00
2026-05-28 08:45:00,81.93,08:45:00
2026-05-28 09:00:00,70.31,09:00:00
2026-05-28 09:15:00,70.6,09:15:00
2026-05-28 10:30:00,50.92,10:30:00
2026-05-28 10:45:00,51.16,10:45:00
2026-05-28 11:00:00,50.43,11:00:00
2026-05-28 11:15:00,50.31,11:15:00
2026-05-28 11:30:00,51.2,11:30:00
2026-05-28 11:45:00,51.34,11:45:00
2026-05-28 12:00:00,54.07,12:00:00
2026-05-28 12:15:00,54.21,12:15:00
2026-05-28 12:30:00,49.16,12:30:00
2026-05-28 12:45:00,49.23,12:45:00
2026-05-28 13:30:00,51.62,13:30:00
2026-05-28 13:45:00,51.43,13:45:00
2026-05-28 14:00:00,50.29,14:00:00
2026-05-28 14:15:00,50.55,14:15:00
2026-05-28 14:30:00,49.84,14:30:00
2026-05-28 14:45:00,49.62,14:45:00
2026-05-28 15:00:00,52.11,15:00:00
2026-05-28 15:15:00,51.47,15:15:00
2026-05-28 15:30:00,59.6,15:30:00
2026-05-28 15:45:00,59.38,15:45:00
2026-05-28 16:00:00,75.82,16:00:00
2026-05-28 16:15:00,75.95,16:15:00
2026-05-28 17:00:00,146.09,17:00:00
2026-05-28 17:15:00,146.54,17:15:00
2026-05-28 18:00:00,174.68,18:00:00
2026-05-28 18:15:00,175.17,18:15:00
2026-05-28 19:30:00,197.22,19:30:00
2026-05-28 19:45:00,196.78,19:45:00
2026-05-28 20:00:00,195.82,20:00:00
2026-05-28 20:15:00,195.15,20:15:00
2026-05-28 20:30:00,196.26,20:30:00
2026-05-28 20:45:00,196.66,20:45:00
2026-05-28 21:00:00,192.88,21:00:00
2026-05-28 21:15:00,193.23,21:15:00
2026-05-28 22:00:00,177.33,22:00:00
2026-05-28 22:15:00,176.64,22:15:00
2026-05-28 22:30:00,165.2,22:30:00
2026-05-28 22:45:00,165.07,22:45:00
2026-05-28 23:00:00,160.61,23:00:00
2026-05-28 23:15:00,160.45,23:15:00
2026-05-28 23:30:00,153.31,23:30:00
2026-05-28 23:45:00,153.35,23:45:00
2026-05-29 00:00:00,156.87,00:00:00
2026-05-29 00:15:00,156.95,00:15:00
2026-05-29 00:30:00,154.15,00:30:00
2026-05-29 00:45:00,153.99,00:45:00
2026-05-29 01:00:00,157.63,01:00:00
2026-05-29 01:15:00,157.43,01:15:00
2026-05-29 02:00:00,165.91,02:00:00
2026-05-29 02:15:00,166.02,02:15:00
2026-05-29 02:30:00,173.12,02:30:00
2026-05-29 02:45:00,173.04,02:45:00
2026-05-29 03:00:00,173.18,03:00:00
2026-05-29 03:15:00,173.21,03:15:00
2026-05-29 03:30:00,176.88,03:30:00
2026-05-29 03:45:00,176.49,03:45:00
2026-05-29 04:00:00,185.06,04:00:00
2026-05-29 04:15:00,184.51,04:15:00
2026-05-29 04:30:00,189.15,04:30:00
2026-05-29 04:45:00,188.79,04:45:00
2026-05-29 05:30:00,197.24,05:30:00
2026-05-29 05:45:00,197.54,05:45:00
2026-05-29 06:00:00,194.03,06:00:00
2026-05-29 06:15:00,192.58,06:15:00
2026-05-29 06:30:00,188.88,06:30:00
2026-05-29 06:45:00,188.6,06:45:00
2026-05-29 07:00:00,183.41,07:00:00
2026-05-29 07:15:00,183.37,07:15:00
2026-05-29 07:30:00,178.21,07:30:00
2026-05-29 07:45:00,178.07,07:45:00
2026-05-29 08:30:00,156.51,08:30:00
2026-05-29 08:45:00,156.43,08:45:00
2026-05-29 09:00:00,151.25,09:00:00
2026-05-29 09:15:00,151.6,09:15:00
2026-05-29 09:30:00,145.52,09:30:00
2026-05-29 09:45:00,145.34,09:45:00
2026-05-29 11:00:00,129.2,11:00:00
2026-05-29 11:15:00,129.22,11:15:00
2026-05-29 11:30:00,120.04,11:30:00
2026-05-29 11:45:00,119.78,11:45:00
2026-05-29 12:00:00,114.61,12:00:00
2026-05-29 12:15:00,114.45,12:15:00
2026-05-29 12:30:00,112.17,12:30:00
2026-05-29 12:45:00,112.22,12:45:00
2026-05-29 13:00:00,115.72,13:00:00
2026-05-29 13:15:00,115.7,13:15:00
2026-05-29 13:30:00,100.12,13:30:00
2026-05-29 13:45:00,100.15,13:45:00
2026-05-29 14:00:00,94.2,14:00:00
2026-05-29 14:15:00,94.17,14:15:00
2026-05-29 14:30:00,100.23,14:30:00
2026-05-29 14:45:00,99.88,14:45:00
2026-05-29 15:00:00,117.74,15:00:00
2026-05-29 15:15:00,117.34,15:15:00
2026-05-29 15:30:00,132.11,15:30:00
2026-05-29 15:45:00,132.09,15:45:00
2026-05-29 16:00:00,149.56,16:00:00
2026-05-29 16:15:00,149.53,16:15:00
2026-05-29 16:30:00,170.63,16:30:00
2026-05-29 16:45:00,170.87,16:45:00
2026-05-29 17:00:00,189.44,17:00:00
2026-05-29 17:15:00,189.5,17:15:00
2026-05-29 17:30:00,207.72,17:30:00
2026-05-29 17:45:00,207.78,17:45:00
2026-05-29 18:00:00,208.95,18:00:00
2026-05-29 18:15:00,209.14,18:15:00
2026-05-29 19:30:00,256.59,19:30:00
2026-05-29 19:45:00,256.51,19:45:00
2026-05-29 20:00:00,261.78,20:00:00
2026-05-29 20:15:00,261.44,20:15:00
2026-05-29 20:30:00,266.68,20:30:00
2026-05-29 20:45:00,266.6,20:45:00
2026-05-29 21:00:00,264.35,21:00:00
2026-05-29 21:15:00,263.96,21:15:00
2026-05-29 21:30:00,261.16,21:30:00
2026-05-29 21:45:00,260.82,21:45:00
2026-05-29 22:00:00,253.24,22:00:00
2026-05-29 22:15:00,252.67,22:15:00
2026-05-29 22:30:00,245.48,22:30:00
2026-05-29 22:45:00,245.16,22:45:00
2026-05-29 23:00:00,242.58,23:00:00
2026-05-29 23:15:00,241.84,23:15:00
2026-05-30 00:00:00,239.02,00:00:00
2026-05-30 00:15:00,238.79,00:15:00
2026-05-30 00:30:00,233.12,00:30:00
2026-05-30 00:45:00,232.96,00:45:00
2026-05-30 01:00:00,219.68,01:00:00
2026-05-30 01:15:00,219.26,01:15:00
2026-05-30 01:30:00,220.62,01:30:00
2026-05-30 01:45:00,220.38,01:45:00
2026-05-30 02:30:00,219.86,02:30:00
2026-05-30 02:45:00,219.69,02:45:00
2026-05-30 03:00:00,224.93,03:00:00
2026-05-30 03:15:00,224.79,03:15:00
2026-05-30 03:30:00,226.2,03:30:00
2026-05-30 03:45:00,226.33,03:45:00
2026-05-30 04:00:00,224.3,04:00:00
2026-05-30 04:15:00,224.35,04:15:00
2026-05-30 04:30:00,226.02,04:30:00
2026-05-30 04:45:00,226.14,04:45:00
2026-05-30 05:00:00,221.88,05:00:00
2026-05-30 05:15:00,221.6,05:15:00
2026-05-30 05:30:00,212.2,05:30:00
2026-05-30 05:45:00,212.27,05:45:00
2026-05-30 06:00:00,200.03,06:00:00
2026-05-30 06:15:00,198.9,06:15:00
2026-05-30 07:00:00,181.55,07:00:00
2026-05-30 07:15:00,182.16,07:15:00
2026-05-30 07:30:00,174.23,07:30:00
2026-05-30 07:45:00,174.55,07:45:00
2026-05-30 08:00:00,164.92,08:00:00
2026-05-30 08:15:00,165.65,08:15:00
2026-05-30 09:00:00,135.8,09:00:00
2026-05-30 09:15:00,136.03,09:15:00
2026-05-30 09:30:00,129.15,09:30:00
2026-05-30 09:45:00,129.22,09:45:00
2026-05-30 10:00:00,118.64,10:00:00
2026-05-30 10:15:00,118.69,10:15:00
2026-05-30 10:30:00,108.66,10:30:00
2026-05-30 10:45:00,108.9,10:45:00
2026-05-30 11:00:00,109.15,11:00:00
2026-05-30 11:15:00,109.21,11:15:00
2026-05-30 11:30:00,107.87,11:30:00
2026-05-30 11:45:00,107.84,11:45:00
2026-05-30 12:30:00,116.38,12:30:00
2026-05-30 12:45:00,116.26,12:45:00
2026-05-30 13:30:00,115.51,13:30:00
2026-05-30 13:45:00,114.77,13:45:00
2026-05-30 14:00:00,114.75,14:00:00
2026-05-30 14:15:00,115.0,14:15:00
2026-05-30 14:30:00,119.02,14:30:00
2026-05-30 14:45:00,118.87,14:45:00
2026-05-30 15:30:00,134.01,15:30:00
2026-05-30 15:45:00,133.96,15:45:00
2026-05-30 16:00:00,149.71,16:00:00
2026-05-30 16:15:00,150.4,16:15:00
2026-05-30 16:30:00,164.98,16:30:00
2026-05-30 16:45:00,164.93,16:45:00
2026-05-30 17:00:00,181.57,17:00:00
2026-05-30 17:15:00,181.77,17:15:00
2026-05-30 18:00:00,215.39,18:00:00
2026-05-30 18:15:00,215.62,18:15:00
2026-05-30 18:30:00,229.29,18:30:00
2026-05-30 18:45:00,229.23,18:45:00
2026-05-30 19:00:00,237.41,19:00:00
2026-05-30 19:15:00,237.34,19:15:00
2026-05-30 19:30:00,249.46,19:30:00
2026-05-30 19:45:00,249.48,19:45:00
2026-05-30 20:00:00,252.89,20:00:00
2026-05-30 20:15:00,252.7,20:15:00
2026-05-30 20:30:00,256.89,20:30:00
2026-05-30 20:45:00,256.57,20:45:00
2026-05-30 21:00:00,259.09,21:00:00
2026-05-30 21:15:00,259.17,21:15:00
2026-05-30 21:30:00,256.99,21:30:00
2026-05-30 21:45:00,256.65,21:45:00
2026-05-30 22:00:00,254.22,22:00:00
2026-05-30 22:15:00,254.11,22:15:00
2026-05-30 22:30:00,250.64,22:30:00
2026-05-30 22:45:00,250.26,22:45:00
2026-05-30 23:00:00,245.91,23:00:00
2026-05-30 23:15:00,245.47,23:15:00
2026-05-30 23:30:00,238.96,23:30:00
2026-05-30 23:45:00,238.82,23:45:00
2026-05-31 00:00:00,238.55,00:00:00
2026-05-31 00:15:00,238.68,00:15:00
2026-05-31 00:30:00,239.85,00:30:00
2026-05-31 00:45:00,239.97,00:45:00
2026-05-31 01:00:00,246.36,01:00:00
2026-05-31 01:15:00,246.9,01:15:00
2026-05-31 01:30:00,250.69,01:30:00
2026-05-31 01:45:00,251.19,01:45:00
2026-05-31 02:00:00,252.23,02:00:00
2026-05-31 02:15:00,253.0,02:15:00
2026-05-31 02:30:00,255.41,02:30:00
2026-05-31 02:45:00,255.7,02:45:00
2026-05-31 03:00:00,261.12,03:00:00
2026-05-31 03:15:00,261.59,03:15:00
2026-05-31 03:30:00,259.08,03:30:00
2026-05-31 03:45:00,258.79,03:45:00
2026-05-31 04:00:00,255.92,04:00:00
2026-05-31 04:15:00,255.72,04:15:00
2026-05-31 04:30:00,253.8,04:30:00
2026-05-31 04:45:00,252.84,04:45:00
2026-05-31 05:00:00,239.12,05:00:00
2026-05-31 05:15:00,237.91,05:15:00
2026-05-31 05:30:00,226.37,05:30:00
2026-05-31 05:45:00,225.23,05:45:00
2026-05-31 06:00:00,200.94,06:00:00
2026-05-31 06:15:00,199.48,06:15:00
2026-05-31 06:30:00,191.84,06:30:00
2026-05-31 06:45:00,192.19,06:45:00
2026-05-31 07:00:00,164.2,07:00:00
2026-05-31 07:15:00,165.4,07:15:00
2026-05-31 07:30:00,159.95,07:30:00
2026-05-31 07:45:00,160.91,07:45:00
2026-05-31 08:00:00,158.61,08:00:00
2026-05-31 08:15:00,158.31,08:15:00
2026-05-31 08:30:00,149.26,08:30:00
2026-05-31 08:45:00,148.97,08:45:00
2026-05-31 09:00:00,147.68,09:00:00
2026-05-31 09:15:00,147.53,09:15:00
2026-05-31 09:30:00,145.03,09:30:00
2026-05-31 09:45:00,145.07,09:45:00
2026-05-31 10:00:00,127.99,10:00:00
2026-05-31 10:15:00,127.84,10:15:00
2026-05-31 10:30:00,114.4,10:30:00
2026-05-31 10:45:00,114.5,10:45:00
2026-05-31 11:00:00,111.36,11:00:00
2026-05-31 11:15:00,111.38,11:15:00
2026-05-31 12:30:00,107.24,12:30:00
2026-05-31 12:45:00,106.72,12:45:00
2026-05-31 13:00:00,100.81,13:00:00
2026-05-31 13:15:00,100.64,13:15:00
2026-05-31 13:30:00,98.58,13:30:00
2026-05-31 13:45:00,98.73,13:45:00
2026-05-31 14:30:00,103.17,14:30:00
2026-05-31 14:45:00,103.05,14:45:00
2026-05-31 15:00:00,113.42,15:00:00
2026-05-31 15:15:00,113.78,15:15:00
2026-05-31 16:30:00,187.82,16:30:00
2026-05-31 16:45:00,186.7,16:45:00
2026-05-31 17:30:00,219.52,17:30:00
2026-05-31 17:45:00,219.61,17:45:00
2026-05-31 18:00:00,229.27,18:00:00
2026-05-31 18:15:00,229.43,18:15:00
2026-05-31 18:30:00,238.82,18:30:00
2026-05-31 18:45:00,239.16,18:45:00
2026-05-31 19:00:00,247.3,19:00:00
2026-05-31 19:15:00,247.59,19:15:00
2026-05-31 20:00:00,263.42,20:00:00
2026-05-31 20:15:00,263.43,20:15:00
2026-05-31 20:30:00,268.41,20:30:00
2026-05-31 20:45:00,267.73,20:45:00
2026-05-31 21:00:00,267.62,21:00:00
2026-05-31 21:15:00,267.64,21:15:00
2026-05-31 21:30:00,266.33,21:30:00
2026-05-31 21:45:00,266.48,21:45:00
2026-05-31 22:00:00,274.31,22:00:00
2026-05-31 22:15:00,274.43,22:15:00
2026-05-31 22:30:00,270.01,22:30:00
2026-05-31 22:45:00,270.72,22:45:00
2026-05-31 23:00:00,272.2,23:00:00
2026-05-31 23:15:00,272.66,23:15:00
2026-05-31 23:30:00,268.58,23:30:00
2026-05-31 23:45:00,267.76,23:45:00
2026-06-01 01:00:00,269.71,01:00:00
2026-06-01 01:15:00,270.07,01:15:00
2026-06-01 03:30:00,268.8,03:30:00
2026-06-01 03:45:00,269.14,03:45:00
2026-06-01 04:30:00,266.8,04:30:00
2026-06-01 04:45:00,267.84,04:45:00
2026-06-01 06:00:00,247.59,06:00:00
2026-06-01 06:15:00,246.51,06:15:00
2026-06-01 07:00:00,222.03,07:00:00
2026-06-01 07:15:00,220.41,07:15:00
2026-06-01 09:30:00,180.2,09:30:00
2026-06-01 09:45:00,180.54,09:45:00
2026-06-01 10:30:00,175.95,10:30:00
2026-06-01 10:45:00,175.03,10:45:00
2026-06-01 11:30:00,164.69,11:30:00
2026-06-01 11:45:00,165.02,11:45:00
2026-06-01 13:00:00,151.3,13:00:00
2026-06-01 13:15:00,151.11,13:15:00
2026-06-01 13:30:00,154.6,13:30:00
2026-06-01 13:45:00,154.7,13:45:00
2026-06-01 15:00:00,176.44,15:00:00
2026-06-01 15:15:00,176.79,15:15:00
2026-06-01 15:30:00,189.35,15:30:00
2026-06-01 15:45:00,189.02,15:45:00
2026-06-01 16:00:00,204.68,16:00:00
2026-06-01 16:15:00,205.03,16:15:00
2026-06-01 16:30:00,216.92,16:30:00
2026-06-01 16:45:00,217.97,16:45:00
2026-06-01 17:00:00,223.43,17:00:00
2026-06-01 17:15:00,223.93,17:15:00
2026-06-01 17:30:00,233.69,17:30:00
2026-06-01 17:45:00,234.29,17:45:00
2026-06-01 18:00:00,244.73,18:00:00
2026-06-01 18:15:00,245.32,18:15:00
2026-06-01 19:00:00,258.77,19:00:00
2026-06-01 19:15:00,258.67,19:15:00
2026-06-01 19:30:00,264.33,19:30:00
2026-06-01 19:45:00,263.8,19:45:00
2026-06-01 20:00:00,262.97,20:00:00
2026-06-01 20:15:00,261.71,20:15:00
2026-06-01 20:30:00,259.52,20:30:00
2026-06-01 20:45:00,259.35,20:45:00
2026-06-01 22:00:00,254.05,22:00:00
2026-06-01 22:15:00,253.66,22:15:00
2026-06-01 22:30:00,245.44,22:30:00
2026-06-01 22:45:00,245.69,22:45:00
2026-06-01 23:00:00,244.35,23:00:00
2026-06-01 23:15:00,244.64,23:15:00
2026-06-02 00:00:00,244.56,00:00:00
2026-06-02 00:15:00,244.49,00:15:00
2026-06-02 00:30:00,243.67,00:30:00
2026-06-02 00:45:00,243.44,00:45:00
2026-06-02 02:00:00,251.69,02:00:00
2026-06-02 02:15:00,251.77,02:15:00
2026-06-02 04:00:00,274.23,04:00:00
2026-06-02 04:15:00,274.5,04:15:00
2026-06-02 06:00:00,262.76,06:00:00
2026-06-02 06:15:00,262.81,06:15:00
2026-06-02 06:30:00,261.8,06:30:00
2026-06-02 06:45:00,260.89,06:45:00
2026-06-02 07:30:00,242.45,07:30:00
2026-06-02 07:45:00,241.86,07:45:00
2026-06-02 08:00:00,235.64,08:00:00
2026-06-02 08:15:00,235.48,08:15:00
2026-06-02 08:30:00,230.52,08:30:00
2026-06-02 08:45:00,230.76,08:45:00
2026-06-02 09:00:00,221.9,09:00:00
2026-06-02 09:15:00,221.97,09:15:00
2026-06-02 09:30:00,216.87,09:30:00
2026-06-02 09:45:00,216.49,09:45:00
2026-06-02 10:00:00,207.55,10:00:00
2026-06-02 10:15:00,207.12,10:15:00
2026-06-02 10:30:00,202.31,10:30:00
2026-06-02 10:45:00,202.01,10:45:00
2026-06-02 11:00:00,195.79,11:00:00
2026-06-02 11:15:00,195.48,11:15:00
2026-06-02 13:30:00,186.98,13:30:00
2026-06-02 13:45:00,186.9,13:45:00
2026-06-02 14:00:00,192.25,14:00:00
2026-06-02 14:15:00,192.92,14:15:00
2026-06-02 14:30:00,199.06,14:30:00
2026-06-02 14:45:00,199.59,14:45:00
2026-06-02 15:00:00,205.7,15:00:00
2026-06-02 15:15:00,206.72,15:15:00
2026-06-02 16:00:00,223.32,16:00:00
2026-06-02 16:15:00,222.85,16:15:00
2026-06-02 17:00:00,232.02,17:00:00
2026-06-02 17:15:00,231.43,17:15:00
2026-06-02 18:00:00,243.2,18:00:00
2026-06-02 18:15:00,243.37,18:15:00
2026-06-02 18:30:00,244.78,18:30:00
2026-06-02 18:45:00,244.54,18:45:00
2026-06-02 19:00:00,252.97,19:00:00
2026-06-02 19:15:00,252.3,19:15:00
2026-06-02 19:30:00,256.8,19:30:00
2026-06-02 19:45:00,256.53,19:45:00
2026-06-02 20:00:00,259.73,20:00:00
2026-06-02 20:15:00,259.85,20:15:00
2026-06-02 20:30:00,259.85,20:30:00
2026-06-02 20:45:00,259.91,20:45:00
2026-06-02 21:00:00,261.98,21:00:00
2026-06-02 21:15:00,261.96,21:15:00
2026-06-02 21:30:00,255.19,21:30:00
2026-06-02 21:45:00,254.78,21:45:00
2026-06-02 22:00:00,233.14,22:00:00
2026-06-02 22:15:00,231.56,22:15:00
2026-06-02 22:30:00,213.57,22:30:00
2026-06-02 22:45:00,213.33,22:45:00
2026-06-02 23:00:00,208.4,23:00:00
2026-06-02 23:15:00,208.25,23:15:00
2026-06-03 01:00:00,195.61,01:00:00
2026-06-03 01:15:00,196.11,01:15:00
2026-06-03 01:30:00,194.73,01:30:00
2026-06-03 01:45:00,195.2,01:45:00
2026-06-03 03:00:00,209.37,03:00:00
2026-06-03 03:15:00,210.27,03:15:00
2026-06-03 04:30:00,213.88,04:30:00
2026-06-03 04:45:00,213.63,04:45:00
2026-06-03 06:30:00,213.96,06:30:00
2026-06-03 06:45:00,213.82,06:45:00
2026-06-03 09:00:00,156.08,09:00:00
2026-06-03 09:15:00,156.1,09:15:00
2026-06-03 10:00:00,130.49,10:00:00
2026-06-03 10:15:00,130.27,10:15:00
2026-06-03 11:30:00,71.75,11:30:00
2026-06-03 11:45:00,71.94,11:45:00
2026-06-03 12:00:00,71.25,12:00:00
2026-06-03 12:15:00,71.1,12:15:00
2026-06-03 12:30:00,68.65,12:30:00
2026-06-03 12:45:00,68.57,12:45:00
2026-06-03 13:00:00,71.76,13:00:00
2026-06-03 13:15:00,71.91,13:15:00
2026-06-03 13:30:00,70.71,13:30:00
2026-06-03 13:45:00,70.62,13:45:00
2026-06-03 14:30:00,70.66,14:30:00
2026-06-03 14:45:00,70.64,14:45:00
2026-06-03 15:30:00,82.85,15:30:00
2026-06-03 15:45:00,82.65,15:45:00
2026-06-03 16:00:00,102.35,16:00:00
2026-06-03 16:15:00,102.38,16:15:00
2026-06-03 16:30:00,117.4,16:30:00
2026-06-03 16:45:00,116.94,16:45:00
2026-06-03 17:00:00,114.12,17:00:00
2026-06-03 17:15:00,113.86,17:15:00
2026-06-03 17:30:00,124.75,17:30:00
2026-06-03 17:45:00,124.35,17:45:00
2026-06-03 18:00:00,129.13,18:00:00
2026-06-03 18:15:00,128.87,18:15:00
2026-06-03 19:00:00,137.23,19:00:00
2026-06-03 19:15:00,137.11,19:15:00
2026-06-03 19:30:00,129.47,19:30:00
2026-06-03 19:45:00,129.43,19:45:00
2026-06-03 20:00:00,125.45,20:00:00
2026-06-03 20:15:00,125.43,20:15:00
2026-06-03 20:30:00,125.97,20:30:00
2026-06-03 20:45:00,125.84,20:45:00
2026-06-03 21:00:00,128.19,21:00:00
2026-06-03 21:15:00,128.01,21:15:00
2026-06-03 21:30:00,105.49,21:30:00
2026-06-03 21:45:00,106.34,21:45:00
2026-06-03 22:00:00,85.89,22:00:00
2026-06-03 22:15:00,85.85,22:15:00
2026-06-03 22:30:00,90.09,22:30:00
2026-06-03 22:45:00,90.22,22:45:00
2026-06-03 23:00:00,92.9,23:00:00
2026-06-03 23:15:00,93.12,23:15:00
2026-06-03 23:30:00,93.47,23:30:00
2026-06-03 23:45:00,93.23,23:45:00
2026-06-04 01:00:00,91.89,01:00:00
2026-06-04 01:15:00,91.72,01:15:00
2026-06-04 02:00:00,95.63,02:00:00
2026-06-04 02:15:00,95.78,02:15:00
2026-06-04 02:30:00,98.13,02:30:00
2026-06-04 02:45:00,98.19,02:45:00
2026-06-04 04:00:00,95.7,04:00:00
2026-06-04 04:15:00,95.56,04:15:00
2026-06-04 06:30:00,105.47,06:30:00
2026-06-04 06:45:00,105.19,06:45:00
2026-06-04 08:00:00,82.53,08:00:00
2026-06-04 08:15:00,82.52,08:15:00
2026-06-04 12:30:00,58.16,12:30:00
2026-06-04 12:45:00,58.47,12:45:00
2026-06-04 13:00:00,58.08,13:00:00
2026-06-04 13:15:00,58.05,13:15:00
2026-06-04 13:30:00,57.54,13:30:00
2026-06-04 13:45:00,57.76,13:45:00
2026-06-04 15:30:00,75.78,15:30:00
2026-06-04 15:45:00,74.85,15:45:00
2026-06-04 16:00:00,71.69,16:00:00
2026-06-04 16:15:00,70.89,16:15:00
2026-06-04 16:30:00,71.24,16:30:00
2026-06-04 16:45:00,71.33,16:45:00
2026-06-04 18:00:00,72.91,18:00:00
2026-06-04 18:15:00,72.95,18:15:00
2026-06-04 18:30:00,79.1,18:30:00
2026-06-04 18:45:00,79.4,18:45:00
2026-06-04 19:00:00,90.5,19:00:00
2026-06-04 19:15:00,90.5,19:15:00
2026-06-04 20:00:00,101.98,20:00:00
2026-06-04 20:15:00,101.78,20:15:00
2026-06-04 20:30:00,104.12,20:30:00
2026-06-04 20:45:00,104.4,20:45:00
2026-06-04 21:00:00,102.43,21:00:00
2026-06-04 21:15:00,102.39,21:15:00
2026-06-04 21:30:00,97.44,21:30:00
2026-06-04 21:45:00,97.51,21:45:00
2026-06-04 22:00:00,92.96,22:00:00
2026-06-04 22:15:00,93.26,22:15:00
2026-06-04 22:30:00,88.53,22:30:00
2026-06-04 22:45:00,88.24,22:45:00
2026-06-04 23:00:00,90.74,23:00:00
2026-06-04 23:15:00,90.58,23:15:00
2026-06-04 23:30:00,84.24,23:30:00
2026-06-04 23:45:00,84.3,23:45:00
2026-06-05 00:00:00,85.33,00:00:00
2026-06-05 00:15:00,85.44,00:15:00
2026-06-05 01:00:00,85.94,01:00:00
2026-06-05 01:15:00,86.16,01:15:00
2026-06-05 02:30:00,89.32,02:30:00
2026-06-05 02:45:00,89.34,02:45:00
2026-06-05 05:30:00,143.28,05:30:00
2026-06-05 05:45:00,142.74,05:45:00
2026-06-05 07:00:00,142.46,07:00:00
2026-06-05 07:15:00,142.2,07:15:00
2026-06-05 07:30:00,142.0,07:30:00
2026-06-05 07:45:00,142.26,07:45:00
2026-06-05 09:00:00,133.65,09:00:00
2026-06-05 09:15:00,134.01,09:15:00
2026-06-05 09:30:00,132.09,09:30:00
2026-06-05 09:45:00,132.0,09:45:00
2026-06-05 10:00:00,129.73,10:00:00
2026-06-05 10:15:00,129.57,10:15:00
2026-06-05 11:30:00,133.11,11:30:00
2026-06-05 11:45:00,133.01,11:45:00
2026-06-05 12:00:00,134.64,12:00:00
2026-06-05 12:15:00,134.68,12:15:00
2026-06-05 12:30:00,125.13,12:30:00
2026-06-05 12:45:00,125.12,12:45:00
2026-06-05 13:00:00,125.55,13:00:00
2026-06-05 13:15:00,126.21,13:15:00
2026-06-05 14:30:00,137.77,14:30:00
2026-06-05 14:45:00,137.69,14:45:00
2026-06-05 15:00:00,150.91,15:00:00
2026-06-05 15:15:00,150.91,15:15:00
2026-06-05 16:00:00,185.74,16:00:00
2026-06-05 16:15:00,185.83,16:15:00
2026-06-05 16:30:00,199.14,16:30:00
2026-06-05 16:45:00,199.42,16:45:00
2026-06-05 17:00:00,212.42,17:00:00
2026-06-05 17:15:00,212.69,17:15:00
2026-06-05 17:30:00,224.53,17:30:00
2026-06-05 17:45:00,224.65,17:45:00
2026-06-05 18:00:00,232.03,18:00:00
2026-06-05 18:15:00,231.92,18:15:00
2026-06-05 18:30:00,239.48,18:30:00
2026-06-05 18:45:00,239.45,18:45:00
2026-06-05 19:00:00,248.23,19:00:00
2026-06-05 19:15:00,248.32,19:15:00
2026-06-05 19:30:00,249.19,19:30:00
2026-06-05 19:45:00,249.29,19:45:00
2026-06-05 20:30:00,252.46,20:30:00
2026-06-05 20:45:00,252.21,20:45:00
2026-06-05 21:00:00,247.98,21:00:00
2026-06-05 21:15:00,247.7,21:15:00
2026-06-05 21:30:00,243.99,21:30:00
2026-06-05 21:45:00,243.94,21:45:00
2026-06-05 22:00:00,231.99,22:00:00
2026-06-05 22:15:00,232.02,22:15:00
2026-06-05 22:30:00,228.53,22:30:00
2026-06-05 22:45:00,228.4,22:45:00
2026-06-05 23:00:00,224.89,23:00:00
2026-06-05 23:15:00,224.54,23:15:00
2026-06-05 23:30:00,224.61,23:30:00
2026-06-05 23:45:00,224.51,23:45:00
2026-06-06 01:00:00,221.51,01:00:00
2026-06-06 01:15:00,221.77,01:15:00
2026-06-06 03:30:00,191.27,03:30:00
2026-06-06 03:45:00,191.91,03:45:00
2026-06-06 04:30:00,161.86,04:30:00
2026-06-06 04:45:00,161.99,04:45:00
2026-06-06 05:00:00,156.1,05:00:00
2026-06-06 05:15:00,156.24,05:15:00
2026-06-06 05:30:00,138.35,05:30:00
2026-06-06 05:45:00,138.05,05:45:00
2026-06-06 08:30:00,78.05,08:30:00
2026-06-06 08:45:00,77.41,08:45:00
2026-06-06 09:00:00,75.87,09:00:00
2026-06-06 09:15:00,75.87,09:15:00
2026-06-06 09:30:00,71.8,09:30:00
2026-06-06 09:45:00,71.53,09:45:00
2026-06-06 11:30:00,70.41,11:30:00
2026-06-06 11:45:00,70.19,11:45:00
2026-06-06 12:00:00,69.79,12:00:00
2026-06-06 12:15:00,69.78,12:15:00
2026-06-06 12:30:00,68.95,12:30:00
2026-06-06 12:45:00,69.01,12:45:00
2026-06-06 13:30:00,72.11,13:30:00
2026-06-06 13:45:00,72.25,13:45:00
2026-06-06 14:30:00,85.72,14:30:00
2026-06-06 14:45:00,85.99,14:45:00
2026-06-06 15:00:00,83.44,15:00:00
2026-06-06 15:15:00,83.41,15:15:00
2026-06-06 15:30:00,102.97,15:30:00
2026-06-06 15:45:00,101.67,15:45:00
2026-06-06 16:00:00,115.53,16:00:00
2026-06-06 16:15:00,115.7,16:15:00
2026-06-06 16:30:00,129.35,16:30:00
2026-06-06 16:45:00,129.89,16:45:00
2026-06-06 17:30:00,140.57,17:30:00
2026-06-06 17:45:00,140.89,17:45:00
2026-06-06 18:00:00,157.47,18:00:00
2026-06-06 18:15:00,157.61,18:15:00
2026-06-06 18:30:00,163.8,18:30:00
2026-06-06 18:45:00,163.77,18:45:00
2026-06-06 19:00:00,168.0,19:00:00
2026-06-06 19:15:00,168.18,19:15:00
2026-06-06 19:30:00,171.46,19:30:00
2026-06-06 19:45:00,171.38,19:45:00
2026-06-07 00:30:00,116.13,00:30:00
2026-06-07 00:45:00,116.24,00:45:00
2026-06-07 01:00:00,114.9,01:00:00
2026-06-07 01:15:00,114.89,01:15:00
2026-06-07 01:30:00,111.1,01:30:00
2026-06-07 01:45:00,111.23,01:45:00
2026-06-07 02:00:00,110.15,02:00:00
2026-06-07 02:15:00,110.22,02:15:00
2026-06-07 02:30:00,106.28,02:30:00
2026-06-07 02:45:00,106.31,02:45:00
2026-06-07 03:00:00,104.45,03:00:00
2026-06-07 03:15:00,104.48,03:15:00
2026-06-07 03:30:00,104.9,03:30:00
2026-06-07 03:45:00,105.12,03:45:00
2026-06-07 04:00:00,109.35,04:00:00
2026-06-07 04:15:00,109.38,04:15:00
2026-06-07 04:30:00,105.3,04:30:00
2026-06-07 04:45:00,105.25,04:45:00
2026-06-07 05:00:00,104.22,05:00:00
2026-06-07 05:15:00,104.15,05:15:00
2026-06-07 06:00:00,99.98,06:00:00
2026-06-07 06:15:00,100.05,06:15:00
2026-06-07 06:30:00,94.49,06:30:00
2026-06-07 06:45:00,94.48,06:45:00
2026-06-07 07:00:00,98.85,07:00:00
2026-06-07 07:15:00,98.92,07:15:00
2026-06-07 07:30:00,92.68,07:30:00
2026-06-07 07:45:00,92.66,07:45:00
2026-06-07 08:00:00,91.67,08:00:00
2026-06-07 08:15:00,91.55,08:15:00
2026-06-07 08:30:00,78.09,08:30:00
2026-06-07 08:45:00,78.15,08:45:00
2026-06-07 09:00:00,68.21,09:00:00
2026-06-07 09:15:00,68.3,09:15:00
2026-06-07 09:30:00,63.11,09:30:00
2026-06-07 09:45:00,63.22,09:45:00
2026-06-07 10:00:00,59.68,10:00:00
2026-06-07 10:15:00,59.63,10:15:00
2026-06-07 10:30:00,59.02,10:30:00
2026-06-07 10:45:00,59.09,10:45:00
2026-06-07 11:00:00,55.05,11:00:00
2026-06-07 11:15:00,54.99,11:15:00
2026-06-07 11:30:00,53.89,11:30:00
2026-06-07 11:45:00,53.86,11:45:00
2026-06-07 12:00:00,56.55,12:00:00
2026-06-07 12:15:00,56.35,12:15:00
2026-06-07 12:30:00,54.96,12:30:00
2026-06-07 12:45:00,54.92,12:45:00
2026-06-07 13:00:00,54.26,13:00:00
2026-06-07 13:15:00,54.29,13:15:00
2026-06-07 13:30:00,55.48,13:30:00
2026-06-07 13:45:00,55.46,13:45:00
2026-06-07 14:00:00,56.95,14:00:00
2026-06-07 14:15:00,56.78,14:15:00
2026-06-07 15:00:00,58.83,15:00:00
2026-06-07 15:15:00,59.59,15:15:00
2026-06-07 16:00:00,89.14,16:00:00
2026-06-07 16:15:00,89.34,16:15:00
2026-06-07 16:30:00,105.57,16:30:00
2026-06-07 16:45:00,105.87,16:45:00
2026-06-07 17:00:00,120.38,17:00:00
2026-06-07 17:15:00,120.27,17:15:00
2026-06-07 17:30:00,143.44,17:30:00
2026-06-07 17:45:00,143.27,17:45:00
2026-06-07 18:30:00,164.26,18:30:00
2026-06-07 18:45:00,163.86,18:45:00
2026-06-07 19:00:00,167.48,19:00:00
2026-06-07 19:15:00,167.16,19:15:00
2026-06-07 20:00:00,178.6,20:00:00
2026-06-07 20:15:00,178.51,20:15:00
2026-06-07 20:30:00,179.71,20:30:00
2026-06-07 20:45:00,179.65,20:45:00
2026-06-07 21:00:00,176.14,21:00:00
2026-06-07 21:15:00,176.09,21:15:00
2026-06-07 21:30:00,169.51,21:30:00
2026-06-07 21:45:00,169.6,21:45:00
2026-06-07 22:00:00,173.18,22:00:00
2026-06-07 22:15:00,173.33,22:15:00
2026-06-07 22:30:00,169.69,22:30:00
2026-06-07 22:45:00,169.55,22:45:00
2026-06-07 23:00:00,165.09,23:00:00
2026-06-07 23:15:00,164.6,23:15:00
2026-06-08 00:00:00,163.91,00:00:00
2026-06-08 00:15:00,163.5,00:15:00
2026-06-08 00:30:00,165.63,00:30:00
2026-06-08 00:45:00,165.56,00:45:00
2026-06-08 01:00:00,168.29,01:00:00
2026-06-08 01:15:00,168.54,01:15:00
2026-06-08 01:30:00,169.85,01:30:00
2026-06-08 01:45:00,169.62,01:45:00
2026-06-08 02:30:00,166.57,02:30:00
2026-06-08 02:45:00,166.52,02:45:00
2026-06-08 03:00:00,171.31,03:00:00
2026-06-08 03:15:00,171.26,03:15:00
2026-06-08 03:30:00,174.23,03:30:00
2026-06-08 03:45:00,174.81,03:45:00
2026-06-08 04:00:00,177.17,04:00:00
2026-06-08 04:15:00,177.95,04:15:00
2026-06-08 04:30:00,182.07,04:30:00
2026-06-08 04:45:00,181.68,04:45:00
2026-06-08 05:00:00,182.79,05:00:00
2026-06-08 05:15:00,182.23,05:15:00
2026-06-08 05:30:00,184.03,05:30:00
2026-06-08 05:45:00,183.47,05:45:00
2026-06-08 06:00:00,186.18,06:00:00
2026-06-08 06:15:00,186.95,06:15:00
2026-06-08 06:30:00,183.97,06:30:00
2026-06-08 06:45:00,183.72,06:45:00
2026-06-08 07:00:00,182.96,07:00:00
2026-06-08 07:15:00,182.6,07:15:00
2026-06-08 07:30:00,179.59,07:30:00
2026-06-08 07:45:00,180.28,07:45:00
2026-06-08 08:00:00,171.85,08:00:00
2026-06-08 08:15:00,171.73,08:15:00
2026-06-08 08:30:00,168.72,08:30:00
2026-06-08 08:45:00,168.68,08:45:00
2026-06-08 09:00:00,162.88,09:00:00
2026-06-08 09:15:00,162.19,09:15:00
2026-06-08 09:30:00,159.05,09:30:00
2026-06-08 09:45:00,159.06,09:45:00
2026-06-08 11:00:00,148.8,11:00:00
2026-06-08 11:15:00,149.07,11:15:00
2026-06-08 12:30:00,139.15,12:30:00
2026-06-08 12:45:00,138.74,12:45:00
2026-06-08 13:00:00,132.23,13:00:00
2026-06-08 13:15:00,131.66,13:15:00
2026-06-08 14:30:00,144.2,14:30:00
2026-06-08 14:45:00,143.8,14:45:00
2026-06-08 15:00:00,152.95,15:00:00
2026-06-08 15:15:00,153.25,15:15:00
2026-06-08 15:30:00,161.0,15:30:00
2026-06-08 15:45:00,160.64,15:45:00
2026-06-08 16:00:00,169.74,16:00:00
2026-06-08 16:15:00,169.29,16:15:00
2026-06-08 17:00:00,192.45,17:00:00
2026-06-08 17:15:00,192.49,17:15:00
2026-06-08 17:30:00,203.96,17:30:00
2026-06-08 17:45:00,204.04,17:45:00
2026-06-08 18:00:00,213.9,18:00:00
2026-06-08 18:15:00,213.99,18:15:00
2026-06-08 19:00:00,235.8,19:00:00
2026-06-08 19:15:00,235.53,19:15:00
2026-06-08 19:30:00,241.83,19:30:00
2026-06-08 19:45:00,241.99,19:45:00
2026-06-08 20:00:00,239.69,20:00:00
2026-06-08 20:15:00,239.98,20:15:00
2026-06-08 20:30:00,239.49,20:30:00
2026-06-08 20:45:00,240.13,20:45:00
2026-06-08 21:00:00,237.14,21:00:00
2026-06-08 21:15:00,237.22,21:15:00
2026-06-08 21:30:00,226.53,21:30:00
2026-06-08 21:45:00,225.49,21:45:00
2026-06-08 22:00:00,209.29,22:00:00
2026-06-08 22:15:00,207.94,22:15:00
2026-06-08 22:30:00,195.77,22:30:00
2026-06-08 22:45:00,194.72,22:45:00
2026-06-08 23:00:00,185.49,23:00:00
2026-06-08 23:15:00,184.47,23:15:00
2026-06-09 00:00:00,180.8,00:00:00
2026-06-09 00:15:00,180.61,00:15:00
2026-06-09 00:30:00,174.33,00:30:00
2026-06-09 00:45:00,173.99,00:45:00
2026-06-09 01:00:00,175.09,01:00:00
2026-06-09 01:15:00,174.8,01:15:00
2026-06-09 01:30:00,181.82,01:30:00
2026-06-09 01:45:00,182.13,01:45:00
2026-06-09 02:00:00,184.7,02:00:00
2026-06-09 02:15:00,185.59,02:15:00
2026-06-09 02:30:00,187.18,02:30:00
2026-06-09 02:45:00,187.76,02:45:00
2026-06-09 03:00:00,194.39,03:00:00
2026-06-09 03:15:00,195.15,03:15:00
2026-06-09 03:30:00,196.97,03:30:00
2026-06-09 03:45:00,196.37,03:45:00
2026-06-09 04:00:00,191.03,04:00:00
2026-06-09 04:15:00,191.22,04:15:00
2026-06-09 04:30:00,192.96,04:30:00
2026-06-09 04:45:00,192.27,04:45:00
2026-06-09 05:00:00,173.11,05:00:00
2026-06-09 05:15:00,173.14,05:15:00
2026-06-09 06:30:00,168.88,06:30:00
2026-06-09 06:45:00,169.26,06:45:00
2026-06-09 07:00:00,162.26,07:00:00
2026-06-09 07:15:00,162.89,07:15:00
2026-06-09 07:30:00,143.97,07:30:00
2026-06-09 07:45:00,144.0,07:45:00
2026-06-09 08:00:00,125.21,08:00:00
2026-06-09 08:15:00,125.77,08:15:00
2026-06-09 08:30:00,111.4,08:30:00
2026-06-09 08:45:00,110.38,08:45:00
2026-06-09 09:30:00,75.59,09:30:00
2026-06-09 09:45:00,74.16,09:45:00
2026-06-09 10:00:00,71.48,10:00:00
2026-06-09 10:15:00,71.23,10:15:00
2026-06-09 10:30:00,69.82,10:30:00
2026-06-09 10:45:00,69.71,10:45:00
2026-06-09 11:00:00,71.08,11:00:00
2026-06-09 11:15:00,70.51,11:15:00
2026-06-09 11:30:00,66.87,11:30:00
2026-06-09 11:45:00,67.0,11:45:00
2026-06-09 12:00:00,64.42,12:00:00
2026-06-09 12:15:00,64.19,12:15:00
2026-06-09 12:30:00,67.31,12:30:00
2026-06-09 12:45:00,67.34,12:45:00
2026-06-09 13:30:00,64.75,13:30:00
2026-06-09 13:45:00,64.69,13:45:00
2026-06-09 14:00:00,71.84,14:00:00
2026-06-09 14:15:00,71.68,14:15:00
2026-06-09 15:00:00,68.1,15:00:00
2026-06-09 15:15:00,68.4,15:15:00
2026-06-09 15:30:00,72.33,15:30:00
2026-06-09 15:45:00,72.1,15:45:00
2026-06-09 16:00:00,90.54,16:00:00
2026-06-09 16:15:00,90.26,16:15:00
2026-06-09 17:00:00,140.17,17:00:00
2026-06-09 17:15:00,140.69,17:15:00
2026-06-09 17:30:00,163.9,17:30:00
2026-06-09 17:45:00,164.45,17:45:00
2026-06-09 18:00:00,179.55,18:00:00
2026-06-09 18:15:00,179.71,18:15:00
2026-06-09 18:30:00,188.06,18:30:00
2026-06-09 18:45:00,187.83,18:45:00
2026-06-09 19:00:00,196.22,19:00:00
2026-06-09 19:15:00,195.96,19:15:00
2026-06-09 19:30:00,208.09,19:30:00
2026-06-09 19:45:00,207.9,19:45:00
2026-06-09 20:00:00,212.68,20:00:00
2026-06-09 20:15:00,212.66,20:15:00
2026-06-09 20:30:00,217.78,20:30:00
2026-06-09 20:45:00,217.52,20:45:00
2026-06-09 21:00:00,218.26,21:00:00
2026-06-09 21:15:00,218.1,21:15:00
2026-06-09 22:00:00,210.79,22:00:00
2026-06-09 22:15:00,210.69,22:15:00
2026-06-09 22:30:00,199.16,22:30:00
2026-06-09 22:45:00,199.04,22:45:00
2026-06-09 23:00:00,194.9,23:00:00
2026-06-09 23:15:00,194.78,23:15:00
2026-06-09 23:30:00,191.69,23:30:00
2026-06-09 23:45:00,191.5,23:45:00
2026-06-10 01:00:00,184.69,01:00:00
2026-06-10 01:15:00,184.58,01:15:00
2026-06-10 02:00:00,190.25,02:00:00
2026-06-10 02:15:00,190.82,02:15:00
2026-06-10 02:30:00,198.2,02:30:00
2026-06-10 02:45:00,198.24,02:45:00
2026-06-10 03:00:00,198.81,03:00:00
2026-06-10 03:15:00,198.76,03:15:00
2026-06-10 03:30:00,204.32,03:30:00
2026-06-10 03:45:00,204.26,03:45:00
2026-06-10 04:00:00,211.93,04:00:00
2026-06-10 04:15:00,211.97,04:15:00
2026-06-10 04:30:00,218.58,04:30:00
2026-06-10 04:45:00,217.84,04:45:00
2026-06-10 05:30:00,217.06,05:30:00
2026-06-10 05:45:00,216.8,05:45:00
2026-06-10 06:00:00,215.05,06:00:00
2026-06-10 06:15:00,214.39,06:15:00
2026-06-10 06:30:00,218.23,06:30:00
2026-06-10 06:45:00,216.69,06:45:00
2026-06-10 07:00:00,209.95,07:00:00
2026-06-10 07:15:00,209.43,07:15:00
2026-06-10 07:30:00,206.79,07:30:00
2026-06-10 07:45:00,206.13,07:45:00
2026-06-10 08:30:00,194.96,08:30:00
2026-06-10 08:45:00,195.59,08:45:00
2026-06-10 09:00:00,188.47,09:00:00
2026-06-10 09:15:00,187.9,09:15:00
2026-06-10 09:30:00,182.5,09:30:00
2026-06-10 09:45:00,182.58,09:45:00
2026-06-10 10:30:00,166.27,10:30:00
2026-06-10 10:45:00,166.32,10:45:00
2026-06-10 11:00:00,165.23,11:00:00
2026-06-10 11:15:00,165.64,11:15:00
2026-06-10 12:00:00,159.81,12:00:00
2026-06-10 12:15:00,160.23,12:15:00
2026-06-10 13:00:00,155.62,13:00:00
2026-06-10 13:15:00,156.01,13:15:00
2026-06-10 13:30:00,154.33,13:30:00
2026-06-10 13:45:00,154.89,13:45:00
2026-06-10 14:00:00,154.63,14:00:00
2026-06-10 14:15:00,154.9,14:15:00
2026-06-10 14:30:00,173.71,14:30:00
2026-06-10 14:45:00,174.44,14:45:00
2026-06-10 15:30:00,193.95,15:30:00
2026-06-10 15:45:00,194.05,15:45:00
2026-06-10 16:30:00,221.71,16:30:00
2026-06-10 16:45:00,221.24,16:45:00
2026-06-10 17:00:00,228.55,17:00:00
2026-06-10 17:15:00,228.8,17:15:00
2026-06-10 17:30:00,236.16,17:30:00
2026-06-10 17:45:00,236.79,17:45:00
2026-06-10 18:30:00,251.29,18:30:00
2026-06-10 18:45:00,251.24,18:45:00
2026-06-10 19:00:00,261.06,19:00:00
2026-06-10 19:15:00,260.9,19:15:00
2026-06-10 19:30:00,264.2,19:30:00
2026-06-10 19:45:00,263.62,19:45:00
2026-06-10 20:00:00,268.61,20:00:00
2026-06-10 20:15:00,267.9,20:15:00
2026-06-10 21:00:00,268.19,21:00:00
2026-06-10 21:15:00,267.9,21:15:00
2026-06-10 21:30:00,266.91,21:30:00
2026-06-10 21:45:00,266.63,21:45:00
2026-06-10 22:00:00,263.92,22:00:00
2026-06-10 22:15:00,263.71,22:15:00
2026-06-10 22:30:00,256.76,22:30:00
2026-06-10 22:45:00,256.65,22:45:00
2026-06-10 23:00:00,248.39,23:00:00
2026-06-10 23:15:00,248.13,23:15:00
2026-06-10 23:30:00,241.12,23:30:00
2026-06-11 00:00:00,244.7,00:00:00
2026-06-11 00:15:00,245.49,00:15:00
2026-06-11 00:30:00,245.6,00:30:00
2026-06-11 00:45:00,246.33,00:45:00
2026-06-11 01:00:00,248.31,01:00:00
2026-06-11 01:15:00,249.04,01:15:00
2026-06-11 02:00:00,247.67,02:00:00
2026-06-11 02:15:00,247.55,02:15:00
2026-06-11 02:30:00,247.99,02:30:00
2026-06-11 02:45:00,247.95,02:45:00
2026-06-11 03:00:00,251.64,03:00:00
2026-06-11 03:15:00,251.57,03:15:00
2026-06-11 03:30:00,250.69,03:30:00
2026-06-11 03:45:00,249.94,03:45:00
2026-06-11 04:00:00,244.88,04:00:00
2026-06-11 04:15:00,244.2,04:15:00
2026-06-11 04:30:00,243.06,04:30:00
2026-06-11 04:45:00,243.9,04:45:00
2026-06-11 05:00:00,242.68,05:00:00
2026-06-11 05:15:00,243.34,05:15:00
2026-06-11 05:30:00,242.21,05:30:00
2026-06-11 05:45:00,241.75,05:45:00
2026-06-11 06:00:00,232.74,06:00:00
2026-06-11 06:15:00,231.15,06:15:00
2026-06-11 06:30:00,231.36,06:30:00
2026-06-11 06:45:00,231.5,06:45:00
2026-06-11 07:00:00,227.49,07:00:00
2026-06-11 07:15:00,225.99,07:15:00
2026-06-11 07:30:00,221.52,07:30:00
2026-06-11 07:45:00,221.04,07:45:00
2026-06-11 08:00:00,214.58,08:00:00
2026-06-11 08:15:00,213.72,08:15:00
2026-06-11 08:30:00,206.77,08:30:00
2026-06-11 08:45:00,206.7,08:45:00
2026-06-11 09:00:00,198.24,09:00:00
2026-06-11 09:15:00,197.84,09:15:00
2026-06-11 09:30:00,190.94,09:30:00
2026-06-11 09:45:00,190.75,09:45:00
2026-06-11 10:00:00,183.93,10:00:00
2026-06-11 10:15:00,183.78,10:15:00
2026-06-11 10:30:00,178.44,10:30:00
2026-06-11 10:45:00,178.17,10:45:00
2026-06-11 11:00:00,170.24,11:00:00
2026-06-11 11:15:00,170.51,11:15:00
2026-06-11 11:30:00,163.1,11:30:00
2026-06-11 11:45:00,163.35,11:45:00
2026-06-11 12:00:00,157.16,12:00:00
2026-06-11 12:15:00,157.96,12:15:00
2026-06-11 12:30:00,146.61,12:30:00
2026-06-11 12:45:00,146.48,12:45:00
2026-06-11 13:30:00,143.15,13:30:00
2026-06-11 13:45:00,143.09,13:45:00
2026-06-11 15:30:00,137.56,15:30:00
2026-06-11 15:45:00,137.91,15:45:00
2026-06-11 16:30:00,148.92,16:30:00
2026-06-11 16:45:00,149.21,16:45:00
2026-06-11 17:00:00,155.04,17:00:00
2026-06-11 17:15:00,155.21,17:15:00
2026-06-11 17:30:00,159.67,17:30:00
2026-06-11 17:45:00,159.71,17:45:00
2026-06-11 18:00:00,168.97,18:00:00
2026-06-11 18:15:00,169.35,18:15:00
2026-06-11 18:30:00,175.71,18:30:00
2026-06-11 18:45:00,175.89,18:45:00
2026-06-11 19:00:00,178.5,19:00:00
2026-06-11 19:15:00,178.63,19:15:00
2026-06-11 19:30:00,181.73,19:30:00
2026-06-11 19:45:00,181.63,19:45:00
2026-06-11 20:00:00,185.17,20:00:00
2026-06-11 20:15:00,184.92,20:15:00
2026-06-11 20:30:00,182.4,20:30:00
2026-06-11 20:45:00,182.55,20:45:00
2026-06-11 21:00:00,178.43,21:00:00
2026-06-11 21:15:00,178.5,21:15:00
2026-06-11 21:30:00,167.82,21:30:00
2026-06-11 21:45:00,167.61,21:45:00
2026-06-11 22:30:00,125.8,22:30:00
2026-06-11 22:45:00,125.72,22:45:00
2026-06-11 23:00:00,102.68,23:00:00
2026-06-11 23:15:00,102.68,23:15:00
2026-06-11 23:30:00,93.95,23:30:00
2026-06-11 23:45:00,93.92,23:45:00
2026-06-12 00:00:00,93.81,00:00:00
2026-06-12 00:15:00,93.82,00:15:00
2026-06-12 00:30:00,92.18,00:30:00
2026-06-12 00:45:00,92.17,00:45:00
2026-06-12 01:30:00,93.86,01:30:00
2026-06-12 01:45:00,93.87,01:45:00
2026-06-12 02:00:00,90.1,02:00:00
2026-06-12 02:15:00,90.1,02:15:00
2026-06-12 03:00:00,81.35,03:00:00
2026-06-12 03:15:00,81.35,03:15:00
2026-06-12 03:30:00,79.13,03:30:00
2026-06-12 03:45:00,79.15,03:45:00
2026-06-12 04:00:00,79.72,04:00:00
2026-06-12 04:15:00,79.57,04:15:00
2026-06-12 04:30:00,85.11,04:30:00
2026-06-12 04:45:00,84.94,04:45:00
2026-06-12 05:00:00,83.32,05:00:00
2026-06-12 05:15:00,83.1,05:15:00
2026-06-12 05:30:00,92.16,05:30:00
2026-06-12 05:45:00,91.94,05:45:00
2026-06-12 06:00:00,93.54,06:00:00
2026-06-12 06:15:00,93.05,06:15:00
2026-06-12 06:30:00,107.12,06:30:00
2026-06-12 06:45:00,106.84,06:45:00
2026-06-12 07:00:00,104.01,07:00:00
2026-06-12 07:15:00,103.84,07:15:00
2026-06-12 08:00:00,93.71,08:00:00
2026-06-12 08:15:00,93.67,08:15:00
2026-06-12 08:30:00,85.44,08:30:00
2026-06-12 08:45:00,85.51,08:45:00
2026-06-12 09:00:00,73.9,09:00:00
2026-06-12 09:15:00,74.09,09:15:00
2026-06-12 09:30:00,70.1,09:30:00
2026-06-12 09:45:00,69.7,09:45:00
2026-06-12 10:00:00,72.92,10:00:00
2026-06-12 10:15:00,72.58,10:15:00
2026-06-12 10:30:00,67.22,10:30:00
2026-06-12 10:45:00,66.86,10:45:00
2026-06-12 11:00:00,63.9,11:00:00
2026-06-12 11:15:00,64.15,11:15:00
2026-06-12 11:30:00,60.41,11:30:00
2026-06-12 11:45:00,60.72,11:45:00
2026-06-12 12:00:00,64.01,12:00:00
2026-06-12 12:15:00,64.16,12:15:00
2026-06-12 14:00:00,62.17,14:00:00
2026-06-12 14:15:00,62.18,14:15:00
2026-06-12 14:30:00,64.71,14:30:00
2026-06-12 14:45:00,64.71,14:45:00
2026-06-12 15:00:00,62.09,15:00:00
2026-06-12 15:15:00,62.09,15:15:00
2026-06-12 15:30:00,62.91,15:30:00
2026-06-12 15:45:00,62.89,15:45:00
2026-06-12 16:30:00,79.75,16:30:00
2026-06-12 16:45:00,79.77,16:45:00
2026-06-12 17:00:00,91.11,17:00:00
2026-06-12 17:15:00,91.14,17:15:00
2026-06-12 17:30:00,90.44,17:30:00
2026-06-12 17:45:00,90.3,17:45:00
2026-06-12 18:00:00,86.75,18:00:00
2026-06-12 18:15:00,86.63,18:15:00
2026-06-12 18:30:00,104.34,18:30:00
2026-06-12 18:45:00,104.29,18:45:00
2026-06-12 19:00:00,114.22,19:00:00
2026-06-12 19:15:00,114.17,19:15:00
2026-06-12 19:30:00,116.22,19:30:00
2026-06-12 19:45:00,116.69,19:45:00
2026-06-12 20:00:00,130.53,20:00:00
2026-06-12 20:15:00,130.73,20:15:00
2026-06-12 20:30:00,135.75,20:30:00
2026-06-12 20:45:00,135.99,20:45:00
2026-06-12 21:30:00,135.49,21:30:00
2026-06-12 21:45:00,135.43,21:45:00
2026-06-12 22:30:00,123.47,22:30:00
2026-06-12 22:45:00,123.38,22:45:00
2026-06-12 23:00:00,126.2,23:00:00
2026-06-12 23:15:00,126.16,23:15:00
2026-06-13 00:00:00,119.17,00:00:00
2026-06-13 00:15:00,119.11,00:15:00
2026-06-13 01:00:00,110.82,01:00:00
2026-06-13 01:15:00,110.78,01:15:00
2026-06-13 01:30:00,118.62,01:30:00
2026-06-13 01:45:00,118.63,01:45:00
2026-06-13 02:00:00,115.75,02:00:00
2026-06-13 02:15:00,115.75,02:15:00
2026-06-13 02:30:00,108.75,02:30:00
2026-06-13 02:45:00,108.75,02:45:00
2026-06-13 03:00:00,104.63,03:00:00
2026-06-13 03:15:00,104.63,03:15:00
2026-06-13 03:30:00,93.45,03:30:00
2026-06-13 03:45:00,93.45,03:45:00
2026-06-13 04:00:00,93.0,04:00:00
2026-06-13 04:15:00,93.0,04:15:00
2026-06-13 04:30:00,91.93,04:30:00
2026-06-13 04:45:00,91.93,04:45:00
2026-06-13 05:00:00,90.35,05:00:00
2026-06-13 05:15:00,90.35,05:15:00
2026-06-13 05:30:00,87.93,05:30:00
2026-06-13 05:45:00,87.93,05:45:00
2026-06-13 06:00:00,88.99,06:00:00
2026-06-13 06:15:00,88.99,06:15:00
2026-06-13 06:30:00,82.79,06:30:00
2026-06-13 06:45:00,82.8,06:45:00
2026-06-13 07:00:00,75.01,07:00:00
2026-06-13 07:15:00,75.04,07:15:00
2026-06-13 07:30:00,75.51,07:30:00
2026-06-13 07:45:00,75.5,07:45:00
2026-06-13 08:00:00,66.13,08:00:00
2026-06-13 08:15:00,66.24,08:15:00
2026-06-13 08:30:00,66.58,08:30:00
2026-06-13 08:45:00,66.53,08:45:00
2026-06-13 09:00:00,61.07,09:00:00
2026-06-13 09:15:00,61.14,09:15:00
2026-06-13 09:30:00,56.17,09:30:00
2026-06-13 09:45:00,56.15,09:45:00
2026-06-13 10:00:00,56.12,10:00:00
2026-06-13 10:15:00,56.11,10:15:00
2026-06-13 10:30:00,55.12,10:30:00
2026-06-13 10:45:00,55.08,10:45:00
2026-06-13 11:00:00,52.26,11:00:00
2026-06-13 11:15:00,52.39,11:15:00
2026-06-13 11:30:00,51.36,11:30:00
2026-06-13 11:45:00,51.12,11:45:00
2026-06-13 12:00:00,50.17,12:00:00
2026-06-13 12:15:00,50.2,12:15:00
2026-06-13 12:30:00,51.46,12:30:00
2026-06-13 12:45:00,51.47,12:45:00
2026-06-13 13:00:00,51.71,13:00:00
2026-06-13 13:15:00,51.68,13:15:00
2026-06-13 13:30:00,52.27,13:30:00
2026-06-13 13:45:00,52.21,13:45:00
2026-06-13 14:00:00,52.57,14:00:00
2026-06-13 14:15:00,52.6,14:15:00
2026-06-13 14:30:00,52.62,14:30:00
2026-06-13 14:45:00,52.66,14:45:00
2026-06-13 16:30:00,70.65,16:30:00
2026-06-13 16:45:00,70.7,16:45:00
2026-06-13 17:00:00,75.34,17:00:00
2026-06-13 17:15:00,74.54,17:15:00
2026-06-13 17:30:00,82.48,17:30:00
2026-06-13 17:45:00,82.21,17:45:00
2026-06-13 18:00:00,81.63,18:00:00
2026-06-13 18:15:00,80.9,18:15:00
2026-06-13 18:30:00,90.54,18:30:00
2026-06-13 18:45:00,90.55,18:45:00
2026-06-13 19:00:00,90.66,19:00:00
2026-06-13 19:15:00,90.6,19:15:00
2026-06-13 19:30:00,93.75,19:30:00
2026-06-13 19:45:00,93.83,19:45:00
2026-06-13 20:00:00,105.91,20:00:00
2026-06-13 20:15:00,105.76,20:15:00
2026-06-13 21:30:00,97.81,21:30:00
2026-06-13 21:45:00,98.22,21:45:00
2026-06-13 22:00:00,102.18,22:00:00
2026-06-13 22:15:00,101.85,22:15:00
2026-06-13 22:30:00,95.88,22:30:00
2026-06-13 22:45:00,95.98,22:45:00
2026-06-13 23:00:00,97.95,23:00:00
2026-06-13 23:15:00,98.14,23:15:00
2026-06-13 23:30:00,99.62,23:30:00
2026-06-13 23:45:00,99.37,23:45:00
2026-06-14 02:00:00,112.58,02:00:00
2026-06-14 02:15:00,112.61,02:15:00
2026-06-14 03:30:00,114.53,03:30:00
2026-06-14 03:45:00,114.88,03:45:00
2026-06-14 04:00:00,115.07,04:00:00
2026-06-14 04:15:00,115.17,04:15:00
2026-06-14 05:30:00,118.47,05:30:00
2026-06-14 05:45:00,118.4,05:45:00
2026-06-14 06:00:00,113.96,06:00:00
2026-06-14 06:15:00,113.68,06:15:00
2026-06-14 07:30:00,99.42,07:30:00
2026-06-14 07:45:00,99.31,07:45:00
2026-06-14 08:00:00,98.2,08:00:00
2026-06-14 08:15:00,98.05,08:15:00
2026-06-14 08:30:00,92.48,08:30:00
2026-06-14 08:45:00,92.4,08:45:00
2026-06-14 10:30:00,84.39,10:30:00
2026-06-14 10:45:00,84.6,10:45:00
2026-06-14 11:00:00,84.46,11:00:00
2026-06-14 11:15:00,84.54,11:15:00
2026-06-14 11:30:00,81.68,11:30:00
2026-06-14 11:45:00,81.8,11:45:00
2026-06-14 12:30:00,87.56,12:30:00
2026-06-14 12:45:00,87.72,12:45:00
2026-06-14 13:00:00,85.16,13:00:00
2026-06-14 13:15:00,85.15,13:15:00
2026-06-14 14:00:00,91.42,14:00:00
2026-06-14 14:15:00,91.36,14:15:00
2026-06-14 14:30:00,84.95,14:30:00
2026-06-14 14:45:00,84.52,14:45:00
2026-06-14 15:00:00,85.69,15:00:00
2026-06-14 15:15:00,84.8,15:15:00
2026-06-14 17:00:00,145.96,17:00:00
2026-06-14 17:15:00,145.84,17:15:00
2026-06-14 17:30:00,158.13,17:30:00
2026-06-14 17:45:00,158.09,17:45:00
2026-06-14 18:30:00,177.11,18:30:00
2026-06-14 18:45:00,177.49,18:45:00
2026-06-14 19:00:00,186.26,19:00:00
2026-06-14 19:15:00,186.21,19:15:00
2026-06-14 19:30:00,191.06,19:30:00
2026-06-14 19:45:00,191.05,19:45:00
2026-06-14 20:00:00,196.58,20:00:00
2026-06-14 20:15:00,196.36,20:15:00
2026-06-14 20:30:00,196.83,20:30:00
2026-06-14 20:45:00,196.4,20:45:00
2026-06-14 21:00:00,196.06,21:00:00
2026-06-14 21:15:00,195.79,21:15:00
2026-06-14 21:30:00,191.87,21:30:00
2026-06-14 21:45:00,191.62,21:45:00
2026-06-14 22:00:00,187.91,22:00:00
2026-06-14 22:15:00,187.51,22:15:00
2026-06-14 22:30:00,178.17,22:30:00
2026-06-14 22:45:00,177.85,22:45:00
2026-06-14 23:00:00,176.51,23:00:00
2026-06-14 23:15:00,176.35,23:15:00
