datetime,footprint (gCO2/kWh),time
2026-01-02 01:45:00,26.99,01:45:00
2026-01-02 02:00:00,28.15,02:00:00
2026-01-02 02:15:00,28.44,02:15:00
2026-01-02 02:30:00,28.3,02:30:00
2026-01-02 02:45:00,27.36,02:45:00
2026-01-02 03:00:00,28.35,03:00:00
2026-01-02 03:15:00,27.87,03:15:00
2026-01-02 03:30:00,27.67,03:30:00
2026-01-02 03:45:00,27.71,03:45:00
2026-01-02 04:00:00,27.41,04:00:00
2026-01-02 04:15:00,26.95,04:15:00
2026-01-02 04:30:00,26.2,04:30:00
2026-01-02 04:45:00,26.4,04:45:00
2026-01-02 05:00:00,27.4,05:00:00
2026-01-02 05:15:00,28.42,05:15:00
2026-01-02 05:30:00,29.3,05:30:00
2026-01-02 05:45:00,29.7,05:45:00
2026-01-02 06:00:00,29.8,06:00:00
2026-01-02 06:15:00,30.08,06:15:00
2026-01-02 06:30:00,29.3,06:30:00
2026-01-02 06:45:00,29.73,06:45:00
2026-01-02 07:00:00,30.12,07:00:00
2026-01-02 07:15:00,31.6,07:15:00
2026-01-02 07:30:00,31.6,07:30:00
2026-01-02 07:45:00,27.76,07:45:00
2026-01-02 08:00:00,25.44,08:00:00
2026-01-02 08:15:00,26.11,08:15:00
2026-01-02 08:30:00,26.74,08:30:00
2026-01-02 08:45:00,26.07,08:45:00
2026-01-02 09:00:00,23.19,09:00:00
2026-01-02 09:15:00,23.92,09:15:00
2026-01-02 09:30:00,22.6,09:30:00
2026-01-02 09:45:00,22.01,09:45:00
2026-01-02 10:00:00,20.93,10:00:00
2026-01-02 10:15:00,20.18,10:15:00
2026-01-02 10:30:00,19.99,10:30:00
2026-01-02 10:45:00,20.31,10:45:00
2026-01-02 11:00:00,19.69,11:00:00
2026-01-02 11:15:00,19.97,11:15:00
2026-01-02 11:30:00,20.6,11:30:00
2026-01-02 11:45:00,19.95,11:45:00
2026-01-02 12:00:00,21.23,12:00:00
2026-01-02 12:15:00,20.76,12:15:00
2026-01-02 12:30:00,20.42,12:30:00
2026-01-02 12:45:00,20.18,12:45:00
2026-01-02 13:00:00,20.87,13:00:00
2026-01-02 13:15:00,21.22,13:15:00
2026-01-02 13:30:00,21.76,13:30:00
2026-01-02 13:45:00,22.33,13:45:00
2026-01-02 14:00:00,23.49,14:00:00
2026-01-02 14:15:00,24.48,14:15:00
2026-01-02 14:30:00,26.03,14:30:00
2026-01-02 14:45:00,27.07,14:45:00
2026-01-02 15:00:00,29.65,15:00:00
2026-01-02 15:15:00,32.99,15:15:00
2026-01-02 15:30:00,34.97,15:30:00
2026-01-02 15:45:00,37.26,15:45:00
2026-01-02 16:00:00,38.91,16:00:00
2026-01-02 16:15:00,39.71,16:15:00
2026-01-02 16:30:00,40.13,16:30:00
2026-01-02 16:45:00,40.67,16:45:00
2026-01-02 17:00:00,41.57,17:00:00
2026-01-02 17:15:00,42.12,17:15:00
2026-01-02 17:30:00,42.83,17:30:00
2026-01-02 17:45:00,42.47,17:45:00
2026-01-02 18:00:00,43.86,18:00:00
2026-01-02 18:15:00,45.36,18:15:00
2026-01-02 18:30:00,46.12,18:30:00
2026-01-02 18:45:00,45.63,18:45:00
2026-01-02 19:00:00,45.72,19:00:00
2026-01-02 19:15:00,47.03,19:15:00
2026-01-02 19:30:00,48.45,19:30:00
2026-01-02 19:45:00,48.33,19:45:00
2026-01-02 20:00:00,48.06,20:00:00
2026-01-02 20:15:00,47.75,20:15:00
2026-01-02 20:30:00,48.2,20:30:00
2026-01-02 20:45:00,47.34,20:45:00
2026-01-02 21:00:00,46.08,21:00:00
2026-01-02 21:15:00,46.1,21:15:00
2026-01-02 21:30:00,47.98,21:30:00
2026-01-02 21:45:00,48.91,21:45:00
2026-01-02 22:00:00,49.02,22:00:00
2026-01-02 22:15:00,48.66,22:15:00
2026-01-02 22:30:00,48.45,22:30:00
2026-01-02 22:45:00,47.47,22:45:00
2026-01-02 23:00:00,45.79,23:00:00
2026-01-02 23:15:00,42.77,23:15:00
2026-01-02 23:30:00,40.24,23:30:00
2026-01-02 23:45:00,38.1,23:45:00
2026-01-03 00:00:00,35.4,00:00:00
2026-01-03 00:15:00,33.97,00:15:00
2026-01-03 00:30:00,35.19,00:30:00
2026-01-03 00:45:00,34.11,00:45:00
2026-01-03 01:00:00,35.42,01:00:00
2026-01-03 01:15:00,33.93,01:15:00
2026-01-03 01:30:00,34.46,01:30:00
2026-01-03 01:45:00,34.03,01:45:00
2026-01-03 02:00:00,34.02,02:00:00
2026-01-03 02:15:00,31.49,02:15:00
2026-01-03 02:30:00,31.38,02:30:00
2026-01-03 02:45:00,31.05,02:45:00
2026-01-03 03:00:00,30.63,03:00:00
2026-01-03 03:15:00,30.34,03:15:00
2026-01-03 03:30:00,30.41,03:30:00
2026-01-03 03:45:00,30.47,03:45:00
2026-01-03 04:00:00,30.66,04:00:00
2026-01-03 04:15:00,30.27,04:15:00
2026-01-03 04:30:00,30.79,04:30:00
2026-01-03 04:45:00,31.48,04:45:00
2026-01-03 05:00:00,31.3,05:00:00
2026-01-03 05:15:00,30.26,05:15:00
2026-01-03 05:30:00,30.44,05:30:00
2026-01-03 05:45:00,30.22,05:45:00
2026-01-03 06:00:00,30.75,06:00:00
2026-01-03 06:15:00,31.07,06:15:00
2026-01-03 06:30:00,32.8,06:30:00
2026-01-03 06:45:00,34.22,06:45:00
2026-01-03 07:00:00,36.87,07:00:00
2026-01-03 07:15:00,38.49,07:15:00
2026-01-03 07:30:00,39.2,07:30:00
2026-01-03 07:45:00,39.73,07:45:00
2026-01-03 08:00:00,38.96,08:00:00
2026-01-03 08:15:00,38.53,08:15:00
2026-01-03 08:30:00,37.83,08:30:00
2026-01-03 08:45:00,37.78,08:45:00
2026-01-03 09:00:00,36.32,09:00:00
2026-01-03 09:15:00,36.8,09:15:00
2026-01-03 09:30:00,36.33,09:30:00
2026-01-03 09:45:00,36.45,09:45:00
2026-01-03 10:00:00,35.55,10:00:00
2026-01-03 10:15:00,35.36,10:15:00
2026-01-03 10:30:00,35.37,10:30:00
2026-01-03 10:45:00,35.21,10:45:00
2026-01-03 11:00:00,35.46,11:00:00
2026-01-03 11:15:00,34.06,11:15:00
2026-01-03 11:30:00,33.76,11:30:00
2026-01-03 11:45:00,34.12,11:45:00
2026-01-03 12:00:00,34.34,12:00:00
2026-01-03 12:15:00,35.02,12:15:00
2026-01-03 12:30:00,35.5,12:30:00
2026-01-03 12:45:00,35.78,12:45:00
2026-01-03 13:00:00,35.9,13:00:00
2026-01-03 13:15:00,36.32,13:15:00
2026-01-03 13:30:00,37.85,13:30:00
2026-01-03 13:45:00,39.08,13:45:00
2026-01-03 14:00:00,39.59,14:00:00
2026-01-03 14:15:00,40.81,14:15:00
2026-01-03 14:30:00,42.06,14:30:00
2026-01-03 14:45:00,42.79,14:45:00
2026-01-03 15:00:00,43.1,15:00:00
2026-01-03 15:15:00,43.25,15:15:00
2026-01-03 15:30:00,44.32,15:30:00
2026-01-03 15:45:00,45.13,15:45:00
2026-01-03 16:00:00,45.6,16:00:00
2026-01-03 16:15:00,45.95,16:15:00
2026-01-03 16:30:00,46.09,16:30:00
2026-01-03 16:45:00,45.9,16:45:00
2026-01-03 17:00:00,46.82,17:00:00
2026-01-03 17:15:00,47.06,17:15:00
2026-01-03 17:30:00,47.84,17:30:00
2026-01-03 17:45:00,49.15,17:45:00
2026-01-03 18:00:00,50.21,18:00:00
2026-01-03 18:15:00,50.22,18:15:00
2026-01-03 18:30:00,50.12,18:30:00
2026-01-03 18:45:00,49.95,18:45:00
2026-01-03 19:00:00,49.71,19:00:00
2026-01-03 19:15:00,50.23,19:15:00
2026-01-03 19:30:00,50.72,19:30:00
2026-01-03 19:45:00,50.07,19:45:00
2026-01-03 20:00:00,49.71,20:00:00
2026-01-03 20:15:00,49.26,20:15:00
2026-01-03 20:30:00,49.23,20:30:00
2026-01-03 20:45:00,49.1,20:45:00
2026-01-03 21:00:00,49.35,21:00:00
2026-01-03 21:15:00,50.01,21:15:00
2026-01-03 21:30:00,50.71,21:30:00
2026-01-03 21:45:00,50.15,21:45:00
2026-01-03 22:00:00,49.91,22:00:00
2026-01-03 22:15:00,50.29,22:15:00
2026-01-03 22:30:00,50.14,22:30:00
2026-01-03 22:45:00,49.96,22:45:00
2026-01-03 23:00:00,47.29,23:00:00
2026-01-03 23:15:00,42.3,23:15:00
2026-01-03 23:30:00,38.78,23:30:00
2026-01-03 23:45:00,36.74,23:45:00
2026-01-04 00:00:00,36.96,00:00:00
2026-01-04 00:15:00,34.99,00:15:00
2026-01-04 00:30:00,34.54,00:30:00
2026-01-04 00:45:00,34.21,00:45:00
2026-01-04 01:00:00,34.43,01:00:00
2026-01-04 01:15:00,33.78,01:15:00
2026-01-04 01:30:00,33.11,01:30:00
2026-01-04 01:45:00,33.23,01:45:00
2026-01-04 02:00:00,34.11,02:00:00
2026-01-04 02:15:00,34.42,02:15:00
2026-01-04 02:30:00,34.57,02:30:00
2026-01-04 02:45:00,34.17,02:45:00
2026-01-04 03:00:00,32.91,03:00:00
2026-01-04 03:15:00,32.63,03:15:00
2026-01-04 03:30:00,32.76,03:30:00
2026-01-04 03:45:00,32.22,03:45:00
2026-01-04 04:00:00,32.64,04:00:00
2026-01-04 04:15:00,32.79,04:15:00
2026-01-04 04:30:00,33.43,04:30:00
2026-01-04 04:45:00,33.25,04:45:00
2026-01-04 05:00:00,33.4,05:00:00
2026-01-04 05:15:00,33.67,05:15:00
2026-01-04 05:30:00,33.8,05:30:00
2026-01-04 05:45:00,33.78,05:45:00
2026-01-04 06:00:00,34.12,06:00:00
2026-01-04 06:15:00,34.36,06:15:00
2026-01-04 06:30:00,35.32,06:30:00
2026-01-04 06:45:00,36.79,06:45:00
2026-01-04 07:00:00,39.62,07:00:00
2026-01-04 07:15:00,40.79,07:15:00
2026-01-04 07:30:00,42.83,07:30:00
2026-01-04 07:45:00,43.99,07:45:00
2026-01-04 08:00:00,44.47,08:00:00
2026-01-04 08:15:00,43.36,08:15:00
2026-01-04 08:30:00,42.64,08:30:00
2026-01-04 08:45:00,41.78,08:45:00
2026-01-04 09:00:00,40.76,09:00:00
2026-01-04 09:15:00,39.58,09:15:00
2026-01-04 09:30:00,38.92,09:30:00
2026-01-04 09:45:00,37.18,09:45:00
2026-01-04 10:00:00,37.27,10:00:00
2026-01-04 10:15:00,37.41,10:15:00
2026-01-04 10:30:00,36.45,10:30:00
2026-01-04 10:45:00,35.45,10:45:00
2026-01-04 11:00:00,35.53,11:00:00
2026-01-04 11:15:00,35.54,11:15:00
2026-01-04 11:30:00,35.71,11:30:00
2026-01-04 11:45:00,35.21,11:45:00
2026-01-04 12:00:00,35.31,12:00:00
2026-01-04 12:15:00,35.53,12:15:00
2026-01-04 12:30:00,37.06,12:30:00
2026-01-04 12:45:00,37.77,12:45:00
2026-01-04 13:00:00,38.0,13:00:00
2026-01-04 13:15:00,38.97,13:15:00
2026-01-04 13:30:00,40.02,13:30:00
2026-01-04 13:45:00,40.49,13:45:00
2026-01-04 14:00:00,39.9,14:00:00
2026-01-04 14:15:00,41.32,14:15:00
2026-01-04 14:30:00,43.27,14:30:00
2026-01-04 14:45:00,44.88,14:45:00
2026-01-04 15:00:00,45.92,15:00:00
2026-01-04 15:15:00,49.02,15:15:00
2026-01-04 15:30:00,50.35,15:30:00
2026-01-04 15:45:00,51.58,15:45:00
2026-01-04 16:00:00,50.87,16:00:00
2026-01-04 16:15:00,50.82,16:15:00
2026-01-04 16:30:00,51.38,16:30:00
2026-01-04 16:45:00,51.91,16:45:00
2026-01-04 17:00:00,52.44,17:00:00
2026-01-04 17:15:00,52.47,17:15:00
2026-01-04 17:30:00,53.46,17:30:00
2026-01-04 17:45:00,53.59,17:45:00
2026-01-04 18:00:00,53.94,18:00:00
2026-01-04 18:15:00,54.54,18:15:00
2026-01-04 18:30:00,53.85,18:30:00
2026-01-04 18:45:00,53.52,18:45:00
2026-01-04 19:00:00,54.12,19:00:00
2026-01-04 19:15:00,54.76,19:15:00
2026-01-04 19:30:00,54.99,19:30:00
2026-01-04 19:45:00,54.82,19:45:00
2026-01-04 20:00:00,54.51,20:00:00
2026-01-04 20:15:00,55.11,20:15:00
2026-01-04 20:30:00,54.79,20:30:00
2026-01-04 20:45:00,54.93,20:45:00
2026-01-04 21:00:00,57.0,21:00:00
2026-01-04 21:15:00,56.41,21:15:00
2026-01-04 21:30:00,57.08,21:30:00
2026-01-04 21:45:00,57.17,21:45:00
2026-01-04 22:00:00,57.73,22:00:00
2026-01-04 22:15:00,56.96,22:15:00
2026-01-04 22:30:00,57.34,22:30:00
2026-01-04 22:45:00,56.47,22:45:00
2026-01-04 23:00:00,56.34,23:00:00
2026-01-04 23:15:00,54.66,23:15:00
2026-01-04 23:30:00,52.13,23:30:00
2026-01-04 23:45:00,50.67,23:45:00
2026-01-05 00:00:00,50.93,00:00:00
2026-01-05 00:15:00,50.28,00:15:00
2026-01-05 00:30:00,49.99,00:30:00
2026-01-05 00:45:00,49.65,00:45:00
2026-01-05 01:00:00,49.42,01:00:00
2026-01-05 01:15:00,48.92,01:15:00
2026-01-05 01:30:00,49.15,01:30:00
2026-01-05 01:45:00,48.4,01:45:00
2026-01-05 02:00:00,49.16,02:00:00
2026-01-05 02:15:00,48.31,02:15:00
2026-01-05 02:30:00,47.58,02:30:00
2026-01-05 02:45:00,46.84,02:45:00
2026-01-05 03:00:00,46.39,03:00:00
2026-01-05 03:15:00,46.37,03:15:00
2026-01-05 03:30:00,47.45,03:30:00
2026-01-05 03:45:00,48.54,03:45:00
2026-01-05 04:00:00,51.24,04:00:00
2026-01-05 04:15:00,50.43,04:15:00
2026-01-05 04:30:00,49.99,04:30:00
2026-01-05 04:45:00,51.67,04:45:00
2026-01-05 05:00:00,56.56,05:00:00
2026-01-05 05:15:00,58.0,05:15:00
2026-01-05 05:30:00,58.01,05:30:00
2026-01-05 05:45:00,58.39,05:45:00
2026-01-05 06:00:00,56.01,06:00:00
2026-01-05 06:15:00,54.98,06:15:00
2026-01-05 06:30:00,56.22,06:30:00
2026-01-05 06:45:00,56.67,06:45:00
2026-01-05 07:00:00,59.26,07:00:00
2026-01-05 07:15:00,62.29,07:15:00
2026-01-05 07:30:00,63.5,07:30:00
2026-01-05 07:45:00,63.6,07:45:00
2026-01-05 08:00:00,60.64,08:00:00
2026-01-05 08:15:00,61.16,08:15:00
2026-01-05 08:30:00,60.1,08:30:00
2026-01-05 08:45:00,59.19,08:45:00
2026-01-05 09:00:00,57.05,09:00:00
2026-01-05 09:15:00,54.99,09:15:00
2026-01-05 09:30:00,54.68,09:30:00
2026-01-05 09:45:00,53.89,09:45:00
2026-01-05 10:00:00,55.28,10:00:00
2026-01-05 10:15:00,54.79,10:15:00
2026-01-05 10:30:00,54.57,10:30:00
2026-01-05 10:45:00,54.1,10:45:00
2026-01-05 11:00:00,52.82,11:00:00
2026-01-05 11:15:00,52.66,11:15:00
2026-01-05 11:30:00,52.68,11:30:00
2026-01-05 11:45:00,52.48,11:45:00
2026-01-05 12:00:00,54.3,12:00:00
2026-01-05 12:15:00,54.35,12:15:00
2026-01-05 12:30:00,54.43,12:30:00
2026-01-05 12:45:00,54.61,12:45:00
2026-01-05 13:00:00,52.9,13:00:00
2026-01-05 13:15:00,53.36,13:15:00
2026-01-05 13:30:00,53.69,13:30:00
2026-01-05 13:45:00,53.72,13:45:00
2026-01-05 14:00:00,53.39,14:00:00
2026-01-05 14:15:00,53.06,14:15:00
2026-01-05 14:30:00,54.38,14:30:00
2026-01-05 14:45:00,54.99,14:45:00
2026-01-05 15:00:00,54.63,15:00:00
2026-01-05 15:15:00,55.34,15:15:00
2026-01-05 15:30:00,55.73,15:30:00
2026-01-05 15:45:00,56.65,15:45:00
2026-01-05 16:00:00,56.99,16:00:00
2026-01-05 16:15:00,57.82,16:15:00
2026-01-05 16:30:00,58.63,16:30:00
2026-01-05 16:45:00,58.98,16:45:00
2026-01-05 17:00:00,59.6,17:00:00
2026-01-05 17:15:00,60.16,17:15:00
2026-01-05 17:30:00,60.78,17:30:00
2026-01-05 17:45:00,61.53,17:45:00
2026-01-05 18:00:00,62.79,18:00:00
2026-01-05 18:15:00,61.97,18:15:00
2026-01-05 18:30:00,61.28,18:30:00
2026-01-05 18:45:00,59.64,18:45:00
2026-01-05 19:00:00,59.07,19:00:00
2026-01-05 19:15:00,58.05,19:15:00
2026-01-05 19:30:00,57.53,19:30:00
2026-01-05 19:45:00,57.82,19:45:00
2026-01-05 20:00:00,57.64,20:00:00
2026-01-05 20:15:00,57.62,20:15:00
2026-01-05 20:30:00,55.7,20:30:00
2026-01-05 20:45:00,54.37,20:45:00
2026-01-05 21:00:00,54.53,21:00:00
2026-01-05 21:15:00,53.91,21:15:00
2026-01-05 21:30:00,55.34,21:30:00
2026-01-05 21:45:00,55.13,21:45:00
2026-01-05 22:00:00,54.61,22:00:00
2026-01-05 22:15:00,54.49,22:15:00
2026-01-05 22:30:00,55.07,22:30:00
2026-01-05 22:45:00,55.3,22:45:00
2026-01-05 23:00:00,59.06,23:00:00
2026-01-05 23:15:00,58.81,23:15:00
2026-01-05 23:30:00,58.4,23:30:00
2026-01-05 23:45:00,56.69,23:45:00
2026-01-06 00:00:00,54.76,00:00:00
2026-01-06 00:15:00,54.4,00:15:00
2026-01-06 00:30:00,54.75,00:30:00
2026-01-06 00:45:00,54.32,00:45:00
2026-01-06 01:00:00,55.68,01:00:00
2026-01-06 01:15:00,55.39,01:15:00
2026-01-06 01:30:00,55.04,01:30:00
2026-01-06 01:45:00,54.51,01:45:00
2026-01-06 02:00:00,53.88,02:00:00
2026-01-06 02:15:00,53.34,02:15:00
2026-01-06 02:30:00,53.06,02:30:00
2026-01-06 02:45:00,53.31,02:45:00
2026-01-06 03:00:00,54.34,03:00:00
2026-01-06 03:15:00,54.48,03:15:00
2026-01-06 03:30:00,54.4,03:30:00
2026-01-06 03:45:00,54.65,03:45:00
2026-01-06 04:00:00,56.67,04:00:00
2026-01-06 04:15:00,56.96,04:15:00
2026-01-06 04:30:00,57.2,04:30:00
2026-01-06 04:45:00,57.45,04:45:00
2026-01-06 05:00:00,60.63,05:00:00
2026-01-06 05:15:00,62.32,05:15:00
2026-01-06 05:30:00,62.03,05:30:00
2026-01-06 05:45:00,62.85,05:45:00
2026-01-06 06:00:00,64.78,06:00:00
2026-01-06 06:15:00,64.6,06:15:00
2026-01-06 06:30:00,64.09,06:30:00
2026-01-06 06:45:00,65.58,06:45:00
2026-01-06 07:00:00,59.84,07:00:00
2026-01-06 07:15:00,58.85,07:15:00
2026-01-06 07:30:00,59.86,07:30:00
2026-01-06 07:45:00,60.52,07:45:00
2026-01-06 08:00:00,62.63,08:00:00
2026-01-06 08:15:00,62.47,08:15:00
2026-01-06 08:30:00,61.88,08:30:00
2026-01-06 08:45:00,61.95,08:45:00
2026-01-06 09:00:00,61.12,09:00:00
2026-01-06 09:15:00,60.25,09:15:00
2026-01-06 09:30:00,60.62,09:30:00
2026-01-06 09:45:00,59.59,09:45:00
2026-01-06 10:00:00,58.97,10:00:00
2026-01-06 10:15:00,58.35,10:15:00
2026-01-06 10:30:00,58.34,10:30:00
2026-01-06 10:45:00,58.05,10:45:00
2026-01-06 11:00:00,56.73,11:00:00
2026-01-06 11:15:00,55.77,11:15:00
2026-01-06 11:30:00,55.85,11:30:00
2026-01-06 11:45:00,55.34,11:45:00
2026-01-06 12:00:00,54.65,12:00:00
2026-01-06 12:15:00,54.38,12:15:00
2026-01-06 12:30:00,54.51,12:30:00
2026-01-06 12:45:00,54.45,12:45:00
2026-01-06 13:00:00,55.26,13:00:00
2026-01-06 13:15:00,55.72,13:15:00
2026-01-06 13:30:00,56.06,13:30:00
2026-01-06 13:45:00,55.94,13:45:00
2026-01-06 14:00:00,55.62,14:00:00
2026-01-06 14:15:00,56.06,14:15:00
2026-01-06 14:30:00,55.93,14:30:00
2026-01-06 14:45:00,56.56,14:45:00
2026-01-06 15:00:00,57.52,15:00:00
2026-01-06 15:15:00,58.15,15:15:00
2026-01-06 15:30:00,58.77,15:30:00
2026-01-06 15:45:00,58.64,15:45:00
2026-01-06 16:00:00,59.62,16:00:00
2026-01-06 16:15:00,60.38,16:15:00
2026-01-06 16:30:00,60.83,16:30:00
2026-01-06 16:45:00,61.3,16:45:00
2026-01-06 17:00:00,62.34,17:00:00
2026-01-06 17:15:00,62.99,17:15:00
2026-01-06 17:30:00,63.51,17:30:00
2026-01-06 17:45:00,63.81,17:45:00
2026-01-06 18:00:00,63.91,18:00:00
2026-01-06 18:15:00,63.43,18:15:00
2026-01-06 18:30:00,63.2,18:30:00
2026-01-06 18:45:00,61.65,18:45:00
2026-01-06 19:00:00,61.15,19:00:00
2026-01-06 19:15:00,60.38,19:15:00
2026-01-06 19:30:00,58.79,19:30:00
2026-01-06 19:45:00,55.81,19:45:00
2026-01-06 20:00:00,57.28,20:00:00
2026-01-06 20:15:00,56.98,20:15:00
2026-01-06 20:30:00,57.12,20:30:00
2026-01-06 20:45:00,56.03,20:45:00
2026-01-06 21:00:00,54.67,21:00:00
2026-01-06 21:15:00,56.08,21:15:00
2026-01-06 21:30:00,56.78,21:30:00
2026-01-06 21:45:00,56.66,21:45:00
2026-01-06 22:00:00,55.14,22:00:00
2026-01-06 22:15:00,54.98,22:15:00
2026-01-06 22:30:00,54.46,22:30:00
2026-01-06 22:45:00,53.69,22:45:00
2026-01-06 23:00:00,51.98,23:00:00
2026-01-06 23:15:00,51.69,23:15:00
2026-01-06 23:30:00,49.77,23:30:00
2026-01-06 23:45:00,47.55,23:45:00
2026-01-07 00:00:00,45.83,00:00:00
2026-01-07 00:15:00,45.95,00:15:00
2026-01-07 00:30:00,45.69,00:30:00
2026-01-07 00:45:00,45.19,00:45:00
2026-01-07 01:00:00,44.59,01:00:00
2026-01-07 01:15:00,43.88,01:15:00
2026-01-07 01:30:00,42.47,01:30:00
2026-01-07 01:45:00,40.88,01:45:00
2026-01-07 02:00:00,40.69,02:00:00
2026-01-07 02:15:00,40.08,02:15:00
2026-01-07 02:30:00,38.59,02:30:00
2026-01-07 02:45:00,37.8,02:45:00
2026-01-07 03:00:00,38.04,03:00:00
2026-01-07 03:15:00,38.33,03:15:00
2026-01-07 03:30:00,37.04,03:30:00
2026-01-07 03:45:00,36.43,03:45:00
2026-01-07 04:00:00,37.26,04:00:00
2026-01-07 04:15:00,38.22,04:15:00
2026-01-07 04:30:00,38.07,04:30:00
2026-01-07 04:45:00,38.58,04:45:00
2026-01-07 05:00:00,44.03,05:00:00
2026-01-07 05:15:00,45.79,05:15:00
2026-01-07 05:30:00,46.38,05:30:00
2026-01-07 05:45:00,47.29,05:45:00
2026-01-07 06:00:00,48.59,06:00:00
2026-01-07 06:15:00,50.27,06:15:00
2026-01-07 06:30:00,50.38,06:30:00
2026-01-07 06:45:00,50.48,06:45:00
2026-01-07 07:00:00,48.05,07:00:00
2026-01-07 07:15:00,48.91,07:15:00
2026-01-07 07:30:00,49.45,07:30:00
2026-01-07 07:45:00,49.19,07:45:00
2026-01-07 08:00:00,47.85,08:00:00
2026-01-07 08:15:00,47.17,08:15:00
2026-01-07 08:30:00,46.78,08:30:00
2026-01-07 08:45:00,46.38,08:45:00
2026-01-07 09:00:00,44.89,09:00:00
2026-01-07 09:15:00,44.41,09:15:00
2026-01-07 09:30:00,43.98,09:30:00
2026-01-07 09:45:00,43.54,09:45:00
2026-01-07 10:00:00,43.58,10:00:00
2026-01-07 10:15:00,43.31,10:15:00
2026-01-07 10:30:00,43.29,10:30:00
2026-01-07 10:45:00,42.5,10:45:00
2026-01-07 11:00:00,43.69,11:00:00
2026-01-07 11:15:00,43.49,11:15:00
2026-01-07 11:30:00,43.55,11:30:00
2026-01-07 11:45:00,43.33,11:45:00
2026-01-07 12:00:00,42.34,12:00:00
2026-01-07 12:15:00,42.2,12:15:00
2026-01-07 12:30:00,42.04,12:30:00
2026-01-07 12:45:00,42.16,12:45:00
2026-01-07 13:00:00,42.95,13:00:00
2026-01-07 13:15:00,43.57,13:15:00
2026-01-07 13:30:00,43.83,13:30:00
2026-01-07 13:45:00,44.38,13:45:00
2026-01-07 14:00:00,46.1,14:00:00
2026-01-07 14:15:00,46.47,14:15:00
2026-01-07 14:30:00,47.07,14:30:00
2026-01-07 14:45:00,47.31,14:45:00
2026-01-07 15:00:00,46.99,15:00:00
2026-01-07 15:15:00,46.63,15:15:00
2026-01-07 15:30:00,46.2,15:30:00
2026-01-07 15:45:00,46.57,15:45:00
2026-01-07 16:00:00,46.63,16:00:00
2026-01-07 16:15:00,47.1,16:15:00
2026-01-07 16:30:00,47.43,16:30:00
2026-01-07 16:45:00,48.41,16:45:00
2026-01-07 17:00:00,49.25,17:00:00
2026-01-07 17:15:00,48.36,17:15:00
2026-01-07 17:30:00,48.46,17:30:00
2026-01-07 17:45:00,48.67,17:45:00
2026-01-07 18:00:00,50.49,18:00:00
2026-01-07 18:15:00,50.2,18:15:00
2026-01-07 18:30:00,50.47,18:30:00
2026-01-07 18:45:00,50.61,18:45:00
2026-01-07 19:00:00,51.63,19:00:00
2026-01-07 19:15:00,51.41,19:15:00
2026-01-07 19:30:00,51.07,19:30:00
2026-01-07 19:45:00,50.74,19:45:00
2026-01-07 20:00:00,51.52,20:00:00
2026-01-07 20:15:00,52.54,20:15:00
2026-01-07 20:30:00,51.63,20:30:00
2026-01-07 20:45:00,49.36,20:45:00
2026-01-07 21:00:00,49.53,21:00:00
2026-01-07 21:15:00,49.15,21:15:00
2026-01-07 21:30:00,50.6,21:30:00
2026-01-07 21:45:00,49.78,21:45:00
2026-01-07 22:00:00,50.13,22:00:00
2026-01-07 22:15:00,50.27,22:15:00
2026-01-07 22:30:00,50.26,22:30:00
2026-01-07 22:45:00,49.58,22:45:00
2026-01-07 23:00:00,49.3,23:00:00
2026-01-07 23:15:00,49.17,23:15:00
2026-01-07 23:30:00,49.21,23:30:00
2026-01-07 23:45:00,47.45,23:45:00
2026-01-08 00:00:00,47.17,00:00:00
2026-01-08 00:15:00,45.85,00:15:00
2026-01-08 00:30:00,44.75,00:30:00
2026-01-08 00:45:00,44.81,00:45:00
2026-01-08 01:00:00,45.64,01:00:00
2026-01-08 01:15:00,44.64,01:15:00
2026-01-08 01:30:00,44.12,01:30:00
2026-01-08 01:45:00,43.89,01:45:00
2026-01-08 02:00:00,43.96,02:00:00
2026-01-08 02:15:00,43.77,02:15:00
2026-01-08 02:30:00,43.24,02:30:00
2026-01-08 02:45:00,42.05,02:45:00
2026-01-08 03:00:00,42.14,03:00:00
2026-01-08 03:15:00,41.86,03:15:00
2026-01-08 03:30:00,42.01,03:30:00
2026-01-08 03:45:00,41.62,03:45:00
2026-01-08 04:00:00,42.6,04:00:00
2026-01-08 04:15:00,42.96,04:15:00
2026-01-08 04:30:00,43.12,04:30:00
2026-01-08 04:45:00,43.39,04:45:00
2026-01-08 05:00:00,44.79,05:00:00
2026-01-08 05:15:00,45.28,05:15:00
2026-01-08 05:30:00,46.53,05:30:00
2026-01-08 05:45:00,47.92,05:45:00
2026-01-08 06:00:00,47.74,06:00:00
2026-01-08 06:15:00,47.77,06:15:00
2026-01-08 06:30:00,47.69,06:30:00
2026-01-08 06:45:00,47.7,06:45:00
2026-01-08 07:00:00,48.57,07:00:00
2026-01-08 07:15:00,49.33,07:15:00
2026-01-08 07:30:00,49.86,07:30:00
2026-01-08 07:45:00,49.73,07:45:00
2026-01-08 08:00:00,50.38,08:00:00
2026-01-08 08:15:00,50.45,08:15:00
2026-01-08 08:30:00,50.27,08:30:00
2026-01-08 08:45:00,49.88,08:45:00
2026-01-08 09:00:00,48.35,09:00:00
2026-01-08 09:15:00,47.0,09:15:00
2026-01-08 09:30:00,46.5,09:30:00
2026-01-08 09:45:00,46.67,09:45:00
2026-01-08 10:00:00,46.6,10:00:00
2026-01-08 10:15:00,46.18,10:15:00
2026-01-08 10:30:00,45.9,10:30:00
2026-01-08 10:45:00,45.6,10:45:00
2026-01-08 11:00:00,45.31,11:00:00
2026-01-08 11:15:00,45.29,11:15:00
2026-01-08 11:30:00,45.31,11:30:00
2026-01-08 11:45:00,45.22,11:45:00
2026-01-08 12:00:00,45.19,12:00:00
2026-01-08 12:15:00,45.33,12:15:00
2026-01-08 12:30:00,45.43,12:30:00
2026-01-08 12:45:00,45.2,12:45:00
2026-01-08 13:00:00,45.71,13:00:00
2026-01-08 13:15:00,46.07,13:15:00
2026-01-08 13:30:00,45.93,13:30:00
2026-01-08 13:45:00,46.0,13:45:00
2026-01-08 14:00:00,46.22,14:00:00
2026-01-08 14:15:00,46.37,14:15:00
2026-01-08 14:30:00,46.34,14:30:00
2026-01-08 14:45:00,46.4,14:45:00
2026-01-08 15:00:00,46.14,15:00:00
2026-01-08 15:15:00,45.31,15:15:00
2026-01-08 15:30:00,45.03,15:30:00
2026-01-08 15:45:00,45.1,15:45:00
2026-01-08 16:00:00,45.19,16:00:00
2026-01-08 16:15:00,45.38,16:15:00
2026-01-08 16:30:00,45.12,16:30:00
2026-01-08 16:45:00,45.05,16:45:00
2026-01-08 17:00:00,45.39,17:00:00
2026-01-08 17:15:00,45.34,17:15:00
2026-01-08 17:30:00,44.93,17:30:00
2026-01-08 17:45:00,44.9,17:45:00
2026-01-08 18:00:00,45.46,18:00:00
2026-01-08 18:15:00,45.98,18:15:00
2026-01-08 18:30:00,45.81,18:30:00
2026-01-08 18:45:00,45.28,18:45:00
2026-01-08 19:00:00,44.09,19:00:00
2026-01-08 19:15:00,41.64,19:15:00
2026-01-08 19:30:00,38.08,19:30:00
2026-01-08 19:45:00,35.62,19:45:00
2026-01-08 20:00:00,31.24,20:00:00
2026-01-08 20:15:00,27.43,20:15:00
2026-01-08 20:30:00,25.41,20:30:00
2026-01-08 20:45:00,25.49,20:45:00
2026-01-08 21:00:00,26.14,21:00:00
2026-01-08 21:15:00,25.32,21:15:00
2026-01-08 21:30:00,25.78,21:30:00
2026-01-08 21:45:00,25.41,21:45:00
2026-01-08 22:00:00,25.86,22:00:00
2026-01-08 22:15:00,23.51,22:15:00
2026-01-08 22:30:00,23.18,22:30:00
2026-01-08 22:45:00,23.08,22:45:00
2026-01-08 23:00:00,21.68,23:00:00
2026-01-08 23:15:00,21.25,23:15:00
2026-01-08 23:30:00,20.3,23:30:00
2026-01-08 23:45:00,19.96,23:45:00
2026-01-09 00:00:00,20.34,00:00:00
2026-01-09 00:15:00,19.93,00:15:00
2026-01-09 00:30:00,19.78,00:30:00
2026-01-09 00:45:00,19.55,00:45:00
2026-01-09 01:00:00,19.53,01:00:00
2026-01-09 01:15:00,19.6,01:15:00
2026-01-09 01:30:00,19.95,01:30:00
2026-01-09 01:45:00,20.09,01:45:00
2026-01-09 02:00:00,20.05,02:00:00
2026-01-09 02:15:00,20.11,02:15:00
2026-01-09 02:30:00,20.24,02:30:00
2026-01-09 02:45:00,19.95,02:45:00
2026-01-09 03:00:00,19.78,03:00:00
2026-01-09 03:15:00,19.91,03:15:00
2026-01-09 03:30:00,19.7,03:30:00
2026-01-09 03:45:00,19.51,03:45:00
2026-01-09 04:00:00,19.66,04:00:00
2026-01-09 04:15:00,19.95,04:15:00
2026-01-09 04:30:00,19.84,04:30:00
2026-01-09 04:45:00,20.01,04:45:00
2026-01-09 05:00:00,20.69,05:00:00
2026-01-09 05:15:00,21.76,05:15:00
2026-01-09 05:30:00,22.58,05:30:00
2026-01-09 05:45:00,23.42,05:45:00
2026-01-09 06:00:00,25.88,06:00:00
2026-01-09 06:15:00,29.51,06:15:00
2026-01-09 06:30:00,31.03,06:30:00
2026-01-09 06:45:00,30.72,06:45:00
2026-01-09 07:00:00,30.4,07:00:00
2026-01-09 07:15:00,30.86,07:15:00
2026-01-09 07:30:00,30.89,07:30:00
2026-01-09 07:45:00,30.44,07:45:00
2026-01-09 08:00:00,27.67,08:00:00
2026-01-09 08:15:00,27.2,08:15:00
2026-01-09 08:30:00,27.08,08:30:00
2026-01-09 08:45:00,27.04,08:45:00
2026-01-09 09:00:00,26.96,09:00:00
2026-01-09 09:15:00,26.89,09:15:00
2026-01-09 09:30:00,26.58,09:30:00
2026-01-09 09:45:00,26.39,09:45:00
2026-01-09 10:00:00,25.41,10:00:00
2026-01-09 10:15:00,25.13,10:15:00
2026-01-09 10:30:00,24.4,10:30:00
2026-01-09 10:45:00,24.61,10:45:00
2026-01-09 11:00:00,25.49,11:00:00
2026-01-09 11:15:00,25.46,11:15:00
2026-01-09 11:30:00,25.13,11:30:00
2026-01-09 11:45:00,24.95,11:45:00
2026-01-09 12:00:00,23.58,12:00:00
2026-01-09 12:15:00,23.66,12:15:00
2026-01-09 12:30:00,24.05,12:30:00
2026-01-09 12:45:00,24.05,12:45:00
2026-01-09 13:00:00,24.14,13:00:00
2026-01-09 13:15:00,24.23,13:15:00
2026-01-09 13:30:00,24.05,13:30:00
2026-01-09 13:45:00,22.68,13:45:00
2026-01-09 14:00:00,23.6,14:00:00
2026-01-09 14:15:00,24.42,14:15:00
2026-01-09 14:30:00,25.08,14:30:00
2026-01-09 14:45:00,24.9,14:45:00
2026-01-09 15:00:00,25.78,15:00:00
2026-01-09 15:15:00,26.05,15:15:00
2026-01-09 15:30:00,26.43,15:30:00
2026-01-09 15:45:00,26.02,15:45:00
2026-01-09 16:00:00,27.06,16:00:00
2026-01-09 16:15:00,27.7,16:15:00
2026-01-09 16:30:00,28.21,16:30:00
2026-01-09 16:45:00,29.12,16:45:00
2026-01-09 17:00:00,29.71,17:00:00
2026-01-09 17:15:00,29.44,17:15:00
2026-01-09 17:30:00,28.67,17:30:00
2026-01-09 17:45:00,28.08,17:45:00
2026-01-09 18:00:00,27.66,18:00:00
2026-01-09 18:15:00,26.99,18:15:00
2026-01-09 18:30:00,26.26,18:30:00
2026-01-09 18:45:00,25.37,18:45:00
2026-01-09 19:00:00,24.37,19:00:00
2026-01-09 19:15:00,23.45,19:15:00
2026-01-09 19:30:00,22.91,19:30:00
2026-01-09 19:45:00,23.05,19:45:00
2026-01-09 20:00:00,23.14,20:00:00
2026-01-09 20:15:00,23.15,20:15:00
2026-01-09 20:30:00,22.84,20:30:00
2026-01-09 20:45:00,22.17,20:45:00
2026-01-09 21:00:00,22.51,21:00:00
2026-01-09 21:15:00,22.37,21:15:00
2026-01-09 21:30:00,22.89,21:30:00
2026-01-09 21:45:00,23.07,21:45:00
2026-01-09 22:00:00,22.54,22:00:00
2026-01-09 22:15:00,22.58,22:15:00
2026-01-09 22:30:00,23.02,22:30:00
2026-01-09 22:45:00,21.81,22:45:00
2026-01-09 23:00:00,20.91,23:00:00
2026-01-09 23:15:00,20.4,23:15:00
2026-01-09 23:30:00,17.67,23:30:00
2026-01-09 23:45:00,16.04,23:45:00
2026-01-10 00:00:00,16.48,00:00:00
2026-01-10 00:15:00,17.35,00:15:00
2026-01-10 00:30:00,17.24,00:30:00
2026-01-10 00:45:00,17.29,00:45:00
2026-01-10 01:00:00,17.32,01:00:00
2026-01-10 01:15:00,17.68,01:15:00
2026-01-10 01:30:00,17.61,01:30:00
2026-01-10 01:45:00,17.44,01:45:00
2026-01-10 02:00:00,17.6,02:00:00
2026-01-10 02:15:00,17.21,02:15:00
2026-01-10 02:30:00,17.71,02:30:00
2026-01-10 02:45:00,17.46,02:45:00
2026-01-10 03:00:00,17.16,03:00:00
2026-01-10 03:15:00,16.58,03:15:00
2026-01-10 03:30:00,16.16,03:30:00
2026-01-10 03:45:00,16.03,03:45:00
2026-01-10 04:00:00,15.96,04:00:00
2026-01-10 04:15:00,16.0,04:15:00
2026-01-10 04:30:00,15.95,04:30:00
2026-01-10 04:45:00,16.06,04:45:00
2026-01-10 05:00:00,16.45,05:00:00
2026-01-10 05:15:00,17.2,05:15:00
2026-01-10 05:30:00,16.86,05:30:00
2026-01-10 05:45:00,16.83,05:45:00
2026-01-10 06:00:00,17.09,06:00:00
2026-01-10 06:15:00,17.61,06:15:00
2026-01-10 06:30:00,17.56,06:30:00
2026-01-10 06:45:00,19.21,06:45:00
2026-01-10 07:00:00,19.48,07:00:00
2026-01-10 07:15:00,18.06,07:15:00
2026-01-10 07:30:00,18.82,07:30:00
2026-01-10 07:45:00,19.17,07:45:00
2026-01-10 08:00:00,19.06,08:00:00
2026-01-10 08:15:00,19.59,08:15:00
2026-01-10 08:30:00,19.78,08:30:00
2026-01-10 08:45:00,20.04,08:45:00
2026-01-10 09:00:00,20.13,09:00:00
2026-01-10 09:15:00,19.95,09:15:00
2026-01-10 09:30:00,19.29,09:30:00
2026-01-10 09:45:00,19.18,09:45:00
2026-01-10 10:00:00,18.99,10:00:00
2026-01-10 10:15:00,18.75,10:15:00
2026-01-10 10:30:00,18.78,10:30:00
2026-01-10 10:45:00,18.82,10:45:00
2026-01-10 11:00:00,18.73,11:00:00
2026-01-10 11:15:00,18.92,11:15:00
2026-01-10 11:30:00,19.51,11:30:00
2026-01-10 11:45:00,19.66,11:45:00
2026-01-10 12:00:00,18.89,12:00:00
2026-01-10 12:15:00,18.5,12:15:00
2026-01-10 12:30:00,18.67,12:30:00
2026-01-10 12:45:00,18.88,12:45:00
2026-01-10 13:00:00,19.12,13:00:00
2026-01-10 13:15:00,19.57,13:15:00
2026-01-10 13:30:00,20.5,13:30:00
2026-01-10 13:45:00,21.09,13:45:00
2026-01-10 14:00:00,21.89,14:00:00
2026-01-10 14:15:00,23.55,14:15:00
2026-01-10 14:30:00,24.15,14:30:00
2026-01-10 14:45:00,24.98,14:45:00
2026-01-10 15:00:00,26.74,15:00:00
2026-01-10 15:15:00,28.26,15:15:00
2026-01-10 15:30:00,30.5,15:30:00
2026-01-10 15:45:00,32.42,15:45:00
2026-01-10 16:00:00,36.73,16:00:00
2026-01-10 16:15:00,38.74,16:15:00
2026-01-10 16:30:00,39.47,16:30:00
2026-01-10 16:45:00,40.64,16:45:00
2026-01-10 17:00:00,40.98,17:00:00
2026-01-10 17:15:00,41.19,17:15:00
2026-01-10 17:30:00,41.31,17:30:00
2026-01-10 17:45:00,41.89,17:45:00
2026-01-10 18:00:00,42.52,18:00:00
2026-01-10 18:15:00,42.6,18:15:00
2026-01-10 18:30:00,42.92,18:30:00
2026-01-10 18:45:00,43.24,18:45:00
2026-01-10 19:00:00,43.56,19:00:00
2026-01-10 19:15:00,43.35,19:15:00
2026-01-10 19:30:00,43.27,19:30:00
2026-01-10 19:45:00,43.18,19:45:00
2026-01-10 20:00:00,42.73,20:00:00
2026-01-10 20:15:00,41.8,20:15:00
2026-01-10 20:30:00,42.11,20:30:00
2026-01-10 20:45:00,42.41,20:45:00
2026-01-10 21:00:00,43.68,21:00:00
2026-01-10 21:15:00,43.76,21:15:00
2026-01-10 21:30:00,44.74,21:30:00
2026-01-10 21:45:00,45.53,21:45:00
2026-01-10 22:00:00,45.32,22:00:00
2026-01-10 22:15:00,46.09,22:15:00
2026-01-10 22:30:00,46.12,22:30:00
2026-01-10 22:45:00,46.42,22:45:00
2026-01-10 23:00:00,47.1,23:00:00
2026-01-10 23:15:00,46.41,23:15:00
2026-01-10 23:30:00,44.9,23:30:00
2026-01-10 23:45:00,43.07,23:45:00
2026-01-11 00:00:00,43.09,00:00:00
2026-01-11 00:15:00,43.66,00:15:00
2026-01-11 00:30:00,43.82,00:30:00
2026-01-11 00:45:00,42.94,00:45:00
2026-01-11 01:00:00,41.68,01:00:00
2026-01-11 01:15:00,40.34,01:15:00
2026-01-11 01:30:00,39.26,01:30:00
2026-01-11 01:45:00,39.18,01:45:00
2026-01-11 02:00:00,38.71,02:00:00
2026-01-11 02:15:00,37.87,02:15:00
2026-01-11 02:30:00,37.07,02:30:00
2026-01-11 02:45:00,36.07,02:45:00
2026-01-11 03:00:00,35.91,03:00:00
2026-01-11 03:15:00,35.42,03:15:00
2026-01-11 03:30:00,35.15,03:30:00
2026-01-11 03:45:00,35.4,03:45:00
2026-01-11 04:00:00,35.39,04:00:00
2026-01-11 04:15:00,35.13,04:15:00
2026-01-11 04:30:00,34.42,04:30:00
2026-01-11 04:45:00,32.89,04:45:00
2026-01-11 05:00:00,31.95,05:00:00
2026-01-11 05:15:00,31.41,05:15:00
2026-01-11 05:30:00,31.57,05:30:00
2026-01-11 05:45:00,31.16,05:45:00
2026-01-11 06:00:00,30.5,06:00:00
2026-01-11 06:15:00,30.36,06:15:00
2026-01-11 06:30:00,29.62,06:30:00
2026-01-11 06:45:00,29.56,06:45:00
2026-01-11 07:00:00,30.06,07:00:00
2026-01-11 07:15:00,30.58,07:15:00
2026-01-11 07:30:00,30.78,07:30:00
2026-01-11 07:45:00,31.53,07:45:00
2026-01-11 08:00:00,30.33,08:00:00
2026-01-11 08:15:00,29.85,08:15:00
2026-01-11 08:30:00,28.81,08:30:00
2026-01-11 08:45:00,27.93,08:45:00
2026-01-11 09:00:00,27.45,09:00:00
2026-01-11 09:15:00,26.15,09:15:00
2026-01-11 09:30:00,24.06,09:30:00
2026-01-11 09:45:00,22.72,09:45:00
2026-01-11 10:00:00,23.32,10:00:00
2026-01-11 10:15:00,23.46,10:15:00
2026-01-11 10:30:00,23.14,10:30:00
2026-01-11 10:45:00,22.73,10:45:00
2026-01-11 11:00:00,22.79,11:00:00
2026-01-11 11:15:00,22.46,11:15:00
2026-01-11 11:30:00,22.86,11:30:00
2026-01-11 11:45:00,22.05,11:45:00
2026-01-11 12:00:00,22.89,12:00:00
2026-01-11 12:15:00,22.35,12:15:00
2026-01-11 12:30:00,21.41,12:30:00
2026-01-11 12:45:00,21.0,12:45:00
2026-01-11 13:00:00,20.8,13:00:00
2026-01-11 13:15:00,20.65,13:15:00
2026-01-11 13:30:00,20.58,13:30:00
2026-01-11 13:45:00,20.76,13:45:00
2026-01-11 14:00:00,21.76,14:00:00
2026-01-11 14:15:00,23.27,14:15:00
2026-01-11 14:30:00,23.23,14:30:00
2026-01-11 14:45:00,24.05,14:45:00
2026-01-11 15:00:00,24.24,15:00:00
2026-01-11 15:15:00,24.33,15:15:00
2026-01-11 15:30:00,25.4,15:30:00
2026-01-11 15:45:00,27.33,15:45:00
2026-01-11 16:00:00,30.09,16:00:00
2026-01-11 16:15:00,32.27,16:15:00
2026-01-11 16:30:00,33.8,16:30:00
2026-01-11 16:45:00,33.8,16:45:00
2026-01-11 17:00:00,32.44,17:00:00
2026-01-11 17:15:00,32.35,17:15:00
2026-01-11 17:30:00,32.6,17:30:00
2026-01-11 17:45:00,32.56,17:45:00
2026-01-11 18:00:00,32.05,18:00:00
2026-01-11 18:15:00,31.97,18:15:00
2026-01-11 18:30:00,32.69,18:30:00
2026-01-11 18:45:00,32.9,18:45:00
2026-01-11 19:00:00,32.04,19:00:00
2026-01-11 19:15:00,32.39,19:15:00
2026-01-11 19:30:00,32.0,19:30:00
2026-01-11 19:45:00,30.98,19:45:00
2026-01-11 20:00:00,30.71,20:00:00
2026-01-11 20:15:00,31.12,20:15:00
2026-01-11 20:30:00,30.36,20:30:00
2026-01-11 20:45:00,29.12,20:45:00
2026-01-11 21:00:00,29.54,21:00:00
2026-01-11 21:15:00,29.27,21:15:00
2026-01-11 21:30:00,29.93,21:30:00
2026-01-11 21:45:00,29.28,21:45:00
2026-01-11 22:00:00,29.26,22:00:00
2026-01-11 22:15:00,29.44,22:15:00
2026-01-11 22:30:00,28.89,22:30:00
2026-01-11 22:45:00,27.67,22:45:00
2026-01-11 23:00:00,28.61,23:00:00
2026-01-11 23:15:00,26.45,23:15:00
2026-01-11 23:30:00,23.83,23:30:00
2026-01-11 23:45:00,21.65,23:45:00
2026-01-12 00:00:00,20.68,00:00:00
2026-01-12 00:15:00,20.59,00:15:00
2026-01-12 00:30:00,20.61,00:30:00
2026-01-12 00:45:00,20.92,00:45:00
2026-01-12 01:00:00,20.41,01:00:00
2026-01-12 01:15:00,20.36,01:15:00
2026-01-12 01:30:00,18.89,01:30:00
2026-01-12 01:45:00,18.86,01:45:00
2026-01-12 02:00:00,19.56,02:00:00
2026-01-12 02:15:00,19.2,02:15:00
2026-01-12 02:30:00,17.71,02:30:00
2026-01-12 02:45:00,17.39,02:45:00
2026-01-12 03:00:00,17.95,03:00:00
2026-01-12 03:15:00,17.64,03:15:00
2026-01-12 03:30:00,17.54,03:30:00
2026-01-12 03:45:00,17.57,03:45:00
2026-01-12 04:00:00,17.85,04:00:00
2026-01-12 04:15:00,17.67,04:15:00
2026-01-12 04:30:00,17.99,04:30:00
2026-01-12 04:45:00,18.89,04:45:00
2026-01-12 05:00:00,21.14,05:00:00
2026-01-12 05:15:00,20.84,05:15:00
2026-01-12 05:30:00,21.93,05:30:00
2026-01-12 05:45:00,23.73,05:45:00
2026-01-12 06:00:00,24.74,06:00:00
2026-01-12 06:15:00,27.13,06:15:00
2026-01-12 06:30:00,28.09,06:30:00
2026-01-12 06:45:00,28.3,06:45:00
2026-01-12 07:00:00,28.28,07:00:00
2026-01-12 07:15:00,27.63,07:15:00
2026-01-12 07:30:00,27.8,07:30:00
2026-01-12 07:45:00,27.6,07:45:00
2026-01-12 08:00:00,26.82,08:00:00
2026-01-12 08:15:00,26.4,08:15:00
2026-01-12 08:30:00,26.36,08:30:00
2026-01-12 08:45:00,25.91,08:45:00
2026-01-12 09:00:00,26.62,09:00:00
2026-01-12 09:15:00,26.93,09:15:00
2026-01-12 09:30:00,26.72,09:30:00
2026-01-12 09:45:00,26.09,09:45:00
2026-01-12 10:00:00,25.69,10:00:00
2026-01-12 10:15:00,25.82,10:15:00
2026-01-12 10:30:00,25.53,10:30:00
2026-01-12 10:45:00,25.59,10:45:00
2026-01-12 11:00:00,26.04,11:00:00
2026-01-12 11:15:00,24.83,11:15:00
2026-01-12 11:30:00,23.47,11:30:00
2026-01-12 11:45:00,20.81,11:45:00
2026-01-12 12:00:00,20.03,12:00:00
2026-01-12 12:15:00,20.06,12:15:00
2026-01-12 12:30:00,19.99,12:30:00
2026-01-12 12:45:00,20.27,12:45:00
2026-01-12 13:00:00,20.54,13:00:00
2026-01-12 13:15:00,20.3,13:15:00
2026-01-12 13:30:00,20.15,13:30:00
2026-01-12 13:45:00,20.25,13:45:00
2026-01-12 14:00:00,20.71,14:00:00
2026-01-12 14:15:00,20.66,14:15:00
2026-01-12 14:30:00,21.23,14:30:00
2026-01-12 14:45:00,22.38,14:45:00
2026-01-12 15:00:00,25.12,15:00:00
2026-01-12 15:15:00,27.75,15:15:00
2026-01-12 15:30:00,29.72,15:30:00
2026-01-12 15:45:00,31.56,15:45:00
2026-01-12 16:00:00,33.0,16:00:00
2026-01-12 16:15:00,33.8,16:15:00
2026-01-12 16:30:00,34.53,16:30:00
2026-01-12 16:45:00,34.5,16:45:00
2026-01-12 17:00:00,33.71,17:00:00
2026-01-12 17:15:00,34.31,17:15:00
2026-01-12 17:30:00,34.76,17:30:00
2026-01-12 17:45:00,35.85,17:45:00
2026-01-12 18:00:00,35.79,18:00:00
2026-01-12 18:15:00,36.2,18:15:00
2026-01-12 18:30:00,36.77,18:30:00
2026-01-12 18:45:00,37.54,18:45:00
2026-01-12 19:00:00,38.29,19:00:00
2026-01-12 19:15:00,38.66,19:15:00
2026-01-12 19:30:00,39.12,19:30:00
2026-01-12 19:45:00,38.62,19:45:00
2026-01-12 20:00:00,39.19,20:00:00
2026-01-12 20:15:00,38.45,20:15:00
2026-01-12 20:30:00,38.11,20:30:00
2026-01-12 20:45:00,37.62,20:45:00
2026-01-12 21:00:00,38.7,21:00:00
2026-01-12 21:15:00,38.64,21:15:00
2026-01-12 21:30:00,39.63,21:30:00
2026-01-12 21:45:00,39.27,21:45:00
2026-01-12 22:00:00,38.44,22:00:00
2026-01-12 22:15:00,38.61,22:15:00
2026-01-12 22:30:00,40.07,22:30:00
2026-01-12 22:45:00,39.47,22:45:00
2026-01-12 23:00:00,37.57,23:00:00
2026-01-12 23:15:00,35.46,23:15:00
2026-01-12 23:30:00,33.04,23:30:00
2026-01-12 23:45:00,30.56,23:45:00
2026-01-13 00:00:00,30.56,00:00:00
2026-01-13 00:15:00,30.93,00:15:00
2026-01-13 00:30:00,30.61,00:30:00
2026-01-13 00:45:00,30.58,00:45:00
2026-01-13 01:00:00,29.67,01:00:00
2026-01-13 01:15:00,29.33,01:15:00
2026-01-13 01:30:00,29.36,01:30:00
2026-01-13 01:45:00,28.56,01:45:00
2026-01-13 02:00:00,28.46,02:00:00
2026-01-13 02:15:00,28.04,02:15:00
2026-01-13 02:30:00,27.2,02:30:00
2026-01-13 02:45:00,26.94,02:45:00
2026-01-13 03:00:00,26.94,03:00:00
2026-01-13 03:15:00,26.8,03:15:00
2026-01-13 03:30:00,26.19,03:30:00
2026-01-13 03:45:00,26.45,03:45:00
2026-01-13 04:00:00,26.96,04:00:00
2026-01-13 04:15:00,27.22,04:15:00
2026-01-13 04:30:00,27.41,04:30:00
2026-01-13 04:45:00,27.62,04:45:00
2026-01-13 05:00:00,28.94,05:00:00
2026-01-13 05:15:00,29.68,05:15:00
2026-01-13 05:30:00,31.54,05:30:00
2026-01-13 05:45:00,35.71,05:45:00
2026-01-13 06:00:00,38.6,06:00:00
2026-01-13 06:15:00,40.13,06:15:00
2026-01-13 06:30:00,40.7,06:30:00
2026-01-13 06:45:00,41.02,06:45:00
2026-01-13 07:00:00,40.74,07:00:00
2026-01-13 07:15:00,40.93,07:15:00
2026-01-13 07:30:00,40.68,07:30:00
2026-01-13 07:45:00,40.49,07:45:00
2026-01-13 08:00:00,40.38,08:00:00
2026-01-13 08:15:00,40.11,08:15:00
2026-01-13 08:30:00,40.04,08:30:00
2026-01-13 08:45:00,39.77,08:45:00
2026-01-13 09:00:00,40.29,09:00:00
2026-01-13 09:15:00,40.51,09:15:00
2026-01-13 09:30:00,38.56,09:30:00
2026-01-13 09:45:00,37.23,09:45:00
2026-01-13 10:00:00,36.74,10:00:00
2026-01-13 10:15:00,36.21,10:15:00
2026-01-13 10:30:00,35.68,10:30:00
2026-01-13 10:45:00,34.76,10:45:00
2026-01-13 11:00:00,32.94,11:00:00
2026-01-13 11:15:00,30.72,11:15:00
2026-01-13 11:30:00,30.18,11:30:00
2026-01-13 11:45:00,30.05,11:45:00
2026-01-13 12:00:00,30.53,12:00:00
2026-01-13 12:15:00,29.84,12:15:00
2026-01-13 12:30:00,30.05,12:30:00
2026-01-13 12:45:00,29.88,12:45:00
2026-01-13 13:00:00,31.23,13:00:00
2026-01-13 13:15:00,31.81,13:15:00
2026-01-13 13:30:00,31.72,13:30:00
2026-01-13 13:45:00,30.96,13:45:00
2026-01-13 14:00:00,32.03,14:00:00
2026-01-13 14:15:00,32.39,14:15:00
2026-01-13 14:30:00,32.97,14:30:00
2026-01-13 14:45:00,32.49,14:45:00
2026-01-13 15:00:00,32.96,15:00:00
2026-01-13 15:15:00,33.99,15:15:00
2026-01-13 15:30:00,36.18,15:30:00
2026-01-13 15:45:00,37.98,15:45:00
2026-01-13 16:00:00,40.14,16:00:00
2026-01-13 16:15:00,40.53,16:15:00
2026-01-13 16:30:00,40.51,16:30:00
2026-01-13 16:45:00,40.78,16:45:00
2026-01-13 17:00:00,40.14,17:00:00
2026-01-13 17:15:00,39.92,17:15:00
2026-01-13 17:30:00,40.06,17:30:00
2026-01-13 17:45:00,40.03,17:45:00
2026-01-13 18:00:00,39.55,18:00:00
2026-01-13 18:15:00,39.98,18:15:00
2026-01-13 18:30:00,40.06,18:30:00
2026-01-13 18:45:00,39.97,18:45:00
2026-01-13 19:00:00,40.3,19:00:00
2026-01-13 19:15:00,39.61,19:15:00
2026-01-13 19:30:00,39.53,19:30:00
2026-01-13 19:45:00,40.11,19:45:00
2026-01-13 20:00:00,40.61,20:00:00
2026-01-13 20:15:00,39.17,20:15:00
2026-01-13 20:30:00,36.66,20:30:00
2026-01-13 20:45:00,35.56,20:45:00
2026-01-13 21:00:00,36.14,21:00:00
2026-01-13 21:15:00,34.91,21:15:00
2026-01-13 21:30:00,34.36,21:30:00
2026-01-13 21:45:00,33.49,21:45:00
2026-01-13 22:00:00,32.35,22:00:00
2026-01-13 22:15:00,30.88,22:15:00
2026-01-13 22:30:00,31.46,22:30:00
2026-01-13 22:45:00,31.12,22:45:00
2026-01-13 23:00:00,30.62,23:00:00
2026-01-13 23:15:00,30.12,23:15:00
2026-01-13 23:30:00,30.52,23:30:00
2026-01-13 23:45:00,29.95,23:45:00
2026-01-14 00:00:00,30.31,00:00:00
2026-01-14 00:15:00,29.88,00:15:00
2026-01-14 00:30:00,30.16,00:30:00
2026-01-14 00:45:00,29.36,00:45:00
2026-01-14 01:00:00,30.27,01:00:00
2026-01-14 01:15:00,30.24,01:15:00
2026-01-14 01:30:00,30.57,01:30:00
2026-01-14 01:45:00,30.59,01:45:00
2026-01-14 02:00:00,31.21,02:00:00
2026-01-14 02:15:00,30.73,02:15:00
2026-01-14 02:30:00,31.04,02:30:00
2026-01-14 02:45:00,31.93,02:45:00
2026-01-14 03:00:00,31.58,03:00:00
2026-01-14 03:15:00,31.6,03:15:00
2026-01-14 03:30:00,31.82,03:30:00
2026-01-14 03:45:00,32.7,03:45:00
2026-01-14 04:00:00,34.09,04:00:00
2026-01-14 04:15:00,35.72,04:15:00
2026-01-14 04:30:00,36.8,04:30:00
2026-01-14 04:45:00,39.17,04:45:00
2026-01-14 05:00:00,41.53,05:00:00
2026-01-14 05:15:00,44.05,05:15:00
2026-01-14 05:30:00,45.36,05:30:00
2026-01-14 05:45:00,46.7,05:45:00
2026-01-14 06:00:00,48.64,06:00:00
2026-01-14 06:15:00,50.21,06:15:00
2026-01-14 06:30:00,51.4,06:30:00
2026-01-14 06:45:00,52.24,06:45:00
2026-01-14 07:00:00,52.64,07:00:00
2026-01-14 07:15:00,52.94,07:15:00
2026-01-14 07:30:00,50.49,07:30:00
2026-01-14 07:45:00,48.02,07:45:00
2026-01-14 08:00:00,45.24,08:00:00
2026-01-14 08:15:00,45.13,08:15:00
2026-01-14 08:30:00,45.2,08:30:00
2026-01-14 08:45:00,44.99,08:45:00
2026-01-14 09:00:00,44.86,09:00:00
2026-01-14 09:15:00,44.02,09:15:00
2026-01-14 09:30:00,42.71,09:30:00
2026-01-14 09:45:00,42.62,09:45:00
2026-01-14 10:00:00,41.33,10:00:00
2026-01-14 10:15:00,42.01,10:15:00
2026-01-14 10:30:00,41.93,10:30:00
2026-01-14 10:45:00,42.16,10:45:00
2026-01-14 11:00:00,41.31,11:00:00
2026-01-14 11:15:00,39.93,11:15:00
2026-01-14 11:30:00,40.8,11:30:00
2026-01-14 11:45:00,40.84,11:45:00
2026-01-14 12:00:00,41.42,12:00:00
2026-01-14 12:15:00,41.76,12:15:00
2026-01-14 12:30:00,42.46,12:30:00
2026-01-14 12:45:00,43.43,12:45:00
2026-01-14 13:00:00,45.46,13:00:00
2026-01-14 13:15:00,47.26,13:15:00
2026-01-14 13:30:00,48.57,13:30:00
2026-01-14 13:45:00,48.87,13:45:00
2026-01-14 14:00:00,49.59,14:00:00
2026-01-14 14:15:00,49.86,14:15:00
2026-01-14 14:30:00,50.66,14:30:00
2026-01-14 14:45:00,50.64,14:45:00
2026-01-14 15:00:00,50.17,15:00:00
2026-01-14 15:15:00,50.89,15:15:00
2026-01-14 15:30:00,51.04,15:30:00
2026-01-14 15:45:00,51.08,15:45:00
2026-01-14 16:00:00,51.48,16:00:00
2026-01-14 16:15:00,50.7,16:15:00
2026-01-14 16:30:00,50.45,16:30:00
2026-01-14 16:45:00,49.12,16:45:00
2026-01-14 17:00:00,48.83,17:00:00
2026-01-14 17:15:00,48.74,17:15:00
2026-01-14 17:30:00,48.54,17:30:00
2026-01-14 17:45:00,48.25,17:45:00
2026-01-14 18:00:00,48.06,18:00:00
2026-01-14 18:15:00,47.95,18:15:00
2026-01-14 18:30:00,47.52,18:30:00
2026-01-14 18:45:00,47.22,18:45:00
2026-01-14 19:00:00,46.82,19:00:00
2026-01-14 19:15:00,46.45,19:15:00
2026-01-14 19:30:00,45.73,19:30:00
2026-01-14 19:45:00,44.75,19:45:00
2026-01-14 20:00:00,43.49,20:00:00
2026-01-14 20:15:00,43.36,20:15:00
2026-01-14 20:30:00,43.78,20:30:00
2026-01-14 20:45:00,43.37,20:45:00
2026-01-14 21:00:00,43.98,21:00:00
2026-01-14 21:15:00,42.87,21:15:00
2026-01-14 21:30:00,41.61,21:30:00
2026-01-14 21:45:00,41.54,21:45:00
2026-01-14 22:00:00,41.29,22:00:00
2026-01-14 22:15:00,39.06,22:15:00
2026-01-14 22:30:00,36.82,22:30:00
2026-01-14 22:45:00,33.01,22:45:00
2026-01-14 23:00:00,32.14,23:00:00
2026-01-14 23:15:00,30.4,23:15:00
2026-01-14 23:30:00,28.71,23:30:00
2026-01-14 23:45:00,26.24,23:45:00
2026-01-15 00:00:00,25.32,00:00:00
2026-01-15 00:15:00,26.76,00:15:00
2026-01-15 00:30:00,27.89,00:30:00
2026-01-15 00:45:00,28.81,00:45:00
2026-01-15 01:00:00,29.69,01:00:00
2026-01-15 01:15:00,30.01,01:15:00
2026-01-15 01:30:00,29.84,01:30:00
2026-01-15 01:45:00,29.13,01:45:00
2026-01-15 02:00:00,29.37,02:00:00
2026-01-15 02:15:00,29.29,02:15:00
2026-01-15 02:30:00,28.76,02:30:00
2026-01-15 02:45:00,28.64,02:45:00
2026-01-15 03:00:00,28.38,03:00:00
2026-01-15 03:15:00,27.2,03:15:00
2026-01-15 03:30:00,27.19,03:30:00
2026-01-15 03:45:00,27.54,03:45:00
2026-01-15 04:00:00,27.92,04:00:00
2026-01-15 04:15:00,27.47,04:15:00
2026-01-15 04:30:00,27.49,04:30:00
2026-01-15 04:45:00,28.25,04:45:00
2026-01-15 05:00:00,30.75,05:00:00
2026-01-15 05:15:00,34.02,05:15:00
2026-01-15 05:30:00,35.88,05:30:00
2026-01-15 05:45:00,38.87,05:45:00
2026-01-15 06:00:00,39.91,06:00:00
2026-01-15 06:15:00,40.32,06:15:00
2026-01-15 06:30:00,40.74,06:30:00
2026-01-15 06:45:00,41.03,06:45:00
2026-01-15 07:00:00,40.88,07:00:00
2026-01-15 07:15:00,40.93,07:15:00
2026-01-15 07:30:00,40.61,07:30:00
2026-01-15 07:45:00,40.54,07:45:00
2026-01-15 08:00:00,39.99,08:00:00
2026-01-15 08:15:00,39.53,08:15:00
2026-01-15 08:30:00,39.02,08:30:00
2026-01-15 08:45:00,38.14,08:45:00
2026-01-15 09:00:00,37.69,09:00:00
2026-01-15 09:15:00,37.37,09:15:00
2026-01-15 09:30:00,36.34,09:30:00
2026-01-15 09:45:00,35.68,09:45:00
2026-01-15 10:00:00,35.25,10:00:00
2026-01-15 10:15:00,34.42,10:15:00
2026-01-15 10:30:00,34.0,10:30:00
2026-01-15 10:45:00,31.02,10:45:00
2026-01-15 11:00:00,29.37,11:00:00
2026-01-15 11:15:00,28.06,11:15:00
2026-01-15 11:30:00,26.91,11:30:00
2026-01-15 11:45:00,26.44,11:45:00
2026-01-15 12:00:00,28.03,12:00:00
2026-01-15 12:15:00,29.03,12:15:00
2026-01-15 12:30:00,30.33,12:30:00
2026-01-15 12:45:00,29.97,12:45:00
2026-01-15 13:00:00,30.84,13:00:00
2026-01-15 13:15:00,32.16,13:15:00
2026-01-15 13:30:00,32.94,13:30:00
2026-01-15 13:45:00,32.44,13:45:00
2026-01-15 14:00:00,32.64,14:00:00
2026-01-15 14:15:00,34.08,14:15:00
2026-01-15 14:30:00,34.59,14:30:00
2026-01-15 14:45:00,35.65,14:45:00
2026-01-15 15:00:00,34.98,15:00:00
2026-01-15 15:15:00,36.26,15:15:00
2026-01-15 15:30:00,36.72,15:30:00
2026-01-15 15:45:00,36.63,15:45:00
2026-01-15 16:00:00,36.04,16:00:00
2026-01-15 16:15:00,35.99,16:15:00
2026-01-15 16:30:00,36.67,16:30:00
2026-01-15 16:45:00,36.9,16:45:00
2026-01-15 17:00:00,36.82,17:00:00
2026-01-15 17:15:00,36.72,17:15:00
2026-01-15 17:30:00,37.17,17:30:00
2026-01-15 17:45:00,37.62,17:45:00
2026-01-15 18:00:00,37.48,18:00:00
2026-01-15 18:15:00,37.12,18:15:00
2026-01-15 18:30:00,37.04,18:30:00
2026-01-15 18:45:00,35.93,18:45:00
2026-01-15 19:00:00,35.82,19:00:00
2026-01-15 19:15:00,34.88,19:15:00
2026-01-15 19:30:00,33.3,19:30:00
2026-01-15 19:45:00,32.25,19:45:00
2026-01-15 20:00:00,31.95,20:00:00
2026-01-15 20:15:00,29.81,20:15:00
2026-01-15 20:30:00,26.12,20:30:00
2026-01-15 20:45:00,24.38,20:45:00
2026-01-15 21:00:00,23.62,21:00:00
2026-01-15 21:15:00,24.63,21:15:00
2026-01-15 21:30:00,24.69,21:30:00
2026-01-15 21:45:00,23.96,21:45:00
2026-01-15 22:00:00,23.36,22:00:00
2026-01-15 22:15:00,23.47,22:15:00
2026-01-15 22:30:00,24.5,22:30:00
2026-01-15 22:45:00,24.83,22:45:00
2026-01-15 23:00:00,23.26,23:00:00
2026-01-15 23:15:00,20.68,23:15:00
2026-01-15 23:30:00,19.87,23:30:00
2026-01-15 23:45:00,19.49,23:45:00
2026-01-16 00:00:00,19.39,00:00:00
2026-01-16 00:15:00,19.55,00:15:00
2026-01-16 00:30:00,19.78,00:30:00
2026-01-16 00:45:00,19.87,00:45:00
2026-01-16 01:00:00,20.08,01:00:00
2026-01-16 01:15:00,20.22,01:15:00
2026-01-16 01:30:00,20.24,01:30:00
2026-01-16 01:45:00,20.51,01:45:00
2026-01-16 02:00:00,20.85,02:00:00
2026-01-16 02:15:00,20.83,02:15:00
2026-01-16 02:30:00,20.85,02:30:00
2026-01-16 02:45:00,20.95,02:45:00
2026-01-16 03:00:00,21.67,03:00:00
2026-01-16 03:15:00,22.93,03:15:00
2026-01-16 03:30:00,23.78,03:30:00
2026-01-16 03:45:00,24.39,03:45:00
2026-01-16 04:00:00,25.3,04:00:00
2026-01-16 04:15:00,26.79,04:15:00
2026-01-16 04:30:00,28.99,04:30:00
2026-01-16 04:45:00,32.74,04:45:00
2026-01-16 05:00:00,37.67,05:00:00
2026-01-16 05:15:00,39.94,05:15:00
2026-01-16 05:30:00,41.69,05:30:00
2026-01-16 05:45:00,44.37,05:45:00
2026-01-16 06:00:00,46.43,06:00:00
2026-01-16 06:15:00,47.77,06:15:00
2026-01-16 06:30:00,47.54,06:30:00
2026-01-16 06:45:00,47.52,06:45:00
2026-01-16 07:00:00,47.9,07:00:00
2026-01-16 07:15:00,47.06,07:15:00
2026-01-16 07:30:00,46.88,07:30:00
2026-01-16 07:45:00,47.18,07:45:00
2026-01-16 08:00:00,47.09,08:00:00
2026-01-16 08:15:00,47.49,08:15:00
2026-01-16 08:30:00,47.76,08:30:00
2026-01-16 08:45:00,47.8,08:45:00
2026-01-16 09:00:00,48.16,09:00:00
2026-01-16 09:15:00,48.09,09:15:00
2026-01-16 09:30:00,47.92,09:30:00
2026-01-16 09:45:00,47.31,09:45:00
2026-01-16 10:00:00,47.41,10:00:00
2026-01-16 10:15:00,47.64,10:15:00
2026-01-16 10:30:00,47.11,10:30:00
2026-01-16 10:45:00,47.26,10:45:00
2026-01-16 11:00:00,46.03,11:00:00
2026-01-16 11:15:00,45.8,11:15:00
2026-01-16 11:30:00,45.85,11:30:00
2026-01-16 11:45:00,45.0,11:45:00
2026-01-16 12:00:00,44.98,12:00:00
2026-01-16 12:15:00,46.83,12:15:00
2026-01-16 12:30:00,46.8,12:30:00
2026-01-16 12:45:00,46.73,12:45:00
2026-01-16 13:00:00,46.54,13:00:00
2026-01-16 13:15:00,47.66,13:15:00
2026-01-16 13:30:00,47.68,13:30:00
2026-01-16 13:45:00,48.1,13:45:00
2026-01-16 14:00:00,47.4,14:00:00
2026-01-16 14:15:00,47.64,14:15:00
2026-01-16 14:30:00,49.54,14:30:00
2026-01-16 14:45:00,49.59,14:45:00
2026-01-16 15:00:00,49.66,15:00:00
2026-01-16 15:15:00,49.19,15:15:00
2026-01-16 15:30:00,48.81,15:30:00
2026-01-16 15:45:00,49.09,15:45:00
2026-01-16 16:00:00,49.02,16:00:00
2026-01-16 16:15:00,48.31,16:15:00
2026-01-16 16:30:00,48.95,16:30:00
2026-01-16 16:45:00,49.05,16:45:00
2026-01-16 17:00:00,48.88,17:00:00
2026-01-16 17:15:00,48.7,17:15:00
2026-01-16 17:30:00,48.69,17:30:00
2026-01-16 17:45:00,48.33,17:45:00
2026-01-16 18:00:00,48.84,18:00:00
2026-01-16 18:15:00,49.19,18:15:00
2026-01-16 18:30:00,49.0,18:30:00
2026-01-16 18:45:00,49.12,18:45:00
2026-01-16 19:00:00,49.23,19:00:00
2026-01-16 19:15:00,49.32,19:15:00
2026-01-16 19:30:00,49.59,19:30:00
2026-01-16 19:45:00,49.26,19:45:00
2026-01-16 20:00:00,49.52,20:00:00
2026-01-16 20:15:00,49.52,20:15:00
2026-01-16 20:30:00,49.43,20:30:00
2026-01-16 20:45:00,48.17,20:45:00
2026-01-16 21:00:00,47.9,21:00:00
2026-01-16 21:15:00,48.33,21:15:00
2026-01-16 21:30:00,48.93,21:30:00
2026-01-16 21:45:00,48.03,21:45:00
2026-01-16 22:00:00,48.24,22:00:00
2026-01-16 22:15:00,48.32,22:15:00
2026-01-16 22:30:00,50.53,22:30:00
2026-01-16 22:45:00,49.05,22:45:00
2026-01-16 23:00:00,49.42,23:00:00
2026-01-16 23:15:00,50.15,23:15:00
2026-01-16 23:30:00,48.06,23:30:00
2026-01-16 23:45:00,46.23,23:45:00
2026-01-17 00:00:00,47.41,00:00:00
2026-01-17 00:15:00,46.94,00:15:00
2026-01-17 00:30:00,46.49,00:30:00
2026-01-17 00:45:00,46.2,00:45:00
2026-01-17 01:00:00,44.69,01:00:00
2026-01-17 01:15:00,44.86,01:15:00
2026-01-17 01:30:00,45.39,01:30:00
2026-01-17 01:45:00,43.58,01:45:00
2026-01-17 02:00:00,44.38,02:00:00
2026-01-17 02:15:00,44.85,02:15:00
2026-01-17 02:30:00,44.25,02:30:00
2026-01-17 02:45:00,43.78,02:45:00
2026-01-17 03:00:00,43.44,03:00:00
2026-01-17 03:15:00,42.8,03:15:00
2026-01-17 03:30:00,42.71,03:30:00
2026-01-17 03:45:00,42.25,03:45:00
2026-01-17 04:00:00,42.37,04:00:00
2026-01-17 04:15:00,43.1,04:15:00
2026-01-17 04:30:00,42.76,04:30:00
2026-01-17 04:45:00,43.65,04:45:00
2026-01-17 05:00:00,44.61,05:00:00
2026-01-17 05:15:00,47.03,05:15:00
2026-01-17 05:30:00,46.35,05:30:00
2026-01-17 05:45:00,46.71,05:45:00
2026-01-17 06:00:00,46.89,06:00:00
2026-01-17 06:15:00,48.24,06:15:00
2026-01-17 06:30:00,49.1,06:30:00
2026-01-17 06:45:00,50.01,06:45:00
2026-01-17 07:00:00,52.42,07:00:00
2026-01-17 07:15:00,52.78,07:15:00
2026-01-17 07:30:00,52.86,07:30:00
2026-01-17 07:45:00,52.86,07:45:00
2026-01-17 08:00:00,50.65,08:00:00
2026-01-17 08:15:00,50.05,08:15:00
2026-01-17 08:30:00,49.49,08:30:00
2026-01-17 08:45:00,49.98,08:45:00
2026-01-17 09:00:00,49.62,09:00:00
2026-01-17 09:15:00,49.13,09:15:00
2026-01-17 09:30:00,49.24,09:30:00
2026-01-17 09:45:00,49.07,09:45:00
2026-01-17 10:00:00,48.39,10:00:00
2026-01-17 10:15:00,48.57,10:15:00
2026-01-17 10:30:00,47.96,10:30:00
2026-01-17 10:45:00,47.5,10:45:00
2026-01-17 11:00:00,48.75,11:00:00
2026-01-17 11:15:00,48.82,11:15:00
2026-01-17 11:30:00,49.6,11:30:00
2026-01-17 11:45:00,49.04,11:45:00
2026-01-17 12:00:00,49.62,12:00:00
2026-01-17 12:15:00,49.7,12:15:00
2026-01-17 12:30:00,49.35,12:30:00
2026-01-17 12:45:00,48.91,12:45:00
2026-01-17 13:00:00,50.04,13:00:00
2026-01-17 13:15:00,49.78,13:15:00
2026-01-17 13:30:00,48.88,13:30:00
2026-01-17 13:45:00,48.22,13:45:00
2026-01-17 14:00:00,48.25,14:00:00
2026-01-17 14:15:00,47.27,14:15:00
2026-01-17 14:30:00,49.15,14:30:00
2026-01-17 14:45:00,49.74,14:45:00
2026-01-17 15:00:00,49.6,15:00:00
2026-01-17 15:15:00,49.02,15:15:00
2026-01-17 15:30:00,49.59,15:30:00
2026-01-17 15:45:00,48.97,15:45:00
2026-01-17 16:00:00,48.66,16:00:00
2026-01-17 16:15:00,49.79,16:15:00
2026-01-17 16:30:00,49.93,16:30:00
2026-01-17 16:45:00,49.28,16:45:00
2026-01-17 17:00:00,49.37,17:00:00
2026-01-17 17:15:00,49.3,17:15:00
2026-01-17 17:30:00,49.46,17:30:00
2026-01-17 17:45:00,49.7,17:45:00
2026-01-17 18:00:00,49.71,18:00:00
2026-01-17 18:15:00,49.39,18:15:00
2026-01-17 18:30:00,49.54,18:30:00
2026-01-17 18:45:00,49.2,18:45:00
2026-01-17 19:00:00,49.3,19:00:00
2026-01-17 19:15:00,49.19,19:15:00
2026-01-17 19:30:00,48.76,19:30:00
2026-01-17 19:45:00,47.9,19:45:00
2026-01-17 20:00:00,48.13,20:00:00
2026-01-17 20:15:00,48.39,20:15:00
2026-01-17 20:30:00,46.97,20:30:00
2026-01-17 20:45:00,46.06,20:45:00
2026-01-17 21:00:00,47.53,21:00:00
2026-01-17 21:15:00,46.7,21:15:00
2026-01-17 21:30:00,47.35,21:30:00
2026-01-17 21:45:00,46.45,21:45:00
2026-01-17 22:00:00,47.86,22:00:00
2026-01-17 22:15:00,47.8,22:15:00
2026-01-17 22:30:00,48.24,22:30:00
2026-01-17 22:45:00,48.1,22:45:00
2026-01-17 23:00:00,47.36,23:00:00
2026-01-17 23:15:00,46.27,23:15:00
2026-01-17 23:30:00,43.41,23:30:00
2026-01-17 23:45:00,40.49,23:45:00
2026-01-18 00:00:00,40.65,00:00:00
2026-01-18 00:15:00,38.45,00:15:00
2026-01-18 00:30:00,36.08,00:30:00
2026-01-18 00:45:00,34.61,00:45:00
2026-01-18 01:00:00,34.33,01:00:00
2026-01-18 01:15:00,34.04,01:15:00
2026-01-18 01:30:00,33.76,01:30:00
2026-01-18 01:45:00,32.72,01:45:00
2026-01-18 02:00:00,33.12,02:00:00
2026-01-18 02:15:00,32.35,02:15:00
2026-01-18 02:30:00,32.28,02:30:00
2026-01-18 02:45:00,31.81,02:45:00
2026-01-18 03:00:00,32.88,03:00:00
2026-01-18 03:15:00,33.02,03:15:00
2026-01-18 03:30:00,33.05,03:30:00
2026-01-18 03:45:00,32.47,03:45:00
2026-01-18 04:00:00,32.65,04:00:00
2026-01-18 04:15:00,32.4,04:15:00
2026-01-18 04:30:00,33.41,04:30:00
2026-01-18 04:45:00,33.62,04:45:00
2026-01-18 05:00:00,32.56,05:00:00
2026-01-18 05:15:00,32.78,05:15:00
2026-01-18 05:30:00,32.6,05:30:00
2026-01-18 05:45:00,32.29,05:45:00
2026-01-18 06:00:00,31.47,06:00:00
2026-01-18 06:15:00,32.13,06:15:00
2026-01-18 06:30:00,31.74,06:30:00
2026-01-18 06:45:00,32.79,06:45:00
2026-01-18 07:00:00,32.59,07:00:00
2026-01-18 07:15:00,34.06,07:15:00
2026-01-18 07:30:00,34.07,07:30:00
2026-01-18 07:45:00,34.82,07:45:00
2026-01-18 08:00:00,35.77,08:00:00
2026-01-18 08:15:00,35.48,08:15:00
2026-01-18 08:30:00,34.11,08:30:00
2026-01-18 08:45:00,33.39,08:45:00
2026-01-18 09:00:00,33.4,09:00:00
2026-01-18 09:15:00,33.33,09:15:00
2026-01-18 09:30:00,34.13,09:30:00
2026-01-18 09:45:00,35.88,09:45:00
2026-01-18 10:00:00,35.63,10:00:00
2026-01-18 10:15:00,35.01,10:15:00
2026-01-18 10:30:00,34.91,10:30:00
2026-01-18 10:45:00,35.2,10:45:00
2026-01-18 11:00:00,35.9,11:00:00
2026-01-18 11:15:00,35.78,11:15:00
2026-01-18 11:30:00,37.03,11:30:00
2026-01-18 11:45:00,36.79,11:45:00
2026-01-18 12:00:00,36.38,12:00:00
2026-01-18 12:15:00,35.31,12:15:00
2026-01-18 12:30:00,34.19,12:30:00
2026-01-18 12:45:00,34.54,12:45:00
2026-01-18 13:00:00,34.82,13:00:00
2026-01-18 13:15:00,35.68,13:15:00
2026-01-18 13:30:00,36.09,13:30:00
2026-01-18 13:45:00,36.31,13:45:00
2026-01-18 14:00:00,36.83,14:00:00
2026-01-18 14:15:00,37.38,14:15:00
2026-01-18 14:30:00,39.47,14:30:00
2026-01-18 14:45:00,42.53,14:45:00
2026-01-18 15:00:00,45.95,15:00:00
2026-01-18 15:15:00,47.64,15:15:00
2026-01-18 15:30:00,49.73,15:30:00
2026-01-18 15:45:00,49.49,15:45:00
2026-01-18 16:00:00,49.64,16:00:00
2026-01-18 16:15:00,50.87,16:15:00
2026-01-18 16:30:00,51.04,16:30:00
2026-01-18 16:45:00,51.02,16:45:00
2026-01-18 17:00:00,50.58,17:00:00
2026-01-18 17:15:00,50.61,17:15:00
2026-01-18 17:30:00,50.98,17:30:00
2026-01-18 17:45:00,51.65,17:45:00
2026-01-18 18:00:00,53.01,18:00:00
2026-01-18 18:15:00,53.61,18:15:00
2026-01-18 18:30:00,53.54,18:30:00
2026-01-18 18:45:00,53.55,18:45:00
2026-01-18 19:00:00,54.17,19:00:00
2026-01-18 19:15:00,53.86,19:15:00
2026-01-18 19:30:00,53.73,19:30:00
2026-01-18 19:45:00,53.07,19:45:00
2026-01-18 20:00:00,51.88,20:00:00
2026-01-18 20:15:00,50.99,20:15:00
2026-01-18 20:30:00,50.94,20:30:00
2026-01-18 20:45:00,50.13,20:45:00
2026-01-18 21:00:00,49.72,21:00:00
2026-01-18 21:15:00,50.34,21:15:00
2026-01-18 21:30:00,51.22,21:30:00
2026-01-18 21:45:00,51.0,21:45:00
2026-01-18 22:00:00,51.37,22:00:00
2026-01-18 22:15:00,51.01,22:15:00
2026-01-18 22:30:00,51.65,22:30:00
2026-01-18 22:45:00,50.86,22:45:00
2026-01-18 23:00:00,51.24,23:00:00
2026-01-18 23:15:00,51.07,23:15:00
2026-01-18 23:30:00,48.39,23:30:00
2026-01-18 23:45:00,47.58,23:45:00
2026-01-19 00:00:00,48.85,00:00:00
2026-01-19 00:15:00,47.16,00:15:00
2026-01-19 00:30:00,48.06,00:30:00
2026-01-19 00:45:00,48.94,00:45:00
2026-01-19 01:00:00,48.86,01:00:00
2026-01-19 01:15:00,47.68,01:15:00
2026-01-19 01:30:00,47.06,01:30:00
2026-01-19 01:45:00,47.53,01:45:00
2026-01-19 02:00:00,49.32,02:00:00
2026-01-19 02:15:00,50.57,02:15:00
2026-01-19 02:30:00,50.3,02:30:00
2026-01-19 02:45:00,50.59,02:45:00
2026-01-19 03:00:00,51.18,03:00:00
2026-01-19 03:15:00,51.09,03:15:00
2026-01-19 03:30:00,50.8,03:30:00
2026-01-19 03:45:00,49.72,03:45:00
2026-01-19 04:00:00,49.82,04:00:00
2026-01-19 04:15:00,49.79,04:15:00
2026-01-19 04:30:00,50.84,04:30:00
2026-01-19 04:45:00,51.01,04:45:00
2026-01-19 05:00:00,52.49,05:00:00
2026-01-19 05:15:00,52.58,05:15:00
2026-01-19 05:30:00,51.18,05:30:00
2026-01-19 05:45:00,55.2,05:45:00
2026-01-19 06:00:00,61.39,06:00:00
2026-01-19 06:15:00,63.24,06:15:00
2026-01-19 06:30:00,64.16,06:30:00
2026-01-19 06:45:00,64.75,06:45:00
2026-01-19 07:00:00,60.37,07:00:00
2026-01-19 07:15:00,59.72,07:15:00
2026-01-19 07:30:00,59.64,07:30:00
2026-01-19 07:45:00,58.99,07:45:00
2026-01-19 08:00:00,58.87,08:00:00
2026-01-19 08:15:00,59.08,08:15:00
2026-01-19 08:30:00,58.92,08:30:00
2026-01-19 08:45:00,57.87,08:45:00
2026-01-19 09:00:00,58.54,09:00:00
2026-01-19 09:15:00,58.69,09:15:00
2026-01-19 09:30:00,57.82,09:30:00
2026-01-19 09:45:00,58.12,09:45:00
2026-01-19 10:00:00,58.93,10:00:00
2026-01-19 10:15:00,58.08,10:15:00
2026-01-19 10:30:00,58.32,10:30:00
2026-01-19 10:45:00,58.47,10:45:00
2026-01-19 11:00:00,58.29,11:00:00
2026-01-19 11:15:00,58.25,11:15:00
2026-01-19 11:30:00,59.02,11:30:00
2026-01-19 11:45:00,57.7,11:45:00
2026-01-19 12:00:00,56.28,12:00:00
2026-01-19 12:15:00,55.39,12:15:00
2026-01-19 12:30:00,55.39,12:30:00
2026-01-19 12:45:00,55.54,12:45:00
2026-01-19 13:00:00,56.77,13:00:00
2026-01-19 13:15:00,57.99,13:15:00
2026-01-19 13:30:00,58.22,13:30:00
2026-01-19 13:45:00,58.27,13:45:00
2026-01-19 14:00:00,58.38,14:00:00
2026-01-19 14:15:00,58.58,14:15:00
2026-01-19 14:30:00,58.79,14:30:00
2026-01-19 14:45:00,58.12,14:45:00
2026-01-19 15:00:00,56.8,15:00:00
2026-01-19 15:15:00,57.17,15:15:00
2026-01-19 15:30:00,57.44,15:30:00
2026-01-19 15:45:00,57.79,15:45:00
2026-01-19 16:00:00,57.65,16:00:00
2026-01-19 16:15:00,57.54,16:15:00
2026-01-19 16:30:00,57.96,16:30:00
2026-01-19 16:45:00,57.97,16:45:00
2026-01-19 17:00:00,58.09,17:00:00
2026-01-19 17:15:00,57.86,17:15:00
2026-01-19 17:30:00,57.35,17:30:00
2026-01-19 17:45:00,57.0,17:45:00
2026-01-19 18:00:00,56.5,18:00:00
2026-01-19 18:15:00,56.17,18:15:00
2026-01-19 18:30:00,55.43,18:30:00
2026-01-19 18:45:00,54.79,18:45:00
2026-01-19 19:00:00,56.05,19:00:00
2026-01-19 19:15:00,57.83,19:15:00
2026-01-19 19:30:00,57.34,19:30:00
2026-01-19 19:45:00,57.37,19:45:00
2026-01-19 20:00:00,57.99,20:00:00
2026-01-19 20:15:00,57.89,20:15:00
2026-01-19 20:30:00,58.51,20:30:00
2026-01-19 20:45:00,58.32,20:45:00
2026-01-19 21:00:00,56.9,21:00:00
2026-01-19 21:15:00,56.87,21:15:00
2026-01-19 21:30:00,57.86,21:30:00
2026-01-19 21:45:00,58.52,21:45:00
2026-01-19 22:00:00,58.73,22:00:00
2026-01-19 22:15:00,58.54,22:15:00
2026-01-19 22:30:00,58.54,22:30:00
2026-01-19 22:45:00,55.39,22:45:00
2026-01-19 23:00:00,53.81,23:00:00
2026-01-19 23:15:00,52.55,23:15:00
2026-01-19 23:30:00,47.97,23:30:00
2026-01-19 23:45:00,41.6,23:45:00
2026-01-20 00:00:00,42.22,00:00:00
2026-01-20 00:15:00,43.13,00:15:00
2026-01-20 00:30:00,42.85,00:30:00
2026-01-20 00:45:00,44.53,00:45:00
2026-01-20 01:00:00,46.73,01:00:00
2026-01-20 01:15:00,48.0,01:15:00
2026-01-20 01:30:00,46.5,01:30:00
2026-01-20 01:45:00,43.87,01:45:00
2026-01-20 02:00:00,45.02,02:00:00
2026-01-20 02:15:00,44.93,02:15:00
2026-01-20 02:30:00,44.59,02:30:00
2026-01-20 02:45:00,43.53,02:45:00
2026-01-20 03:00:00,43.72,03:00:00
2026-01-20 03:15:00,43.85,03:15:00
2026-01-20 03:30:00,43.55,03:30:00
2026-01-20 03:45:00,42.71,03:45:00
2026-01-20 04:00:00,42.79,04:00:00
2026-01-20 04:15:00,43.24,04:15:00
2026-01-20 04:30:00,43.65,04:30:00
2026-01-20 04:45:00,44.76,04:45:00
2026-01-20 05:00:00,45.12,05:00:00
2026-01-20 05:15:00,45.84,05:15:00
2026-01-20 05:30:00,47.2,05:30:00
2026-01-20 05:45:00,49.28,05:45:00
2026-01-20 06:00:00,51.59,06:00:00
2026-01-20 06:15:00,52.3,06:15:00
2026-01-20 06:30:00,52.81,06:30:00
2026-01-20 06:45:00,53.46,06:45:00
2026-01-20 07:00:00,51.54,07:00:00
2026-01-20 07:15:00,51.23,07:15:00
2026-01-20 07:30:00,51.43,07:30:00
2026-01-20 07:45:00,51.66,07:45:00
2026-01-20 08:00:00,51.82,08:00:00
2026-01-20 08:15:00,52.16,08:15:00
2026-01-20 08:30:00,51.86,08:30:00
2026-01-20 08:45:00,50.6,08:45:00
2026-01-20 09:00:00,50.06,09:00:00
2026-01-20 09:15:00,49.36,09:15:00
2026-01-20 09:30:00,47.8,09:30:00
2026-01-20 09:45:00,46.22,09:45:00
2026-01-20 10:00:00,46.7,10:00:00
2026-01-20 10:15:00,46.22,10:15:00
2026-01-20 10:30:00,44.59,10:30:00
2026-01-20 10:45:00,43.34,10:45:00
2026-01-20 11:00:00,42.04,11:00:00
2026-01-20 11:15:00,42.05,11:15:00
2026-01-20 11:30:00,42.26,11:30:00
2026-01-20 11:45:00,41.44,11:45:00
2026-01-20 12:00:00,40.88,12:00:00
2026-01-20 12:15:00,40.31,12:15:00
2026-01-20 12:30:00,40.15,12:30:00
2026-01-20 12:45:00,40.2,12:45:00
2026-01-20 13:00:00,41.6,13:00:00
2026-01-20 13:15:00,42.17,13:15:00
2026-01-20 13:30:00,42.64,13:30:00
2026-01-20 13:45:00,41.59,13:45:00
2026-01-20 14:00:00,40.41,14:00:00
2026-01-20 14:15:00,39.98,14:15:00
2026-01-20 14:30:00,40.55,14:30:00
2026-01-20 14:45:00,41.2,14:45:00
2026-01-20 15:00:00,41.49,15:00:00
2026-01-20 15:15:00,42.38,15:15:00
2026-01-20 15:30:00,42.84,15:30:00
2026-01-20 15:45:00,43.51,15:45:00
2026-01-20 16:00:00,44.11,16:00:00
2026-01-20 16:15:00,45.18,16:15:00
2026-01-20 16:30:00,45.67,16:30:00
2026-01-20 16:45:00,46.23,16:45:00
2026-01-20 17:00:00,46.27,17:00:00
2026-01-20 17:15:00,45.37,17:15:00
2026-01-20 17:30:00,43.56,17:30:00
2026-01-20 17:45:00,43.1,17:45:00
2026-01-20 18:00:00,43.61,18:00:00
2026-01-20 18:15:00,43.36,18:15:00
2026-01-20 18:30:00,43.0,18:30:00
2026-01-20 18:45:00,42.97,18:45:00
2026-01-20 19:00:00,43.03,19:00:00
2026-01-20 19:15:00,42.38,19:15:00
2026-01-20 19:30:00,40.56,19:30:00
2026-01-20 19:45:00,40.19,19:45:00
2026-01-20 20:00:00,38.67,20:00:00
2026-01-20 20:15:00,39.21,20:15:00
2026-01-20 20:30:00,39.94,20:30:00
2026-01-20 20:45:00,38.65,20:45:00
2026-01-20 21:00:00,36.88,21:00:00
2026-01-20 21:15:00,36.93,21:15:00
2026-01-20 21:30:00,37.73,21:30:00
2026-01-20 21:45:00,38.24,21:45:00
2026-01-20 22:00:00,38.17,22:00:00
2026-01-20 22:15:00,35.79,22:15:00
2026-01-20 22:30:00,33.46,22:30:00
2026-01-20 22:45:00,32.47,22:45:00
2026-01-20 23:00:00,31.74,23:00:00
2026-01-20 23:15:00,29.19,23:15:00
2026-01-20 23:30:00,26.96,23:30:00
2026-01-20 23:45:00,26.01,23:45:00
2026-01-21 00:00:00,24.61,00:00:00
2026-01-21 00:15:00,24.62,00:15:00
2026-01-21 00:30:00,25.26,00:30:00
2026-01-21 00:45:00,25.39,00:45:00
2026-01-21 01:00:00,25.4,01:00:00
2026-01-21 01:15:00,25.98,01:15:00
2026-01-21 01:30:00,25.11,01:30:00
2026-01-21 01:45:00,24.42,01:45:00
2026-01-21 02:00:00,24.7,02:00:00
2026-01-21 02:15:00,24.76,02:15:00
2026-01-21 02:30:00,23.99,02:30:00
2026-01-21 02:45:00,23.81,02:45:00
2026-01-21 03:00:00,23.91,03:00:00
2026-01-21 03:15:00,24.28,03:15:00
2026-01-21 03:30:00,24.25,03:30:00
2026-01-21 03:45:00,23.76,03:45:00
2026-01-21 04:00:00,23.75,04:00:00
2026-01-21 04:15:00,23.88,04:15:00
2026-01-21 04:30:00,23.84,04:30:00
2026-01-21 04:45:00,23.93,04:45:00
2026-01-21 05:00:00,24.39,05:00:00
2026-01-21 05:15:00,25.21,05:15:00
2026-01-21 05:30:00,26.07,05:30:00
2026-01-21 05:45:00,26.82,05:45:00
2026-01-21 06:00:00,27.67,06:00:00
2026-01-21 06:15:00,28.61,06:15:00
2026-01-21 06:30:00,29.37,06:30:00
2026-01-21 06:45:00,29.49,06:45:00
2026-01-21 07:00:00,29.34,07:00:00
2026-01-21 07:15:00,29.18,07:15:00
2026-01-21 07:30:00,28.98,07:30:00
2026-01-21 07:45:00,28.93,07:45:00
2026-01-21 08:00:00,28.69,08:00:00
2026-01-21 08:15:00,28.59,08:15:00
2026-01-21 08:30:00,28.48,08:30:00
2026-01-21 08:45:00,28.35,08:45:00
2026-01-21 09:00:00,26.77,09:00:00
2026-01-21 09:15:00,25.62,09:15:00
2026-01-21 09:30:00,24.01,09:30:00
2026-01-21 09:45:00,22.27,09:45:00
2026-01-21 10:00:00,22.66,10:00:00
2026-01-21 10:15:00,22.51,10:15:00
2026-01-21 10:30:00,22.54,10:30:00
2026-01-21 10:45:00,22.35,10:45:00
2026-01-21 11:00:00,22.5,11:00:00
2026-01-21 11:15:00,21.62,11:15:00
2026-01-21 11:30:00,21.21,11:30:00
2026-01-21 11:45:00,20.63,11:45:00
2026-01-21 12:00:00,21.17,12:00:00
2026-01-21 12:15:00,21.31,12:15:00
2026-01-21 12:30:00,21.56,12:30:00
2026-01-21 12:45:00,21.81,12:45:00
2026-01-21 13:00:00,23.25,13:00:00
2026-01-21 13:15:00,23.76,13:15:00
2026-01-21 13:30:00,23.29,13:30:00
2026-01-21 13:45:00,23.58,13:45:00
2026-01-21 14:00:00,24.36,14:00:00
2026-01-21 14:15:00,24.5,14:15:00
2026-01-21 14:30:00,24.67,14:30:00
2026-01-21 14:45:00,25.62,14:45:00
2026-01-21 15:00:00,25.19,15:00:00
2026-01-21 15:15:00,25.19,15:15:00
2026-01-21 15:30:00,25.92,15:30:00
2026-01-21 15:45:00,25.26,15:45:00
2026-01-21 16:00:00,26.09,16:00:00
2026-01-21 16:15:00,27.19,16:15:00
2026-01-21 16:30:00,27.15,16:30:00
2026-01-21 16:45:00,26.93,16:45:00
2026-01-21 17:00:00,26.82,17:00:00
2026-01-21 17:15:00,26.71,17:15:00
2026-01-21 17:30:00,26.85,17:30:00
2026-01-21 17:45:00,26.99,17:45:00
2026-01-21 18:00:00,27.02,18:00:00
2026-01-21 18:15:00,26.98,18:15:00
2026-01-21 18:30:00,26.76,18:30:00
2026-01-21 18:45:00,25.67,18:45:00
2026-01-21 19:00:00,25.37,19:00:00
2026-01-21 19:15:00,25.19,19:15:00
2026-01-21 19:30:00,25.3,19:30:00
2026-01-21 19:45:00,25.45,19:45:00
2026-01-21 20:00:00,25.41,20:00:00
2026-01-21 20:15:00,25.5,20:15:00
2026-01-21 20:30:00,24.59,20:30:00
2026-01-21 20:45:00,23.47,20:45:00
2026-01-21 21:00:00,24.02,21:00:00
2026-01-21 21:15:00,25.01,21:15:00
2026-01-21 21:30:00,25.07,21:30:00
2026-01-21 21:45:00,24.89,21:45:00
2026-01-21 22:00:00,23.78,22:00:00
2026-01-21 22:15:00,23.65,22:15:00
2026-01-21 22:30:00,24.95,22:30:00
2026-01-21 22:45:00,25.43,22:45:00
2026-01-21 23:00:00,25.61,23:00:00
2026-01-21 23:15:00,25.13,23:15:00
2026-01-21 23:30:00,24.09,23:30:00
2026-01-21 23:45:00,23.86,23:45:00
2026-01-22 00:00:00,24.24,00:00:00
2026-01-22 00:15:00,23.78,00:15:00
2026-01-22 00:30:00,23.6,00:30:00
2026-01-22 00:45:00,23.86,00:45:00
2026-01-22 01:00:00,23.82,01:00:00
2026-01-22 01:15:00,24.05,01:15:00
2026-01-22 01:30:00,24.33,01:30:00
2026-01-22 01:45:00,24.59,01:45:00
2026-01-22 02:00:00,24.79,02:00:00
2026-01-22 02:15:00,24.93,02:15:00
2026-01-22 02:30:00,24.96,02:30:00
2026-01-22 02:45:00,25.31,02:45:00
2026-01-22 03:00:00,25.25,03:00:00
2026-01-22 03:15:00,25.38,03:15:00
2026-01-22 03:30:00,25.49,03:30:00
2026-01-22 03:45:00,25.64,03:45:00
2026-01-22 04:00:00,25.54,04:00:00
2026-01-22 04:15:00,25.61,04:15:00
2026-01-22 04:30:00,26.24,04:30:00
2026-01-22 04:45:00,27.05,04:45:00
2026-01-22 05:00:00,27.19,05:00:00
2026-01-22 05:15:00,29.55,05:15:00
2026-01-22 05:30:00,31.13,05:30:00
2026-01-22 05:45:00,31.96,05:45:00
2026-01-22 06:00:00,35.34,06:00:00
2026-01-22 06:15:00,38.03,06:15:00
2026-01-22 06:30:00,40.27,06:30:00
2026-01-22 06:45:00,41.72,06:45:00
2026-01-22 07:00:00,42.4,07:00:00
2026-01-22 07:15:00,42.97,07:15:00
2026-01-22 07:30:00,42.71,07:30:00
2026-01-22 07:45:00,42.69,07:45:00
2026-01-22 08:00:00,43.13,08:00:00
2026-01-22 08:15:00,43.21,08:15:00
2026-01-22 08:30:00,43.26,08:30:00
2026-01-22 08:45:00,43.4,08:45:00
2026-01-22 09:00:00,43.14,09:00:00
2026-01-22 09:15:00,42.8,09:15:00
2026-01-22 09:30:00,42.69,09:30:00
2026-01-22 09:45:00,42.15,09:45:00
2026-01-22 10:00:00,42.05,10:00:00
2026-01-22 10:15:00,40.83,10:15:00
2026-01-22 10:30:00,39.75,10:30:00
2026-01-22 10:45:00,38.72,10:45:00
2026-01-22 11:00:00,38.19,11:00:00
2026-01-22 11:15:00,37.25,11:15:00
2026-01-22 11:30:00,36.97,11:30:00
2026-01-22 11:45:00,36.12,11:45:00
2026-01-22 12:00:00,36.3,12:00:00
2026-01-22 12:15:00,36.1,12:15:00
2026-01-22 12:30:00,34.85,12:30:00
2026-01-22 12:45:00,33.94,12:45:00
2026-01-22 13:00:00,36.13,13:00:00
2026-01-22 13:15:00,35.84,13:15:00
2026-01-22 13:30:00,35.5,13:30:00
2026-01-22 13:45:00,36.25,13:45:00
2026-01-22 14:00:00,36.71,14:00:00
2026-01-22 14:15:00,36.86,14:15:00
2026-01-22 14:30:00,38.66,14:30:00
2026-01-22 14:45:00,39.99,14:45:00
2026-01-22 15:00:00,39.48,15:00:00
2026-01-22 15:15:00,39.39,15:15:00
2026-01-22 15:30:00,40.84,15:30:00
2026-01-22 15:45:00,41.94,15:45:00
2026-01-22 16:00:00,42.19,16:00:00
2026-01-22 16:15:00,42.61,16:15:00
2026-01-22 16:30:00,43.03,16:30:00
2026-01-22 16:45:00,43.03,16:45:00
2026-01-22 17:00:00,42.9,17:00:00
2026-01-22 17:15:00,42.65,17:15:00
2026-01-22 17:30:00,42.17,17:30:00
2026-01-22 17:45:00,42.05,17:45:00
2026-01-22 18:00:00,41.97,18:00:00
2026-01-22 18:15:00,41.95,18:15:00
2026-01-22 18:30:00,41.99,18:30:00
2026-01-22 18:45:00,42.0,18:45:00
2026-01-22 19:00:00,42.4,19:00:00
2026-01-22 19:15:00,42.28,19:15:00
2026-01-22 19:30:00,41.86,19:30:00
2026-01-22 19:45:00,41.43,19:45:00
2026-01-22 20:00:00,40.94,20:00:00
2026-01-22 20:15:00,40.59,20:15:00
2026-01-22 20:30:00,39.02,20:30:00
2026-01-22 20:45:00,37.38,20:45:00
2026-01-22 21:00:00,36.98,21:00:00
2026-01-22 21:15:00,35.76,21:15:00
2026-01-22 21:30:00,36.26,21:30:00
2026-01-22 21:45:00,36.23,21:45:00
2026-01-22 22:00:00,35.17,22:00:00
2026-01-22 22:15:00,33.26,22:15:00
2026-01-22 22:30:00,32.99,22:30:00
2026-01-22 22:45:00,32.18,22:45:00
2026-01-22 23:00:00,31.77,23:00:00
2026-01-22 23:15:00,29.62,23:15:00
2026-01-22 23:30:00,28.36,23:30:00
2026-01-22 23:45:00,27.32,23:45:00
2026-01-23 00:00:00,27.13,00:00:00
2026-01-23 00:15:00,27.38,00:15:00
2026-01-23 00:30:00,27.42,00:30:00
2026-01-23 00:45:00,26.55,00:45:00
2026-01-23 01:00:00,26.01,01:00:00
2026-01-23 01:15:00,25.89,01:15:00
2026-01-23 01:30:00,26.18,01:30:00
2026-01-23 01:45:00,26.15,01:45:00
2026-01-23 02:00:00,26.34,02:00:00
2026-01-23 02:15:00,27.17,02:15:00
2026-01-23 02:30:00,26.2,02:30:00
2026-01-23 02:45:00,25.59,02:45:00
2026-01-23 03:00:00,25.99,03:00:00
2026-01-23 03:15:00,26.51,03:15:00
2026-01-23 03:30:00,26.82,03:30:00
2026-01-23 03:45:00,26.25,03:45:00
2026-01-23 04:00:00,26.74,04:00:00
2026-01-23 04:15:00,26.74,04:15:00
2026-01-23 04:30:00,26.29,04:30:00
2026-01-23 04:45:00,26.21,04:45:00
2026-01-23 05:00:00,26.16,05:00:00
2026-01-23 05:15:00,26.44,05:15:00
2026-01-23 05:30:00,27.2,05:30:00
2026-01-23 05:45:00,27.74,05:45:00
2026-01-23 06:00:00,28.9,06:00:00
2026-01-23 06:15:00,28.81,06:15:00
2026-01-23 06:30:00,28.83,06:30:00
2026-01-23 06:45:00,28.78,06:45:00
2026-01-23 07:00:00,28.19,07:00:00
2026-01-23 07:15:00,28.07,07:15:00
2026-01-23 07:30:00,27.95,07:30:00
2026-01-23 07:45:00,27.89,07:45:00
2026-01-23 08:00:00,28.08,08:00:00
2026-01-23 08:15:00,28.07,08:15:00
2026-01-23 08:30:00,28.47,08:30:00
2026-01-23 08:45:00,29.15,08:45:00
2026-01-23 09:00:00,28.81,09:00:00
2026-01-23 09:15:00,28.59,09:15:00
2026-01-23 09:30:00,28.1,09:30:00
2026-01-23 09:45:00,27.6,09:45:00
2026-01-23 10:00:00,27.14,10:00:00
2026-01-23 10:15:00,26.67,10:15:00
2026-01-23 10:30:00,25.67,10:30:00
2026-01-23 10:45:00,25.4,10:45:00
2026-01-23 11:00:00,25.62,11:00:00
2026-01-23 11:15:00,25.58,11:15:00
2026-01-23 11:30:00,25.73,11:30:00
2026-01-23 11:45:00,24.85,11:45:00
2026-01-23 12:00:00,25.01,12:00:00
2026-01-23 12:15:00,25.05,12:15:00
2026-01-23 12:30:00,25.29,12:30:00
2026-01-23 12:45:00,25.37,12:45:00
2026-01-23 13:00:00,25.23,13:00:00
2026-01-23 13:15:00,23.45,13:15:00
2026-01-23 13:30:00,23.08,13:30:00
2026-01-23 13:45:00,23.15,13:45:00
2026-01-23 14:00:00,23.03,14:00:00
2026-01-23 14:15:00,23.21,14:15:00
2026-01-23 14:30:00,23.77,14:30:00
2026-01-23 14:45:00,24.19,14:45:00
2026-01-23 15:00:00,25.76,15:00:00
2026-01-23 15:15:00,27.06,15:15:00
2026-01-23 15:30:00,28.06,15:30:00
2026-01-23 15:45:00,29.62,15:45:00
2026-01-23 16:00:00,31.01,16:00:00
2026-01-23 16:15:00,31.9,16:15:00
2026-01-23 16:30:00,32.39,16:30:00
2026-01-23 16:45:00,32.95,16:45:00
2026-01-23 17:00:00,32.94,17:00:00
2026-01-23 17:15:00,33.07,17:15:00
2026-01-23 17:30:00,32.99,17:30:00
2026-01-23 17:45:00,32.75,17:45:00
2026-01-23 18:00:00,32.81,18:00:00
2026-01-23 18:15:00,33.11,18:15:00
2026-01-23 18:30:00,33.34,18:30:00
2026-01-23 18:45:00,33.15,18:45:00
2026-01-23 19:00:00,33.58,19:00:00
2026-01-23 19:15:00,33.74,19:15:00
2026-01-23 19:30:00,33.86,19:30:00
2026-01-23 19:45:00,33.88,19:45:00
2026-01-23 20:00:00,33.33,20:00:00
2026-01-23 20:15:00,31.98,20:15:00
2026-01-23 20:30:00,30.11,20:30:00
2026-01-23 20:45:00,28.57,20:45:00
2026-01-23 21:00:00,28.63,21:00:00
2026-01-23 21:15:00,28.54,21:15:00
2026-01-23 21:30:00,28.24,21:30:00
2026-01-23 21:45:00,27.81,21:45:00
2026-01-23 22:00:00,27.02,22:00:00
2026-01-23 22:15:00,26.43,22:15:00
2026-01-23 22:30:00,27.24,22:30:00
2026-01-23 22:45:00,27.82,22:45:00
2026-01-23 23:00:00,27.23,23:00:00
2026-01-23 23:15:00,27.01,23:15:00
2026-01-23 23:30:00,25.24,23:30:00
2026-01-23 23:45:00,24.87,23:45:00
2026-01-24 00:00:00,25.62,00:00:00
2026-01-24 00:15:00,25.8,00:15:00
2026-01-24 00:30:00,24.95,00:30:00
2026-01-24 00:45:00,25.28,00:45:00
2026-01-24 01:00:00,25.46,01:00:00
2026-01-24 01:15:00,25.97,01:15:00
2026-01-24 01:30:00,26.04,01:30:00
2026-01-24 01:45:00,26.2,01:45:00
2026-01-24 02:00:00,27.12,02:00:00
2026-01-24 02:15:00,27.8,02:15:00
2026-01-24 02:30:00,27.83,02:30:00
2026-01-24 02:45:00,27.72,02:45:00
2026-01-24 03:00:00,27.59,03:00:00
2026-01-24 03:15:00,28.06,03:15:00
2026-01-24 03:30:00,28.3,03:30:00
2026-01-24 03:45:00,28.0,03:45:00
2026-01-24 04:00:00,27.47,04:00:00
2026-01-24 04:15:00,27.81,04:15:00
2026-01-24 04:30:00,27.36,04:30:00
2026-01-24 04:45:00,26.58,04:45:00
2026-01-24 05:00:00,25.89,05:00:00
2026-01-24 05:15:00,25.47,05:15:00
2026-01-24 05:30:00,25.6,05:30:00
2026-01-24 05:45:00,25.75,05:45:00
2026-01-24 06:00:00,25.99,06:00:00
2026-01-24 06:15:00,26.22,06:15:00
2026-01-24 06:30:00,26.42,06:30:00
2026-01-24 06:45:00,27.49,06:45:00
2026-01-24 07:00:00,27.57,07:00:00
2026-01-24 07:15:00,26.87,07:15:00
2026-01-24 07:30:00,27.45,07:30:00
2026-01-24 07:45:00,27.77,07:45:00
2026-01-24 08:00:00,27.55,08:00:00
2026-01-24 08:15:00,27.21,08:15:00
2026-01-24 08:30:00,27.05,08:30:00
2026-01-24 08:45:00,26.75,08:45:00
2026-01-24 09:00:00,26.42,09:00:00
2026-01-24 09:15:00,26.17,09:15:00
2026-01-24 09:30:00,26.03,09:30:00
2026-01-24 09:45:00,26.15,09:45:00
2026-01-24 10:00:00,26.22,10:00:00
2026-01-24 10:15:00,25.8,10:15:00
2026-01-24 10:30:00,25.47,10:30:00
2026-01-24 10:45:00,25.12,10:45:00
2026-01-24 11:00:00,25.26,11:00:00
2026-01-24 11:15:00,25.07,11:15:00
2026-01-24 11:30:00,23.97,11:30:00
2026-01-24 11:45:00,23.59,11:45:00
2026-01-24 12:00:00,24.12,12:00:00
2026-01-24 12:15:00,25.18,12:15:00
2026-01-24 12:30:00,24.47,12:30:00
2026-01-24 12:45:00,23.89,12:45:00
2026-01-24 13:00:00,24.81,13:00:00
2026-01-24 13:15:00,25.22,13:15:00
2026-01-24 13:30:00,25.83,13:30:00
2026-01-24 13:45:00,25.85,13:45:00
2026-01-24 14:00:00,26.29,14:00:00
2026-01-24 14:15:00,26.64,14:15:00
2026-01-24 14:30:00,26.55,14:30:00
2026-01-24 14:45:00,26.56,14:45:00
2026-01-24 15:00:00,26.68,15:00:00
2026-01-24 15:15:00,27.43,15:15:00
2026-01-24 15:30:00,28.02,15:30:00
2026-01-24 15:45:00,30.01,15:45:00
2026-01-24 16:00:00,30.26,16:00:00
2026-01-24 16:15:00,31.11,16:15:00
2026-01-24 16:30:00,31.18,16:30:00
2026-01-24 16:45:00,31.1,16:45:00
2026-01-24 17:00:00,31.0,17:00:00
2026-01-24 17:15:00,30.87,17:15:00
2026-01-24 17:30:00,30.33,17:30:00
2026-01-24 17:45:00,30.49,17:45:00
2026-01-24 18:00:00,30.57,18:00:00
2026-01-24 18:15:00,30.5,18:15:00
2026-01-24 18:30:00,30.36,18:30:00
2026-01-24 18:45:00,30.18,18:45:00
2026-01-24 19:00:00,29.88,19:00:00
2026-01-24 19:15:00,29.2,19:15:00
2026-01-24 19:30:00,28.5,19:30:00
2026-01-24 19:45:00,28.03,19:45:00
2026-01-24 20:00:00,27.43,20:00:00
2026-01-24 20:15:00,26.27,20:15:00
2026-01-24 20:30:00,26.54,20:30:00
2026-01-24 20:45:00,25.48,20:45:00
2026-01-24 21:00:00,25.06,21:00:00
2026-01-24 21:15:00,25.06,21:15:00
2026-01-24 21:30:00,25.72,21:30:00
2026-01-24 21:45:00,24.61,21:45:00
2026-01-24 22:00:00,23.47,22:00:00
2026-01-24 22:15:00,23.36,22:15:00
2026-01-24 22:30:00,23.38,22:30:00
2026-01-24 22:45:00,23.11,22:45:00
2026-01-24 23:00:00,22.68,23:00:00
2026-01-24 23:15:00,22.59,23:15:00
2026-01-24 23:30:00,21.59,23:30:00
2026-01-24 23:45:00,21.22,23:45:00
2026-01-25 00:00:00,22.62,00:00:00
2026-01-25 00:15:00,22.46,00:15:00
2026-01-25 00:30:00,22.41,00:30:00
2026-01-25 00:45:00,22.72,00:45:00
2026-01-25 01:00:00,22.96,01:00:00
2026-01-25 01:15:00,22.92,01:15:00
2026-01-25 01:30:00,22.45,01:30:00
2026-01-25 01:45:00,22.2,01:45:00
2026-01-25 02:00:00,21.88,02:00:00
2026-01-25 02:15:00,21.58,02:15:00
2026-01-25 02:30:00,21.87,02:30:00
2026-01-25 02:45:00,21.73,02:45:00
2026-01-25 03:00:00,22.07,03:00:00
2026-01-25 03:15:00,21.74,03:15:00
2026-01-25 03:30:00,21.4,03:30:00
2026-01-25 03:45:00,21.66,03:45:00
2026-01-25 04:00:00,22.2,04:00:00
2026-01-25 04:15:00,21.75,04:15:00
2026-01-25 04:30:00,22.27,04:30:00
2026-01-25 04:45:00,22.63,04:45:00
2026-01-25 05:00:00,22.19,05:00:00
2026-01-25 05:15:00,21.53,05:15:00
2026-01-25 05:30:00,21.49,05:30:00
2026-01-25 05:45:00,22.3,05:45:00
2026-01-25 06:00:00,22.52,06:00:00
2026-01-25 06:15:00,22.78,06:15:00
2026-01-25 06:30:00,22.64,06:30:00
2026-01-25 06:45:00,22.79,06:45:00
2026-01-25 07:00:00,22.82,07:00:00
2026-01-25 07:15:00,22.28,07:15:00
2026-01-25 07:30:00,22.12,07:30:00
2026-01-25 07:45:00,22.67,07:45:00
2026-01-25 08:00:00,22.59,08:00:00
2026-01-25 08:15:00,22.25,08:15:00
2026-01-25 08:30:00,21.53,08:30:00
2026-01-25 08:45:00,21.17,08:45:00
2026-01-25 09:00:00,21.41,09:00:00
2026-01-25 09:15:00,22.23,09:15:00
2026-01-25 09:30:00,22.21,09:30:00
2026-01-25 09:45:00,22.12,09:45:00
2026-01-25 10:00:00,21.89,10:00:00
2026-01-25 10:15:00,21.12,10:15:00
2026-01-25 10:30:00,21.0,10:30:00
2026-01-25 10:45:00,21.33,10:45:00
2026-01-25 11:00:00,21.36,11:00:00
2026-01-25 11:15:00,21.38,11:15:00
2026-01-25 11:30:00,21.09,11:30:00
2026-01-25 11:45:00,21.41,11:45:00
2026-01-25 12:00:00,21.33,12:00:00
2026-01-25 12:15:00,20.87,12:15:00
2026-01-25 12:30:00,20.76,12:30:00
2026-01-25 12:45:00,20.73,12:45:00
2026-01-25 13:00:00,20.7,13:00:00
2026-01-25 13:15:00,20.7,13:15:00
2026-01-25 13:30:00,20.61,13:30:00
2026-01-25 13:45:00,21.42,13:45:00
2026-01-25 14:00:00,22.3,14:00:00
2026-01-25 14:15:00,23.55,14:15:00
2026-01-25 14:30:00,24.0,14:30:00
2026-01-25 14:45:00,24.71,14:45:00
2026-01-25 15:00:00,26.0,15:00:00
2026-01-25 15:15:00,29.0,15:15:00
2026-01-25 15:30:00,31.78,15:30:00
2026-01-25 15:45:00,32.8,15:45:00
2026-01-25 16:00:00,33.61,16:00:00
2026-01-25 16:15:00,34.87,16:15:00
2026-01-25 16:30:00,36.63,16:30:00
2026-01-25 16:45:00,38.07,16:45:00
2026-01-25 17:00:00,38.41,17:00:00
2026-01-25 17:15:00,38.63,17:15:00
2026-01-25 17:30:00,38.61,17:30:00
2026-01-25 17:45:00,38.69,17:45:00
2026-01-25 18:00:00,38.97,18:00:00
2026-01-25 18:15:00,39.09,18:15:00
2026-01-25 18:30:00,39.39,18:30:00
2026-01-25 18:45:00,39.96,18:45:00
2026-01-25 19:00:00,40.58,19:00:00
2026-01-25 19:15:00,41.08,19:15:00
2026-01-25 19:30:00,41.13,19:30:00
2026-01-25 19:45:00,40.69,19:45:00
2026-01-25 20:00:00,40.91,20:00:00
2026-01-25 20:15:00,40.54,20:15:00
2026-01-25 20:30:00,41.08,20:30:00
2026-01-25 20:45:00,41.15,20:45:00
2026-01-25 21:00:00,40.98,21:00:00
2026-01-25 21:15:00,40.52,21:15:00
2026-01-25 21:30:00,41.03,21:30:00
2026-01-25 21:45:00,40.78,21:45:00
2026-01-25 22:00:00,40.47,22:00:00
2026-01-25 22:15:00,39.12,22:15:00
2026-01-25 22:30:00,39.26,22:30:00
2026-01-25 22:45:00,39.06,22:45:00
2026-01-25 23:00:00,40.0,23:00:00
2026-01-25 23:15:00,38.4,23:15:00
2026-01-25 23:30:00,35.73,23:30:00
2026-01-25 23:45:00,34.46,23:45:00
2026-01-26 00:00:00,35.33,00:00:00
2026-01-26 00:15:00,34.83,00:15:00
2026-01-26 00:30:00,34.28,00:30:00
2026-01-26 00:45:00,34.1,00:45:00
2026-01-26 01:00:00,35.57,01:00:00
2026-01-26 01:15:00,35.19,01:15:00
2026-01-26 01:30:00,35.15,01:30:00
2026-01-26 01:45:00,35.76,01:45:00
2026-01-26 02:00:00,36.62,02:00:00
2026-01-26 02:15:00,36.55,02:15:00
2026-01-26 02:30:00,36.25,02:30:00
2026-01-26 02:45:00,35.66,02:45:00
2026-01-26 03:00:00,35.87,03:00:00
2026-01-26 03:15:00,35.87,03:15:00
2026-01-26 03:30:00,35.82,03:30:00
2026-01-26 03:45:00,35.74,03:45:00
2026-01-26 04:00:00,35.96,04:00:00
2026-01-26 04:15:00,37.33,04:15:00
2026-01-26 04:30:00,38.59,04:30:00
2026-01-26 04:45:00,40.93,04:45:00
2026-01-26 05:00:00,44.18,05:00:00
2026-01-26 05:15:00,45.33,05:15:00
2026-01-26 05:30:00,46.55,05:30:00
2026-01-26 05:45:00,48.53,05:45:00
2026-01-26 06:00:00,52.59,06:00:00
2026-01-26 06:15:00,52.77,06:15:00
2026-01-26 06:30:00,53.55,06:30:00
2026-01-26 06:45:00,53.65,06:45:00
2026-01-26 07:00:00,54.31,07:00:00
2026-01-26 07:15:00,53.95,07:15:00
2026-01-26 07:30:00,54.07,07:30:00
2026-01-26 07:45:00,54.0,07:45:00
2026-01-26 08:00:00,48.98,08:00:00
2026-01-26 08:15:00,48.61,08:15:00
2026-01-26 08:30:00,48.25,08:30:00
2026-01-26 08:45:00,48.1,08:45:00
2026-01-26 09:00:00,46.96,09:00:00
2026-01-26 09:15:00,46.62,09:15:00
2026-01-26 09:30:00,46.44,09:30:00
2026-01-26 09:45:00,46.78,09:45:00
2026-01-26 10:00:00,46.8,10:00:00
2026-01-26 10:15:00,46.41,10:15:00
2026-01-26 10:30:00,46.37,10:30:00
2026-01-26 10:45:00,46.19,10:45:00
2026-01-26 11:00:00,45.93,11:00:00
2026-01-26 11:15:00,45.35,11:15:00
2026-01-26 11:30:00,45.3,11:30:00
2026-01-26 11:45:00,44.08,11:45:00
2026-01-26 12:00:00,44.78,12:00:00
2026-01-26 12:15:00,44.41,12:15:00
2026-01-26 12:30:00,43.68,12:30:00
2026-01-26 12:45:00,43.33,12:45:00
2026-01-26 13:00:00,43.69,13:00:00
2026-01-26 13:15:00,43.82,13:15:00
2026-01-26 13:30:00,44.13,13:30:00
2026-01-26 13:45:00,44.76,13:45:00
2026-01-26 14:00:00,45.28,14:00:00
2026-01-26 14:15:00,45.84,14:15:00
2026-01-26 14:30:00,46.07,14:30:00
2026-01-26 14:45:00,46.63,14:45:00
2026-01-26 15:00:00,47.29,15:00:00
2026-01-26 15:15:00,47.58,15:15:00
2026-01-26 15:30:00,48.1,15:30:00
2026-01-26 15:45:00,48.62,15:45:00
2026-01-26 16:00:00,48.84,16:00:00
2026-01-26 16:15:00,48.89,16:15:00
2026-01-26 16:30:00,48.79,16:30:00
2026-01-26 16:45:00,48.47,16:45:00
2026-01-26 17:00:00,48.03,17:00:00
2026-01-26 17:15:00,47.85,17:15:00
2026-01-26 17:30:00,47.53,17:30:00
2026-01-26 17:45:00,47.4,17:45:00
2026-01-26 18:00:00,47.16,18:00:00
2026-01-26 18:15:00,47.09,18:15:00
2026-01-26 18:30:00,47.1,18:30:00
2026-01-26 18:45:00,47.26,18:45:00
2026-01-26 19:00:00,46.97,19:00:00
2026-01-26 19:15:00,45.97,19:15:00
2026-01-26 19:30:00,43.92,19:30:00
2026-01-26 19:45:00,41.52,19:45:00
2026-01-26 20:00:00,38.64,20:00:00
2026-01-26 20:15:00,36.97,20:15:00
2026-01-26 20:30:00,36.02,20:30:00
2026-01-26 20:45:00,34.52,20:45:00
2026-01-26 21:00:00,33.87,21:00:00
2026-01-26 21:15:00,33.48,21:15:00
2026-01-26 21:30:00,32.14,21:30:00
2026-01-26 21:45:00,31.66,21:45:00
2026-01-26 22:00:00,29.55,22:00:00
2026-01-26 22:15:00,27.68,22:15:00
2026-01-26 22:30:00,28.34,22:30:00
2026-01-26 22:45:00,27.19,22:45:00
2026-01-26 23:00:00,26.51,23:00:00
2026-01-26 23:15:00,22.64,23:15:00
2026-01-26 23:30:00,21.61,23:30:00
2026-01-26 23:45:00,21.07,23:45:00
2026-01-27 00:00:00,21.72,00:00:00
2026-01-27 00:15:00,21.31,00:15:00
2026-01-27 00:30:00,21.24,00:30:00
2026-01-27 00:45:00,20.98,00:45:00
2026-01-27 01:00:00,20.81,01:00:00
2026-01-27 01:15:00,20.86,01:15:00
2026-01-27 01:30:00,21.02,01:30:00
2026-01-27 01:45:00,21.33,01:45:00
2026-01-27 02:00:00,21.14,02:00:00
2026-01-27 02:15:00,21.26,02:15:00
2026-01-27 02:30:00,21.59,02:30:00
2026-01-27 02:45:00,21.74,02:45:00
2026-01-27 03:00:00,21.45,03:00:00
2026-01-27 03:15:00,21.38,03:15:00
2026-01-27 03:30:00,21.66,03:30:00
2026-01-27 03:45:00,21.57,03:45:00
2026-01-27 04:00:00,21.23,04:00:00
2026-01-27 04:15:00,21.46,04:15:00
2026-01-27 04:30:00,21.37,04:30:00
2026-01-27 04:45:00,20.95,04:45:00
2026-01-27 05:00:00,21.6,05:00:00
2026-01-27 05:15:00,21.54,05:15:00
2026-01-27 05:30:00,20.9,05:30:00
2026-01-27 05:45:00,21.48,05:45:00
2026-01-27 06:00:00,21.39,06:00:00
2026-01-27 06:15:00,21.76,06:15:00
2026-01-27 06:30:00,22.48,06:30:00
2026-01-27 06:45:00,23.24,06:45:00
2026-01-27 07:00:00,24.76,07:00:00
2026-01-27 07:15:00,25.37,07:15:00
2026-01-27 07:30:00,25.45,07:30:00
2026-01-27 07:45:00,25.34,07:45:00
2026-01-27 08:00:00,25.39,08:00:00
2026-01-27 08:15:00,25.31,08:15:00
2026-01-27 08:30:00,24.94,08:30:00
2026-01-27 08:45:00,24.92,08:45:00
2026-01-27 09:00:00,25.07,09:00:00
2026-01-27 09:15:00,24.62,09:15:00
2026-01-27 09:30:00,24.36,09:30:00
2026-01-27 09:45:00,24.8,09:45:00
2026-01-27 10:00:00,25.8,10:00:00
2026-01-27 10:15:00,27.13,10:15:00
2026-01-27 10:30:00,27.38,10:30:00
2026-01-27 10:45:00,28.38,10:45:00
2026-01-27 11:00:00,28.91,11:00:00
2026-01-27 11:15:00,29.0,11:15:00
2026-01-27 11:30:00,29.33,11:30:00
2026-01-27 11:45:00,29.61,11:45:00
2026-01-27 12:00:00,29.21,12:00:00
2026-01-27 12:15:00,29.56,12:15:00
2026-01-27 12:30:00,29.71,12:30:00
2026-01-27 12:45:00,30.31,12:45:00
2026-01-27 13:00:00,30.52,13:00:00
2026-01-27 13:15:00,30.44,13:15:00
2026-01-27 13:30:00,30.6,13:30:00
2026-01-27 13:45:00,30.9,13:45:00
2026-01-27 14:00:00,31.11,14:00:00
2026-01-27 14:15:00,31.87,14:15:00
2026-01-27 14:30:00,32.08,14:30:00
2026-01-27 14:45:00,33.34,14:45:00
2026-01-27 15:00:00,34.79,15:00:00
2026-01-27 15:15:00,35.61,15:15:00
2026-01-27 15:30:00,35.8,15:30:00
2026-01-27 15:45:00,35.88,15:45:00
2026-01-27 16:00:00,37.37,16:00:00
2026-01-27 16:15:00,38.8,16:15:00
2026-01-27 16:30:00,40.96,16:30:00
2026-01-27 16:45:00,41.83,16:45:00
2026-01-27 17:00:00,41.83,17:00:00
2026-01-27 17:15:00,41.72,17:15:00
2026-01-27 17:30:00,41.46,17:30:00
2026-01-27 17:45:00,41.29,17:45:00
2026-01-27 18:00:00,41.44,18:00:00
2026-01-27 18:15:00,41.8,18:15:00
2026-01-27 18:30:00,42.02,18:30:00
2026-01-27 18:45:00,41.68,18:45:00
2026-01-27 19:00:00,41.46,19:00:00
2026-01-27 19:15:00,41.37,19:15:00
2026-01-27 19:30:00,40.23,19:30:00
2026-01-27 19:45:00,39.44,19:45:00
2026-01-27 20:00:00,40.11,20:00:00
2026-01-27 20:15:00,40.34,20:15:00
2026-01-27 20:30:00,40.62,20:30:00
2026-01-27 20:45:00,41.43,20:45:00
2026-01-27 21:00:00,41.52,21:00:00
2026-01-27 21:15:00,40.72,21:15:00
2026-01-27 21:30:00,42.15,21:30:00
2026-01-27 21:45:00,42.93,21:45:00
2026-01-27 22:00:00,43.08,22:00:00
2026-01-27 22:15:00,42.76,22:15:00
2026-01-27 22:30:00,43.72,22:30:00
2026-01-27 22:45:00,42.28,22:45:00
2026-01-27 23:00:00,40.08,23:00:00
2026-01-27 23:15:00,39.83,23:15:00
2026-01-27 23:30:00,39.55,23:30:00
2026-01-27 23:45:00,38.65,23:45:00
2026-01-28 00:00:00,38.53,00:00:00
2026-01-28 00:15:00,39.34,00:15:00
2026-01-28 00:30:00,38.88,00:30:00
2026-01-28 00:45:00,37.93,00:45:00
2026-01-28 01:00:00,37.23,01:00:00
2026-01-28 01:15:00,37.18,01:15:00
2026-01-28 01:30:00,37.09,01:30:00
2026-01-28 01:45:00,37.44,01:45:00
2026-01-28 02:00:00,38.02,02:00:00
2026-01-28 02:15:00,38.56,02:15:00
2026-01-28 02:30:00,37.55,02:30:00
2026-01-28 02:45:00,36.54,02:45:00
2026-01-28 03:00:00,37.65,03:00:00
2026-01-28 03:15:00,37.54,03:15:00
2026-01-28 03:30:00,37.0,03:30:00
2026-01-28 03:45:00,37.53,03:45:00
2026-01-28 04:00:00,38.22,04:00:00
2026-01-28 04:15:00,40.65,04:15:00
2026-01-28 04:30:00,43.11,04:30:00
2026-01-28 04:45:00,45.2,04:45:00
2026-01-28 05:00:00,45.05,05:00:00
2026-01-28 05:15:00,45.44,05:15:00
2026-01-28 05:30:00,47.19,05:30:00
2026-01-28 05:45:00,48.71,05:45:00
2026-01-28 06:00:00,52.35,06:00:00
2026-01-28 06:15:00,51.91,06:15:00
2026-01-28 06:30:00,52.64,06:30:00
2026-01-28 06:45:00,54.65,06:45:00
2026-01-28 07:00:00,55.29,07:00:00
2026-01-28 07:15:00,55.72,07:15:00
2026-01-28 07:30:00,55.92,07:30:00
2026-01-28 07:45:00,55.86,07:45:00
2026-01-28 08:00:00,53.46,08:00:00
2026-01-28 08:15:00,53.79,08:15:00
2026-01-28 08:30:00,53.58,08:30:00
2026-01-28 08:45:00,49.11,08:45:00
2026-01-28 09:00:00,48.55,09:00:00
2026-01-28 09:15:00,47.81,09:15:00
2026-01-28 09:30:00,47.3,09:30:00
2026-01-28 09:45:00,47.57,09:45:00
2026-01-28 10:00:00,46.95,10:00:00
2026-01-28 10:15:00,47.82,10:15:00
2026-01-28 10:30:00,48.12,10:30:00
2026-01-28 10:45:00,47.46,10:45:00
2026-01-28 11:00:00,46.82,11:00:00
2026-01-28 11:15:00,45.52,11:15:00
2026-01-28 11:30:00,44.23,11:30:00
2026-01-28 11:45:00,44.21,11:45:00
2026-01-28 12:00:00,43.94,12:00:00
2026-01-28 12:15:00,43.58,12:15:00
2026-01-28 12:30:00,44.0,12:30:00
2026-01-28 12:45:00,44.17,12:45:00
2026-01-28 13:00:00,45.35,13:00:00
2026-01-28 13:15:00,45.44,13:15:00
2026-01-28 13:30:00,45.53,13:30:00
2026-01-28 13:45:00,45.65,13:45:00
2026-01-28 14:00:00,45.91,14:00:00
2026-01-28 14:15:00,45.14,14:15:00
2026-01-28 14:30:00,44.89,14:30:00
2026-01-28 14:45:00,45.3,14:45:00
2026-01-28 15:00:00,46.08,15:00:00
2026-01-28 15:15:00,46.55,15:15:00
2026-01-28 15:30:00,47.74,15:30:00
2026-01-28 15:45:00,48.51,15:45:00
2026-01-28 16:00:00,47.86,16:00:00
2026-01-28 16:15:00,48.5,16:15:00
2026-01-28 16:30:00,49.08,16:30:00
2026-01-28 16:45:00,48.86,16:45:00
2026-01-28 17:00:00,49.04,17:00:00
2026-01-28 17:15:00,49.07,17:15:00
2026-01-28 17:30:00,48.61,17:30:00
2026-01-28 17:45:00,47.89,17:45:00
2026-01-28 18:00:00,48.12,18:00:00
2026-01-28 18:15:00,48.2,18:15:00
2026-01-28 18:30:00,48.42,18:30:00
2026-01-28 18:45:00,48.29,18:45:00
2026-01-28 19:00:00,48.43,19:00:00
2026-01-28 19:15:00,48.42,19:15:00
2026-01-28 19:30:00,48.19,19:30:00
2026-01-28 19:45:00,48.18,19:45:00
2026-01-28 20:00:00,48.86,20:00:00
2026-01-28 20:15:00,49.08,20:15:00
2026-01-28 20:30:00,48.59,20:30:00
2026-01-28 20:45:00,46.69,20:45:00
2026-01-28 21:00:00,45.66,21:00:00
2026-01-28 21:15:00,45.63,21:15:00
2026-01-28 21:30:00,45.44,21:30:00
2026-01-28 21:45:00,45.52,21:45:00
2026-01-28 22:00:00,45.28,22:00:00
2026-01-28 22:15:00,45.03,22:15:00
2026-01-28 22:30:00,45.83,22:30:00
2026-01-28 22:45:00,46.04,22:45:00
2026-01-28 23:00:00,45.34,23:00:00
2026-01-28 23:15:00,46.0,23:15:00
2026-01-28 23:30:00,47.47,23:30:00
2026-01-28 23:45:00,49.19,23:45:00
2026-01-29 00:00:00,51.52,00:00:00
2026-01-29 00:15:00,51.46,00:15:00
2026-01-29 00:30:00,51.83,00:30:00
2026-01-29 00:45:00,50.45,00:45:00
2026-01-29 01:00:00,48.75,01:00:00
2026-01-29 01:15:00,47.37,01:15:00
2026-01-29 01:30:00,46.54,01:30:00
2026-01-29 01:45:00,45.77,01:45:00
2026-01-29 02:00:00,46.14,02:00:00
2026-01-29 02:15:00,45.95,02:15:00
2026-01-29 02:30:00,45.89,02:30:00
2026-01-29 02:45:00,45.52,02:45:00
2026-01-29 03:00:00,46.0,03:00:00
2026-01-29 03:15:00,47.06,03:15:00
2026-01-29 03:30:00,47.71,03:30:00
2026-01-29 03:45:00,47.87,03:45:00
2026-01-29 04:00:00,48.26,04:00:00
2026-01-29 04:15:00,47.66,04:15:00
2026-01-29 04:30:00,48.53,04:30:00
2026-01-29 04:45:00,49.46,04:45:00
2026-01-29 05:00:00,53.6,05:00:00
2026-01-29 05:15:00,55.75,05:15:00
2026-01-29 05:30:00,57.61,05:30:00
2026-01-29 05:45:00,58.45,05:45:00
2026-01-29 06:00:00,62.02,06:00:00
2026-01-29 06:15:00,62.42,06:15:00
2026-01-29 06:30:00,62.48,06:30:00
2026-01-29 06:45:00,62.63,06:45:00
2026-01-29 07:00:00,61.56,07:00:00
2026-01-29 07:15:00,61.45,07:15:00
2026-01-29 07:30:00,61.61,07:30:00
2026-01-29 07:45:00,61.64,07:45:00
2026-01-29 08:00:00,58.98,08:00:00
2026-01-29 08:15:00,58.72,08:15:00
2026-01-29 08:30:00,58.96,08:30:00
2026-01-29 08:45:00,58.12,08:45:00
2026-01-29 09:00:00,56.48,09:00:00
2026-01-29 09:15:00,55.4,09:15:00
2026-01-29 09:30:00,54.82,09:30:00
2026-01-29 09:45:00,54.89,09:45:00
2026-01-29 10:00:00,55.22,10:00:00
2026-01-29 10:15:00,55.32,10:15:00
2026-01-29 10:30:00,55.26,10:30:00
2026-01-29 10:45:00,54.82,10:45:00
2026-01-29 11:00:00,54.53,11:00:00
2026-01-29 11:15:00,54.17,11:15:00
2026-01-29 11:30:00,53.07,11:30:00
2026-01-29 11:45:00,52.22,11:45:00
2026-01-29 12:00:00,52.32,12:00:00
2026-01-29 12:15:00,52.43,12:15:00
2026-01-29 12:30:00,52.86,12:30:00
2026-01-29 12:45:00,53.28,12:45:00
2026-01-29 13:00:00,53.21,13:00:00
2026-01-29 13:15:00,52.26,13:15:00
2026-01-29 13:30:00,55.02,13:30:00
2026-01-29 13:45:00,56.48,13:45:00
2026-01-29 14:00:00,56.91,14:00:00
2026-01-29 14:15:00,57.1,14:15:00
2026-01-29 14:30:00,57.84,14:30:00
2026-01-29 14:45:00,58.23,14:45:00
2026-01-29 15:00:00,58.75,15:00:00
2026-01-29 15:15:00,59.67,15:15:00
2026-01-29 15:30:00,59.81,15:30:00
2026-01-29 15:45:00,59.17,15:45:00
2026-01-29 16:00:00,58.44,16:00:00
2026-01-29 16:15:00,58.51,16:15:00
2026-01-29 16:30:00,58.16,16:30:00
2026-01-29 16:45:00,58.85,16:45:00
2026-01-29 17:00:00,58.31,17:00:00
2026-01-29 17:15:00,58.03,17:15:00
2026-01-29 17:30:00,57.6,17:30:00
2026-01-29 17:45:00,57.23,17:45:00
2026-01-29 18:00:00,57.14,18:00:00
2026-01-29 18:15:00,56.93,18:15:00
2026-01-29 18:30:00,56.71,18:30:00
2026-01-29 18:45:00,56.16,18:45:00
2026-01-29 19:00:00,57.0,19:00:00
2026-01-29 19:15:00,56.08,19:15:00
2026-01-29 19:30:00,55.07,19:30:00
2026-01-29 19:45:00,52.61,19:45:00
2026-01-29 20:00:00,49.68,20:00:00
2026-01-29 20:15:00,49.13,20:15:00
2026-01-29 20:30:00,48.0,20:30:00
2026-01-29 20:45:00,47.24,20:45:00
2026-01-29 21:00:00,47.01,21:00:00
2026-01-29 21:15:00,47.03,21:15:00
2026-01-29 21:30:00,46.49,21:30:00
2026-01-29 21:45:00,45.2,21:45:00
2026-01-29 22:00:00,42.86,22:00:00
2026-01-29 22:15:00,41.03,22:15:00
2026-01-29 22:30:00,38.38,22:30:00
2026-01-29 22:45:00,36.31,22:45:00
2026-01-29 23:00:00,34.01,23:00:00
2026-01-29 23:15:00,30.75,23:15:00
2026-01-29 23:30:00,28.99,23:30:00
2026-01-29 23:45:00,28.8,23:45:00
2026-01-30 00:00:00,29.21,00:00:00
2026-01-30 00:15:00,29.34,00:15:00
2026-01-30 00:30:00,29.11,00:30:00
2026-01-30 00:45:00,29.18,00:45:00
2026-01-30 01:00:00,29.24,01:00:00
2026-01-30 01:15:00,29.4,01:15:00
2026-01-30 01:30:00,29.54,01:30:00
2026-01-30 01:45:00,29.56,01:45:00
2026-01-30 02:00:00,29.53,02:00:00
2026-01-30 02:15:00,29.45,02:15:00
2026-01-30 02:30:00,29.23,02:30:00
2026-01-30 02:45:00,29.23,02:45:00
2026-01-30 03:00:00,28.99,03:00:00
2026-01-30 03:15:00,28.61,03:15:00
2026-01-30 03:30:00,28.43,03:30:00
2026-01-30 03:45:00,28.64,03:45:00
2026-01-30 04:00:00,29.36,04:00:00
2026-01-30 04:15:00,29.65,04:15:00
2026-01-30 04:30:00,28.42,04:30:00
2026-01-30 04:45:00,26.77,04:45:00
2026-01-30 05:00:00,26.82,05:00:00
2026-01-30 05:15:00,27.55,05:15:00
2026-01-30 05:30:00,27.72,05:30:00
2026-01-30 05:45:00,27.1,05:45:00
2026-01-30 06:00:00,28.04,06:00:00
2026-01-30 06:15:00,29.05,06:15:00
2026-01-30 06:30:00,31.11,06:30:00
2026-01-30 06:45:00,31.94,06:45:00
2026-01-30 07:00:00,31.73,07:00:00
2026-01-30 07:15:00,30.68,07:15:00
2026-01-30 07:30:00,30.36,07:30:00
2026-01-30 07:45:00,31.09,07:45:00
2026-01-30 08:00:00,31.24,08:00:00
2026-01-30 08:15:00,30.86,08:15:00
2026-01-30 08:30:00,30.79,08:30:00
2026-01-30 08:45:00,30.47,08:45:00
2026-01-30 09:00:00,30.17,09:00:00
2026-01-30 09:15:00,30.05,09:15:00
2026-01-30 09:30:00,29.97,09:30:00
2026-01-30 09:45:00,29.9,09:45:00
2026-01-30 10:00:00,29.26,10:00:00
2026-01-30 10:15:00,28.13,10:15:00
2026-01-30 10:30:00,26.82,10:30:00
2026-01-30 10:45:00,25.8,10:45:00
2026-01-30 11:00:00,22.55,11:00:00
2026-01-30 11:15:00,20.86,11:15:00
2026-01-30 11:30:00,21.66,11:30:00
2026-01-30 11:45:00,21.15,11:45:00
2026-01-30 12:00:00,21.4,12:00:00
2026-01-30 12:15:00,21.51,12:15:00
2026-01-30 12:30:00,21.86,12:30:00
2026-01-30 12:45:00,22.53,12:45:00
2026-01-30 13:00:00,23.61,13:00:00
2026-01-30 13:15:00,24.43,13:15:00
2026-01-30 13:30:00,24.88,13:30:00
2026-01-30 13:45:00,25.17,13:45:00
2026-01-30 14:00:00,25.6,14:00:00
2026-01-30 14:15:00,26.43,14:15:00
2026-01-30 14:30:00,27.87,14:30:00
2026-01-30 14:45:00,28.52,14:45:00
2026-01-30 15:00:00,28.5,15:00:00
2026-01-30 15:15:00,28.96,15:15:00
2026-01-30 15:30:00,28.37,15:30:00
2026-01-30 15:45:00,28.99,15:45:00
2026-01-30 16:00:00,29.19,16:00:00
2026-01-30 16:15:00,29.22,16:15:00
2026-01-30 16:30:00,29.64,16:30:00
2026-01-30 16:45:00,29.67,16:45:00
2026-01-30 17:00:00,29.46,17:00:00
2026-01-30 17:15:00,29.01,17:15:00
2026-01-30 17:30:00,28.68,17:30:00
2026-01-30 17:45:00,28.81,17:45:00
2026-01-30 18:00:00,28.11,18:00:00
2026-01-30 18:15:00,27.48,18:15:00
2026-01-30 18:30:00,27.15,18:30:00
2026-01-30 18:45:00,26.89,18:45:00
2026-01-30 19:00:00,25.28,19:00:00
2026-01-30 19:15:00,22.89,19:15:00
2026-01-30 19:30:00,22.12,19:30:00
2026-01-30 19:45:00,22.07,19:45:00
2026-01-30 20:00:00,22.53,20:00:00
2026-01-30 20:15:00,24.32,20:15:00
2026-01-30 20:30:00,24.92,20:30:00
2026-01-30 20:45:00,24.65,20:45:00
2026-01-30 21:00:00,23.89,21:00:00
2026-01-30 21:15:00,23.51,21:15:00
2026-01-30 21:30:00,23.6,21:30:00
2026-01-30 21:45:00,23.12,21:45:00
2026-01-30 22:00:00,22.92,22:00:00
2026-01-30 22:15:00,22.73,22:15:00
2026-01-30 22:30:00,23.14,22:30:00
2026-01-30 22:45:00,24.09,22:45:00
2026-01-30 23:00:00,22.92,23:00:00
2026-01-30 23:15:00,22.72,23:15:00
2026-01-30 23:30:00,22.72,23:30:00
2026-01-30 23:45:00,23.97,23:45:00
2026-01-31 00:00:00,24.9,00:00:00
2026-01-31 00:15:00,25.14,00:15:00
2026-01-31 00:30:00,25.72,00:30:00
2026-01-31 00:45:00,26.34,00:45:00
2026-01-31 01:00:00,25.96,01:00:00
2026-01-31 01:15:00,25.8,01:15:00
2026-01-31 01:30:00,25.7,01:30:00
2026-01-31 01:45:00,26.07,01:45:00
2026-01-31 02:00:00,26.17,02:00:00
2026-01-31 02:15:00,26.62,02:15:00
2026-01-31 02:30:00,26.73,02:30:00
2026-01-31 02:45:00,25.91,02:45:00
2026-01-31 03:00:00,25.98,03:00:00
2026-01-31 03:15:00,25.45,03:15:00
2026-01-31 03:30:00,24.82,03:30:00
2026-01-31 03:45:00,24.33,03:45:00
2026-01-31 04:00:00,24.36,04:00:00
2026-01-31 04:15:00,24.76,04:15:00
2026-01-31 04:30:00,24.69,04:30:00
2026-01-31 04:45:00,26.39,04:45:00
2026-01-31 05:00:00,27.33,05:00:00
2026-01-31 05:15:00,27.82,05:15:00
2026-01-31 05:30:00,28.41,05:30:00
2026-01-31 05:45:00,29.84,05:45:00
2026-01-31 06:00:00,30.22,06:00:00
2026-01-31 06:15:00,31.55,06:15:00
2026-01-31 06:30:00,33.09,06:30:00
2026-01-31 06:45:00,35.05,06:45:00
2026-01-31 07:00:00,36.54,07:00:00
2026-01-31 07:15:00,38.94,07:15:00
2026-01-31 07:30:00,39.98,07:30:00
2026-01-31 07:45:00,41.39,07:45:00
2026-01-31 08:00:00,42.28,08:00:00
2026-01-31 08:15:00,41.56,08:15:00
2026-01-31 08:30:00,39.74,08:30:00
2026-01-31 08:45:00,38.8,08:45:00
2026-01-31 09:00:00,39.71,09:00:00
2026-01-31 09:15:00,40.43,09:15:00
2026-01-31 09:30:00,40.05,09:30:00
2026-01-31 09:45:00,39.42,09:45:00
2026-01-31 10:00:00,39.12,10:00:00
2026-01-31 10:15:00,38.96,10:15:00
2026-01-31 10:30:00,38.18,10:30:00
2026-01-31 10:45:00,37.2,10:45:00
2026-01-31 11:00:00,36.63,11:00:00
2026-01-31 11:15:00,35.38,11:15:00
2026-01-31 11:30:00,35.49,11:30:00
2026-01-31 11:45:00,35.37,11:45:00
2026-01-31 12:00:00,35.61,12:00:00
2026-01-31 12:15:00,36.19,12:15:00
2026-01-31 12:30:00,36.66,12:30:00
2026-01-31 12:45:00,36.69,12:45:00
2026-01-31 13:00:00,36.29,13:00:00
2026-01-31 13:15:00,37.29,13:15:00
2026-01-31 13:30:00,37.99,13:30:00
2026-01-31 13:45:00,38.59,13:45:00
2026-01-31 14:00:00,38.61,14:00:00
2026-01-31 14:15:00,38.73,14:15:00
2026-01-31 14:30:00,38.68,14:30:00
2026-01-31 14:45:00,39.03,14:45:00
2026-01-31 15:00:00,39.32,15:00:00
2026-01-31 15:15:00,40.7,15:15:00
2026-01-31 15:30:00,40.13,15:30:00
2026-01-31 15:45:00,40.62,15:45:00
2026-01-31 16:00:00,40.81,16:00:00
2026-01-31 16:15:00,41.18,16:15:00
2026-01-31 16:30:00,41.64,16:30:00
2026-01-31 16:45:00,41.79,16:45:00
2026-01-31 17:00:00,41.98,17:00:00
2026-01-31 17:15:00,42.12,17:15:00
2026-01-31 17:30:00,41.52,17:30:00
2026-01-31 17:45:00,41.37,17:45:00
2026-01-31 18:00:00,41.23,18:00:00
2026-01-31 18:15:00,41.2,18:15:00
2026-01-31 18:30:00,41.14,18:30:00
2026-01-31 18:45:00,40.83,18:45:00
2026-01-31 19:00:00,41.26,19:00:00
2026-01-31 19:15:00,40.84,19:15:00
2026-01-31 19:30:00,39.09,19:30:00
2026-01-31 19:45:00,38.24,19:45:00
2026-01-31 20:00:00,38.18,20:00:00
2026-01-31 20:15:00,37.55,20:15:00
2026-01-31 20:30:00,37.59,20:30:00
2026-01-31 20:45:00,37.37,20:45:00
2026-01-31 21:00:00,37.69,21:00:00
2026-01-31 21:15:00,37.65,21:15:00
2026-01-31 21:30:00,37.98,21:30:00
2026-01-31 21:45:00,37.49,21:45:00
2026-01-31 22:00:00,35.48,22:00:00
2026-01-31 22:15:00,34.11,22:15:00
2026-01-31 22:30:00,34.31,22:30:00
2026-01-31 22:45:00,34.42,22:45:00
2026-01-31 23:00:00,34.35,23:00:00
2026-01-31 23:15:00,32.77,23:15:00
2026-01-31 23:30:00,30.63,23:30:00
2026-01-31 23:45:00,27.83,23:45:00
2026-02-01 00:00:00,27.83,00:00:00
2026-02-01 00:15:00,27.93,00:15:00
2026-02-01 00:30:00,27.31,00:30:00
2026-02-01 00:45:00,27.05,00:45:00
2026-02-01 01:00:00,25.74,01:00:00
2026-02-01 01:15:00,26.31,01:15:00
2026-02-01 01:30:00,26.22,01:30:00
2026-02-01 01:45:00,25.87,01:45:00
2026-02-01 02:00:00,26.0,02:00:00
2026-02-01 02:15:00,25.96,02:15:00
2026-02-01 02:30:00,25.66,02:30:00
2026-02-01 02:45:00,25.57,02:45:00
2026-02-01 03:00:00,25.4,03:00:00
2026-02-01 03:15:00,25.08,03:15:00
2026-02-01 03:30:00,24.77,03:30:00
2026-02-01 03:45:00,24.15,03:45:00
2026-02-01 04:00:00,25.1,04:00:00
2026-02-01 04:15:00,24.77,04:15:00
2026-02-01 04:30:00,24.16,04:30:00
2026-02-01 04:45:00,24.18,04:45:00
2026-02-01 05:00:00,24.39,05:00:00
2026-02-01 05:15:00,24.77,05:15:00
2026-02-01 05:30:00,23.94,05:30:00
2026-02-01 05:45:00,24.4,05:45:00
2026-02-01 06:00:00,26.78,06:00:00
2026-02-01 06:15:00,27.34,06:15:00
2026-02-01 06:30:00,27.07,06:30:00
2026-02-01 06:45:00,27.53,06:45:00
2026-02-01 07:00:00,27.41,07:00:00
2026-02-01 07:15:00,27.38,07:15:00
2026-02-01 07:30:00,27.47,07:30:00
2026-02-01 07:45:00,27.49,07:45:00
2026-02-01 08:00:00,26.77,08:00:00
2026-02-01 08:15:00,26.49,08:15:00
2026-02-01 08:30:00,26.6,08:30:00
2026-02-01 08:45:00,26.35,08:45:00
2026-02-01 09:00:00,25.7,09:00:00
2026-02-01 09:15:00,25.08,09:15:00
2026-02-01 09:30:00,24.3,09:30:00
2026-02-01 09:45:00,24.1,09:45:00
2026-02-01 10:00:00,24.73,10:00:00
2026-02-01 10:15:00,24.28,10:15:00
2026-02-01 10:30:00,24.22,10:30:00
2026-02-01 10:45:00,25.65,10:45:00
2026-02-01 11:00:00,25.04,11:00:00
2026-02-01 11:15:00,24.61,11:15:00
2026-02-01 11:30:00,24.49,11:30:00
2026-02-01 11:45:00,24.36,11:45:00
2026-02-01 12:00:00,23.85,12:00:00
2026-02-01 12:15:00,23.81,12:15:00
2026-02-01 12:30:00,23.31,12:30:00
2026-02-01 12:45:00,23.24,12:45:00
2026-02-01 13:00:00,24.07,13:00:00
2026-02-01 13:15:00,25.07,13:15:00
2026-02-01 13:30:00,24.79,13:30:00
2026-02-01 13:45:00,23.47,13:45:00
2026-02-01 14:00:00,25.27,14:00:00
2026-02-01 14:15:00,25.63,14:15:00
2026-02-01 14:30:00,26.24,14:30:00
2026-02-01 14:45:00,26.97,14:45:00
2026-02-01 15:00:00,27.72,15:00:00
2026-02-01 15:15:00,29.63,15:15:00
2026-02-01 15:30:00,32.13,15:30:00
2026-02-01 15:45:00,33.48,15:45:00
2026-02-01 16:00:00,34.35,16:00:00
2026-02-01 16:15:00,35.15,16:15:00
2026-02-01 16:30:00,35.76,16:30:00
2026-02-01 16:45:00,36.0,16:45:00
2026-02-01 17:00:00,36.44,17:00:00
2026-02-01 17:15:00,36.14,17:15:00
2026-02-01 17:30:00,36.09,17:30:00
2026-02-01 17:45:00,35.8,17:45:00
2026-02-01 18:00:00,36.5,18:00:00
2026-02-01 18:15:00,36.12,18:15:00
2026-02-01 18:30:00,36.06,18:30:00
2026-02-01 18:45:00,36.21,18:45:00
2026-02-01 19:00:00,35.99,19:00:00
2026-02-01 19:15:00,35.6,19:15:00
2026-02-01 19:30:00,35.24,19:30:00
2026-02-01 19:45:00,35.49,19:45:00
2026-02-01 20:00:00,35.4,20:00:00
2026-02-01 20:15:00,34.84,20:15:00
2026-02-01 20:30:00,34.04,20:30:00
2026-02-01 20:45:00,33.39,20:45:00
2026-02-01 21:00:00,33.27,21:00:00
2026-02-01 21:15:00,33.83,21:15:00
2026-02-01 21:30:00,34.17,21:30:00
2026-02-01 21:45:00,33.56,21:45:00
2026-02-01 22:00:00,32.35,22:00:00
2026-02-01 22:15:00,31.44,22:15:00
2026-02-01 22:30:00,32.15,22:30:00
2026-02-01 22:45:00,31.49,22:45:00
2026-02-01 23:00:00,31.41,23:00:00
2026-02-01 23:15:00,30.38,23:15:00
2026-02-01 23:30:00,30.54,23:30:00
2026-02-01 23:45:00,29.75,23:45:00
2026-02-02 00:00:00,29.72,00:00:00
2026-02-02 00:15:00,29.32,00:15:00
2026-02-02 00:30:00,29.52,00:30:00
2026-02-02 00:45:00,29.01,00:45:00
2026-02-02 01:00:00,28.87,01:00:00
2026-02-02 01:15:00,28.51,01:15:00
2026-02-02 01:30:00,28.09,01:30:00
2026-02-02 01:45:00,28.2,01:45:00
2026-02-02 02:00:00,28.62,02:00:00
2026-02-02 02:15:00,28.79,02:15:00
2026-02-02 02:30:00,29.2,02:30:00
2026-02-02 02:45:00,29.55,02:45:00
2026-02-02 03:00:00,29.56,03:00:00
2026-02-02 03:15:00,29.47,03:15:00
2026-02-02 03:30:00,29.44,03:30:00
2026-02-02 03:45:00,30.24,03:45:00
2026-02-02 04:00:00,31.11,04:00:00
2026-02-02 04:15:00,31.23,04:15:00
2026-02-02 04:30:00,31.6,04:30:00
2026-02-02 04:45:00,32.49,04:45:00
2026-02-02 05:00:00,32.97,05:00:00
2026-02-02 05:15:00,35.0,05:15:00
2026-02-02 05:30:00,37.98,05:30:00
2026-02-02 05:45:00,41.75,05:45:00
2026-02-02 06:00:00,42.44,06:00:00
2026-02-02 06:15:00,42.77,06:15:00
2026-02-02 06:30:00,42.98,06:30:00
2026-02-02 06:45:00,44.48,06:45:00
2026-02-02 07:00:00,46.09,07:00:00
2026-02-02 07:15:00,46.12,07:15:00
2026-02-02 07:30:00,45.98,07:30:00
2026-02-02 07:45:00,45.5,07:45:00
2026-02-02 08:00:00,44.8,08:00:00
2026-02-02 08:15:00,41.45,08:15:00
2026-02-02 08:30:00,44.77,08:30:00
2026-02-02 08:45:00,44.16,08:45:00
2026-02-02 09:00:00,43.41,09:00:00
2026-02-02 09:15:00,42.94,09:15:00
2026-02-02 09:30:00,42.39,09:30:00
2026-02-02 09:45:00,42.51,09:45:00
2026-02-02 10:00:00,41.9,10:00:00
2026-02-02 10:15:00,40.11,10:15:00
2026-02-02 10:30:00,39.08,10:30:00
2026-02-02 10:45:00,38.75,10:45:00
2026-02-02 11:00:00,38.8,11:00:00
2026-02-02 11:15:00,39.41,11:15:00
2026-02-02 11:30:00,39.11,11:30:00
2026-02-02 11:45:00,38.76,11:45:00
2026-02-02 12:00:00,38.71,12:00:00
2026-02-02 12:15:00,38.56,12:15:00
2026-02-02 12:30:00,37.92,12:30:00
2026-02-02 12:45:00,37.57,12:45:00
2026-02-02 13:00:00,37.99,13:00:00
2026-02-02 13:15:00,38.16,13:15:00
2026-02-02 13:30:00,37.73,13:30:00
2026-02-02 13:45:00,38.46,13:45:00
2026-02-02 14:00:00,37.82,14:00:00
2026-02-02 14:15:00,38.13,14:15:00
2026-02-02 14:30:00,38.22,14:30:00
2026-02-02 14:45:00,38.35,14:45:00
2026-02-02 15:00:00,38.05,15:00:00
2026-02-02 15:15:00,38.11,15:15:00
2026-02-02 15:30:00,37.31,15:30:00
2026-02-02 15:45:00,37.39,15:45:00
2026-02-02 16:00:00,37.37,16:00:00
2026-02-02 16:15:00,37.5,16:15:00
2026-02-02 16:30:00,38.66,16:30:00
2026-02-02 16:45:00,38.68,16:45:00
2026-02-02 17:00:00,38.29,17:00:00
2026-02-02 17:15:00,38.13,17:15:00
2026-02-02 17:30:00,38.02,17:30:00
2026-02-02 17:45:00,38.08,17:45:00
2026-02-02 18:00:00,38.52,18:00:00
2026-02-02 18:15:00,38.54,18:15:00
2026-02-02 18:30:00,38.12,18:30:00
2026-02-02 18:45:00,36.99,18:45:00
2026-02-02 19:00:00,34.7,19:00:00
2026-02-02 19:15:00,32.85,19:15:00
2026-02-02 19:30:00,31.24,19:30:00
2026-02-02 19:45:00,28.41,19:45:00
2026-02-02 20:00:00,27.25,20:00:00
2026-02-02 20:15:00,27.1,20:15:00
2026-02-02 20:30:00,26.13,20:30:00
2026-02-02 20:45:00,25.52,20:45:00
2026-02-02 21:00:00,24.53,21:00:00
2026-02-02 21:15:00,25.04,21:15:00
2026-02-02 21:30:00,24.29,21:30:00
2026-02-02 21:45:00,24.4,21:45:00
2026-02-02 22:00:00,22.6,22:00:00
2026-02-02 22:15:00,22.16,22:15:00
2026-02-02 22:30:00,21.85,22:30:00
2026-02-02 22:45:00,22.07,22:45:00
2026-02-02 23:00:00,22.94,23:00:00
2026-02-02 23:15:00,22.87,23:15:00
2026-02-02 23:30:00,22.14,23:30:00
2026-02-02 23:45:00,21.7,23:45:00
2026-02-03 00:00:00,21.9,00:00:00
2026-02-03 00:15:00,22.18,00:15:00
2026-02-03 00:30:00,21.65,00:30:00
2026-02-03 00:45:00,20.33,00:45:00
2026-02-03 01:00:00,20.0,01:00:00
2026-02-03 01:15:00,20.24,01:15:00
2026-02-03 01:30:00,19.85,01:30:00
2026-02-03 01:45:00,19.48,01:45:00
2026-02-03 02:00:00,19.98,02:00:00
2026-02-03 02:15:00,19.63,02:15:00
2026-02-03 02:30:00,19.72,02:30:00
2026-02-03 02:45:00,19.86,02:45:00
2026-02-03 03:00:00,19.8,03:00:00
2026-02-03 03:15:00,19.82,03:15:00
2026-02-03 03:30:00,19.92,03:30:00
2026-02-03 03:45:00,19.89,03:45:00
2026-02-03 04:00:00,20.36,04:00:00
2026-02-03 04:15:00,20.32,04:15:00
2026-02-03 04:30:00,20.19,04:30:00
2026-02-03 04:45:00,20.07,04:45:00
2026-02-03 05:00:00,20.5,05:00:00
2026-02-03 05:15:00,20.39,05:15:00
2026-02-03 05:30:00,21.08,05:30:00
2026-02-03 05:45:00,23.54,05:45:00
2026-02-03 06:00:00,25.11,06:00:00
2026-02-03 06:15:00,25.76,06:15:00
2026-02-03 06:30:00,25.6,06:30:00
2026-02-03 06:45:00,25.64,06:45:00
2026-02-03 07:00:00,26.13,07:00:00
2026-02-03 07:15:00,27.16,07:15:00
2026-02-03 07:30:00,27.4,07:30:00
2026-02-03 07:45:00,27.48,07:45:00
2026-02-03 08:00:00,27.19,08:00:00
2026-02-03 08:15:00,26.86,08:15:00
2026-02-03 08:30:00,25.78,08:30:00
2026-02-03 08:45:00,25.84,08:45:00
2026-02-03 09:00:00,26.1,09:00:00
2026-02-03 09:15:00,25.92,09:15:00
2026-02-03 09:30:00,24.88,09:30:00
2026-02-03 09:45:00,24.25,09:45:00
2026-02-03 10:00:00,23.49,10:00:00
2026-02-03 10:15:00,21.62,10:15:00
2026-02-03 10:30:00,19.53,10:30:00
2026-02-03 10:45:00,18.52,10:45:00
2026-02-03 11:00:00,18.51,11:00:00
2026-02-03 11:15:00,17.5,11:15:00
2026-02-03 11:30:00,17.79,11:30:00
2026-02-03 11:45:00,17.67,11:45:00
2026-02-03 12:00:00,17.76,12:00:00
2026-02-03 12:15:00,17.42,12:15:00
2026-02-03 12:30:00,17.25,12:30:00
2026-02-03 12:45:00,17.29,12:45:00
2026-02-03 13:00:00,17.45,13:00:00
2026-02-03 13:15:00,17.67,13:15:00
2026-02-03 13:30:00,18.63,13:30:00
2026-02-03 13:45:00,18.27,13:45:00
2026-02-03 14:00:00,18.22,14:00:00
2026-02-03 14:15:00,18.71,14:15:00
2026-02-03 14:30:00,18.37,14:30:00
2026-02-03 14:45:00,18.85,14:45:00
2026-02-03 15:00:00,19.35,15:00:00
2026-02-03 15:15:00,20.13,15:15:00
2026-02-03 15:30:00,21.32,15:30:00
2026-02-03 15:45:00,23.7,15:45:00
2026-02-03 16:00:00,27.58,16:00:00
2026-02-03 16:15:00,30.77,16:15:00
2026-02-03 16:30:00,32.89,16:30:00
2026-02-03 16:45:00,33.39,16:45:00
2026-02-03 17:00:00,33.99,17:00:00
2026-02-03 17:15:00,33.9,17:15:00
2026-02-03 17:30:00,33.74,17:30:00
2026-02-03 17:45:00,33.48,17:45:00
2026-02-03 18:00:00,33.26,18:00:00
2026-02-03 18:15:00,33.51,18:15:00
2026-02-03 18:30:00,33.5,18:30:00
2026-02-03 18:45:00,33.29,18:45:00
2026-02-03 19:00:00,33.0,19:00:00
2026-02-03 19:15:00,32.49,19:15:00
2026-02-03 19:30:00,32.3,19:30:00
2026-02-03 19:45:00,32.44,19:45:00
2026-02-03 20:00:00,33.02,20:00:00
2026-02-03 20:15:00,32.42,20:15:00
2026-02-03 20:30:00,29.95,20:30:00
2026-02-03 20:45:00,28.47,20:45:00
2026-02-03 21:00:00,28.14,21:00:00
2026-02-03 21:15:00,28.52,21:15:00
2026-02-03 21:30:00,28.99,21:30:00
2026-02-03 21:45:00,29.5,21:45:00
2026-02-03 22:00:00,28.88,22:00:00
2026-02-03 22:15:00,27.24,22:15:00
2026-02-03 22:30:00,26.87,22:30:00
2026-02-03 22:45:00,26.55,22:45:00
2026-02-03 23:00:00,25.67,23:00:00
2026-02-03 23:15:00,23.36,23:15:00
2026-02-03 23:30:00,21.5,23:30:00
2026-02-03 23:45:00,19.83,23:45:00
2026-02-04 00:00:00,19.9,00:00:00
2026-02-04 00:15:00,20.14,00:15:00
2026-02-04 00:30:00,20.06,00:30:00
2026-02-04 00:45:00,20.09,00:45:00
2026-02-04 01:00:00,20.46,01:00:00
2026-02-04 01:15:00,20.64,01:15:00
2026-02-04 01:30:00,20.37,01:30:00
2026-02-04 01:45:00,20.31,01:45:00
2026-02-04 02:00:00,20.67,02:00:00
2026-02-04 02:15:00,20.65,02:15:00
2026-02-04 02:30:00,21.23,02:30:00
2026-02-04 02:45:00,21.02,02:45:00
2026-02-04 03:00:00,20.84,03:00:00
2026-02-04 03:15:00,20.45,03:15:00
2026-02-04 03:30:00,20.33,03:30:00
2026-02-04 03:45:00,20.26,03:45:00
2026-02-04 04:00:00,20.79,04:00:00
2026-02-04 04:15:00,20.25,04:15:00
2026-02-04 04:30:00,20.51,04:30:00
2026-02-04 04:45:00,20.76,04:45:00
2026-02-04 05:00:00,21.81,05:00:00
2026-02-04 05:15:00,23.05,05:15:00
2026-02-04 05:30:00,24.97,05:30:00
2026-02-04 05:45:00,27.8,05:45:00
2026-02-04 06:00:00,28.6,06:00:00
2026-02-04 06:15:00,28.6,06:15:00
2026-02-04 06:30:00,29.35,06:30:00
2026-02-04 06:45:00,30.92,06:45:00
2026-02-04 07:00:00,30.69,07:00:00
2026-02-04 07:15:00,30.56,07:15:00
2026-02-04 07:30:00,30.39,07:30:00
2026-02-04 07:45:00,30.12,07:45:00
2026-02-04 08:00:00,29.83,08:00:00
2026-02-04 08:15:00,29.32,08:15:00
2026-02-04 08:30:00,28.36,08:30:00
2026-02-04 08:45:00,27.27,08:45:00
2026-02-04 09:00:00,26.31,09:00:00
2026-02-04 09:15:00,24.2,09:15:00
2026-02-04 09:30:00,22.59,09:30:00
2026-02-04 09:45:00,21.85,09:45:00
2026-02-04 10:00:00,20.62,10:00:00
2026-02-04 10:15:00,20.19,10:15:00
2026-02-04 10:30:00,20.02,10:30:00
2026-02-04 10:45:00,19.96,10:45:00
2026-02-04 11:00:00,19.85,11:00:00
2026-02-04 11:15:00,19.09,11:15:00
2026-02-04 11:30:00,17.98,11:30:00
2026-02-04 11:45:00,16.92,11:45:00
2026-02-04 12:00:00,16.63,12:00:00
2026-02-04 12:15:00,16.58,12:15:00
2026-02-04 12:30:00,16.61,12:30:00
2026-02-04 12:45:00,16.74,12:45:00
2026-02-04 13:00:00,17.1,13:00:00
2026-02-04 13:15:00,17.76,13:15:00
2026-02-04 13:30:00,17.91,13:30:00
2026-02-04 13:45:00,18.25,13:45:00
2026-02-04 14:00:00,18.85,14:00:00
2026-02-04 14:15:00,18.69,14:15:00
2026-02-04 14:30:00,18.29,14:30:00
2026-02-04 14:45:00,18.42,14:45:00
2026-02-04 15:00:00,18.05,15:00:00
2026-02-04 15:15:00,18.12,15:15:00
2026-02-04 15:30:00,18.96,15:30:00
2026-02-04 15:45:00,20.99,15:45:00
2026-02-04 16:00:00,22.71,16:00:00
2026-02-04 16:15:00,23.1,16:15:00
2026-02-04 16:30:00,22.94,16:30:00
2026-02-04 16:45:00,23.29,16:45:00
2026-02-04 17:00:00,23.53,17:00:00
2026-02-04 17:15:00,23.43,17:15:00
2026-02-04 17:30:00,23.29,17:30:00
2026-02-04 17:45:00,23.06,17:45:00
2026-02-04 18:00:00,22.93,18:00:00
2026-02-04 18:15:00,22.66,18:15:00
2026-02-04 18:30:00,22.89,18:30:00
2026-02-04 18:45:00,22.88,18:45:00
2026-02-04 19:00:00,22.99,19:00:00
2026-02-04 19:15:00,22.55,19:15:00
2026-02-04 19:30:00,22.44,19:30:00
2026-02-04 19:45:00,21.86,19:45:00
2026-02-04 20:00:00,20.05,20:00:00
2026-02-04 20:15:00,18.81,20:15:00
2026-02-04 20:30:00,18.61,20:30:00
2026-02-04 20:45:00,18.4,20:45:00
2026-02-04 21:00:00,18.09,21:00:00
2026-02-04 21:15:00,18.2,21:15:00
2026-02-04 21:30:00,19.07,21:30:00
2026-02-04 21:45:00,19.33,21:45:00
2026-02-04 22:00:00,19.58,22:00:00
2026-02-04 22:15:00,19.16,22:15:00
2026-02-04 22:30:00,19.41,22:30:00
2026-02-04 22:45:00,19.02,22:45:00
2026-02-04 23:00:00,19.27,23:00:00
2026-02-04 23:15:00,19.29,23:15:00
2026-02-04 23:30:00,19.39,23:30:00
2026-02-04 23:45:00,19.49,23:45:00
2026-02-05 00:00:00,19.53,00:00:00
2026-02-05 00:15:00,19.43,00:15:00
2026-02-05 00:30:00,18.65,00:30:00
2026-02-05 00:45:00,18.34,00:45:00
2026-02-05 01:00:00,18.4,01:00:00
2026-02-05 01:15:00,18.5,01:15:00
2026-02-05 01:30:00,18.51,01:30:00
2026-02-05 01:45:00,18.64,01:45:00
2026-02-05 02:00:00,18.69,02:00:00
2026-02-05 02:15:00,18.63,02:15:00
2026-02-05 02:30:00,18.77,02:30:00
2026-02-05 02:45:00,18.97,02:45:00
2026-02-05 03:00:00,19.21,03:00:00
2026-02-05 03:15:00,19.27,03:15:00
2026-02-05 03:30:00,19.12,03:30:00
2026-02-05 03:45:00,18.92,03:45:00
2026-02-05 04:00:00,19.57,04:00:00
2026-02-05 04:15:00,19.87,04:15:00
2026-02-05 04:30:00,19.68,04:30:00
2026-02-05 04:45:00,19.02,04:45:00
2026-02-05 05:00:00,19.5,05:00:00
2026-02-05 05:15:00,19.85,05:15:00
2026-02-05 05:30:00,19.64,05:30:00
2026-02-05 05:45:00,19.91,05:45:00
2026-02-05 06:00:00,19.43,06:00:00
2026-02-05 06:15:00,19.36,06:15:00
2026-02-05 06:30:00,19.37,06:30:00
2026-02-05 06:45:00,19.35,06:45:00
2026-02-05 07:00:00,19.19,07:00:00
2026-02-05 07:15:00,19.31,07:15:00
2026-02-05 07:30:00,19.53,07:30:00
2026-02-05 07:45:00,19.33,07:45:00
2026-02-05 08:00:00,19.52,08:00:00
2026-02-05 08:15:00,19.41,08:15:00
2026-02-05 08:30:00,18.79,08:30:00
2026-02-05 08:45:00,18.27,08:45:00
2026-02-05 09:00:00,19.14,09:00:00
2026-02-05 09:15:00,19.7,09:15:00
2026-02-05 09:30:00,18.64,09:30:00
2026-02-05 09:45:00,17.63,09:45:00
2026-02-05 10:00:00,17.55,10:00:00
2026-02-05 10:15:00,17.76,10:15:00
2026-02-05 10:30:00,17.75,10:30:00
2026-02-05 10:45:00,18.66,10:45:00
2026-02-05 11:00:00,19.01,11:00:00
2026-02-05 11:15:00,19.24,11:15:00
2026-02-05 11:30:00,19.6,11:30:00
2026-02-05 11:45:00,19.05,11:45:00
2026-02-05 12:00:00,18.83,12:00:00
2026-02-05 12:15:00,19.18,12:15:00
2026-02-05 12:30:00,19.45,12:30:00
2026-02-05 12:45:00,19.62,12:45:00
2026-02-05 13:00:00,19.97,13:00:00
2026-02-05 13:15:00,20.08,13:15:00
2026-02-05 13:30:00,20.23,13:30:00
2026-02-05 13:45:00,20.6,13:45:00
2026-02-05 14:00:00,20.78,14:00:00
2026-02-05 14:15:00,21.15,14:15:00
2026-02-05 14:30:00,21.02,14:30:00
2026-02-05 14:45:00,20.88,14:45:00
2026-02-05 15:00:00,21.07,15:00:00
2026-02-05 15:15:00,21.43,15:15:00
2026-02-05 15:30:00,22.03,15:30:00
2026-02-05 15:45:00,22.23,15:45:00
2026-02-05 16:00:00,23.97,16:00:00
2026-02-05 16:15:00,24.69,16:15:00
2026-02-05 16:30:00,26.55,16:30:00
2026-02-05 16:45:00,28.33,16:45:00
2026-02-05 17:00:00,30.11,17:00:00
2026-02-05 17:15:00,30.07,17:15:00
2026-02-05 17:30:00,29.76,17:30:00
2026-02-05 17:45:00,29.82,17:45:00
2026-02-05 18:00:00,29.78,18:00:00
2026-02-05 18:15:00,29.84,18:15:00
2026-02-05 18:30:00,29.76,18:30:00
2026-02-05 18:45:00,29.9,18:45:00
2026-02-05 19:00:00,30.16,19:00:00
2026-02-05 19:15:00,30.44,19:15:00
2026-02-05 19:30:00,30.47,19:30:00
2026-02-05 19:45:00,30.58,19:45:00
2026-02-05 20:00:00,30.36,20:00:00
2026-02-05 20:15:00,30.03,20:15:00
2026-02-05 20:30:00,29.45,20:30:00
2026-02-05 20:45:00,28.53,20:45:00
2026-02-05 21:00:00,28.49,21:00:00
2026-02-05 21:15:00,27.88,21:15:00
2026-02-05 21:30:00,27.88,21:30:00
2026-02-05 21:45:00,27.51,21:45:00
2026-02-05 22:00:00,26.18,22:00:00
2026-02-05 22:15:00,21.95,22:15:00
2026-02-05 22:30:00,21.53,22:30:00
2026-02-05 22:45:00,21.66,22:45:00
2026-02-05 23:00:00,20.72,23:00:00
2026-02-05 23:15:00,19.97,23:15:00
2026-02-05 23:30:00,19.36,23:30:00
2026-02-05 23:45:00,19.17,23:45:00
2026-02-06 00:00:00,18.94,00:00:00
2026-02-06 00:15:00,18.97,00:15:00
2026-02-06 00:30:00,19.32,00:30:00
2026-02-06 00:45:00,19.43,00:45:00
2026-02-06 01:00:00,19.44,01:00:00
2026-02-06 01:15:00,19.32,01:15:00
2026-02-06 01:30:00,19.34,01:30:00
2026-02-06 01:45:00,19.47,01:45:00
2026-02-06 02:00:00,19.6,02:00:00
2026-02-06 02:15:00,19.97,02:15:00
2026-02-06 02:30:00,20.01,02:30:00
2026-02-06 02:45:00,19.89,02:45:00
2026-02-06 03:00:00,19.81,03:00:00
2026-02-06 03:15:00,19.95,03:15:00
2026-02-06 03:30:00,19.96,03:30:00
2026-02-06 03:45:00,20.06,03:45:00
2026-02-06 04:00:00,19.98,04:00:00
2026-02-06 04:15:00,19.84,04:15:00
2026-02-06 04:30:00,19.86,04:30:00
2026-02-06 04:45:00,19.9,04:45:00
2026-02-06 05:00:00,20.36,05:00:00
2026-02-06 05:15:00,20.3,05:15:00
2026-02-06 05:30:00,19.72,05:30:00
2026-02-06 05:45:00,19.52,05:45:00
2026-02-06 06:00:00,19.71,06:00:00
2026-02-06 06:15:00,19.83,06:15:00
2026-02-06 06:30:00,19.85,06:30:00
2026-02-06 06:45:00,20.01,06:45:00
2026-02-06 07:00:00,19.82,07:00:00
2026-02-06 07:15:00,19.72,07:15:00
2026-02-06 07:30:00,19.62,07:30:00
2026-02-06 07:45:00,19.78,07:45:00
2026-02-06 08:00:00,19.45,08:00:00
2026-02-06 08:15:00,19.1,08:15:00
2026-02-06 08:30:00,18.33,08:30:00
2026-02-06 08:45:00,17.43,08:45:00
2026-02-06 09:00:00,17.48,09:00:00
2026-02-06 09:15:00,17.27,09:15:00
2026-02-06 09:30:00,16.94,09:30:00
2026-02-06 09:45:00,16.67,09:45:00
2026-02-06 10:00:00,16.71,10:00:00
2026-02-06 10:15:00,16.47,10:15:00
2026-02-06 10:30:00,16.2,10:30:00
2026-02-06 10:45:00,15.06,10:45:00
2026-02-06 11:00:00,14.91,11:00:00
2026-02-06 11:15:00,14.85,11:15:00
2026-02-06 11:30:00,14.81,11:30:00
2026-02-06 11:45:00,14.78,11:45:00
2026-02-06 12:00:00,14.55,12:00:00
2026-02-06 12:15:00,14.56,12:15:00
2026-02-06 12:30:00,14.86,12:30:00
2026-02-06 12:45:00,14.76,12:45:00
2026-02-06 13:00:00,14.96,13:00:00
2026-02-06 13:15:00,15.28,13:15:00
2026-02-06 13:30:00,15.35,13:30:00
2026-02-06 13:45:00,15.52,13:45:00
2026-02-06 14:00:00,15.68,14:00:00
2026-02-06 14:15:00,16.03,14:15:00
2026-02-06 14:30:00,16.17,14:30:00
2026-02-06 14:45:00,16.38,14:45:00
2026-02-06 15:00:00,16.51,15:00:00
2026-02-06 15:15:00,16.61,15:15:00
2026-02-06 15:30:00,17.74,15:30:00
2026-02-06 15:45:00,16.94,15:45:00
2026-02-06 16:00:00,17.85,16:00:00
2026-02-06 16:15:00,17.63,16:15:00
2026-02-06 16:30:00,16.89,16:30:00
2026-02-06 16:45:00,17.6,16:45:00
2026-02-06 17:00:00,17.08,17:00:00
2026-02-06 17:15:00,16.65,17:15:00
2026-02-06 17:30:00,16.56,17:30:00
2026-02-06 17:45:00,16.58,17:45:00
2026-02-06 18:00:00,17.61,18:00:00
2026-02-06 18:15:00,18.25,18:15:00
2026-02-06 18:30:00,18.27,18:30:00
2026-02-06 18:45:00,18.47,18:45:00
2026-02-06 19:00:00,18.44,19:00:00
2026-02-06 19:15:00,18.36,19:15:00
2026-02-06 19:30:00,17.37,19:30:00
2026-02-06 19:45:00,17.2,19:45:00
2026-02-06 20:00:00,17.08,20:00:00
2026-02-06 20:15:00,16.28,20:15:00
2026-02-06 20:30:00,16.68,20:30:00
2026-02-06 20:45:00,16.5,20:45:00
2026-02-06 21:00:00,16.86,21:00:00
2026-02-06 21:15:00,17.04,21:15:00
2026-02-06 21:30:00,17.58,21:30:00
2026-02-06 21:45:00,16.68,21:45:00
2026-02-06 22:00:00,17.26,22:00:00
2026-02-06 22:15:00,17.16,22:15:00
2026-02-06 22:30:00,17.98,22:30:00
2026-02-06 22:45:00,17.07,22:45:00
2026-02-06 23:00:00,16.68,23:00:00
2026-02-06 23:15:00,17.01,23:15:00
2026-02-06 23:30:00,16.88,23:30:00
2026-02-06 23:45:00,17.24,23:45:00
2026-02-07 00:00:00,17.55,00:00:00
2026-02-07 00:15:00,17.89,00:15:00
2026-02-07 00:30:00,18.48,00:30:00
2026-02-07 00:45:00,17.96,00:45:00
2026-02-07 01:00:00,18.55,01:00:00
2026-02-07 01:15:00,18.51,01:15:00
2026-02-07 01:30:00,18.61,01:30:00
2026-02-07 01:45:00,19.23,01:45:00
2026-02-07 02:00:00,19.35,02:00:00
2026-02-07 02:15:00,18.74,02:15:00
2026-02-07 02:30:00,19.06,02:30:00
2026-02-07 02:45:00,19.19,02:45:00
2026-02-07 03:00:00,18.96,03:00:00
2026-02-07 03:15:00,19.16,03:15:00
2026-02-07 03:30:00,18.65,03:30:00
2026-02-07 03:45:00,19.37,03:45:00
2026-02-07 04:00:00,19.39,04:00:00
2026-02-07 04:15:00,19.06,04:15:00
2026-02-07 04:30:00,18.35,04:30:00
2026-02-07 04:45:00,18.08,04:45:00
2026-02-07 05:00:00,17.85,05:00:00
2026-02-07 05:15:00,17.83,05:15:00
2026-02-07 05:30:00,18.03,05:30:00
2026-02-07 05:45:00,18.04,05:45:00
2026-02-07 06:00:00,17.67,06:00:00
2026-02-07 06:15:00,17.28,06:15:00
2026-02-07 06:30:00,17.33,06:30:00
2026-02-07 06:45:00,17.67,06:45:00
2026-02-07 07:00:00,17.15,07:00:00
2026-02-07 07:15:00,16.91,07:15:00
2026-02-07 07:30:00,17.46,07:30:00
2026-02-07 07:45:00,17.55,07:45:00
2026-02-07 08:00:00,16.91,08:00:00
2026-02-07 08:15:00,16.69,08:15:00
2026-02-07 08:30:00,16.18,08:30:00
2026-02-07 08:45:00,16.07,08:45:00
2026-02-07 09:00:00,15.76,09:00:00
2026-02-07 09:15:00,15.69,09:15:00
2026-02-07 09:30:00,15.61,09:30:00
2026-02-07 09:45:00,15.58,09:45:00
2026-02-07 10:00:00,15.4,10:00:00
2026-02-07 10:15:00,15.42,10:15:00
2026-02-07 10:30:00,15.4,10:30:00
2026-02-07 10:45:00,15.33,10:45:00
2026-02-07 11:00:00,15.16,11:00:00
2026-02-07 11:15:00,15.59,11:15:00
2026-02-07 11:30:00,16.15,11:30:00
2026-02-07 11:45:00,15.99,11:45:00
2026-02-07 12:00:00,16.08,12:00:00
2026-02-07 12:15:00,16.17,12:15:00
2026-02-07 12:30:00,16.04,12:30:00
2026-02-07 12:45:00,16.31,12:45:00
2026-02-07 13:00:00,16.39,13:00:00
2026-02-07 13:15:00,16.32,13:15:00
2026-02-07 13:30:00,16.47,13:30:00
2026-02-07 13:45:00,16.8,13:45:00
2026-02-07 14:00:00,16.85,14:00:00
2026-02-07 14:15:00,16.7,14:15:00
2026-02-07 14:30:00,16.9,14:30:00
2026-02-07 14:45:00,17.07,14:45:00
2026-02-07 15:00:00,16.92,15:00:00
2026-02-07 15:15:00,17.1,15:15:00
2026-02-07 15:30:00,17.66,15:30:00
2026-02-07 15:45:00,18.2,15:45:00
2026-02-07 16:00:00,17.81,16:00:00
2026-02-07 16:15:00,17.87,16:15:00
2026-02-07 16:30:00,18.33,16:30:00
2026-02-07 16:45:00,18.63,16:45:00
2026-02-07 17:00:00,18.82,17:00:00
2026-02-07 17:15:00,18.98,17:15:00
2026-02-07 17:30:00,19.26,17:30:00
2026-02-07 17:45:00,19.34,17:45:00
2026-02-07 18:00:00,19.23,18:00:00
2026-02-07 18:15:00,19.04,18:15:00
2026-02-07 18:30:00,19.1,18:30:00
2026-02-07 18:45:00,19.48,18:45:00
2026-02-07 19:00:00,19.24,19:00:00
2026-02-07 19:15:00,18.42,19:15:00
2026-02-07 19:30:00,18.52,19:30:00
2026-02-07 19:45:00,18.12,19:45:00
2026-02-07 20:00:00,18.27,20:00:00
2026-02-07 20:15:00,18.19,20:15:00
2026-02-07 20:30:00,17.73,20:30:00
2026-02-07 20:45:00,17.71,20:45:00
2026-02-07 21:00:00,18.22,21:00:00
2026-02-07 21:15:00,17.85,21:15:00
2026-02-07 21:30:00,18.24,21:30:00
2026-02-07 21:45:00,18.21,21:45:00
2026-02-07 22:00:00,18.42,22:00:00
2026-02-07 22:15:00,17.56,22:15:00
2026-02-07 22:30:00,18.41,22:30:00
2026-02-07 22:45:00,19.06,22:45:00
2026-02-07 23:00:00,19.55,23:00:00
2026-02-07 23:15:00,19.84,23:15:00
2026-02-07 23:30:00,19.4,23:30:00
2026-02-07 23:45:00,18.45,23:45:00
2026-02-08 00:00:00,19.03,00:00:00
2026-02-08 00:15:00,19.6,00:15:00
2026-02-08 00:30:00,19.81,00:30:00
2026-02-08 00:45:00,19.66,00:45:00
2026-02-08 01:00:00,19.85,01:00:00
2026-02-08 01:15:00,19.4,01:15:00
2026-02-08 01:30:00,19.19,01:30:00
2026-02-08 01:45:00,19.3,01:45:00
2026-02-08 02:00:00,19.3,02:00:00
2026-02-08 02:15:00,19.34,02:15:00
2026-02-08 02:30:00,19.2,02:30:00
2026-02-08 02:45:00,19.52,02:45:00
2026-02-08 03:00:00,19.47,03:00:00
2026-02-08 03:15:00,19.45,03:15:00
2026-02-08 03:30:00,19.51,03:30:00
2026-02-08 03:45:00,19.57,03:45:00
2026-02-08 04:00:00,19.62,04:00:00
2026-02-08 04:15:00,19.65,04:15:00
2026-02-08 04:30:00,19.71,04:30:00
2026-02-08 04:45:00,19.76,04:45:00
2026-02-08 05:00:00,19.58,05:00:00
2026-02-08 05:15:00,19.42,05:15:00
2026-02-08 05:30:00,19.47,05:30:00
2026-02-08 05:45:00,19.65,05:45:00
2026-02-08 06:00:00,20.12,06:00:00
2026-02-08 06:15:00,20.25,06:15:00
2026-02-08 06:30:00,20.44,06:30:00
2026-02-08 06:45:00,20.43,06:45:00
2026-02-08 07:00:00,20.02,07:00:00
2026-02-08 07:15:00,20.02,07:15:00
2026-02-08 07:30:00,20.48,07:30:00
2026-02-08 07:45:00,20.58,07:45:00
2026-02-08 08:00:00,19.89,08:00:00
2026-02-08 08:15:00,19.48,08:15:00
2026-02-08 08:30:00,18.86,08:30:00
2026-02-08 08:45:00,18.55,08:45:00
2026-02-08 09:00:00,18.59,09:00:00
2026-02-08 09:15:00,18.12,09:15:00
2026-02-08 09:30:00,18.17,09:30:00
2026-02-08 09:45:00,18.34,09:45:00
2026-02-08 10:00:00,18.06,10:00:00
2026-02-08 10:15:00,18.2,10:15:00
2026-02-08 10:30:00,18.11,10:30:00
2026-02-08 10:45:00,17.81,10:45:00
2026-02-08 11:00:00,18.15,11:00:00
2026-02-08 11:15:00,18.07,11:15:00
2026-02-08 11:30:00,18.43,11:30:00
2026-02-08 11:45:00,18.25,11:45:00
2026-02-08 12:00:00,17.57,12:00:00
2026-02-08 12:15:00,17.32,12:15:00
2026-02-08 12:30:00,17.25,12:30:00
2026-02-08 12:45:00,17.02,12:45:00
2026-02-08 13:00:00,17.37,13:00:00
2026-02-08 13:15:00,17.94,13:15:00
2026-02-08 13:30:00,17.71,13:30:00
2026-02-08 13:45:00,17.71,13:45:00
2026-02-08 14:00:00,18.01,14:00:00
2026-02-08 14:15:00,18.14,14:15:00
2026-02-08 14:30:00,18.36,14:30:00
2026-02-08 14:45:00,19.05,14:45:00
2026-02-08 15:00:00,19.07,15:00:00
2026-02-08 15:15:00,19.33,15:15:00
2026-02-08 15:30:00,20.04,15:30:00
2026-02-08 15:45:00,20.93,15:45:00
2026-02-08 16:00:00,21.4,16:00:00
2026-02-08 16:15:00,21.42,16:15:00
2026-02-08 16:30:00,22.4,16:30:00
2026-02-08 16:45:00,23.59,16:45:00
2026-02-08 17:00:00,24.32,17:00:00
2026-02-08 17:15:00,24.95,17:15:00
2026-02-08 17:30:00,25.26,17:30:00
2026-02-08 17:45:00,25.15,17:45:00
2026-02-08 18:00:00,25.34,18:00:00
2026-02-08 18:15:00,25.11,18:15:00
2026-02-08 18:30:00,25.25,18:30:00
2026-02-08 18:45:00,25.24,18:45:00
2026-02-08 19:00:00,25.08,19:00:00
2026-02-08 19:15:00,25.05,19:15:00
2026-02-08 19:30:00,25.03,19:30:00
2026-02-08 19:45:00,25.04,19:45:00
2026-02-08 20:00:00,25.17,20:00:00
2026-02-08 20:15:00,25.49,20:15:00
2026-02-08 20:30:00,25.26,20:30:00
2026-02-08 20:45:00,24.52,20:45:00
2026-02-08 21:00:00,25.27,21:00:00
2026-02-08 21:15:00,25.48,21:15:00
2026-02-08 21:30:00,25.21,21:30:00
2026-02-08 21:45:00,24.31,21:45:00
2026-02-08 22:00:00,24.73,22:00:00
2026-02-08 22:15:00,24.62,22:15:00
2026-02-08 22:30:00,25.46,22:30:00
2026-02-08 22:45:00,25.59,22:45:00
2026-02-08 23:00:00,26.0,23:00:00
2026-02-08 23:15:00,24.44,23:15:00
2026-02-08 23:30:00,22.28,23:30:00
2026-02-08 23:45:00,20.04,23:45:00
2026-02-09 00:00:00,19.84,00:00:00
2026-02-09 00:15:00,19.01,00:15:00
2026-02-09 00:30:00,19.84,00:30:00
2026-02-09 00:45:00,19.67,00:45:00
2026-02-09 01:00:00,19.52,01:00:00
2026-02-09 01:15:00,19.64,01:15:00
2026-02-09 01:30:00,19.57,01:30:00
2026-02-09 01:45:00,19.49,01:45:00
2026-02-09 02:00:00,19.54,02:00:00
2026-02-09 02:15:00,19.66,02:15:00
2026-02-09 02:30:00,19.91,02:30:00
2026-02-09 02:45:00,20.1,02:45:00
2026-02-09 03:00:00,20.65,03:00:00
2026-02-09 03:15:00,20.87,03:15:00
2026-02-09 03:30:00,20.64,03:30:00
2026-02-09 03:45:00,20.51,03:45:00
2026-02-09 04:00:00,20.71,04:00:00
2026-02-09 04:15:00,21.23,04:15:00
2026-02-09 04:30:00,21.95,04:30:00
2026-02-09 04:45:00,22.43,04:45:00
2026-02-09 05:00:00,22.53,05:00:00
2026-02-09 05:15:00,23.25,05:15:00
2026-02-09 05:30:00,24.94,05:30:00
2026-02-09 05:45:00,27.81,05:45:00
2026-02-09 06:00:00,29.98,06:00:00
2026-02-09 06:15:00,30.94,06:15:00
2026-02-09 06:30:00,31.04,06:30:00
2026-02-09 06:45:00,31.31,06:45:00
2026-02-09 07:00:00,31.32,07:00:00
2026-02-09 07:15:00,30.81,07:15:00
2026-02-09 07:30:00,30.64,07:30:00
2026-02-09 07:45:00,30.22,07:45:00
2026-02-09 08:00:00,29.78,08:00:00
2026-02-09 08:15:00,29.18,08:15:00
2026-02-09 08:30:00,29.0,08:30:00
2026-02-09 08:45:00,29.01,08:45:00
2026-02-09 09:00:00,27.97,09:00:00
2026-02-09 09:15:00,24.82,09:15:00
2026-02-09 09:30:00,22.88,09:30:00
2026-02-09 09:45:00,22.49,09:45:00
2026-02-09 10:00:00,21.45,10:00:00
2026-02-09 10:15:00,19.97,10:15:00
2026-02-09 10:30:00,18.95,10:30:00
2026-02-09 10:45:00,18.79,10:45:00
2026-02-09 11:00:00,19.19,11:00:00
2026-02-09 11:15:00,18.84,11:15:00
2026-02-09 11:30:00,18.18,11:30:00
2026-02-09 11:45:00,17.63,11:45:00
2026-02-09 12:00:00,16.99,12:00:00
2026-02-09 12:15:00,17.55,12:15:00
2026-02-09 12:30:00,17.41,12:30:00
2026-02-09 12:45:00,17.34,12:45:00
2026-02-09 13:00:00,17.77,13:00:00
2026-02-09 13:15:00,17.99,13:15:00
2026-02-09 13:30:00,17.36,13:30:00
2026-02-09 13:45:00,17.1,13:45:00
2026-02-09 14:00:00,16.9,14:00:00
2026-02-09 14:15:00,17.68,14:15:00
2026-02-09 14:30:00,17.87,14:30:00
2026-02-09 14:45:00,18.38,14:45:00
2026-02-09 15:00:00,17.41,15:00:00
2026-02-09 15:15:00,17.24,15:15:00
2026-02-09 15:30:00,17.32,15:30:00
2026-02-09 15:45:00,17.51,15:45:00
2026-02-09 16:00:00,18.29,16:00:00
2026-02-09 16:15:00,19.5,16:15:00
2026-02-09 16:30:00,19.82,16:30:00
2026-02-09 16:45:00,21.13,16:45:00
2026-02-09 17:00:00,22.88,17:00:00
2026-02-09 17:15:00,24.03,17:15:00
2026-02-09 17:30:00,24.36,17:30:00
2026-02-09 17:45:00,24.37,17:45:00
2026-02-09 18:00:00,23.91,18:00:00
2026-02-09 18:15:00,23.39,18:15:00
2026-02-09 18:30:00,23.49,18:30:00
2026-02-09 18:45:00,23.03,18:45:00
2026-02-09 19:00:00,23.05,19:00:00
2026-02-09 19:15:00,22.74,19:15:00
2026-02-09 19:30:00,21.43,19:30:00
2026-02-09 19:45:00,19.67,19:45:00
2026-02-09 20:00:00,17.44,20:00:00
2026-02-09 20:15:00,16.68,20:15:00
2026-02-09 20:30:00,16.82,20:30:00
2026-02-09 20:45:00,17.2,20:45:00
2026-02-09 21:00:00,16.88,21:00:00
2026-02-09 21:15:00,17.2,21:15:00
2026-02-09 21:30:00,17.66,21:30:00
2026-02-09 21:45:00,17.3,21:45:00
2026-02-09 22:00:00,17.02,22:00:00
2026-02-09 22:15:00,16.26,22:15:00
2026-02-09 22:30:00,16.39,22:30:00
2026-02-09 22:45:00,16.49,22:45:00
2026-02-09 23:00:00,16.83,23:00:00
2026-02-09 23:15:00,17.27,23:15:00
2026-02-09 23:30:00,16.31,23:30:00
2026-02-09 23:45:00,16.14,23:45:00
2026-02-10 00:00:00,16.43,00:00:00
2026-02-10 00:15:00,16.44,00:15:00
2026-02-10 00:30:00,16.28,00:30:00
2026-02-10 00:45:00,16.44,00:45:00
2026-02-10 01:00:00,16.97,01:00:00
2026-02-10 01:15:00,16.74,01:15:00
2026-02-10 01:30:00,16.91,01:30:00
2026-02-10 01:45:00,17.12,01:45:00
2026-02-10 02:00:00,17.29,02:00:00
2026-02-10 02:15:00,17.41,02:15:00
2026-02-10 02:30:00,17.49,02:30:00
2026-02-10 02:45:00,17.59,02:45:00
2026-02-10 03:00:00,17.63,03:00:00
2026-02-10 03:15:00,17.62,03:15:00
2026-02-10 03:30:00,17.61,03:30:00
2026-02-10 03:45:00,18.06,03:45:00
2026-02-10 04:00:00,17.74,04:00:00
2026-02-10 04:15:00,17.95,04:15:00
2026-02-10 04:30:00,17.62,04:30:00
2026-02-10 04:45:00,17.79,04:45:00
2026-02-10 05:00:00,17.83,05:00:00
2026-02-10 05:15:00,17.58,05:15:00
2026-02-10 05:30:00,17.05,05:30:00
2026-02-10 05:45:00,16.54,05:45:00
2026-02-10 06:00:00,16.57,06:00:00
2026-02-10 06:15:00,17.14,06:15:00
2026-02-10 06:30:00,18.35,06:30:00
2026-02-10 06:45:00,18.81,06:45:00
2026-02-10 07:00:00,18.86,07:00:00
2026-02-10 07:15:00,18.65,07:15:00
2026-02-10 07:30:00,19.02,07:30:00
2026-02-10 07:45:00,19.05,07:45:00
2026-02-10 08:00:00,18.39,08:00:00
2026-02-10 08:15:00,17.5,08:15:00
2026-02-10 08:30:00,16.77,08:30:00
2026-02-10 08:45:00,16.51,08:45:00
2026-02-10 09:00:00,16.23,09:00:00
2026-02-10 09:15:00,16.0,09:15:00
2026-02-10 09:30:00,15.79,09:30:00
2026-02-10 09:45:00,15.58,09:45:00
2026-02-10 10:00:00,15.35,10:00:00
2026-02-10 10:15:00,15.22,10:15:00
2026-02-10 10:30:00,15.01,10:30:00
2026-02-10 10:45:00,15.03,10:45:00
2026-02-10 11:00:00,15.49,11:00:00
2026-02-10 11:15:00,15.71,11:15:00
2026-02-10 11:30:00,15.56,11:30:00
2026-02-10 11:45:00,14.49,11:45:00
2026-02-10 12:00:00,14.45,12:00:00
2026-02-10 12:15:00,15.41,12:15:00
2026-02-10 12:30:00,15.29,12:30:00
2026-02-10 12:45:00,15.68,12:45:00
2026-02-10 13:00:00,16.23,13:00:00
2026-02-10 13:15:00,16.32,13:15:00
2026-02-10 13:30:00,16.23,13:30:00
2026-02-10 13:45:00,16.05,13:45:00
2026-02-10 14:00:00,15.24,14:00:00
2026-02-10 14:15:00,14.43,14:15:00
2026-02-10 14:30:00,14.43,14:30:00
2026-02-10 14:45:00,14.59,14:45:00
2026-02-10 15:00:00,14.65,15:00:00
2026-02-10 15:15:00,15.01,15:15:00
2026-02-10 15:30:00,14.99,15:30:00
2026-02-10 15:45:00,15.18,15:45:00
2026-02-10 16:00:00,15.14,16:00:00
2026-02-10 16:15:00,14.67,16:15:00
2026-02-10 16:30:00,14.71,16:30:00
2026-02-10 16:45:00,14.63,16:45:00
2026-02-10 17:00:00,14.51,17:00:00
2026-02-10 17:15:00,14.27,17:15:00
2026-02-10 17:30:00,14.0,17:30:00
2026-02-10 17:45:00,14.63,17:45:00
2026-02-10 18:00:00,15.38,18:00:00
2026-02-10 18:15:00,15.27,18:15:00
2026-02-10 18:30:00,14.7,18:30:00
2026-02-10 18:45:00,13.77,18:45:00
2026-02-10 19:00:00,14.25,19:00:00
2026-02-10 19:15:00,14.37,19:15:00
2026-02-10 19:30:00,13.93,19:30:00
2026-02-10 19:45:00,13.79,19:45:00
2026-02-10 20:00:00,13.81,20:00:00
2026-02-10 20:15:00,14.38,20:15:00
2026-02-10 20:30:00,14.0,20:30:00
2026-02-10 20:45:00,13.91,20:45:00
2026-02-10 21:00:00,13.74,21:00:00
2026-02-10 21:15:00,13.82,21:15:00
2026-02-10 21:30:00,13.74,21:30:00
2026-02-10 21:45:00,13.86,21:45:00
2026-02-10 22:00:00,13.84,22:00:00
2026-02-10 22:15:00,13.89,22:15:00
2026-02-10 22:30:00,13.93,22:30:00
2026-02-10 22:45:00,14.18,22:45:00
2026-02-10 23:00:00,14.0,23:00:00
2026-02-10 23:15:00,13.88,23:15:00
2026-02-10 23:30:00,14.23,23:30:00
2026-02-10 23:45:00,14.41,23:45:00
2026-02-11 00:00:00,14.43,00:00:00
2026-02-11 00:15:00,14.81,00:15:00
2026-02-11 00:30:00,14.65,00:30:00
2026-02-11 00:45:00,14.74,00:45:00
2026-02-11 01:00:00,14.8,01:00:00
2026-02-11 01:15:00,15.01,01:15:00
2026-02-11 01:30:00,14.93,01:30:00
2026-02-11 01:45:00,15.1,01:45:00
2026-02-11 02:00:00,15.79,02:00:00
2026-02-11 02:15:00,16.05,02:15:00
2026-02-11 02:30:00,16.07,02:30:00
2026-02-11 02:45:00,16.17,02:45:00
2026-02-11 03:00:00,16.02,03:00:00
2026-02-11 03:15:00,15.95,03:15:00
2026-02-11 03:30:00,15.97,03:30:00
2026-02-11 03:45:00,15.96,03:45:00
2026-02-11 04:00:00,15.96,04:00:00
2026-02-11 04:15:00,15.94,04:15:00
2026-02-11 04:30:00,16.01,04:30:00
2026-02-11 04:45:00,15.96,04:45:00
2026-02-11 05:00:00,15.35,05:00:00
2026-02-11 05:15:00,14.11,05:15:00
2026-02-11 05:30:00,14.04,05:30:00
2026-02-11 05:45:00,14.15,05:45:00
2026-02-11 06:00:00,14.32,06:00:00
2026-02-11 06:15:00,14.19,06:15:00
2026-02-11 06:30:00,14.2,06:30:00
2026-02-11 06:45:00,14.51,06:45:00
2026-02-11 07:00:00,14.15,07:00:00
2026-02-11 07:15:00,13.8,07:15:00
2026-02-11 07:30:00,13.79,07:30:00
2026-02-11 07:45:00,13.67,07:45:00
2026-02-11 08:00:00,13.6,08:00:00
2026-02-11 08:15:00,13.34,08:15:00
2026-02-11 08:30:00,13.36,08:30:00
2026-02-11 08:45:00,13.16,08:45:00
2026-02-11 09:00:00,13.1,09:00:00
2026-02-11 09:15:00,13.08,09:15:00
2026-02-11 09:30:00,13.1,09:30:00
2026-02-11 09:45:00,13.09,09:45:00
2026-02-11 10:00:00,13.4,10:00:00
2026-02-11 10:15:00,13.43,10:15:00
2026-02-11 10:30:00,13.44,10:30:00
2026-02-11 10:45:00,13.14,10:45:00
2026-02-11 11:00:00,13.14,11:00:00
2026-02-11 11:15:00,13.03,11:15:00
2026-02-11 11:30:00,12.94,11:30:00
2026-02-11 11:45:00,12.88,11:45:00
2026-02-11 12:00:00,12.78,12:00:00
2026-02-11 12:15:00,12.89,12:15:00
2026-02-11 12:30:00,13.08,12:30:00
2026-02-11 12:45:00,13.14,12:45:00
2026-02-11 13:00:00,13.32,13:00:00
2026-02-11 13:15:00,13.6,13:15:00
2026-02-11 13:30:00,13.71,13:30:00
2026-02-11 13:45:00,14.26,13:45:00
2026-02-11 14:00:00,14.72,14:00:00
2026-02-11 14:15:00,15.17,14:15:00
2026-02-11 14:30:00,15.16,14:30:00
2026-02-11 14:45:00,14.57,14:45:00
2026-02-11 15:00:00,14.47,15:00:00
2026-02-11 15:15:00,14.83,15:15:00
2026-02-11 15:30:00,15.12,15:30:00
2026-02-11 15:45:00,15.46,15:45:00
2026-02-11 16:00:00,15.47,16:00:00
2026-02-11 16:15:00,15.45,16:15:00
2026-02-11 16:30:00,15.42,16:30:00
2026-02-11 16:45:00,15.42,16:45:00
2026-02-11 17:00:00,15.48,17:00:00
2026-02-11 17:15:00,15.67,17:15:00
2026-02-11 17:30:00,15.9,17:30:00
2026-02-11 17:45:00,15.83,17:45:00
2026-02-11 18:00:00,15.7,18:00:00
2026-02-11 18:15:00,15.57,18:15:00
2026-02-11 18:30:00,15.02,18:30:00
2026-02-11 18:45:00,14.79,18:45:00
2026-02-11 19:00:00,15.08,19:00:00
2026-02-11 19:15:00,15.4,19:15:00
2026-02-11 19:30:00,15.47,19:30:00
2026-02-11 19:45:00,15.12,19:45:00
2026-02-11 20:00:00,15.18,20:00:00
2026-02-11 20:15:00,15.17,20:15:00
2026-02-11 20:30:00,14.87,20:30:00
2026-02-11 20:45:00,15.2,20:45:00
2026-02-11 21:00:00,15.67,21:00:00
2026-02-11 21:15:00,16.04,21:15:00
2026-02-11 21:30:00,15.73,21:30:00
2026-02-11 21:45:00,15.78,21:45:00
2026-02-11 22:00:00,15.33,22:00:00
2026-02-11 22:15:00,15.2,22:15:00
2026-02-11 22:30:00,14.7,22:30:00
2026-02-11 22:45:00,14.48,22:45:00
2026-02-11 23:00:00,14.25,23:00:00
2026-02-11 23:15:00,14.16,23:15:00
2026-02-11 23:30:00,14.34,23:30:00
2026-02-11 23:45:00,14.64,23:45:00
2026-02-12 00:00:00,14.63,00:00:00
2026-02-12 00:15:00,14.71,00:15:00
2026-02-12 00:30:00,14.72,00:30:00
2026-02-12 00:45:00,14.58,00:45:00
2026-02-12 01:00:00,14.67,01:00:00
2026-02-12 01:15:00,14.88,01:15:00
2026-02-12 01:30:00,14.66,01:30:00
2026-02-12 01:45:00,14.73,01:45:00
2026-02-12 02:00:00,15.24,02:00:00
2026-02-12 02:15:00,16.26,02:15:00
2026-02-12 02:30:00,16.47,02:30:00
2026-02-12 02:45:00,16.62,02:45:00
2026-02-12 03:00:00,16.14,03:00:00
2026-02-12 03:15:00,14.52,03:15:00
2026-02-12 03:30:00,14.45,03:30:00
2026-02-12 03:45:00,14.5,03:45:00
2026-02-12 04:00:00,14.37,04:00:00
2026-02-12 04:15:00,14.29,04:15:00
2026-02-12 04:30:00,14.26,04:30:00
2026-02-12 04:45:00,14.24,04:45:00
2026-02-12 05:00:00,14.16,05:00:00
2026-02-12 05:15:00,14.36,05:15:00
2026-02-12 05:30:00,14.16,05:30:00
2026-02-12 05:45:00,13.94,05:45:00
2026-02-12 06:00:00,13.73,06:00:00
2026-02-12 06:15:00,13.61,06:15:00
2026-02-12 06:30:00,13.57,06:30:00
2026-02-12 06:45:00,13.46,06:45:00
2026-02-12 07:00:00,13.42,07:00:00
2026-02-12 07:15:00,13.47,07:15:00
2026-02-12 07:30:00,13.43,07:30:00
2026-02-12 07:45:00,13.12,07:45:00
2026-02-12 08:00:00,12.95,08:00:00
2026-02-12 08:15:00,14.15,08:15:00
2026-02-12 08:30:00,14.63,08:30:00
2026-02-12 08:45:00,13.6,08:45:00
2026-02-12 09:00:00,12.94,09:00:00
2026-02-12 09:15:00,12.9,09:15:00
2026-02-12 09:30:00,12.74,09:30:00
2026-02-12 09:45:00,12.7,09:45:00
2026-02-12 10:00:00,12.63,10:00:00
2026-02-12 10:15:00,12.57,10:15:00
2026-02-12 10:30:00,12.44,10:30:00
2026-02-12 10:45:00,12.45,10:45:00
2026-02-12 11:00:00,10.76,11:00:00
2026-02-12 11:15:00,10.23,11:15:00
2026-02-12 11:30:00,9.94,11:30:00
2026-02-12 11:45:00,9.9,11:45:00
2026-02-12 12:00:00,9.61,12:00:00
2026-02-12 12:15:00,9.64,12:15:00
2026-02-12 12:30:00,9.58,12:30:00
2026-02-12 12:45:00,10.55,12:45:00
2026-02-12 13:00:00,17.26,13:00:00
2026-02-12 13:15:00,20.96,13:15:00
2026-02-12 13:30:00,20.84,13:30:00
2026-02-12 13:45:00,20.89,13:45:00
2026-02-12 14:00:00,14.58,14:00:00
2026-02-12 14:15:00,9.79,14:15:00
2026-02-12 14:30:00,9.51,14:30:00
2026-02-12 14:45:00,9.53,14:45:00
2026-02-12 15:00:00,10.36,15:00:00
2026-02-12 15:15:00,13.05,15:15:00
2026-02-12 15:30:00,13.24,15:30:00
2026-02-12 15:45:00,13.2,15:45:00
2026-02-12 16:00:00,13.23,16:00:00
2026-02-12 16:15:00,13.44,16:15:00
2026-02-12 16:30:00,13.94,16:30:00
2026-02-12 16:45:00,13.93,16:45:00
2026-02-12 17:00:00,14.13,17:00:00
2026-02-12 17:15:00,14.13,17:15:00
2026-02-12 17:30:00,14.2,17:30:00
2026-02-12 17:45:00,14.09,17:45:00
2026-02-12 18:00:00,14.6,18:00:00
2026-02-12 18:15:00,14.17,18:15:00
2026-02-12 18:30:00,13.9,18:30:00
2026-02-12 18:45:00,13.26,18:45:00
2026-02-12 19:00:00,13.2,19:00:00
2026-02-12 19:15:00,13.08,19:15:00
2026-02-12 19:30:00,13.11,19:30:00
2026-02-12 19:45:00,13.36,19:45:00
2026-02-12 20:00:00,13.45,20:00:00
2026-02-12 20:15:00,13.24,20:15:00
2026-02-12 20:30:00,13.34,20:30:00
2026-02-12 20:45:00,13.26,20:45:00
2026-02-12 21:00:00,13.34,21:00:00
2026-02-12 21:15:00,13.77,21:15:00
2026-02-12 21:30:00,13.84,21:30:00
2026-02-12 21:45:00,14.19,21:45:00
2026-02-12 22:00:00,14.28,22:00:00
2026-02-12 22:15:00,14.38,22:15:00
2026-02-12 22:30:00,14.27,22:30:00
2026-02-12 22:45:00,14.81,22:45:00
2026-02-12 23:00:00,14.94,23:00:00
2026-02-12 23:15:00,14.71,23:15:00
2026-02-12 23:30:00,15.19,23:30:00
2026-02-12 23:45:00,15.32,23:45:00
2026-02-13 00:00:00,15.41,00:00:00
2026-02-13 00:15:00,15.89,00:15:00
2026-02-13 00:30:00,16.08,00:30:00
2026-02-13 00:45:00,16.25,00:45:00
2026-02-13 01:00:00,16.34,01:00:00
2026-02-13 01:15:00,16.46,01:15:00
2026-02-13 01:30:00,16.21,01:30:00
2026-02-13 01:45:00,16.21,01:45:00
2026-02-13 02:00:00,16.45,02:00:00
2026-02-13 02:15:00,16.72,02:15:00
2026-02-13 02:30:00,16.78,02:30:00
2026-02-13 02:45:00,16.83,02:45:00
2026-02-13 03:00:00,16.9,03:00:00
2026-02-13 03:15:00,17.02,03:15:00
2026-02-13 03:30:00,17.02,03:30:00
2026-02-13 03:45:00,17.02,03:45:00
2026-02-13 04:00:00,17.58,04:00:00
2026-02-13 04:15:00,17.28,04:15:00
2026-02-13 04:30:00,17.64,04:30:00
2026-02-13 04:45:00,17.6,04:45:00
2026-02-13 05:00:00,17.48,05:00:00
2026-02-13 05:15:00,17.38,05:15:00
2026-02-13 05:30:00,18.59,05:30:00
2026-02-13 05:45:00,21.69,05:45:00
2026-02-13 06:00:00,21.82,06:00:00
2026-02-13 06:15:00,22.09,06:15:00
2026-02-13 06:30:00,24.77,06:30:00
2026-02-13 06:45:00,29.06,06:45:00
2026-02-13 07:00:00,29.38,07:00:00
2026-02-13 07:15:00,29.73,07:15:00
2026-02-13 07:30:00,29.8,07:30:00
2026-02-13 07:45:00,29.11,07:45:00
2026-02-13 08:00:00,28.49,08:00:00
2026-02-13 08:15:00,25.63,08:15:00
2026-02-13 08:30:00,20.23,08:30:00
2026-02-13 08:45:00,19.37,08:45:00
2026-02-13 09:00:00,18.77,09:00:00
2026-02-13 09:15:00,18.54,09:15:00
2026-02-13 09:30:00,18.09,09:30:00
2026-02-13 09:45:00,18.16,09:45:00
2026-02-13 10:00:00,17.85,10:00:00
2026-02-13 10:15:00,18.09,10:15:00
2026-02-13 10:30:00,18.03,10:30:00
2026-02-13 10:45:00,17.88,10:45:00
2026-02-13 11:00:00,17.29,11:00:00
2026-02-13 11:15:00,17.87,11:15:00
2026-02-13 11:30:00,17.95,11:30:00
2026-02-13 11:45:00,16.69,11:45:00
2026-02-13 12:00:00,16.09,12:00:00
2026-02-13 12:15:00,16.85,12:15:00
2026-02-13 12:30:00,17.07,12:30:00
2026-02-13 12:45:00,17.17,12:45:00
2026-02-13 13:00:00,16.74,13:00:00
2026-02-13 13:15:00,16.76,13:15:00
2026-02-13 13:30:00,16.81,13:30:00
2026-02-13 13:45:00,16.8,13:45:00
2026-02-13 14:00:00,17.29,14:00:00
2026-02-13 14:15:00,17.81,14:15:00
2026-02-13 14:30:00,18.05,14:30:00
2026-02-13 14:45:00,19.15,14:45:00
2026-02-13 15:00:00,19.69,15:00:00
2026-02-13 15:15:00,19.78,15:15:00
2026-02-13 15:30:00,20.16,15:30:00
2026-02-13 15:45:00,20.37,15:45:00
2026-02-13 16:00:00,21.04,16:00:00
2026-02-13 16:15:00,21.3,16:15:00
2026-02-13 16:30:00,21.49,16:30:00
2026-02-13 16:45:00,21.74,16:45:00
2026-02-13 17:00:00,22.45,17:00:00
2026-02-13 17:15:00,22.56,17:15:00
2026-02-13 17:30:00,23.14,17:30:00
2026-02-13 17:45:00,23.77,17:45:00
2026-02-13 18:00:00,23.43,18:00:00
2026-02-13 18:15:00,23.63,18:15:00
2026-02-13 18:30:00,23.99,18:30:00
2026-02-13 18:45:00,24.36,18:45:00
2026-02-13 19:00:00,23.98,19:00:00
2026-02-13 19:15:00,23.45,19:15:00
2026-02-13 19:30:00,23.07,19:30:00
2026-02-13 19:45:00,22.38,19:45:00
2026-02-13 20:00:00,21.88,20:00:00
2026-02-13 20:15:00,20.26,20:15:00
2026-02-13 20:30:00,19.02,20:30:00
2026-02-13 20:45:00,18.86,20:45:00
2026-02-13 21:00:00,19.03,21:00:00
2026-02-13 21:15:00,18.76,21:15:00
2026-02-13 21:30:00,17.76,21:30:00
2026-02-13 21:45:00,17.62,21:45:00
2026-02-13 22:00:00,17.38,22:00:00
2026-02-13 22:15:00,17.35,22:15:00
2026-02-13 22:30:00,17.59,22:30:00
2026-02-13 22:45:00,17.7,22:45:00
2026-02-13 23:00:00,17.08,23:00:00
2026-02-13 23:15:00,16.83,23:15:00
2026-02-13 23:30:00,16.78,23:30:00
2026-02-13 23:45:00,16.69,23:45:00
2026-02-14 00:00:00,16.65,00:00:00
2026-02-14 00:15:00,17.21,00:15:00
2026-02-14 00:30:00,17.54,00:30:00
2026-02-14 00:45:00,17.72,00:45:00
2026-02-14 01:00:00,17.87,01:00:00
2026-02-14 01:15:00,17.95,01:15:00
2026-02-14 01:30:00,17.99,01:30:00
2026-02-14 01:45:00,18.06,01:45:00
2026-02-14 02:00:00,18.16,02:00:00
2026-02-14 02:15:00,18.05,02:15:00
2026-02-14 02:30:00,18.1,02:30:00
2026-02-14 02:45:00,18.33,02:45:00
2026-02-14 03:00:00,18.51,03:00:00
2026-02-14 03:15:00,18.25,03:15:00
2026-02-14 03:30:00,18.29,03:30:00
2026-02-14 03:45:00,18.37,03:45:00
2026-02-14 04:00:00,18.0,04:00:00
2026-02-14 04:15:00,17.65,04:15:00
2026-02-14 04:30:00,17.79,04:30:00
2026-02-14 04:45:00,17.89,04:45:00
2026-02-14 05:00:00,17.79,05:00:00
2026-02-14 05:15:00,17.94,05:15:00
2026-02-14 05:30:00,17.63,05:30:00
2026-02-14 05:45:00,17.68,05:45:00
2026-02-14 06:00:00,17.36,06:00:00
2026-02-14 06:15:00,17.28,06:15:00
2026-02-14 06:30:00,17.4,06:30:00
2026-02-14 06:45:00,17.44,06:45:00
2026-02-14 07:00:00,17.31,07:00:00
2026-02-14 07:15:00,16.7,07:15:00
2026-02-14 07:30:00,16.65,07:30:00
2026-02-14 07:45:00,16.51,07:45:00
2026-02-14 08:00:00,16.67,08:00:00
2026-02-14 08:15:00,16.55,08:15:00
2026-02-14 08:30:00,16.36,08:30:00
2026-02-14 08:45:00,16.25,08:45:00
2026-02-14 09:00:00,15.72,09:00:00
2026-02-14 09:15:00,15.37,09:15:00
2026-02-14 09:30:00,15.56,09:30:00
2026-02-14 09:45:00,15.6,09:45:00
2026-02-14 10:00:00,15.66,10:00:00
2026-02-14 10:15:00,15.49,10:15:00
2026-02-14 10:30:00,15.43,10:30:00
2026-02-14 10:45:00,15.44,10:45:00
2026-02-14 11:00:00,15.53,11:00:00
2026-02-14 11:15:00,15.59,11:15:00
2026-02-14 11:30:00,15.49,11:30:00
2026-02-14 11:45:00,15.35,11:45:00
2026-02-14 12:00:00,15.45,12:00:00
2026-02-14 12:15:00,15.54,12:15:00
2026-02-14 12:30:00,15.76,12:30:00
2026-02-14 12:45:00,15.84,12:45:00
2026-02-14 13:00:00,15.99,13:00:00
2026-02-14 13:15:00,15.99,13:15:00
2026-02-14 13:30:00,16.04,13:30:00
2026-02-14 13:45:00,15.96,13:45:00
2026-02-14 14:00:00,16.12,14:00:00
2026-02-14 14:15:00,16.27,14:15:00
2026-02-14 14:30:00,16.3,14:30:00
2026-02-14 14:45:00,16.41,14:45:00
2026-02-14 15:00:00,16.62,15:00:00
2026-02-14 15:15:00,16.74,15:15:00
2026-02-14 15:30:00,16.95,15:30:00
2026-02-14 15:45:00,17.13,15:45:00
2026-02-14 16:00:00,17.68,16:00:00
2026-02-14 16:15:00,18.04,16:15:00
2026-02-14 16:30:00,18.73,16:30:00
2026-02-14 16:45:00,19.95,16:45:00
2026-02-14 17:00:00,21.51,17:00:00
2026-02-14 17:15:00,22.48,17:15:00
2026-02-14 17:30:00,23.09,17:30:00
2026-02-14 17:45:00,24.05,17:45:00
2026-02-14 18:00:00,24.78,18:00:00
2026-02-14 18:15:00,24.73,18:15:00
2026-02-14 18:30:00,24.89,18:30:00
2026-02-14 18:45:00,24.98,18:45:00
2026-02-14 19:00:00,25.37,19:00:00
2026-02-14 19:15:00,25.65,19:15:00
2026-02-14 19:30:00,25.73,19:30:00
2026-02-14 19:45:00,25.76,19:45:00
2026-02-14 20:00:00,25.85,20:00:00
2026-02-14 20:15:00,25.76,20:15:00
2026-02-14 20:30:00,25.73,20:30:00
2026-02-14 20:45:00,26.96,20:45:00
2026-02-14 21:00:00,27.24,21:00:00
2026-02-14 21:15:00,27.24,21:15:00
2026-02-14 21:30:00,29.79,21:30:00
2026-02-14 21:45:00,30.9,21:45:00
2026-02-14 22:00:00,30.57,22:00:00
2026-02-14 22:15:00,31.43,22:15:00
2026-02-14 22:30:00,31.33,22:30:00
2026-02-14 22:45:00,31.28,22:45:00
2026-02-14 23:00:00,31.16,23:00:00
2026-02-14 23:15:00,27.62,23:15:00
2026-02-14 23:30:00,26.02,23:30:00
2026-02-14 23:45:00,24.28,23:45:00
2026-02-15 00:00:00,24.5,00:00:00
2026-02-15 00:15:00,24.4,00:15:00
2026-02-15 00:30:00,24.23,00:30:00
2026-02-15 00:45:00,23.87,00:45:00
2026-02-15 01:00:00,23.03,01:00:00
2026-02-15 01:15:00,21.39,01:15:00
2026-02-15 01:30:00,19.98,01:30:00
2026-02-15 01:45:00,19.03,01:45:00
2026-02-15 02:00:00,18.63,02:00:00
2026-02-15 02:15:00,18.71,02:15:00
2026-02-15 02:30:00,18.88,02:30:00
2026-02-15 02:45:00,18.77,02:45:00
2026-02-15 03:00:00,18.95,03:00:00
2026-02-15 03:15:00,19.39,03:15:00
2026-02-15 03:30:00,19.39,03:30:00
2026-02-15 03:45:00,19.52,03:45:00
2026-02-15 04:00:00,19.4,04:00:00
2026-02-15 04:15:00,19.22,04:15:00
2026-02-15 04:30:00,19.31,04:30:00
2026-02-15 04:45:00,19.24,04:45:00
2026-02-15 05:00:00,19.34,05:00:00
2026-02-15 05:15:00,19.25,05:15:00
2026-02-15 05:30:00,19.03,05:30:00
2026-02-15 05:45:00,18.98,05:45:00
2026-02-15 06:00:00,19.15,06:00:00
2026-02-15 06:15:00,18.89,06:15:00
2026-02-15 06:30:00,18.37,06:30:00
2026-02-15 06:45:00,18.56,06:45:00
2026-02-15 07:00:00,18.42,07:00:00
2026-02-15 07:15:00,18.38,07:15:00
2026-02-15 07:30:00,18.23,07:30:00
2026-02-15 07:45:00,18.13,07:45:00
2026-02-15 08:00:00,17.96,08:00:00
2026-02-15 08:15:00,17.72,08:15:00
2026-02-15 08:30:00,17.48,08:30:00
2026-02-15 08:45:00,17.3,08:45:00
2026-02-15 09:00:00,17.09,09:00:00
2026-02-15 09:15:00,16.73,09:15:00
2026-02-15 09:30:00,16.85,09:30:00
2026-02-15 09:45:00,16.7,09:45:00
2026-02-15 10:00:00,16.67,10:00:00
2026-02-15 10:15:00,16.53,10:15:00
2026-02-15 10:30:00,16.32,10:30:00
2026-02-15 10:45:00,16.23,10:45:00
2026-02-15 11:00:00,16.23,11:00:00
2026-02-15 11:15:00,15.99,11:15:00
2026-02-15 11:30:00,16.15,11:30:00
2026-02-15 11:45:00,16.15,11:45:00
2026-02-15 12:00:00,16.41,12:00:00
2026-02-15 12:15:00,16.63,12:15:00
2026-02-15 12:30:00,16.72,12:30:00
2026-02-15 12:45:00,16.73,12:45:00
2026-02-15 13:00:00,16.87,13:00:00
2026-02-15 13:15:00,16.83,13:15:00
2026-02-15 13:30:00,16.84,13:30:00
2026-02-15 13:45:00,16.99,13:45:00
2026-02-15 14:00:00,16.97,14:00:00
2026-02-15 14:15:00,17.1,14:15:00
2026-02-15 14:30:00,17.21,14:30:00
2026-02-15 14:45:00,17.18,14:45:00
2026-02-15 15:00:00,17.19,15:00:00
2026-02-15 15:15:00,17.28,15:15:00
2026-02-15 15:30:00,17.13,15:30:00
2026-02-15 15:45:00,17.28,15:45:00
2026-02-15 16:00:00,17.41,16:00:00
2026-02-15 16:15:00,16.97,16:15:00
2026-02-15 16:30:00,16.91,16:30:00
2026-02-15 16:45:00,16.63,16:45:00
2026-02-15 17:00:00,16.67,17:00:00
2026-02-15 17:15:00,16.62,17:15:00
2026-02-15 17:30:00,16.2,17:30:00
2026-02-15 17:45:00,16.11,17:45:00
2026-02-15 18:00:00,15.79,18:00:00
2026-02-15 18:15:00,15.49,18:15:00
2026-02-15 18:30:00,15.55,18:30:00
2026-02-15 18:45:00,15.61,18:45:00
2026-02-15 19:00:00,15.68,19:00:00
2026-02-15 19:15:00,15.75,19:15:00
2026-02-15 19:30:00,15.7,19:30:00
2026-02-15 19:45:00,15.72,19:45:00
2026-02-15 20:00:00,15.6,20:00:00
2026-02-15 20:15:00,15.6,20:15:00
2026-02-15 20:30:00,15.82,20:30:00
2026-02-15 20:45:00,16.04,20:45:00
2026-02-15 21:00:00,15.8,21:00:00
2026-02-15 21:15:00,15.91,21:15:00
2026-02-15 21:30:00,15.8,21:30:00
2026-02-15 21:45:00,15.62,21:45:00
2026-02-15 22:00:00,15.5,22:00:00
2026-02-15 22:15:00,15.74,22:15:00
2026-02-15 22:30:00,15.8,22:30:00
2026-02-15 22:45:00,16.05,22:45:00
2026-02-15 23:00:00,16.18,23:00:00
2026-02-15 23:15:00,16.43,23:15:00
2026-02-15 23:30:00,16.58,23:30:00
2026-02-15 23:45:00,16.34,23:45:00
2026-02-16 00:00:00,16.15,00:00:00
2026-02-16 00:15:00,16.65,00:15:00
2026-02-16 00:30:00,16.56,00:30:00
2026-02-16 00:45:00,17.11,00:45:00
2026-02-16 01:00:00,17.76,01:00:00
2026-02-16 01:15:00,18.55,01:15:00
2026-02-16 01:30:00,18.83,01:30:00
2026-02-16 01:45:00,19.09,01:45:00
2026-02-16 02:00:00,19.26,02:00:00
2026-02-16 02:15:00,19.44,02:15:00
2026-02-16 02:30:00,19.44,02:30:00
2026-02-16 02:45:00,19.63,02:45:00
2026-02-16 03:00:00,19.72,03:00:00
2026-02-16 03:15:00,19.67,03:15:00
2026-02-16 03:30:00,19.63,03:30:00
2026-02-16 03:45:00,19.92,03:45:00
2026-02-16 04:00:00,19.19,04:00:00
2026-02-16 04:15:00,17.74,04:15:00
2026-02-16 04:30:00,17.49,04:30:00
2026-02-16 04:45:00,17.45,04:45:00
2026-02-16 05:00:00,17.44,05:00:00
2026-02-16 05:15:00,17.18,05:15:00
2026-02-16 05:30:00,17.69,05:30:00
2026-02-16 05:45:00,20.88,05:45:00
2026-02-16 06:00:00,20.51,06:00:00
2026-02-16 06:15:00,20.13,06:15:00
2026-02-16 06:30:00,20.32,06:30:00
2026-02-16 06:45:00,20.56,06:45:00
2026-02-16 07:00:00,20.58,07:00:00
2026-02-16 07:15:00,20.48,07:15:00
2026-02-16 07:30:00,20.44,07:30:00
2026-02-16 07:45:00,20.25,07:45:00
2026-02-16 08:00:00,19.86,08:00:00
2026-02-16 08:15:00,19.75,08:15:00
2026-02-16 08:30:00,19.86,08:30:00
2026-02-16 08:45:00,19.59,08:45:00
2026-02-16 09:00:00,19.44,09:00:00
2026-02-16 09:15:00,19.46,09:15:00
2026-02-16 09:30:00,19.34,09:30:00
2026-02-16 09:45:00,19.0,09:45:00
2026-02-16 10:00:00,18.78,10:00:00
2026-02-16 10:15:00,18.89,10:15:00
2026-02-16 10:30:00,18.78,10:30:00
2026-02-16 10:45:00,18.52,10:45:00
2026-02-16 11:00:00,18.46,11:00:00
2026-02-16 11:15:00,18.42,11:15:00
2026-02-16 11:30:00,18.22,11:30:00
2026-02-16 11:45:00,18.83,11:45:00
2026-02-16 12:00:00,20.12,12:00:00
2026-02-16 12:15:00,17.84,12:15:00
2026-02-16 12:30:00,15.56,12:30:00
2026-02-16 12:45:00,15.24,12:45:00
2026-02-16 13:00:00,15.38,13:00:00
2026-02-16 13:15:00,15.55,13:15:00
2026-02-16 13:30:00,15.52,13:30:00
2026-02-16 13:45:00,15.7,13:45:00
2026-02-16 14:00:00,14.99,14:00:00
2026-02-16 14:15:00,13.41,14:15:00
2026-02-16 14:30:00,13.39,14:30:00
2026-02-16 14:45:00,13.68,14:45:00
2026-02-16 15:00:00,13.9,15:00:00
2026-02-16 15:15:00,14.15,15:15:00
2026-02-16 15:30:00,14.57,15:30:00
2026-02-16 15:45:00,15.14,15:45:00
2026-02-16 16:00:00,15.47,16:00:00
2026-02-16 16:15:00,15.7,16:15:00
2026-02-16 16:30:00,16.08,16:30:00
2026-02-16 16:45:00,16.47,16:45:00
2026-02-16 17:00:00,16.23,17:00:00
2026-02-16 17:15:00,15.88,17:15:00
2026-02-16 17:30:00,15.86,17:30:00
2026-02-16 17:45:00,15.85,17:45:00
2026-02-16 18:00:00,15.63,18:00:00
2026-02-16 18:15:00,15.86,18:15:00
2026-02-16 18:30:00,15.63,18:30:00
2026-02-16 18:45:00,15.66,18:45:00
2026-02-16 19:00:00,15.73,19:00:00
2026-02-16 19:15:00,15.4,19:15:00
2026-02-16 19:30:00,15.22,19:30:00
2026-02-16 19:45:00,14.91,19:45:00
2026-02-16 20:00:00,15.06,20:00:00
2026-02-16 20:15:00,14.95,20:15:00
2026-02-16 20:30:00,14.9,20:30:00
2026-02-16 20:45:00,14.68,20:45:00
2026-02-16 21:00:00,14.85,21:00:00
2026-02-16 21:15:00,15.45,21:15:00
2026-02-16 21:30:00,15.55,21:30:00
2026-02-16 21:45:00,16.04,21:45:00
2026-02-16 22:00:00,16.35,22:00:00
2026-02-16 22:15:00,16.65,22:15:00
2026-02-16 22:30:00,16.53,22:30:00
2026-02-16 22:45:00,16.68,22:45:00
2026-02-16 23:00:00,16.75,23:00:00
2026-02-16 23:15:00,16.82,23:15:00
2026-02-16 23:30:00,17.0,23:30:00
2026-02-16 23:45:00,17.09,23:45:00
2026-02-17 00:00:00,17.17,00:00:00
2026-02-17 00:15:00,17.27,00:15:00
2026-02-17 00:30:00,17.1,00:30:00
2026-02-17 00:45:00,17.32,00:45:00
2026-02-17 01:00:00,17.51,01:00:00
2026-02-17 01:15:00,17.47,01:15:00
2026-02-17 01:30:00,17.46,01:30:00
2026-02-17 01:45:00,17.6,01:45:00
2026-02-17 02:00:00,17.62,02:00:00
2026-02-17 02:15:00,17.66,02:15:00
2026-02-17 02:30:00,17.91,02:30:00
2026-02-17 02:45:00,18.05,02:45:00
2026-02-17 03:00:00,18.03,03:00:00
2026-02-17 03:15:00,17.87,03:15:00
2026-02-17 03:30:00,17.81,03:30:00
2026-02-17 03:45:00,18.12,03:45:00
2026-02-17 04:00:00,17.88,04:00:00
2026-02-17 04:15:00,17.98,04:15:00
2026-02-17 04:30:00,17.95,04:30:00
2026-02-17 04:45:00,17.86,04:45:00
2026-02-17 05:00:00,17.56,05:00:00
2026-02-17 05:15:00,17.23,05:15:00
2026-02-17 05:30:00,17.16,05:30:00
2026-02-17 05:45:00,17.0,05:45:00
2026-02-17 06:00:00,17.03,06:00:00
2026-02-17 06:15:00,17.12,06:15:00
2026-02-17 06:30:00,17.05,06:30:00
2026-02-17 06:45:00,16.67,06:45:00
2026-02-17 07:00:00,16.85,07:00:00
2026-02-17 07:15:00,16.96,07:15:00
2026-02-17 07:30:00,16.76,07:30:00
2026-02-17 07:45:00,16.66,07:45:00
2026-02-17 08:00:00,16.82,08:00:00
2026-02-17 08:15:00,16.73,08:15:00
2026-02-17 08:30:00,16.61,08:30:00
2026-02-17 08:45:00,16.22,08:45:00
2026-02-17 09:00:00,16.07,09:00:00
2026-02-17 09:15:00,15.91,09:15:00
2026-02-17 09:30:00,15.9,09:30:00
2026-02-17 09:45:00,15.79,09:45:00
2026-02-17 10:00:00,15.39,10:00:00
2026-02-17 10:15:00,15.58,10:15:00
2026-02-17 10:30:00,15.61,10:30:00
2026-02-17 10:45:00,15.55,10:45:00
2026-02-17 11:00:00,15.6,11:00:00
2026-02-17 11:15:00,15.52,11:15:00
2026-02-17 11:30:00,15.61,11:30:00
2026-02-17 11:45:00,15.62,11:45:00
2026-02-17 12:00:00,15.64,12:00:00
2026-02-17 12:15:00,15.84,12:15:00
2026-02-17 12:30:00,16.03,12:30:00
2026-02-17 12:45:00,16.29,12:45:00
2026-02-17 13:00:00,16.95,13:00:00
2026-02-17 13:15:00,17.27,13:15:00
2026-02-17 13:30:00,17.62,13:30:00
2026-02-17 13:45:00,18.29,13:45:00
2026-02-17 14:00:00,18.42,14:00:00
2026-02-17 14:15:00,18.91,14:15:00
2026-02-17 14:30:00,19.4,14:30:00
2026-02-17 14:45:00,20.07,14:45:00
2026-02-17 15:00:00,20.79,15:00:00
2026-02-17 15:15:00,21.6,15:15:00
2026-02-17 15:30:00,22.71,15:30:00
2026-02-17 15:45:00,23.66,15:45:00
2026-02-17 16:00:00,25.19,16:00:00
2026-02-17 16:15:00,27.68,16:15:00
2026-02-17 16:30:00,31.28,16:30:00
2026-02-17 16:45:00,36.81,16:45:00
2026-02-17 17:00:00,40.33,17:00:00
2026-02-17 17:15:00,41.3,17:15:00
2026-02-17 17:30:00,42.93,17:30:00
2026-02-17 17:45:00,44.65,17:45:00
2026-02-17 18:00:00,44.98,18:00:00
2026-02-17 18:15:00,45.29,18:15:00
2026-02-17 18:30:00,44.04,18:30:00
2026-02-17 18:45:00,42.05,18:45:00
2026-02-17 19:00:00,43.17,19:00:00
2026-02-17 19:15:00,43.34,19:15:00
2026-02-17 19:30:00,43.16,19:30:00
2026-02-17 19:45:00,42.06,19:45:00
2026-02-17 20:00:00,41.54,20:00:00
2026-02-17 20:15:00,40.81,20:15:00
2026-02-17 20:30:00,38.77,20:30:00
2026-02-17 20:45:00,36.42,20:45:00
2026-02-17 21:00:00,35.51,21:00:00
2026-02-17 21:15:00,35.95,21:15:00
2026-02-17 21:30:00,36.34,21:30:00
2026-02-17 21:45:00,35.7,21:45:00
2026-02-17 22:00:00,31.17,22:00:00
2026-02-17 22:15:00,26.2,22:15:00
2026-02-17 22:30:00,25.03,22:30:00
2026-02-17 22:45:00,25.04,22:45:00
2026-02-17 23:00:00,24.41,23:00:00
2026-02-17 23:15:00,21.99,23:15:00
2026-02-17 23:30:00,19.25,23:30:00
2026-02-17 23:45:00,18.23,23:45:00
2026-02-18 00:00:00,18.26,00:00:00
2026-02-18 00:15:00,18.42,00:15:00
2026-02-18 00:30:00,18.4,00:30:00
2026-02-18 00:45:00,18.26,00:45:00
2026-02-18 01:00:00,18.25,01:00:00
2026-02-18 01:15:00,18.4,01:15:00
2026-02-18 01:30:00,18.13,01:30:00
2026-02-18 01:45:00,18.17,01:45:00
2026-02-18 02:00:00,18.39,02:00:00
2026-02-18 02:15:00,18.4,02:15:00
2026-02-18 02:30:00,18.32,02:30:00
2026-02-18 02:45:00,18.56,02:45:00
2026-02-18 03:00:00,18.55,03:00:00
2026-02-18 03:15:00,18.41,03:15:00
2026-02-18 03:30:00,18.22,03:30:00
2026-02-18 03:45:00,18.38,03:45:00
2026-02-18 04:00:00,18.08,04:00:00
2026-02-18 04:15:00,18.03,04:15:00
2026-02-18 04:30:00,18.09,04:30:00
2026-02-18 04:45:00,18.16,04:45:00
2026-02-18 05:00:00,18.01,05:00:00
2026-02-18 05:15:00,17.79,05:15:00
2026-02-18 05:30:00,17.74,05:30:00
2026-02-18 05:45:00,17.63,05:45:00
2026-02-18 06:00:00,17.63,06:00:00
2026-02-18 06:15:00,16.73,06:15:00
2026-02-18 06:30:00,16.36,06:30:00
2026-02-18 06:45:00,16.83,06:45:00
2026-02-18 07:00:00,16.94,07:00:00
2026-02-18 07:15:00,17.47,07:15:00
2026-02-18 07:30:00,16.73,07:30:00
2026-02-18 07:45:00,15.89,07:45:00
2026-02-18 08:00:00,15.93,08:00:00
2026-02-18 08:15:00,15.67,08:15:00
2026-02-18 08:30:00,15.47,08:30:00
2026-02-18 08:45:00,15.03,08:45:00
2026-02-18 09:00:00,14.84,09:00:00
2026-02-18 09:15:00,14.95,09:15:00
2026-02-18 09:30:00,13.89,09:30:00
2026-02-18 09:45:00,14.34,09:45:00
2026-02-18 10:00:00,15.08,10:00:00
2026-02-18 10:15:00,15.08,10:15:00
2026-02-18 10:30:00,14.98,10:30:00
2026-02-18 10:45:00,14.85,10:45:00
2026-02-18 11:00:00,14.84,11:00:00
2026-02-18 11:15:00,14.69,11:15:00
2026-02-18 11:30:00,14.69,11:30:00
2026-02-18 11:45:00,14.85,11:45:00
2026-02-18 12:00:00,14.84,12:00:00
2026-02-18 12:15:00,14.71,12:15:00
2026-02-18 12:30:00,14.81,12:30:00
2026-02-18 12:45:00,14.94,12:45:00
2026-02-18 13:00:00,14.95,13:00:00
2026-02-18 13:15:00,15.27,13:15:00
2026-02-18 13:30:00,15.45,13:30:00
2026-02-18 13:45:00,15.73,13:45:00
2026-02-18 14:00:00,15.09,14:00:00
2026-02-18 14:15:00,15.62,14:15:00
2026-02-18 14:30:00,16.21,14:30:00
2026-02-18 14:45:00,15.72,14:45:00
2026-02-18 15:00:00,15.59,15:00:00
2026-02-18 15:15:00,15.74,15:15:00
2026-02-18 15:30:00,15.83,15:30:00
2026-02-18 15:45:00,15.89,15:45:00
2026-02-18 16:00:00,16.04,16:00:00
2026-02-18 16:15:00,15.99,16:15:00
2026-02-18 16:30:00,16.02,16:30:00
2026-02-18 16:45:00,16.17,16:45:00
2026-02-18 17:00:00,16.29,17:00:00
2026-02-18 17:15:00,16.13,17:15:00
2026-02-18 17:30:00,16.94,17:30:00
2026-02-18 17:45:00,18.2,17:45:00
2026-02-18 18:00:00,18.26,18:00:00
2026-02-18 18:15:00,18.13,18:15:00
2026-02-18 18:30:00,18.14,18:30:00
2026-02-18 18:45:00,18.38,18:45:00
2026-02-18 19:00:00,18.27,19:00:00
2026-02-18 19:15:00,18.32,19:15:00
2026-02-18 19:30:00,18.16,19:30:00
2026-02-18 19:45:00,18.34,19:45:00
2026-02-18 20:00:00,18.18,20:00:00
2026-02-18 20:15:00,17.13,20:15:00
2026-02-18 20:30:00,16.0,20:30:00
2026-02-18 20:45:00,15.96,20:45:00
2026-02-18 21:00:00,15.74,21:00:00
2026-02-18 21:15:00,16.01,21:15:00
2026-02-18 21:30:00,16.06,21:30:00
2026-02-18 21:45:00,16.08,21:45:00
2026-02-18 22:00:00,16.11,22:00:00
2026-02-18 22:15:00,16.13,22:15:00
2026-02-18 22:30:00,16.27,22:30:00
2026-02-18 22:45:00,16.38,22:45:00
2026-02-18 23:00:00,16.58,23:00:00
2026-02-18 23:15:00,16.87,23:15:00
2026-02-18 23:30:00,17.09,23:30:00
2026-02-18 23:45:00,17.1,23:45:00
2026-02-19 00:00:00,16.98,00:00:00
2026-02-19 00:15:00,17.4,00:15:00
2026-02-19 00:30:00,17.43,00:30:00
2026-02-19 00:45:00,17.74,00:45:00
2026-02-19 01:00:00,17.68,01:00:00
2026-02-19 01:15:00,17.55,01:15:00
2026-02-19 01:30:00,17.46,01:30:00
2026-02-19 01:45:00,17.42,01:45:00
2026-02-19 02:00:00,17.33,02:00:00
2026-02-19 02:15:00,16.76,02:15:00
2026-02-19 02:30:00,16.75,02:30:00
2026-02-19 02:45:00,16.98,02:45:00
2026-02-19 03:00:00,17.14,03:00:00
2026-02-19 03:15:00,17.13,03:15:00
2026-02-19 03:30:00,16.88,03:30:00
2026-02-19 03:45:00,16.87,03:45:00
2026-02-19 04:00:00,16.91,04:00:00
2026-02-19 04:15:00,17.55,04:15:00
2026-02-19 04:30:00,18.05,04:30:00
2026-02-19 04:45:00,18.2,04:45:00
2026-02-19 05:00:00,17.98,05:00:00
2026-02-19 05:15:00,17.52,05:15:00
2026-02-19 05:30:00,17.51,05:30:00
2026-02-19 05:45:00,17.68,05:45:00
2026-02-19 06:00:00,17.36,06:00:00
2026-02-19 06:15:00,17.1,06:15:00
2026-02-19 06:30:00,16.94,06:30:00
2026-02-19 06:45:00,17.18,06:45:00
2026-02-19 07:00:00,17.13,07:00:00
2026-02-19 07:15:00,16.97,07:15:00
2026-02-19 07:30:00,16.69,07:30:00
2026-02-19 07:45:00,16.44,07:45:00
2026-02-19 08:00:00,16.29,08:00:00
2026-02-19 08:15:00,16.38,08:15:00
2026-02-19 08:30:00,16.41,08:30:00
2026-02-19 08:45:00,16.37,08:45:00
2026-02-19 09:00:00,16.36,09:00:00
2026-02-19 09:15:00,16.42,09:15:00
2026-02-19 09:30:00,16.52,09:30:00
2026-02-19 09:45:00,16.52,09:45:00
2026-02-19 10:00:00,16.44,10:00:00
2026-02-19 10:15:00,16.44,10:15:00
2026-02-19 10:30:00,16.58,10:30:00
2026-02-19 10:45:00,16.49,10:45:00
2026-02-19 11:00:00,16.16,11:00:00
2026-02-19 11:15:00,15.66,11:15:00
2026-02-19 11:30:00,15.42,11:30:00
2026-02-19 11:45:00,15.3,11:45:00
2026-02-19 12:00:00,15.57,12:00:00
2026-02-19 12:15:00,15.74,12:15:00
2026-02-19 12:30:00,15.73,12:30:00
2026-02-19 12:45:00,15.79,12:45:00
2026-02-19 13:00:00,15.91,13:00:00
2026-02-19 13:15:00,15.76,13:15:00
2026-02-19 13:30:00,15.69,13:30:00
2026-02-19 13:45:00,15.9,13:45:00
2026-02-19 14:00:00,16.04,14:00:00
2026-02-19 14:15:00,16.12,14:15:00
2026-02-19 14:30:00,16.32,14:30:00
2026-02-19 14:45:00,16.44,14:45:00
2026-02-19 15:00:00,16.38,15:00:00
2026-02-19 15:15:00,16.6,15:15:00
2026-02-19 15:30:00,16.61,15:30:00
2026-02-19 15:45:00,16.72,15:45:00
2026-02-19 16:00:00,16.73,16:00:00
2026-02-19 16:15:00,16.79,16:15:00
2026-02-19 16:30:00,16.85,16:30:00
2026-02-19 16:45:00,16.99,16:45:00
2026-02-19 17:00:00,18.85,17:00:00
2026-02-19 17:15:00,26.28,17:15:00
2026-02-19 17:30:00,26.91,17:30:00
2026-02-19 17:45:00,26.01,17:45:00
2026-02-19 18:00:00,25.66,18:00:00
2026-02-19 18:15:00,25.66,18:15:00
2026-02-19 18:30:00,25.89,18:30:00
2026-02-19 18:45:00,25.96,18:45:00
2026-02-19 19:00:00,25.95,19:00:00
2026-02-19 19:15:00,19.86,19:15:00
2026-02-19 19:30:00,18.11,19:30:00
2026-02-19 19:45:00,17.51,19:45:00
2026-02-19 20:00:00,17.34,20:00:00
2026-02-19 20:15:00,17.05,20:15:00
2026-02-19 20:30:00,16.77,20:30:00
2026-02-19 20:45:00,16.24,20:45:00
2026-02-19 21:00:00,16.52,21:00:00
2026-02-19 21:15:00,17.75,21:15:00
2026-02-19 21:30:00,17.74,21:30:00
2026-02-19 21:45:00,18.22,21:45:00
2026-02-19 22:00:00,18.06,22:00:00
2026-02-19 22:15:00,17.99,22:15:00
2026-02-19 22:30:00,17.79,22:30:00
2026-02-19 22:45:00,17.95,22:45:00
2026-02-19 23:00:00,17.8,23:00:00
2026-02-19 23:15:00,17.58,23:15:00
2026-02-19 23:30:00,17.33,23:30:00
2026-02-19 23:45:00,17.01,23:45:00
2026-02-20 00:00:00,16.69,00:00:00
2026-02-20 00:15:00,17.42,00:15:00
2026-02-20 00:30:00,17.36,00:30:00
2026-02-20 00:45:00,17.89,00:45:00
2026-02-20 01:00:00,18.07,01:00:00
2026-02-20 01:15:00,18.26,01:15:00
2026-02-20 01:30:00,18.36,01:30:00
2026-02-20 01:45:00,18.26,01:45:00
2026-02-20 02:00:00,18.65,02:00:00
2026-02-20 02:15:00,18.51,02:15:00
2026-02-20 02:30:00,18.23,02:30:00
2026-02-20 02:45:00,18.02,02:45:00
2026-02-20 03:00:00,18.34,03:00:00
2026-02-20 03:15:00,18.46,03:15:00
2026-02-20 03:30:00,18.43,03:30:00
2026-02-20 03:45:00,18.51,03:45:00
2026-02-20 04:00:00,18.63,04:00:00
2026-02-20 04:15:00,18.57,04:15:00
2026-02-20 04:30:00,18.65,04:30:00
2026-02-20 04:45:00,19.34,04:45:00
2026-02-20 05:00:00,19.42,05:00:00
2026-02-20 05:15:00,19.27,05:15:00
2026-02-20 05:30:00,19.51,05:30:00
2026-02-20 05:45:00,19.46,05:45:00
2026-02-20 06:00:00,19.4,06:00:00
2026-02-20 06:15:00,19.45,06:15:00
2026-02-20 06:30:00,19.88,06:30:00
2026-02-20 06:45:00,20.51,06:45:00
2026-02-20 07:00:00,20.77,07:00:00
2026-02-20 07:15:00,20.72,07:15:00
2026-02-20 07:30:00,20.29,07:30:00
2026-02-20 07:45:00,19.98,07:45:00
2026-02-20 08:00:00,19.44,08:00:00
2026-02-20 08:15:00,19.14,08:15:00
2026-02-20 08:30:00,18.91,08:30:00
2026-02-20 08:45:00,18.63,08:45:00
2026-02-20 09:00:00,17.77,09:00:00
2026-02-20 09:15:00,16.72,09:15:00
2026-02-20 09:30:00,16.12,09:30:00
2026-02-20 09:45:00,16.09,09:45:00
2026-02-20 10:00:00,15.76,10:00:00
2026-02-20 10:15:00,15.65,10:15:00
2026-02-20 10:30:00,15.64,10:30:00
2026-02-20 10:45:00,15.38,10:45:00
2026-02-20 11:00:00,15.15,11:00:00
2026-02-20 11:15:00,15.21,11:15:00
2026-02-20 11:30:00,15.09,11:30:00
2026-02-20 11:45:00,15.24,11:45:00
2026-02-20 12:00:00,15.05,12:00:00
2026-02-20 12:15:00,15.07,12:15:00
2026-02-20 12:30:00,15.37,12:30:00
2026-02-20 12:45:00,15.39,12:45:00
2026-02-20 13:00:00,15.57,13:00:00
2026-02-20 13:15:00,15.87,13:15:00
2026-02-20 13:30:00,15.95,13:30:00
2026-02-20 13:45:00,16.01,13:45:00
2026-02-20 14:00:00,16.05,14:00:00
2026-02-20 14:15:00,16.08,14:15:00
2026-02-20 14:30:00,16.18,14:30:00
2026-02-20 14:45:00,16.3,14:45:00
2026-02-20 15:00:00,16.42,15:00:00
2026-02-20 15:15:00,16.23,15:15:00
2026-02-20 15:30:00,16.3,15:30:00
2026-02-20 15:45:00,16.7,15:45:00
2026-02-20 16:00:00,16.77,16:00:00
2026-02-20 16:15:00,16.73,16:15:00
2026-02-20 16:30:00,17.17,16:30:00
2026-02-20 16:45:00,17.21,16:45:00
2026-02-20 17:00:00,16.98,17:00:00
2026-02-20 17:15:00,16.89,17:15:00
2026-02-20 17:30:00,16.75,17:30:00
2026-02-20 17:45:00,15.86,17:45:00
2026-02-20 18:00:00,14.7,18:00:00
2026-02-20 18:15:00,14.51,18:15:00
2026-02-20 18:30:00,14.62,18:30:00
2026-02-20 18:45:00,14.66,18:45:00
2026-02-20 19:00:00,14.53,19:00:00
2026-02-20 19:15:00,14.62,19:15:00
2026-02-20 19:30:00,14.85,19:30:00
2026-02-20 19:45:00,14.88,19:45:00
2026-02-20 20:00:00,14.82,20:00:00
2026-02-20 20:15:00,14.78,20:15:00
2026-02-20 20:30:00,15.02,20:30:00
2026-02-20 20:45:00,15.05,20:45:00
2026-02-20 21:00:00,15.01,21:00:00
2026-02-20 21:15:00,15.26,21:15:00
2026-02-20 21:30:00,15.23,21:30:00
2026-02-20 21:45:00,15.22,21:45:00
2026-02-20 22:00:00,15.29,22:00:00
2026-02-20 22:15:00,15.49,22:15:00
2026-02-20 22:30:00,15.32,22:30:00
2026-02-20 22:45:00,15.24,22:45:00
2026-02-20 23:00:00,15.01,23:00:00
2026-02-20 23:15:00,14.83,23:15:00
2026-02-20 23:30:00,14.81,23:30:00
2026-02-20 23:45:00,14.78,23:45:00
2026-02-21 00:00:00,14.95,00:00:00
2026-02-21 00:15:00,14.99,00:15:00
2026-02-21 00:30:00,15.07,00:30:00
2026-02-21 00:45:00,15.11,00:45:00
2026-02-21 01:00:00,15.03,01:00:00
2026-02-21 01:15:00,15.05,01:15:00
2026-02-21 01:30:00,15.04,01:30:00
2026-02-21 01:45:00,15.33,01:45:00
2026-02-21 02:00:00,15.52,02:00:00
2026-02-21 02:15:00,15.71,02:15:00
2026-02-21 02:30:00,15.89,02:30:00
2026-02-21 02:45:00,16.11,02:45:00
2026-02-21 03:00:00,16.2,03:00:00
2026-02-21 03:15:00,16.05,03:15:00
2026-02-21 03:30:00,16.18,03:30:00
2026-02-21 03:45:00,16.45,03:45:00
2026-02-21 04:00:00,16.3,04:00:00
2026-02-21 04:15:00,16.22,04:15:00
2026-02-21 04:30:00,16.43,04:30:00
2026-02-21 04:45:00,16.45,04:45:00
2026-02-21 05:00:00,16.28,05:00:00
2026-02-21 05:15:00,16.24,05:15:00
2026-02-21 05:30:00,16.21,05:30:00
2026-02-21 05:45:00,16.22,05:45:00
2026-02-21 06:00:00,16.08,06:00:00
2026-02-21 06:15:00,16.02,06:15:00
2026-02-21 06:30:00,16.08,06:30:00
2026-02-21 06:45:00,15.99,06:45:00
2026-02-21 07:00:00,15.79,07:00:00
2026-02-21 07:15:00,15.58,07:15:00
2026-02-21 07:30:00,15.72,07:30:00
2026-02-21 07:45:00,15.59,07:45:00
2026-02-21 08:00:00,15.49,08:00:00
2026-02-21 08:15:00,15.67,08:15:00
2026-02-21 08:30:00,15.67,08:30:00
2026-02-21 08:45:00,16.45,08:45:00
2026-02-21 09:00:00,16.44,09:00:00
2026-02-21 09:15:00,16.63,09:15:00
2026-02-21 09:30:00,16.84,09:30:00
2026-02-21 09:45:00,16.84,09:45:00
2026-02-21 10:00:00,16.88,10:00:00
2026-02-21 10:15:00,17.06,10:15:00
2026-02-21 10:30:00,16.89,10:30:00
2026-02-21 10:45:00,16.78,10:45:00
2026-02-21 11:00:00,16.92,11:00:00
2026-02-21 11:15:00,16.64,11:15:00
2026-02-21 11:30:00,16.38,11:30:00
2026-02-21 11:45:00,16.87,11:45:00
2026-02-21 12:00:00,18.49,12:00:00
2026-02-21 12:15:00,18.53,12:15:00
2026-02-21 12:30:00,18.14,12:30:00
2026-02-21 12:45:00,18.15,12:45:00
2026-02-21 13:00:00,18.32,13:00:00
2026-02-21 13:15:00,18.47,13:15:00
2026-02-21 13:30:00,18.51,13:30:00
2026-02-21 13:45:00,18.71,13:45:00
2026-02-21 14:00:00,18.64,14:00:00
2026-02-21 14:15:00,18.71,14:15:00
2026-02-21 14:30:00,18.89,14:30:00
2026-02-21 14:45:00,18.97,14:45:00
2026-02-21 15:00:00,18.41,15:00:00
2026-02-21 15:15:00,17.2,15:15:00
2026-02-21 15:30:00,17.16,15:30:00
2026-02-21 15:45:00,16.88,15:45:00
2026-02-21 16:00:00,16.24,16:00:00
2026-02-21 16:15:00,15.62,16:15:00
2026-02-21 16:30:00,15.68,16:30:00
2026-02-21 16:45:00,15.66,16:45:00
2026-02-21 17:00:00,15.64,17:00:00
2026-02-21 17:15:00,15.48,17:15:00
2026-02-21 17:30:00,15.29,17:30:00
2026-02-21 17:45:00,14.85,17:45:00
2026-02-21 18:00:00,14.79,18:00:00
2026-02-21 18:15:00,14.82,18:15:00
2026-02-21 18:30:00,14.91,18:30:00
2026-02-21 18:45:00,15.03,18:45:00
2026-02-21 19:00:00,15.31,19:00:00
2026-02-21 19:15:00,15.38,19:15:00
2026-02-21 19:30:00,15.48,19:30:00
2026-02-21 19:45:00,15.74,19:45:00
2026-02-21 20:00:00,15.68,20:00:00
2026-02-21 20:15:00,15.79,20:15:00
2026-02-21 20:30:00,15.7,20:30:00
2026-02-21 20:45:00,15.64,20:45:00
2026-02-21 21:00:00,15.71,21:00:00
2026-02-21 21:15:00,15.81,21:15:00
2026-02-21 21:30:00,15.8,21:30:00
2026-02-21 21:45:00,15.7,21:45:00
2026-02-21 22:00:00,15.99,22:00:00
2026-02-21 22:15:00,16.1,22:15:00
2026-02-21 22:30:00,16.11,22:30:00
2026-02-21 22:45:00,16.11,22:45:00
2026-02-21 23:00:00,16.21,23:00:00
2026-02-21 23:15:00,16.42,23:15:00
2026-02-21 23:30:00,16.49,23:30:00
2026-02-21 23:45:00,16.69,23:45:00
2026-02-22 00:00:00,16.91,00:00:00
2026-02-22 00:15:00,16.93,00:15:00
2026-02-22 00:30:00,17.07,00:30:00
2026-02-22 00:45:00,16.79,00:45:00
2026-02-22 01:00:00,16.67,01:00:00
2026-02-22 01:15:00,16.44,01:15:00
2026-02-22 01:30:00,16.31,01:30:00
2026-02-22 01:45:00,16.71,01:45:00
2026-02-22 02:00:00,16.66,02:00:00
2026-02-22 02:15:00,16.83,02:15:00
2026-02-22 02:30:00,16.95,02:30:00
2026-02-22 02:45:00,17.13,02:45:00
2026-02-22 03:00:00,17.16,03:00:00
2026-02-22 03:15:00,17.2,03:15:00
2026-02-22 03:30:00,17.34,03:30:00
2026-02-22 03:45:00,17.61,03:45:00
2026-02-22 04:00:00,17.26,04:00:00
2026-02-22 04:15:00,17.13,04:15:00
2026-02-22 04:30:00,17.31,04:30:00
2026-02-22 04:45:00,17.31,04:45:00
2026-02-22 05:00:00,16.98,05:00:00
2026-02-22 05:15:00,16.96,05:15:00
2026-02-22 05:30:00,17.05,05:30:00
2026-02-22 05:45:00,17.03,05:45:00
2026-02-22 06:00:00,16.86,06:00:00
2026-02-22 06:15:00,17.01,06:15:00
2026-02-22 06:30:00,17.02,06:30:00
2026-02-22 06:45:00,16.89,06:45:00
2026-02-22 07:00:00,16.88,07:00:00
2026-02-22 07:15:00,16.9,07:15:00
2026-02-22 07:30:00,16.8,07:30:00
2026-02-22 07:45:00,16.61,07:45:00
2026-02-22 08:00:00,16.76,08:00:00
2026-02-22 08:15:00,17.66,08:15:00
2026-02-22 08:30:00,18.24,08:30:00
2026-02-22 08:45:00,19.11,08:45:00
2026-02-22 09:00:00,20.6,09:00:00
2026-02-22 09:15:00,20.38,09:15:00
2026-02-22 09:30:00,20.22,09:30:00
2026-02-22 09:45:00,20.26,09:45:00
2026-02-22 10:00:00,20.02,10:00:00
2026-02-22 10:15:00,19.95,10:15:00
2026-02-22 10:30:00,19.53,10:30:00
2026-02-22 10:45:00,19.44,10:45:00
2026-02-22 11:00:00,19.39,11:00:00
2026-02-22 11:15:00,19.38,11:15:00
2026-02-22 11:30:00,19.32,11:30:00
2026-02-22 11:45:00,19.4,11:45:00
2026-02-22 12:00:00,19.46,12:00:00
2026-02-22 12:15:00,19.39,12:15:00
2026-02-22 12:30:00,19.39,12:30:00
2026-02-22 12:45:00,19.37,12:45:00
2026-02-22 13:00:00,19.34,13:00:00
2026-02-22 13:15:00,19.56,13:15:00
2026-02-22 13:30:00,19.69,13:30:00
2026-02-22 13:45:00,19.97,13:45:00
2026-02-22 14:00:00,20.22,14:00:00
2026-02-22 14:15:00,19.87,14:15:00
2026-02-22 14:30:00,20.12,14:30:00
2026-02-22 14:45:00,20.27,14:45:00
2026-02-22 15:00:00,20.3,15:00:00
2026-02-22 15:15:00,19.92,15:15:00
2026-02-22 15:30:00,20.07,15:30:00
2026-02-22 15:45:00,20.18,15:45:00
2026-02-22 16:00:00,19.78,16:00:00
2026-02-22 16:15:00,19.04,16:15:00
2026-02-22 16:30:00,18.35,16:30:00
2026-02-22 16:45:00,17.44,16:45:00
2026-02-22 17:00:00,16.28,17:00:00
2026-02-22 17:15:00,16.15,17:15:00
2026-02-22 17:30:00,15.95,17:30:00
2026-02-22 17:45:00,15.67,17:45:00
2026-02-22 18:00:00,15.63,18:00:00
2026-02-22 18:15:00,15.73,18:15:00
2026-02-22 18:30:00,15.65,18:30:00
2026-02-22 18:45:00,15.55,18:45:00
2026-02-22 19:00:00,15.63,19:00:00
2026-02-22 19:15:00,15.67,19:15:00
2026-02-22 19:30:00,15.68,19:30:00
2026-02-22 19:45:00,15.49,19:45:00
2026-02-22 20:00:00,15.74,20:00:00
2026-02-22 20:15:00,15.78,20:15:00
2026-02-22 20:30:00,15.71,20:30:00
2026-02-22 20:45:00,15.82,20:45:00
2026-02-22 21:00:00,16.01,21:00:00
2026-02-22 21:15:00,16.12,21:15:00
2026-02-22 21:30:00,15.94,21:30:00
2026-02-22 21:45:00,15.93,21:45:00
2026-02-22 22:00:00,16.17,22:00:00
2026-02-22 22:15:00,16.16,22:15:00
2026-02-22 22:30:00,16.13,22:30:00
2026-02-22 22:45:00,16.27,22:45:00
2026-02-22 23:00:00,16.25,23:00:00
2026-02-22 23:15:00,16.36,23:15:00
2026-02-22 23:30:00,16.59,23:30:00
2026-02-22 23:45:00,16.77,23:45:00
2026-02-23 00:00:00,16.61,00:00:00
2026-02-23 00:15:00,16.73,00:15:00
2026-02-23 00:30:00,16.72,00:30:00
2026-02-23 00:45:00,16.74,00:45:00
2026-02-23 01:00:00,16.62,01:00:00
2026-02-23 01:15:00,16.75,01:15:00
2026-02-23 01:30:00,16.77,01:30:00
2026-02-23 01:45:00,16.76,01:45:00
2026-02-23 02:00:00,16.73,02:00:00
2026-02-23 02:15:00,16.83,02:15:00
2026-02-23 02:30:00,16.94,02:30:00
2026-02-23 02:45:00,16.99,02:45:00
2026-02-23 03:00:00,17.02,03:00:00
2026-02-23 03:15:00,17.09,03:15:00
2026-02-23 03:30:00,17.21,03:30:00
2026-02-23 03:45:00,17.09,03:45:00
2026-02-23 04:00:00,17.08,04:00:00
2026-02-23 04:15:00,16.97,04:15:00
2026-02-23 04:30:00,16.79,04:30:00
2026-02-23 04:45:00,16.51,04:45:00
2026-02-23 05:00:00,16.19,05:00:00
2026-02-23 05:15:00,16.02,05:15:00
2026-02-23 05:30:00,15.76,05:30:00
2026-02-23 05:45:00,15.76,05:45:00
2026-02-23 06:00:00,15.68,06:00:00
2026-02-23 06:15:00,15.69,06:15:00
2026-02-23 06:30:00,15.49,06:30:00
2026-02-23 06:45:00,15.61,06:45:00
2026-02-23 07:00:00,15.61,07:00:00
2026-02-23 07:15:00,15.43,07:15:00
2026-02-23 07:30:00,15.3,07:30:00
2026-02-23 07:45:00,15.3,07:45:00
2026-02-23 08:00:00,15.53,08:00:00
2026-02-23 08:15:00,15.72,08:15:00
2026-02-23 08:30:00,15.93,08:30:00
2026-02-23 08:45:00,16.48,08:45:00
2026-02-23 09:00:00,16.25,09:00:00
2026-02-23 09:15:00,16.1,09:15:00
2026-02-23 09:30:00,16.13,09:30:00
2026-02-23 09:45:00,16.3,09:45:00
2026-02-23 10:00:00,15.84,10:00:00
2026-02-23 10:15:00,16.05,10:15:00
2026-02-23 10:30:00,15.87,10:30:00
2026-02-23 10:45:00,16.05,10:45:00
2026-02-23 11:00:00,16.02,11:00:00
2026-02-23 11:15:00,15.93,11:15:00
2026-02-23 11:30:00,15.47,11:30:00
2026-02-23 11:45:00,15.63,11:45:00
2026-02-23 12:00:00,15.19,12:00:00
2026-02-23 12:15:00,15.31,12:15:00
2026-02-23 12:30:00,15.49,12:30:00
2026-02-23 12:45:00,15.57,12:45:00
2026-02-23 13:00:00,15.56,13:00:00
2026-02-23 13:15:00,15.16,13:15:00
2026-02-23 13:30:00,15.14,13:30:00
2026-02-23 13:45:00,15.05,13:45:00
2026-02-23 14:00:00,15.3,14:00:00
2026-02-23 14:15:00,15.75,14:15:00
2026-02-23 14:30:00,15.68,14:30:00
2026-02-23 14:45:00,16.16,14:45:00
2026-02-23 15:00:00,16.56,15:00:00
2026-02-23 15:15:00,17.12,15:15:00
2026-02-23 15:30:00,17.91,15:30:00
2026-02-23 15:45:00,18.38,15:45:00
2026-02-23 16:00:00,19.05,16:00:00
2026-02-23 16:15:00,20.08,16:15:00
2026-02-23 16:30:00,19.94,16:30:00
2026-02-23 16:45:00,19.49,16:45:00
2026-02-23 17:00:00,19.42,17:00:00
2026-02-23 17:15:00,18.8,17:15:00
2026-02-23 17:30:00,21.76,17:30:00
2026-02-23 17:45:00,22.49,17:45:00
2026-02-23 18:00:00,23.0,18:00:00
2026-02-23 18:15:00,23.0,18:15:00
2026-02-23 18:30:00,22.62,18:30:00
2026-02-23 18:45:00,22.15,18:45:00
2026-02-23 19:00:00,23.31,19:00:00
2026-02-23 19:15:00,23.03,19:15:00
2026-02-23 19:30:00,21.08,19:30:00
2026-02-23 19:45:00,18.95,19:45:00
2026-02-23 20:00:00,16.86,20:00:00
2026-02-23 20:15:00,16.15,20:15:00
2026-02-23 20:30:00,16.07,20:30:00
2026-02-23 20:45:00,16.05,20:45:00
2026-02-23 21:00:00,16.09,21:00:00
2026-02-23 21:15:00,15.79,21:15:00
2026-02-23 21:30:00,15.96,21:30:00
2026-02-23 21:45:00,16.15,21:45:00
2026-02-23 22:00:00,15.95,22:00:00
2026-02-23 22:15:00,15.91,22:15:00
2026-02-23 22:30:00,16.16,22:30:00
2026-02-23 22:45:00,16.22,22:45:00
2026-02-23 23:00:00,16.04,23:00:00
2026-02-23 23:15:00,16.15,23:15:00
2026-02-23 23:30:00,16.41,23:30:00
2026-02-23 23:45:00,16.7,23:45:00
2026-02-24 00:00:00,16.51,00:00:00
2026-02-24 00:15:00,16.74,00:15:00
2026-02-24 00:30:00,16.84,00:30:00
2026-02-24 00:45:00,16.98,00:45:00
2026-02-24 01:00:00,16.74,01:00:00
2026-02-24 01:15:00,16.91,01:15:00
2026-02-24 01:30:00,17.24,01:30:00
2026-02-24 01:45:00,17.21,01:45:00
2026-02-24 02:00:00,17.46,02:00:00
2026-02-24 02:15:00,17.47,02:15:00
2026-02-24 02:30:00,17.56,02:30:00
2026-02-24 02:45:00,17.73,02:45:00
2026-02-24 03:00:00,17.57,03:00:00
2026-02-24 03:15:00,17.82,03:15:00
2026-02-24 03:30:00,17.79,03:30:00
2026-02-24 03:45:00,18.54,03:45:00
2026-02-24 04:00:00,19.45,04:00:00
2026-02-24 04:15:00,19.75,04:15:00
2026-02-24 04:30:00,20.19,04:30:00
2026-02-24 04:45:00,20.39,04:45:00
2026-02-24 05:00:00,20.35,05:00:00
2026-02-24 05:15:00,20.39,05:15:00
2026-02-24 05:30:00,20.52,05:30:00
2026-02-24 05:45:00,20.31,05:45:00
2026-02-24 06:00:00,20.3,06:00:00
2026-02-24 06:15:00,20.14,06:15:00
2026-02-24 06:30:00,19.99,06:30:00
2026-02-24 06:45:00,20.2,06:45:00
2026-02-24 07:00:00,20.33,07:00:00
2026-02-24 07:15:00,20.32,07:15:00
2026-02-24 07:30:00,19.26,07:30:00
2026-02-24 07:45:00,19.28,07:45:00
2026-02-24 08:00:00,19.67,08:00:00
2026-02-24 08:15:00,19.2,08:15:00
2026-02-24 08:30:00,18.76,08:30:00
2026-02-24 08:45:00,18.62,08:45:00
2026-02-24 09:00:00,17.96,09:00:00
2026-02-24 09:15:00,17.55,09:15:00
2026-02-24 09:30:00,17.68,09:30:00
2026-02-24 09:45:00,17.78,09:45:00
2026-02-24 10:00:00,17.43,10:00:00
2026-02-24 10:15:00,17.36,10:15:00
2026-02-24 10:30:00,17.53,10:30:00
2026-02-24 10:45:00,17.48,10:45:00
2026-02-24 11:00:00,17.03,11:00:00
2026-02-24 11:15:00,17.09,11:15:00
2026-02-24 11:30:00,17.17,11:30:00
2026-02-24 11:45:00,17.43,11:45:00
2026-02-24 12:00:00,17.2,12:00:00
2026-02-24 12:15:00,17.34,12:15:00
2026-02-24 12:30:00,17.45,12:30:00
2026-02-24 12:45:00,17.3,12:45:00
2026-02-24 13:00:00,17.48,13:00:00
2026-02-24 13:15:00,17.27,13:15:00
2026-02-24 13:30:00,16.8,13:30:00
2026-02-24 13:45:00,16.78,13:45:00
2026-02-24 14:00:00,16.95,14:00:00
2026-02-24 14:15:00,17.32,14:15:00
2026-02-24 14:30:00,17.29,14:30:00
2026-02-24 14:45:00,17.39,14:45:00
2026-02-24 15:00:00,17.7,15:00:00
2026-02-24 15:15:00,18.28,15:15:00
2026-02-24 15:30:00,18.51,15:30:00
2026-02-24 15:45:00,18.75,15:45:00
2026-02-24 16:00:00,19.16,16:00:00
2026-02-24 16:15:00,20.1,16:15:00
2026-02-24 16:30:00,20.43,16:30:00
2026-02-24 16:45:00,20.11,16:45:00
2026-02-24 17:00:00,20.13,17:00:00
2026-02-24 17:15:00,20.45,17:15:00
2026-02-24 17:30:00,19.66,17:30:00
2026-02-24 17:45:00,18.44,17:45:00
2026-02-24 18:00:00,18.47,18:00:00
2026-02-24 18:15:00,18.22,18:15:00
2026-02-24 18:30:00,17.16,18:30:00
2026-02-24 18:45:00,17.32,18:45:00
2026-02-24 19:00:00,17.4,19:00:00
2026-02-24 19:15:00,17.09,19:15:00
2026-02-24 19:30:00,17.12,19:30:00
2026-02-24 19:45:00,17.23,19:45:00
2026-02-24 20:00:00,17.4,20:00:00
2026-02-24 20:15:00,17.14,20:15:00
2026-02-24 20:30:00,17.18,20:30:00
2026-02-24 20:45:00,17.47,20:45:00
2026-02-24 21:00:00,17.12,21:00:00
2026-02-24 21:15:00,17.11,21:15:00
2026-02-24 21:30:00,17.34,21:30:00
2026-02-24 21:45:00,17.46,21:45:00
2026-02-24 22:00:00,17.37,22:00:00
2026-02-24 22:15:00,17.48,22:15:00
2026-02-24 22:30:00,17.69,22:30:00
2026-02-24 22:45:00,17.81,22:45:00
2026-02-24 23:00:00,17.55,23:00:00
2026-02-24 23:15:00,17.91,23:15:00
2026-02-24 23:30:00,18.2,23:30:00
2026-02-24 23:45:00,18.31,23:45:00
2026-02-25 00:00:00,18.1,00:00:00
2026-02-25 00:15:00,18.33,00:15:00
2026-02-25 00:30:00,18.23,00:30:00
2026-02-25 00:45:00,17.9,00:45:00
2026-02-25 01:00:00,17.94,01:00:00
2026-02-25 01:15:00,18.17,01:15:00
2026-02-25 01:30:00,18.29,01:30:00
2026-02-25 01:45:00,17.96,01:45:00
2026-02-25 02:00:00,18.17,02:00:00
2026-02-25 02:15:00,18.35,02:15:00
2026-02-25 02:30:00,18.37,02:30:00
2026-02-25 02:45:00,18.26,02:45:00
2026-02-25 03:00:00,18.44,03:00:00
2026-02-25 03:15:00,18.44,03:15:00
2026-02-25 03:30:00,18.19,03:30:00
2026-02-25 03:45:00,18.25,03:45:00
2026-02-25 04:00:00,18.3,04:00:00
2026-02-25 04:15:00,18.29,04:15:00
2026-02-25 04:30:00,17.95,04:30:00
2026-02-25 04:45:00,18.01,04:45:00
2026-02-25 05:00:00,18.15,05:00:00
2026-02-25 05:15:00,18.1,05:15:00
2026-02-25 05:30:00,18.14,05:30:00
2026-02-25 05:45:00,17.76,05:45:00
2026-02-25 06:00:00,17.61,06:00:00
2026-02-25 06:15:00,17.78,06:15:00
2026-02-25 06:30:00,17.43,06:30:00
2026-02-25 06:45:00,17.42,06:45:00
2026-02-25 07:00:00,17.35,07:00:00
2026-02-25 07:15:00,18.06,07:15:00
2026-02-25 07:30:00,17.18,07:30:00
2026-02-25 07:45:00,17.44,07:45:00
2026-02-25 08:00:00,17.5,08:00:00
2026-02-25 08:15:00,16.52,08:15:00
2026-02-25 08:30:00,16.27,08:30:00
2026-02-25 08:45:00,16.01,08:45:00
2026-02-25 09:00:00,15.91,09:00:00
2026-02-25 09:15:00,15.98,09:15:00
2026-02-25 09:30:00,16.17,09:30:00
2026-02-25 09:45:00,16.13,09:45:00
2026-02-25 10:00:00,15.91,10:00:00
2026-02-25 10:15:00,15.81,10:15:00
2026-02-25 10:30:00,15.73,10:30:00
2026-02-25 10:45:00,15.73,10:45:00
2026-02-25 11:00:00,15.78,11:00:00
2026-02-25 11:15:00,15.83,11:15:00
2026-02-25 11:30:00,15.82,11:30:00
2026-02-25 11:45:00,15.91,11:45:00
2026-02-25 12:00:00,15.89,12:00:00
2026-02-25 12:15:00,15.95,12:15:00
2026-02-25 12:30:00,16.02,12:30:00
2026-02-25 12:45:00,16.36,12:45:00
2026-02-25 13:00:00,16.5,13:00:00
2026-02-25 13:15:00,16.63,13:15:00
2026-02-25 13:30:00,16.9,13:30:00
2026-02-25 13:45:00,16.99,13:45:00
2026-02-25 14:00:00,17.03,14:00:00
2026-02-25 14:15:00,16.66,14:15:00
2026-02-25 14:30:00,16.92,14:30:00
2026-02-25 14:45:00,17.03,14:45:00
2026-02-25 15:00:00,17.16,15:00:00
2026-02-25 15:15:00,17.53,15:15:00
2026-02-25 15:30:00,17.14,15:30:00
2026-02-25 15:45:00,17.46,15:45:00
2026-02-25 16:00:00,17.78,16:00:00
2026-02-25 16:15:00,17.98,16:15:00
2026-02-25 16:30:00,18.77,16:30:00
2026-02-25 16:45:00,18.41,16:45:00
2026-02-25 17:00:00,19.06,17:00:00
2026-02-25 17:15:00,19.18,17:15:00
2026-02-25 17:30:00,19.77,17:30:00
2026-02-25 17:45:00,21.2,17:45:00
2026-02-25 18:00:00,20.91,18:00:00
2026-02-25 18:15:00,20.04,18:15:00
2026-02-25 18:30:00,19.31,18:30:00
2026-02-25 18:45:00,19.02,18:45:00
2026-02-25 19:00:00,19.15,19:00:00
2026-02-25 19:15:00,19.08,19:15:00
2026-02-25 19:30:00,18.13,19:30:00
2026-02-25 19:45:00,17.44,19:45:00
2026-02-25 20:00:00,16.57,20:00:00
2026-02-25 20:15:00,16.48,20:15:00
2026-02-25 20:30:00,16.77,20:30:00
2026-02-25 20:45:00,16.82,20:45:00
2026-02-25 21:00:00,16.64,21:00:00
2026-02-25 21:15:00,16.52,21:15:00
2026-02-25 21:30:00,16.22,21:30:00
2026-02-25 21:45:00,16.01,21:45:00
2026-02-25 22:00:00,16.09,22:00:00
2026-02-25 22:15:00,16.34,22:15:00
2026-02-25 22:30:00,16.32,22:30:00
2026-02-25 22:45:00,16.12,22:45:00
2026-02-25 23:00:00,16.37,23:00:00
2026-02-25 23:15:00,16.78,23:15:00
2026-02-25 23:30:00,16.83,23:30:00
2026-02-25 23:45:00,17.11,23:45:00
2026-02-26 00:00:00,17.39,00:00:00
2026-02-26 00:15:00,17.3,00:15:00
2026-02-26 00:30:00,17.34,00:30:00
2026-02-26 00:45:00,17.49,00:45:00
2026-02-26 01:00:00,17.58,01:00:00
2026-02-26 01:15:00,17.32,01:15:00
2026-02-26 01:30:00,17.19,01:30:00
2026-02-26 01:45:00,17.42,01:45:00
2026-02-26 02:00:00,17.74,02:00:00
2026-02-26 02:15:00,17.79,02:15:00
2026-02-26 02:30:00,17.65,02:30:00
2026-02-26 02:45:00,17.8,02:45:00
2026-02-26 03:00:00,17.75,03:00:00
2026-02-26 03:15:00,17.47,03:15:00
2026-02-26 03:30:00,17.46,03:30:00
2026-02-26 03:45:00,17.51,03:45:00
2026-02-26 04:00:00,17.6,04:00:00
2026-02-26 04:15:00,17.61,04:15:00
2026-02-26 04:30:00,17.81,04:30:00
2026-02-26 04:45:00,17.93,04:45:00
2026-02-26 05:00:00,17.56,05:00:00
2026-02-26 05:15:00,17.61,05:15:00
2026-02-26 05:30:00,17.51,05:30:00
2026-02-26 05:45:00,17.43,05:45:00
2026-02-26 06:00:00,17.12,06:00:00
2026-02-26 06:15:00,17.02,06:15:00
2026-02-26 06:30:00,16.84,06:30:00
2026-02-26 06:45:00,15.67,06:45:00
2026-02-26 07:00:00,15.58,07:00:00
2026-02-26 07:15:00,14.92,07:15:00
2026-02-26 07:30:00,14.55,07:30:00
2026-02-26 07:45:00,14.41,07:45:00
2026-02-26 08:00:00,14.29,08:00:00
2026-02-26 08:15:00,14.34,08:15:00
2026-02-26 08:30:00,14.41,08:30:00
2026-02-26 08:45:00,14.33,08:45:00
2026-02-26 09:00:00,14.16,09:00:00
2026-02-26 09:15:00,13.95,09:15:00
2026-02-26 09:30:00,14.1,09:30:00
2026-02-26 09:45:00,14.19,09:45:00
2026-02-26 10:00:00,14.14,10:00:00
2026-02-26 10:15:00,14.18,10:15:00
2026-02-26 10:30:00,14.11,10:30:00
2026-02-26 10:45:00,14.06,10:45:00
2026-02-26 11:00:00,14.11,11:00:00
2026-02-26 11:15:00,14.1,11:15:00
2026-02-26 11:30:00,14.11,11:30:00
2026-02-26 11:45:00,14.27,11:45:00
2026-02-26 12:00:00,15.0,12:00:00
2026-02-26 12:15:00,14.96,12:15:00
2026-02-26 12:30:00,14.64,12:30:00
2026-02-26 12:45:00,14.65,12:45:00
2026-02-26 13:00:00,14.33,13:00:00
2026-02-26 13:15:00,14.12,13:15:00
2026-02-26 13:30:00,13.98,13:30:00
2026-02-26 13:45:00,14.5,13:45:00
2026-02-26 14:00:00,15.32,14:00:00
2026-02-26 14:15:00,15.17,14:15:00
2026-02-26 14:30:00,15.01,14:30:00
2026-02-26 14:45:00,15.3,14:45:00
2026-02-26 15:00:00,15.14,15:00:00
2026-02-26 15:15:00,14.47,15:15:00
2026-02-26 15:30:00,14.48,15:30:00
2026-02-26 15:45:00,14.75,15:45:00
2026-02-26 16:00:00,15.15,16:00:00
2026-02-26 16:15:00,15.7,16:15:00
2026-02-26 16:30:00,15.64,16:30:00
2026-02-26 16:45:00,15.59,16:45:00
2026-02-26 17:00:00,15.18,17:00:00
2026-02-26 17:15:00,15.78,17:15:00
2026-02-26 17:30:00,15.22,17:30:00
2026-02-26 17:45:00,14.15,17:45:00
2026-02-26 18:00:00,13.69,18:00:00
2026-02-26 18:15:00,13.79,18:15:00
2026-02-26 18:30:00,13.92,18:30:00
2026-02-26 18:45:00,13.83,18:45:00
2026-02-26 19:00:00,13.7,19:00:00
2026-02-26 19:15:00,13.8,19:15:00
2026-02-26 19:30:00,14.17,19:30:00
2026-02-26 19:45:00,13.99,19:45:00
2026-02-26 20:00:00,14.03,20:00:00
2026-02-26 20:15:00,14.22,20:15:00
2026-02-26 20:30:00,14.33,20:30:00
2026-02-26 20:45:00,14.12,20:45:00
2026-02-26 21:00:00,14.16,21:00:00
2026-02-26 21:15:00,14.38,21:15:00
2026-02-26 21:30:00,14.08,21:30:00
2026-02-26 21:45:00,14.19,21:45:00
2026-02-26 22:00:00,14.29,22:00:00
2026-02-26 22:15:00,14.38,22:15:00
2026-02-26 22:30:00,14.29,22:30:00
2026-02-26 22:45:00,14.13,22:45:00
2026-02-26 23:00:00,14.08,23:00:00
2026-02-26 23:15:00,14.2,23:15:00
2026-02-26 23:30:00,14.41,23:30:00
2026-02-26 23:45:00,14.74,23:45:00
2026-02-27 00:00:00,14.84,00:00:00
2026-02-27 00:15:00,14.88,00:15:00
2026-02-27 00:30:00,14.99,00:30:00
2026-02-27 00:45:00,15.08,00:45:00
2026-02-27 01:00:00,15.12,01:00:00
2026-02-27 01:15:00,15.13,01:15:00
2026-02-27 01:30:00,15.17,01:30:00
2026-02-27 01:45:00,15.39,01:45:00
2026-02-27 02:00:00,15.46,02:00:00
2026-02-27 02:15:00,15.42,02:15:00
2026-02-27 02:30:00,15.45,02:30:00
2026-02-27 02:45:00,15.45,02:45:00
2026-02-27 03:00:00,15.42,03:00:00
2026-02-27 03:15:00,15.16,03:15:00
2026-02-27 03:30:00,15.27,03:30:00
2026-02-27 03:45:00,15.22,03:45:00
2026-02-27 04:00:00,14.92,04:00:00
2026-02-27 04:15:00,15.1,04:15:00
2026-02-27 04:30:00,15.65,04:30:00
2026-02-27 04:45:00,15.61,04:45:00
2026-02-27 05:00:00,15.53,05:00:00
2026-02-27 05:15:00,15.66,05:15:00
2026-02-27 05:30:00,15.6,05:30:00
2026-02-27 05:45:00,15.45,05:45:00
2026-02-27 06:00:00,15.12,06:00:00
2026-02-27 06:15:00,15.26,06:15:00
2026-02-27 06:30:00,15.27,06:30:00
2026-02-27 06:45:00,15.35,06:45:00
2026-02-27 07:00:00,15.6,07:00:00
2026-02-27 07:15:00,15.66,07:15:00
2026-02-27 07:30:00,15.57,07:30:00
2026-02-27 07:45:00,15.32,07:45:00
2026-02-27 08:00:00,15.35,08:00:00
2026-02-27 08:15:00,15.42,08:15:00
2026-02-27 08:30:00,15.42,08:30:00
2026-02-27 08:45:00,15.6,08:45:00
2026-02-27 09:00:00,16.1,09:00:00
2026-02-27 09:15:00,16.29,09:15:00
2026-02-27 09:30:00,16.14,09:30:00
2026-02-27 09:45:00,16.06,09:45:00
2026-02-27 10:00:00,16.08,10:00:00
2026-02-27 10:15:00,16.06,10:15:00
2026-02-27 10:30:00,15.93,10:30:00
2026-02-27 10:45:00,16.48,10:45:00
2026-02-27 11:00:00,17.26,11:00:00
2026-02-27 11:15:00,17.66,11:15:00
2026-02-27 11:30:00,17.63,11:30:00
2026-02-27 11:45:00,18.11,11:45:00
2026-02-27 12:00:00,17.66,12:00:00
2026-02-27 12:15:00,17.58,12:15:00
2026-02-27 12:30:00,17.64,12:30:00
2026-02-27 12:45:00,17.74,12:45:00
2026-02-27 13:00:00,17.66,13:00:00
2026-02-27 13:15:00,17.57,13:15:00
2026-02-27 13:30:00,17.57,13:30:00
2026-02-27 13:45:00,18.1,13:45:00
2026-02-27 14:00:00,17.92,14:00:00
2026-02-27 14:15:00,16.82,14:15:00
2026-02-27 14:30:00,16.79,14:30:00
2026-02-27 14:45:00,16.91,14:45:00
2026-02-27 15:00:00,17.33,15:00:00
2026-02-27 15:15:00,17.19,15:15:00
2026-02-27 15:30:00,17.41,15:30:00
2026-02-27 15:45:00,17.75,15:45:00
2026-02-27 16:00:00,17.96,16:00:00
2026-02-27 16:15:00,18.13,16:15:00
2026-02-27 16:30:00,17.05,16:30:00
2026-02-27 16:45:00,16.65,16:45:00
2026-02-27 17:00:00,16.11,17:00:00
2026-02-27 17:15:00,16.05,17:15:00
2026-02-27 17:30:00,16.01,17:30:00
2026-02-27 17:45:00,15.61,17:45:00
2026-02-27 18:00:00,15.59,18:00:00
2026-02-27 18:15:00,15.59,18:15:00
2026-02-27 18:30:00,15.66,18:30:00
2026-02-27 18:45:00,15.53,18:45:00
2026-02-27 19:00:00,15.72,19:00:00
2026-02-27 19:15:00,15.83,19:15:00
2026-02-27 19:30:00,15.8,19:30:00
2026-02-27 19:45:00,15.79,19:45:00
2026-02-27 20:00:00,16.04,20:00:00
2026-02-27 20:15:00,16.15,20:15:00
2026-02-27 20:30:00,16.23,20:30:00
2026-02-27 20:45:00,16.27,20:45:00
2026-02-27 21:00:00,16.37,21:00:00
2026-02-27 21:15:00,16.35,21:15:00
2026-02-27 21:30:00,16.25,21:30:00
2026-02-27 21:45:00,16.5,21:45:00
2026-02-27 22:00:00,16.49,22:00:00
2026-02-27 22:15:00,16.5,22:15:00
2026-02-27 22:30:00,16.57,22:30:00
2026-02-27 22:45:00,16.64,22:45:00
2026-02-27 23:00:00,16.78,23:00:00
2026-02-27 23:15:00,17.11,23:15:00
2026-02-27 23:30:00,17.2,23:30:00
2026-02-27 23:45:00,17.39,23:45:00
2026-02-28 00:00:00,17.53,00:00:00
2026-02-28 00:15:00,17.7,00:15:00
2026-02-28 00:30:00,17.96,00:30:00
2026-02-28 00:45:00,17.9,00:45:00
2026-02-28 01:00:00,17.76,01:00:00
2026-02-28 01:15:00,17.7,01:15:00
2026-02-28 01:30:00,17.85,01:30:00
2026-02-28 01:45:00,17.82,01:45:00
2026-02-28 02:00:00,17.87,02:00:00
2026-02-28 02:15:00,18.06,02:15:00
2026-02-28 02:30:00,18.24,02:30:00
2026-02-28 02:45:00,18.31,02:45:00
2026-02-28 03:00:00,18.17,03:00:00
2026-02-28 03:15:00,18.33,03:15:00
2026-02-28 03:30:00,18.39,03:30:00
2026-02-28 03:45:00,18.4,03:45:00
2026-02-28 04:00:00,18.04,04:00:00
2026-02-28 04:15:00,18.16,04:15:00
2026-02-28 04:30:00,18.13,04:30:00
2026-02-28 04:45:00,18.14,04:45:00
2026-02-28 05:00:00,17.9,05:00:00
2026-02-28 05:15:00,17.96,05:15:00
2026-02-28 05:30:00,18.05,05:30:00
2026-02-28 05:45:00,18.12,05:45:00
2026-02-28 06:00:00,18.15,06:00:00
2026-02-28 06:15:00,17.82,06:15:00
2026-02-28 06:30:00,17.99,06:30:00
2026-02-28 06:45:00,18.43,06:45:00
2026-02-28 07:00:00,19.01,07:00:00
2026-02-28 07:15:00,19.25,07:15:00
2026-02-28 07:30:00,18.85,07:30:00
2026-02-28 07:45:00,18.98,07:45:00
2026-02-28 08:00:00,18.74,08:00:00
2026-02-28 08:15:00,18.3,08:15:00
2026-02-28 08:30:00,17.84,08:30:00
2026-02-28 08:45:00,17.61,08:45:00
2026-02-28 09:00:00,17.19,09:00:00
2026-02-28 09:15:00,17.27,09:15:00
2026-02-28 09:30:00,17.08,09:30:00
2026-02-28 09:45:00,17.32,09:45:00
2026-02-28 10:00:00,18.74,10:00:00
2026-02-28 10:15:00,19.27,10:15:00
2026-02-28 10:30:00,19.2,10:30:00
2026-02-28 10:45:00,19.18,10:45:00
2026-02-28 11:00:00,18.81,11:00:00
2026-02-28 11:15:00,18.86,11:15:00
2026-02-28 11:30:00,19.62,11:30:00
2026-02-28 11:45:00,19.56,11:45:00
2026-02-28 12:00:00,19.59,12:00:00
2026-02-28 12:15:00,18.6,12:15:00
2026-02-28 12:30:00,18.77,12:30:00
2026-02-28 12:45:00,18.92,12:45:00
2026-02-28 13:00:00,19.21,13:00:00
2026-02-28 13:15:00,19.22,13:15:00
2026-02-28 13:30:00,19.94,13:30:00
2026-02-28 13:45:00,20.17,13:45:00
2026-02-28 14:00:00,19.52,14:00:00
2026-02-28 14:15:00,18.62,14:15:00
2026-02-28 14:30:00,19.09,14:30:00
2026-02-28 14:45:00,19.47,14:45:00
2026-02-28 15:00:00,19.41,15:00:00
2026-02-28 15:15:00,19.83,15:15:00
2026-02-28 15:30:00,20.4,15:30:00
2026-02-28 15:45:00,20.84,15:45:00
2026-02-28 16:00:00,21.07,16:00:00
2026-02-28 16:15:00,21.32,16:15:00
2026-02-28 16:30:00,21.49,16:30:00
2026-02-28 16:45:00,21.34,16:45:00
2026-02-28 17:00:00,21.59,17:00:00
2026-02-28 17:15:00,21.91,17:15:00
2026-02-28 17:30:00,22.57,17:30:00
2026-02-28 17:45:00,22.7,17:45:00
2026-02-28 18:00:00,23.56,18:00:00
2026-02-28 18:15:00,23.05,18:15:00
2026-02-28 18:30:00,22.77,18:30:00
2026-02-28 18:45:00,22.1,18:45:00
2026-02-28 19:00:00,21.51,19:00:00
2026-02-28 19:15:00,21.56,19:15:00
2026-02-28 19:30:00,20.88,19:30:00
2026-02-28 19:45:00,20.44,19:45:00
2026-02-28 20:00:00,20.66,20:00:00
2026-02-28 20:15:00,21.74,20:15:00
2026-02-28 20:30:00,22.2,20:30:00
2026-02-28 20:45:00,22.39,20:45:00
2026-02-28 21:00:00,22.29,21:00:00
2026-02-28 21:15:00,24.02,21:15:00
2026-02-28 21:30:00,23.76,21:30:00
2026-02-28 21:45:00,23.47,21:45:00
2026-02-28 22:00:00,22.76,22:00:00
2026-02-28 22:15:00,21.45,22:15:00
2026-02-28 22:30:00,21.17,22:30:00
2026-02-28 22:45:00,21.51,22:45:00
2026-02-28 23:00:00,21.31,23:00:00
2026-02-28 23:15:00,20.12,23:15:00
2026-02-28 23:30:00,20.36,23:30:00
2026-02-28 23:45:00,19.52,23:45:00
2026-03-01 00:00:00,19.42,00:00:00
2026-03-01 00:15:00,20.56,00:15:00
2026-03-01 00:30:00,20.63,00:30:00
2026-03-01 00:45:00,21.0,00:45:00
2026-03-01 01:00:00,20.82,01:00:00
2026-03-01 01:15:00,20.42,01:15:00
2026-03-01 01:30:00,20.29,01:30:00
2026-03-01 01:45:00,20.43,01:45:00
2026-03-01 02:00:00,20.16,02:00:00
2026-03-01 02:15:00,20.11,02:15:00
2026-03-01 02:30:00,20.04,02:30:00
2026-03-01 02:45:00,20.17,02:45:00
2026-03-01 03:00:00,19.89,03:00:00
2026-03-01 03:15:00,20.33,03:15:00
2026-03-01 03:30:00,20.0,03:30:00
2026-03-01 03:45:00,20.41,03:45:00
2026-03-01 04:00:00,20.81,04:00:00
2026-03-01 04:15:00,20.9,04:15:00
2026-03-01 04:30:00,20.83,04:30:00
2026-03-01 04:45:00,21.22,04:45:00
2026-03-01 05:00:00,20.92,05:00:00
2026-03-01 05:15:00,20.93,05:15:00
2026-03-01 05:30:00,21.05,05:30:00
2026-03-01 05:45:00,21.06,05:45:00
2026-03-01 06:00:00,20.98,06:00:00
2026-03-01 06:15:00,20.49,06:15:00
2026-03-01 06:30:00,20.19,06:30:00
2026-03-01 06:45:00,20.65,06:45:00
2026-03-01 07:00:00,20.61,07:00:00
2026-03-01 07:15:00,21.18,07:15:00
2026-03-01 07:30:00,20.64,07:30:00
2026-03-01 07:45:00,20.31,07:45:00
2026-03-01 08:00:00,19.98,08:00:00
2026-03-01 08:15:00,20.29,08:15:00
2026-03-01 08:30:00,20.14,08:30:00
2026-03-01 08:45:00,19.67,08:45:00
2026-03-01 09:00:00,19.58,09:00:00
2026-03-01 09:15:00,19.72,09:15:00
2026-03-01 09:30:00,19.74,09:30:00
2026-03-01 09:45:00,20.59,09:45:00
2026-03-01 10:00:00,21.4,10:00:00
2026-03-01 10:15:00,21.27,10:15:00
2026-03-01 10:30:00,21.04,10:30:00
2026-03-01 10:45:00,20.51,10:45:00
2026-03-01 11:00:00,21.26,11:00:00
2026-03-01 11:15:00,21.38,11:15:00
2026-03-01 11:30:00,21.54,11:30:00
2026-03-01 11:45:00,20.98,11:45:00
2026-03-01 12:00:00,20.86,12:00:00
2026-03-01 12:15:00,20.53,12:15:00
2026-03-01 12:30:00,19.67,12:30:00
2026-03-01 12:45:00,19.72,12:45:00
2026-03-01 13:00:00,19.83,13:00:00
2026-03-01 13:15:00,18.85,13:15:00
2026-03-01 13:30:00,18.95,13:30:00
2026-03-01 13:45:00,18.93,13:45:00
2026-03-01 14:00:00,18.25,14:00:00
2026-03-01 14:15:00,17.75,14:15:00
2026-03-01 14:30:00,18.49,14:30:00
2026-03-01 14:45:00,18.51,14:45:00
2026-03-01 15:00:00,18.78,15:00:00
2026-03-01 15:15:00,18.9,15:15:00
2026-03-01 15:30:00,19.05,15:30:00
2026-03-01 15:45:00,18.94,15:45:00
2026-03-01 16:00:00,18.83,16:00:00
2026-03-01 16:15:00,18.58,16:15:00
2026-03-01 16:30:00,18.65,16:30:00
2026-03-01 16:45:00,18.59,16:45:00
2026-03-01 17:00:00,18.52,17:00:00
2026-03-01 17:15:00,19.42,17:15:00
2026-03-01 17:30:00,19.29,17:30:00
2026-03-01 17:45:00,19.72,17:45:00
2026-03-01 18:00:00,19.69,18:00:00
2026-03-01 18:15:00,20.08,18:15:00
2026-03-01 18:30:00,19.86,18:30:00
2026-03-01 18:45:00,19.86,18:45:00
2026-03-01 19:00:00,19.83,19:00:00
2026-03-01 19:15:00,19.73,19:15:00
2026-03-01 19:30:00,19.07,19:30:00
2026-03-01 19:45:00,18.6,19:45:00
2026-03-01 20:00:00,18.25,20:00:00
2026-03-01 20:15:00,18.14,20:15:00
2026-03-01 20:30:00,18.35,20:30:00
2026-03-01 20:45:00,18.34,20:45:00
2026-03-01 21:00:00,18.71,21:00:00
2026-03-01 21:15:00,18.81,21:15:00
2026-03-01 21:30:00,18.57,21:30:00
2026-03-01 21:45:00,19.16,21:45:00
2026-03-01 22:00:00,19.15,22:00:00
2026-03-01 22:15:00,19.17,22:15:00
2026-03-01 22:30:00,19.08,22:30:00
2026-03-01 22:45:00,19.35,22:45:00
2026-03-01 23:00:00,19.35,23:00:00
2026-03-01 23:15:00,19.61,23:15:00
2026-03-01 23:30:00,19.48,23:30:00
2026-03-01 23:45:00,19.68,23:45:00
2026-03-02 00:00:00,19.25,00:00:00
2026-03-02 00:15:00,20.47,00:15:00
2026-03-02 00:30:00,20.59,00:30:00
2026-03-02 00:45:00,20.87,00:45:00
2026-03-02 01:00:00,20.59,01:00:00
2026-03-02 01:15:00,20.81,01:15:00
2026-03-02 01:30:00,20.82,01:30:00
2026-03-02 01:45:00,20.89,01:45:00
2026-03-02 02:00:00,21.0,02:00:00
2026-03-02 02:15:00,20.79,02:15:00
2026-03-02 02:30:00,21.14,02:30:00
2026-03-02 02:45:00,21.16,02:45:00
2026-03-02 03:00:00,20.94,03:00:00
2026-03-02 03:15:00,21.01,03:15:00
2026-03-02 03:30:00,21.09,03:30:00
2026-03-02 03:45:00,20.87,03:45:00
2026-03-02 04:00:00,20.23,04:00:00
2026-03-02 04:15:00,20.46,04:15:00
2026-03-02 04:30:00,20.34,04:30:00
2026-03-02 04:45:00,20.39,04:45:00
2026-03-02 05:00:00,19.95,05:00:00
2026-03-02 05:15:00,19.54,05:15:00
2026-03-02 05:30:00,19.26,05:30:00
2026-03-02 05:45:00,19.01,05:45:00
2026-03-02 06:00:00,18.63,06:00:00
2026-03-02 06:15:00,18.17,06:15:00
2026-03-02 06:30:00,18.25,06:30:00
2026-03-02 06:45:00,18.28,06:45:00
2026-03-02 07:00:00,18.44,07:00:00
2026-03-02 07:15:00,17.8,07:15:00
2026-03-02 07:30:00,17.51,07:30:00
2026-03-02 07:45:00,17.22,07:45:00
2026-03-02 08:00:00,17.27,08:00:00
2026-03-02 08:15:00,16.65,08:15:00
2026-03-02 08:30:00,16.5,08:30:00
2026-03-02 08:45:00,16.6,08:45:00
2026-03-02 09:00:00,16.64,09:00:00
2026-03-02 09:15:00,16.29,09:15:00
2026-03-02 09:30:00,16.33,09:30:00
2026-03-02 09:45:00,16.21,09:45:00
2026-03-02 10:00:00,16.19,10:00:00
2026-03-02 10:15:00,16.25,10:15:00
2026-03-02 10:30:00,16.09,10:30:00
2026-03-02 10:45:00,15.89,10:45:00
2026-03-02 11:00:00,15.71,11:00:00
2026-03-02 11:15:00,16.08,11:15:00
2026-03-02 11:30:00,16.38,11:30:00
2026-03-02 11:45:00,16.47,11:45:00
2026-03-02 12:00:00,16.58,12:00:00
2026-03-02 12:15:00,16.78,12:15:00
2026-03-02 12:30:00,16.62,12:30:00
2026-03-02 12:45:00,16.6,12:45:00
2026-03-02 13:00:00,16.97,13:00:00
2026-03-02 13:15:00,17.08,13:15:00
2026-03-02 13:30:00,17.34,13:30:00
2026-03-02 13:45:00,17.4,13:45:00
2026-03-02 14:00:00,17.66,14:00:00
2026-03-02 14:15:00,18.37,14:15:00
2026-03-02 14:30:00,19.03,14:30:00
2026-03-02 14:45:00,19.37,14:45:00
2026-03-02 15:00:00,19.81,15:00:00
2026-03-02 15:15:00,20.25,15:15:00
2026-03-02 15:30:00,20.33,15:30:00
2026-03-02 15:45:00,21.07,15:45:00
2026-03-02 16:00:00,21.67,16:00:00
2026-03-02 16:15:00,22.25,16:15:00
2026-03-02 16:30:00,23.03,16:30:00
2026-03-02 16:45:00,23.74,16:45:00
2026-03-02 17:00:00,24.31,17:00:00
2026-03-02 17:15:00,24.95,17:15:00
2026-03-02 17:30:00,26.42,17:30:00
2026-03-02 17:45:00,27.51,17:45:00
2026-03-02 18:00:00,28.36,18:00:00
2026-03-02 18:15:00,27.73,18:15:00
2026-03-02 18:30:00,27.09,18:30:00
2026-03-02 18:45:00,26.89,18:45:00
2026-03-02 19:00:00,26.23,19:00:00
2026-03-02 19:15:00,25.71,19:15:00
2026-03-02 19:30:00,23.48,19:30:00
2026-03-02 19:45:00,22.66,19:45:00
2026-03-02 20:00:00,20.96,20:00:00
2026-03-02 20:15:00,19.32,20:15:00
2026-03-02 20:30:00,19.17,20:30:00
2026-03-02 20:45:00,20.09,20:45:00
2026-03-02 21:00:00,19.99,21:00:00
2026-03-02 21:15:00,20.49,21:15:00
2026-03-02 21:30:00,20.94,21:30:00
2026-03-02 21:45:00,21.27,21:45:00
2026-03-02 22:00:00,21.42,22:00:00
2026-03-02 22:15:00,21.11,22:15:00
2026-03-02 22:30:00,21.06,22:30:00
2026-03-02 22:45:00,21.27,22:45:00
2026-03-02 23:00:00,21.48,23:00:00
2026-03-02 23:15:00,21.27,23:15:00
2026-03-02 23:30:00,21.34,23:30:00
2026-03-02 23:45:00,21.59,23:45:00
2026-03-03 00:00:00,21.83,00:00:00
2026-03-03 00:15:00,23.94,00:15:00
2026-03-03 00:30:00,24.49,00:30:00
2026-03-03 00:45:00,24.66,00:45:00
2026-03-03 01:00:00,24.81,01:00:00
2026-03-03 01:15:00,25.0,01:15:00
2026-03-03 01:30:00,23.61,01:30:00
2026-03-03 01:45:00,22.47,01:45:00
2026-03-03 02:00:00,22.84,02:00:00
2026-03-03 02:15:00,22.98,02:15:00
2026-03-03 02:30:00,22.85,02:30:00
2026-03-03 02:45:00,23.13,02:45:00
2026-03-03 03:00:00,23.56,03:00:00
2026-03-03 03:15:00,23.89,03:15:00
2026-03-03 03:30:00,23.81,03:30:00
2026-03-03 03:45:00,24.14,03:45:00
2026-03-03 04:00:00,24.29,04:00:00
2026-03-03 04:15:00,24.63,04:15:00
2026-03-03 04:30:00,25.66,04:30:00
2026-03-03 04:45:00,26.73,04:45:00
2026-03-03 05:00:00,27.76,05:00:00
2026-03-03 05:15:00,27.4,05:15:00
2026-03-03 05:30:00,29.01,05:30:00
2026-03-03 05:45:00,31.8,05:45:00
2026-03-03 06:00:00,33.15,06:00:00
2026-03-03 06:15:00,34.78,06:15:00
2026-03-03 06:30:00,34.09,06:30:00
2026-03-03 06:45:00,33.45,06:45:00
2026-03-03 07:00:00,33.56,07:00:00
2026-03-03 07:15:00,33.11,07:15:00
2026-03-03 07:30:00,32.86,07:30:00
2026-03-03 07:45:00,31.79,07:45:00
2026-03-03 08:00:00,31.34,08:00:00
2026-03-03 08:15:00,30.77,08:15:00
2026-03-03 08:30:00,26.95,08:30:00
2026-03-03 08:45:00,23.38,08:45:00
2026-03-03 09:00:00,22.88,09:00:00
2026-03-03 09:15:00,22.9,09:15:00
2026-03-03 09:30:00,22.69,09:30:00
2026-03-03 09:45:00,22.67,09:45:00
2026-03-03 10:00:00,22.82,10:00:00
2026-03-03 10:15:00,23.48,10:15:00
2026-03-03 10:30:00,22.47,10:30:00
2026-03-03 10:45:00,21.01,10:45:00
2026-03-03 11:00:00,19.14,11:00:00
2026-03-03 11:15:00,18.34,11:15:00
2026-03-03 11:30:00,17.93,11:30:00
2026-03-03 11:45:00,17.91,11:45:00
2026-03-03 12:00:00,17.93,12:00:00
2026-03-03 12:15:00,18.18,12:15:00
2026-03-03 12:30:00,18.3,12:30:00
2026-03-03 12:45:00,18.44,12:45:00
2026-03-03 13:00:00,18.47,13:00:00
2026-03-03 13:15:00,18.53,13:15:00
2026-03-03 13:30:00,17.92,13:30:00
2026-03-03 13:45:00,18.01,13:45:00
2026-03-03 14:00:00,18.08,14:00:00
2026-03-03 14:15:00,17.91,14:15:00
2026-03-03 14:30:00,18.06,14:30:00
2026-03-03 14:45:00,18.21,14:45:00
2026-03-03 15:00:00,19.14,15:00:00
2026-03-03 15:15:00,19.51,15:15:00
2026-03-03 15:30:00,19.47,15:30:00
2026-03-03 15:45:00,19.78,15:45:00
2026-03-03 16:00:00,20.22,16:00:00
2026-03-03 16:15:00,20.92,16:15:00
2026-03-03 16:30:00,20.96,16:30:00
2026-03-03 16:45:00,22.57,16:45:00
2026-03-03 17:00:00,24.34,17:00:00
2026-03-03 17:15:00,28.22,17:15:00
2026-03-03 17:30:00,30.02,17:30:00
2026-03-03 17:45:00,31.0,17:45:00
2026-03-03 18:00:00,31.65,18:00:00
2026-03-03 18:15:00,30.53,18:15:00
2026-03-03 18:30:00,29.87,18:30:00
2026-03-03 18:45:00,30.82,18:45:00
2026-03-03 19:00:00,30.94,19:00:00
2026-03-03 19:15:00,30.46,19:15:00
2026-03-03 19:30:00,29.4,19:30:00
2026-03-03 19:45:00,27.2,19:45:00
2026-03-03 20:00:00,24.36,20:00:00
2026-03-03 20:15:00,20.61,20:15:00
2026-03-03 20:30:00,19.39,20:30:00
2026-03-03 20:45:00,19.46,20:45:00
2026-03-03 21:00:00,19.58,21:00:00
2026-03-03 21:15:00,20.36,21:15:00
2026-03-03 21:30:00,20.68,21:30:00
2026-03-03 21:45:00,21.66,21:45:00
2026-03-03 22:00:00,22.23,22:00:00
2026-03-03 22:15:00,22.77,22:15:00
2026-03-03 22:30:00,22.42,22:30:00
2026-03-03 22:45:00,22.53,22:45:00
2026-03-03 23:00:00,23.09,23:00:00
2026-03-03 23:15:00,23.0,23:15:00
2026-03-03 23:30:00,23.02,23:30:00
2026-03-03 23:45:00,23.5,23:45:00
2026-03-04 00:00:00,23.44,00:00:00
2026-03-04 00:15:00,23.75,00:15:00
2026-03-04 00:30:00,23.76,00:30:00
2026-03-04 00:45:00,23.61,00:45:00
2026-03-04 01:00:00,23.77,01:00:00
2026-03-04 01:15:00,23.8,01:15:00
2026-03-04 01:30:00,23.89,01:30:00
2026-03-04 01:45:00,24.1,01:45:00
2026-03-04 02:00:00,24.21,02:00:00
2026-03-04 02:15:00,23.77,02:15:00
2026-03-04 02:30:00,23.29,02:30:00
2026-03-04 02:45:00,23.2,02:45:00
2026-03-04 03:00:00,23.42,03:00:00
2026-03-04 03:15:00,24.1,03:15:00
2026-03-04 03:30:00,24.05,03:30:00
2026-03-04 03:45:00,23.86,03:45:00
2026-03-04 04:00:00,23.72,04:00:00
2026-03-04 04:15:00,23.86,04:15:00
2026-03-04 04:30:00,23.52,04:30:00
2026-03-04 04:45:00,23.66,04:45:00
2026-03-04 05:00:00,23.63,05:00:00
2026-03-04 05:15:00,22.95,05:15:00
2026-03-04 05:30:00,24.21,05:30:00
2026-03-04 05:45:00,24.18,05:45:00
2026-03-04 06:00:00,23.92,06:00:00
2026-03-04 06:15:00,24.63,06:15:00
2026-03-04 06:30:00,25.13,06:30:00
2026-03-04 06:45:00,25.12,06:45:00
2026-03-04 07:00:00,25.54,07:00:00
2026-03-04 07:15:00,25.49,07:15:00
2026-03-04 07:30:00,24.59,07:30:00
2026-03-04 07:45:00,24.74,07:45:00
2026-03-04 08:00:00,23.6,08:00:00
2026-03-04 08:15:00,21.95,08:15:00
2026-03-04 08:30:00,20.64,08:30:00
2026-03-04 08:45:00,19.79,08:45:00
2026-03-04 09:00:00,19.14,09:00:00
2026-03-04 09:15:00,17.87,09:15:00
2026-03-04 09:30:00,16.96,09:30:00
2026-03-04 09:45:00,17.64,09:45:00
2026-03-04 10:00:00,17.16,10:00:00
2026-03-04 10:15:00,16.72,10:15:00
2026-03-04 10:30:00,16.72,10:30:00
2026-03-04 10:45:00,16.87,10:45:00
2026-03-04 11:00:00,16.61,11:00:00
2026-03-04 11:15:00,16.46,11:15:00
2026-03-04 11:30:00,16.46,11:30:00
2026-03-04 11:45:00,16.56,11:45:00
2026-03-04 12:00:00,16.53,12:00:00
2026-03-04 12:15:00,16.35,12:15:00
2026-03-04 12:30:00,16.49,12:30:00
2026-03-04 12:45:00,16.6,12:45:00
2026-03-04 13:00:00,16.64,13:00:00
2026-03-04 13:15:00,16.51,13:15:00
2026-03-04 13:30:00,16.74,13:30:00
2026-03-04 13:45:00,16.98,13:45:00
2026-03-04 14:00:00,17.13,14:00:00
2026-03-04 14:15:00,17.25,14:15:00
2026-03-04 14:30:00,17.67,14:30:00
2026-03-04 14:45:00,17.9,14:45:00
2026-03-04 15:00:00,17.53,15:00:00
2026-03-04 15:15:00,17.27,15:15:00
2026-03-04 15:30:00,17.33,15:30:00
2026-03-04 15:45:00,17.22,15:45:00
2026-03-04 16:00:00,17.48,16:00:00
2026-03-04 16:15:00,17.85,16:15:00
2026-03-04 16:30:00,18.3,16:30:00
2026-03-04 16:45:00,19.26,16:45:00
2026-03-04 17:00:00,20.16,17:00:00
2026-03-04 17:15:00,20.93,17:15:00
2026-03-04 17:30:00,22.34,17:30:00
2026-03-04 17:45:00,21.2,17:45:00
2026-03-04 18:00:00,21.2,18:00:00
2026-03-04 18:15:00,22.85,18:15:00
2026-03-04 18:30:00,22.0,18:30:00
2026-03-04 18:45:00,20.19,18:45:00
2026-03-04 19:00:00,19.22,19:00:00
2026-03-04 19:15:00,19.17,19:15:00
2026-03-04 19:30:00,18.2,19:30:00
2026-03-04 19:45:00,17.5,19:45:00
2026-03-04 20:00:00,17.68,20:00:00
2026-03-04 20:15:00,17.11,20:15:00
2026-03-04 20:30:00,16.38,20:30:00
2026-03-04 20:45:00,16.5,20:45:00
2026-03-04 21:00:00,16.56,21:00:00
2026-03-04 21:15:00,16.42,21:15:00
2026-03-04 21:30:00,16.35,21:30:00
2026-03-04 21:45:00,16.56,21:45:00
2026-03-04 22:00:00,16.71,22:00:00
2026-03-04 22:15:00,16.53,22:15:00
2026-03-04 22:30:00,16.62,22:30:00
2026-03-04 22:45:00,16.92,22:45:00
2026-03-04 23:00:00,16.7,23:00:00
2026-03-04 23:15:00,16.54,23:15:00
2026-03-04 23:30:00,16.86,23:30:00
2026-03-04 23:45:00,17.01,23:45:00
2026-03-05 00:00:00,16.95,00:00:00
2026-03-05 00:15:00,16.65,00:15:00
2026-03-05 00:30:00,16.83,00:30:00
2026-03-05 00:45:00,16.84,00:45:00
2026-03-05 01:00:00,16.8,01:00:00
2026-03-05 01:15:00,16.88,01:15:00
2026-03-05 01:30:00,17.2,01:30:00
2026-03-05 01:45:00,17.24,01:45:00
2026-03-05 02:00:00,16.96,02:00:00
2026-03-05 02:15:00,17.0,02:15:00
2026-03-05 02:30:00,17.15,02:30:00
2026-03-05 02:45:00,17.02,02:45:00
2026-03-05 03:00:00,17.07,03:00:00
2026-03-05 03:15:00,17.21,03:15:00
2026-03-05 03:30:00,17.17,03:30:00
2026-03-05 03:45:00,17.08,03:45:00
2026-03-05 04:00:00,17.01,04:00:00
2026-03-05 04:15:00,17.06,04:15:00
2026-03-05 04:30:00,16.99,04:30:00
2026-03-05 04:45:00,16.74,04:45:00
2026-03-05 05:00:00,16.75,05:00:00
2026-03-05 05:15:00,16.77,05:15:00
2026-03-05 05:30:00,16.63,05:30:00
2026-03-05 05:45:00,16.53,05:45:00
2026-03-05 06:00:00,16.65,06:00:00
2026-03-05 06:15:00,16.58,06:15:00
2026-03-05 06:30:00,16.53,06:30:00
2026-03-05 06:45:00,16.29,06:45:00
2026-03-05 07:00:00,16.23,07:00:00
2026-03-05 07:15:00,16.22,07:15:00
2026-03-05 07:30:00,15.78,07:30:00
2026-03-05 07:45:00,15.76,07:45:00
2026-03-05 08:00:00,15.71,08:00:00
2026-03-05 08:15:00,15.66,08:15:00
2026-03-05 08:30:00,15.49,08:30:00
2026-03-05 08:45:00,15.56,08:45:00
2026-03-05 09:00:00,15.49,09:00:00
2026-03-05 09:15:00,15.44,09:15:00
2026-03-05 09:30:00,15.45,09:30:00
2026-03-05 09:45:00,15.67,09:45:00
2026-03-05 10:00:00,15.6,10:00:00
2026-03-05 10:15:00,15.73,10:15:00
2026-03-05 10:30:00,15.97,10:30:00
2026-03-05 10:45:00,16.05,10:45:00
2026-03-05 11:00:00,15.98,11:00:00
2026-03-05 11:15:00,15.81,11:15:00
2026-03-05 11:30:00,15.95,11:30:00
2026-03-05 11:45:00,16.15,11:45:00
2026-03-05 12:00:00,15.98,12:00:00
2026-03-05 12:15:00,15.7,12:15:00
2026-03-05 12:30:00,15.9,12:30:00
2026-03-05 12:45:00,15.92,12:45:00
2026-03-05 13:00:00,15.74,13:00:00
2026-03-05 13:15:00,15.63,13:15:00
2026-03-05 13:30:00,15.76,13:30:00
2026-03-05 13:45:00,15.79,13:45:00
2026-03-05 14:00:00,15.77,14:00:00
2026-03-05 14:15:00,16.05,14:15:00
2026-03-05 14:30:00,16.38,14:30:00
2026-03-05 14:45:00,16.56,14:45:00
2026-03-05 15:00:00,17.11,15:00:00
2026-03-05 15:15:00,17.59,15:15:00
2026-03-05 15:30:00,18.52,15:30:00
2026-03-05 15:45:00,18.64,15:45:00
2026-03-05 16:00:00,19.32,16:00:00
2026-03-05 16:15:00,19.17,16:15:00
2026-03-05 16:30:00,19.35,16:30:00
2026-03-05 16:45:00,19.18,16:45:00
2026-03-05 17:00:00,19.88,17:00:00
2026-03-05 17:15:00,19.95,17:15:00
2026-03-05 17:30:00,20.25,17:30:00
2026-03-05 17:45:00,23.62,17:45:00
2026-03-05 18:00:00,26.06,18:00:00
2026-03-05 18:15:00,26.25,18:15:00
2026-03-05 18:30:00,26.03,18:30:00
2026-03-05 18:45:00,26.3,18:45:00
2026-03-05 19:00:00,25.79,19:00:00
2026-03-05 19:15:00,24.68,19:15:00
2026-03-05 19:30:00,22.54,19:30:00
2026-03-05 19:45:00,21.57,19:45:00
2026-03-05 20:00:00,19.74,20:00:00
2026-03-05 20:15:00,17.02,20:15:00
2026-03-05 20:30:00,16.93,20:30:00
2026-03-05 20:45:00,17.12,20:45:00
2026-03-05 21:00:00,17.27,21:00:00
2026-03-05 21:15:00,17.18,21:15:00
2026-03-05 21:30:00,17.24,21:30:00
2026-03-05 21:45:00,17.52,21:45:00
2026-03-05 22:00:00,17.62,22:00:00
2026-03-05 22:15:00,17.94,22:15:00
2026-03-05 22:30:00,18.12,22:30:00
2026-03-05 22:45:00,18.86,22:45:00
2026-03-05 23:00:00,19.01,23:00:00
2026-03-05 23:15:00,19.09,23:15:00
2026-03-05 23:30:00,19.74,23:30:00
2026-03-05 23:45:00,19.71,23:45:00
2026-03-06 00:00:00,19.21,00:00:00
2026-03-06 00:15:00,19.7,00:15:00
2026-03-06 00:30:00,19.93,00:30:00
2026-03-06 00:45:00,19.9,00:45:00
2026-03-06 01:00:00,19.84,01:00:00
2026-03-06 01:15:00,19.86,01:15:00
2026-03-06 01:30:00,19.98,01:30:00
2026-03-06 01:45:00,20.11,01:45:00
2026-03-06 02:00:00,19.86,02:00:00
2026-03-06 02:15:00,20.04,02:15:00
2026-03-06 02:30:00,20.04,02:30:00
2026-03-06 02:45:00,19.83,02:45:00
2026-03-06 03:00:00,19.98,03:00:00
2026-03-06 03:15:00,20.11,03:15:00
2026-03-06 03:30:00,20.22,03:30:00
2026-03-06 03:45:00,20.06,03:45:00
2026-03-06 04:00:00,19.93,04:00:00
2026-03-06 04:15:00,19.72,04:15:00
2026-03-06 04:30:00,19.64,04:30:00
2026-03-06 04:45:00,19.58,04:45:00
2026-03-06 05:00:00,19.63,05:00:00
2026-03-06 05:15:00,19.68,05:15:00
2026-03-06 05:30:00,19.24,05:30:00
2026-03-06 05:45:00,19.35,05:45:00
2026-03-06 06:00:00,19.2,06:00:00
2026-03-06 06:15:00,18.83,06:15:00
2026-03-06 06:30:00,18.73,06:30:00
2026-03-06 06:45:00,19.02,06:45:00
2026-03-06 07:00:00,18.7,07:00:00
2026-03-06 07:15:00,18.41,07:15:00
2026-03-06 07:30:00,18.18,07:30:00
2026-03-06 07:45:00,18.31,07:45:00
2026-03-06 08:00:00,18.11,08:00:00
2026-03-06 08:15:00,18.09,08:15:00
2026-03-06 08:30:00,17.88,08:30:00
2026-03-06 08:45:00,17.76,08:45:00
2026-03-06 09:00:00,17.66,09:00:00
2026-03-06 09:15:00,17.67,09:15:00
2026-03-06 09:30:00,17.85,09:30:00
2026-03-06 09:45:00,17.84,09:45:00
2026-03-06 10:00:00,17.65,10:00:00
2026-03-06 10:15:00,17.84,10:15:00
2026-03-06 10:30:00,17.82,10:30:00
2026-03-06 10:45:00,17.71,10:45:00
2026-03-06 11:00:00,17.65,11:00:00
2026-03-06 11:15:00,17.56,11:15:00
2026-03-06 11:30:00,17.12,11:30:00
2026-03-06 11:45:00,17.56,11:45:00
2026-03-06 12:00:00,17.67,12:00:00
2026-03-06 12:15:00,17.69,12:15:00
2026-03-06 12:30:00,17.81,12:30:00
2026-03-06 12:45:00,18.0,12:45:00
2026-03-06 13:00:00,18.15,13:00:00
2026-03-06 13:15:00,17.93,13:15:00
2026-03-06 13:30:00,17.95,13:30:00
2026-03-06 13:45:00,18.09,13:45:00
2026-03-06 14:00:00,18.14,14:00:00
2026-03-06 14:15:00,18.05,14:15:00
2026-03-06 14:30:00,18.43,14:30:00
2026-03-06 14:45:00,19.52,14:45:00
2026-03-06 15:00:00,20.08,15:00:00
2026-03-06 15:15:00,20.02,15:15:00
2026-03-06 15:30:00,20.98,15:30:00
2026-03-06 15:45:00,22.28,15:45:00
2026-03-06 16:00:00,25.39,16:00:00
2026-03-06 16:15:00,28.25,16:15:00
2026-03-06 16:30:00,28.81,16:30:00
2026-03-06 16:45:00,28.27,16:45:00
2026-03-06 17:00:00,27.29,17:00:00
2026-03-06 17:15:00,27.37,17:15:00
2026-03-06 17:30:00,28.27,17:30:00
2026-03-06 17:45:00,28.16,17:45:00
2026-03-06 18:00:00,28.66,18:00:00
2026-03-06 18:15:00,29.87,18:15:00
2026-03-06 18:30:00,29.57,18:30:00
2026-03-06 18:45:00,29.43,18:45:00
2026-03-06 19:00:00,29.66,19:00:00
2026-03-06 19:15:00,29.61,19:15:00
2026-03-06 19:30:00,26.57,19:30:00
2026-03-06 19:45:00,24.06,19:45:00
2026-03-06 20:00:00,22.45,20:00:00
2026-03-06 20:15:00,22.01,20:15:00
2026-03-06 20:30:00,21.94,20:30:00
2026-03-06 20:45:00,21.7,20:45:00
2026-03-06 21:00:00,22.21,21:00:00
2026-03-06 21:15:00,22.33,21:15:00
2026-03-06 21:30:00,21.88,21:30:00
2026-03-06 21:45:00,21.64,21:45:00
2026-03-06 22:00:00,21.29,22:00:00
2026-03-06 22:15:00,20.83,22:15:00
2026-03-06 22:30:00,20.62,22:30:00
2026-03-06 22:45:00,20.3,22:45:00
2026-03-06 23:00:00,19.94,23:00:00
2026-03-06 23:15:00,19.89,23:15:00
2026-03-06 23:30:00,20.1,23:30:00
2026-03-06 23:45:00,20.3,23:45:00
2026-03-07 00:00:00,20.39,00:00:00
2026-03-07 00:15:00,20.48,00:15:00
2026-03-07 00:30:00,20.65,00:30:00
2026-03-07 00:45:00,20.7,00:45:00
2026-03-07 01:00:00,20.13,01:00:00
2026-03-07 01:15:00,19.87,01:15:00
2026-03-07 01:30:00,20.08,01:30:00
2026-03-07 01:45:00,20.2,01:45:00
2026-03-07 02:00:00,20.16,02:00:00
2026-03-07 02:15:00,20.2,02:15:00
2026-03-07 02:30:00,20.3,02:30:00
2026-03-07 02:45:00,20.47,02:45:00
2026-03-07 03:00:00,20.28,03:00:00
2026-03-07 03:15:00,20.33,03:15:00
2026-03-07 03:30:00,20.34,03:30:00
2026-03-07 03:45:00,20.39,03:45:00
2026-03-07 04:00:00,20.29,04:00:00
2026-03-07 04:15:00,20.6,04:15:00
2026-03-07 04:30:00,20.48,04:30:00
2026-03-07 04:45:00,20.46,04:45:00
2026-03-07 05:00:00,20.36,05:00:00
2026-03-07 05:15:00,20.24,05:15:00
2026-03-07 05:30:00,20.26,05:30:00
2026-03-07 05:45:00,20.16,05:45:00
2026-03-07 06:00:00,20.22,06:00:00
2026-03-07 06:15:00,19.97,06:15:00
2026-03-07 06:30:00,19.9,06:30:00
2026-03-07 06:45:00,20.15,06:45:00
2026-03-07 07:00:00,20.2,07:00:00
2026-03-07 07:15:00,20.05,07:15:00
2026-03-07 07:30:00,20.02,07:30:00
2026-03-07 07:45:00,19.77,07:45:00
2026-03-07 08:00:00,19.46,08:00:00
2026-03-07 08:15:00,19.31,08:15:00
2026-03-07 08:30:00,18.94,08:30:00
2026-03-07 08:45:00,18.7,08:45:00
2026-03-07 09:00:00,18.6,09:00:00
2026-03-07 09:15:00,18.59,09:15:00
2026-03-07 09:30:00,18.38,09:30:00
2026-03-07 09:45:00,18.22,09:45:00
2026-03-07 10:00:00,18.17,10:00:00
2026-03-07 10:15:00,18.41,10:15:00
2026-03-07 10:30:00,18.58,10:30:00
2026-03-07 10:45:00,18.92,10:45:00
2026-03-07 11:00:00,18.85,11:00:00
2026-03-07 11:15:00,18.27,11:15:00
2026-03-07 11:30:00,17.75,11:30:00
2026-03-07 11:45:00,17.68,11:45:00
2026-03-07 12:00:00,17.64,12:00:00
2026-03-07 12:15:00,17.48,12:15:00
2026-03-07 12:30:00,17.59,12:30:00
2026-03-07 12:45:00,17.65,12:45:00
2026-03-07 13:00:00,17.53,13:00:00
2026-03-07 13:15:00,17.53,13:15:00
2026-03-07 13:30:00,17.82,13:30:00
2026-03-07 13:45:00,17.83,13:45:00
2026-03-07 14:00:00,18.79,14:00:00
2026-03-07 14:15:00,18.95,14:15:00
2026-03-07 14:30:00,18.89,14:30:00
2026-03-07 14:45:00,19.07,14:45:00
2026-03-07 15:00:00,19.08,15:00:00
2026-03-07 15:15:00,19.32,15:15:00
2026-03-07 15:30:00,19.57,15:30:00
2026-03-07 15:45:00,19.62,15:45:00
2026-03-07 16:00:00,19.84,16:00:00
2026-03-07 16:15:00,20.48,16:15:00
2026-03-07 16:30:00,20.55,16:30:00
2026-03-07 16:45:00,20.51,16:45:00
2026-03-07 17:00:00,20.82,17:00:00
2026-03-07 17:15:00,21.03,17:15:00
2026-03-07 17:30:00,21.06,17:30:00
2026-03-07 17:45:00,20.73,17:45:00
2026-03-07 18:00:00,20.75,18:00:00
2026-03-07 18:15:00,20.79,18:15:00
2026-03-07 18:30:00,20.74,18:30:00
2026-03-07 18:45:00,20.02,18:45:00
2026-03-07 19:00:00,19.44,19:00:00
2026-03-07 19:15:00,18.1,19:15:00
2026-03-07 19:30:00,17.41,19:30:00
2026-03-07 19:45:00,17.57,19:45:00
2026-03-07 20:00:00,17.92,20:00:00
2026-03-07 20:15:00,18.07,20:15:00
2026-03-07 20:30:00,18.1,20:30:00
2026-03-07 20:45:00,18.49,20:45:00
2026-03-07 21:00:00,18.9,21:00:00
2026-03-07 21:15:00,19.28,21:15:00
2026-03-07 21:30:00,19.64,21:30:00
2026-03-07 21:45:00,19.78,21:45:00
2026-03-07 22:00:00,20.0,22:00:00
2026-03-07 22:15:00,19.97,22:15:00
2026-03-07 22:30:00,20.03,22:30:00
2026-03-07 22:45:00,21.22,22:45:00
2026-03-07 23:00:00,20.86,23:00:00
2026-03-07 23:15:00,20.58,23:15:00
2026-03-07 23:30:00,21.92,23:30:00
2026-03-07 23:45:00,21.03,23:45:00
2026-03-08 00:00:00,19.39,00:00:00
2026-03-08 00:15:00,20.33,00:15:00
2026-03-08 00:30:00,20.8,00:30:00
2026-03-08 00:45:00,21.46,00:45:00
2026-03-08 01:00:00,21.59,01:00:00
2026-03-08 01:15:00,21.87,01:15:00
2026-03-08 01:30:00,21.13,01:30:00
2026-03-08 01:45:00,20.56,01:45:00
2026-03-08 02:00:00,20.07,02:00:00
2026-03-08 02:15:00,19.73,02:15:00
2026-03-08 02:30:00,19.38,02:30:00
2026-03-08 02:45:00,19.47,02:45:00
2026-03-08 03:00:00,19.44,03:00:00
2026-03-08 03:15:00,19.16,03:15:00
2026-03-08 03:30:00,19.03,03:30:00
2026-03-08 03:45:00,19.31,03:45:00
2026-03-08 04:00:00,18.57,04:00:00
2026-03-08 04:15:00,18.92,04:15:00
2026-03-08 04:30:00,18.69,04:30:00
2026-03-08 04:45:00,18.82,04:45:00
2026-03-08 05:00:00,18.89,05:00:00
2026-03-08 05:15:00,19.17,05:15:00
2026-03-08 05:30:00,18.7,05:30:00
2026-03-08 05:45:00,18.92,05:45:00
2026-03-08 06:00:00,19.33,06:00:00
2026-03-08 06:15:00,18.43,06:15:00
2026-03-08 06:30:00,18.31,06:30:00
2026-03-08 06:45:00,18.43,06:45:00
2026-03-08 07:00:00,18.42,07:00:00
2026-03-08 07:15:00,19.06,07:15:00
2026-03-08 07:30:00,18.77,07:30:00
2026-03-08 07:45:00,19.31,07:45:00
2026-03-08 08:00:00,20.22,08:00:00
2026-03-08 08:15:00,20.02,08:15:00
2026-03-08 08:30:00,19.85,08:30:00
2026-03-08 08:45:00,19.98,08:45:00
2026-03-08 09:00:00,19.31,09:00:00
2026-03-08 09:15:00,19.04,09:15:00
2026-03-08 09:30:00,18.37,09:30:00
2026-03-08 09:45:00,17.84,09:45:00
2026-03-08 10:00:00,17.54,10:00:00
2026-03-08 10:15:00,17.27,10:15:00
2026-03-08 10:30:00,17.48,10:30:00
2026-03-08 10:45:00,17.59,10:45:00
2026-03-08 11:00:00,18.8,11:00:00
2026-03-08 11:15:00,20.19,11:15:00
2026-03-08 11:30:00,22.03,11:30:00
2026-03-08 11:45:00,22.53,11:45:00
2026-03-08 12:00:00,21.01,12:00:00
2026-03-08 12:15:00,20.39,12:15:00
2026-03-08 12:30:00,20.35,12:30:00
2026-03-08 12:45:00,20.6,12:45:00
2026-03-08 13:00:00,21.36,13:00:00
2026-03-08 13:15:00,21.0,13:15:00
2026-03-08 13:30:00,20.16,13:30:00
2026-03-08 13:45:00,19.09,13:45:00
2026-03-08 14:00:00,18.66,14:00:00
2026-03-08 14:15:00,18.5,14:15:00
2026-03-08 14:30:00,18.43,14:30:00
2026-03-08 14:45:00,18.33,14:45:00
2026-03-08 15:00:00,18.28,15:00:00
2026-03-08 15:15:00,18.2,15:15:00
2026-03-08 15:30:00,18.26,15:30:00
2026-03-08 15:45:00,18.52,15:45:00
2026-03-08 16:00:00,20.36,16:00:00
2026-03-08 16:15:00,22.16,16:15:00
2026-03-08 16:30:00,22.99,16:30:00
2026-03-08 16:45:00,23.82,16:45:00
2026-03-08 17:00:00,24.02,17:00:00
2026-03-08 17:15:00,25.1,17:15:00
2026-03-08 17:30:00,24.75,17:30:00
2026-03-08 17:45:00,24.39,17:45:00
2026-03-08 18:00:00,22.33,18:00:00
2026-03-08 18:15:00,20.94,18:15:00
2026-03-08 18:30:00,20.67,18:30:00
2026-03-08 18:45:00,20.5,18:45:00
2026-03-08 19:00:00,20.44,19:00:00
2026-03-08 19:15:00,20.62,19:15:00
2026-03-08 19:30:00,20.24,19:30:00
2026-03-08 19:45:00,20.33,19:45:00
2026-03-08 20:00:00,20.77,20:00:00
2026-03-08 20:15:00,20.75,20:15:00
2026-03-08 20:30:00,20.27,20:30:00
2026-03-08 20:45:00,19.91,20:45:00
2026-03-08 21:00:00,20.15,21:00:00
2026-03-08 21:15:00,20.01,21:15:00
2026-03-08 21:30:00,20.41,21:30:00
2026-03-08 21:45:00,20.36,21:45:00
2026-03-08 22:00:00,20.62,22:00:00
2026-03-08 22:15:00,20.28,22:15:00
2026-03-08 22:30:00,20.56,22:30:00
2026-03-08 22:45:00,20.45,22:45:00
2026-03-08 23:00:00,20.0,23:00:00
2026-03-08 23:15:00,18.95,23:15:00
2026-03-08 23:30:00,18.46,23:30:00
2026-03-08 23:45:00,18.55,23:45:00
2026-03-09 00:00:00,18.54,00:00:00
2026-03-09 00:15:00,18.51,00:15:00
2026-03-09 00:30:00,18.56,00:30:00
2026-03-09 00:45:00,18.99,00:45:00
2026-03-09 01:00:00,19.14,01:00:00
2026-03-09 01:15:00,19.22,01:15:00
2026-03-09 01:30:00,18.76,01:30:00
2026-03-09 01:45:00,18.93,01:45:00
2026-03-09 02:00:00,18.87,02:00:00
2026-03-09 02:15:00,18.88,02:15:00
2026-03-09 02:30:00,19.1,02:30:00
2026-03-09 02:45:00,19.37,02:45:00
2026-03-09 03:00:00,19.45,03:00:00
2026-03-09 03:15:00,19.44,03:15:00
2026-03-09 03:30:00,19.42,03:30:00
2026-03-09 03:45:00,19.34,03:45:00
2026-03-09 04:00:00,19.32,04:00:00
2026-03-09 04:15:00,20.41,04:15:00
2026-03-09 04:30:00,20.68,04:30:00
2026-03-09 04:45:00,22.27,04:45:00
2026-03-09 05:00:00,23.13,05:00:00
2026-03-09 05:15:00,23.39,05:15:00
2026-03-09 05:30:00,22.7,05:30:00
2026-03-09 05:45:00,26.08,05:45:00
2026-03-09 06:00:00,26.97,06:00:00
2026-03-09 06:15:00,26.61,06:15:00
2026-03-09 06:30:00,26.85,06:30:00
2026-03-09 06:45:00,26.81,06:45:00
2026-03-09 07:00:00,26.69,07:00:00
2026-03-09 07:15:00,25.7,07:15:00
2026-03-09 07:30:00,25.47,07:30:00
2026-03-09 07:45:00,24.94,07:45:00
2026-03-09 08:00:00,24.35,08:00:00
2026-03-09 08:15:00,22.64,08:15:00
2026-03-09 08:30:00,20.99,08:30:00
2026-03-09 08:45:00,19.41,08:45:00
2026-03-09 09:00:00,18.2,09:00:00
2026-03-09 09:15:00,18.06,09:15:00
2026-03-09 09:30:00,17.24,09:30:00
2026-03-09 09:45:00,16.7,09:45:00
2026-03-09 10:00:00,16.5,10:00:00
2026-03-09 10:15:00,16.48,10:15:00
2026-03-09 10:30:00,16.35,10:30:00
2026-03-09 10:45:00,16.31,10:45:00
2026-03-09 11:00:00,16.17,11:00:00
2026-03-09 11:15:00,16.12,11:15:00
2026-03-09 11:30:00,16.14,11:30:00
2026-03-09 11:45:00,16.11,11:45:00
2026-03-09 12:00:00,16.02,12:00:00
2026-03-09 12:15:00,16.13,12:15:00
2026-03-09 12:30:00,16.2,12:30:00
2026-03-09 12:45:00,16.4,12:45:00
2026-03-09 13:00:00,16.51,13:00:00
2026-03-09 13:15:00,16.46,13:15:00
2026-03-09 13:30:00,16.57,13:30:00
2026-03-09 13:45:00,16.74,13:45:00
2026-03-09 14:00:00,17.06,14:00:00
2026-03-09 14:15:00,17.48,14:15:00
2026-03-09 14:30:00,18.11,14:30:00
2026-03-09 14:45:00,18.48,14:45:00
2026-03-09 15:00:00,19.15,15:00:00
2026-03-09 15:15:00,19.68,15:15:00
2026-03-09 15:30:00,19.47,15:30:00
2026-03-09 15:45:00,20.14,15:45:00
2026-03-09 16:00:00,21.17,16:00:00
2026-03-09 16:15:00,21.86,16:15:00
2026-03-09 16:30:00,23.4,16:30:00
2026-03-09 16:45:00,25.46,16:45:00
2026-03-09 17:00:00,26.37,17:00:00
2026-03-09 17:15:00,28.13,17:15:00
2026-03-09 17:30:00,31.28,17:30:00
2026-03-09 17:45:00,35.54,17:45:00
2026-03-09 18:00:00,37.35,18:00:00
2026-03-09 18:15:00,38.23,18:15:00
2026-03-09 18:30:00,39.02,18:30:00
2026-03-09 18:45:00,38.9,18:45:00
2026-03-09 19:00:00,40.08,19:00:00
2026-03-09 19:15:00,40.39,19:15:00
2026-03-09 19:30:00,39.14,19:30:00
2026-03-09 19:45:00,37.66,19:45:00
2026-03-09 20:00:00,36.92,20:00:00
2026-03-09 20:15:00,37.51,20:15:00
2026-03-09 20:30:00,35.85,20:30:00
2026-03-09 20:45:00,32.79,20:45:00
2026-03-09 21:00:00,31.33,21:00:00
2026-03-09 21:15:00,30.85,21:15:00
2026-03-09 21:30:00,30.89,21:30:00
2026-03-09 21:45:00,30.28,21:45:00
2026-03-09 22:00:00,27.65,22:00:00
2026-03-09 22:15:00,25.14,22:15:00
2026-03-09 22:30:00,23.99,22:30:00
2026-03-09 22:45:00,23.79,22:45:00
2026-03-09 23:00:00,24.56,23:00:00
2026-03-09 23:15:00,23.62,23:15:00
2026-03-09 23:30:00,20.96,23:30:00
2026-03-09 23:45:00,20.55,23:45:00
2026-03-10 00:00:00,20.52,00:00:00
2026-03-10 00:15:00,20.41,00:15:00
2026-03-10 00:30:00,21.52,00:30:00
2026-03-10 00:45:00,20.81,00:45:00
2026-03-10 01:00:00,20.45,01:00:00
2026-03-10 01:15:00,19.74,01:15:00
2026-03-10 01:30:00,19.15,01:30:00
2026-03-10 01:45:00,18.94,01:45:00
2026-03-10 02:00:00,19.08,02:00:00
2026-03-10 02:15:00,19.19,02:15:00
2026-03-10 02:30:00,19.03,02:30:00
2026-03-10 02:45:00,19.16,02:45:00
2026-03-10 03:00:00,19.04,03:00:00
2026-03-10 03:15:00,19.04,03:15:00
2026-03-10 03:30:00,19.01,03:30:00
2026-03-10 03:45:00,18.94,03:45:00
2026-03-10 04:00:00,18.88,04:00:00
2026-03-10 04:15:00,18.82,04:15:00
2026-03-10 04:30:00,18.87,04:30:00
2026-03-10 04:45:00,18.8,04:45:00
2026-03-10 05:00:00,19.57,05:00:00
2026-03-10 05:15:00,22.52,05:15:00
2026-03-10 05:30:00,24.14,05:30:00
2026-03-10 05:45:00,26.14,05:45:00
2026-03-10 06:00:00,27.42,06:00:00
2026-03-10 06:15:00,28.73,06:15:00
2026-03-10 06:30:00,28.75,06:30:00
2026-03-10 06:45:00,28.25,06:45:00
2026-03-10 07:00:00,27.65,07:00:00
2026-03-10 07:15:00,28.71,07:15:00
2026-03-10 07:30:00,28.82,07:30:00
2026-03-10 07:45:00,29.28,07:45:00
2026-03-10 08:00:00,28.49,08:00:00
2026-03-10 08:15:00,27.63,08:15:00
2026-03-10 08:30:00,26.15,08:30:00
2026-03-10 08:45:00,25.18,08:45:00
2026-03-10 09:00:00,23.43,09:00:00
2026-03-10 09:15:00,20.83,09:15:00
2026-03-10 09:30:00,18.75,09:30:00
2026-03-10 09:45:00,18.1,09:45:00
2026-03-10 10:00:00,17.83,10:00:00
2026-03-10 10:15:00,17.2,10:15:00
2026-03-10 10:30:00,17.14,10:30:00
2026-03-10 10:45:00,17.1,10:45:00
2026-03-10 11:00:00,16.99,11:00:00
2026-03-10 11:15:00,16.71,11:15:00
2026-03-10 11:30:00,16.47,11:30:00
2026-03-10 11:45:00,16.41,11:45:00
2026-03-10 12:00:00,16.47,12:00:00
2026-03-10 12:15:00,16.42,12:15:00
2026-03-10 12:30:00,16.5,12:30:00
2026-03-10 12:45:00,16.52,12:45:00
2026-03-10 13:00:00,16.5,13:00:00
2026-03-10 13:15:00,16.47,13:15:00
2026-03-10 13:30:00,16.49,13:30:00
2026-03-10 13:45:00,16.49,13:45:00
2026-03-10 14:00:00,16.59,14:00:00
2026-03-10 14:15:00,16.62,14:15:00
2026-03-10 14:30:00,16.64,14:30:00
2026-03-10 14:45:00,16.69,14:45:00
2026-03-10 15:00:00,16.65,15:00:00
2026-03-10 15:15:00,16.86,15:15:00
2026-03-10 15:30:00,17.09,15:30:00
2026-03-10 15:45:00,17.97,15:45:00
2026-03-10 16:00:00,18.71,16:00:00
2026-03-10 16:15:00,17.54,16:15:00
2026-03-10 16:30:00,19.2,16:30:00
2026-03-10 16:45:00,21.39,16:45:00
2026-03-10 17:00:00,23.72,17:00:00
2026-03-10 17:15:00,27.04,17:15:00
2026-03-10 17:30:00,28.21,17:30:00
2026-03-10 17:45:00,28.73,17:45:00
2026-03-10 18:00:00,28.45,18:00:00
2026-03-10 18:15:00,28.38,18:15:00
2026-03-10 18:30:00,28.7,18:30:00
2026-03-10 18:45:00,28.44,18:45:00
2026-03-10 19:00:00,28.11,19:00:00
2026-03-10 19:15:00,26.82,19:15:00
2026-03-10 19:30:00,25.89,19:30:00
2026-03-10 19:45:00,24.76,19:45:00
2026-03-10 20:00:00,24.01,20:00:00
2026-03-10 20:15:00,23.64,20:15:00
2026-03-10 20:30:00,23.49,20:30:00
2026-03-10 20:45:00,23.14,20:45:00
2026-03-10 21:00:00,23.08,21:00:00
2026-03-10 21:15:00,22.94,21:15:00
2026-03-10 21:30:00,21.92,21:30:00
2026-03-10 21:45:00,19.02,21:45:00
2026-03-10 22:00:00,17.29,22:00:00
2026-03-10 22:15:00,16.79,22:15:00
2026-03-10 22:30:00,16.87,22:30:00
2026-03-10 22:45:00,16.89,22:45:00
2026-03-10 23:00:00,16.94,23:00:00
2026-03-10 23:15:00,17.06,23:15:00
2026-03-10 23:30:00,17.06,23:30:00
2026-03-10 23:45:00,17.3,23:45:00
2026-03-11 00:00:00,17.17,00:00:00
2026-03-11 00:15:00,17.19,00:15:00
2026-03-11 00:30:00,17.23,00:30:00
2026-03-11 00:45:00,17.19,00:45:00
2026-03-11 01:00:00,17.2,01:00:00
2026-03-11 01:15:00,17.36,01:15:00
2026-03-11 01:30:00,17.4,01:30:00
2026-03-11 01:45:00,17.5,01:45:00
2026-03-11 02:00:00,17.52,02:00:00
2026-03-11 02:15:00,17.61,02:15:00
2026-03-11 02:30:00,17.64,02:30:00
2026-03-11 02:45:00,17.77,02:45:00
2026-03-11 03:00:00,17.7,03:00:00
2026-03-11 03:15:00,17.7,03:15:00
2026-03-11 03:30:00,17.69,03:30:00
2026-03-11 03:45:00,17.63,03:45:00
2026-03-11 04:00:00,17.43,04:00:00
2026-03-11 04:15:00,17.29,04:15:00
2026-03-11 04:30:00,17.02,04:30:00
2026-03-11 04:45:00,16.76,04:45:00
2026-03-11 05:00:00,16.4,05:00:00
2026-03-11 05:15:00,16.13,05:15:00
2026-03-11 05:30:00,15.92,05:30:00
2026-03-11 05:45:00,15.78,05:45:00
2026-03-11 06:00:00,15.64,06:00:00
2026-03-11 06:15:00,15.56,06:15:00
2026-03-11 06:30:00,15.48,06:30:00
2026-03-11 06:45:00,15.4,06:45:00
2026-03-11 07:00:00,15.31,07:00:00
2026-03-11 07:15:00,15.26,07:15:00
2026-03-11 07:30:00,15.28,07:30:00
2026-03-11 07:45:00,15.26,07:45:00
2026-03-11 08:00:00,15.2,08:00:00
2026-03-11 08:15:00,15.19,08:15:00
2026-03-11 08:30:00,15.14,08:30:00
2026-03-11 08:45:00,15.09,08:45:00
2026-03-11 09:00:00,15.23,09:00:00
2026-03-11 09:15:00,15.29,09:15:00
2026-03-11 09:30:00,15.32,09:30:00
2026-03-11 09:45:00,15.28,09:45:00
2026-03-11 10:00:00,15.21,10:00:00
2026-03-11 10:15:00,15.4,10:15:00
2026-03-11 10:30:00,15.44,10:30:00
2026-03-11 10:45:00,15.48,10:45:00
2026-03-11 11:00:00,15.41,11:00:00
2026-03-11 11:15:00,15.27,11:15:00
2026-03-11 11:30:00,15.15,11:30:00
2026-03-11 11:45:00,15.38,11:45:00
2026-03-11 12:00:00,15.25,12:00:00
2026-03-11 12:15:00,15.52,12:15:00
2026-03-11 12:30:00,15.52,12:30:00
2026-03-11 12:45:00,15.69,12:45:00
2026-03-11 13:00:00,16.14,13:00:00
2026-03-11 13:15:00,16.06,13:15:00
2026-03-11 13:30:00,16.26,13:30:00
2026-03-11 13:45:00,16.28,13:45:00
2026-03-11 14:00:00,16.47,14:00:00
2026-03-11 14:15:00,16.44,14:15:00
2026-03-11 14:30:00,16.55,14:30:00
2026-03-11 14:45:00,16.59,14:45:00
2026-03-11 15:00:00,17.15,15:00:00
2026-03-11 15:15:00,17.16,15:15:00
2026-03-11 15:30:00,17.24,15:30:00
2026-03-11 15:45:00,17.86,15:45:00
2026-03-11 16:00:00,17.88,16:00:00
2026-03-11 16:15:00,17.15,16:15:00
2026-03-11 16:30:00,16.95,16:30:00
2026-03-11 16:45:00,18.02,16:45:00
2026-03-11 17:00:00,19.92,17:00:00
2026-03-11 17:15:00,21.31,17:15:00
2026-03-11 17:30:00,23.02,17:30:00
2026-03-11 17:45:00,25.47,17:45:00
2026-03-11 18:00:00,27.74,18:00:00
2026-03-11 18:15:00,27.21,18:15:00
2026-03-11 18:30:00,27.54,18:30:00
2026-03-11 18:45:00,27.99,18:45:00
2026-03-11 19:00:00,28.14,19:00:00
2026-03-11 19:15:00,28.05,19:15:00
2026-03-11 19:30:00,27.39,19:30:00
2026-03-11 19:45:00,24.39,19:45:00
2026-03-11 20:00:00,22.39,20:00:00
2026-03-11 20:15:00,21.39,20:15:00
2026-03-11 20:30:00,19.44,20:30:00
2026-03-11 20:45:00,17.33,20:45:00
2026-03-11 21:00:00,16.62,21:00:00
2026-03-11 21:15:00,16.66,21:15:00
2026-03-11 21:30:00,16.63,21:30:00
2026-03-11 21:45:00,16.71,21:45:00
2026-03-11 22:00:00,16.89,22:00:00
2026-03-11 22:15:00,16.95,22:15:00
2026-03-11 22:30:00,17.02,22:30:00
2026-03-11 22:45:00,17.06,22:45:00
2026-03-11 23:00:00,17.12,23:00:00
2026-03-11 23:15:00,17.11,23:15:00
2026-03-11 23:30:00,17.29,23:30:00
2026-03-11 23:45:00,17.39,23:45:00
2026-03-12 00:00:00,17.46,00:00:00
2026-03-12 00:15:00,17.46,00:15:00
2026-03-12 00:30:00,17.46,00:30:00
2026-03-12 00:45:00,17.48,00:45:00
2026-03-12 01:00:00,17.54,01:00:00
2026-03-12 01:15:00,17.54,01:15:00
2026-03-12 01:30:00,17.55,01:30:00
2026-03-12 01:45:00,17.67,01:45:00
2026-03-12 02:00:00,17.83,02:00:00
2026-03-12 02:15:00,17.91,02:15:00
2026-03-12 02:30:00,17.99,02:30:00
2026-03-12 02:45:00,18.04,02:45:00
2026-03-12 03:00:00,18.02,03:00:00
2026-03-12 03:15:00,18.04,03:15:00
2026-03-12 03:30:00,18.03,03:30:00
2026-03-12 03:45:00,18.03,03:45:00
2026-03-12 04:00:00,18.03,04:00:00
2026-03-12 04:15:00,17.98,04:15:00
2026-03-12 04:30:00,17.83,04:30:00
2026-03-12 04:45:00,17.74,04:45:00
2026-03-12 05:00:00,19.19,05:00:00
2026-03-12 05:15:00,19.17,05:15:00
2026-03-12 05:30:00,19.27,05:30:00
2026-03-12 05:45:00,19.01,05:45:00
2026-03-12 06:00:00,17.17,06:00:00
2026-03-12 06:15:00,17.02,06:15:00
2026-03-12 06:30:00,17.09,06:30:00
2026-03-12 06:45:00,16.81,06:45:00
2026-03-12 07:00:00,16.33,07:00:00
2026-03-12 07:15:00,16.26,07:15:00
2026-03-12 07:30:00,16.61,07:30:00
2026-03-12 07:45:00,16.79,07:45:00
2026-03-12 08:00:00,16.62,08:00:00
2026-03-12 08:15:00,16.94,08:15:00
2026-03-12 08:30:00,17.06,08:30:00
2026-03-12 08:45:00,17.14,08:45:00
2026-03-12 09:00:00,17.18,09:00:00
2026-03-12 09:15:00,17.13,09:15:00
2026-03-12 09:30:00,17.09,09:30:00
2026-03-12 09:45:00,16.84,09:45:00
2026-03-12 10:00:00,16.71,10:00:00
2026-03-12 10:15:00,16.58,10:15:00
2026-03-12 10:30:00,16.31,10:30:00
2026-03-12 10:45:00,16.63,10:45:00
2026-03-12 11:00:00,17.39,11:00:00
2026-03-12 11:15:00,17.96,11:15:00
2026-03-12 11:30:00,17.83,11:30:00
2026-03-12 11:45:00,18.06,11:45:00
2026-03-12 12:00:00,18.04,12:00:00
2026-03-12 12:15:00,17.99,12:15:00
2026-03-12 12:30:00,17.92,12:30:00
2026-03-12 12:45:00,17.77,12:45:00
2026-03-12 13:00:00,17.95,13:00:00
2026-03-12 13:15:00,18.15,13:15:00
2026-03-12 13:30:00,18.04,13:30:00
2026-03-12 13:45:00,18.01,13:45:00
2026-03-12 14:00:00,18.37,14:00:00
2026-03-12 14:15:00,18.16,14:15:00
2026-03-12 14:30:00,18.15,14:30:00
2026-03-12 14:45:00,17.91,14:45:00
2026-03-12 15:00:00,18.18,15:00:00
2026-03-12 15:15:00,18.11,15:15:00
2026-03-12 15:30:00,18.19,15:30:00
2026-03-12 15:45:00,18.25,15:45:00
2026-03-12 16:00:00,17.91,16:00:00
2026-03-12 16:15:00,16.94,16:15:00
2026-03-12 16:30:00,16.14,16:30:00
2026-03-12 16:45:00,16.01,16:45:00
2026-03-12 17:00:00,15.93,17:00:00
2026-03-12 17:15:00,15.69,17:15:00
2026-03-12 17:30:00,15.52,17:30:00
2026-03-12 17:45:00,15.61,17:45:00
2026-03-12 18:00:00,15.53,18:00:00
2026-03-12 18:15:00,15.25,18:15:00
2026-03-12 18:30:00,15.33,18:30:00
2026-03-12 18:45:00,15.54,18:45:00
2026-03-12 19:00:00,15.51,19:00:00
2026-03-12 19:15:00,15.33,19:15:00
2026-03-12 19:30:00,15.31,19:30:00
2026-03-12 19:45:00,15.34,19:45:00
2026-03-12 20:00:00,15.28,20:00:00
2026-03-12 20:15:00,15.32,20:15:00
2026-03-12 20:30:00,15.38,20:30:00
2026-03-12 20:45:00,15.46,20:45:00
2026-03-12 21:00:00,15.37,21:00:00
2026-03-12 21:15:00,15.45,21:15:00
2026-03-12 21:30:00,15.55,21:30:00
2026-03-12 21:45:00,15.73,21:45:00
2026-03-12 22:00:00,15.59,22:00:00
2026-03-12 22:15:00,15.71,22:15:00
2026-03-12 22:30:00,15.87,22:30:00
2026-03-12 22:45:00,15.81,22:45:00
2026-03-12 23:00:00,15.73,23:00:00
2026-03-12 23:15:00,16.1,23:15:00
2026-03-12 23:30:00,16.53,23:30:00
2026-03-12 23:45:00,16.55,23:45:00
2026-03-13 00:00:00,16.55,00:00:00
2026-03-13 00:15:00,16.85,00:15:00
2026-03-13 00:30:00,17.05,00:30:00
2026-03-13 00:45:00,16.9,00:45:00
2026-03-13 01:00:00,16.88,01:00:00
2026-03-13 01:15:00,17.18,01:15:00
2026-03-13 01:30:00,17.32,01:30:00
2026-03-13 01:45:00,17.54,01:45:00
2026-03-13 02:00:00,17.78,02:00:00
2026-03-13 02:15:00,17.86,02:15:00
2026-03-13 02:30:00,17.71,02:30:00
2026-03-13 02:45:00,17.73,02:45:00
2026-03-13 03:00:00,17.95,03:00:00
2026-03-13 03:15:00,17.94,03:15:00
2026-03-13 03:30:00,17.58,03:30:00
2026-03-13 03:45:00,17.57,03:45:00
2026-03-13 04:00:00,17.7,04:00:00
2026-03-13 04:15:00,17.34,04:15:00
2026-03-13 04:30:00,17.07,04:30:00
2026-03-13 04:45:00,16.86,04:45:00
2026-03-13 05:00:00,16.93,05:00:00
2026-03-13 05:15:00,16.39,05:15:00
2026-03-13 05:30:00,16.08,05:30:00
2026-03-13 05:45:00,16.21,05:45:00
2026-03-13 06:00:00,15.91,06:00:00
2026-03-13 06:15:00,15.7,06:15:00
2026-03-13 06:30:00,15.9,06:30:00
2026-03-13 06:45:00,16.25,06:45:00
2026-03-13 07:00:00,15.92,07:00:00
2026-03-13 07:15:00,15.81,07:15:00
2026-03-13 07:30:00,15.82,07:30:00
2026-03-13 07:45:00,15.88,07:45:00
2026-03-13 08:00:00,15.62,08:00:00
2026-03-13 08:15:00,15.68,08:15:00
2026-03-13 08:30:00,15.47,08:30:00
2026-03-13 08:45:00,14.19,08:45:00
2026-03-13 09:00:00,14.05,09:00:00
2026-03-13 09:15:00,14.11,09:15:00
2026-03-13 09:30:00,14.22,09:30:00
2026-03-13 09:45:00,14.07,09:45:00
2026-03-13 10:00:00,13.96,10:00:00
2026-03-13 10:15:00,13.98,10:15:00
2026-03-13 10:30:00,13.94,10:30:00
2026-03-13 10:45:00,13.97,10:45:00
2026-03-13 11:00:00,14.02,11:00:00
2026-03-13 11:15:00,14.06,11:15:00
2026-03-13 11:30:00,14.14,11:30:00
2026-03-13 11:45:00,14.03,11:45:00
2026-03-13 12:00:00,14.21,12:00:00
2026-03-13 12:15:00,14.43,12:15:00
2026-03-13 12:30:00,14.26,12:30:00
2026-03-13 12:45:00,14.42,12:45:00
2026-03-13 13:00:00,14.67,13:00:00
2026-03-13 13:15:00,14.69,13:15:00
2026-03-13 13:30:00,14.31,13:30:00
2026-03-13 13:45:00,14.58,13:45:00
2026-03-13 14:00:00,15.09,14:00:00
2026-03-13 14:15:00,15.39,14:15:00
2026-03-13 14:30:00,15.47,14:30:00
2026-03-13 14:45:00,15.87,14:45:00
2026-03-13 15:00:00,16.42,15:00:00
2026-03-13 15:15:00,16.42,15:15:00
2026-03-13 15:30:00,16.71,15:30:00
2026-03-13 15:45:00,17.2,15:45:00
2026-03-13 16:00:00,17.31,16:00:00
2026-03-13 16:15:00,17.06,16:15:00
2026-03-13 16:30:00,18.06,16:30:00
2026-03-13 16:45:00,23.06,16:45:00
2026-03-13 17:00:00,27.84,17:00:00
2026-03-13 17:15:00,28.68,17:15:00
2026-03-13 17:30:00,30.02,17:30:00
2026-03-13 17:45:00,31.1,17:45:00
2026-03-13 18:00:00,31.04,18:00:00
2026-03-13 18:15:00,31.56,18:15:00
2026-03-13 18:30:00,32.57,18:30:00
2026-03-13 18:45:00,32.42,18:45:00
2026-03-13 19:00:00,31.39,19:00:00
2026-03-13 19:15:00,31.14,19:15:00
2026-03-13 19:30:00,31.31,19:30:00
2026-03-13 19:45:00,32.26,19:45:00
2026-03-13 20:00:00,32.62,20:00:00
2026-03-13 20:15:00,30.68,20:15:00
2026-03-13 20:30:00,29.85,20:30:00
2026-03-13 20:45:00,29.79,20:45:00
2026-03-13 21:00:00,29.82,21:00:00
2026-03-13 21:15:00,30.11,21:15:00
2026-03-13 21:30:00,30.15,21:30:00
2026-03-13 21:45:00,29.83,21:45:00
2026-03-13 22:00:00,29.93,22:00:00
2026-03-13 22:15:00,30.05,22:15:00
2026-03-13 22:30:00,30.14,22:30:00
2026-03-13 22:45:00,30.13,22:45:00
2026-03-13 23:00:00,30.75,23:00:00
2026-03-13 23:15:00,25.62,23:15:00
2026-03-13 23:30:00,19.11,23:30:00
2026-03-13 23:45:00,19.13,23:45:00
2026-03-14 00:00:00,19.27,00:00:00
2026-03-14 00:15:00,19.39,00:15:00
2026-03-14 00:30:00,18.94,00:30:00
2026-03-14 00:45:00,18.99,00:45:00
2026-03-14 01:00:00,19.16,01:00:00
2026-03-14 01:15:00,19.22,01:15:00
2026-03-14 01:30:00,18.76,01:30:00
2026-03-14 01:45:00,18.77,01:45:00
2026-03-14 02:00:00,18.96,02:00:00
2026-03-14 02:15:00,18.83,02:15:00
2026-03-14 02:30:00,18.83,02:30:00
2026-03-14 02:45:00,19.24,02:45:00
2026-03-14 03:00:00,19.45,03:00:00
2026-03-14 03:15:00,19.41,03:15:00
2026-03-14 03:30:00,19.5,03:30:00
2026-03-14 03:45:00,19.55,03:45:00
2026-03-14 04:00:00,19.44,04:00:00
2026-03-14 04:15:00,19.38,04:15:00
2026-03-14 04:30:00,19.34,04:30:00
2026-03-14 04:45:00,19.6,04:45:00
2026-03-14 05:00:00,19.3,05:00:00
2026-03-14 05:15:00,18.86,05:15:00
2026-03-14 05:30:00,19.01,05:30:00
2026-03-14 05:45:00,19.1,05:45:00
2026-03-14 06:00:00,18.77,06:00:00
2026-03-14 06:15:00,18.77,06:15:00
2026-03-14 06:30:00,19.02,06:30:00
2026-03-14 06:45:00,18.84,06:45:00
2026-03-14 07:00:00,18.77,07:00:00
2026-03-14 07:15:00,18.6,07:15:00
2026-03-14 07:30:00,18.4,07:30:00
2026-03-14 07:45:00,17.85,07:45:00
2026-03-14 08:00:00,17.8,08:00:00
2026-03-14 08:15:00,17.59,08:15:00
2026-03-14 08:30:00,17.68,08:30:00
2026-03-14 08:45:00,17.73,08:45:00
2026-03-14 09:00:00,17.09,09:00:00
2026-03-14 09:15:00,17.28,09:15:00
2026-03-14 09:30:00,17.29,09:30:00
2026-03-14 09:45:00,17.21,09:45:00
2026-03-14 10:00:00,17.13,10:00:00
2026-03-14 10:15:00,17.1,10:15:00
2026-03-14 10:30:00,16.9,10:30:00
2026-03-14 10:45:00,16.9,10:45:00
2026-03-14 11:00:00,16.74,11:00:00
2026-03-14 11:15:00,16.61,11:15:00
2026-03-14 11:30:00,16.62,11:30:00
2026-03-14 11:45:00,17.11,11:45:00
2026-03-14 12:00:00,18.62,12:00:00
2026-03-14 12:15:00,18.68,12:15:00
2026-03-14 12:30:00,18.81,12:30:00
2026-03-14 12:45:00,18.66,12:45:00
2026-03-14 13:00:00,18.73,13:00:00
2026-03-14 13:15:00,17.4,13:15:00
2026-03-14 13:30:00,16.62,13:30:00
2026-03-14 13:45:00,16.76,13:45:00
2026-03-14 14:00:00,17.0,14:00:00
2026-03-14 14:15:00,17.41,14:15:00
2026-03-14 14:30:00,17.9,14:30:00
2026-03-14 14:45:00,18.32,14:45:00
2026-03-14 15:00:00,18.54,15:00:00
2026-03-14 15:15:00,18.83,15:15:00
2026-03-14 15:30:00,19.32,15:30:00
2026-03-14 15:45:00,20.17,15:45:00
2026-03-14 16:00:00,21.69,16:00:00
2026-03-14 16:15:00,23.04,16:15:00
2026-03-14 16:30:00,23.97,16:30:00
2026-03-14 16:45:00,26.31,16:45:00
2026-03-14 17:00:00,28.11,17:00:00
2026-03-14 17:15:00,30.52,17:15:00
2026-03-14 17:30:00,32.74,17:30:00
2026-03-14 17:45:00,34.4,17:45:00
2026-03-14 18:00:00,33.52,18:00:00
2026-03-14 18:15:00,32.93,18:15:00
2026-03-14 18:30:00,33.03,18:30:00
2026-03-14 18:45:00,32.94,18:45:00
2026-03-14 19:00:00,33.64,19:00:00
2026-03-14 19:15:00,33.47,19:15:00
2026-03-14 19:30:00,32.64,19:30:00
2026-03-14 19:45:00,31.99,19:45:00
2026-03-14 20:00:00,31.7,20:00:00
2026-03-14 20:15:00,31.61,20:15:00
2026-03-14 20:30:00,31.45,20:30:00
2026-03-14 20:45:00,31.44,20:45:00
2026-03-14 21:00:00,32.6,21:00:00
2026-03-14 21:15:00,33.12,21:15:00
2026-03-14 21:30:00,32.85,21:30:00
2026-03-14 21:45:00,32.75,21:45:00
2026-03-14 22:00:00,31.71,22:00:00
2026-03-14 22:15:00,31.12,22:15:00
2026-03-14 22:30:00,31.33,22:30:00
2026-03-14 22:45:00,31.61,22:45:00
2026-03-14 23:00:00,30.89,23:00:00
2026-03-14 23:15:00,28.34,23:15:00
2026-03-14 23:30:00,26.07,23:30:00
2026-03-14 23:45:00,23.7,23:45:00
2026-03-15 00:00:00,23.71,00:00:00
2026-03-15 00:15:00,24.16,00:15:00
2026-03-15 00:30:00,24.03,00:30:00
2026-03-15 00:45:00,24.16,00:45:00
2026-03-15 01:00:00,23.9,01:00:00
2026-03-15 01:15:00,23.56,01:15:00
2026-03-15 01:30:00,21.1,01:30:00
2026-03-15 01:45:00,19.99,01:45:00
2026-03-15 02:00:00,19.98,02:00:00
2026-03-15 02:15:00,19.75,02:15:00
2026-03-15 02:30:00,19.84,02:30:00
2026-03-15 02:45:00,19.81,02:45:00
2026-03-15 03:00:00,19.84,03:00:00
2026-03-15 03:15:00,20.28,03:15:00
2026-03-15 03:30:00,20.28,03:30:00
2026-03-15 03:45:00,20.25,03:45:00
2026-03-15 04:00:00,20.34,04:00:00
2026-03-15 04:15:00,20.37,04:15:00
2026-03-15 04:30:00,20.27,04:30:00
2026-03-15 04:45:00,20.36,04:45:00
2026-03-15 05:00:00,20.38,05:00:00
2026-03-15 05:15:00,20.32,05:15:00
2026-03-15 05:30:00,20.35,05:30:00
2026-03-15 05:45:00,20.41,05:45:00
2026-03-15 06:00:00,20.03,06:00:00
2026-03-15 06:15:00,20.12,06:15:00
2026-03-15 06:30:00,20.19,06:30:00
2026-03-15 06:45:00,20.16,06:45:00
2026-03-15 07:00:00,19.85,07:00:00
2026-03-15 07:15:00,19.65,07:15:00
2026-03-15 07:30:00,19.17,07:30:00
2026-03-15 07:45:00,19.0,07:45:00
2026-03-15 08:00:00,18.57,08:00:00
2026-03-15 08:15:00,18.26,08:15:00
2026-03-15 08:30:00,18.21,08:30:00
2026-03-15 08:45:00,17.87,08:45:00
2026-03-15 09:00:00,17.39,09:00:00
2026-03-15 09:15:00,17.58,09:15:00
2026-03-15 09:30:00,17.6,09:30:00
2026-03-15 09:45:00,17.74,09:45:00
2026-03-15 10:00:00,17.37,10:00:00
2026-03-15 10:15:00,17.33,10:15:00
2026-03-15 10:30:00,17.28,10:30:00
2026-03-15 10:45:00,17.27,10:45:00
2026-03-15 11:00:00,17.13,11:00:00
2026-03-15 11:15:00,17.56,11:15:00
2026-03-15 11:30:00,17.37,11:30:00
2026-03-15 11:45:00,17.54,11:45:00
2026-03-15 12:00:00,18.12,12:00:00
2026-03-15 12:15:00,18.58,12:15:00
2026-03-15 12:30:00,18.57,12:30:00
2026-03-15 12:45:00,18.59,12:45:00
2026-03-15 13:00:00,18.95,13:00:00
2026-03-15 13:15:00,18.93,13:15:00
2026-03-15 13:30:00,19.2,13:30:00
2026-03-15 13:45:00,19.27,13:45:00
2026-03-15 14:00:00,19.73,14:00:00
2026-03-15 14:15:00,19.79,14:15:00
2026-03-15 14:30:00,19.84,14:30:00
2026-03-15 14:45:00,19.99,14:45:00
2026-03-15 15:00:00,20.01,15:00:00
2026-03-15 15:15:00,20.07,15:15:00
2026-03-15 15:30:00,19.37,15:30:00
2026-03-15 15:45:00,19.14,15:45:00
2026-03-15 16:00:00,17.95,16:00:00
2026-03-15 16:15:00,18.49,16:15:00
2026-03-15 16:30:00,19.05,16:30:00
2026-03-15 16:45:00,20.08,16:45:00
2026-03-15 17:00:00,21.0,17:00:00
2026-03-15 17:15:00,21.38,17:15:00
2026-03-15 17:30:00,22.67,17:30:00
2026-03-15 17:45:00,24.97,17:45:00
2026-03-15 18:00:00,28.68,18:00:00
2026-03-15 18:15:00,28.22,18:15:00
2026-03-15 18:30:00,27.71,18:30:00
2026-03-15 18:45:00,26.71,18:45:00
2026-03-15 19:00:00,25.79,19:00:00
2026-03-15 19:15:00,24.45,19:15:00
2026-03-15 19:30:00,23.04,19:30:00
2026-03-15 19:45:00,22.93,19:45:00
2026-03-15 20:00:00,22.74,20:00:00
2026-03-15 20:15:00,20.98,20:15:00
2026-03-15 20:30:00,18.46,20:30:00
2026-03-15 20:45:00,18.24,20:45:00
2026-03-15 21:00:00,18.1,21:00:00
2026-03-15 21:15:00,17.72,21:15:00
2026-03-15 21:30:00,17.6,21:30:00
2026-03-15 21:45:00,17.47,21:45:00
2026-03-15 22:00:00,17.46,22:00:00
2026-03-15 22:15:00,17.63,22:15:00
2026-03-15 22:30:00,17.72,22:30:00
2026-03-15 22:45:00,17.76,22:45:00
2026-03-15 23:00:00,18.2,23:00:00
2026-03-15 23:15:00,18.01,23:15:00
2026-03-15 23:30:00,18.11,23:30:00
2026-03-15 23:45:00,17.87,23:45:00
2026-03-16 00:00:00,18.35,00:00:00
2026-03-16 00:15:00,18.31,00:15:00
2026-03-16 00:30:00,18.34,00:30:00
2026-03-16 00:45:00,18.95,00:45:00
2026-03-16 01:00:00,18.9,01:00:00
2026-03-16 01:15:00,18.93,01:15:00
2026-03-16 01:30:00,19.15,01:30:00
2026-03-16 01:45:00,19.62,01:45:00
2026-03-16 02:00:00,19.63,02:00:00
2026-03-16 02:15:00,19.02,02:15:00
2026-03-16 02:30:00,18.94,02:30:00
2026-03-16 02:45:00,19.19,02:45:00
2026-03-16 03:00:00,19.44,03:00:00
2026-03-16 03:15:00,19.15,03:15:00
2026-03-16 03:30:00,19.22,03:30:00
2026-03-16 03:45:00,19.88,03:45:00
2026-03-16 04:00:00,19.13,04:00:00
2026-03-16 04:15:00,19.1,04:15:00
2026-03-16 04:30:00,19.41,04:30:00
2026-03-16 04:45:00,19.09,04:45:00
2026-03-16 05:00:00,18.79,05:00:00
2026-03-16 05:15:00,18.49,05:15:00
2026-03-16 05:30:00,18.4,05:30:00
2026-03-16 05:45:00,18.64,05:45:00
2026-03-16 06:00:00,18.49,06:00:00
2026-03-16 06:15:00,18.06,06:15:00
2026-03-16 06:30:00,18.09,06:30:00
2026-03-16 06:45:00,18.18,06:45:00
2026-03-16 07:00:00,17.96,07:00:00
2026-03-16 07:15:00,17.97,07:15:00
2026-03-16 07:30:00,17.62,07:30:00
2026-03-16 07:45:00,17.57,07:45:00
2026-03-16 08:00:00,17.22,08:00:00
2026-03-16 08:15:00,17.32,08:15:00
2026-03-16 08:30:00,16.89,08:30:00
2026-03-16 08:45:00,16.67,08:45:00
2026-03-16 09:00:00,16.54,09:00:00
2026-03-16 09:15:00,16.67,09:15:00
2026-03-16 09:30:00,16.56,09:30:00
2026-03-16 09:45:00,16.15,09:45:00
2026-03-16 10:00:00,16.04,10:00:00
2026-03-16 10:15:00,16.29,10:15:00
2026-03-16 10:30:00,16.22,10:30:00
2026-03-16 10:45:00,16.27,10:45:00
2026-03-16 11:00:00,16.53,11:00:00
2026-03-16 11:15:00,16.43,11:15:00
2026-03-16 11:30:00,16.33,11:30:00
2026-03-16 11:45:00,16.08,11:45:00
2026-03-16 12:00:00,16.33,12:00:00
2026-03-16 12:15:00,16.47,12:15:00
2026-03-16 12:30:00,16.64,12:30:00
2026-03-16 12:45:00,16.83,12:45:00
2026-03-16 13:00:00,16.93,13:00:00
2026-03-16 13:15:00,16.97,13:15:00
2026-03-16 13:30:00,17.34,13:30:00
2026-03-16 13:45:00,17.38,13:45:00
2026-03-16 14:00:00,17.61,14:00:00
2026-03-16 14:15:00,17.54,14:15:00
2026-03-16 14:30:00,17.54,14:30:00
2026-03-16 14:45:00,17.6,14:45:00
2026-03-16 15:00:00,17.93,15:00:00
2026-03-16 15:15:00,18.16,15:15:00
2026-03-16 15:30:00,19.0,15:30:00
2026-03-16 15:45:00,20.1,15:45:00
2026-03-16 16:00:00,21.31,16:00:00
2026-03-16 16:15:00,22.96,16:15:00
2026-03-16 16:30:00,24.54,16:30:00
2026-03-16 16:45:00,26.97,16:45:00
2026-03-16 17:00:00,30.87,17:00:00
2026-03-16 17:15:00,33.57,17:15:00
2026-03-16 17:30:00,35.15,17:30:00
2026-03-16 17:45:00,36.94,17:45:00
2026-03-16 18:00:00,37.57,18:00:00
2026-03-16 18:15:00,37.84,18:15:00
2026-03-16 18:30:00,37.7,18:30:00
2026-03-16 18:45:00,37.87,18:45:00
2026-03-16 19:00:00,36.92,19:00:00
2026-03-16 19:15:00,36.11,19:15:00
2026-03-16 19:30:00,35.79,19:30:00
2026-03-16 19:45:00,35.09,19:45:00
2026-03-16 20:00:00,35.28,20:00:00
2026-03-16 20:15:00,33.92,20:15:00
2026-03-16 20:30:00,30.45,20:30:00
2026-03-16 20:45:00,26.75,20:45:00
2026-03-16 21:00:00,24.22,21:00:00
2026-03-16 21:15:00,22.65,21:15:00
2026-03-16 21:30:00,21.69,21:30:00
2026-03-16 21:45:00,20.8,21:45:00
2026-03-16 22:00:00,20.08,22:00:00
2026-03-16 22:15:00,20.5,22:15:00
2026-03-16 22:30:00,20.72,22:30:00
2026-03-16 22:45:00,20.88,22:45:00
2026-03-16 23:00:00,20.76,23:00:00
2026-03-16 23:15:00,20.39,23:15:00
2026-03-16 23:30:00,20.56,23:30:00
2026-03-16 23:45:00,20.48,23:45:00
2026-03-17 00:00:00,20.0,00:00:00
2026-03-17 00:15:00,20.5,00:15:00
2026-03-17 00:30:00,20.48,00:30:00
2026-03-17 00:45:00,20.26,00:45:00
2026-03-17 01:00:00,20.15,01:00:00
2026-03-17 01:15:00,20.41,01:15:00
2026-03-17 01:30:00,20.42,01:30:00
2026-03-17 01:45:00,20.54,01:45:00
2026-03-17 02:00:00,20.56,02:00:00
2026-03-17 02:15:00,20.66,02:15:00
2026-03-17 02:30:00,20.84,02:30:00
2026-03-17 02:45:00,20.67,02:45:00
2026-03-17 03:00:00,20.54,03:00:00
2026-03-17 03:15:00,20.68,03:15:00
2026-03-17 03:30:00,20.42,03:30:00
2026-03-17 03:45:00,20.22,03:45:00
2026-03-17 04:00:00,20.59,04:00:00
2026-03-17 04:15:00,20.51,04:15:00
2026-03-17 04:30:00,20.44,04:30:00
2026-03-17 04:45:00,20.53,04:45:00
2026-03-17 05:00:00,20.79,05:00:00
2026-03-17 05:15:00,20.8,05:15:00
2026-03-17 05:30:00,21.89,05:30:00
2026-03-17 05:45:00,22.71,05:45:00
2026-03-17 06:00:00,22.26,06:00:00
2026-03-17 06:15:00,22.13,06:15:00
2026-03-17 06:30:00,21.98,06:30:00
2026-03-17 06:45:00,21.78,06:45:00
2026-03-17 07:00:00,21.23,07:00:00
2026-03-17 07:15:00,20.96,07:15:00
2026-03-17 07:30:00,20.58,07:30:00
2026-03-17 07:45:00,20.21,07:45:00
2026-03-17 08:00:00,18.75,08:00:00
2026-03-17 08:15:00,17.31,08:15:00
2026-03-17 08:30:00,17.32,08:30:00
2026-03-17 08:45:00,16.93,08:45:00
2026-03-17 09:00:00,16.41,09:00:00
2026-03-17 09:15:00,16.51,09:15:00
2026-03-17 09:30:00,16.33,09:30:00
2026-03-17 09:45:00,16.5,09:45:00
2026-03-17 10:00:00,16.13,10:00:00
2026-03-17 10:15:00,15.95,10:15:00
2026-03-17 10:30:00,16.26,10:30:00
2026-03-17 10:45:00,16.53,10:45:00
2026-03-17 11:00:00,17.16,11:00:00
2026-03-17 11:15:00,17.8,11:15:00
2026-03-17 11:30:00,18.14,11:30:00
2026-03-17 11:45:00,18.26,11:45:00
2026-03-17 12:00:00,18.2,12:00:00
2026-03-17 12:15:00,18.2,12:15:00
2026-03-17 12:30:00,18.05,12:30:00
2026-03-17 12:45:00,18.17,12:45:00
2026-03-17 13:00:00,18.32,13:00:00
2026-03-17 13:15:00,18.48,13:15:00
2026-03-17 13:30:00,18.63,13:30:00
2026-03-17 13:45:00,18.71,13:45:00
2026-03-17 14:00:00,18.37,14:00:00
2026-03-17 14:15:00,17.5,14:15:00
2026-03-17 14:30:00,17.54,14:30:00
2026-03-17 14:45:00,17.74,14:45:00
2026-03-17 15:00:00,17.97,15:00:00
2026-03-17 15:15:00,18.32,15:15:00
2026-03-17 15:30:00,18.38,15:30:00
2026-03-17 15:45:00,18.77,15:45:00
2026-03-17 16:00:00,19.36,16:00:00
2026-03-17 16:15:00,19.03,16:15:00
2026-03-17 16:30:00,19.41,16:30:00
2026-03-17 16:45:00,19.9,16:45:00
2026-03-17 17:00:00,21.15,17:00:00
2026-03-17 17:15:00,23.06,17:15:00
2026-03-17 17:30:00,23.52,17:30:00
2026-03-17 17:45:00,25.47,17:45:00
2026-03-17 18:00:00,25.61,18:00:00
2026-03-17 18:15:00,25.47,18:15:00
2026-03-17 18:30:00,24.69,18:30:00
2026-03-17 18:45:00,23.66,18:45:00
2026-03-17 19:00:00,22.73,19:00:00
2026-03-17 19:15:00,22.34,19:15:00
2026-03-17 19:30:00,21.22,19:30:00
2026-03-17 19:45:00,19.16,19:45:00
2026-03-17 20:00:00,17.2,20:00:00
2026-03-17 20:15:00,16.75,20:15:00
2026-03-17 20:30:00,16.96,20:30:00
2026-03-17 20:45:00,16.92,20:45:00
2026-03-17 21:00:00,16.8,21:00:00
2026-03-17 21:15:00,16.84,21:15:00
2026-03-17 21:30:00,16.84,21:30:00
2026-03-17 21:45:00,16.78,21:45:00
2026-03-17 22:00:00,16.57,22:00:00
2026-03-17 22:15:00,17.04,22:15:00
2026-03-17 22:30:00,16.88,22:30:00
2026-03-17 22:45:00,17.52,22:45:00
2026-03-17 23:00:00,17.23,23:00:00
2026-03-17 23:15:00,17.12,23:15:00
2026-03-17 23:30:00,17.09,23:30:00
2026-03-17 23:45:00,17.07,23:45:00
2026-03-18 00:00:00,17.2,00:00:00
2026-03-18 00:15:00,17.35,00:15:00
2026-03-18 00:30:00,17.2,00:30:00
2026-03-18 00:45:00,15.83,00:45:00
2026-03-18 01:00:00,15.0,01:00:00
2026-03-18 01:15:00,15.21,01:15:00
2026-03-18 01:30:00,15.95,01:30:00
2026-03-18 01:45:00,16.88,01:45:00
2026-03-18 02:00:00,17.49,02:00:00
2026-03-18 02:15:00,17.32,02:15:00
2026-03-18 02:30:00,17.54,02:30:00
2026-03-18 02:45:00,17.83,02:45:00
2026-03-18 03:00:00,18.09,03:00:00
2026-03-18 03:15:00,18.12,03:15:00
2026-03-18 03:30:00,18.02,03:30:00
2026-03-18 03:45:00,18.12,03:45:00
2026-03-18 04:00:00,17.96,04:00:00
2026-03-18 04:15:00,17.8,04:15:00
2026-03-18 04:30:00,17.74,04:30:00
2026-03-18 04:45:00,17.76,04:45:00
2026-03-18 05:00:00,17.67,05:00:00
2026-03-18 05:15:00,17.72,05:15:00
2026-03-18 05:30:00,18.56,05:30:00
2026-03-18 05:45:00,18.78,05:45:00
2026-03-18 06:00:00,18.1,06:00:00
2026-03-18 06:15:00,17.49,06:15:00
2026-03-18 06:30:00,17.02,06:30:00
2026-03-18 06:45:00,16.81,06:45:00
2026-03-18 07:00:00,16.35,07:00:00
2026-03-18 07:15:00,16.13,07:15:00
2026-03-18 07:30:00,16.18,07:30:00
2026-03-18 07:45:00,16.12,07:45:00
2026-03-18 08:00:00,15.67,08:00:00
2026-03-18 08:15:00,15.65,08:15:00
2026-03-18 08:30:00,15.64,08:30:00
2026-03-18 08:45:00,15.38,08:45:00
2026-03-18 09:00:00,15.46,09:00:00
2026-03-18 09:15:00,15.64,09:15:00
2026-03-18 09:30:00,15.54,09:30:00
2026-03-18 09:45:00,15.81,09:45:00
2026-03-18 10:00:00,16.75,10:00:00
2026-03-18 10:15:00,16.89,10:15:00
2026-03-18 10:30:00,16.96,10:30:00
2026-03-18 10:45:00,17.04,10:45:00
2026-03-18 11:00:00,17.67,11:00:00
2026-03-18 11:15:00,17.85,11:15:00
2026-03-18 11:30:00,17.69,11:30:00
2026-03-18 11:45:00,17.33,11:45:00
2026-03-18 12:00:00,17.71,12:00:00
2026-03-18 12:15:00,17.7,12:15:00
2026-03-18 12:30:00,17.16,12:30:00
2026-03-18 12:45:00,17.11,12:45:00
2026-03-18 13:00:00,17.22,13:00:00
2026-03-18 13:15:00,16.93,13:15:00
2026-03-18 13:30:00,16.81,13:30:00
2026-03-18 13:45:00,17.04,13:45:00
2026-03-18 14:00:00,17.0,14:00:00
2026-03-18 14:15:00,16.71,14:15:00
2026-03-18 14:30:00,16.87,14:30:00
2026-03-18 14:45:00,17.18,14:45:00
2026-03-18 15:00:00,17.24,15:00:00
2026-03-18 15:15:00,16.88,15:15:00
2026-03-18 15:30:00,17.08,15:30:00
2026-03-18 15:45:00,17.47,15:45:00
2026-03-18 16:00:00,16.86,16:00:00
2026-03-18 16:15:00,16.13,16:15:00
2026-03-18 16:30:00,16.22,16:30:00
2026-03-18 16:45:00,16.37,16:45:00
2026-03-18 17:00:00,16.27,17:00:00
2026-03-18 17:15:00,16.19,17:15:00
2026-03-18 17:30:00,16.48,17:30:00
2026-03-18 17:45:00,16.14,17:45:00
2026-03-18 18:00:00,15.8,18:00:00
2026-03-18 18:15:00,15.63,18:15:00
2026-03-18 18:30:00,15.78,18:30:00
2026-03-18 18:45:00,15.59,18:45:00
2026-03-18 19:00:00,15.56,19:00:00
2026-03-18 19:15:00,15.65,19:15:00
2026-03-18 19:30:00,15.73,19:30:00
2026-03-18 19:45:00,15.64,19:45:00
2026-03-18 20:00:00,15.73,20:00:00
2026-03-18 20:15:00,15.99,20:15:00
2026-03-18 20:30:00,15.94,20:30:00
2026-03-18 20:45:00,15.76,20:45:00
2026-03-18 21:00:00,15.8,21:00:00
2026-03-18 21:15:00,16.05,21:15:00
2026-03-18 21:30:00,16.03,21:30:00
2026-03-18 21:45:00,15.97,21:45:00
2026-03-18 22:00:00,16.12,22:00:00
2026-03-18 22:15:00,16.36,22:15:00
2026-03-18 22:30:00,16.24,22:30:00
2026-03-18 22:45:00,16.83,22:45:00
2026-03-18 23:00:00,16.77,23:00:00
2026-03-18 23:15:00,17.07,23:15:00
2026-03-18 23:30:00,16.97,23:30:00
2026-03-18 23:45:00,17.01,23:45:00
2026-03-19 00:00:00,17.31,00:00:00
2026-03-19 00:15:00,17.57,00:15:00
2026-03-19 00:30:00,17.82,00:30:00
2026-03-19 00:45:00,18.18,00:45:00
2026-03-19 01:00:00,18.24,01:00:00
2026-03-19 01:15:00,17.74,01:15:00
2026-03-19 01:30:00,17.76,01:30:00
2026-03-19 01:45:00,18.18,01:45:00
2026-03-19 02:00:00,18.47,02:00:00
2026-03-19 02:15:00,18.73,02:15:00
2026-03-19 02:30:00,19.07,02:30:00
2026-03-19 02:45:00,19.09,02:45:00
2026-03-19 03:00:00,19.28,03:00:00
2026-03-19 03:15:00,19.48,03:15:00
2026-03-19 03:30:00,19.41,03:30:00
2026-03-19 03:45:00,19.35,03:45:00
2026-03-19 04:00:00,19.42,04:00:00
2026-03-19 04:15:00,19.54,04:15:00
2026-03-19 04:30:00,20.16,04:30:00
2026-03-19 04:45:00,20.16,04:45:00
2026-03-19 05:00:00,19.58,05:00:00
2026-03-19 05:15:00,19.62,05:15:00
2026-03-19 05:30:00,20.12,05:30:00
2026-03-19 05:45:00,19.87,05:45:00
2026-03-19 06:00:00,19.41,06:00:00
2026-03-19 06:15:00,19.01,06:15:00
2026-03-19 06:30:00,19.0,06:30:00
2026-03-19 06:45:00,18.83,06:45:00
2026-03-19 07:00:00,19.3,07:00:00
2026-03-19 07:15:00,20.06,07:15:00
2026-03-19 07:30:00,19.73,07:30:00
2026-03-19 07:45:00,19.24,07:45:00
2026-03-19 08:00:00,19.16,08:00:00
2026-03-19 08:15:00,19.38,08:15:00
2026-03-19 08:30:00,19.22,08:30:00
2026-03-19 08:45:00,18.79,08:45:00
2026-03-19 09:00:00,17.94,09:00:00
2026-03-19 09:15:00,17.81,09:15:00
2026-03-19 09:30:00,17.25,09:30:00
2026-03-19 09:45:00,17.61,09:45:00
2026-03-19 10:00:00,18.37,10:00:00
2026-03-19 10:15:00,18.58,10:15:00
2026-03-19 10:30:00,18.74,10:30:00
2026-03-19 10:45:00,19.37,10:45:00
2026-03-19 11:00:00,20.15,11:00:00
2026-03-19 11:15:00,20.12,11:15:00
2026-03-19 11:30:00,20.15,11:30:00
2026-03-19 11:45:00,20.38,11:45:00
2026-03-19 12:00:00,20.39,12:00:00
2026-03-19 12:15:00,19.35,12:15:00
2026-03-19 12:30:00,18.13,12:30:00
2026-03-19 12:45:00,18.11,12:45:00
2026-03-19 13:00:00,18.14,13:00:00
2026-03-19 13:15:00,18.25,13:15:00
2026-03-19 13:30:00,18.3,13:30:00
2026-03-19 13:45:00,18.33,13:45:00
2026-03-19 14:00:00,17.71,14:00:00
2026-03-19 14:15:00,16.37,14:15:00
2026-03-19 14:30:00,16.7,14:30:00
2026-03-19 14:45:00,16.98,14:45:00
2026-03-19 15:00:00,17.05,15:00:00
2026-03-19 15:15:00,17.19,15:15:00
2026-03-19 15:30:00,17.56,15:30:00
2026-03-19 15:45:00,18.15,15:45:00
2026-03-19 16:00:00,18.37,16:00:00
2026-03-19 16:15:00,19.21,16:15:00
2026-03-19 16:30:00,20.04,16:30:00
2026-03-19 16:45:00,20.55,16:45:00
2026-03-19 17:00:00,20.66,17:00:00
2026-03-19 17:15:00,20.76,17:15:00
2026-03-19 17:30:00,20.76,17:30:00
2026-03-19 17:45:00,20.51,17:45:00
2026-03-19 18:00:00,20.14,18:00:00
2026-03-19 18:15:00,19.94,18:15:00
2026-03-19 18:30:00,19.54,18:30:00
2026-03-19 18:45:00,19.42,18:45:00
2026-03-19 19:00:00,19.4,19:00:00
2026-03-19 19:15:00,19.48,19:15:00
2026-03-19 19:30:00,18.73,19:30:00
2026-03-19 19:45:00,17.86,19:45:00
2026-03-19 20:00:00,17.52,20:00:00
2026-03-19 20:15:00,17.91,20:15:00
2026-03-19 20:30:00,17.74,20:30:00
2026-03-19 20:45:00,18.04,20:45:00
2026-03-19 21:00:00,18.32,21:00:00
2026-03-19 21:15:00,19.1,21:15:00
2026-03-19 21:30:00,19.39,21:30:00
2026-03-19 21:45:00,19.92,21:45:00
2026-03-19 22:00:00,20.15,22:00:00
2026-03-19 22:15:00,19.98,22:15:00
2026-03-19 22:30:00,20.0,22:30:00
2026-03-19 22:45:00,20.21,22:45:00
2026-03-19 23:00:00,19.9,23:00:00
2026-03-19 23:15:00,19.58,23:15:00
2026-03-19 23:30:00,19.8,23:30:00
2026-03-19 23:45:00,20.1,23:45:00
2026-03-20 00:00:00,20.06,00:00:00
2026-03-20 00:15:00,20.21,00:15:00
2026-03-20 00:30:00,20.19,00:30:00
2026-03-20 00:45:00,20.61,00:45:00
2026-03-20 01:00:00,20.78,01:00:00
2026-03-20 01:15:00,21.14,01:15:00
2026-03-20 01:30:00,21.11,01:30:00
2026-03-20 01:45:00,21.25,01:45:00
2026-03-20 02:00:00,21.35,02:00:00
2026-03-20 02:15:00,20.99,02:15:00
2026-03-20 02:30:00,20.98,02:30:00
2026-03-20 02:45:00,20.97,02:45:00
2026-03-20 03:00:00,20.8,03:00:00
2026-03-20 03:15:00,20.9,03:15:00
2026-03-20 03:30:00,21.03,03:30:00
2026-03-20 03:45:00,21.04,03:45:00
2026-03-20 04:00:00,20.77,04:00:00
2026-03-20 04:15:00,21.06,04:15:00
2026-03-20 04:30:00,21.24,04:30:00
2026-03-20 04:45:00,21.19,04:45:00
2026-03-20 05:00:00,20.97,05:00:00
2026-03-20 05:15:00,20.99,05:15:00
2026-03-20 05:30:00,21.06,05:30:00
2026-03-20 05:45:00,20.46,05:45:00
2026-03-20 06:00:00,19.8,06:00:00
2026-03-20 06:15:00,20.14,06:15:00
2026-03-20 06:30:00,21.28,06:30:00
2026-03-20 06:45:00,21.04,06:45:00
2026-03-20 07:00:00,20.76,07:00:00
2026-03-20 07:15:00,20.78,07:15:00
2026-03-20 07:30:00,20.15,07:30:00
2026-03-20 07:45:00,19.24,07:45:00
2026-03-20 08:00:00,17.8,08:00:00
2026-03-20 08:15:00,17.3,08:15:00
2026-03-20 08:30:00,17.24,08:30:00
2026-03-20 08:45:00,16.79,08:45:00
2026-03-20 09:00:00,16.25,09:00:00
2026-03-20 09:15:00,15.8,09:15:00
2026-03-20 09:30:00,16.01,09:30:00
2026-03-20 09:45:00,16.04,09:45:00
2026-03-20 10:00:00,16.14,10:00:00
2026-03-20 10:15:00,16.13,10:15:00
2026-03-20 10:30:00,16.05,10:30:00
2026-03-20 10:45:00,16.28,10:45:00
2026-03-20 11:00:00,16.41,11:00:00
2026-03-20 11:15:00,16.43,11:15:00
2026-03-20 11:30:00,16.33,11:30:00
2026-03-20 11:45:00,16.5,11:45:00
2026-03-20 12:00:00,16.45,12:00:00
2026-03-20 12:15:00,16.52,12:15:00
2026-03-20 12:30:00,16.6,12:30:00
2026-03-20 12:45:00,16.81,12:45:00
2026-03-20 13:00:00,16.78,13:00:00
2026-03-20 13:15:00,16.58,13:15:00
2026-03-20 13:30:00,16.77,13:30:00
2026-03-20 13:45:00,17.05,13:45:00
2026-03-20 14:00:00,17.14,14:00:00
2026-03-20 14:15:00,17.25,14:15:00
2026-03-20 14:30:00,17.5,14:30:00
2026-03-20 14:45:00,17.59,14:45:00
2026-03-20 15:00:00,17.57,15:00:00
2026-03-20 15:15:00,17.49,15:15:00
2026-03-20 15:30:00,17.83,15:30:00
2026-03-20 15:45:00,18.02,15:45:00
2026-03-20 16:00:00,18.4,16:00:00
2026-03-20 16:15:00,18.94,16:15:00
2026-03-20 16:30:00,19.38,16:30:00
2026-03-20 16:45:00,20.2,16:45:00
2026-03-20 17:00:00,20.33,17:00:00
2026-03-20 17:15:00,20.97,17:15:00
2026-03-20 17:30:00,21.32,17:30:00
2026-03-20 17:45:00,21.21,17:45:00
2026-03-20 18:00:00,21.07,18:00:00
2026-03-20 18:15:00,20.99,18:15:00
2026-03-20 18:30:00,20.52,18:30:00
2026-03-20 18:45:00,20.16,18:45:00
2026-03-20 19:00:00,20.37,19:00:00
2026-03-20 19:15:00,19.94,19:15:00
2026-03-20 19:30:00,19.02,19:30:00
2026-03-20 19:45:00,17.56,19:45:00
2026-03-20 20:00:00,17.37,20:00:00
2026-03-20 20:15:00,17.45,20:15:00
2026-03-20 20:30:00,17.33,20:30:00
2026-03-20 20:45:00,17.36,20:45:00
2026-03-20 21:00:00,17.57,21:00:00
2026-03-20 21:15:00,18.58,21:15:00
2026-03-20 21:30:00,18.73,21:30:00
2026-03-20 21:45:00,20.01,21:45:00
2026-03-20 22:00:00,19.84,22:00:00
2026-03-20 22:15:00,20.33,22:15:00
2026-03-20 22:30:00,20.41,22:30:00
2026-03-20 22:45:00,20.6,22:45:00
2026-03-20 23:00:00,19.85,23:00:00
2026-03-20 23:15:00,18.89,23:15:00
2026-03-20 23:30:00,18.84,23:30:00
2026-03-20 23:45:00,18.48,23:45:00
2026-03-21 00:00:00,18.27,00:00:00
2026-03-21 00:15:00,19.67,00:15:00
2026-03-21 00:30:00,19.95,00:30:00
2026-03-21 00:45:00,20.66,00:45:00
2026-03-21 01:00:00,20.93,01:00:00
2026-03-21 01:15:00,21.3,01:15:00
2026-03-21 01:30:00,21.56,01:30:00
2026-03-21 01:45:00,21.51,01:45:00
2026-03-21 02:00:00,21.06,02:00:00
2026-03-21 02:15:00,20.67,02:15:00
2026-03-21 02:30:00,21.0,02:30:00
2026-03-21 02:45:00,21.41,02:45:00
2026-03-21 03:00:00,21.06,03:00:00
2026-03-21 03:15:00,21.41,03:15:00
2026-03-21 03:30:00,21.32,03:30:00
2026-03-21 03:45:00,21.33,03:45:00
2026-03-21 04:00:00,21.54,04:00:00
2026-03-21 04:15:00,21.98,04:15:00
2026-03-21 04:30:00,21.78,04:30:00
2026-03-21 04:45:00,21.69,04:45:00
2026-03-21 05:00:00,21.26,05:00:00
2026-03-21 05:15:00,21.44,05:15:00
2026-03-21 05:30:00,21.39,05:30:00
2026-03-21 05:45:00,21.17,05:45:00
2026-03-21 06:00:00,20.77,06:00:00
2026-03-21 06:15:00,20.92,06:15:00
2026-03-21 06:30:00,20.53,06:30:00
2026-03-21 06:45:00,19.73,06:45:00
2026-03-21 07:00:00,18.86,07:00:00
2026-03-21 07:15:00,18.48,07:15:00
2026-03-21 07:30:00,18.42,07:30:00
2026-03-21 07:45:00,18.42,07:45:00
2026-03-21 08:00:00,17.61,08:00:00
2026-03-21 08:15:00,16.77,08:15:00
2026-03-21 08:30:00,16.46,08:30:00
2026-03-21 08:45:00,16.36,08:45:00
2026-03-21 09:00:00,16.5,09:00:00
2026-03-21 09:15:00,16.54,09:15:00
2026-03-21 09:30:00,16.61,09:30:00
2026-03-21 09:45:00,16.96,09:45:00
2026-03-21 10:00:00,17.07,10:00:00
2026-03-21 10:15:00,17.04,10:15:00
2026-03-21 10:30:00,17.11,10:30:00
2026-03-21 10:45:00,17.3,10:45:00
2026-03-21 11:00:00,17.08,11:00:00
2026-03-21 11:15:00,17.01,11:15:00
2026-03-21 11:30:00,17.05,11:30:00
2026-03-21 11:45:00,17.15,11:45:00
2026-03-21 12:00:00,17.29,12:00:00
2026-03-21 12:15:00,17.29,12:15:00
2026-03-21 12:30:00,17.62,12:30:00
2026-03-21 12:45:00,17.63,12:45:00
2026-03-21 13:00:00,17.53,13:00:00
2026-03-21 13:15:00,17.47,13:15:00
2026-03-21 13:30:00,17.39,13:30:00
2026-03-21 13:45:00,17.41,13:45:00
2026-03-21 14:00:00,17.22,14:00:00
2026-03-21 14:15:00,17.49,14:15:00
2026-03-21 14:30:00,17.67,14:30:00
2026-03-21 14:45:00,17.77,14:45:00
2026-03-21 15:00:00,17.73,15:00:00
2026-03-21 15:15:00,17.71,15:15:00
2026-03-21 15:30:00,17.76,15:30:00
2026-03-21 15:45:00,17.95,15:45:00
2026-03-21 16:00:00,17.89,16:00:00
2026-03-21 16:15:00,18.27,16:15:00
2026-03-21 16:30:00,18.43,16:30:00
2026-03-21 16:45:00,18.98,16:45:00
2026-03-21 17:00:00,19.37,17:00:00
2026-03-21 17:15:00,20.28,17:15:00
2026-03-21 17:30:00,20.37,17:30:00
2026-03-21 17:45:00,20.24,17:45:00
2026-03-21 18:00:00,20.23,18:00:00
2026-03-21 18:15:00,19.55,18:15:00
2026-03-21 18:30:00,18.91,18:30:00
2026-03-21 18:45:00,18.41,18:45:00
2026-03-21 19:00:00,17.76,19:00:00
2026-03-21 19:15:00,17.44,19:15:00
2026-03-21 19:30:00,17.38,19:30:00
2026-03-21 19:45:00,17.45,19:45:00
2026-03-21 20:00:00,17.63,20:00:00
2026-03-21 20:15:00,17.58,20:15:00
2026-03-21 20:30:00,17.24,20:30:00
2026-03-21 20:45:00,17.39,20:45:00
2026-03-21 21:00:00,17.44,21:00:00
2026-03-21 21:15:00,17.41,21:15:00
2026-03-21 21:30:00,17.41,21:30:00
2026-03-21 21:45:00,17.59,21:45:00
2026-03-21 22:00:00,17.69,22:00:00
2026-03-21 22:15:00,18.17,22:15:00
2026-03-21 22:30:00,18.49,22:30:00
2026-03-21 22:45:00,19.35,22:45:00
2026-03-21 23:00:00,19.12,23:00:00
2026-03-21 23:15:00,19.14,23:15:00
2026-03-21 23:30:00,19.88,23:30:00
2026-03-21 23:45:00,19.62,23:45:00
2026-03-22 00:00:00,19.29,00:00:00
2026-03-22 00:15:00,20.01,00:15:00
2026-03-22 00:30:00,20.08,00:30:00
2026-03-22 00:45:00,20.1,00:45:00
2026-03-22 01:00:00,20.06,01:00:00
2026-03-22 01:15:00,20.3,01:15:00
2026-03-22 01:30:00,19.78,01:30:00
2026-03-22 01:45:00,19.58,01:45:00
2026-03-22 02:00:00,19.44,02:00:00
2026-03-22 02:15:00,19.67,02:15:00
2026-03-22 02:30:00,19.84,02:30:00
2026-03-22 02:45:00,20.24,02:45:00
2026-03-22 03:00:00,20.28,03:00:00
2026-03-22 03:15:00,20.82,03:15:00
2026-03-22 03:30:00,20.8,03:30:00
2026-03-22 03:45:00,20.91,03:45:00
2026-03-22 04:00:00,20.89,04:00:00
2026-03-22 04:15:00,21.17,04:15:00
2026-03-22 04:30:00,21.13,04:30:00
2026-03-22 04:45:00,21.07,04:45:00
2026-03-22 05:00:00,20.73,05:00:00
2026-03-22 05:15:00,20.78,05:15:00
2026-03-22 05:30:00,20.97,05:30:00
2026-03-22 05:45:00,20.98,05:45:00
2026-03-22 06:00:00,21.29,06:00:00
2026-03-22 06:15:00,21.72,06:15:00
2026-03-22 06:30:00,21.74,06:30:00
2026-03-22 06:45:00,22.32,06:45:00
2026-03-22 07:00:00,22.58,07:00:00
2026-03-22 07:15:00,22.04,07:15:00
2026-03-22 07:30:00,21.77,07:30:00
2026-03-22 07:45:00,21.31,07:45:00
2026-03-22 08:00:00,20.91,08:00:00
2026-03-22 08:15:00,20.47,08:15:00
2026-03-22 08:30:00,20.55,08:30:00
2026-03-22 08:45:00,20.96,08:45:00
2026-03-22 09:00:00,21.51,09:00:00
2026-03-22 09:15:00,22.98,09:15:00
2026-03-22 09:30:00,24.42,09:30:00
2026-03-22 09:45:00,27.16,09:45:00
2026-03-22 10:00:00,28.08,10:00:00
2026-03-22 10:15:00,28.94,10:15:00
2026-03-22 10:30:00,29.99,10:30:00
2026-03-22 10:45:00,29.92,10:45:00
2026-03-22 11:00:00,29.07,11:00:00
2026-03-22 11:15:00,29.69,11:15:00
2026-03-22 11:30:00,29.8,11:30:00
2026-03-22 11:45:00,29.79,11:45:00
2026-03-22 12:00:00,29.56,12:00:00
2026-03-22 12:15:00,29.13,12:15:00
2026-03-22 12:30:00,29.14,12:30:00
2026-03-22 12:45:00,27.89,12:45:00
2026-03-22 13:00:00,27.16,13:00:00
2026-03-22 13:15:00,25.25,13:15:00
2026-03-22 13:30:00,21.87,13:30:00
2026-03-22 13:45:00,21.63,13:45:00
2026-03-22 14:00:00,21.07,14:00:00
2026-03-22 14:15:00,21.04,14:15:00
2026-03-22 14:30:00,21.02,14:30:00
2026-03-22 14:45:00,21.15,14:45:00
2026-03-22 15:00:00,21.17,15:00:00
2026-03-22 15:15:00,21.34,15:15:00
2026-03-22 15:30:00,21.22,15:30:00
2026-03-22 15:45:00,21.03,15:45:00
2026-03-22 16:00:00,21.09,16:00:00
2026-03-22 16:15:00,20.78,16:15:00
2026-03-22 16:30:00,21.01,16:30:00
2026-03-22 16:45:00,21.07,16:45:00
2026-03-22 17:00:00,21.03,17:00:00
2026-03-22 17:15:00,21.37,17:15:00
2026-03-22 17:30:00,21.64,17:30:00
2026-03-22 17:45:00,22.34,17:45:00
2026-03-22 18:00:00,24.0,18:00:00
2026-03-22 18:15:00,24.35,18:15:00
2026-03-22 18:30:00,24.28,18:30:00
2026-03-22 18:45:00,24.41,18:45:00
2026-03-22 19:00:00,24.33,19:00:00
2026-03-22 19:15:00,24.18,19:15:00
2026-03-22 19:30:00,24.12,19:30:00
2026-03-22 19:45:00,24.04,19:45:00
2026-03-22 20:00:00,24.16,20:00:00
2026-03-22 20:15:00,22.75,20:15:00
2026-03-22 20:30:00,21.54,20:30:00
2026-03-22 20:45:00,21.41,20:45:00
2026-03-22 21:00:00,21.83,21:00:00
2026-03-22 21:15:00,22.59,21:15:00
2026-03-22 21:30:00,22.73,21:30:00
2026-03-22 21:45:00,22.74,21:45:00
2026-03-22 22:00:00,23.02,22:00:00
2026-03-22 22:15:00,23.19,22:15:00
2026-03-22 22:30:00,23.48,22:30:00
2026-03-22 22:45:00,22.9,22:45:00
2026-03-22 23:00:00,21.74,23:00:00
2026-03-22 23:15:00,21.68,23:15:00
2026-03-22 23:30:00,21.77,23:30:00
2026-03-22 23:45:00,21.75,23:45:00
2026-03-23 00:00:00,21.91,00:00:00
2026-03-23 00:15:00,22.14,00:15:00
2026-03-23 00:30:00,22.08,00:30:00
2026-03-23 00:45:00,22.06,00:45:00
2026-03-23 01:00:00,22.09,01:00:00
2026-03-23 01:15:00,22.05,01:15:00
2026-03-23 01:30:00,22.33,01:30:00
2026-03-23 01:45:00,22.61,01:45:00
2026-03-23 02:00:00,22.67,02:00:00
2026-03-23 02:15:00,22.58,02:15:00
2026-03-23 02:30:00,22.64,02:30:00
2026-03-23 02:45:00,22.86,02:45:00
2026-03-23 03:00:00,23.53,03:00:00
2026-03-23 03:15:00,23.67,03:15:00
2026-03-23 03:30:00,23.72,03:30:00
2026-03-23 03:45:00,23.94,03:45:00
2026-03-23 04:00:00,24.09,04:00:00
2026-03-23 04:15:00,24.35,04:15:00
2026-03-23 04:30:00,25.39,04:30:00
2026-03-23 04:45:00,26.04,04:45:00
2026-03-23 05:00:00,26.04,05:00:00
2026-03-23 05:15:00,26.17,05:15:00
2026-03-23 05:30:00,27.61,05:30:00
2026-03-23 05:45:00,28.72,05:45:00
2026-03-23 06:00:00,28.18,06:00:00
2026-03-23 06:15:00,28.11,06:15:00
2026-03-23 06:30:00,28.23,06:30:00
2026-03-23 06:45:00,30.51,06:45:00
2026-03-23 07:00:00,34.09,07:00:00
2026-03-23 07:15:00,34.14,07:15:00
2026-03-23 07:30:00,37.21,07:30:00
2026-03-23 07:45:00,39.19,07:45:00
2026-03-23 08:00:00,38.86,08:00:00
2026-03-23 08:15:00,38.17,08:15:00
2026-03-23 08:30:00,38.09,08:30:00
2026-03-23 08:45:00,37.23,08:45:00
2026-03-23 09:00:00,34.05,09:00:00
2026-03-23 09:15:00,31.66,09:15:00
2026-03-23 09:30:00,28.28,09:30:00
2026-03-23 09:45:00,25.32,09:45:00
2026-03-23 10:00:00,23.01,10:00:00
2026-03-23 10:15:00,22.55,10:15:00
2026-03-23 10:30:00,22.37,10:30:00
2026-03-23 10:45:00,21.87,10:45:00
2026-03-23 11:00:00,21.84,11:00:00
2026-03-23 11:15:00,22.23,11:15:00
2026-03-23 11:30:00,19.53,11:30:00
2026-03-23 11:45:00,16.95,11:45:00
2026-03-23 12:00:00,16.99,12:00:00
2026-03-23 12:15:00,17.24,12:15:00
2026-03-23 12:30:00,16.98,12:30:00
2026-03-23 12:45:00,17.19,12:45:00
2026-03-23 13:00:00,17.26,13:00:00
2026-03-23 13:15:00,17.21,13:15:00
2026-03-23 13:30:00,16.99,13:30:00
2026-03-23 13:45:00,17.1,13:45:00
2026-03-23 14:00:00,17.21,14:00:00
2026-03-23 14:15:00,17.33,14:15:00
2026-03-23 14:30:00,17.32,14:30:00
2026-03-23 14:45:00,17.44,14:45:00
2026-03-23 15:00:00,17.81,15:00:00
2026-03-23 15:15:00,18.09,15:15:00
2026-03-23 15:30:00,19.01,15:30:00
2026-03-23 15:45:00,20.42,15:45:00
2026-03-23 16:00:00,21.14,16:00:00
2026-03-23 16:15:00,21.88,16:15:00
2026-03-23 16:30:00,23.38,16:30:00
2026-03-23 16:45:00,25.41,16:45:00
2026-03-23 17:00:00,27.51,17:00:00
2026-03-23 17:15:00,30.77,17:15:00
2026-03-23 17:30:00,33.06,17:30:00
2026-03-23 17:45:00,38.4,17:45:00
2026-03-23 18:00:00,42.31,18:00:00
2026-03-23 18:15:00,42.82,18:15:00
2026-03-23 18:30:00,42.96,18:30:00
2026-03-23 18:45:00,43.16,18:45:00
2026-03-23 19:00:00,42.7,19:00:00
2026-03-23 19:15:00,42.67,19:15:00
2026-03-23 19:30:00,41.46,19:30:00
2026-03-23 19:45:00,40.21,19:45:00
2026-03-23 20:00:00,38.63,20:00:00
2026-03-23 20:15:00,37.67,20:15:00
2026-03-23 20:30:00,36.3,20:30:00
2026-03-23 20:45:00,34.66,20:45:00
2026-03-23 21:00:00,32.95,21:00:00
2026-03-23 21:15:00,31.17,21:15:00
2026-03-23 21:30:00,30.26,21:30:00
2026-03-23 21:45:00,28.65,21:45:00
2026-03-23 22:00:00,27.23,22:00:00
2026-03-23 22:15:00,26.37,22:15:00
2026-03-23 22:30:00,25.16,22:30:00
2026-03-23 22:45:00,24.41,22:45:00
2026-03-23 23:00:00,22.22,23:00:00
2026-03-23 23:15:00,21.74,23:15:00
2026-03-23 23:30:00,22.16,23:30:00
2026-03-23 23:45:00,22.26,23:45:00
2026-03-24 00:00:00,21.89,00:00:00
2026-03-24 00:15:00,21.25,00:15:00
2026-03-24 00:30:00,20.84,00:30:00
2026-03-24 00:45:00,20.93,00:45:00
2026-03-24 01:00:00,21.14,01:00:00
2026-03-24 01:15:00,21.41,01:15:00
2026-03-24 01:30:00,21.45,01:30:00
2026-03-24 01:45:00,21.6,01:45:00
2026-03-24 02:00:00,21.67,02:00:00
2026-03-24 02:15:00,21.99,02:15:00
2026-03-24 02:30:00,21.52,02:30:00
2026-03-24 02:45:00,21.72,02:45:00
2026-03-24 03:00:00,21.89,03:00:00
2026-03-24 03:15:00,21.49,03:15:00
2026-03-24 03:30:00,21.32,03:30:00
2026-03-24 03:45:00,21.76,03:45:00
2026-03-24 04:00:00,21.86,04:00:00
2026-03-24 04:15:00,21.89,04:15:00
2026-03-24 04:30:00,21.96,04:30:00
2026-03-24 04:45:00,21.98,04:45:00
2026-03-24 05:00:00,23.18,05:00:00
2026-03-24 05:15:00,22.71,05:15:00
2026-03-24 05:30:00,22.66,05:30:00
2026-03-24 05:45:00,23.01,05:45:00
2026-03-24 06:00:00,21.74,06:00:00
2026-03-24 06:15:00,20.45,06:15:00
2026-03-24 06:30:00,19.65,06:30:00
2026-03-24 06:45:00,18.66,06:45:00
2026-03-24 07:00:00,16.95,07:00:00
2026-03-24 07:15:00,16.98,07:15:00
2026-03-24 07:30:00,17.37,07:30:00
2026-03-24 07:45:00,17.12,07:45:00
2026-03-24 08:00:00,16.6,08:00:00
2026-03-24 08:15:00,16.44,08:15:00
2026-03-24 08:30:00,16.17,08:30:00
2026-03-24 08:45:00,15.96,08:45:00
2026-03-24 09:00:00,15.52,09:00:00
2026-03-24 09:15:00,15.7,09:15:00
2026-03-24 09:30:00,15.62,09:30:00
2026-03-24 09:45:00,15.33,09:45:00
2026-03-24 10:00:00,15.29,10:00:00
2026-03-24 10:15:00,15.52,10:15:00
2026-03-24 10:30:00,15.74,10:30:00
2026-03-24 10:45:00,15.5,10:45:00
2026-03-24 11:00:00,15.33,11:00:00
2026-03-24 11:15:00,15.45,11:15:00
2026-03-24 11:30:00,15.36,11:30:00
2026-03-24 11:45:00,15.7,11:45:00
2026-03-24 12:00:00,16.51,12:00:00
2026-03-24 12:15:00,16.59,12:15:00
2026-03-24 12:30:00,16.51,12:30:00
2026-03-24 12:45:00,16.61,12:45:00
2026-03-24 13:00:00,16.73,13:00:00
2026-03-24 13:15:00,16.54,13:15:00
2026-03-24 13:30:00,16.45,13:30:00
2026-03-24 13:45:00,16.67,13:45:00
2026-03-24 14:00:00,16.59,14:00:00
2026-03-24 14:15:00,15.98,14:15:00
2026-03-24 14:30:00,16.12,14:30:00
2026-03-24 14:45:00,16.4,14:45:00
2026-03-24 15:00:00,16.66,15:00:00
2026-03-24 15:15:00,16.66,15:15:00
2026-03-24 15:30:00,16.9,15:30:00
2026-03-24 15:45:00,17.26,15:45:00
2026-03-24 16:00:00,17.83,16:00:00
2026-03-24 16:15:00,17.5,16:15:00
2026-03-24 16:30:00,17.69,16:30:00
2026-03-24 16:45:00,18.08,16:45:00
2026-03-24 17:00:00,18.3,17:00:00
2026-03-24 17:15:00,18.7,17:15:00
2026-03-24 17:30:00,18.96,17:30:00
2026-03-24 17:45:00,19.25,17:45:00
2026-03-24 18:00:00,18.74,18:00:00
2026-03-24 18:15:00,17.42,18:15:00
2026-03-24 18:30:00,16.57,18:30:00
2026-03-24 18:45:00,16.32,18:45:00
2026-03-24 19:00:00,16.17,19:00:00
2026-03-24 19:15:00,15.77,19:15:00
2026-03-24 19:30:00,15.77,19:30:00
2026-03-24 19:45:00,15.84,19:45:00
2026-03-24 20:00:00,15.87,20:00:00
2026-03-24 20:15:00,15.78,20:15:00
2026-03-24 20:30:00,15.86,20:30:00
2026-03-24 20:45:00,15.87,20:45:00
2026-03-24 21:00:00,15.68,21:00:00
2026-03-24 21:15:00,15.59,21:15:00
2026-03-24 21:30:00,15.63,21:30:00
2026-03-24 21:45:00,15.68,21:45:00
2026-03-24 22:00:00,15.52,22:00:00
2026-03-24 22:15:00,15.72,22:15:00
2026-03-24 22:30:00,15.93,22:30:00
2026-03-24 22:45:00,15.94,22:45:00
2026-03-24 23:00:00,16.1,23:00:00
2026-03-24 23:15:00,16.39,23:15:00
2026-03-24 23:30:00,16.66,23:30:00
2026-03-24 23:45:00,16.73,23:45:00
2026-03-25 00:00:00,16.76,00:00:00
2026-03-25 00:15:00,16.78,00:15:00
2026-03-25 00:30:00,16.83,00:30:00
2026-03-25 00:45:00,17.08,00:45:00
2026-03-25 01:00:00,17.93,01:00:00
2026-03-25 01:15:00,17.56,01:15:00
2026-03-25 01:30:00,17.61,01:30:00
2026-03-25 01:45:00,17.65,01:45:00
2026-03-25 02:00:00,17.72,02:00:00
2026-03-25 02:15:00,17.8,02:15:00
2026-03-25 02:30:00,17.57,02:30:00
2026-03-25 02:45:00,17.41,02:45:00
2026-03-25 03:00:00,17.65,03:00:00
2026-03-25 03:15:00,17.6,03:15:00
2026-03-25 03:30:00,17.23,03:30:00
2026-03-25 03:45:00,17.23,03:45:00
2026-03-25 04:00:00,17.85,04:00:00
2026-03-25 04:15:00,17.83,04:15:00
2026-03-25 04:30:00,17.4,04:30:00
2026-03-25 04:45:00,17.46,04:45:00
2026-03-25 05:00:00,16.38,05:00:00
2026-03-25 05:15:00,15.84,05:15:00
2026-03-25 05:30:00,15.75,05:30:00
2026-03-25 05:45:00,15.75,05:45:00
2026-03-25 06:00:00,15.67,06:00:00
2026-03-25 06:15:00,15.46,06:15:00
2026-03-25 06:30:00,15.41,06:30:00
2026-03-25 06:45:00,15.38,06:45:00
2026-03-25 07:00:00,15.0,07:00:00
2026-03-25 07:15:00,14.72,07:15:00
2026-03-25 07:30:00,14.69,07:30:00
2026-03-25 07:45:00,14.63,07:45:00
2026-03-25 08:00:00,14.53,08:00:00
2026-03-25 08:15:00,14.65,08:15:00
2026-03-25 08:30:00,15.02,08:30:00
2026-03-25 08:45:00,15.29,08:45:00
2026-03-25 09:00:00,15.86,09:00:00
2026-03-25 09:15:00,16.03,09:15:00
2026-03-25 09:30:00,16.13,09:30:00
2026-03-25 09:45:00,15.99,09:45:00
2026-03-25 10:00:00,15.79,10:00:00
2026-03-25 10:15:00,15.84,10:15:00
2026-03-25 10:30:00,15.88,10:30:00
2026-03-25 10:45:00,16.29,10:45:00
2026-03-25 11:00:00,16.11,11:00:00
2026-03-25 11:15:00,15.98,11:15:00
2026-03-25 11:30:00,15.96,11:30:00
2026-03-25 11:45:00,16.04,11:45:00
2026-03-25 12:00:00,16.14,12:00:00
2026-03-25 12:15:00,16.25,12:15:00
2026-03-25 12:30:00,16.38,12:30:00
2026-03-25 12:45:00,16.35,12:45:00
2026-03-25 13:00:00,16.35,13:00:00
2026-03-25 13:15:00,16.35,13:15:00
2026-03-25 13:30:00,16.24,13:30:00
2026-03-25 13:45:00,16.21,13:45:00
2026-03-25 14:00:00,16.28,14:00:00
2026-03-25 14:15:00,16.29,14:15:00
2026-03-25 14:30:00,16.29,14:30:00
2026-03-25 14:45:00,16.18,14:45:00
2026-03-25 15:00:00,15.69,15:00:00
2026-03-25 15:15:00,15.21,15:15:00
2026-03-25 15:30:00,15.11,15:30:00
2026-03-25 15:45:00,15.34,15:45:00
2026-03-25 16:00:00,15.48,16:00:00
2026-03-25 16:15:00,15.77,16:15:00
2026-03-25 16:30:00,16.22,16:30:00
2026-03-25 16:45:00,16.41,16:45:00
2026-03-25 17:00:00,16.84,17:00:00
2026-03-25 17:15:00,16.87,17:15:00
2026-03-25 17:30:00,17.33,17:30:00
2026-03-25 17:45:00,17.56,17:45:00
2026-03-25 18:00:00,18.39,18:00:00
2026-03-25 18:15:00,21.37,18:15:00
2026-03-25 18:30:00,22.3,18:30:00
2026-03-25 18:45:00,25.42,18:45:00
2026-03-25 19:00:00,26.97,19:00:00
2026-03-25 19:15:00,27.03,19:15:00
2026-03-25 19:30:00,26.16,19:30:00
2026-03-25 19:45:00,23.28,19:45:00
2026-03-25 20:00:00,23.07,20:00:00
2026-03-25 20:15:00,19.89,20:15:00
2026-03-25 20:30:00,17.49,20:30:00
2026-03-25 20:45:00,17.34,20:45:00
2026-03-25 21:00:00,17.12,21:00:00
2026-03-25 21:15:00,17.47,21:15:00
2026-03-25 21:30:00,17.5,21:30:00
2026-03-25 21:45:00,17.43,21:45:00
2026-03-25 22:00:00,17.35,22:00:00
2026-03-25 22:15:00,17.41,22:15:00
2026-03-25 22:30:00,17.62,22:30:00
2026-03-25 22:45:00,17.55,22:45:00
2026-03-25 23:00:00,17.77,23:00:00
2026-03-25 23:15:00,17.87,23:15:00
2026-03-25 23:30:00,17.87,23:30:00
2026-03-25 23:45:00,17.84,23:45:00
2026-03-26 00:00:00,18.15,00:00:00
2026-03-26 00:15:00,18.35,00:15:00
2026-03-26 00:30:00,18.55,00:30:00
2026-03-26 00:45:00,18.54,00:45:00
2026-03-26 01:00:00,18.54,01:00:00
2026-03-26 01:15:00,18.74,01:15:00
2026-03-26 01:30:00,19.01,01:30:00
2026-03-26 01:45:00,19.05,01:45:00
2026-03-26 02:00:00,19.0,02:00:00
2026-03-26 02:15:00,19.18,02:15:00
2026-03-26 02:30:00,19.22,02:30:00
2026-03-26 02:45:00,19.05,02:45:00
2026-03-26 03:00:00,19.25,03:00:00
2026-03-26 03:15:00,19.48,03:15:00
2026-03-26 03:30:00,19.38,03:30:00
2026-03-26 03:45:00,18.94,03:45:00
2026-03-26 04:00:00,19.01,04:00:00
2026-03-26 04:15:00,19.84,04:15:00
2026-03-26 04:30:00,23.93,04:30:00
2026-03-26 04:45:00,25.49,04:45:00
2026-03-26 05:00:00,25.6,05:00:00
2026-03-26 05:15:00,25.67,05:15:00
2026-03-26 05:30:00,26.1,05:30:00
2026-03-26 05:45:00,26.49,05:45:00
2026-03-26 06:00:00,26.87,06:00:00
2026-03-26 06:15:00,26.4,06:15:00
2026-03-26 06:30:00,26.09,06:30:00
2026-03-26 06:45:00,26.33,06:45:00
2026-03-26 07:00:00,27.89,07:00:00
2026-03-26 07:15:00,27.83,07:15:00
2026-03-26 07:30:00,27.16,07:30:00
2026-03-26 07:45:00,26.78,07:45:00
2026-03-26 08:00:00,25.97,08:00:00
2026-03-26 08:15:00,24.75,08:15:00
2026-03-26 08:30:00,23.31,08:30:00
2026-03-26 08:45:00,21.99,08:45:00
2026-03-26 09:00:00,21.08,09:00:00
2026-03-26 09:15:00,20.27,09:15:00
2026-03-26 09:30:00,20.34,09:30:00
2026-03-26 09:45:00,20.35,09:45:00
2026-03-26 10:00:00,20.3,10:00:00
2026-03-26 10:15:00,20.0,10:15:00
2026-03-26 10:30:00,20.0,10:30:00
2026-03-26 10:45:00,19.56,10:45:00
2026-03-26 11:00:00,18.22,11:00:00
2026-03-26 11:15:00,18.33,11:15:00
2026-03-26 11:30:00,18.26,11:30:00
2026-03-26 11:45:00,18.33,11:45:00
2026-03-26 12:00:00,15.74,12:00:00
2026-03-26 12:15:00,15.05,12:15:00
2026-03-26 12:30:00,15.15,12:30:00
2026-03-26 12:45:00,15.12,12:45:00
2026-03-26 13:00:00,15.08,13:00:00
2026-03-26 13:15:00,15.34,13:15:00
2026-03-26 13:30:00,15.52,13:30:00
2026-03-26 13:45:00,15.57,13:45:00
2026-03-26 14:00:00,15.49,14:00:00
2026-03-26 14:15:00,16.1,14:15:00
2026-03-26 14:30:00,16.24,14:30:00
2026-03-26 14:45:00,16.23,14:45:00
2026-03-26 15:00:00,16.4,15:00:00
2026-03-26 15:15:00,16.81,15:15:00
2026-03-26 15:30:00,17.49,15:30:00
2026-03-26 15:45:00,18.16,15:45:00
2026-03-26 16:00:00,19.08,16:00:00
2026-03-26 16:15:00,20.66,16:15:00
2026-03-26 16:30:00,21.9,16:30:00
2026-03-26 16:45:00,23.3,16:45:00
2026-03-26 17:00:00,25.17,17:00:00
2026-03-26 17:15:00,26.0,17:15:00
2026-03-26 17:30:00,27.71,17:30:00
2026-03-26 17:45:00,29.49,17:45:00
2026-03-26 18:00:00,30.28,18:00:00
2026-03-26 18:15:00,30.55,18:15:00
2026-03-26 18:30:00,30.96,18:30:00
2026-03-26 18:45:00,31.32,18:45:00
2026-03-26 19:00:00,31.43,19:00:00
2026-03-26 19:15:00,31.66,19:15:00
2026-03-26 19:30:00,31.9,19:30:00
2026-03-26 19:45:00,32.4,19:45:00
2026-03-26 20:00:00,32.41,20:00:00
2026-03-26 20:15:00,32.45,20:15:00
2026-03-26 20:30:00,32.71,20:30:00
2026-03-26 20:45:00,35.09,20:45:00
2026-03-26 21:00:00,36.83,21:00:00
2026-03-26 21:15:00,36.86,21:15:00
2026-03-26 21:30:00,36.61,21:30:00
2026-03-26 21:45:00,34.94,21:45:00
2026-03-26 22:00:00,30.13,22:00:00
2026-03-26 22:15:00,28.91,22:15:00
2026-03-26 22:30:00,28.49,22:30:00
2026-03-26 22:45:00,28.56,22:45:00
2026-03-26 23:00:00,27.29,23:00:00
2026-03-26 23:15:00,25.42,23:15:00
2026-03-26 23:30:00,24.45,23:30:00
2026-03-26 23:45:00,24.02,23:45:00
2026-03-27 00:00:00,24.55,00:00:00
2026-03-27 00:15:00,24.64,00:15:00
2026-03-27 00:30:00,24.35,00:30:00
2026-03-27 00:45:00,23.64,00:45:00
2026-03-27 01:00:00,23.46,01:00:00
2026-03-27 01:15:00,23.85,01:15:00
2026-03-27 01:30:00,23.7,01:30:00
2026-03-27 01:45:00,23.78,01:45:00
2026-03-27 02:00:00,24.23,02:00:00
2026-03-27 02:15:00,24.41,02:15:00
2026-03-27 02:30:00,24.18,02:30:00
2026-03-27 02:45:00,24.89,02:45:00
2026-03-27 03:00:00,25.14,03:00:00
2026-03-27 03:15:00,25.28,03:15:00
2026-03-27 03:30:00,25.38,03:30:00
2026-03-27 03:45:00,25.86,03:45:00
2026-03-27 04:00:00,26.91,04:00:00
2026-03-27 04:15:00,27.79,04:15:00
2026-03-27 04:30:00,29.61,04:30:00
2026-03-27 04:45:00,32.14,04:45:00
2026-03-27 05:00:00,34.02,05:00:00
2026-03-27 05:15:00,33.74,05:15:00
2026-03-27 05:30:00,34.5,05:30:00
2026-03-27 05:45:00,34.74,05:45:00
2026-03-27 06:00:00,34.27,06:00:00
2026-03-27 06:15:00,33.96,06:15:00
2026-03-27 06:30:00,33.73,06:30:00
2026-03-27 06:45:00,33.29,06:45:00
2026-03-27 07:00:00,31.99,07:00:00
2026-03-27 07:15:00,31.56,07:15:00
2026-03-27 07:30:00,30.43,07:30:00
2026-03-27 07:45:00,26.61,07:45:00
2026-03-27 08:00:00,22.28,08:00:00
2026-03-27 08:15:00,20.59,08:15:00
2026-03-27 08:30:00,20.9,08:30:00
2026-03-27 08:45:00,20.46,08:45:00
2026-03-27 09:00:00,20.4,09:00:00
2026-03-27 09:15:00,20.52,09:15:00
2026-03-27 09:30:00,19.82,09:30:00
2026-03-27 09:45:00,18.84,09:45:00
2026-03-27 10:00:00,18.69,10:00:00
2026-03-27 10:15:00,18.5,10:15:00
2026-03-27 10:30:00,18.31,10:30:00
2026-03-27 10:45:00,17.96,10:45:00
2026-03-27 11:00:00,17.29,11:00:00
2026-03-27 11:15:00,17.18,11:15:00
2026-03-27 11:30:00,17.07,11:30:00
2026-03-27 11:45:00,17.07,11:45:00
2026-03-27 12:00:00,16.98,12:00:00
2026-03-27 12:15:00,17.0,12:15:00
2026-03-27 12:30:00,16.98,12:30:00
2026-03-27 12:45:00,17.08,12:45:00
2026-03-27 13:00:00,17.08,13:00:00
2026-03-27 13:15:00,17.25,13:15:00
2026-03-27 13:30:00,17.3,13:30:00
2026-03-27 13:45:00,17.49,13:45:00
2026-03-27 14:00:00,17.53,14:00:00
2026-03-27 14:15:00,17.4,14:15:00
2026-03-27 14:30:00,17.46,14:30:00
2026-03-27 14:45:00,17.52,14:45:00
2026-03-27 15:00:00,16.62,15:00:00
2026-03-27 15:15:00,16.96,15:15:00
2026-03-27 15:30:00,17.11,15:30:00
2026-03-27 15:45:00,17.32,15:45:00
2026-03-27 16:00:00,17.93,16:00:00
2026-03-27 16:15:00,18.68,16:15:00
2026-03-27 16:30:00,19.93,16:30:00
2026-03-27 16:45:00,24.06,16:45:00
2026-03-27 17:00:00,31.3,17:00:00
2026-03-27 17:15:00,35.99,17:15:00
2026-03-27 17:30:00,37.01,17:30:00
2026-03-27 17:45:00,37.51,17:45:00
2026-03-27 18:00:00,38.66,18:00:00
2026-03-27 18:15:00,38.57,18:15:00
2026-03-27 18:30:00,39.03,18:30:00
2026-03-27 18:45:00,39.3,18:45:00
2026-03-27 19:00:00,39.46,19:00:00
2026-03-27 19:15:00,40.07,19:15:00
2026-03-27 19:30:00,37.18,19:30:00
2026-03-27 19:45:00,32.05,19:45:00
2026-03-27 20:00:00,28.94,20:00:00
2026-03-27 20:15:00,27.35,20:15:00
2026-03-27 20:30:00,25.99,20:30:00
2026-03-27 20:45:00,25.31,20:45:00
2026-03-27 21:00:00,26.25,21:00:00
2026-03-27 21:15:00,25.83,21:15:00
2026-03-27 21:30:00,27.65,21:30:00
2026-03-27 21:45:00,27.94,21:45:00
2026-03-27 22:00:00,26.53,22:00:00
2026-03-27 22:15:00,25.14,22:15:00
2026-03-27 22:30:00,25.63,22:30:00
2026-03-27 22:45:00,25.64,22:45:00
2026-03-27 23:00:00,24.64,23:00:00
2026-03-27 23:15:00,23.75,23:15:00
2026-03-27 23:30:00,23.17,23:30:00
2026-03-27 23:45:00,22.95,23:45:00
2026-03-28 00:00:00,23.14,00:00:00
2026-03-28 00:15:00,22.78,00:15:00
2026-03-28 00:30:00,22.28,00:30:00
2026-03-28 00:45:00,22.0,00:45:00
2026-03-28 01:00:00,21.91,01:00:00
2026-03-28 01:15:00,21.65,01:15:00
2026-03-28 01:30:00,20.26,01:30:00
2026-03-28 01:45:00,19.67,01:45:00
2026-03-28 02:00:00,19.53,02:00:00
2026-03-28 02:15:00,19.61,02:15:00
2026-03-28 02:30:00,19.93,02:30:00
2026-03-28 02:45:00,20.07,02:45:00
2026-03-28 03:00:00,19.76,03:00:00
2026-03-28 03:15:00,19.75,03:15:00
2026-03-28 03:30:00,19.79,03:30:00
2026-03-28 03:45:00,19.63,03:45:00
2026-03-28 04:00:00,19.17,04:00:00
2026-03-28 04:15:00,19.5,04:15:00
2026-03-28 04:30:00,19.56,04:30:00
2026-03-28 04:45:00,19.63,04:45:00
2026-03-28 05:00:00,19.43,05:00:00
2026-03-28 05:15:00,19.52,05:15:00
2026-03-28 05:30:00,19.18,05:30:00
2026-03-28 05:45:00,19.14,05:45:00
2026-03-28 06:00:00,19.06,06:00:00
2026-03-28 06:15:00,17.93,06:15:00
2026-03-28 06:30:00,17.38,06:30:00
2026-03-28 06:45:00,17.07,06:45:00
2026-03-28 07:00:00,17.17,07:00:00
2026-03-28 07:15:00,17.02,07:15:00
2026-03-28 07:30:00,16.6,07:30:00
2026-03-28 07:45:00,16.64,07:45:00
2026-03-28 08:00:00,16.78,08:00:00
2026-03-28 08:15:00,16.62,08:15:00
2026-03-28 08:30:00,16.15,08:30:00
2026-03-28 08:45:00,15.82,08:45:00
2026-03-28 09:00:00,16.16,09:00:00
2026-03-28 09:15:00,16.47,09:15:00
2026-03-28 09:30:00,16.5,09:30:00
2026-03-28 09:45:00,17.01,09:45:00
2026-03-28 10:00:00,17.2,10:00:00
2026-03-28 10:15:00,16.94,10:15:00
2026-03-28 10:30:00,16.71,10:30:00
2026-03-28 10:45:00,17.15,10:45:00
2026-03-28 11:00:00,17.33,11:00:00
2026-03-28 11:15:00,16.86,11:15:00
2026-03-28 11:30:00,16.92,11:30:00
2026-03-28 11:45:00,17.14,11:45:00
2026-03-28 12:00:00,17.25,12:00:00
2026-03-28 12:15:00,17.04,12:15:00
2026-03-28 12:30:00,17.23,12:30:00
2026-03-28 12:45:00,17.35,12:45:00
2026-03-28 13:00:00,17.66,13:00:00
2026-03-28 13:15:00,17.4,13:15:00
2026-03-28 13:30:00,17.74,13:30:00
2026-03-28 13:45:00,18.09,13:45:00
2026-03-28 14:00:00,18.11,14:00:00
2026-03-28 14:15:00,17.44,14:15:00
2026-03-28 14:30:00,17.29,14:30:00
2026-03-28 14:45:00,17.23,14:45:00
2026-03-28 15:00:00,16.92,15:00:00
2026-03-28 15:15:00,16.91,15:15:00
2026-03-28 15:30:00,16.88,15:30:00
2026-03-28 15:45:00,17.06,15:45:00
2026-03-28 16:00:00,16.83,16:00:00
2026-03-28 16:15:00,16.94,16:15:00
2026-03-28 16:30:00,17.14,16:30:00
2026-03-28 16:45:00,21.78,16:45:00
2026-03-28 17:00:00,25.84,17:00:00
2026-03-28 17:15:00,26.37,17:15:00
2026-03-28 17:30:00,26.52,17:30:00
2026-03-28 17:45:00,26.79,17:45:00
2026-03-28 18:00:00,26.72,18:00:00
2026-03-28 18:15:00,26.84,18:15:00
2026-03-28 18:30:00,26.78,18:30:00
2026-03-28 18:45:00,26.62,18:45:00
2026-03-28 19:00:00,26.81,19:00:00
2026-03-28 19:15:00,26.22,19:15:00
2026-03-28 19:30:00,24.44,19:30:00
2026-03-28 19:45:00,23.71,19:45:00
2026-03-28 20:00:00,23.46,20:00:00
2026-03-28 20:15:00,23.02,20:15:00
2026-03-28 20:30:00,20.58,20:30:00
2026-03-28 20:45:00,19.94,20:45:00
2026-03-28 21:00:00,19.86,21:00:00
2026-03-28 21:15:00,19.33,21:15:00
2026-03-28 21:30:00,18.43,21:30:00
2026-03-28 21:45:00,17.94,21:45:00
2026-03-28 22:00:00,18.18,22:00:00
2026-03-28 22:15:00,18.07,22:15:00
2026-03-28 22:30:00,18.34,22:30:00
2026-03-28 22:45:00,18.88,22:45:00
2026-03-28 23:00:00,18.81,23:00:00
2026-03-28 23:15:00,18.82,23:15:00
2026-03-28 23:30:00,19.04,23:30:00
2026-03-28 23:45:00,19.35,23:45:00
2026-03-29 00:00:00,19.26,00:00:00
2026-03-29 00:15:00,19.27,00:15:00
2026-03-29 00:30:00,19.49,00:30:00
2026-03-29 00:45:00,19.62,00:45:00
2026-03-29 01:00:00,19.4,01:00:00
2026-03-29 01:15:00,19.65,01:15:00
2026-03-29 01:30:00,19.63,01:30:00
2026-03-29 01:45:00,20.09,01:45:00
2026-03-29 02:00:00,19.95,02:00:00
2026-03-29 02:15:00,19.99,02:15:00
2026-03-29 02:30:00,20.66,02:30:00
2026-03-29 02:45:00,20.98,02:45:00
2026-03-29 03:00:00,20.74,03:00:00
2026-03-29 03:15:00,20.65,03:15:00
2026-03-29 03:30:00,21.01,03:30:00
2026-03-29 03:45:00,20.94,03:45:00
2026-03-29 04:00:00,20.49,04:00:00
2026-03-29 04:15:00,20.62,04:15:00
2026-03-29 04:30:00,20.93,04:30:00
2026-03-29 04:45:00,20.75,04:45:00
2026-03-29 05:00:00,20.91,05:00:00
2026-03-29 05:15:00,21.05,05:15:00
2026-03-29 05:30:00,21.16,05:30:00
2026-03-29 05:45:00,21.28,05:45:00
2026-03-29 06:00:00,21.86,06:00:00
2026-03-29 06:15:00,19.72,06:15:00
2026-03-29 06:30:00,18.95,06:30:00
2026-03-29 06:45:00,18.53,06:45:00
2026-03-29 07:00:00,18.2,07:00:00
2026-03-29 07:15:00,18.49,07:15:00
2026-03-29 07:30:00,17.87,07:30:00
2026-03-29 07:45:00,17.46,07:45:00
2026-03-29 08:00:00,17.17,08:00:00
2026-03-29 08:15:00,17.1,08:15:00
2026-03-29 08:30:00,16.89,08:30:00
2026-03-29 08:45:00,16.62,08:45:00
2026-03-29 09:00:00,16.54,09:00:00
2026-03-29 09:15:00,16.49,09:15:00
2026-03-29 09:30:00,16.43,09:30:00
2026-03-29 09:45:00,16.66,09:45:00
2026-03-29 10:00:00,17.01,10:00:00
2026-03-29 10:15:00,17.25,10:15:00
2026-03-29 10:30:00,18.1,10:30:00
2026-03-29 10:45:00,18.69,10:45:00
2026-03-29 11:00:00,18.78,11:00:00
2026-03-29 11:15:00,18.72,11:15:00
2026-03-29 11:30:00,19.11,11:30:00
2026-03-29 11:45:00,19.14,11:45:00
2026-03-29 12:00:00,19.16,12:00:00
2026-03-29 12:15:00,19.27,12:15:00
2026-03-29 12:30:00,19.38,12:30:00
2026-03-29 12:45:00,19.41,12:45:00
2026-03-29 13:00:00,18.96,13:00:00
2026-03-29 13:15:00,19.2,13:15:00
2026-03-29 13:30:00,18.76,13:30:00
2026-03-29 13:45:00,19.05,13:45:00
2026-03-29 14:00:00,18.96,14:00:00
2026-03-29 14:15:00,18.83,14:15:00
2026-03-29 14:30:00,19.18,14:30:00
2026-03-29 14:45:00,19.24,14:45:00
2026-03-29 15:00:00,19.19,15:00:00
2026-03-29 15:15:00,18.84,15:15:00
2026-03-29 15:30:00,18.43,15:30:00
2026-03-29 15:45:00,17.93,15:45:00
2026-03-29 16:00:00,18.25,16:00:00
2026-03-29 16:15:00,19.0,16:15:00
2026-03-29 16:30:00,23.76,16:30:00
2026-03-29 16:45:00,27.68,16:45:00
2026-03-29 17:00:00,27.07,17:00:00
2026-03-29 17:15:00,27.49,17:15:00
2026-03-29 17:30:00,27.12,17:30:00
2026-03-29 17:45:00,27.48,17:45:00
2026-03-29 18:00:00,26.93,18:00:00
2026-03-29 18:15:00,24.61,18:15:00
2026-03-29 18:30:00,23.87,18:30:00
2026-03-29 18:45:00,23.43,18:45:00
2026-03-29 19:00:00,20.56,19:00:00
2026-03-29 19:15:00,19.79,19:15:00
2026-03-29 19:30:00,18.42,19:30:00
2026-03-29 19:45:00,18.13,19:45:00
2026-03-29 20:00:00,18.01,20:00:00
2026-03-29 20:15:00,18.23,20:15:00
2026-03-29 20:30:00,18.01,20:30:00
2026-03-29 20:45:00,18.18,20:45:00
2026-03-29 21:00:00,18.23,21:00:00
2026-03-29 21:15:00,18.55,21:15:00
2026-03-29 21:30:00,18.82,21:30:00
2026-03-29 21:45:00,19.09,21:45:00
2026-03-29 22:00:00,19.35,22:00:00
2026-03-29 22:15:00,19.04,22:15:00
2026-03-29 22:30:00,19.49,22:30:00
2026-03-29 22:45:00,19.76,22:45:00
2026-03-29 23:00:00,19.4,23:00:00
2026-03-29 23:15:00,19.37,23:15:00
2026-03-29 23:30:00,19.84,23:30:00
2026-03-29 23:45:00,20.18,23:45:00
2026-03-30 00:00:00,20.09,00:00:00
2026-03-30 00:15:00,20.16,00:15:00
2026-03-30 00:30:00,19.96,00:30:00
2026-03-30 00:45:00,19.66,00:45:00
2026-03-30 01:00:00,19.0,01:00:00
2026-03-30 01:15:00,18.8,01:15:00
2026-03-30 01:30:00,18.59,01:30:00
2026-03-30 01:45:00,18.22,01:45:00
2026-03-30 02:00:00,18.03,02:00:00
2026-03-30 02:15:00,18.17,02:15:00
2026-03-30 02:30:00,18.53,02:30:00
2026-03-30 02:45:00,18.8,02:45:00
2026-03-30 03:00:00,18.8,03:00:00
2026-03-30 03:15:00,19.39,03:15:00
2026-03-30 03:30:00,18.83,03:30:00
2026-03-30 03:45:00,18.96,03:45:00
2026-03-30 04:00:00,19.1,04:00:00
2026-03-30 04:15:00,19.34,04:15:00
2026-03-30 04:30:00,19.04,04:30:00
2026-03-30 04:45:00,18.76,04:45:00
2026-03-30 05:00:00,18.4,05:00:00
2026-03-30 05:15:00,17.96,05:15:00
2026-03-30 05:30:00,17.77,05:30:00
2026-03-30 05:45:00,17.68,05:45:00
2026-03-30 06:00:00,17.89,06:00:00
2026-03-30 06:15:00,16.95,06:15:00
2026-03-30 06:30:00,16.58,06:30:00
2026-03-30 06:45:00,16.45,06:45:00
2026-03-30 07:00:00,16.46,07:00:00
2026-03-30 07:15:00,16.29,07:15:00
2026-03-30 07:30:00,16.03,07:30:00
2026-03-30 07:45:00,15.92,07:45:00
2026-03-30 08:00:00,15.51,08:00:00
2026-03-30 08:15:00,15.44,08:15:00
2026-03-30 08:30:00,15.2,08:30:00
2026-03-30 08:45:00,15.14,08:45:00
2026-03-30 09:00:00,15.07,09:00:00
2026-03-30 09:15:00,14.98,09:15:00
2026-03-30 09:30:00,14.64,09:30:00
2026-03-30 09:45:00,14.54,09:45:00
2026-03-30 10:00:00,14.92,10:00:00
2026-03-30 10:15:00,15.0,10:15:00
2026-03-30 10:30:00,14.8,10:30:00
2026-03-30 10:45:00,14.95,10:45:00
2026-03-30 11:00:00,14.75,11:00:00
2026-03-30 11:15:00,14.75,11:15:00
2026-03-30 11:30:00,14.99,11:30:00
2026-03-30 11:45:00,15.05,11:45:00
2026-03-30 12:00:00,14.97,12:00:00
2026-03-30 12:15:00,15.22,12:15:00
2026-03-30 12:30:00,15.32,12:30:00
2026-03-30 12:45:00,15.5,12:45:00
2026-03-30 13:00:00,15.44,13:00:00
2026-03-30 13:15:00,15.44,13:15:00
2026-03-30 13:30:00,15.37,13:30:00
2026-03-30 13:45:00,15.34,13:45:00
2026-03-30 14:00:00,15.34,14:00:00
2026-03-30 14:15:00,15.72,14:15:00
2026-03-30 14:30:00,15.68,14:30:00
2026-03-30 14:45:00,15.78,14:45:00
2026-03-30 15:00:00,15.82,15:00:00
2026-03-30 15:15:00,15.87,15:15:00
2026-03-30 15:30:00,15.66,15:30:00
2026-03-30 15:45:00,15.68,15:45:00
2026-03-30 16:00:00,15.48,16:00:00
2026-03-30 16:15:00,16.28,16:15:00
2026-03-30 16:30:00,16.29,16:30:00
2026-03-30 16:45:00,17.67,16:45:00
2026-03-30 17:00:00,19.96,17:00:00
2026-03-30 17:15:00,21.17,17:15:00
2026-03-30 17:30:00,21.77,17:30:00
2026-03-30 17:45:00,21.96,17:45:00
2026-03-30 18:00:00,22.35,18:00:00
2026-03-30 18:15:00,22.52,18:15:00
2026-03-30 18:30:00,22.47,18:30:00
2026-03-30 18:45:00,20.96,18:45:00
2026-03-30 19:00:00,19.58,19:00:00
2026-03-30 19:15:00,19.39,19:15:00
2026-03-30 19:30:00,19.09,19:30:00
2026-03-30 19:45:00,19.21,19:45:00
2026-03-30 20:00:00,19.37,20:00:00
2026-03-30 20:15:00,18.57,20:15:00
2026-03-30 20:30:00,17.24,20:30:00
2026-03-30 20:45:00,17.87,20:45:00
2026-03-30 21:00:00,18.18,21:00:00
2026-03-30 21:15:00,18.16,21:15:00
2026-03-30 21:30:00,18.37,21:30:00
2026-03-30 21:45:00,18.69,21:45:00
2026-03-30 22:00:00,18.99,22:00:00
2026-03-30 22:15:00,18.14,22:15:00
2026-03-30 22:30:00,18.51,22:30:00
2026-03-30 22:45:00,18.86,22:45:00
2026-03-30 23:00:00,18.29,23:00:00
2026-03-30 23:15:00,18.39,23:15:00
2026-03-30 23:30:00,18.34,23:30:00
2026-03-30 23:45:00,18.51,23:45:00
2026-03-31 00:00:00,18.49,00:00:00
2026-03-31 00:15:00,18.33,00:15:00
2026-03-31 00:30:00,18.63,00:30:00
2026-03-31 00:45:00,18.96,00:45:00
2026-03-31 01:00:00,19.09,01:00:00
2026-03-31 01:15:00,19.05,01:15:00
2026-03-31 01:30:00,19.19,01:30:00
2026-03-31 01:45:00,19.18,01:45:00
2026-03-31 02:00:00,19.16,02:00:00
2026-03-31 02:15:00,19.16,02:15:00
2026-03-31 02:30:00,19.45,02:30:00
2026-03-31 02:45:00,20.13,02:45:00
2026-03-31 03:00:00,20.8,03:00:00
2026-03-31 03:15:00,21.5,03:15:00
2026-03-31 03:30:00,22.16,03:30:00
2026-03-31 03:45:00,22.25,03:45:00
2026-03-31 04:00:00,22.71,04:00:00
2026-03-31 04:15:00,23.72,04:15:00
2026-03-31 04:30:00,24.83,04:30:00
2026-03-31 04:45:00,25.9,04:45:00
2026-03-31 05:00:00,26.76,05:00:00
2026-03-31 05:15:00,27.96,05:15:00
2026-03-31 05:30:00,29.15,05:30:00
2026-03-31 05:45:00,30.37,05:45:00
2026-03-31 06:00:00,31.18,06:00:00
2026-03-31 06:15:00,32.23,06:15:00
2026-03-31 06:30:00,32.53,06:30:00
2026-03-31 06:45:00,32.62,06:45:00
2026-03-31 07:00:00,35.89,07:00:00
2026-03-31 07:15:00,37.55,07:15:00
2026-03-31 07:30:00,37.06,07:30:00
2026-03-31 07:45:00,36.28,07:45:00
2026-03-31 08:00:00,35.38,08:00:00
2026-03-31 08:15:00,34.73,08:15:00
2026-03-31 08:30:00,33.68,08:30:00
2026-03-31 08:45:00,29.79,08:45:00
2026-03-31 09:00:00,28.13,09:00:00
2026-03-31 09:15:00,25.48,09:15:00
2026-03-31 09:30:00,24.26,09:30:00
2026-03-31 09:45:00,23.86,09:45:00
2026-03-31 10:00:00,24.52,10:00:00
2026-03-31 10:15:00,25.6,10:15:00
2026-03-31 10:30:00,26.14,10:30:00
2026-03-31 10:45:00,26.28,10:45:00
2026-03-31 11:00:00,26.78,11:00:00
2026-03-31 11:15:00,25.88,11:15:00
2026-03-31 11:30:00,24.11,11:30:00
2026-03-31 11:45:00,24.07,11:45:00
2026-03-31 12:00:00,23.26,12:00:00
2026-03-31 12:15:00,23.36,12:15:00
2026-03-31 12:30:00,23.51,12:30:00
2026-03-31 12:45:00,22.44,12:45:00
2026-03-31 13:00:00,22.22,13:00:00
2026-03-31 13:15:00,22.39,13:15:00
2026-03-31 13:30:00,22.81,13:30:00
2026-03-31 13:45:00,23.03,13:45:00
2026-03-31 14:00:00,23.3,14:00:00
2026-03-31 14:15:00,24.47,14:15:00
2026-03-31 14:30:00,24.54,14:30:00
2026-03-31 14:45:00,24.44,14:45:00
2026-03-31 15:00:00,24.5,15:00:00
2026-03-31 15:15:00,25.57,15:15:00
2026-03-31 15:30:00,25.61,15:30:00
2026-03-31 15:45:00,26.47,15:45:00
2026-03-31 16:00:00,26.96,16:00:00
2026-03-31 16:15:00,28.12,16:15:00
2026-03-31 16:30:00,29.88,16:30:00
2026-03-31 16:45:00,30.99,16:45:00
2026-03-31 17:00:00,31.76,17:00:00
2026-03-31 17:15:00,33.52,17:15:00
2026-03-31 17:30:00,34.91,17:30:00
2026-03-31 17:45:00,35.24,17:45:00
2026-03-31 18:00:00,35.54,18:00:00
2026-03-31 18:15:00,35.4,18:15:00
2026-03-31 18:30:00,36.01,18:30:00
2026-03-31 18:45:00,37.7,18:45:00
2026-03-31 19:00:00,37.89,19:00:00
2026-03-31 19:15:00,37.45,19:15:00
2026-03-31 19:30:00,37.55,19:30:00
2026-03-31 19:45:00,37.82,19:45:00
2026-03-31 20:00:00,38.02,20:00:00
2026-03-31 20:15:00,38.04,20:15:00
2026-03-31 20:30:00,38.13,20:30:00
2026-03-31 20:45:00,37.95,20:45:00
2026-03-31 21:00:00,32.73,21:00:00
2026-03-31 21:15:00,30.23,21:15:00
2026-03-31 21:30:00,30.41,21:30:00
2026-03-31 21:45:00,30.55,21:45:00
2026-03-31 22:00:00,29.29,22:00:00
2026-03-31 22:15:00,26.58,22:15:00
2026-03-31 22:30:00,28.05,22:30:00
2026-03-31 22:45:00,26.91,22:45:00
2026-03-31 23:00:00,27.17,23:00:00
2026-03-31 23:15:00,27.45,23:15:00
2026-03-31 23:30:00,25.5,23:30:00
2026-03-31 23:45:00,23.09,23:45:00
2026-04-01 00:00:00,18.08,00:00:00
2026-04-01 00:15:00,17.36,00:15:00
2026-04-01 00:30:00,16.81,00:30:00
2026-04-01 00:45:00,16.76,00:45:00
2026-04-01 01:00:00,16.36,01:00:00
2026-04-01 01:15:00,15.81,01:15:00
2026-04-01 01:30:00,15.84,01:30:00
2026-04-01 01:45:00,16.6,01:45:00
2026-04-01 02:00:00,16.77,02:00:00
2026-04-01 02:15:00,16.99,02:15:00
2026-04-01 02:30:00,17.04,02:30:00
2026-04-01 02:45:00,16.98,02:45:00
2026-04-01 03:00:00,17.01,03:00:00
2026-04-01 03:15:00,17.38,03:15:00
2026-04-01 03:30:00,17.42,03:30:00
2026-04-01 03:45:00,17.51,03:45:00
2026-04-01 04:00:00,17.66,04:00:00
2026-04-01 04:15:00,19.2,04:15:00
2026-04-01 04:30:00,23.43,04:30:00
2026-04-01 04:45:00,27.51,04:45:00
2026-04-01 05:00:00,31.82,05:00:00
2026-04-01 05:15:00,33.87,05:15:00
2026-04-01 05:30:00,34.73,05:30:00
2026-04-01 05:45:00,35.94,05:45:00
2026-04-01 06:00:00,36.61,06:00:00
2026-04-01 06:15:00,36.01,06:15:00
2026-04-01 06:30:00,35.65,06:30:00
2026-04-01 06:45:00,35.24,06:45:00
2026-04-01 07:00:00,35.19,07:00:00
2026-04-01 07:15:00,34.9,07:15:00
2026-04-01 07:30:00,34.62,07:30:00
2026-04-01 07:45:00,34.43,07:45:00
2026-04-01 08:00:00,33.86,08:00:00
2026-04-01 08:15:00,32.0,08:15:00
2026-04-01 08:30:00,29.93,08:30:00
2026-04-01 08:45:00,26.81,08:45:00
2026-04-01 09:00:00,24.81,09:00:00
2026-04-01 09:15:00,20.64,09:15:00
2026-04-01 09:30:00,18.32,09:30:00
2026-04-01 09:45:00,18.76,09:45:00
2026-04-01 10:00:00,19.27,10:00:00
2026-04-01 10:15:00,18.76,10:15:00
2026-04-01 10:30:00,18.76,10:30:00
2026-04-01 10:45:00,17.8,10:45:00
2026-04-01 11:00:00,17.6,11:00:00
2026-04-01 11:15:00,17.79,11:15:00
2026-04-01 11:30:00,16.51,11:30:00
2026-04-01 11:45:00,15.17,11:45:00
2026-04-01 12:00:00,14.93,12:00:00
2026-04-01 12:15:00,15.65,12:15:00
2026-04-01 12:30:00,16.27,12:30:00
2026-04-01 12:45:00,15.3,12:45:00
2026-04-01 13:00:00,15.28,13:00:00
2026-04-01 13:15:00,16.13,13:15:00
2026-04-01 13:30:00,14.88,13:30:00
2026-04-01 13:45:00,14.82,13:45:00
2026-04-01 14:00:00,14.73,14:00:00
2026-04-01 14:15:00,14.96,14:15:00
2026-04-01 14:30:00,15.61,14:30:00
2026-04-01 14:45:00,15.7,14:45:00
2026-04-01 15:00:00,15.83,15:00:00
2026-04-01 15:15:00,15.81,15:15:00
2026-04-01 15:30:00,16.63,15:30:00
2026-04-01 15:45:00,19.62,15:45:00
2026-04-01 16:00:00,23.72,16:00:00
2026-04-01 16:15:00,28.91,16:15:00
2026-04-01 16:30:00,31.24,16:30:00
2026-04-01 16:45:00,32.41,16:45:00
2026-04-01 17:00:00,33.8,17:00:00
2026-04-01 17:15:00,35.27,17:15:00
2026-04-01 17:30:00,36.36,17:30:00
2026-04-01 17:45:00,37.44,17:45:00
2026-04-01 18:00:00,36.91,18:00:00
2026-04-01 18:15:00,36.59,18:15:00
2026-04-01 18:30:00,36.86,18:30:00
2026-04-01 18:45:00,37.24,18:45:00
2026-04-01 19:00:00,37.61,19:00:00
2026-04-01 19:15:00,38.45,19:15:00
2026-04-01 19:30:00,39.19,19:30:00
2026-04-01 19:45:00,38.89,19:45:00
2026-04-01 20:00:00,38.72,20:00:00
2026-04-01 20:15:00,38.31,20:15:00
2026-04-01 20:30:00,38.5,20:30:00
2026-04-01 20:45:00,38.59,20:45:00
2026-04-01 21:00:00,38.04,21:00:00
2026-04-01 21:15:00,36.96,21:15:00
2026-04-01 21:30:00,35.88,21:30:00
2026-04-01 21:45:00,36.05,21:45:00
2026-04-01 22:00:00,35.24,22:00:00
2026-04-01 22:15:00,34.79,22:15:00
2026-04-01 22:30:00,32.53,22:30:00
2026-04-01 22:45:00,29.16,22:45:00
2026-04-01 23:00:00,26.78,23:00:00
2026-04-01 23:15:00,24.83,23:15:00
2026-04-01 23:30:00,24.42,23:30:00
2026-04-01 23:45:00,24.33,23:45:00
2026-04-02 00:00:00,23.24,00:00:00
2026-04-02 00:15:00,23.13,00:15:00
2026-04-02 00:30:00,23.16,00:30:00
2026-04-02 00:45:00,22.76,00:45:00
2026-04-02 01:00:00,23.13,01:00:00
2026-04-02 01:15:00,23.54,01:15:00
2026-04-02 01:30:00,23.43,01:30:00
2026-04-02 01:45:00,23.25,01:45:00
2026-04-02 02:00:00,23.31,02:00:00
2026-04-02 02:15:00,23.51,02:15:00
2026-04-02 02:30:00,23.64,02:30:00
2026-04-02 02:45:00,23.71,02:45:00
2026-04-02 03:00:00,23.61,03:00:00
2026-04-02 03:15:00,23.54,03:15:00
2026-04-02 03:30:00,24.16,03:30:00
2026-04-02 03:45:00,25.75,03:45:00
2026-04-02 04:00:00,27.14,04:00:00
2026-04-02 04:15:00,30.07,04:15:00
2026-04-02 04:30:00,34.29,04:30:00
2026-04-02 04:45:00,36.78,04:45:00
2026-04-02 05:00:00,37.58,05:00:00
2026-04-02 05:15:00,38.48,05:15:00
2026-04-02 05:30:00,39.3,05:30:00
2026-04-02 05:45:00,39.09,05:45:00
2026-04-02 06:00:00,40.23,06:00:00
2026-04-02 06:15:00,39.67,06:15:00
2026-04-02 06:30:00,39.93,06:30:00
2026-04-02 06:45:00,39.61,06:45:00
2026-04-02 07:00:00,38.13,07:00:00
2026-04-02 07:15:00,37.27,07:15:00
2026-04-02 07:30:00,34.25,07:30:00
2026-04-02 07:45:00,30.87,07:45:00
2026-04-02 08:00:00,26.19,08:00:00
2026-04-02 08:15:00,20.12,08:15:00
2026-04-02 08:30:00,17.81,08:30:00
2026-04-02 08:45:00,15.52,08:45:00
2026-04-02 09:00:00,15.22,09:00:00
2026-04-02 09:15:00,14.97,09:15:00
2026-04-02 09:30:00,14.35,09:30:00
2026-04-02 09:45:00,14.52,09:45:00
2026-04-02 10:00:00,14.39,10:00:00
2026-04-02 10:15:00,13.96,10:15:00
2026-04-02 10:30:00,13.03,10:30:00
2026-04-02 10:45:00,12.98,10:45:00
2026-04-02 11:00:00,13.03,11:00:00
2026-04-02 11:15:00,13.09,11:15:00
2026-04-02 11:30:00,13.0,11:30:00
2026-04-02 11:45:00,13.08,11:45:00
2026-04-02 12:00:00,13.18,12:00:00
2026-04-02 12:15:00,13.83,12:15:00
2026-04-02 12:30:00,14.58,12:30:00
2026-04-02 12:45:00,14.38,12:45:00
2026-04-02 13:00:00,14.44,13:00:00
2026-04-02 13:15:00,14.18,13:15:00
2026-04-02 13:30:00,12.74,13:30:00
2026-04-02 13:45:00,12.38,13:45:00
2026-04-02 14:00:00,13.05,14:00:00
2026-04-02 14:15:00,13.38,14:15:00
2026-04-02 14:30:00,13.64,14:30:00
2026-04-02 14:45:00,13.84,14:45:00
2026-04-02 15:00:00,13.93,15:00:00
2026-04-02 15:15:00,14.86,15:15:00
2026-04-02 15:30:00,16.19,15:30:00
2026-04-02 15:45:00,16.79,15:45:00
2026-04-02 16:00:00,17.29,16:00:00
2026-04-02 16:15:00,18.09,16:15:00
2026-04-02 16:30:00,21.03,16:30:00
2026-04-02 16:45:00,24.97,16:45:00
2026-04-02 17:00:00,27.62,17:00:00
2026-04-02 17:15:00,29.08,17:15:00
2026-04-02 17:30:00,30.86,17:30:00
2026-04-02 17:45:00,32.01,17:45:00
2026-04-02 18:00:00,33.76,18:00:00
2026-04-02 18:15:00,34.3,18:15:00
2026-04-02 18:30:00,34.46,18:30:00
2026-04-02 18:45:00,34.42,18:45:00
2026-04-02 19:00:00,34.39,19:00:00
2026-04-02 19:15:00,34.24,19:15:00
2026-04-02 19:30:00,33.99,19:30:00
2026-04-02 19:45:00,33.05,19:45:00
2026-04-02 20:00:00,32.71,20:00:00
2026-04-02 20:15:00,32.59,20:15:00
2026-04-02 20:30:00,32.86,20:30:00
2026-04-02 20:45:00,32.53,20:45:00
2026-04-02 21:00:00,31.12,21:00:00
2026-04-02 21:15:00,30.3,21:15:00
2026-04-02 21:30:00,29.61,21:30:00
2026-04-02 21:45:00,28.09,21:45:00
2026-04-02 22:00:00,28.98,22:00:00
2026-04-02 22:15:00,30.39,22:15:00
2026-04-02 22:30:00,28.59,22:30:00
2026-04-02 22:45:00,26.05,22:45:00
2026-04-02 23:00:00,26.85,23:00:00
2026-04-02 23:15:00,25.93,23:15:00
2026-04-02 23:30:00,23.38,23:30:00
2026-04-02 23:45:00,21.8,23:45:00
2026-04-03 00:00:00,21.21,00:00:00
2026-04-03 00:15:00,21.63,00:15:00
2026-04-03 00:30:00,21.55,00:30:00
2026-04-03 00:45:00,20.45,00:45:00
2026-04-03 01:00:00,19.83,01:00:00
2026-04-03 01:15:00,19.61,01:15:00
2026-04-03 01:30:00,19.78,01:30:00
2026-04-03 01:45:00,19.79,01:45:00
2026-04-03 02:00:00,19.92,02:00:00
2026-04-03 02:15:00,19.66,02:15:00
2026-04-03 02:30:00,18.95,02:30:00
2026-04-03 02:45:00,17.37,02:45:00
2026-04-03 03:00:00,17.48,03:00:00
2026-04-03 03:15:00,17.1,03:15:00
2026-04-03 03:30:00,17.0,03:30:00
2026-04-03 03:45:00,17.09,03:45:00
2026-04-03 04:00:00,18.89,04:00:00
2026-04-03 04:15:00,19.25,04:15:00
2026-04-03 04:30:00,20.93,04:30:00
2026-04-03 04:45:00,22.25,04:45:00
2026-04-03 05:00:00,23.01,05:00:00
2026-04-03 05:15:00,22.48,05:15:00
2026-04-03 05:30:00,22.65,05:30:00
2026-04-03 05:45:00,22.81,05:45:00
2026-04-03 06:00:00,22.89,06:00:00
2026-04-03 06:15:00,22.22,06:15:00
2026-04-03 06:30:00,23.28,06:30:00
2026-04-03 06:45:00,23.03,06:45:00
2026-04-03 07:00:00,18.5,07:00:00
2026-04-03 07:15:00,17.06,07:15:00
2026-04-03 07:30:00,16.45,07:30:00
2026-04-03 07:45:00,16.47,07:45:00
2026-04-03 08:00:00,16.46,08:00:00
2026-04-03 08:15:00,16.69,08:15:00
2026-04-03 08:30:00,15.15,08:30:00
2026-04-03 08:45:00,14.76,08:45:00
2026-04-03 09:00:00,14.22,09:00:00
2026-04-03 09:15:00,14.2,09:15:00
2026-04-03 09:30:00,12.91,09:30:00
2026-04-03 09:45:00,11.5,09:45:00
2026-04-03 10:00:00,10.61,10:00:00
2026-04-03 10:15:00,10.46,10:15:00
2026-04-03 10:30:00,10.39,10:30:00
2026-04-03 10:45:00,10.32,10:45:00
2026-04-03 11:00:00,10.43,11:00:00
2026-04-03 11:15:00,10.64,11:15:00
2026-04-03 11:30:00,10.78,11:30:00
2026-04-03 11:45:00,10.88,11:45:00
2026-04-03 12:00:00,11.1,12:00:00
2026-04-03 12:15:00,11.04,12:15:00
2026-04-03 12:30:00,10.79,12:30:00
2026-04-03 12:45:00,10.95,12:45:00
2026-04-03 13:00:00,11.24,13:00:00
2026-04-03 13:15:00,11.33,13:15:00
2026-04-03 13:30:00,10.8,13:30:00
2026-04-03 13:45:00,10.98,13:45:00
2026-04-03 14:00:00,11.44,14:00:00
2026-04-03 14:15:00,11.19,14:15:00
2026-04-03 14:30:00,11.13,14:30:00
2026-04-03 14:45:00,11.33,14:45:00
2026-04-03 15:00:00,11.52,15:00:00
2026-04-03 15:15:00,11.53,15:15:00
2026-04-03 15:30:00,12.34,15:30:00
2026-04-03 15:45:00,12.56,15:45:00
2026-04-03 16:00:00,12.52,16:00:00
2026-04-03 16:15:00,12.42,16:15:00
2026-04-03 16:30:00,12.75,16:30:00
2026-04-03 16:45:00,12.71,16:45:00
2026-04-03 17:00:00,12.96,17:00:00
2026-04-03 17:15:00,12.99,17:15:00
2026-04-03 17:30:00,13.23,17:30:00
2026-04-03 17:45:00,13.67,17:45:00
2026-04-03 18:00:00,13.51,18:00:00
2026-04-03 18:15:00,13.16,18:15:00
2026-04-03 18:30:00,13.08,18:30:00
2026-04-03 18:45:00,13.01,18:45:00
2026-04-03 19:00:00,12.46,19:00:00
2026-04-03 19:15:00,12.46,19:15:00
2026-04-03 19:30:00,12.69,19:30:00
2026-04-03 19:45:00,12.63,19:45:00
2026-04-03 20:00:00,12.66,20:00:00
2026-04-03 20:15:00,13.3,20:15:00
2026-04-03 20:30:00,13.56,20:30:00
2026-04-03 20:45:00,14.27,20:45:00
2026-04-03 21:00:00,13.76,21:00:00
2026-04-03 21:15:00,13.4,21:15:00
2026-04-03 21:30:00,13.37,21:30:00
2026-04-03 21:45:00,13.84,21:45:00
2026-04-03 22:00:00,14.77,22:00:00
2026-04-03 22:15:00,13.23,22:15:00
2026-04-03 22:30:00,12.69,22:30:00
2026-04-03 22:45:00,12.3,22:45:00
2026-04-03 23:00:00,13.37,23:00:00
2026-04-03 23:15:00,13.19,23:15:00
2026-04-03 23:30:00,12.94,23:30:00
2026-04-03 23:45:00,12.45,23:45:00
2026-04-04 00:00:00,12.67,00:00:00
2026-04-04 00:15:00,12.94,00:15:00
2026-04-04 00:30:00,12.68,00:30:00
2026-04-04 00:45:00,12.59,00:45:00
2026-04-04 01:00:00,12.61,01:00:00
2026-04-04 01:15:00,12.66,01:15:00
2026-04-04 01:30:00,12.65,01:30:00
2026-04-04 01:45:00,12.83,01:45:00
2026-04-04 02:00:00,12.99,02:00:00
2026-04-04 02:15:00,12.81,02:15:00
2026-04-04 02:30:00,12.63,02:30:00
2026-04-04 02:45:00,12.88,02:45:00
2026-04-04 03:00:00,12.97,03:00:00
2026-04-04 03:15:00,12.8,03:15:00
2026-04-04 03:30:00,12.89,03:30:00
2026-04-04 03:45:00,13.06,03:45:00
2026-04-04 04:00:00,13.28,04:00:00
2026-04-04 04:15:00,12.8,04:15:00
2026-04-04 04:30:00,13.1,04:30:00
2026-04-04 04:45:00,12.88,04:45:00
2026-04-04 05:00:00,12.58,05:00:00
2026-04-04 05:15:00,12.46,05:15:00
2026-04-04 05:30:00,12.63,05:30:00
2026-04-04 05:45:00,12.85,05:45:00
2026-04-04 06:00:00,12.67,06:00:00
2026-04-04 06:15:00,12.69,06:15:00
2026-04-04 06:30:00,12.85,06:30:00
2026-04-04 06:45:00,12.6,06:45:00
2026-04-04 07:00:00,12.38,07:00:00
2026-04-04 07:15:00,12.86,07:15:00
2026-04-04 07:30:00,14.4,07:30:00
2026-04-04 07:45:00,14.39,07:45:00
2026-04-04 08:00:00,14.1,08:00:00
2026-04-04 08:15:00,16.67,08:15:00
2026-04-04 08:30:00,19.69,08:30:00
2026-04-04 08:45:00,19.77,08:45:00
2026-04-04 09:00:00,19.93,09:00:00
2026-04-04 09:15:00,19.96,09:15:00
2026-04-04 09:30:00,19.93,09:30:00
2026-04-04 09:45:00,19.56,09:45:00
2026-04-04 10:00:00,19.76,10:00:00
2026-04-04 10:15:00,20.07,10:15:00
2026-04-04 10:30:00,20.08,10:30:00
2026-04-04 10:45:00,20.4,10:45:00
2026-04-04 11:00:00,21.8,11:00:00
2026-04-04 11:15:00,21.69,11:15:00
2026-04-04 11:30:00,21.38,11:30:00
2026-04-04 11:45:00,21.3,11:45:00
2026-04-04 12:00:00,21.41,12:00:00
2026-04-04 12:15:00,21.66,12:15:00
2026-04-04 12:30:00,21.47,12:30:00
2026-04-04 12:45:00,21.52,12:45:00
2026-04-04 13:00:00,21.88,13:00:00
2026-04-04 13:15:00,21.84,13:15:00
2026-04-04 13:30:00,21.79,13:30:00
2026-04-04 13:45:00,22.08,13:45:00
2026-04-04 14:00:00,22.39,14:00:00
2026-04-04 14:15:00,22.1,14:15:00
2026-04-04 14:30:00,22.37,14:30:00
2026-04-04 14:45:00,22.61,14:45:00
2026-04-04 15:00:00,22.9,15:00:00
2026-04-04 15:15:00,22.58,15:15:00
2026-04-04 15:30:00,23.17,15:30:00
2026-04-04 15:45:00,23.32,15:45:00
2026-04-04 16:00:00,22.59,16:00:00
2026-04-04 16:15:00,21.29,16:15:00
2026-04-04 16:30:00,20.9,16:30:00
2026-04-04 16:45:00,21.66,16:45:00
2026-04-04 17:00:00,22.35,17:00:00
2026-04-04 17:15:00,22.51,17:15:00
2026-04-04 17:30:00,22.75,17:30:00
2026-04-04 17:45:00,22.38,17:45:00
2026-04-04 18:00:00,20.79,18:00:00
2026-04-04 18:15:00,20.32,18:15:00
2026-04-04 18:30:00,20.4,18:30:00
2026-04-04 18:45:00,19.96,18:45:00
2026-04-04 19:00:00,19.41,19:00:00
2026-04-04 19:15:00,19.12,19:15:00
2026-04-04 19:30:00,16.2,19:30:00
2026-04-04 19:45:00,15.06,19:45:00
2026-04-04 20:00:00,14.08,20:00:00
2026-04-04 20:15:00,13.1,20:15:00
2026-04-04 20:30:00,12.55,20:30:00
2026-04-04 20:45:00,12.32,20:45:00
2026-04-04 21:00:00,12.55,21:00:00
2026-04-04 21:15:00,12.82,21:15:00
2026-04-04 21:30:00,11.14,21:30:00
2026-04-04 21:45:00,10.17,21:45:00
2026-04-04 22:00:00,9.8,22:00:00
2026-04-04 22:15:00,10.0,22:15:00
2026-04-04 22:30:00,10.0,22:30:00
2026-04-04 22:45:00,9.97,22:45:00
2026-04-04 23:00:00,10.24,23:00:00
2026-04-04 23:15:00,10.48,23:15:00
2026-04-04 23:30:00,10.38,23:30:00
2026-04-04 23:45:00,10.39,23:45:00
2026-04-05 00:00:00,10.6,00:00:00
2026-04-05 00:15:00,10.65,00:15:00
2026-04-05 00:30:00,10.6,00:30:00
2026-04-05 00:45:00,10.99,00:45:00
2026-04-05 01:00:00,11.65,01:00:00
2026-04-05 01:15:00,11.45,01:15:00
2026-04-05 01:30:00,11.61,01:30:00
2026-04-05 01:45:00,11.74,01:45:00
2026-04-05 02:00:00,11.77,02:00:00
2026-04-05 02:15:00,11.48,02:15:00
2026-04-05 02:30:00,11.54,02:30:00
2026-04-05 02:45:00,11.77,02:45:00
2026-04-05 03:00:00,11.78,03:00:00
2026-04-05 03:15:00,11.84,03:15:00
2026-04-05 03:30:00,11.8,03:30:00
2026-04-05 03:45:00,12.72,03:45:00
2026-04-05 04:00:00,13.61,04:00:00
2026-04-05 04:15:00,14.73,04:15:00
2026-04-05 04:30:00,14.78,04:30:00
2026-04-05 04:45:00,15.33,04:45:00
2026-04-05 05:00:00,15.06,05:00:00
2026-04-05 05:15:00,15.96,05:15:00
2026-04-05 05:30:00,17.88,05:30:00
2026-04-05 05:45:00,18.44,05:45:00
2026-04-05 06:00:00,22.88,06:00:00
2026-04-05 06:15:00,23.86,06:15:00
2026-04-05 06:30:00,23.96,06:30:00
2026-04-05 06:45:00,23.73,06:45:00
2026-04-05 07:00:00,26.65,07:00:00
2026-04-05 07:15:00,27.52,07:15:00
2026-04-05 07:30:00,26.92,07:30:00
2026-04-05 07:45:00,25.68,07:45:00
2026-04-05 08:00:00,24.24,08:00:00
2026-04-05 08:15:00,24.33,08:15:00
2026-04-05 08:30:00,22.69,08:30:00
2026-04-05 08:45:00,22.45,08:45:00
2026-04-05 09:00:00,20.78,09:00:00
2026-04-05 09:15:00,21.34,09:15:00
2026-04-05 09:30:00,21.12,09:30:00
2026-04-05 09:45:00,21.23,09:45:00
2026-04-05 10:00:00,19.78,10:00:00
2026-04-05 10:15:00,20.15,10:15:00
2026-04-05 10:30:00,20.07,10:30:00
2026-04-05 10:45:00,19.71,10:45:00
2026-04-05 11:00:00,19.45,11:00:00
2026-04-05 11:15:00,18.61,11:15:00
2026-04-05 11:30:00,17.76,11:30:00
2026-04-05 11:45:00,17.04,11:45:00
2026-04-05 12:00:00,17.12,12:00:00
2026-04-05 12:15:00,16.3,12:15:00
2026-04-05 12:30:00,16.3,12:30:00
2026-04-05 12:45:00,16.22,12:45:00
2026-04-05 13:00:00,15.71,13:00:00
2026-04-05 13:15:00,15.46,13:15:00
2026-04-05 13:30:00,15.74,13:30:00
2026-04-05 13:45:00,16.16,13:45:00
2026-04-05 14:00:00,16.14,14:00:00
2026-04-05 14:15:00,16.19,14:15:00
2026-04-05 14:30:00,16.47,14:30:00
2026-04-05 14:45:00,16.86,14:45:00
2026-04-05 15:00:00,16.74,15:00:00
2026-04-05 15:15:00,16.77,15:15:00
2026-04-05 15:30:00,17.09,15:30:00
2026-04-05 15:45:00,17.04,15:45:00
2026-04-05 16:00:00,16.74,16:00:00
2026-04-05 16:15:00,15.69,16:15:00
2026-04-05 16:30:00,15.98,16:30:00
2026-04-05 16:45:00,15.82,16:45:00
2026-04-05 17:00:00,16.06,17:00:00
2026-04-05 17:15:00,15.03,17:15:00
2026-04-05 17:30:00,15.39,17:30:00
2026-04-05 17:45:00,15.4,17:45:00
2026-04-05 18:00:00,15.42,18:00:00
2026-04-05 18:15:00,16.52,18:15:00
2026-04-05 18:30:00,15.88,18:30:00
2026-04-05 18:45:00,13.85,18:45:00
2026-04-05 19:00:00,13.55,19:00:00
2026-04-05 19:15:00,13.71,19:15:00
2026-04-05 19:30:00,13.24,19:30:00
2026-04-05 19:45:00,13.17,19:45:00
2026-04-05 20:00:00,13.28,20:00:00
2026-04-05 20:15:00,13.45,20:15:00
2026-04-05 20:30:00,13.08,20:30:00
2026-04-05 20:45:00,13.26,20:45:00
2026-04-05 21:00:00,13.52,21:00:00
2026-04-05 21:15:00,13.92,21:15:00
2026-04-05 21:30:00,14.16,21:30:00
2026-04-05 21:45:00,15.82,21:45:00
2026-04-05 22:00:00,15.84,22:00:00
2026-04-05 22:15:00,16.28,22:15:00
2026-04-05 22:30:00,16.08,22:30:00
2026-04-05 22:45:00,15.45,22:45:00
2026-04-05 23:00:00,16.36,23:00:00
2026-04-05 23:15:00,17.27,23:15:00
2026-04-05 23:30:00,17.38,23:30:00
2026-04-05 23:45:00,17.58,23:45:00
2026-04-06 00:00:00,17.48,00:00:00
2026-04-06 00:15:00,16.22,00:15:00
2026-04-06 00:30:00,15.28,00:30:00
2026-04-06 00:45:00,15.31,00:45:00
2026-04-06 01:00:00,15.36,01:00:00
2026-04-06 01:15:00,15.29,01:15:00
2026-04-06 01:30:00,14.42,01:30:00
2026-04-06 01:45:00,14.19,01:45:00
2026-04-06 02:00:00,14.41,02:00:00
2026-04-06 02:15:00,14.73,02:15:00
2026-04-06 02:30:00,14.61,02:30:00
2026-04-06 02:45:00,14.59,02:45:00
2026-04-06 03:00:00,14.88,03:00:00
2026-04-06 03:15:00,14.92,03:15:00
2026-04-06 03:30:00,14.51,03:30:00
2026-04-06 03:45:00,15.19,03:45:00
2026-04-06 04:00:00,15.77,04:00:00
2026-04-06 04:15:00,15.56,04:15:00
2026-04-06 04:30:00,15.49,04:30:00
2026-04-06 04:45:00,14.73,04:45:00
2026-04-06 05:00:00,14.14,05:00:00
2026-04-06 05:15:00,13.55,05:15:00
2026-04-06 05:30:00,13.62,05:30:00
2026-04-06 05:45:00,13.65,05:45:00
2026-04-06 06:00:00,13.43,06:00:00
2026-04-06 06:15:00,13.23,06:15:00
2026-04-06 06:30:00,13.46,06:30:00
2026-04-06 06:45:00,13.47,06:45:00
2026-04-06 07:00:00,12.86,07:00:00
2026-04-06 07:15:00,12.93,07:15:00
2026-04-06 07:30:00,12.69,07:30:00
2026-04-06 07:45:00,13.96,07:45:00
2026-04-06 08:00:00,16.35,08:00:00
2026-04-06 08:15:00,16.87,08:15:00
2026-04-06 08:30:00,16.51,08:30:00
2026-04-06 08:45:00,15.89,08:45:00
2026-04-06 09:00:00,15.55,09:00:00
2026-04-06 09:15:00,16.04,09:15:00
2026-04-06 09:30:00,16.07,09:30:00
2026-04-06 09:45:00,16.33,09:45:00
2026-04-06 10:00:00,16.45,10:00:00
2026-04-06 10:15:00,16.84,10:15:00
2026-04-06 10:30:00,17.82,10:30:00
2026-04-06 10:45:00,17.5,10:45:00
2026-04-06 11:00:00,17.19,11:00:00
2026-04-06 11:15:00,17.08,11:15:00
2026-04-06 11:30:00,16.42,11:30:00
2026-04-06 11:45:00,16.27,11:45:00
2026-04-06 12:00:00,16.93,12:00:00
2026-04-06 12:15:00,17.14,12:15:00
2026-04-06 12:30:00,16.64,12:30:00
2026-04-06 12:45:00,16.39,12:45:00
2026-04-06 13:00:00,16.74,13:00:00
2026-04-06 13:15:00,16.07,13:15:00
2026-04-06 13:30:00,15.15,13:30:00
2026-04-06 13:45:00,14.69,13:45:00
2026-04-06 14:00:00,14.33,14:00:00
2026-04-06 14:15:00,14.32,14:15:00
2026-04-06 14:30:00,14.34,14:30:00
2026-04-06 14:45:00,14.62,14:45:00
2026-04-06 15:00:00,15.18,15:00:00
2026-04-06 15:15:00,14.73,15:15:00
2026-04-06 15:30:00,13.94,15:30:00
2026-04-06 15:45:00,13.76,15:45:00
2026-04-06 16:00:00,14.7,16:00:00
2026-04-06 16:15:00,14.8,16:15:00
2026-04-06 16:30:00,18.39,16:30:00
2026-04-06 16:45:00,22.2,16:45:00
2026-04-06 17:00:00,22.75,17:00:00
2026-04-06 17:15:00,22.64,17:15:00
2026-04-06 17:30:00,23.0,17:30:00
2026-04-06 17:45:00,23.37,17:45:00
2026-04-06 18:00:00,23.29,18:00:00
2026-04-06 18:15:00,23.1,18:15:00
2026-04-06 18:30:00,22.68,18:30:00
2026-04-06 18:45:00,22.54,18:45:00
2026-04-06 19:00:00,22.23,19:00:00
2026-04-06 19:15:00,22.24,19:15:00
2026-04-06 19:30:00,21.94,19:30:00
2026-04-06 19:45:00,21.71,19:45:00
2026-04-06 20:00:00,21.13,20:00:00
2026-04-06 20:15:00,21.4,20:15:00
2026-04-06 20:30:00,20.18,20:30:00
2026-04-06 20:45:00,19.81,20:45:00
2026-04-06 21:00:00,18.87,21:00:00
2026-04-06 21:15:00,16.04,21:15:00
2026-04-06 21:30:00,16.01,21:30:00
2026-04-06 21:45:00,16.13,21:45:00
2026-04-06 22:00:00,15.86,22:00:00
2026-04-06 22:15:00,15.31,22:15:00
2026-04-06 22:30:00,15.27,22:30:00
2026-04-06 22:45:00,14.84,22:45:00
2026-04-06 23:00:00,14.5,23:00:00
2026-04-06 23:15:00,15.21,23:15:00
2026-04-06 23:30:00,14.75,23:30:00
2026-04-06 23:45:00,14.87,23:45:00
2026-04-07 00:00:00,14.79,00:00:00
2026-04-07 00:15:00,14.65,00:15:00
2026-04-07 00:30:00,14.49,00:30:00
2026-04-07 00:45:00,13.82,00:45:00
2026-04-07 01:00:00,13.78,01:00:00
2026-04-07 01:15:00,13.72,01:15:00
2026-04-07 01:30:00,12.89,01:30:00
2026-04-07 01:45:00,12.92,01:45:00
2026-04-07 02:00:00,12.66,02:00:00
2026-04-07 02:15:00,12.5,02:15:00
2026-04-07 02:30:00,12.5,02:30:00
2026-04-07 02:45:00,12.58,02:45:00
2026-04-07 03:00:00,12.97,03:00:00
2026-04-07 03:15:00,13.54,03:15:00
2026-04-07 03:30:00,13.7,03:30:00
2026-04-07 03:45:00,13.77,03:45:00
2026-04-07 04:00:00,13.84,04:00:00
2026-04-07 04:15:00,14.68,04:15:00
2026-04-07 04:30:00,14.57,04:30:00
2026-04-07 04:45:00,14.38,04:45:00
2026-04-07 05:00:00,14.21,05:00:00
2026-04-07 05:15:00,12.97,05:15:00
2026-04-07 05:30:00,12.51,05:30:00
2026-04-07 05:45:00,12.06,05:45:00
2026-04-07 06:00:00,11.85,06:00:00
2026-04-07 06:15:00,12.18,06:15:00
2026-04-07 06:30:00,11.91,06:30:00
2026-04-07 06:45:00,11.77,06:45:00
2026-04-07 07:00:00,11.51,07:00:00
2026-04-07 07:15:00,10.97,07:15:00
2026-04-07 07:30:00,11.42,07:30:00
2026-04-07 07:45:00,10.92,07:45:00
2026-04-07 08:00:00,10.62,08:00:00
2026-04-07 08:15:00,10.63,08:15:00
2026-04-07 08:30:00,10.61,08:30:00
2026-04-07 08:45:00,10.54,08:45:00
2026-04-07 09:00:00,11.19,09:00:00
2026-04-07 09:15:00,11.36,09:15:00
2026-04-07 09:30:00,11.42,09:30:00
2026-04-07 09:45:00,11.74,09:45:00
2026-04-07 10:00:00,13.49,10:00:00
2026-04-07 10:15:00,14.32,10:15:00
2026-04-07 10:30:00,14.38,10:30:00
2026-04-07 10:45:00,13.63,10:45:00
2026-04-07 11:00:00,12.6,11:00:00
2026-04-07 11:15:00,12.65,11:15:00
2026-04-07 11:30:00,11.83,11:30:00
2026-04-07 11:45:00,12.18,11:45:00
2026-04-07 12:00:00,13.4,12:00:00
2026-04-07 12:15:00,13.74,12:15:00
2026-04-07 12:30:00,13.53,12:30:00
2026-04-07 12:45:00,13.48,12:45:00
2026-04-07 13:00:00,13.42,13:00:00
2026-04-07 13:15:00,13.1,13:15:00
2026-04-07 13:30:00,12.79,13:30:00
2026-04-07 13:45:00,12.62,13:45:00
2026-04-07 14:00:00,13.14,14:00:00
2026-04-07 14:15:00,12.86,14:15:00
2026-04-07 14:30:00,12.86,14:30:00
2026-04-07 14:45:00,12.97,14:45:00
2026-04-07 15:00:00,12.88,15:00:00
2026-04-07 15:15:00,12.59,15:15:00
2026-04-07 15:30:00,12.62,15:30:00
2026-04-07 15:45:00,13.14,15:45:00
2026-04-07 16:00:00,13.47,16:00:00
2026-04-07 16:15:00,13.22,16:15:00
2026-04-07 16:30:00,15.1,16:30:00
2026-04-07 16:45:00,17.28,16:45:00
2026-04-07 17:00:00,17.97,17:00:00
2026-04-07 17:15:00,17.99,17:15:00
2026-04-07 17:30:00,19.09,17:30:00
2026-04-07 17:45:00,18.99,17:45:00
2026-04-07 18:00:00,17.61,18:00:00
2026-04-07 18:15:00,16.09,18:15:00
2026-04-07 18:30:00,14.59,18:30:00
2026-04-07 18:45:00,13.4,18:45:00
2026-04-07 19:00:00,12.33,19:00:00
2026-04-07 19:15:00,14.05,19:15:00
2026-04-07 19:30:00,13.33,19:30:00
2026-04-07 19:45:00,12.18,19:45:00
2026-04-07 20:00:00,11.98,20:00:00
2026-04-07 20:15:00,12.08,20:15:00
2026-04-07 20:30:00,12.04,20:30:00
2026-04-07 20:45:00,11.86,20:45:00
2026-04-07 21:00:00,12.0,21:00:00
2026-04-07 21:15:00,12.53,21:15:00
2026-04-07 21:30:00,12.1,21:30:00
2026-04-07 21:45:00,12.3,21:45:00
2026-04-07 22:00:00,12.05,22:00:00
2026-04-07 22:15:00,12.08,22:15:00
2026-04-07 22:30:00,11.99,22:30:00
2026-04-07 22:45:00,12.02,22:45:00
2026-04-07 23:00:00,12.11,23:00:00
2026-04-07 23:15:00,12.33,23:15:00
2026-04-07 23:30:00,12.18,23:30:00
2026-04-07 23:45:00,12.42,23:45:00
2026-04-08 00:00:00,12.41,00:00:00
2026-04-08 00:15:00,12.37,00:15:00
2026-04-08 00:30:00,12.41,00:30:00
2026-04-08 00:45:00,12.32,00:45:00
2026-04-08 01:00:00,12.37,01:00:00
2026-04-08 01:15:00,12.29,01:15:00
2026-04-08 01:30:00,12.37,01:30:00
2026-04-08 01:45:00,12.5,01:45:00
2026-04-08 02:00:00,12.38,02:00:00
2026-04-08 02:15:00,12.28,02:15:00
2026-04-08 02:30:00,12.3,02:30:00
2026-04-08 02:45:00,12.53,02:45:00
2026-04-08 03:00:00,12.28,03:00:00
2026-04-08 03:15:00,12.22,03:15:00
2026-04-08 03:30:00,12.0,03:30:00
2026-04-08 03:45:00,12.15,03:45:00
2026-04-08 04:00:00,12.17,04:00:00
2026-04-08 04:15:00,11.93,04:15:00
2026-04-08 04:30:00,12.03,04:30:00
2026-04-08 04:45:00,11.97,04:45:00
2026-04-08 05:00:00,12.49,05:00:00
2026-04-08 05:15:00,11.92,05:15:00
2026-04-08 05:30:00,12.04,05:30:00
2026-04-08 05:45:00,11.79,05:45:00
2026-04-08 06:00:00,11.74,06:00:00
2026-04-08 06:15:00,12.86,06:15:00
2026-04-08 06:30:00,11.92,06:30:00
2026-04-08 06:45:00,11.45,06:45:00
2026-04-08 07:00:00,11.2,07:00:00
2026-04-08 07:15:00,11.11,07:15:00
2026-04-08 07:30:00,11.33,07:30:00
2026-04-08 07:45:00,10.99,07:45:00
2026-04-08 08:00:00,10.9,08:00:00
2026-04-08 08:15:00,11.11,08:15:00
2026-04-08 08:30:00,11.09,08:30:00
2026-04-08 08:45:00,11.23,08:45:00
2026-04-08 09:00:00,11.52,09:00:00
2026-04-08 09:15:00,11.53,09:15:00
2026-04-08 09:30:00,11.54,09:30:00
2026-04-08 09:45:00,11.3,09:45:00
2026-04-08 10:00:00,11.4,10:00:00
2026-04-08 10:15:00,11.37,10:15:00
2026-04-08 10:30:00,11.35,10:30:00
2026-04-08 10:45:00,11.42,10:45:00
2026-04-08 11:00:00,11.35,11:00:00
2026-04-08 11:15:00,11.27,11:15:00
2026-04-08 11:30:00,11.14,11:30:00
2026-04-08 11:45:00,11.12,11:45:00
2026-04-08 12:00:00,11.28,12:00:00
2026-04-08 12:15:00,11.36,12:15:00
2026-04-08 12:30:00,11.48,12:30:00
2026-04-08 12:45:00,11.54,12:45:00
2026-04-08 13:00:00,12.42,13:00:00
2026-04-08 13:15:00,12.59,13:15:00
2026-04-08 13:30:00,12.63,13:30:00
2026-04-08 13:45:00,12.9,13:45:00
2026-04-08 14:00:00,12.76,14:00:00
2026-04-08 14:15:00,12.85,14:15:00
2026-04-08 14:30:00,12.84,14:30:00
2026-04-08 14:45:00,13.11,14:45:00
2026-04-08 15:00:00,12.71,15:00:00
2026-04-08 15:15:00,12.6,15:15:00
2026-04-08 15:30:00,12.7,15:30:00
2026-04-08 15:45:00,12.87,15:45:00
2026-04-08 16:00:00,13.15,16:00:00
2026-04-08 16:15:00,13.48,16:15:00
2026-04-08 16:30:00,14.84,16:30:00
2026-04-08 16:45:00,15.98,16:45:00
2026-04-08 17:00:00,16.16,17:00:00
2026-04-08 17:15:00,16.72,17:15:00
2026-04-08 17:30:00,17.32,17:30:00
2026-04-08 17:45:00,18.49,17:45:00
2026-04-08 18:00:00,19.52,18:00:00
2026-04-08 18:15:00,19.86,18:15:00
2026-04-08 18:30:00,19.55,18:30:00
2026-04-08 18:45:00,16.77,18:45:00
2026-04-08 19:00:00,14.66,19:00:00
2026-04-08 19:15:00,13.97,19:15:00
2026-04-08 19:30:00,15.1,19:30:00
2026-04-08 19:45:00,15.66,19:45:00
2026-04-08 20:00:00,15.46,20:00:00
2026-04-08 20:15:00,14.63,20:15:00
2026-04-08 20:30:00,14.82,20:30:00
2026-04-08 20:45:00,14.81,20:45:00
2026-04-08 21:00:00,14.95,21:00:00
2026-04-08 21:15:00,14.5,21:15:00
2026-04-08 21:30:00,14.5,21:30:00
2026-04-08 21:45:00,13.73,21:45:00
2026-04-08 22:00:00,12.99,22:00:00
2026-04-08 22:15:00,12.88,22:15:00
2026-04-08 22:30:00,12.6,22:30:00
2026-04-08 22:45:00,12.99,22:45:00
2026-04-08 23:00:00,12.64,23:00:00
2026-04-08 23:15:00,12.83,23:15:00
2026-04-08 23:30:00,13.0,23:30:00
2026-04-08 23:45:00,13.12,23:45:00
2026-04-09 00:00:00,12.73,00:00:00
2026-04-09 00:15:00,12.98,00:15:00
2026-04-09 00:30:00,13.29,00:30:00
2026-04-09 00:45:00,13.11,00:45:00
2026-04-09 01:00:00,13.08,01:00:00
2026-04-09 01:15:00,13.34,01:15:00
2026-04-09 01:30:00,13.36,01:30:00
2026-04-09 01:45:00,12.88,01:45:00
2026-04-09 02:00:00,12.87,02:00:00
2026-04-09 02:15:00,13.17,02:15:00
2026-04-09 02:30:00,13.04,02:30:00
2026-04-09 02:45:00,12.95,02:45:00
2026-04-09 03:00:00,13.08,03:00:00
2026-04-09 03:15:00,13.2,03:15:00
2026-04-09 03:30:00,12.89,03:30:00
2026-04-09 03:45:00,12.81,03:45:00
2026-04-09 04:00:00,12.82,04:00:00
2026-04-09 04:15:00,12.82,04:15:00
2026-04-09 04:30:00,13.61,04:30:00
2026-04-09 04:45:00,15.03,04:45:00
2026-04-09 05:00:00,16.95,05:00:00
2026-04-09 05:15:00,18.15,05:15:00
2026-04-09 05:30:00,17.92,05:30:00
2026-04-09 05:45:00,17.94,05:45:00
2026-04-09 06:00:00,17.27,06:00:00
2026-04-09 06:15:00,14.56,06:15:00
2026-04-09 06:30:00,13.67,06:30:00
2026-04-09 06:45:00,13.4,06:45:00
2026-04-09 07:00:00,12.6,07:00:00
2026-04-09 07:15:00,11.6,07:15:00
2026-04-09 07:30:00,11.51,07:30:00
2026-04-09 07:45:00,11.45,07:45:00
2026-04-09 08:00:00,11.34,08:00:00
2026-04-09 08:15:00,11.21,08:15:00
2026-04-09 08:30:00,10.97,08:30:00
2026-04-09 08:45:00,11.13,08:45:00
2026-04-09 09:00:00,11.02,09:00:00
2026-04-09 09:15:00,11.06,09:15:00
2026-04-09 09:30:00,11.04,09:30:00
2026-04-09 09:45:00,11.29,09:45:00
2026-04-09 10:00:00,11.8,10:00:00
2026-04-09 10:15:00,11.97,10:15:00
2026-04-09 10:30:00,12.14,10:30:00
2026-04-09 10:45:00,12.14,10:45:00
2026-04-09 11:00:00,11.86,11:00:00
2026-04-09 11:15:00,11.75,11:15:00
2026-04-09 11:30:00,11.91,11:30:00
2026-04-09 11:45:00,11.9,11:45:00
2026-04-09 12:00:00,11.79,12:00:00
2026-04-09 12:15:00,11.79,12:15:00
2026-04-09 12:30:00,11.84,12:30:00
2026-04-09 12:45:00,12.15,12:45:00
2026-04-09 13:00:00,12.87,13:00:00
2026-04-09 13:15:00,13.35,13:15:00
2026-04-09 13:30:00,13.43,13:30:00
2026-04-09 13:45:00,13.7,13:45:00
2026-04-09 14:00:00,14.01,14:00:00
2026-04-09 14:15:00,14.0,14:15:00
2026-04-09 14:30:00,14.04,14:30:00
2026-04-09 14:45:00,14.0,14:45:00
2026-04-09 15:00:00,13.69,15:00:00
2026-04-09 15:15:00,13.32,15:15:00
2026-04-09 15:30:00,13.07,15:30:00
2026-04-09 15:45:00,13.04,15:45:00
2026-04-09 16:00:00,13.67,16:00:00
2026-04-09 16:15:00,14.29,16:15:00
2026-04-09 16:30:00,14.38,16:30:00
2026-04-09 16:45:00,14.99,16:45:00
2026-04-09 17:00:00,15.42,17:00:00
2026-04-09 17:15:00,15.01,17:15:00
2026-04-09 17:30:00,14.95,17:30:00
2026-04-09 17:45:00,14.57,17:45:00
2026-04-09 18:00:00,13.2,18:00:00
2026-04-09 18:15:00,11.88,18:15:00
2026-04-09 18:30:00,11.93,18:30:00
2026-04-09 18:45:00,12.03,18:45:00
2026-04-09 19:00:00,11.82,19:00:00
2026-04-09 19:15:00,11.8,19:15:00
2026-04-09 19:30:00,11.97,19:30:00
2026-04-09 19:45:00,12.08,19:45:00
2026-04-09 20:00:00,11.67,20:00:00
2026-04-09 20:15:00,11.73,20:15:00
2026-04-09 20:30:00,11.72,20:30:00
2026-04-09 20:45:00,11.75,20:45:00
2026-04-09 21:00:00,11.57,21:00:00
2026-04-09 21:15:00,11.61,21:15:00
2026-04-09 21:30:00,11.81,21:30:00
2026-04-09 21:45:00,11.99,21:45:00
2026-04-09 22:00:00,11.94,22:00:00
2026-04-09 22:15:00,12.1,22:15:00
2026-04-09 22:30:00,12.33,22:30:00
2026-04-09 22:45:00,12.04,22:45:00
2026-04-09 23:00:00,12.07,23:00:00
2026-04-09 23:15:00,12.13,23:15:00
2026-04-09 23:30:00,12.19,23:30:00
2026-04-09 23:45:00,12.35,23:45:00
2026-04-10 00:00:00,12.44,00:00:00
2026-04-10 00:15:00,12.66,00:15:00
2026-04-10 00:30:00,12.84,00:30:00
2026-04-10 00:45:00,12.8,00:45:00
2026-04-10 01:00:00,13.08,01:00:00
2026-04-10 01:15:00,13.11,01:15:00
2026-04-10 01:30:00,13.18,01:30:00
2026-04-10 01:45:00,13.14,01:45:00
2026-04-10 02:00:00,13.33,02:00:00
2026-04-10 02:15:00,13.28,02:15:00
2026-04-10 02:30:00,12.9,02:30:00
2026-04-10 02:45:00,13.33,02:45:00
2026-04-10 03:00:00,13.22,03:00:00
2026-04-10 03:15:00,13.12,03:15:00
2026-04-10 03:30:00,12.97,03:30:00
2026-04-10 03:45:00,13.08,03:45:00
2026-04-10 04:00:00,12.9,04:00:00
2026-04-10 04:15:00,12.59,04:15:00
2026-04-10 04:30:00,12.52,04:30:00
2026-04-10 04:45:00,12.56,04:45:00
2026-04-10 05:00:00,12.69,05:00:00
2026-04-10 05:15:00,12.39,05:15:00
2026-04-10 05:30:00,12.39,05:30:00
2026-04-10 05:45:00,12.57,05:45:00
2026-04-10 06:00:00,13.13,06:00:00
2026-04-10 06:15:00,13.09,06:15:00
2026-04-10 06:30:00,12.5,06:30:00
2026-04-10 06:45:00,12.55,06:45:00
2026-04-10 07:00:00,12.64,07:00:00
2026-04-10 07:15:00,12.05,07:15:00
2026-04-10 07:30:00,12.51,07:30:00
2026-04-10 07:45:00,12.85,07:45:00
2026-04-10 08:00:00,12.68,08:00:00
2026-04-10 08:15:00,12.23,08:15:00
2026-04-10 08:30:00,12.26,08:30:00
2026-04-10 08:45:00,12.27,08:45:00
2026-04-10 09:00:00,12.0,09:00:00
2026-04-10 09:15:00,12.16,09:15:00
2026-04-10 09:30:00,12.35,09:30:00
2026-04-10 09:45:00,12.25,09:45:00
2026-04-10 10:00:00,12.03,10:00:00
2026-04-10 10:15:00,11.75,10:15:00
2026-04-10 10:30:00,11.51,10:30:00
2026-04-10 10:45:00,11.46,10:45:00
2026-04-10 11:00:00,11.38,11:00:00
2026-04-10 11:15:00,11.62,11:15:00
2026-04-10 11:30:00,11.8,11:30:00
2026-04-10 11:45:00,11.77,11:45:00
2026-04-10 12:00:00,11.68,12:00:00
2026-04-10 12:15:00,12.0,12:15:00
2026-04-10 12:30:00,12.09,12:30:00
2026-04-10 12:45:00,12.16,12:45:00
2026-04-10 13:00:00,12.26,13:00:00
2026-04-10 13:15:00,12.51,13:15:00
2026-04-10 13:30:00,12.4,13:30:00
2026-04-10 13:45:00,12.07,13:45:00
2026-04-10 14:00:00,12.42,14:00:00
2026-04-10 14:15:00,12.38,14:15:00
2026-04-10 14:30:00,12.31,14:30:00
2026-04-10 14:45:00,12.59,14:45:00
2026-04-10 15:00:00,12.84,15:00:00
2026-04-10 15:15:00,12.96,15:15:00
2026-04-10 15:30:00,12.75,15:30:00
2026-04-10 15:45:00,12.31,15:45:00
2026-04-10 16:00:00,12.77,16:00:00
2026-04-10 16:15:00,13.52,16:15:00
2026-04-10 16:30:00,14.07,16:30:00
2026-04-10 16:45:00,14.98,16:45:00
2026-04-10 17:00:00,16.23,17:00:00
2026-04-10 17:15:00,15.94,17:15:00
2026-04-10 17:30:00,15.33,17:30:00
2026-04-10 17:45:00,15.46,17:45:00
2026-04-10 18:00:00,16.61,18:00:00
2026-04-10 18:15:00,17.46,18:15:00
2026-04-10 18:30:00,18.01,18:30:00
2026-04-10 18:45:00,17.17,18:45:00
2026-04-10 19:00:00,16.56,19:00:00
2026-04-10 19:15:00,15.66,19:15:00
2026-04-10 19:30:00,14.82,19:30:00
2026-04-10 19:45:00,14.71,19:45:00
2026-04-10 20:00:00,14.83,20:00:00
2026-04-10 20:15:00,14.74,20:15:00
2026-04-10 20:30:00,14.8,20:30:00
2026-04-10 20:45:00,14.92,20:45:00
2026-04-10 21:00:00,14.83,21:00:00
2026-04-10 21:15:00,15.27,21:15:00
2026-04-10 21:30:00,15.32,21:30:00
2026-04-10 21:45:00,14.68,21:45:00
2026-04-10 22:00:00,15.83,22:00:00
2026-04-10 22:15:00,16.29,22:15:00
2026-04-10 22:30:00,15.77,22:30:00
2026-04-10 22:45:00,15.42,22:45:00
2026-04-10 23:00:00,15.79,23:00:00
2026-04-10 23:15:00,14.15,23:15:00
2026-04-10 23:30:00,13.38,23:30:00
2026-04-10 23:45:00,13.26,23:45:00
2026-04-11 00:00:00,13.26,00:00:00
2026-04-11 00:15:00,13.33,00:15:00
2026-04-11 00:30:00,13.4,00:30:00
2026-04-11 00:45:00,13.33,00:45:00
2026-04-11 01:00:00,13.6,01:00:00
2026-04-11 01:15:00,13.78,01:15:00
2026-04-11 01:30:00,13.87,01:30:00
2026-04-11 01:45:00,13.78,01:45:00
2026-04-11 02:00:00,14.05,02:00:00
2026-04-11 02:15:00,14.13,02:15:00
2026-04-11 02:30:00,14.21,02:30:00
2026-04-11 02:45:00,14.13,02:45:00
2026-04-11 03:00:00,14.21,03:00:00
2026-04-11 03:15:00,14.32,03:15:00
2026-04-11 03:30:00,14.03,03:30:00
2026-04-11 03:45:00,14.01,03:45:00
2026-04-11 04:00:00,13.95,04:00:00
2026-04-11 04:15:00,13.86,04:15:00
2026-04-11 04:30:00,13.46,04:30:00
2026-04-11 04:45:00,13.35,04:45:00
2026-04-11 05:00:00,13.34,05:00:00
2026-04-11 05:15:00,12.98,05:15:00
2026-04-11 05:30:00,13.0,05:30:00
2026-04-11 05:45:00,13.04,05:45:00
2026-04-11 06:00:00,12.97,06:00:00
2026-04-11 06:15:00,12.93,06:15:00
2026-04-11 06:30:00,13.03,06:30:00
2026-04-11 06:45:00,13.03,06:45:00
2026-04-11 07:00:00,13.11,07:00:00
2026-04-11 07:15:00,13.15,07:15:00
2026-04-11 07:30:00,13.65,07:30:00
2026-04-11 07:45:00,13.69,07:45:00
2026-04-11 08:00:00,13.55,08:00:00
2026-04-11 08:15:00,15.55,08:15:00
2026-04-11 08:30:00,17.74,08:30:00
2026-04-11 08:45:00,19.58,08:45:00
2026-04-11 09:00:00,24.15,09:00:00
2026-04-11 09:15:00,23.37,09:15:00
2026-04-11 09:30:00,22.97,09:30:00
2026-04-11 09:45:00,22.87,09:45:00
2026-04-11 10:00:00,23.1,10:00:00
2026-04-11 10:15:00,23.37,10:15:00
2026-04-11 10:30:00,23.88,10:30:00
2026-04-11 10:45:00,23.71,10:45:00
2026-04-11 11:00:00,23.6,11:00:00
2026-04-11 11:15:00,23.51,11:15:00
2026-04-11 11:30:00,22.62,11:30:00
2026-04-11 11:45:00,21.89,11:45:00
2026-04-11 12:00:00,23.98,12:00:00
2026-04-11 12:15:00,24.43,12:15:00
2026-04-11 12:30:00,23.48,12:30:00
2026-04-11 12:45:00,23.69,12:45:00
2026-04-11 13:00:00,24.89,13:00:00
2026-04-11 13:15:00,24.66,13:15:00
2026-04-11 13:30:00,24.15,13:30:00
2026-04-11 13:45:00,23.26,13:45:00
2026-04-11 14:00:00,22.6,14:00:00
2026-04-11 14:15:00,22.15,14:15:00
2026-04-11 14:30:00,19.99,14:30:00
2026-04-11 14:45:00,16.11,14:45:00
2026-04-11 15:00:00,15.31,15:00:00
2026-04-11 15:15:00,13.4,15:15:00
2026-04-11 15:30:00,14.47,15:30:00
2026-04-11 15:45:00,15.16,15:45:00
2026-04-11 16:00:00,15.36,16:00:00
2026-04-11 16:15:00,15.67,16:15:00
2026-04-11 16:30:00,16.6,16:30:00
2026-04-11 16:45:00,16.99,16:45:00
2026-04-11 17:00:00,16.62,17:00:00
2026-04-11 17:15:00,15.96,17:15:00
2026-04-11 17:30:00,15.86,17:30:00
2026-04-11 17:45:00,15.18,17:45:00
2026-04-11 18:00:00,15.42,18:00:00
2026-04-11 18:15:00,14.54,18:15:00
2026-04-11 18:30:00,14.26,18:30:00
2026-04-11 18:45:00,13.84,18:45:00
2026-04-11 19:00:00,13.58,19:00:00
2026-04-11 19:15:00,13.5,19:15:00
2026-04-11 19:30:00,13.64,19:30:00
2026-04-11 19:45:00,13.7,19:45:00
2026-04-11 20:00:00,13.71,20:00:00
2026-04-11 20:15:00,13.82,20:15:00
2026-04-11 20:30:00,13.86,20:30:00
2026-04-11 20:45:00,13.9,20:45:00
2026-04-11 21:00:00,13.8,21:00:00
2026-04-11 21:15:00,14.25,21:15:00
2026-04-11 21:30:00,14.05,21:30:00
2026-04-11 21:45:00,15.02,21:45:00
2026-04-11 22:00:00,15.77,22:00:00
2026-04-11 22:15:00,15.85,22:15:00
2026-04-11 22:30:00,16.13,22:30:00
2026-04-11 22:45:00,15.7,22:45:00
2026-04-11 23:00:00,16.87,23:00:00
2026-04-11 23:15:00,17.94,23:15:00
2026-04-11 23:30:00,17.65,23:30:00
2026-04-11 23:45:00,17.89,23:45:00
2026-04-12 00:00:00,17.73,00:00:00
2026-04-12 00:15:00,18.18,00:15:00
2026-04-12 00:30:00,17.61,00:30:00
2026-04-12 00:45:00,18.15,00:45:00
2026-04-12 01:00:00,19.54,01:00:00
2026-04-12 01:15:00,19.49,01:15:00
2026-04-12 01:30:00,19.29,01:30:00
2026-04-12 01:45:00,19.63,01:45:00
2026-04-12 02:00:00,19.72,02:00:00
2026-04-12 02:15:00,20.29,02:15:00
2026-04-12 02:30:00,19.99,02:30:00
2026-04-12 02:45:00,20.08,02:45:00
2026-04-12 03:00:00,20.19,03:00:00
2026-04-12 03:15:00,20.25,03:15:00
2026-04-12 03:30:00,20.08,03:30:00
2026-04-12 03:45:00,20.03,03:45:00
2026-04-12 04:00:00,20.06,04:00:00
2026-04-12 04:15:00,20.3,04:15:00
2026-04-12 04:30:00,20.39,04:30:00
2026-04-12 04:45:00,20.25,04:45:00
2026-04-12 05:00:00,18.79,05:00:00
2026-04-12 05:15:00,18.21,05:15:00
2026-04-12 05:30:00,18.09,05:30:00
2026-04-12 05:45:00,17.69,05:45:00
2026-04-12 06:00:00,17.68,06:00:00
2026-04-12 06:15:00,18.42,06:15:00
2026-04-12 06:30:00,18.48,06:30:00
2026-04-12 06:45:00,18.79,06:45:00
2026-04-12 07:00:00,18.0,07:00:00
2026-04-12 07:15:00,17.65,07:15:00
2026-04-12 07:30:00,17.97,07:30:00
2026-04-12 07:45:00,17.91,07:45:00
2026-04-12 08:00:00,17.65,08:00:00
2026-04-12 08:15:00,17.75,08:15:00
2026-04-12 08:30:00,17.84,08:30:00
2026-04-12 08:45:00,17.76,08:45:00
2026-04-12 09:00:00,17.99,09:00:00
2026-04-12 09:15:00,18.78,09:15:00
2026-04-12 09:30:00,19.47,09:30:00
2026-04-12 09:45:00,19.61,09:45:00
2026-04-12 10:00:00,21.39,10:00:00
2026-04-12 10:15:00,22.12,10:15:00
2026-04-12 10:30:00,22.59,10:30:00
2026-04-12 10:45:00,22.26,10:45:00
2026-04-12 11:00:00,21.51,11:00:00
2026-04-12 11:15:00,21.14,11:15:00
2026-04-12 11:30:00,20.35,11:30:00
2026-04-12 11:45:00,19.93,11:45:00
2026-04-12 12:00:00,19.43,12:00:00
2026-04-12 12:15:00,19.63,12:15:00
2026-04-12 12:30:00,19.22,12:30:00
2026-04-12 12:45:00,18.82,12:45:00
2026-04-12 13:00:00,18.9,13:00:00
2026-04-12 13:15:00,17.93,13:15:00
2026-04-12 13:30:00,17.49,13:30:00
2026-04-12 13:45:00,17.65,13:45:00
2026-04-12 14:00:00,17.77,14:00:00
2026-04-12 14:15:00,17.3,14:15:00
2026-04-12 14:30:00,17.36,14:30:00
2026-04-12 14:45:00,17.36,14:45:00
2026-04-12 15:00:00,16.75,15:00:00
2026-04-12 15:15:00,17.12,15:15:00
2026-04-12 15:30:00,17.06,15:30:00
2026-04-12 15:45:00,17.1,15:45:00
2026-04-12 16:00:00,17.11,16:00:00
2026-04-12 16:15:00,17.46,16:15:00
2026-04-12 16:30:00,17.53,16:30:00
2026-04-12 16:45:00,17.8,16:45:00
2026-04-12 17:00:00,17.19,17:00:00
2026-04-12 17:15:00,17.65,17:15:00
2026-04-12 17:30:00,17.71,17:30:00
2026-04-12 17:45:00,17.69,17:45:00
2026-04-12 18:00:00,17.93,18:00:00
2026-04-12 18:15:00,18.12,18:15:00
2026-04-12 18:30:00,17.67,18:30:00
2026-04-12 18:45:00,17.51,18:45:00
2026-04-12 19:00:00,18.91,19:00:00
2026-04-12 19:15:00,19.14,19:15:00
2026-04-12 19:30:00,19.09,19:30:00
2026-04-12 19:45:00,18.82,19:45:00
2026-04-12 20:00:00,18.96,20:00:00
2026-04-12 20:15:00,19.24,20:15:00
2026-04-12 20:30:00,18.9,20:30:00
2026-04-12 20:45:00,18.87,20:45:00
2026-04-12 21:00:00,17.57,21:00:00
2026-04-12 21:15:00,15.61,21:15:00
2026-04-12 21:30:00,15.68,21:30:00
2026-04-12 21:45:00,16.05,21:45:00
2026-04-12 22:00:00,16.38,22:00:00
2026-04-12 22:15:00,16.4,22:15:00
2026-04-12 22:30:00,16.43,22:30:00
2026-04-12 22:45:00,16.74,22:45:00
2026-04-12 23:00:00,16.93,23:00:00
2026-04-12 23:15:00,16.99,23:15:00
2026-04-12 23:30:00,16.94,23:30:00
2026-04-12 23:45:00,16.71,23:45:00
2026-04-13 00:00:00,16.93,00:00:00
2026-04-13 00:15:00,16.8,00:15:00
2026-04-13 00:30:00,16.73,00:30:00
2026-04-13 00:45:00,16.85,00:45:00
2026-04-13 01:00:00,17.01,01:00:00
2026-04-13 01:15:00,16.65,01:15:00
2026-04-13 01:30:00,16.78,01:30:00
2026-04-13 01:45:00,17.43,01:45:00
2026-04-13 02:00:00,18.05,02:00:00
2026-04-13 02:15:00,18.65,02:15:00
2026-04-13 02:30:00,19.12,02:30:00
2026-04-13 02:45:00,19.49,02:45:00
2026-04-13 03:00:00,19.45,03:00:00
2026-04-13 03:15:00,20.21,03:15:00
2026-04-13 03:30:00,21.79,03:30:00
2026-04-13 03:45:00,22.31,03:45:00
2026-04-13 04:00:00,23.4,04:00:00
2026-04-13 04:15:00,24.02,04:15:00
2026-04-13 04:30:00,25.16,04:30:00
2026-04-13 04:45:00,26.69,04:45:00
2026-04-13 05:00:00,29.14,05:00:00
2026-04-13 05:15:00,30.58,05:15:00
2026-04-13 05:30:00,31.2,05:30:00
2026-04-13 05:45:00,31.75,05:45:00
2026-04-13 06:00:00,31.9,06:00:00
2026-04-13 06:15:00,35.46,06:15:00
2026-04-13 06:30:00,36.76,06:30:00
2026-04-13 06:45:00,36.05,06:45:00
2026-04-13 07:00:00,36.38,07:00:00
2026-04-13 07:15:00,37.06,07:15:00
2026-04-13 07:30:00,37.94,07:30:00
2026-04-13 07:45:00,37.43,07:45:00
2026-04-13 08:00:00,36.81,08:00:00
2026-04-13 08:15:00,36.03,08:15:00
2026-04-13 08:30:00,35.02,08:30:00
2026-04-13 08:45:00,33.08,08:45:00
2026-04-13 09:00:00,28.21,09:00:00
2026-04-13 09:15:00,25.57,09:15:00
2026-04-13 09:30:00,24.55,09:30:00
2026-04-13 09:45:00,21.54,09:45:00
2026-04-13 10:00:00,19.01,10:00:00
2026-04-13 10:15:00,16.75,10:15:00
2026-04-13 10:30:00,15.76,10:30:00
2026-04-13 10:45:00,14.71,10:45:00
2026-04-13 11:00:00,13.82,11:00:00
2026-04-13 11:15:00,13.27,11:15:00
2026-04-13 11:30:00,12.94,11:30:00
2026-04-13 11:45:00,13.21,11:45:00
2026-04-13 12:00:00,13.63,12:00:00
2026-04-13 12:15:00,13.49,12:15:00
2026-04-13 12:30:00,13.4,12:30:00
2026-04-13 12:45:00,13.61,12:45:00
2026-04-13 13:00:00,13.9,13:00:00
2026-04-13 13:15:00,14.18,13:15:00
2026-04-13 13:30:00,14.46,13:30:00
2026-04-13 13:45:00,14.47,13:45:00
2026-04-13 14:00:00,13.79,14:00:00
2026-04-13 14:15:00,13.79,14:15:00
2026-04-13 14:30:00,14.09,14:30:00
2026-04-13 14:45:00,14.24,14:45:00
2026-04-13 15:00:00,14.0,15:00:00
2026-04-13 15:15:00,14.09,15:15:00
2026-04-13 15:30:00,14.41,15:30:00
2026-04-13 15:45:00,15.3,15:45:00
2026-04-13 16:00:00,17.26,16:00:00
2026-04-13 16:15:00,20.77,16:15:00
2026-04-13 16:30:00,23.47,16:30:00
2026-04-13 16:45:00,26.04,16:45:00
2026-04-13 17:00:00,27.27,17:00:00
2026-04-13 17:15:00,28.18,17:15:00
2026-04-13 17:30:00,28.74,17:30:00
2026-04-13 17:45:00,28.71,17:45:00
2026-04-13 18:00:00,30.48,18:00:00
2026-04-13 18:15:00,31.08,18:15:00
2026-04-13 18:30:00,31.34,18:30:00
2026-04-13 18:45:00,31.48,18:45:00
2026-04-13 19:00:00,32.62,19:00:00
2026-04-13 19:15:00,33.78,19:15:00
2026-04-13 19:30:00,33.01,19:30:00
2026-04-13 19:45:00,32.47,19:45:00
2026-04-13 20:00:00,34.15,20:00:00
2026-04-13 20:15:00,35.01,20:15:00
2026-04-13 20:30:00,34.72,20:30:00
2026-04-13 20:45:00,33.94,20:45:00
2026-04-13 21:00:00,33.73,21:00:00
2026-04-13 21:15:00,32.69,21:15:00
2026-04-13 21:30:00,32.13,21:30:00
2026-04-13 21:45:00,32.58,21:45:00
2026-04-13 22:00:00,34.58,22:00:00
2026-04-13 22:15:00,34.38,22:15:00
2026-04-13 22:30:00,33.41,22:30:00
2026-04-13 22:45:00,31.77,22:45:00
2026-04-13 23:00:00,31.66,23:00:00
2026-04-13 23:15:00,31.09,23:15:00
2026-04-13 23:30:00,30.83,23:30:00
2026-04-13 23:45:00,29.28,23:45:00
2026-04-14 00:00:00,27.78,00:00:00
2026-04-14 00:15:00,26.05,00:15:00
2026-04-14 00:30:00,25.41,00:30:00
2026-04-14 00:45:00,24.78,00:45:00
2026-04-14 01:00:00,24.61,01:00:00
2026-04-14 01:15:00,24.14,01:15:00
2026-04-14 01:30:00,23.8,01:30:00
2026-04-14 01:45:00,23.4,01:45:00
2026-04-14 02:00:00,23.84,02:00:00
2026-04-14 02:15:00,24.86,02:15:00
2026-04-14 02:30:00,24.05,02:30:00
2026-04-14 02:45:00,24.06,02:45:00
2026-04-14 03:00:00,24.21,03:00:00
2026-04-14 03:15:00,24.55,03:15:00
2026-04-14 03:30:00,26.85,03:30:00
2026-04-14 03:45:00,30.1,03:45:00
2026-04-14 04:00:00,32.91,04:00:00
2026-04-14 04:15:00,35.26,04:15:00
2026-04-14 04:30:00,36.23,04:30:00
2026-04-14 04:45:00,36.11,04:45:00
2026-04-14 05:00:00,35.88,05:00:00
2026-04-14 05:15:00,35.97,05:15:00
2026-04-14 05:30:00,35.79,05:30:00
2026-04-14 05:45:00,35.26,05:45:00
2026-04-14 06:00:00,35.22,06:00:00
2026-04-14 06:15:00,34.38,06:15:00
2026-04-14 06:30:00,33.01,06:30:00
2026-04-14 06:45:00,32.29,06:45:00
2026-04-14 07:00:00,31.84,07:00:00
2026-04-14 07:15:00,31.31,07:15:00
2026-04-14 07:30:00,29.21,07:30:00
2026-04-14 07:45:00,26.84,07:45:00
2026-04-14 08:00:00,24.88,08:00:00
2026-04-14 08:15:00,22.41,08:15:00
2026-04-14 08:30:00,19.87,08:30:00
2026-04-14 08:45:00,18.54,08:45:00
2026-04-14 09:00:00,18.32,09:00:00
2026-04-14 09:15:00,17.37,09:15:00
2026-04-14 09:30:00,16.62,09:30:00
2026-04-14 09:45:00,16.29,09:45:00
2026-04-14 10:00:00,17.2,10:00:00
2026-04-14 10:15:00,17.07,10:15:00
2026-04-14 10:30:00,17.92,10:30:00
2026-04-14 10:45:00,17.69,10:45:00
2026-04-14 11:00:00,17.56,11:00:00
2026-04-14 11:15:00,16.5,11:15:00
2026-04-14 11:30:00,14.62,11:30:00
2026-04-14 11:45:00,14.55,11:45:00
2026-04-14 12:00:00,14.14,12:00:00
2026-04-14 12:15:00,13.41,12:15:00
2026-04-14 12:30:00,13.58,12:30:00
2026-04-14 12:45:00,13.68,12:45:00
2026-04-14 13:00:00,13.53,13:00:00
2026-04-14 13:15:00,14.08,13:15:00
2026-04-14 13:30:00,13.83,13:30:00
2026-04-14 13:45:00,14.15,13:45:00
2026-04-14 14:00:00,13.79,14:00:00
2026-04-14 14:15:00,13.37,14:15:00
2026-04-14 14:30:00,13.64,14:30:00
2026-04-14 14:45:00,13.71,14:45:00
2026-04-14 15:00:00,13.91,15:00:00
2026-04-14 15:15:00,14.14,15:15:00
2026-04-14 15:30:00,14.55,15:30:00
2026-04-14 15:45:00,14.4,15:45:00
2026-04-14 16:00:00,15.04,16:00:00
2026-04-14 16:15:00,16.33,16:15:00
2026-04-14 16:30:00,18.43,16:30:00
2026-04-14 16:45:00,20.56,16:45:00
2026-04-14 17:00:00,22.52,17:00:00
2026-04-14 17:15:00,24.65,17:15:00
2026-04-14 17:30:00,26.1,17:30:00
2026-04-14 17:45:00,27.64,17:45:00
2026-04-14 18:00:00,29.12,18:00:00
2026-04-14 18:15:00,31.8,18:15:00
2026-04-14 18:30:00,32.81,18:30:00
2026-04-14 18:45:00,34.79,18:45:00
2026-04-14 19:00:00,34.99,19:00:00
2026-04-14 19:15:00,35.0,19:15:00
2026-04-14 19:30:00,35.0,19:30:00
2026-04-14 19:45:00,34.68,19:45:00
2026-04-14 20:00:00,34.14,20:00:00
2026-04-14 20:15:00,33.24,20:15:00
2026-04-14 20:30:00,30.66,20:30:00
2026-04-14 20:45:00,28.32,20:45:00
2026-04-14 21:00:00,28.29,21:00:00
2026-04-14 21:15:00,27.73,21:15:00
2026-04-14 21:30:00,27.7,21:30:00
2026-04-14 21:45:00,25.98,21:45:00
2026-04-14 22:00:00,25.86,22:00:00
2026-04-14 22:15:00,26.79,22:15:00
2026-04-14 22:30:00,25.97,22:30:00
2026-04-14 22:45:00,25.34,22:45:00
2026-04-14 23:00:00,25.12,23:00:00
2026-04-14 23:15:00,23.25,23:15:00
2026-04-14 23:30:00,23.56,23:30:00
2026-04-14 23:45:00,23.73,23:45:00
2026-04-15 00:00:00,22.86,00:00:00
2026-04-15 00:15:00,22.19,00:15:00
2026-04-15 00:30:00,20.76,00:30:00
2026-04-15 00:45:00,18.23,00:45:00
2026-04-15 01:00:00,17.92,01:00:00
2026-04-15 01:15:00,18.07,01:15:00
2026-04-15 01:30:00,17.1,01:30:00
2026-04-15 01:45:00,15.55,01:45:00
2026-04-15 02:00:00,15.5,02:00:00
2026-04-15 02:15:00,15.39,02:15:00
2026-04-15 02:30:00,15.54,02:30:00
2026-04-15 02:45:00,15.38,02:45:00
2026-04-15 03:00:00,16.47,03:00:00
2026-04-15 03:15:00,16.06,03:15:00
2026-04-15 03:30:00,15.99,03:30:00
2026-04-15 03:45:00,16.57,03:45:00
2026-04-15 04:00:00,17.12,04:00:00
2026-04-15 04:15:00,18.39,04:15:00
2026-04-15 04:30:00,18.15,04:30:00
2026-04-15 04:45:00,20.0,04:45:00
2026-04-15 05:00:00,19.9,05:00:00
2026-04-15 05:15:00,20.03,05:15:00
2026-04-15 05:30:00,19.95,05:30:00
2026-04-15 05:45:00,19.85,05:45:00
2026-04-15 06:00:00,19.1,06:00:00
2026-04-15 06:15:00,17.36,06:15:00
2026-04-15 06:30:00,17.24,06:30:00
2026-04-15 06:45:00,17.26,06:45:00
2026-04-15 07:00:00,16.87,07:00:00
2026-04-15 07:15:00,16.29,07:15:00
2026-04-15 07:30:00,15.18,07:30:00
2026-04-15 07:45:00,14.09,07:45:00
2026-04-15 08:00:00,13.8,08:00:00
2026-04-15 08:15:00,13.69,08:15:00
2026-04-15 08:30:00,13.57,08:30:00
2026-04-15 08:45:00,13.22,08:45:00
2026-04-15 09:00:00,12.01,09:00:00
2026-04-15 09:15:00,11.87,09:15:00
2026-04-15 09:30:00,12.13,09:30:00
2026-04-15 09:45:00,11.88,09:45:00
2026-04-15 10:00:00,11.72,10:00:00
2026-04-15 10:15:00,11.73,10:15:00
2026-04-15 10:30:00,11.62,10:30:00
2026-04-15 10:45:00,11.75,10:45:00
2026-04-15 11:00:00,11.73,11:00:00
2026-04-15 11:15:00,11.71,11:15:00
2026-04-15 11:30:00,11.87,11:30:00
2026-04-15 11:45:00,12.05,11:45:00
2026-04-15 12:00:00,13.34,12:00:00
2026-04-15 12:15:00,13.45,12:15:00
2026-04-15 12:30:00,13.31,12:30:00
2026-04-15 12:45:00,13.82,12:45:00
2026-04-15 13:00:00,14.38,13:00:00
2026-04-15 13:15:00,14.51,13:15:00
2026-04-15 13:30:00,15.33,13:30:00
2026-04-15 13:45:00,15.71,13:45:00
2026-04-15 14:00:00,16.16,14:00:00
2026-04-15 14:15:00,16.82,14:15:00
2026-04-15 14:30:00,17.15,14:30:00
2026-04-15 14:45:00,17.38,14:45:00
2026-04-15 15:00:00,17.45,15:00:00
2026-04-15 15:15:00,17.07,15:15:00
2026-04-15 15:30:00,17.09,15:30:00
2026-04-15 15:45:00,18.05,15:45:00
2026-04-15 16:00:00,18.0,16:00:00
2026-04-15 16:15:00,18.57,16:15:00
2026-04-15 16:30:00,19.78,16:30:00
2026-04-15 16:45:00,20.96,16:45:00
2026-04-15 17:00:00,23.27,17:00:00
2026-04-15 17:15:00,25.54,17:15:00
2026-04-15 17:30:00,29.99,17:30:00
2026-04-15 17:45:00,32.52,17:45:00
2026-04-15 18:00:00,33.7,18:00:00
2026-04-15 18:15:00,33.51,18:15:00
2026-04-15 18:30:00,33.08,18:30:00
2026-04-15 18:45:00,33.27,18:45:00
2026-04-15 19:00:00,32.76,19:00:00
2026-04-15 19:15:00,32.72,19:15:00
2026-04-15 19:30:00,32.69,19:30:00
2026-04-15 19:45:00,31.58,19:45:00
2026-04-15 20:00:00,30.84,20:00:00
2026-04-15 20:15:00,30.46,20:15:00
2026-04-15 20:30:00,30.22,20:30:00
2026-04-15 20:45:00,30.48,20:45:00
2026-04-15 21:00:00,30.2,21:00:00
2026-04-15 21:15:00,28.25,21:15:00
2026-04-15 21:30:00,27.46,21:30:00
2026-04-15 21:45:00,28.14,21:45:00
2026-04-15 22:00:00,26.24,22:00:00
2026-04-15 22:15:00,25.68,22:15:00
2026-04-15 22:30:00,25.28,22:30:00
2026-04-15 22:45:00,24.83,22:45:00
2026-04-15 23:00:00,24.69,23:00:00
2026-04-15 23:15:00,24.58,23:15:00
2026-04-15 23:30:00,24.41,23:30:00
2026-04-15 23:45:00,23.43,23:45:00
2026-04-16 00:00:00,22.83,00:00:00
2026-04-16 00:15:00,21.66,00:15:00
2026-04-16 00:30:00,21.15,00:30:00
2026-04-16 00:45:00,21.01,00:45:00
2026-04-16 01:00:00,21.93,01:00:00
2026-04-16 01:15:00,21.93,01:15:00
2026-04-16 01:30:00,21.84,01:30:00
2026-04-16 01:45:00,21.8,01:45:00
2026-04-16 02:00:00,20.95,02:00:00
2026-04-16 02:15:00,19.7,02:15:00
2026-04-16 02:30:00,19.8,02:30:00
2026-04-16 02:45:00,20.21,02:45:00
2026-04-16 03:00:00,20.71,03:00:00
2026-04-16 03:15:00,20.95,03:15:00
2026-04-16 03:30:00,21.03,03:30:00
2026-04-16 03:45:00,22.52,03:45:00
2026-04-16 04:00:00,27.59,04:00:00
2026-04-16 04:15:00,30.76,04:15:00
2026-04-16 04:30:00,32.91,04:30:00
2026-04-16 04:45:00,35.36,04:45:00
2026-04-16 05:00:00,34.6,05:00:00
2026-04-16 05:15:00,33.85,05:15:00
2026-04-16 05:30:00,33.56,05:30:00
2026-04-16 05:45:00,33.05,05:45:00
2026-04-16 06:00:00,31.38,06:00:00
2026-04-16 06:15:00,26.97,06:15:00
2026-04-16 06:30:00,26.06,06:30:00
2026-04-16 06:45:00,26.53,06:45:00
2026-04-16 07:00:00,25.99,07:00:00
2026-04-16 07:15:00,23.87,07:15:00
2026-04-16 07:30:00,20.85,07:30:00
2026-04-16 07:45:00,17.68,07:45:00
2026-04-16 08:00:00,16.32,08:00:00
2026-04-16 08:15:00,13.55,08:15:00
2026-04-16 08:30:00,12.45,08:30:00
2026-04-16 08:45:00,11.98,08:45:00
2026-04-16 09:00:00,11.51,09:00:00
2026-04-16 09:15:00,11.64,09:15:00
2026-04-16 09:30:00,11.2,09:30:00
2026-04-16 09:45:00,11.23,09:45:00
2026-04-16 10:00:00,11.3,10:00:00
2026-04-16 10:15:00,11.48,10:15:00
2026-04-16 10:30:00,11.23,10:30:00
2026-04-16 10:45:00,11.18,10:45:00
2026-04-16 11:00:00,11.29,11:00:00
2026-04-16 11:15:00,11.24,11:15:00
2026-04-16 11:30:00,11.38,11:30:00
2026-04-16 11:45:00,11.43,11:45:00
2026-04-16 12:00:00,11.6,12:00:00
2026-04-16 12:15:00,11.56,12:15:00
2026-04-16 12:30:00,11.44,12:30:00
2026-04-16 12:45:00,11.65,12:45:00
2026-04-16 13:00:00,11.9,13:00:00
2026-04-16 13:15:00,12.32,13:15:00
2026-04-16 13:30:00,12.32,13:30:00
2026-04-16 13:45:00,12.86,13:45:00
2026-04-16 14:00:00,13.84,14:00:00
2026-04-16 14:15:00,13.61,14:15:00
2026-04-16 14:30:00,13.92,14:30:00
2026-04-16 14:45:00,14.14,14:45:00
2026-04-16 15:00:00,14.18,15:00:00
2026-04-16 15:15:00,14.34,15:15:00
2026-04-16 15:30:00,14.55,15:30:00
2026-04-16 15:45:00,16.18,15:45:00
2026-04-16 16:00:00,16.75,16:00:00
2026-04-16 16:15:00,16.77,16:15:00
2026-04-16 16:30:00,18.49,16:30:00
2026-04-16 16:45:00,21.77,16:45:00
2026-04-16 17:00:00,25.4,17:00:00
2026-04-16 17:15:00,29.14,17:15:00
2026-04-16 17:30:00,32.66,17:30:00
2026-04-16 17:45:00,34.18,17:45:00
2026-04-16 18:00:00,35.49,18:00:00
2026-04-16 18:15:00,34.26,18:15:00
2026-04-16 18:30:00,32.51,18:30:00
2026-04-16 18:45:00,31.13,18:45:00
2026-04-16 19:00:00,32.74,19:00:00
2026-04-16 19:15:00,35.68,19:15:00
2026-04-16 19:30:00,35.24,19:30:00
2026-04-16 19:45:00,34.52,19:45:00
2026-04-16 20:00:00,34.51,20:00:00
2026-04-16 20:15:00,34.51,20:15:00
2026-04-16 20:30:00,34.24,20:30:00
2026-04-16 20:45:00,34.32,20:45:00
2026-04-16 21:00:00,34.51,21:00:00
2026-04-16 21:15:00,34.55,21:15:00
2026-04-16 21:30:00,34.49,21:30:00
2026-04-16 21:45:00,35.02,21:45:00
2026-04-16 22:00:00,33.0,22:00:00
2026-04-16 22:15:00,30.3,22:15:00
2026-04-16 22:30:00,28.55,22:30:00
2026-04-16 22:45:00,26.4,22:45:00
2026-04-16 23:00:00,21.9,23:00:00
2026-04-16 23:15:00,17.31,23:15:00
2026-04-16 23:30:00,16.12,23:30:00
2026-04-16 23:45:00,15.92,23:45:00
2026-04-17 00:00:00,14.77,00:00:00
2026-04-17 00:15:00,13.8,00:15:00
2026-04-17 00:30:00,13.47,00:30:00
2026-04-17 00:45:00,13.61,00:45:00
2026-04-17 01:00:00,13.63,01:00:00
2026-04-17 01:15:00,13.4,01:15:00
2026-04-17 01:30:00,13.52,01:30:00
2026-04-17 01:45:00,13.6,01:45:00
2026-04-17 02:00:00,13.39,02:00:00
2026-04-17 02:15:00,13.61,02:15:00
2026-04-17 02:30:00,13.73,02:30:00
2026-04-17 02:45:00,13.77,02:45:00
2026-04-17 03:00:00,13.45,03:00:00
2026-04-17 03:15:00,13.39,03:15:00
2026-04-17 03:30:00,13.55,03:30:00
2026-04-17 03:45:00,13.24,03:45:00
2026-04-17 04:00:00,13.94,04:00:00
2026-04-17 04:15:00,15.45,04:15:00
2026-04-17 04:30:00,16.06,04:30:00
2026-04-17 04:45:00,15.85,04:45:00
2026-04-17 05:00:00,16.25,05:00:00
2026-04-17 05:15:00,18.08,05:15:00
2026-04-17 05:30:00,18.48,05:30:00
2026-04-17 05:45:00,18.2,05:45:00
2026-04-17 06:00:00,18.15,06:00:00
2026-04-17 06:15:00,18.02,06:15:00
2026-04-17 06:30:00,17.66,06:30:00
2026-04-17 06:45:00,17.62,06:45:00
2026-04-17 07:00:00,17.64,07:00:00
2026-04-17 07:15:00,17.98,07:15:00
2026-04-17 07:30:00,16.85,07:30:00
2026-04-17 07:45:00,15.01,07:45:00
2026-04-17 08:00:00,15.04,08:00:00
2026-04-17 08:15:00,14.72,08:15:00
2026-04-17 08:30:00,13.86,08:30:00
2026-04-17 08:45:00,12.62,08:45:00
2026-04-17 09:00:00,11.79,09:00:00
2026-04-17 09:15:00,11.64,09:15:00
2026-04-17 09:30:00,11.58,09:30:00
2026-04-17 09:45:00,11.58,09:45:00
2026-04-17 10:00:00,11.45,10:00:00
2026-04-17 10:15:00,11.32,10:15:00
2026-04-17 10:30:00,11.34,10:30:00
2026-04-17 10:45:00,11.52,10:45:00
2026-04-17 11:00:00,11.43,11:00:00
2026-04-17 11:15:00,11.32,11:15:00
2026-04-17 11:30:00,11.32,11:30:00
2026-04-17 11:45:00,11.53,11:45:00
2026-04-17 12:00:00,11.35,12:00:00
2026-04-17 12:15:00,11.17,12:15:00
2026-04-17 12:30:00,11.48,12:30:00
2026-04-17 12:45:00,11.58,12:45:00
2026-04-17 13:00:00,11.48,13:00:00
2026-04-17 13:15:00,11.69,13:15:00
2026-04-17 13:30:00,12.05,13:30:00
2026-04-17 13:45:00,11.94,13:45:00
2026-04-17 14:00:00,12.14,14:00:00
2026-04-17 14:15:00,12.35,14:15:00
2026-04-17 14:30:00,12.66,14:30:00
2026-04-17 14:45:00,12.71,14:45:00
2026-04-17 15:00:00,12.66,15:00:00
2026-04-17 15:15:00,12.99,15:15:00
2026-04-17 15:30:00,13.18,15:30:00
2026-04-17 15:45:00,13.23,15:45:00
2026-04-17 16:00:00,13.37,16:00:00
2026-04-17 16:15:00,13.71,16:15:00
2026-04-17 16:30:00,14.74,16:30:00
2026-04-17 16:45:00,15.52,16:45:00
2026-04-17 17:00:00,16.08,17:00:00
2026-04-17 17:15:00,17.79,17:15:00
2026-04-17 17:30:00,19.27,17:30:00
2026-04-17 17:45:00,20.41,17:45:00
2026-04-17 18:00:00,21.46,18:00:00
2026-04-17 18:15:00,20.09,18:15:00
2026-04-17 18:30:00,20.02,18:30:00
2026-04-17 18:45:00,18.89,18:45:00
2026-04-17 19:00:00,18.83,19:00:00
2026-04-17 19:15:00,18.94,19:15:00
2026-04-17 19:30:00,19.08,19:30:00
2026-04-17 19:45:00,19.22,19:45:00
2026-04-17 20:00:00,19.32,20:00:00
2026-04-17 20:15:00,19.25,20:15:00
2026-04-17 20:30:00,19.1,20:30:00
2026-04-17 20:45:00,20.66,20:45:00
2026-04-17 21:00:00,20.51,21:00:00
2026-04-17 21:15:00,19.99,21:15:00
2026-04-17 21:30:00,17.45,21:30:00
2026-04-17 21:45:00,17.85,21:45:00
2026-04-17 22:00:00,17.29,22:00:00
2026-04-17 22:15:00,18.15,22:15:00
2026-04-17 22:30:00,16.59,22:30:00
2026-04-17 22:45:00,14.01,22:45:00
2026-04-17 23:00:00,13.71,23:00:00
2026-04-17 23:15:00,13.84,23:15:00
2026-04-17 23:30:00,13.57,23:30:00
2026-04-17 23:45:00,13.78,23:45:00
2026-04-18 00:00:00,13.78,00:00:00
2026-04-18 00:15:00,13.59,00:15:00
2026-04-18 00:30:00,13.48,00:30:00
2026-04-18 00:45:00,13.56,00:45:00
2026-04-18 01:00:00,13.86,01:00:00
2026-04-18 01:15:00,13.9,01:15:00
2026-04-18 01:30:00,13.89,01:30:00
2026-04-18 01:45:00,13.97,01:45:00
2026-04-18 02:00:00,13.72,02:00:00
2026-04-18 02:15:00,13.71,02:15:00
2026-04-18 02:30:00,13.82,02:30:00
2026-04-18 02:45:00,13.96,02:45:00
2026-04-18 03:00:00,13.7,03:00:00
2026-04-18 03:15:00,13.62,03:15:00
2026-04-18 03:30:00,13.62,03:30:00
2026-04-18 03:45:00,13.63,03:45:00
2026-04-18 04:00:00,13.63,04:00:00
2026-04-18 04:15:00,13.62,04:15:00
2026-04-18 04:30:00,13.69,04:30:00
2026-04-18 04:45:00,13.7,04:45:00
2026-04-18 05:00:00,13.52,05:00:00
2026-04-18 05:15:00,13.41,05:15:00
2026-04-18 05:30:00,13.53,05:30:00
2026-04-18 05:45:00,13.22,05:45:00
2026-04-18 06:00:00,13.06,06:00:00
2026-04-18 06:15:00,13.1,06:15:00
2026-04-18 06:30:00,13.08,06:30:00
2026-04-18 06:45:00,12.92,06:45:00
2026-04-18 07:00:00,13.01,07:00:00
2026-04-18 07:15:00,13.06,07:15:00
2026-04-18 07:30:00,12.99,07:30:00
2026-04-18 07:45:00,13.04,07:45:00
2026-04-18 08:00:00,13.73,08:00:00
2026-04-18 08:15:00,14.16,08:15:00
2026-04-18 08:30:00,14.05,08:30:00
2026-04-18 08:45:00,13.88,08:45:00
2026-04-18 09:00:00,14.32,09:00:00
2026-04-18 09:15:00,15.53,09:15:00
2026-04-18 09:30:00,15.54,09:30:00
2026-04-18 09:45:00,15.56,09:45:00
2026-04-18 10:00:00,15.45,10:00:00
2026-04-18 10:15:00,14.91,10:15:00
2026-04-18 10:30:00,14.55,10:30:00
2026-04-18 10:45:00,14.45,10:45:00
2026-04-18 11:00:00,13.99,11:00:00
2026-04-18 11:15:00,13.75,11:15:00
2026-04-18 11:30:00,13.81,11:30:00
2026-04-18 11:45:00,13.82,11:45:00
2026-04-18 12:00:00,13.72,12:00:00
2026-04-18 12:15:00,13.63,12:15:00
2026-04-18 12:30:00,13.72,12:30:00
2026-04-18 12:45:00,13.98,12:45:00
2026-04-18 13:00:00,14.08,13:00:00
2026-04-18 13:15:00,13.78,13:15:00
2026-04-18 13:30:00,14.07,13:30:00
2026-04-18 13:45:00,14.47,13:45:00
2026-04-18 14:00:00,14.8,14:00:00
2026-04-18 14:15:00,15.07,14:15:00
2026-04-18 14:30:00,15.33,14:30:00
2026-04-18 14:45:00,15.4,14:45:00
2026-04-18 15:00:00,15.06,15:00:00
2026-04-18 15:15:00,14.56,15:15:00
2026-04-18 15:30:00,15.01,15:30:00
2026-04-18 15:45:00,15.0,15:45:00
2026-04-18 16:00:00,14.65,16:00:00
2026-04-18 16:15:00,14.67,16:15:00
2026-04-18 16:30:00,14.41,16:30:00
2026-04-18 16:45:00,14.34,16:45:00
2026-04-18 17:00:00,14.52,17:00:00
2026-04-18 17:15:00,15.03,17:15:00
2026-04-18 17:30:00,14.73,17:30:00
2026-04-18 17:45:00,14.16,17:45:00
2026-04-18 18:00:00,14.3,18:00:00
2026-04-18 18:15:00,13.25,18:15:00
2026-04-18 18:30:00,13.24,18:30:00
2026-04-18 18:45:00,13.19,18:45:00
2026-04-18 19:00:00,13.1,19:00:00
2026-04-18 19:15:00,12.91,19:15:00
2026-04-18 19:30:00,12.78,19:30:00
2026-04-18 19:45:00,12.61,19:45:00
2026-04-18 20:00:00,12.59,20:00:00
2026-04-18 20:15:00,12.52,20:15:00
2026-04-18 20:30:00,12.47,20:30:00
2026-04-18 20:45:00,12.41,20:45:00
2026-04-18 21:00:00,12.42,21:00:00
2026-04-18 21:15:00,12.43,21:15:00
2026-04-18 21:30:00,12.11,21:30:00
2026-04-18 21:45:00,12.02,21:45:00
2026-04-18 22:00:00,12.06,22:00:00
2026-04-18 22:15:00,12.04,22:15:00
2026-04-18 22:30:00,12.06,22:30:00
2026-04-18 22:45:00,12.08,22:45:00
2026-04-18 23:00:00,12.14,23:00:00
2026-04-18 23:15:00,12.21,23:15:00
2026-04-18 23:30:00,12.2,23:30:00
2026-04-18 23:45:00,12.28,23:45:00
2026-04-19 00:00:00,12.37,00:00:00
2026-04-19 00:15:00,12.34,00:15:00
2026-04-19 00:30:00,12.44,00:30:00
2026-04-19 00:45:00,12.64,00:45:00
2026-04-19 01:00:00,12.76,01:00:00
2026-04-19 01:15:00,12.77,01:15:00
2026-04-19 01:30:00,12.85,01:30:00
2026-04-19 01:45:00,12.96,01:45:00
2026-04-19 02:00:00,12.98,02:00:00
2026-04-19 02:15:00,13.0,02:15:00
2026-04-19 02:30:00,13.07,02:30:00
2026-04-19 02:45:00,13.11,02:45:00
2026-04-19 03:00:00,13.06,03:00:00
2026-04-19 03:15:00,13.11,03:15:00
2026-04-19 03:30:00,12.96,03:30:00
2026-04-19 03:45:00,12.91,03:45:00
2026-04-19 04:00:00,12.84,04:00:00
2026-04-19 04:15:00,12.78,04:15:00
2026-04-19 04:30:00,12.7,04:30:00
2026-04-19 04:45:00,12.73,04:45:00
2026-04-19 05:00:00,12.62,05:00:00
2026-04-19 05:15:00,12.46,05:15:00
2026-04-19 05:30:00,12.41,05:30:00
2026-04-19 05:45:00,12.48,05:45:00
2026-04-19 06:00:00,12.56,06:00:00
2026-04-19 06:15:00,12.69,06:15:00
2026-04-19 06:30:00,12.76,06:30:00
2026-04-19 06:45:00,12.86,06:45:00
2026-04-19 07:00:00,13.2,07:00:00
2026-04-19 07:15:00,13.35,07:15:00
2026-04-19 07:30:00,13.45,07:30:00
2026-04-19 07:45:00,13.17,07:45:00
2026-04-19 08:00:00,13.28,08:00:00
2026-04-19 08:15:00,13.64,08:15:00
2026-04-19 08:30:00,14.3,08:30:00
2026-04-19 08:45:00,14.21,08:45:00
2026-04-19 09:00:00,13.91,09:00:00
2026-04-19 09:15:00,14.08,09:15:00
2026-04-19 09:30:00,14.29,09:30:00
2026-04-19 09:45:00,14.26,09:45:00
2026-04-19 10:00:00,13.88,10:00:00
2026-04-19 10:15:00,13.61,10:15:00
2026-04-19 10:30:00,13.58,10:30:00
2026-04-19 10:45:00,13.33,10:45:00
2026-04-19 11:00:00,13.48,11:00:00
2026-04-19 11:15:00,14.1,11:15:00
2026-04-19 11:30:00,14.03,11:30:00
2026-04-19 11:45:00,13.66,11:45:00
2026-04-19 12:00:00,13.3,12:00:00
2026-04-19 12:15:00,13.34,12:15:00
2026-04-19 12:30:00,13.37,12:30:00
2026-04-19 12:45:00,13.36,12:45:00
2026-04-19 13:00:00,13.42,13:00:00
2026-04-19 13:15:00,13.49,13:15:00
2026-04-19 13:30:00,13.6,13:30:00
2026-04-19 13:45:00,13.56,13:45:00
2026-04-19 14:00:00,13.89,14:00:00
2026-04-19 14:15:00,13.88,14:15:00
2026-04-19 14:30:00,13.94,14:30:00
2026-04-19 14:45:00,14.47,14:45:00
2026-04-19 15:00:00,15.04,15:00:00
2026-04-19 15:15:00,14.39,15:15:00
2026-04-19 15:30:00,15.08,15:30:00
2026-04-19 15:45:00,15.3,15:45:00
2026-04-19 16:00:00,15.57,16:00:00
2026-04-19 16:15:00,14.5,16:15:00
2026-04-19 16:30:00,14.31,16:30:00
2026-04-19 16:45:00,14.87,16:45:00
2026-04-19 17:00:00,14.68,17:00:00
2026-04-19 17:15:00,14.21,17:15:00
2026-04-19 17:30:00,13.34,17:30:00
2026-04-19 17:45:00,13.38,17:45:00
2026-04-19 18:00:00,13.36,18:00:00
2026-04-19 18:15:00,12.59,18:15:00
2026-04-19 18:30:00,12.53,18:30:00
2026-04-19 18:45:00,12.34,18:45:00
2026-04-19 19:00:00,12.25,19:00:00
2026-04-19 19:15:00,12.17,19:15:00
2026-04-19 19:30:00,12.21,19:30:00
2026-04-19 19:45:00,12.1,19:45:00
2026-04-19 20:00:00,12.07,20:00:00
2026-04-19 20:15:00,11.94,20:15:00
2026-04-19 20:30:00,11.7,20:30:00
2026-04-19 20:45:00,11.59,20:45:00
2026-04-19 21:00:00,11.57,21:00:00
2026-04-19 21:15:00,11.6,21:15:00
2026-04-19 21:30:00,11.6,21:30:00
2026-04-19 21:45:00,11.68,21:45:00
2026-04-19 22:00:00,11.96,22:00:00
2026-04-19 22:15:00,11.91,22:15:00
2026-04-19 22:30:00,11.9,22:30:00
2026-04-19 22:45:00,11.92,22:45:00
2026-04-19 23:00:00,11.87,23:00:00
2026-04-19 23:15:00,11.8,23:15:00
2026-04-19 23:30:00,11.86,23:30:00
2026-04-19 23:45:00,12.02,23:45:00
2026-04-20 00:00:00,12.19,00:00:00
2026-04-20 00:15:00,12.24,00:15:00
2026-04-20 00:30:00,12.45,00:30:00
2026-04-20 00:45:00,12.61,00:45:00
2026-04-20 01:00:00,12.7,01:00:00
2026-04-20 01:15:00,12.74,01:15:00
2026-04-20 01:30:00,12.81,01:30:00
2026-04-20 01:45:00,12.74,01:45:00
2026-04-20 02:00:00,12.83,02:00:00
2026-04-20 02:15:00,12.81,02:15:00
2026-04-20 02:30:00,12.89,02:30:00
2026-04-20 02:45:00,12.74,02:45:00
2026-04-20 03:00:00,12.69,03:00:00
2026-04-20 03:15:00,12.59,03:15:00
2026-04-20 03:30:00,12.48,03:30:00
2026-04-20 03:45:00,12.39,03:45:00
2026-04-20 04:00:00,12.15,04:00:00
2026-04-20 04:15:00,12.07,04:15:00
2026-04-20 04:30:00,12.04,04:30:00
2026-04-20 04:45:00,11.97,04:45:00
2026-04-20 05:00:00,11.81,05:00:00
2026-04-20 05:15:00,11.72,05:15:00
2026-04-20 05:30:00,11.66,05:30:00
2026-04-20 05:45:00,11.61,05:45:00
2026-04-20 06:00:00,11.62,06:00:00
2026-04-20 06:15:00,11.57,06:15:00
2026-04-20 06:30:00,11.57,06:30:00
2026-04-20 06:45:00,11.56,06:45:00
2026-04-20 07:00:00,11.67,07:00:00
2026-04-20 07:15:00,11.71,07:15:00
2026-04-20 07:30:00,11.63,07:30:00
2026-04-20 07:45:00,11.49,07:45:00
2026-04-20 08:00:00,11.4,08:00:00
2026-04-20 08:15:00,11.29,08:15:00
2026-04-20 08:30:00,11.06,08:30:00
2026-04-20 08:45:00,10.95,08:45:00
2026-04-20 09:00:00,10.97,09:00:00
2026-04-20 09:15:00,10.97,09:15:00
2026-04-20 09:30:00,10.94,09:30:00
2026-04-20 09:45:00,10.98,09:45:00
2026-04-20 10:00:00,10.94,10:00:00
2026-04-20 10:15:00,10.9,10:15:00
2026-04-20 10:30:00,11.01,10:30:00
2026-04-20 10:45:00,11.35,10:45:00
2026-04-20 11:00:00,11.44,11:00:00
2026-04-20 11:15:00,11.52,11:15:00
2026-04-20 11:30:00,11.39,11:30:00
2026-04-20 11:45:00,11.5,11:45:00
2026-04-20 12:00:00,11.64,12:00:00
2026-04-20 12:15:00,11.68,12:15:00
2026-04-20 12:30:00,11.45,12:30:00
2026-04-20 12:45:00,11.57,12:45:00
2026-04-20 13:00:00,11.79,13:00:00
2026-04-20 13:15:00,11.27,13:15:00
2026-04-20 13:30:00,11.24,13:30:00
2026-04-20 13:45:00,11.53,13:45:00
2026-04-20 14:00:00,11.62,14:00:00
2026-04-20 14:15:00,11.54,14:15:00
2026-04-20 14:30:00,11.72,14:30:00
2026-04-20 14:45:00,12.18,14:45:00
2026-04-20 15:00:00,12.28,15:00:00
2026-04-20 15:15:00,12.26,15:15:00
2026-04-20 15:30:00,12.43,15:30:00
2026-04-20 15:45:00,12.66,15:45:00
2026-04-20 16:00:00,12.38,16:00:00
2026-04-20 16:15:00,12.19,16:15:00
2026-04-20 16:30:00,12.39,16:30:00
2026-04-20 16:45:00,12.36,16:45:00
2026-04-20 17:00:00,12.32,17:00:00
2026-04-20 17:15:00,12.29,17:15:00
2026-04-20 17:30:00,12.45,17:30:00
2026-04-20 17:45:00,12.47,17:45:00
2026-04-20 18:00:00,12.31,18:00:00
2026-04-20 18:15:00,12.39,18:15:00
2026-04-20 18:30:00,12.41,18:30:00
2026-04-20 18:45:00,12.26,18:45:00
2026-04-20 19:00:00,12.05,19:00:00
2026-04-20 19:15:00,12.22,19:15:00
2026-04-20 19:30:00,12.08,19:30:00
2026-04-20 19:45:00,11.93,19:45:00
2026-04-20 20:00:00,12.03,20:00:00
2026-04-20 20:15:00,12.36,20:15:00
2026-04-20 20:30:00,12.35,20:30:00
2026-04-20 20:45:00,12.14,20:45:00
2026-04-20 21:00:00,12.16,21:00:00
2026-04-20 21:15:00,12.28,21:15:00
2026-04-20 21:30:00,12.21,21:30:00
2026-04-20 21:45:00,12.27,21:45:00
2026-04-20 22:00:00,12.37,22:00:00
2026-04-20 22:15:00,12.44,22:15:00
2026-04-20 22:30:00,12.41,22:30:00
2026-04-20 22:45:00,12.43,22:45:00
2026-04-20 23:00:00,12.56,23:00:00
2026-04-20 23:15:00,12.4,23:15:00
2026-04-20 23:30:00,12.2,23:30:00
2026-04-20 23:45:00,12.36,23:45:00
2026-04-21 00:00:00,12.6,00:00:00
2026-04-21 00:15:00,12.58,00:15:00
2026-04-21 00:30:00,12.58,00:30:00
2026-04-21 00:45:00,12.82,00:45:00
2026-04-21 01:00:00,12.97,01:00:00
2026-04-21 01:15:00,12.9,01:15:00
2026-04-21 01:30:00,12.9,01:30:00
2026-04-21 01:45:00,13.08,01:45:00
2026-04-21 02:00:00,13.09,02:00:00
2026-04-21 02:15:00,13.13,02:15:00
2026-04-21 02:30:00,13.15,02:30:00
2026-04-21 02:45:00,13.2,02:45:00
2026-04-21 03:00:00,13.09,03:00:00
2026-04-21 03:15:00,12.93,03:15:00
2026-04-21 03:30:00,12.95,03:30:00
2026-04-21 03:45:00,12.92,03:45:00
2026-04-21 04:00:00,12.78,04:00:00
2026-04-21 04:15:00,12.83,04:15:00
2026-04-21 04:30:00,13.09,04:30:00
2026-04-21 04:45:00,13.3,04:45:00
2026-04-21 05:00:00,13.09,05:00:00
2026-04-21 05:15:00,13.14,05:15:00
2026-04-21 05:30:00,13.19,05:30:00
2026-04-21 05:45:00,13.03,05:45:00
2026-04-21 06:00:00,12.83,06:00:00
2026-04-21 06:15:00,12.72,06:15:00
2026-04-21 06:30:00,12.6,06:30:00
2026-04-21 06:45:00,12.32,06:45:00
2026-04-21 07:00:00,12.31,07:00:00
2026-04-21 07:15:00,12.26,07:15:00
2026-04-21 07:30:00,11.86,07:30:00
2026-04-21 07:45:00,11.54,07:45:00
2026-04-21 08:00:00,11.51,08:00:00
2026-04-21 08:15:00,11.6,08:15:00
2026-04-21 08:30:00,11.72,08:30:00
2026-04-21 08:45:00,11.78,08:45:00
2026-04-21 09:00:00,12.35,09:00:00
2026-04-21 09:15:00,12.05,09:15:00
2026-04-21 09:30:00,11.84,09:30:00
2026-04-21 09:45:00,11.81,09:45:00
2026-04-21 10:00:00,11.87,10:00:00
2026-04-21 10:15:00,12.02,10:15:00
2026-04-21 10:30:00,12.4,10:30:00
2026-04-21 10:45:00,12.51,10:45:00
2026-04-21 11:00:00,12.57,11:00:00
2026-04-21 11:15:00,12.58,11:15:00
2026-04-21 11:30:00,12.42,11:30:00
2026-04-21 11:45:00,12.67,11:45:00
2026-04-21 12:00:00,12.77,12:00:00
2026-04-21 12:15:00,13.0,12:15:00
2026-04-21 12:30:00,13.01,12:30:00
2026-04-21 12:45:00,13.1,12:45:00
2026-04-21 13:00:00,12.58,13:00:00
2026-04-21 13:15:00,12.55,13:15:00
2026-04-21 13:30:00,13.0,13:30:00
2026-04-21 13:45:00,12.92,13:45:00
2026-04-21 14:00:00,13.16,14:00:00
2026-04-21 14:15:00,13.02,14:15:00
2026-04-21 14:30:00,13.09,14:30:00
2026-04-21 14:45:00,13.18,14:45:00
2026-04-21 15:00:00,13.43,15:00:00
2026-04-21 15:15:00,13.38,15:15:00
2026-04-21 15:30:00,13.5,15:30:00
2026-04-21 15:45:00,13.54,15:45:00
2026-04-21 16:00:00,13.07,16:00:00
2026-04-21 16:15:00,12.5,16:15:00
2026-04-21 16:30:00,12.56,16:30:00
2026-04-21 16:45:00,12.23,16:45:00
2026-04-21 17:00:00,12.08,17:00:00
2026-04-21 17:15:00,12.18,17:15:00
2026-04-21 17:30:00,12.35,17:30:00
2026-04-21 17:45:00,12.56,17:45:00
2026-04-21 18:00:00,12.72,18:00:00
2026-04-21 18:15:00,12.79,18:15:00
2026-04-21 18:30:00,12.85,18:30:00
2026-04-21 18:45:00,12.86,18:45:00
2026-04-21 19:00:00,12.82,19:00:00
2026-04-21 19:15:00,13.5,19:15:00
2026-04-21 19:30:00,13.48,19:30:00
2026-04-21 19:45:00,13.51,19:45:00
2026-04-21 20:00:00,13.8,20:00:00
2026-04-21 20:15:00,13.62,20:15:00
2026-04-21 20:30:00,13.46,20:30:00
2026-04-21 20:45:00,13.55,20:45:00
2026-04-21 21:00:00,13.48,21:00:00
2026-04-21 21:15:00,13.17,21:15:00
2026-04-21 21:30:00,12.25,21:30:00
2026-04-21 21:45:00,11.8,21:45:00
2026-04-21 22:00:00,11.76,22:00:00
2026-04-21 22:15:00,11.79,22:15:00
2026-04-21 22:30:00,11.92,22:30:00
2026-04-21 22:45:00,11.96,22:45:00
2026-04-21 23:00:00,11.81,23:00:00
2026-04-21 23:15:00,11.67,23:15:00
2026-04-21 23:30:00,11.81,23:30:00
2026-04-21 23:45:00,11.93,23:45:00
2026-04-22 00:00:00,11.92,00:00:00
2026-04-22 00:15:00,12.02,00:15:00
2026-04-22 00:30:00,12.22,00:30:00
2026-04-22 00:45:00,12.44,00:45:00
2026-04-22 01:00:00,12.5,01:00:00
2026-04-22 01:15:00,12.59,01:15:00
2026-04-22 01:30:00,12.68,01:30:00
2026-04-22 01:45:00,12.63,01:45:00
2026-04-22 02:00:00,12.45,02:00:00
2026-04-22 02:15:00,12.6,02:15:00
2026-04-22 02:30:00,12.65,02:30:00
2026-04-22 02:45:00,12.38,02:45:00
2026-04-22 03:00:00,12.41,03:00:00
2026-04-22 03:15:00,12.62,03:15:00
2026-04-22 03:30:00,12.37,03:30:00
2026-04-22 03:45:00,12.09,03:45:00
2026-04-22 04:00:00,12.18,04:00:00
2026-04-22 04:15:00,12.21,04:15:00
2026-04-22 04:30:00,11.82,04:30:00
2026-04-22 04:45:00,11.7,04:45:00
2026-04-22 05:00:00,11.78,05:00:00
2026-04-22 05:15:00,11.83,05:15:00
2026-04-22 05:30:00,11.77,05:30:00
2026-04-22 05:45:00,11.59,05:45:00
2026-04-22 06:00:00,11.69,06:00:00
2026-04-22 06:15:00,11.53,06:15:00
2026-04-22 06:30:00,11.39,06:30:00
2026-04-22 06:45:00,11.63,06:45:00
2026-04-22 07:00:00,11.63,07:00:00
2026-04-22 07:15:00,11.32,07:15:00
2026-04-22 07:30:00,11.33,07:30:00
2026-04-22 07:45:00,11.72,07:45:00
2026-04-22 08:00:00,12.19,08:00:00
2026-04-22 08:15:00,11.91,08:15:00
2026-04-22 08:30:00,11.96,08:30:00
2026-04-22 08:45:00,12.1,08:45:00
2026-04-22 09:00:00,11.69,09:00:00
2026-04-22 09:15:00,11.41,09:15:00
2026-04-22 09:30:00,11.85,09:30:00
2026-04-22 09:45:00,12.06,09:45:00
2026-04-22 10:00:00,13.41,10:00:00
2026-04-22 10:15:00,13.83,10:15:00
2026-04-22 10:30:00,14.36,10:30:00
2026-04-22 10:45:00,14.05,10:45:00
2026-04-22 11:00:00,13.68,11:00:00
2026-04-22 11:15:00,13.65,11:15:00
2026-04-22 11:30:00,13.55,11:30:00
2026-04-22 11:45:00,13.62,11:45:00
2026-04-22 12:00:00,13.25,12:00:00
2026-04-22 12:15:00,13.17,12:15:00
2026-04-22 12:30:00,13.46,12:30:00
2026-04-22 12:45:00,12.8,12:45:00
2026-04-22 13:00:00,12.9,13:00:00
2026-04-22 13:15:00,13.22,13:15:00
2026-04-22 13:30:00,13.3,13:30:00
2026-04-22 13:45:00,12.8,13:45:00
2026-04-22 14:00:00,12.52,14:00:00
2026-04-22 14:15:00,12.34,14:15:00
2026-04-22 14:30:00,12.51,14:30:00
2026-04-22 14:45:00,12.76,14:45:00
2026-04-22 15:00:00,12.78,15:00:00
2026-04-22 15:15:00,12.75,15:15:00
2026-04-22 15:30:00,12.69,15:30:00
2026-04-22 15:45:00,12.69,15:45:00
2026-04-22 16:00:00,12.43,16:00:00
2026-04-22 16:15:00,11.77,16:15:00
2026-04-22 16:30:00,11.85,16:30:00
2026-04-22 16:45:00,12.35,16:45:00
2026-04-22 17:00:00,12.4,17:00:00
2026-04-22 17:15:00,12.31,17:15:00
2026-04-22 17:30:00,12.24,17:30:00
2026-04-22 17:45:00,14.03,17:45:00
2026-04-22 18:00:00,17.26,18:00:00
2026-04-22 18:15:00,18.17,18:15:00
2026-04-22 18:30:00,18.04,18:30:00
2026-04-22 18:45:00,17.93,18:45:00
2026-04-22 19:00:00,17.9,19:00:00
2026-04-22 19:15:00,17.85,19:15:00
2026-04-22 19:30:00,17.73,19:30:00
2026-04-22 19:45:00,16.61,19:45:00
2026-04-22 20:00:00,16.73,20:00:00
2026-04-22 20:15:00,16.3,20:15:00
2026-04-22 20:30:00,16.21,20:30:00
2026-04-22 20:45:00,15.1,20:45:00
2026-04-22 21:00:00,13.82,21:00:00
2026-04-22 21:15:00,13.21,21:15:00
2026-04-22 21:30:00,11.98,21:30:00
2026-04-22 21:45:00,11.88,21:45:00
2026-04-22 22:00:00,11.91,22:00:00
2026-04-22 22:15:00,11.91,22:15:00
2026-04-22 22:30:00,12.05,22:30:00
2026-04-22 22:45:00,12.07,22:45:00
2026-04-22 23:00:00,11.97,23:00:00
2026-04-22 23:15:00,12.07,23:15:00
2026-04-22 23:30:00,12.19,23:30:00
2026-04-22 23:45:00,12.2,23:45:00
2026-04-23 00:00:00,12.04,00:00:00
2026-04-23 00:15:00,12.3,00:15:00
2026-04-23 00:30:00,12.4,00:30:00
2026-04-23 00:45:00,12.39,00:45:00
2026-04-23 01:00:00,12.34,01:00:00
2026-04-23 01:15:00,12.64,01:15:00
2026-04-23 01:30:00,12.6,01:30:00
2026-04-23 01:45:00,12.47,01:45:00
2026-04-23 02:00:00,12.52,02:00:00
2026-04-23 02:15:00,12.66,02:15:00
2026-04-23 02:30:00,12.62,02:30:00
2026-04-23 02:45:00,12.47,02:45:00
2026-04-23 03:00:00,12.58,03:00:00
2026-04-23 03:15:00,12.6,03:15:00
2026-04-23 03:30:00,12.57,03:30:00
2026-04-23 03:45:00,12.36,03:45:00
2026-04-23 04:00:00,12.34,04:00:00
2026-04-23 04:15:00,12.16,04:15:00
2026-04-23 04:30:00,12.05,04:30:00
2026-04-23 04:45:00,12.19,04:45:00
2026-04-23 05:00:00,12.21,05:00:00
2026-04-23 05:15:00,11.82,05:15:00
2026-04-23 05:30:00,11.82,05:30:00
2026-04-23 05:45:00,11.79,05:45:00
2026-04-23 06:00:00,11.58,06:00:00
2026-04-23 06:15:00,11.6,06:15:00
2026-04-23 06:30:00,11.78,06:30:00
2026-04-23 06:45:00,11.9,06:45:00
2026-04-23 07:00:00,11.82,07:00:00
2026-04-23 07:15:00,11.82,07:15:00
2026-04-23 07:30:00,11.8,07:30:00
2026-04-23 07:45:00,11.58,07:45:00
2026-04-23 08:00:00,11.42,08:00:00
2026-04-23 08:15:00,11.51,08:15:00
2026-04-23 08:30:00,11.76,08:30:00
2026-04-23 08:45:00,12.42,08:45:00
2026-04-23 09:00:00,13.17,09:00:00
2026-04-23 09:15:00,14.21,09:15:00
2026-04-23 09:30:00,14.23,09:30:00
2026-04-23 09:45:00,14.02,09:45:00
2026-04-23 10:00:00,13.79,10:00:00
2026-04-23 10:15:00,13.38,10:15:00
2026-04-23 10:30:00,13.76,10:30:00
2026-04-23 10:45:00,13.35,10:45:00
2026-04-23 11:00:00,13.05,11:00:00
2026-04-23 11:15:00,13.07,11:15:00
2026-04-23 11:30:00,13.08,11:30:00
2026-04-23 11:45:00,12.92,11:45:00
2026-04-23 12:00:00,13.0,12:00:00
2026-04-23 12:15:00,13.05,12:15:00
2026-04-23 12:30:00,12.9,12:30:00
2026-04-23 12:45:00,12.8,12:45:00
2026-04-23 13:00:00,12.82,13:00:00
2026-04-23 13:15:00,13.04,13:15:00
2026-04-23 13:30:00,12.8,13:30:00
2026-04-23 13:45:00,12.87,13:45:00
2026-04-23 14:00:00,13.32,14:00:00
2026-04-23 14:15:00,13.55,14:15:00
2026-04-23 14:30:00,13.11,14:30:00
2026-04-23 14:45:00,13.03,14:45:00
2026-04-23 15:00:00,12.72,15:00:00
2026-04-23 15:15:00,12.09,15:15:00
2026-04-23 15:30:00,11.94,15:30:00
2026-04-23 15:45:00,11.96,15:45:00
2026-04-23 16:00:00,12.14,16:00:00
2026-04-23 16:15:00,12.09,16:15:00
2026-04-23 16:30:00,12.08,16:30:00
2026-04-23 16:45:00,12.21,16:45:00
2026-04-23 17:00:00,12.16,17:00:00
2026-04-23 17:15:00,12.08,17:15:00
2026-04-23 17:30:00,12.1,17:30:00
2026-04-23 17:45:00,12.36,17:45:00
2026-04-23 18:00:00,12.28,18:00:00
2026-04-23 18:15:00,12.21,18:15:00
2026-04-23 18:30:00,12.2,18:30:00
2026-04-23 18:45:00,12.31,18:45:00
2026-04-23 19:00:00,12.06,19:00:00
2026-04-23 19:15:00,11.96,19:15:00
2026-04-23 19:30:00,12.09,19:30:00
2026-04-23 19:45:00,12.0,19:45:00
2026-04-23 20:00:00,11.99,20:00:00
2026-04-23 20:15:00,11.93,20:15:00
2026-04-23 20:30:00,11.98,20:30:00
2026-04-23 20:45:00,11.9,20:45:00
2026-04-23 21:00:00,11.78,21:00:00
2026-04-23 21:15:00,12.01,21:15:00
2026-04-23 21:30:00,12.03,21:30:00
2026-04-23 21:45:00,12.04,21:45:00
2026-04-23 22:00:00,11.96,22:00:00
2026-04-23 22:15:00,12.14,22:15:00
2026-04-23 22:30:00,12.23,22:30:00
2026-04-23 22:45:00,12.2,22:45:00
2026-04-23 23:00:00,12.1,23:00:00
2026-04-23 23:15:00,12.41,23:15:00
2026-04-23 23:30:00,12.46,23:30:00
2026-04-23 23:45:00,12.5,23:45:00
2026-04-24 00:00:00,12.5,00:00:00
2026-04-24 00:15:00,12.75,00:15:00
2026-04-24 00:30:00,12.89,00:30:00
2026-04-24 00:45:00,12.95,00:45:00
2026-04-24 01:00:00,13.0,01:00:00
2026-04-24 01:15:00,13.09,01:15:00
2026-04-24 01:30:00,12.92,01:30:00
2026-04-24 01:45:00,12.84,01:45:00
2026-04-24 02:00:00,13.17,02:00:00
2026-04-24 02:15:00,12.89,02:15:00
2026-04-24 02:30:00,12.89,02:30:00
2026-04-24 02:45:00,13.15,02:45:00
2026-04-24 03:00:00,13.21,03:00:00
2026-04-24 03:15:00,12.96,03:15:00
2026-04-24 03:30:00,12.81,03:30:00
2026-04-24 03:45:00,12.95,03:45:00
2026-04-24 04:00:00,12.9,04:00:00
2026-04-24 04:15:00,12.8,04:15:00
2026-04-24 04:30:00,12.73,04:30:00
2026-04-24 04:45:00,12.8,04:45:00
2026-04-24 05:00:00,12.64,05:00:00
2026-04-24 05:15:00,12.45,05:15:00
2026-04-24 05:30:00,12.47,05:30:00
2026-04-24 05:45:00,12.56,05:45:00
2026-04-24 06:00:00,12.58,06:00:00
2026-04-24 06:15:00,12.38,06:15:00
2026-04-24 06:30:00,12.41,06:30:00
2026-04-24 06:45:00,12.21,06:45:00
2026-04-24 07:00:00,11.98,07:00:00
2026-04-24 07:15:00,11.97,07:15:00
2026-04-24 07:30:00,12.09,07:30:00
2026-04-24 07:45:00,11.78,07:45:00
2026-04-24 08:00:00,11.61,08:00:00
2026-04-24 08:15:00,11.64,08:15:00
2026-04-24 08:30:00,11.87,08:30:00
2026-04-24 08:45:00,12.21,08:45:00
2026-04-24 09:00:00,12.48,09:00:00
2026-04-24 09:15:00,12.69,09:15:00
2026-04-24 09:30:00,12.72,09:30:00
2026-04-24 09:45:00,12.66,09:45:00
2026-04-24 10:00:00,12.75,10:00:00
2026-04-24 10:15:00,12.79,10:15:00
2026-04-24 10:30:00,12.74,10:30:00
2026-04-24 10:45:00,12.49,10:45:00
2026-04-24 11:00:00,12.63,11:00:00
2026-04-24 11:15:00,12.77,11:15:00
2026-04-24 11:30:00,12.49,11:30:00
2026-04-24 11:45:00,12.2,11:45:00
2026-04-24 12:00:00,12.42,12:00:00
2026-04-24 12:15:00,12.66,12:15:00
2026-04-24 12:30:00,12.82,12:30:00
2026-04-24 12:45:00,12.85,12:45:00
2026-04-24 13:00:00,12.9,13:00:00
2026-04-24 13:15:00,12.96,13:15:00
2026-04-24 13:30:00,12.84,13:30:00
2026-04-24 13:45:00,13.06,13:45:00
2026-04-24 14:00:00,13.31,14:00:00
2026-04-24 14:15:00,13.17,14:15:00
2026-04-24 14:30:00,12.95,14:30:00
2026-04-24 14:45:00,13.18,14:45:00
2026-04-24 15:00:00,12.92,15:00:00
2026-04-24 15:15:00,12.21,15:15:00
2026-04-24 15:30:00,12.1,15:30:00
2026-04-24 15:45:00,12.28,15:45:00
2026-04-24 16:00:00,11.95,16:00:00
2026-04-24 16:15:00,11.92,16:15:00
2026-04-24 16:30:00,12.0,16:30:00
2026-04-24 16:45:00,12.14,16:45:00
2026-04-24 17:00:00,11.93,17:00:00
2026-04-24 17:15:00,11.99,17:15:00
2026-04-24 17:30:00,12.46,17:30:00
2026-04-24 17:45:00,12.47,17:45:00
2026-04-24 18:00:00,12.24,18:00:00
2026-04-24 18:15:00,12.25,18:15:00
2026-04-24 18:30:00,12.58,18:30:00
2026-04-24 18:45:00,12.35,18:45:00
2026-04-24 19:00:00,12.24,19:00:00
2026-04-24 19:15:00,12.31,19:15:00
2026-04-24 19:30:00,12.54,19:30:00
2026-04-24 19:45:00,12.36,19:45:00
2026-04-24 20:00:00,12.31,20:00:00
2026-04-24 20:15:00,12.55,20:15:00
2026-04-24 20:30:00,12.4,20:30:00
2026-04-24 20:45:00,12.22,20:45:00
2026-04-24 21:00:00,12.47,21:00:00
2026-04-24 21:15:00,12.67,21:15:00
2026-04-24 21:30:00,12.63,21:30:00
2026-04-24 21:45:00,12.45,21:45:00
2026-04-24 22:00:00,12.57,22:00:00
2026-04-24 22:15:00,12.84,22:15:00
2026-04-24 22:30:00,12.74,22:30:00
2026-04-24 22:45:00,12.91,22:45:00
2026-04-24 23:00:00,13.22,23:00:00
2026-04-24 23:15:00,13.39,23:15:00
2026-04-24 23:30:00,13.23,23:30:00
2026-04-24 23:45:00,13.18,23:45:00
2026-04-25 00:00:00,13.48,00:00:00
2026-04-25 00:15:00,13.45,00:15:00
2026-04-25 00:30:00,13.36,00:30:00
2026-04-25 00:45:00,13.62,00:45:00
2026-04-25 01:00:00,13.86,01:00:00
2026-04-25 01:15:00,13.69,01:15:00
2026-04-25 01:30:00,13.63,01:30:00
2026-04-25 01:45:00,13.96,01:45:00
2026-04-25 02:00:00,13.8,02:00:00
2026-04-25 02:15:00,13.65,02:15:00
2026-04-25 02:30:00,13.77,02:30:00
2026-04-25 02:45:00,14.14,02:45:00
2026-04-25 03:00:00,14.11,03:00:00
2026-04-25 03:15:00,13.86,03:15:00
2026-04-25 03:30:00,14.01,03:30:00
2026-04-25 03:45:00,14.19,03:45:00
2026-04-25 04:00:00,13.91,04:00:00
2026-04-25 04:15:00,13.79,04:15:00
2026-04-25 04:30:00,13.99,04:30:00
2026-04-25 04:45:00,13.86,04:45:00
2026-04-25 05:00:00,13.69,05:00:00
2026-04-25 05:15:00,13.74,05:15:00
2026-04-25 05:30:00,13.93,05:30:00
2026-04-25 05:45:00,13.54,05:45:00
2026-04-25 06:00:00,13.5,06:00:00
2026-04-25 06:15:00,13.57,06:15:00
2026-04-25 06:30:00,13.78,06:30:00
2026-04-25 06:45:00,13.42,06:45:00
2026-04-25 07:00:00,13.54,07:00:00
2026-04-25 07:15:00,14.43,07:15:00
2026-04-25 07:30:00,15.4,07:30:00
2026-04-25 07:45:00,15.9,07:45:00
2026-04-25 08:00:00,17.28,08:00:00
2026-04-25 08:15:00,17.73,08:15:00
2026-04-25 08:30:00,17.42,08:30:00
2026-04-25 08:45:00,16.94,08:45:00
2026-04-25 09:00:00,16.12,09:00:00
2026-04-25 09:15:00,16.08,09:15:00
2026-04-25 09:30:00,15.62,09:30:00
2026-04-25 09:45:00,15.63,09:45:00
2026-04-25 10:00:00,16.24,10:00:00
2026-04-25 10:15:00,15.9,10:15:00
2026-04-25 10:30:00,16.33,10:30:00
2026-04-25 10:45:00,17.16,10:45:00
2026-04-25 11:00:00,17.37,11:00:00
2026-04-25 11:15:00,16.73,11:15:00
2026-04-25 11:30:00,15.78,11:30:00
2026-04-25 11:45:00,15.99,11:45:00
2026-04-25 12:00:00,16.74,12:00:00
2026-04-25 12:15:00,16.26,12:15:00
2026-04-25 12:30:00,15.64,12:30:00
2026-04-25 12:45:00,15.81,12:45:00
2026-04-25 13:00:00,15.75,13:00:00
2026-04-25 13:15:00,15.56,13:15:00
2026-04-25 13:30:00,15.16,13:30:00
2026-04-25 13:45:00,15.36,13:45:00
2026-04-25 14:00:00,15.49,14:00:00
2026-04-25 14:15:00,15.34,14:15:00
2026-04-25 14:30:00,15.38,14:30:00
2026-04-25 14:45:00,15.62,14:45:00
2026-04-25 15:00:00,15.57,15:00:00
2026-04-25 15:15:00,15.36,15:15:00
2026-04-25 15:30:00,15.69,15:30:00
2026-04-25 15:45:00,15.5,15:45:00
2026-04-25 16:00:00,14.88,16:00:00
2026-04-25 16:15:00,14.3,16:15:00
2026-04-25 16:30:00,14.33,16:30:00
2026-04-25 16:45:00,13.87,16:45:00
2026-04-25 17:00:00,14.22,17:00:00
2026-04-25 17:15:00,18.18,17:15:00
2026-04-25 17:30:00,20.01,17:30:00
2026-04-25 17:45:00,19.59,17:45:00
2026-04-25 18:00:00,18.73,18:00:00
2026-04-25 18:15:00,18.69,18:15:00
2026-04-25 18:30:00,18.7,18:30:00
2026-04-25 18:45:00,18.56,18:45:00
2026-04-25 19:00:00,18.61,19:00:00
2026-04-25 19:15:00,18.74,19:15:00
2026-04-25 19:30:00,18.65,19:30:00
2026-04-25 19:45:00,18.37,19:45:00
2026-04-25 20:00:00,18.41,20:00:00
2026-04-25 20:15:00,18.52,20:15:00
2026-04-25 20:30:00,18.1,20:30:00
2026-04-25 20:45:00,18.06,20:45:00
2026-04-25 21:00:00,18.2,21:00:00
2026-04-25 21:15:00,18.22,21:15:00
2026-04-25 21:30:00,18.01,21:30:00
2026-04-25 21:45:00,18.02,21:45:00
2026-04-25 22:00:00,18.5,22:00:00
2026-04-25 22:15:00,15.96,22:15:00
2026-04-25 22:30:00,13.19,22:30:00
2026-04-25 22:45:00,13.4,22:45:00
2026-04-25 23:00:00,13.67,23:00:00
2026-04-25 23:15:00,13.51,23:15:00
2026-04-25 23:30:00,13.61,23:30:00
2026-04-25 23:45:00,13.87,23:45:00
2026-04-26 00:00:00,13.86,00:00:00
2026-04-26 00:15:00,13.8,00:15:00
2026-04-26 00:30:00,13.78,00:30:00
2026-04-26 00:45:00,14.07,00:45:00
2026-04-26 01:00:00,14.39,01:00:00
2026-04-26 01:15:00,14.15,01:15:00
2026-04-26 01:30:00,14.19,01:30:00
2026-04-26 01:45:00,14.45,01:45:00
2026-04-26 02:00:00,14.35,02:00:00
2026-04-26 02:15:00,14.13,02:15:00
2026-04-26 02:30:00,14.43,02:30:00
2026-04-26 02:45:00,14.51,02:45:00
2026-04-26 03:00:00,14.23,03:00:00
2026-04-26 03:15:00,14.57,03:15:00
2026-04-26 03:30:00,14.7,03:30:00
2026-04-26 03:45:00,14.97,03:45:00
2026-04-26 04:00:00,15.03,04:00:00
2026-04-26 04:15:00,14.87,04:15:00
2026-04-26 04:30:00,15.05,04:30:00
2026-04-26 04:45:00,14.79,04:45:00
2026-04-26 05:00:00,14.79,05:00:00
2026-04-26 05:15:00,14.95,05:15:00
2026-04-26 05:30:00,15.11,05:30:00
2026-04-26 05:45:00,14.72,05:45:00
2026-04-26 06:00:00,14.54,06:00:00
2026-04-26 06:15:00,14.67,06:15:00
2026-04-26 06:30:00,14.37,06:30:00
2026-04-26 06:45:00,14.44,06:45:00
2026-04-26 07:00:00,14.66,07:00:00
2026-04-26 07:15:00,15.02,07:15:00
2026-04-26 07:30:00,15.05,07:30:00
2026-04-26 07:45:00,15.33,07:45:00
2026-04-26 08:00:00,15.71,08:00:00
2026-04-26 08:15:00,16.7,08:15:00
2026-04-26 08:30:00,15.92,08:30:00
2026-04-26 08:45:00,16.1,08:45:00
2026-04-26 09:00:00,15.71,09:00:00
2026-04-26 09:15:00,15.25,09:15:00
2026-04-26 09:30:00,14.64,09:30:00
2026-04-26 09:45:00,14.95,09:45:00
2026-04-26 10:00:00,14.96,10:00:00
2026-04-26 10:15:00,14.7,10:15:00
2026-04-26 10:30:00,14.48,10:30:00
2026-04-26 10:45:00,14.29,10:45:00
2026-04-26 11:00:00,14.22,11:00:00
2026-04-26 11:15:00,14.42,11:15:00
2026-04-26 11:30:00,14.31,11:30:00
2026-04-26 11:45:00,14.33,11:45:00
2026-04-26 12:00:00,14.23,12:00:00
2026-04-26 12:15:00,14.38,12:15:00
2026-04-26 12:30:00,14.29,12:30:00
2026-04-26 12:45:00,14.26,12:45:00
2026-04-26 13:00:00,14.45,13:00:00
2026-04-26 13:15:00,14.53,13:15:00
2026-04-26 13:30:00,14.45,13:30:00
2026-04-26 13:45:00,14.58,13:45:00
2026-04-26 14:00:00,14.61,14:00:00
2026-04-26 14:15:00,14.92,14:15:00
2026-04-26 14:30:00,15.24,14:30:00
2026-04-26 14:45:00,14.86,14:45:00
2026-04-26 15:00:00,15.07,15:00:00
2026-04-26 15:15:00,14.94,15:15:00
2026-04-26 15:30:00,15.37,15:30:00
2026-04-26 15:45:00,15.76,15:45:00
2026-04-26 16:00:00,16.7,16:00:00
2026-04-26 16:15:00,16.92,16:15:00
2026-04-26 16:30:00,17.1,16:30:00
2026-04-26 16:45:00,16.75,16:45:00
2026-04-26 17:00:00,16.34,17:00:00
2026-04-26 17:15:00,16.56,17:15:00
2026-04-26 17:30:00,16.0,17:30:00
2026-04-26 17:45:00,14.82,17:45:00
2026-04-26 18:00:00,15.75,18:00:00
2026-04-26 18:15:00,16.51,18:15:00
2026-04-26 18:30:00,16.73,18:30:00
2026-04-26 18:45:00,15.66,18:45:00
2026-04-26 19:00:00,16.87,19:00:00
2026-04-26 19:15:00,16.99,19:15:00
2026-04-26 19:30:00,16.67,19:30:00
2026-04-26 19:45:00,16.63,19:45:00
2026-04-26 20:00:00,16.22,20:00:00
2026-04-26 20:15:00,15.15,20:15:00
2026-04-26 20:30:00,15.72,20:30:00
2026-04-26 20:45:00,16.27,20:45:00
2026-04-26 21:00:00,16.7,21:00:00
2026-04-26 21:15:00,16.44,21:15:00
2026-04-26 21:30:00,16.44,21:30:00
2026-04-26 21:45:00,16.79,21:45:00
2026-04-26 22:00:00,14.5,22:00:00
2026-04-26 22:15:00,13.27,22:15:00
2026-04-26 22:30:00,13.4,22:30:00
2026-04-26 22:45:00,13.74,22:45:00
2026-04-26 23:00:00,13.58,23:00:00
2026-04-26 23:15:00,13.47,23:15:00
2026-04-26 23:30:00,13.61,23:30:00
2026-04-26 23:45:00,13.89,23:45:00
2026-04-27 00:00:00,13.9,00:00:00
2026-04-27 00:15:00,13.84,00:15:00
2026-04-27 00:30:00,14.17,00:30:00
2026-04-27 00:45:00,14.32,00:45:00
2026-04-27 01:00:00,14.16,01:00:00
2026-04-27 01:15:00,14.11,01:15:00
2026-04-27 01:30:00,14.46,01:30:00
2026-04-27 01:45:00,14.5,01:45:00
2026-04-27 02:00:00,14.31,02:00:00
2026-04-27 02:15:00,14.42,02:15:00
2026-04-27 02:30:00,14.62,02:30:00
2026-04-27 02:45:00,14.62,02:45:00
2026-04-27 03:00:00,14.48,03:00:00
2026-04-27 03:15:00,14.48,03:15:00
2026-04-27 03:30:00,14.42,03:30:00
2026-04-27 03:45:00,14.25,03:45:00
2026-04-27 04:00:00,13.94,04:00:00
2026-04-27 04:15:00,14.08,04:15:00
2026-04-27 04:30:00,16.12,04:30:00
2026-04-27 04:45:00,16.15,04:45:00
2026-04-27 05:00:00,16.0,05:00:00
2026-04-27 05:15:00,16.09,05:15:00
2026-04-27 05:30:00,15.95,05:30:00
2026-04-27 05:45:00,15.68,05:45:00
2026-04-27 06:00:00,15.49,06:00:00
2026-04-27 06:15:00,15.29,06:15:00
2026-04-27 06:30:00,14.83,06:30:00
2026-04-27 06:45:00,13.77,06:45:00
2026-04-27 07:00:00,12.23,07:00:00
2026-04-27 07:15:00,12.09,07:15:00
2026-04-27 07:30:00,11.93,07:30:00
2026-04-27 07:45:00,12.08,07:45:00
2026-04-27 08:00:00,12.11,08:00:00
2026-04-27 08:15:00,11.78,08:15:00
2026-04-27 08:30:00,11.25,08:30:00
2026-04-27 08:45:00,11.41,08:45:00
2026-04-27 09:00:00,11.63,09:00:00
2026-04-27 09:15:00,11.54,09:15:00
2026-04-27 09:30:00,11.3,09:30:00
2026-04-27 09:45:00,11.5,09:45:00
2026-04-27 10:00:00,11.55,10:00:00
2026-04-27 10:15:00,11.88,10:15:00
2026-04-27 10:30:00,12.03,10:30:00
2026-04-27 10:45:00,12.33,10:45:00
2026-04-27 11:00:00,12.27,11:00:00
2026-04-27 11:15:00,12.3,11:15:00
2026-04-27 11:30:00,12.43,11:30:00
2026-04-27 11:45:00,12.37,11:45:00
2026-04-27 12:00:00,11.96,12:00:00
2026-04-27 12:15:00,11.88,12:15:00
2026-04-27 12:30:00,12.04,12:30:00
2026-04-27 12:45:00,12.35,12:45:00
2026-04-27 13:00:00,12.94,13:00:00
2026-04-27 13:15:00,13.19,13:15:00
2026-04-27 13:30:00,13.18,13:30:00
2026-04-27 13:45:00,13.14,13:45:00
2026-04-27 14:00:00,13.59,14:00:00
2026-04-27 14:15:00,13.4,14:15:00
2026-04-27 14:30:00,13.05,14:30:00
2026-04-27 14:45:00,12.6,14:45:00
2026-04-27 15:00:00,12.15,15:00:00
2026-04-27 15:15:00,11.54,15:15:00
2026-04-27 15:30:00,10.76,15:30:00
2026-04-27 15:45:00,10.95,15:45:00
2026-04-27 16:00:00,11.27,16:00:00
2026-04-27 16:15:00,11.21,16:15:00
2026-04-27 16:30:00,11.66,16:30:00
2026-04-27 16:45:00,12.11,16:45:00
2026-04-27 17:00:00,12.56,17:00:00
2026-04-27 17:15:00,12.31,17:15:00
2026-04-27 17:30:00,12.32,17:30:00
2026-04-27 17:45:00,11.48,17:45:00
2026-04-27 18:00:00,12.01,18:00:00
2026-04-27 18:15:00,12.77,18:15:00
2026-04-27 18:30:00,12.9,18:30:00
2026-04-27 18:45:00,12.9,18:45:00
2026-04-27 19:00:00,11.83,19:00:00
2026-04-27 19:15:00,10.89,19:15:00
2026-04-27 19:30:00,10.71,19:30:00
2026-04-27 19:45:00,10.88,19:45:00
2026-04-27 20:00:00,10.95,20:00:00
2026-04-27 20:15:00,10.57,20:15:00
2026-04-27 20:30:00,10.66,20:30:00
2026-04-27 20:45:00,10.94,20:45:00
2026-04-27 21:00:00,10.98,21:00:00
2026-04-27 21:15:00,10.79,21:15:00
2026-04-27 21:30:00,10.88,21:30:00
2026-04-27 21:45:00,10.71,21:45:00
2026-04-27 22:00:00,9.6,22:00:00
2026-04-27 22:15:00,9.24,22:15:00
2026-04-27 22:30:00,9.34,22:30:00
2026-04-27 22:45:00,9.31,22:45:00
2026-04-27 23:00:00,9.3,23:00:00
2026-04-27 23:15:00,9.5,23:15:00
2026-04-27 23:30:00,9.55,23:30:00
2026-04-27 23:45:00,9.93,23:45:00
2026-04-28 00:00:00,10.83,00:00:00
2026-04-28 00:15:00,11.54,00:15:00
2026-04-28 00:30:00,11.91,00:30:00
2026-04-28 00:45:00,12.02,00:45:00
2026-04-28 01:00:00,12.2,01:00:00
2026-04-28 01:15:00,12.32,01:15:00
2026-04-28 01:30:00,12.4,01:30:00
2026-04-28 01:45:00,12.54,01:45:00
2026-04-28 02:00:00,12.49,02:00:00
2026-04-28 02:15:00,12.63,02:15:00
2026-04-28 02:30:00,12.51,02:30:00
2026-04-28 02:45:00,12.45,02:45:00
2026-04-28 03:00:00,12.39,03:00:00
2026-04-28 03:15:00,12.31,03:15:00
2026-04-28 03:30:00,12.35,03:30:00
2026-04-28 03:45:00,12.28,03:45:00
2026-04-28 04:00:00,12.1,04:00:00
2026-04-28 04:15:00,12.1,04:15:00
2026-04-28 04:30:00,11.99,04:30:00
2026-04-28 04:45:00,11.95,04:45:00
2026-04-28 05:00:00,11.88,05:00:00
2026-04-28 05:15:00,11.18,05:15:00
2026-04-28 05:30:00,11.2,05:30:00
2026-04-28 05:45:00,11.21,05:45:00
2026-04-28 06:00:00,11.29,06:00:00
2026-04-28 06:15:00,10.97,06:15:00
2026-04-28 06:30:00,10.81,06:30:00
2026-04-28 06:45:00,10.8,06:45:00
2026-04-28 07:00:00,10.45,07:00:00
2026-04-28 07:15:00,10.36,07:15:00
2026-04-28 07:30:00,10.23,07:30:00
2026-04-28 07:45:00,10.36,07:45:00
2026-04-28 08:00:00,10.43,08:00:00
2026-04-28 08:15:00,10.43,08:15:00
2026-04-28 08:30:00,10.46,08:30:00
2026-04-28 08:45:00,10.52,08:45:00
2026-04-28 09:00:00,11.33,09:00:00
2026-04-28 09:15:00,11.16,09:15:00
2026-04-28 09:30:00,11.58,09:30:00
2026-04-28 09:45:00,11.87,09:45:00
2026-04-28 10:00:00,12.01,10:00:00
2026-04-28 10:15:00,12.44,10:15:00
2026-04-28 10:30:00,12.59,10:30:00
2026-04-28 10:45:00,12.95,10:45:00
2026-04-28 11:00:00,13.22,11:00:00
2026-04-28 11:15:00,13.07,11:15:00
2026-04-28 11:30:00,12.86,11:30:00
2026-04-28 11:45:00,12.75,11:45:00
2026-04-28 12:00:00,13.25,12:00:00
2026-04-28 12:15:00,13.11,12:15:00
2026-04-28 12:30:00,12.84,12:30:00
2026-04-28 12:45:00,12.9,12:45:00
2026-04-28 13:00:00,13.13,13:00:00
2026-04-28 13:15:00,13.24,13:15:00
2026-04-28 13:30:00,12.72,13:30:00
2026-04-28 13:45:00,13.13,13:45:00
2026-04-28 14:00:00,13.91,14:00:00
2026-04-28 14:15:00,13.96,14:15:00
2026-04-28 14:30:00,13.93,14:30:00
2026-04-28 14:45:00,13.35,14:45:00
2026-04-28 15:00:00,12.65,15:00:00
2026-04-28 15:15:00,12.43,15:15:00
2026-04-28 15:30:00,12.15,15:30:00
2026-04-28 15:45:00,12.07,15:45:00
2026-04-28 16:00:00,12.13,16:00:00
2026-04-28 16:15:00,11.73,16:15:00
2026-04-28 16:30:00,11.9,16:30:00
2026-04-28 16:45:00,11.9,16:45:00
2026-04-28 17:00:00,12.09,17:00:00
2026-04-28 17:15:00,11.47,17:15:00
2026-04-28 17:30:00,11.31,17:30:00
2026-04-28 17:45:00,11.35,17:45:00
2026-04-28 18:00:00,11.43,18:00:00
2026-04-28 18:15:00,11.48,18:15:00
2026-04-28 18:30:00,11.45,18:30:00
2026-04-28 18:45:00,11.47,18:45:00
2026-04-28 19:00:00,11.34,19:00:00
2026-04-28 19:15:00,11.31,19:15:00
2026-04-28 19:30:00,11.27,19:30:00
2026-04-28 19:45:00,11.34,19:45:00
2026-04-28 20:00:00,11.11,20:00:00
2026-04-28 20:15:00,10.96,20:15:00
2026-04-28 20:30:00,10.97,20:30:00
2026-04-28 20:45:00,10.97,20:45:00
2026-04-28 21:00:00,10.88,21:00:00
2026-04-28 21:15:00,10.88,21:15:00
2026-04-28 21:30:00,11.01,21:30:00
2026-04-28 21:45:00,11.06,21:45:00
2026-04-28 22:00:00,11.14,22:00:00
2026-04-28 22:15:00,11.09,22:15:00
2026-04-28 22:30:00,11.22,22:30:00
2026-04-28 22:45:00,11.28,22:45:00
2026-04-28 23:00:00,11.3,23:00:00
2026-04-28 23:15:00,11.38,23:15:00
2026-04-28 23:30:00,11.37,23:30:00
2026-04-28 23:45:00,11.46,23:45:00
2026-04-29 00:00:00,11.41,00:00:00
2026-04-29 00:15:00,11.5,00:15:00
2026-04-29 00:30:00,11.55,00:30:00
2026-04-29 00:45:00,11.51,00:45:00
2026-04-29 01:00:00,11.56,01:00:00
2026-04-29 01:15:00,11.82,01:15:00
2026-04-29 01:30:00,11.89,01:30:00
2026-04-29 01:45:00,11.95,01:45:00
2026-04-29 02:00:00,12.33,02:00:00
2026-04-29 02:15:00,12.45,02:15:00
2026-04-29 02:30:00,12.28,02:30:00
2026-04-29 02:45:00,12.28,02:45:00
2026-04-29 03:00:00,12.06,03:00:00
2026-04-29 03:15:00,11.57,03:15:00
2026-04-29 03:30:00,11.38,03:30:00
2026-04-29 03:45:00,11.35,03:45:00
2026-04-29 04:00:00,11.33,04:00:00
2026-04-29 04:15:00,11.24,04:15:00
2026-04-29 04:30:00,11.27,04:30:00
2026-04-29 04:45:00,11.33,04:45:00
2026-04-29 05:00:00,11.3,05:00:00
2026-04-29 05:15:00,11.11,05:15:00
2026-04-29 05:30:00,11.11,05:30:00
2026-04-29 05:45:00,11.06,05:45:00
2026-04-29 06:00:00,10.97,06:00:00
2026-04-29 06:15:00,10.83,06:15:00
2026-04-29 06:30:00,10.8,06:30:00
2026-04-29 06:45:00,11.12,06:45:00
2026-04-29 07:00:00,11.28,07:00:00
2026-04-29 07:15:00,11.34,07:15:00
2026-04-29 07:30:00,11.25,07:30:00
2026-04-29 07:45:00,11.36,07:45:00
2026-04-29 08:00:00,11.6,08:00:00
2026-04-29 08:15:00,11.65,08:15:00
2026-04-29 08:30:00,11.87,08:30:00
2026-04-29 08:45:00,12.18,08:45:00
2026-04-29 09:00:00,12.03,09:00:00
2026-04-29 09:15:00,12.81,09:15:00
2026-04-29 09:30:00,12.65,09:30:00
2026-04-29 09:45:00,12.34,09:45:00
2026-04-29 10:00:00,11.96,10:00:00
2026-04-29 10:15:00,11.78,10:15:00
2026-04-29 10:30:00,11.46,10:30:00
2026-04-29 10:45:00,11.14,10:45:00
2026-04-29 11:00:00,11.03,11:00:00
2026-04-29 11:15:00,10.96,11:15:00
2026-04-29 11:30:00,10.91,11:30:00
2026-04-29 11:45:00,10.98,11:45:00
2026-04-29 12:00:00,11.31,12:00:00
2026-04-29 12:15:00,11.38,12:15:00
2026-04-29 12:30:00,11.68,12:30:00
2026-04-29 12:45:00,11.83,12:45:00
2026-04-29 13:00:00,11.57,13:00:00
2026-04-29 13:15:00,11.38,13:15:00
2026-04-29 13:30:00,11.14,13:30:00
2026-04-29 13:45:00,11.21,13:45:00
2026-04-29 14:00:00,11.29,14:00:00
2026-04-29 14:15:00,11.25,14:15:00
2026-04-29 14:30:00,11.04,14:30:00
2026-04-29 14:45:00,10.83,14:45:00
2026-04-29 15:00:00,10.9,15:00:00
2026-04-29 15:15:00,10.97,15:15:00
2026-04-29 15:30:00,10.93,15:30:00
2026-04-29 15:45:00,10.96,15:45:00
2026-04-29 16:00:00,10.72,16:00:00
2026-04-29 16:15:00,10.25,16:15:00
2026-04-29 16:30:00,10.35,16:30:00
2026-04-29 16:45:00,10.45,16:45:00
2026-04-29 17:00:00,10.45,17:00:00
2026-04-29 17:15:00,10.48,17:15:00
2026-04-29 17:30:00,10.53,17:30:00
2026-04-29 17:45:00,10.62,17:45:00
2026-04-29 18:00:00,10.68,18:00:00
2026-04-29 18:15:00,10.54,18:15:00
2026-04-29 18:30:00,10.59,18:30:00
2026-04-29 18:45:00,10.65,18:45:00
2026-04-29 19:00:00,10.47,19:00:00
2026-04-29 19:15:00,10.5,19:15:00
2026-04-29 19:30:00,10.64,19:30:00
2026-04-29 19:45:00,10.5,19:45:00
2026-04-29 20:00:00,10.58,20:00:00
2026-04-29 20:15:00,10.56,20:15:00
2026-04-29 20:30:00,10.76,20:30:00
2026-04-29 20:45:00,10.77,20:45:00
2026-04-29 21:00:00,10.77,21:00:00
2026-04-29 21:15:00,10.86,21:15:00
2026-04-29 21:30:00,10.87,21:30:00
2026-04-29 21:45:00,10.86,21:45:00
2026-04-29 22:00:00,10.8,22:00:00
2026-04-29 22:15:00,10.9,22:15:00
2026-04-29 22:30:00,10.99,22:30:00
2026-04-29 22:45:00,11.14,22:45:00
2026-04-29 23:00:00,11.23,23:00:00
2026-04-29 23:15:00,11.27,23:15:00
2026-04-29 23:30:00,11.37,23:30:00
2026-04-29 23:45:00,11.52,23:45:00
2026-04-30 00:00:00,11.63,00:00:00
2026-04-30 00:15:00,11.59,00:15:00
2026-04-30 00:30:00,11.47,00:30:00
2026-04-30 00:45:00,11.62,00:45:00
2026-04-30 01:00:00,11.79,01:00:00
2026-04-30 01:15:00,11.69,01:15:00
2026-04-30 01:30:00,11.69,01:30:00
2026-04-30 01:45:00,11.7,01:45:00
2026-04-30 02:00:00,11.81,02:00:00
2026-04-30 02:15:00,11.61,02:15:00
2026-04-30 02:30:00,11.63,02:30:00
2026-04-30 02:45:00,11.83,02:45:00
2026-04-30 03:00:00,11.94,03:00:00
2026-04-30 03:15:00,11.84,03:15:00
2026-04-30 03:30:00,11.84,03:30:00
2026-04-30 03:45:00,11.89,03:45:00
2026-04-30 04:00:00,11.76,04:00:00
2026-04-30 04:15:00,11.82,04:15:00
2026-04-30 04:30:00,11.68,04:30:00
2026-04-30 04:45:00,11.49,04:45:00
2026-04-30 05:00:00,11.35,05:00:00
2026-04-30 05:15:00,11.15,05:15:00
2026-04-30 05:30:00,11.18,05:30:00
2026-04-30 05:45:00,11.29,05:45:00
2026-04-30 06:00:00,11.13,06:00:00
2026-04-30 06:15:00,11.02,06:15:00
2026-04-30 06:30:00,10.93,06:30:00
2026-04-30 06:45:00,10.85,06:45:00
2026-04-30 07:00:00,10.83,07:00:00
2026-04-30 07:15:00,10.8,07:15:00
2026-04-30 07:30:00,10.87,07:30:00
2026-04-30 07:45:00,10.81,07:45:00
2026-04-30 08:00:00,10.79,08:00:00
2026-04-30 08:15:00,10.9,08:15:00
2026-04-30 08:30:00,10.99,08:30:00
2026-04-30 08:45:00,11.38,08:45:00
2026-04-30 09:00:00,13.63,09:00:00
2026-04-30 09:15:00,15.47,09:15:00
2026-04-30 09:30:00,15.66,09:30:00
2026-04-30 09:45:00,14.54,09:45:00
2026-04-30 10:00:00,13.93,10:00:00
2026-04-30 10:15:00,14.06,10:15:00
2026-04-30 10:30:00,14.83,10:30:00
2026-04-30 10:45:00,14.38,10:45:00
2026-04-30 11:00:00,13.51,11:00:00
2026-04-30 11:15:00,13.2,11:15:00
2026-04-30 11:30:00,13.28,11:30:00
2026-04-30 11:45:00,13.66,11:45:00
2026-04-30 12:00:00,13.7,12:00:00
2026-04-30 12:15:00,13.65,12:15:00
2026-04-30 12:30:00,13.96,12:30:00
2026-04-30 12:45:00,14.02,12:45:00
2026-04-30 13:00:00,14.54,13:00:00
2026-04-30 13:15:00,14.37,13:15:00
2026-04-30 13:30:00,13.95,13:30:00
2026-04-30 13:45:00,14.14,13:45:00
2026-04-30 14:00:00,14.11,14:00:00
2026-04-30 14:15:00,13.98,14:15:00
2026-04-30 14:30:00,13.16,14:30:00
2026-04-30 14:45:00,12.7,14:45:00
2026-04-30 15:00:00,11.92,15:00:00
2026-04-30 15:15:00,10.99,15:15:00
2026-04-30 15:30:00,10.41,15:30:00
2026-04-30 15:45:00,10.02,15:45:00
2026-04-30 16:00:00,9.85,16:00:00
2026-04-30 16:15:00,9.84,16:15:00
2026-04-30 16:30:00,10.46,16:30:00
2026-04-30 16:45:00,10.43,16:45:00
2026-04-30 17:00:00,10.53,17:00:00
2026-04-30 17:15:00,11.1,17:15:00
2026-04-30 17:30:00,11.44,17:30:00
2026-04-30 17:45:00,11.64,17:45:00
2026-04-30 18:00:00,11.74,18:00:00
2026-04-30 18:15:00,12.0,18:15:00
2026-04-30 18:30:00,12.02,18:30:00
2026-04-30 18:45:00,11.95,18:45:00
2026-04-30 19:00:00,11.95,19:00:00
2026-04-30 19:15:00,11.91,19:15:00
2026-04-30 19:30:00,11.85,19:30:00
2026-04-30 19:45:00,11.92,19:45:00
2026-04-30 20:00:00,11.9,20:00:00
2026-04-30 20:15:00,11.98,20:15:00
2026-04-30 20:30:00,11.94,20:30:00
2026-04-30 20:45:00,11.87,20:45:00
2026-04-30 21:00:00,11.86,21:00:00
2026-04-30 21:15:00,11.93,21:15:00
2026-04-30 21:30:00,11.97,21:30:00
2026-04-30 21:45:00,12.02,21:45:00
2026-04-30 22:00:00,12.06,22:00:00
2026-04-30 22:15:00,12.11,22:15:00
2026-04-30 22:30:00,12.33,22:30:00
2026-04-30 22:45:00,12.42,22:45:00
2026-04-30 23:00:00,12.39,23:00:00
2026-04-30 23:15:00,12.45,23:15:00
2026-04-30 23:30:00,12.55,23:30:00
2026-04-30 23:45:00,12.58,23:45:00
2026-05-01 00:00:00,12.64,00:00:00
2026-05-01 00:15:00,12.72,00:15:00
2026-05-01 00:30:00,12.74,00:30:00
2026-05-01 00:45:00,12.78,00:45:00
2026-05-01 01:00:00,12.9,01:00:00
2026-05-01 01:15:00,12.98,01:15:00
2026-05-01 01:30:00,13.15,01:30:00
2026-05-01 01:45:00,13.26,01:45:00
2026-05-01 02:00:00,13.36,02:00:00
2026-05-01 02:15:00,13.46,02:15:00
2026-05-01 02:30:00,14.14,02:30:00
2026-05-01 02:45:00,14.28,02:45:00
2026-05-01 03:00:00,14.31,03:00:00
2026-05-01 03:15:00,14.34,03:15:00
2026-05-01 03:30:00,14.37,03:30:00
2026-05-01 03:45:00,14.42,03:45:00
2026-05-01 04:00:00,14.4,04:00:00
2026-05-01 04:15:00,14.44,04:15:00
2026-05-01 04:30:00,14.44,04:30:00
2026-05-01 04:45:00,14.51,04:45:00
2026-05-01 05:00:00,14.54,05:00:00
2026-05-01 05:15:00,14.59,05:15:00
2026-05-01 05:30:00,14.66,05:30:00
2026-05-01 05:45:00,14.59,05:45:00
2026-05-01 06:00:00,14.67,06:00:00
2026-05-01 06:15:00,14.66,06:15:00
2026-05-01 06:30:00,14.67,06:30:00
2026-05-01 06:45:00,14.65,06:45:00
2026-05-01 07:00:00,14.5,07:00:00
2026-05-01 07:15:00,14.27,07:15:00
2026-05-01 07:30:00,14.65,07:30:00
2026-05-01 07:45:00,15.06,07:45:00
2026-05-01 08:00:00,14.99,08:00:00
2026-05-01 08:15:00,14.94,08:15:00
2026-05-01 08:30:00,14.81,08:30:00
2026-05-01 08:45:00,14.65,08:45:00
2026-05-01 09:00:00,14.15,09:00:00
2026-05-01 09:15:00,13.85,09:15:00
2026-05-01 09:30:00,13.78,09:30:00
2026-05-01 09:45:00,13.67,09:45:00
2026-05-01 10:00:00,13.59,10:00:00
2026-05-01 10:15:00,13.73,10:15:00
2026-05-01 10:30:00,14.33,10:30:00
2026-05-01 10:45:00,14.14,10:45:00
2026-05-01 11:00:00,13.67,11:00:00
2026-05-01 11:15:00,13.57,11:15:00
2026-05-01 11:30:00,13.54,11:30:00
2026-05-01 11:45:00,13.53,11:45:00
2026-05-01 12:00:00,13.48,12:00:00
2026-05-01 12:15:00,13.57,12:15:00
2026-05-01 12:30:00,13.6,12:30:00
2026-05-01 12:45:00,13.63,12:45:00
2026-05-01 13:00:00,13.63,13:00:00
2026-05-01 13:15:00,13.68,13:15:00
2026-05-01 13:30:00,13.77,13:30:00
2026-05-01 13:45:00,13.88,13:45:00
2026-05-01 14:00:00,13.96,14:00:00
2026-05-01 14:15:00,13.89,14:15:00
2026-05-01 14:30:00,13.82,14:30:00
2026-05-01 14:45:00,14.09,14:45:00
2026-05-01 15:00:00,14.42,15:00:00
2026-05-01 15:15:00,14.31,15:15:00
2026-05-01 15:30:00,13.91,15:30:00
2026-05-01 15:45:00,14.41,15:45:00
2026-05-01 16:00:00,15.38,16:00:00
2026-05-01 16:15:00,15.74,16:15:00
2026-05-01 16:30:00,15.85,16:30:00
2026-05-01 16:45:00,15.77,16:45:00
2026-05-01 17:00:00,14.17,17:00:00
2026-05-01 17:15:00,13.56,17:15:00
2026-05-01 17:30:00,13.47,17:30:00
2026-05-01 17:45:00,13.59,17:45:00
2026-05-01 18:00:00,13.71,18:00:00
2026-05-01 18:15:00,13.91,18:15:00
2026-05-01 18:30:00,14.14,18:30:00
2026-05-01 18:45:00,13.94,18:45:00
2026-05-01 19:00:00,13.85,19:00:00
2026-05-01 19:15:00,14.02,19:15:00
2026-05-01 19:30:00,13.72,19:30:00
2026-05-01 19:45:00,13.87,19:45:00
2026-05-01 20:00:00,13.9,20:00:00
2026-05-01 20:15:00,13.9,20:15:00
2026-05-01 20:30:00,13.58,20:30:00
2026-05-01 20:45:00,13.82,20:45:00
2026-05-01 21:00:00,14.31,21:00:00
2026-05-01 21:15:00,14.19,21:15:00
2026-05-01 21:30:00,14.18,21:30:00
2026-05-01 21:45:00,14.54,21:45:00
2026-05-01 22:00:00,14.54,22:00:00
2026-05-01 22:15:00,15.28,22:15:00
2026-05-01 22:30:00,14.76,22:30:00
2026-05-01 22:45:00,14.75,22:45:00
2026-05-01 23:00:00,14.61,23:00:00
2026-05-01 23:15:00,14.67,23:15:00
2026-05-01 23:30:00,14.95,23:30:00
2026-05-01 23:45:00,15.58,23:45:00
2026-05-02 00:00:00,14.85,00:00:00
2026-05-02 00:15:00,14.32,00:15:00
2026-05-02 00:30:00,14.31,00:30:00
2026-05-02 00:45:00,14.33,00:45:00
2026-05-02 01:00:00,14.09,01:00:00
2026-05-02 01:15:00,14.35,01:15:00
2026-05-02 01:30:00,14.81,01:30:00
2026-05-02 01:45:00,14.78,01:45:00
2026-05-02 02:00:00,14.48,02:00:00
2026-05-02 02:15:00,14.56,02:15:00
2026-05-02 02:30:00,14.82,02:30:00
2026-05-02 02:45:00,14.44,02:45:00
2026-05-02 03:00:00,14.48,03:00:00
2026-05-02 03:15:00,14.75,03:15:00
2026-05-02 03:30:00,14.95,03:30:00
2026-05-02 03:45:00,14.55,03:45:00
2026-05-02 04:00:00,14.45,04:00:00
2026-05-02 04:15:00,14.63,04:15:00
2026-05-02 04:30:00,14.45,04:30:00
2026-05-02 04:45:00,14.25,04:45:00
2026-05-02 05:00:00,14.41,05:00:00
2026-05-02 05:15:00,14.71,05:15:00
2026-05-02 05:30:00,14.31,05:30:00
2026-05-02 05:45:00,14.1,05:45:00
2026-05-02 06:00:00,14.19,06:00:00
2026-05-02 06:15:00,14.23,06:15:00
2026-05-02 06:30:00,13.79,06:30:00
2026-05-02 06:45:00,13.65,06:45:00
2026-05-02 07:00:00,13.95,07:00:00
2026-05-02 07:15:00,13.95,07:15:00
2026-05-02 07:30:00,13.91,07:30:00
2026-05-02 07:45:00,15.15,07:45:00
2026-05-02 08:00:00,15.08,08:00:00
2026-05-02 08:15:00,15.01,08:15:00
2026-05-02 08:30:00,15.81,08:30:00
2026-05-02 08:45:00,15.54,08:45:00
2026-05-02 09:00:00,15.06,09:00:00
2026-05-02 09:15:00,15.85,09:15:00
2026-05-02 09:30:00,16.48,09:30:00
2026-05-02 09:45:00,16.84,09:45:00
2026-05-02 10:00:00,16.63,10:00:00
2026-05-02 10:15:00,16.61,10:15:00
2026-05-02 10:30:00,16.77,10:30:00
2026-05-02 10:45:00,16.69,10:45:00
2026-05-02 11:00:00,16.73,11:00:00
2026-05-02 11:15:00,16.06,11:15:00
2026-05-02 11:30:00,15.24,11:30:00
2026-05-02 11:45:00,13.08,11:45:00
2026-05-02 12:00:00,13.68,12:00:00
2026-05-02 12:15:00,13.82,12:15:00
2026-05-02 12:30:00,13.93,12:30:00
2026-05-02 12:45:00,13.89,12:45:00
2026-05-02 13:00:00,13.11,13:00:00
2026-05-02 13:15:00,12.58,13:15:00
2026-05-02 13:30:00,12.04,13:30:00
2026-05-02 13:45:00,11.57,13:45:00
2026-05-02 14:00:00,11.66,14:00:00
2026-05-02 14:15:00,11.18,14:15:00
2026-05-02 14:30:00,10.67,14:30:00
2026-05-02 14:45:00,10.23,14:45:00
2026-05-02 15:00:00,10.38,15:00:00
2026-05-02 15:15:00,10.45,15:15:00
2026-05-02 15:30:00,10.66,15:30:00
2026-05-02 15:45:00,10.65,15:45:00
2026-05-02 16:00:00,11.46,16:00:00
2026-05-02 16:15:00,11.17,16:15:00
2026-05-02 16:30:00,10.86,16:30:00
2026-05-02 16:45:00,11.28,16:45:00
2026-05-02 17:00:00,13.39,17:00:00
2026-05-02 17:15:00,14.49,17:15:00
2026-05-02 17:30:00,13.85,17:30:00
2026-05-02 17:45:00,13.84,17:45:00
2026-05-02 18:00:00,14.03,18:00:00
2026-05-02 18:15:00,14.27,18:15:00
2026-05-02 18:30:00,14.32,18:30:00
2026-05-02 18:45:00,13.41,18:45:00
2026-05-02 19:00:00,12.32,19:00:00
2026-05-02 19:15:00,11.27,19:15:00
2026-05-02 19:30:00,10.83,19:30:00
2026-05-02 19:45:00,10.91,19:45:00
2026-05-02 20:00:00,11.17,20:00:00
2026-05-02 20:15:00,10.46,20:15:00
2026-05-02 20:30:00,10.53,20:30:00
2026-05-02 20:45:00,10.73,20:45:00
2026-05-02 21:00:00,10.34,21:00:00
2026-05-02 21:15:00,10.4,21:15:00
2026-05-02 21:30:00,10.23,21:30:00
2026-05-02 21:45:00,10.73,21:45:00
2026-05-02 22:00:00,10.56,22:00:00
2026-05-02 22:15:00,10.65,22:15:00
2026-05-02 22:30:00,10.87,22:30:00
2026-05-02 22:45:00,10.88,22:45:00
2026-05-02 23:00:00,10.42,23:00:00
2026-05-02 23:15:00,10.74,23:15:00
2026-05-02 23:30:00,10.73,23:30:00
2026-05-02 23:45:00,10.76,23:45:00
2026-05-03 00:00:00,10.55,00:00:00
2026-05-03 00:15:00,10.19,00:15:00
2026-05-03 00:30:00,10.4,00:30:00
2026-05-03 00:45:00,10.49,00:45:00
2026-05-03 01:00:00,10.55,01:00:00
2026-05-03 01:15:00,10.55,01:15:00
2026-05-03 01:30:00,10.55,01:30:00
2026-05-03 01:45:00,10.57,01:45:00
2026-05-03 02:00:00,10.66,02:00:00
2026-05-03 02:15:00,11.03,02:15:00
2026-05-03 02:30:00,11.29,02:30:00
2026-05-03 02:45:00,11.27,02:45:00
2026-05-03 03:00:00,11.23,03:00:00
2026-05-03 03:15:00,11.63,03:15:00
2026-05-03 03:30:00,11.39,03:30:00
2026-05-03 03:45:00,10.96,03:45:00
2026-05-03 04:00:00,11.25,04:00:00
2026-05-03 04:15:00,11.48,04:15:00
2026-05-03 04:30:00,11.34,04:30:00
2026-05-03 04:45:00,11.2,04:45:00
2026-05-03 05:00:00,11.27,05:00:00
2026-05-03 05:15:00,11.24,05:15:00
2026-05-03 05:30:00,10.99,05:30:00
2026-05-03 05:45:00,10.97,05:45:00
2026-05-03 06:00:00,10.98,06:00:00
2026-05-03 06:15:00,10.88,06:15:00
2026-05-03 06:30:00,10.56,06:30:00
2026-05-03 06:45:00,10.42,06:45:00
2026-05-03 07:00:00,10.72,07:00:00
2026-05-03 07:15:00,10.51,07:15:00
2026-05-03 07:30:00,10.55,07:30:00
2026-05-03 07:45:00,10.6,07:45:00
2026-05-03 08:00:00,10.86,08:00:00
2026-05-03 08:15:00,10.98,08:15:00
2026-05-03 08:30:00,10.98,08:30:00
2026-05-03 08:45:00,11.04,08:45:00
2026-05-03 09:00:00,11.2,09:00:00
2026-05-03 09:15:00,10.73,09:15:00
2026-05-03 09:30:00,10.7,09:30:00
2026-05-03 09:45:00,10.43,09:45:00
2026-05-03 10:00:00,10.78,10:00:00
2026-05-03 10:15:00,11.51,10:15:00
2026-05-03 10:30:00,12.3,10:30:00
2026-05-03 10:45:00,12.68,10:45:00
2026-05-03 11:00:00,14.46,11:00:00
2026-05-03 11:15:00,14.57,11:15:00
2026-05-03 11:30:00,14.89,11:30:00
2026-05-03 11:45:00,15.21,11:45:00
2026-05-03 12:00:00,15.6,12:00:00
2026-05-03 12:15:00,14.81,12:15:00
2026-05-03 12:30:00,14.28,12:30:00
2026-05-03 12:45:00,13.57,12:45:00
2026-05-03 13:00:00,12.21,13:00:00
2026-05-03 13:15:00,11.7,13:15:00
2026-05-03 13:30:00,10.97,13:30:00
2026-05-03 13:45:00,10.93,13:45:00
2026-05-03 14:00:00,11.22,14:00:00
2026-05-03 14:15:00,11.7,14:15:00
2026-05-03 14:30:00,11.45,14:30:00
2026-05-03 14:45:00,11.35,14:45:00
2026-05-03 15:00:00,11.78,15:00:00
2026-05-03 15:15:00,12.19,15:15:00
2026-05-03 15:30:00,11.98,15:30:00
2026-05-03 15:45:00,11.71,15:45:00
2026-05-03 16:00:00,11.91,16:00:00
2026-05-03 16:15:00,12.36,16:15:00
2026-05-03 16:30:00,12.12,16:30:00
2026-05-03 16:45:00,12.17,16:45:00
2026-05-03 17:00:00,12.13,17:00:00
2026-05-03 17:15:00,12.05,17:15:00
2026-05-03 17:30:00,12.4,17:30:00
2026-05-03 17:45:00,12.71,17:45:00
2026-05-03 18:00:00,13.0,18:00:00
2026-05-03 18:15:00,12.67,18:15:00
2026-05-03 18:30:00,11.87,18:30:00
2026-05-03 18:45:00,10.59,18:45:00
2026-05-03 19:00:00,10.9,19:00:00
2026-05-03 19:15:00,10.62,19:15:00
2026-05-03 19:30:00,10.56,19:30:00
2026-05-03 19:45:00,10.7,19:45:00
2026-05-03 20:00:00,10.82,20:00:00
2026-05-03 20:15:00,10.33,20:15:00
2026-05-03 20:30:00,10.33,20:30:00
2026-05-03 20:45:00,10.68,20:45:00
2026-05-03 21:00:00,10.58,21:00:00
2026-05-03 21:15:00,10.41,21:15:00
2026-05-03 21:30:00,10.49,21:30:00
2026-05-03 21:45:00,10.77,21:45:00
2026-05-03 22:00:00,10.41,22:00:00
2026-05-03 22:15:00,14.22,22:15:00
2026-05-03 22:30:00,14.5,22:30:00
2026-05-03 22:45:00,12.63,22:45:00
2026-05-03 23:00:00,11.54,23:00:00
2026-05-03 23:15:00,12.69,23:15:00
2026-05-03 23:30:00,13.35,23:30:00
2026-05-03 23:45:00,13.45,23:45:00
2026-05-04 00:00:00,13.41,00:00:00
2026-05-04 00:15:00,11.62,00:15:00
2026-05-04 00:30:00,11.53,00:30:00
2026-05-04 00:45:00,11.34,00:45:00
2026-05-04 01:00:00,11.17,01:00:00
2026-05-04 01:15:00,11.33,01:15:00
2026-05-04 01:30:00,11.51,01:30:00
2026-05-04 01:45:00,11.52,01:45:00
2026-05-04 02:00:00,11.4,02:00:00
2026-05-04 02:15:00,11.71,02:15:00
2026-05-04 02:30:00,11.75,02:30:00
2026-05-04 02:45:00,12.01,02:45:00
2026-05-04 03:00:00,12.8,03:00:00
2026-05-04 03:15:00,13.68,03:15:00
2026-05-04 03:30:00,13.89,03:30:00
2026-05-04 03:45:00,14.77,03:45:00
2026-05-04 04:00:00,16.34,04:00:00
2026-05-04 04:15:00,18.25,04:15:00
2026-05-04 04:30:00,18.56,04:30:00
2026-05-04 04:45:00,18.32,04:45:00
2026-05-04 05:00:00,19.27,05:00:00
2026-05-04 05:15:00,20.03,05:15:00
2026-05-04 05:30:00,20.14,05:30:00
2026-05-04 05:45:00,20.75,05:45:00
2026-05-04 06:00:00,20.98,06:00:00
2026-05-04 06:15:00,18.85,06:15:00
2026-05-04 06:30:00,17.85,06:30:00
2026-05-04 06:45:00,17.88,06:45:00
2026-05-04 07:00:00,18.66,07:00:00
2026-05-04 07:15:00,17.56,07:15:00
2026-05-04 07:30:00,16.72,07:30:00
2026-05-04 07:45:00,16.89,07:45:00
2026-05-04 08:00:00,16.65,08:00:00
2026-05-04 08:15:00,16.44,08:15:00
2026-05-04 08:30:00,15.81,08:30:00
2026-05-04 08:45:00,14.9,08:45:00
2026-05-04 09:00:00,14.9,09:00:00
2026-05-04 09:15:00,14.35,09:15:00
2026-05-04 09:30:00,12.58,09:30:00
2026-05-04 09:45:00,12.06,09:45:00
2026-05-04 10:00:00,11.87,10:00:00
2026-05-04 10:15:00,12.33,10:15:00
2026-05-04 10:30:00,12.66,10:30:00
2026-05-04 10:45:00,12.52,10:45:00
2026-05-04 11:00:00,12.68,11:00:00
2026-05-04 11:15:00,11.42,11:15:00
2026-05-04 11:30:00,11.73,11:30:00
2026-05-04 11:45:00,11.43,11:45:00
2026-05-04 12:00:00,11.29,12:00:00
2026-05-04 12:15:00,12.17,12:15:00
2026-05-04 12:30:00,12.23,12:30:00
2026-05-04 12:45:00,11.85,12:45:00
2026-05-04 13:00:00,11.31,13:00:00
2026-05-04 13:15:00,11.25,13:15:00
2026-05-04 13:30:00,12.2,13:30:00
2026-05-04 13:45:00,12.44,13:45:00
2026-05-04 14:00:00,11.98,14:00:00
2026-05-04 14:15:00,12.02,14:15:00
2026-05-04 14:30:00,12.02,14:30:00
2026-05-04 14:45:00,11.6,14:45:00
2026-05-04 15:00:00,11.73,15:00:00
2026-05-04 15:15:00,12.42,15:15:00
2026-05-04 15:30:00,13.06,15:30:00
2026-05-04 15:45:00,17.65,15:45:00
2026-05-04 16:00:00,23.45,16:00:00
2026-05-04 16:15:00,26.05,16:15:00
2026-05-04 16:30:00,27.46,16:30:00
2026-05-04 16:45:00,28.43,16:45:00
2026-05-04 17:00:00,28.18,17:00:00
2026-05-04 17:15:00,27.27,17:15:00
2026-05-04 17:30:00,27.62,17:30:00
2026-05-04 17:45:00,28.6,17:45:00
2026-05-04 18:00:00,30.33,18:00:00
2026-05-04 18:15:00,31.09,18:15:00
2026-05-04 18:30:00,31.78,18:30:00
2026-05-04 18:45:00,31.13,18:45:00
2026-05-04 19:00:00,28.86,19:00:00
2026-05-04 19:15:00,28.96,19:15:00
2026-05-04 19:30:00,28.48,19:30:00
2026-05-04 19:45:00,28.19,19:45:00
2026-05-04 20:00:00,26.71,20:00:00
2026-05-04 20:15:00,27.91,20:15:00
2026-05-04 20:30:00,27.98,20:30:00
2026-05-04 20:45:00,28.31,20:45:00
2026-05-04 21:00:00,28.54,21:00:00
2026-05-04 21:15:00,28.49,21:15:00
2026-05-04 21:30:00,28.42,21:30:00
2026-05-04 21:45:00,28.39,21:45:00
2026-05-04 22:00:00,26.57,22:00:00
2026-05-04 22:15:00,25.79,22:15:00
2026-05-04 22:30:00,23.75,22:30:00
2026-05-04 22:45:00,19.11,22:45:00
2026-05-04 23:00:00,17.95,23:00:00
2026-05-04 23:15:00,19.62,23:15:00
2026-05-04 23:30:00,19.33,23:30:00
2026-05-04 23:45:00,19.14,23:45:00
2026-05-05 00:00:00,17.99,00:00:00
2026-05-05 00:15:00,17.72,00:15:00
2026-05-05 00:30:00,16.71,00:30:00
2026-05-05 00:45:00,15.35,00:45:00
2026-05-05 01:00:00,15.05,01:00:00
2026-05-05 01:15:00,14.72,01:15:00
2026-05-05 01:30:00,14.87,01:30:00
2026-05-05 01:45:00,13.92,01:45:00
2026-05-05 02:00:00,13.69,02:00:00
2026-05-05 02:15:00,13.73,02:15:00
2026-05-05 02:30:00,13.25,02:30:00
2026-05-05 02:45:00,13.06,02:45:00
2026-05-05 03:00:00,13.78,03:00:00
2026-05-05 03:15:00,14.07,03:15:00
2026-05-05 03:30:00,13.21,03:30:00
2026-05-05 03:45:00,13.46,03:45:00
2026-05-05 04:00:00,13.79,04:00:00
2026-05-05 04:15:00,12.84,04:15:00
2026-05-05 04:30:00,12.2,04:30:00
2026-05-05 04:45:00,12.62,04:45:00
2026-05-05 05:00:00,15.04,05:00:00
2026-05-05 05:15:00,16.13,05:15:00
2026-05-05 05:30:00,16.19,05:30:00
2026-05-05 05:45:00,16.07,05:45:00
2026-05-05 06:00:00,16.37,06:00:00
2026-05-05 06:15:00,16.27,06:15:00
2026-05-05 06:30:00,16.16,06:30:00
2026-05-05 06:45:00,15.67,06:45:00
2026-05-05 07:00:00,15.7,07:00:00
2026-05-05 07:15:00,14.86,07:15:00
2026-05-05 07:30:00,13.95,07:30:00
2026-05-05 07:45:00,13.49,07:45:00
2026-05-05 08:00:00,13.25,08:00:00
2026-05-05 08:15:00,13.13,08:15:00
2026-05-05 08:30:00,12.85,08:30:00
2026-05-05 08:45:00,12.74,08:45:00
2026-05-05 09:00:00,12.44,09:00:00
2026-05-05 09:15:00,11.94,09:15:00
2026-05-05 09:30:00,11.69,09:30:00
2026-05-05 09:45:00,11.64,09:45:00
2026-05-05 10:00:00,11.84,10:00:00
2026-05-05 10:15:00,11.67,10:15:00
2026-05-05 10:30:00,11.77,10:30:00
2026-05-05 10:45:00,11.09,10:45:00
2026-05-05 11:00:00,11.39,11:00:00
2026-05-05 11:15:00,11.33,11:15:00
2026-05-05 11:30:00,10.91,11:30:00
2026-05-05 11:45:00,10.88,11:45:00
2026-05-05 12:00:00,11.72,12:00:00
2026-05-05 12:15:00,12.08,12:15:00
2026-05-05 12:30:00,11.57,12:30:00
2026-05-05 12:45:00,11.43,12:45:00
2026-05-05 13:00:00,11.62,13:00:00
2026-05-05 13:15:00,11.77,13:15:00
2026-05-05 13:30:00,11.97,13:30:00
2026-05-05 13:45:00,11.88,13:45:00
2026-05-05 14:00:00,11.15,14:00:00
2026-05-05 14:15:00,10.92,14:15:00
2026-05-05 14:30:00,10.89,14:30:00
2026-05-05 14:45:00,10.62,14:45:00
2026-05-05 15:00:00,11.06,15:00:00
2026-05-05 15:15:00,11.84,15:15:00
2026-05-05 15:30:00,12.4,15:30:00
2026-05-05 15:45:00,12.76,15:45:00
2026-05-05 16:00:00,13.61,16:00:00
2026-05-05 16:15:00,14.54,16:15:00
2026-05-05 16:30:00,15.56,16:30:00
2026-05-05 16:45:00,16.07,16:45:00
2026-05-05 17:00:00,16.26,17:00:00
2026-05-05 17:15:00,17.02,17:15:00
2026-05-05 17:30:00,17.2,17:30:00
2026-05-05 17:45:00,17.41,17:45:00
2026-05-05 18:00:00,18.94,18:00:00
2026-05-05 18:15:00,19.99,18:15:00
2026-05-05 18:30:00,19.87,18:30:00
2026-05-05 18:45:00,18.98,18:45:00
2026-05-05 19:00:00,18.87,19:00:00
2026-05-05 19:15:00,18.88,19:15:00
2026-05-05 19:30:00,18.77,19:30:00
2026-05-05 19:45:00,18.94,19:45:00
2026-05-05 20:00:00,19.2,20:00:00
2026-05-05 20:15:00,19.5,20:15:00
2026-05-05 20:30:00,18.71,20:30:00
2026-05-05 20:45:00,19.07,20:45:00
2026-05-05 21:00:00,19.73,21:00:00
2026-05-05 21:15:00,20.55,21:15:00
2026-05-05 21:30:00,20.32,21:30:00
2026-05-05 21:45:00,19.77,21:45:00
2026-05-05 22:00:00,18.44,22:00:00
2026-05-05 22:15:00,18.87,22:15:00
2026-05-05 22:30:00,16.58,22:30:00
2026-05-05 22:45:00,14.85,22:45:00
2026-05-05 23:00:00,14.15,23:00:00
2026-05-05 23:15:00,15.47,23:15:00
2026-05-05 23:30:00,14.13,23:30:00
2026-05-05 23:45:00,13.19,23:45:00
2026-05-06 00:00:00,12.24,00:00:00
2026-05-06 00:15:00,10.33,00:15:00
2026-05-06 00:30:00,10.41,00:30:00
2026-05-06 00:45:00,10.4,00:45:00
2026-05-06 01:00:00,10.24,01:00:00
2026-05-06 01:15:00,9.99,01:15:00
2026-05-06 01:30:00,10.0,01:30:00
2026-05-06 01:45:00,9.95,01:45:00
2026-05-06 02:00:00,9.88,02:00:00
2026-05-06 02:15:00,9.91,02:15:00
2026-05-06 02:30:00,9.95,02:30:00
2026-05-06 02:45:00,9.97,02:45:00
2026-05-06 03:00:00,9.97,03:00:00
2026-05-06 03:15:00,9.98,03:15:00
2026-05-06 03:30:00,9.94,03:30:00
2026-05-06 03:45:00,10.49,03:45:00
2026-05-06 04:00:00,10.83,04:00:00
2026-05-06 04:15:00,11.38,04:15:00
2026-05-06 04:30:00,12.44,04:30:00
2026-05-06 04:45:00,13.86,04:45:00
2026-05-06 05:00:00,13.87,05:00:00
2026-05-06 05:15:00,13.48,05:15:00
2026-05-06 05:30:00,13.96,05:30:00
2026-05-06 05:45:00,14.84,05:45:00
2026-05-06 06:00:00,15.58,06:00:00
2026-05-06 06:15:00,13.95,06:15:00
2026-05-06 06:30:00,13.48,06:30:00
2026-05-06 06:45:00,13.26,06:45:00
2026-05-06 07:00:00,12.99,07:00:00
2026-05-06 07:15:00,12.49,07:15:00
2026-05-06 07:30:00,12.07,07:30:00
2026-05-06 07:45:00,11.89,07:45:00
2026-05-06 08:00:00,11.58,08:00:00
2026-05-06 08:15:00,10.78,08:15:00
2026-05-06 08:30:00,10.41,08:30:00
2026-05-06 08:45:00,9.69,08:45:00
2026-05-06 09:00:00,9.44,09:00:00
2026-05-06 09:15:00,9.04,09:15:00
2026-05-06 09:30:00,8.97,09:30:00
2026-05-06 09:45:00,9.01,09:45:00
2026-05-06 10:00:00,9.08,10:00:00
2026-05-06 10:15:00,9.5,10:15:00
2026-05-06 10:30:00,9.76,10:30:00
2026-05-06 10:45:00,8.88,10:45:00
2026-05-06 11:00:00,8.72,11:00:00
2026-05-06 11:15:00,8.78,11:15:00
2026-05-06 11:30:00,9.07,11:30:00
2026-05-06 11:45:00,9.24,11:45:00
2026-05-06 12:00:00,9.09,12:00:00
2026-05-06 12:15:00,9.07,12:15:00
2026-05-06 12:30:00,9.18,12:30:00
2026-05-06 12:45:00,9.3,12:45:00
2026-05-06 13:00:00,9.93,13:00:00
2026-05-06 13:15:00,10.04,13:15:00
2026-05-06 13:30:00,10.25,13:30:00
2026-05-06 13:45:00,10.77,13:45:00
2026-05-06 14:00:00,11.52,14:00:00
2026-05-06 14:15:00,11.29,14:15:00
2026-05-06 14:30:00,11.18,14:30:00
2026-05-06 14:45:00,11.32,14:45:00
2026-05-06 15:00:00,12.14,15:00:00
2026-05-06 15:15:00,12.29,15:15:00
2026-05-06 15:30:00,12.52,15:30:00
2026-05-06 15:45:00,13.1,15:45:00
2026-05-06 16:00:00,14.07,16:00:00
2026-05-06 16:15:00,14.91,16:15:00
2026-05-06 16:30:00,15.7,16:30:00
2026-05-06 16:45:00,17.48,16:45:00
2026-05-06 17:00:00,17.6,17:00:00
2026-05-06 17:15:00,19.06,17:15:00
2026-05-06 17:30:00,19.15,17:30:00
2026-05-06 17:45:00,19.57,17:45:00
2026-05-06 18:00:00,20.58,18:00:00
2026-05-06 18:15:00,22.26,18:15:00
2026-05-06 18:30:00,22.3,18:30:00
2026-05-06 18:45:00,22.57,18:45:00
2026-05-06 19:00:00,21.31,19:00:00
2026-05-06 19:15:00,20.01,19:15:00
2026-05-06 19:30:00,20.0,19:30:00
2026-05-06 19:45:00,19.84,19:45:00
2026-05-06 20:00:00,21.17,20:00:00
2026-05-06 20:15:00,22.53,20:15:00
2026-05-06 20:30:00,22.69,20:30:00
2026-05-06 20:45:00,24.34,20:45:00
2026-05-06 21:00:00,25.05,21:00:00
2026-05-06 21:15:00,24.78,21:15:00
2026-05-06 21:30:00,24.87,21:30:00
2026-05-06 21:45:00,24.39,21:45:00
2026-05-06 22:00:00,23.27,22:00:00
2026-05-06 22:15:00,23.36,22:15:00
2026-05-06 22:30:00,20.77,22:30:00
2026-05-06 22:45:00,19.03,22:45:00
2026-05-06 23:00:00,17.89,23:00:00
2026-05-06 23:15:00,17.18,23:15:00
2026-05-06 23:30:00,16.85,23:30:00
2026-05-06 23:45:00,16.75,23:45:00
2026-05-07 00:00:00,16.06,00:00:00
2026-05-07 00:15:00,14.64,00:15:00
2026-05-07 00:30:00,14.25,00:30:00
2026-05-07 00:45:00,14.24,00:45:00
2026-05-07 01:00:00,13.21,01:00:00
2026-05-07 01:15:00,12.38,01:15:00
2026-05-07 01:30:00,11.83,01:30:00
2026-05-07 01:45:00,11.68,01:45:00
2026-05-07 02:00:00,11.77,02:00:00
2026-05-07 02:15:00,11.97,02:15:00
2026-05-07 02:30:00,12.28,02:30:00
2026-05-07 02:45:00,12.88,02:45:00
2026-05-07 03:00:00,13.84,03:00:00
2026-05-07 03:15:00,15.89,03:15:00
2026-05-07 03:30:00,16.9,03:30:00
2026-05-07 03:45:00,18.27,03:45:00
2026-05-07 04:00:00,19.64,04:00:00
2026-05-07 04:15:00,20.41,04:15:00
2026-05-07 04:30:00,21.33,04:30:00
2026-05-07 04:45:00,21.41,04:45:00
2026-05-07 05:00:00,21.77,05:00:00
2026-05-07 05:15:00,20.91,05:15:00
2026-05-07 05:30:00,21.24,05:30:00
2026-05-07 05:45:00,20.62,05:45:00
2026-05-07 06:00:00,19.54,06:00:00
2026-05-07 06:15:00,17.7,06:15:00
2026-05-07 06:30:00,16.78,06:30:00
2026-05-07 06:45:00,16.66,06:45:00
2026-05-07 07:00:00,15.88,07:00:00
2026-05-07 07:15:00,13.68,07:15:00
2026-05-07 07:30:00,12.5,07:30:00
2026-05-07 07:45:00,11.86,07:45:00
2026-05-07 08:00:00,10.49,08:00:00
2026-05-07 08:15:00,9.42,08:15:00
2026-05-07 08:30:00,9.01,08:30:00
2026-05-07 08:45:00,8.97,08:45:00
2026-05-07 09:00:00,8.67,09:00:00
2026-05-07 09:15:00,8.59,09:15:00
2026-05-07 09:30:00,8.89,09:30:00
2026-05-07 09:45:00,8.89,09:45:00
2026-05-07 10:00:00,8.65,10:00:00
2026-05-07 10:15:00,8.49,10:15:00
2026-05-07 10:30:00,8.68,10:30:00
2026-05-07 10:45:00,8.52,10:45:00
2026-05-07 11:00:00,8.5,11:00:00
2026-05-07 11:15:00,8.74,11:15:00
2026-05-07 11:30:00,8.8,11:30:00
2026-05-07 11:45:00,8.63,11:45:00
2026-05-07 12:00:00,8.74,12:00:00
2026-05-07 12:15:00,8.96,12:15:00
2026-05-07 12:30:00,8.6,12:30:00
2026-05-07 12:45:00,8.52,12:45:00
2026-05-07 13:00:00,9.19,13:00:00
2026-05-07 13:15:00,9.97,13:15:00
2026-05-07 13:30:00,9.86,13:30:00
2026-05-07 13:45:00,9.88,13:45:00
2026-05-07 14:00:00,10.44,14:00:00
2026-05-07 14:15:00,10.46,14:15:00
2026-05-07 14:30:00,10.45,14:30:00
2026-05-07 14:45:00,10.63,14:45:00
2026-05-07 15:00:00,11.13,15:00:00
2026-05-07 15:15:00,11.04,15:15:00
2026-05-07 15:30:00,11.02,15:30:00
2026-05-07 15:45:00,11.24,15:45:00
2026-05-07 16:00:00,11.91,16:00:00
2026-05-07 16:15:00,12.16,16:15:00
2026-05-07 16:30:00,13.3,16:30:00
2026-05-07 16:45:00,15.2,16:45:00
2026-05-07 17:00:00,17.54,17:00:00
2026-05-07 17:15:00,19.24,17:15:00
2026-05-07 17:30:00,19.33,17:30:00
2026-05-07 17:45:00,20.05,17:45:00
2026-05-07 18:00:00,21.93,18:00:00
2026-05-07 18:15:00,23.22,18:15:00
2026-05-07 18:30:00,25.69,18:30:00
2026-05-07 18:45:00,23.85,18:45:00
2026-05-07 19:00:00,22.0,19:00:00
2026-05-07 19:15:00,21.64,19:15:00
2026-05-07 19:30:00,20.63,19:30:00
2026-05-07 19:45:00,20.3,19:45:00
2026-05-07 20:00:00,20.5,20:00:00
2026-05-07 20:15:00,22.44,20:15:00
2026-05-07 20:30:00,22.41,20:30:00
2026-05-07 20:45:00,24.42,20:45:00
2026-05-07 21:00:00,24.22,21:00:00
2026-05-07 21:15:00,23.14,21:15:00
2026-05-07 21:30:00,23.31,21:30:00
2026-05-07 21:45:00,24.33,21:45:00
2026-05-07 22:00:00,23.8,22:00:00
2026-05-07 22:15:00,21.56,22:15:00
2026-05-07 22:30:00,20.67,22:30:00
2026-05-07 22:45:00,20.44,22:45:00
2026-05-07 23:00:00,20.61,23:00:00
2026-05-07 23:15:00,20.87,23:15:00
2026-05-07 23:30:00,20.38,23:30:00
2026-05-07 23:45:00,20.47,23:45:00
2026-05-08 00:00:00,18.48,00:00:00
2026-05-08 00:15:00,16.13,00:15:00
2026-05-08 00:30:00,14.11,00:30:00
2026-05-08 00:45:00,13.7,00:45:00
2026-05-08 01:00:00,13.16,01:00:00
2026-05-08 01:15:00,12.79,01:15:00
2026-05-08 01:30:00,12.51,01:30:00
2026-05-08 01:45:00,11.61,01:45:00
2026-05-08 02:00:00,11.43,02:00:00
2026-05-08 02:15:00,11.08,02:15:00
2026-05-08 02:30:00,10.84,02:30:00
2026-05-08 02:45:00,10.58,02:45:00
2026-05-08 03:00:00,10.74,03:00:00
2026-05-08 03:15:00,10.83,03:15:00
2026-05-08 03:30:00,10.85,03:30:00
2026-05-08 03:45:00,10.91,03:45:00
2026-05-08 04:00:00,10.83,04:00:00
2026-05-08 04:15:00,10.63,04:15:00
2026-05-08 04:30:00,10.71,04:30:00
2026-05-08 04:45:00,11.11,04:45:00
2026-05-08 05:00:00,10.89,05:00:00
2026-05-08 05:15:00,10.72,05:15:00
2026-05-08 05:30:00,10.78,05:30:00
2026-05-08 05:45:00,10.84,05:45:00
2026-05-08 06:00:00,10.48,06:00:00
2026-05-08 06:15:00,10.3,06:15:00
2026-05-08 06:30:00,10.43,06:30:00
2026-05-08 06:45:00,10.05,06:45:00
2026-05-08 07:00:00,9.78,07:00:00
2026-05-08 07:15:00,10.03,07:15:00
2026-05-08 07:30:00,10.27,07:30:00
2026-05-08 07:45:00,10.04,07:45:00
2026-05-08 08:00:00,9.75,08:00:00
2026-05-08 08:15:00,9.73,08:15:00
2026-05-08 08:30:00,10.0,08:30:00
2026-05-08 08:45:00,9.77,08:45:00
2026-05-08 09:00:00,9.78,09:00:00
2026-05-08 09:15:00,10.05,09:15:00
2026-05-08 09:30:00,9.99,09:30:00
2026-05-08 09:45:00,9.79,09:45:00
2026-05-08 10:00:00,9.74,10:00:00
2026-05-08 10:15:00,9.84,10:15:00
2026-05-08 10:30:00,9.59,10:30:00
2026-05-08 10:45:00,9.52,10:45:00
2026-05-08 11:00:00,9.67,11:00:00
2026-05-08 11:15:00,9.79,11:15:00
2026-05-08 11:30:00,9.53,11:30:00
2026-05-08 11:45:00,9.39,11:45:00
2026-05-08 12:00:00,9.64,12:00:00
2026-05-08 12:15:00,9.63,12:15:00
2026-05-08 12:30:00,9.47,12:30:00
2026-05-08 12:45:00,9.59,12:45:00
2026-05-08 13:00:00,10.04,13:00:00
2026-05-08 13:15:00,9.87,13:15:00
2026-05-08 13:30:00,9.81,13:30:00
2026-05-08 13:45:00,10.2,13:45:00
2026-05-08 14:00:00,10.78,14:00:00
2026-05-08 14:15:00,10.25,14:15:00
2026-05-08 14:30:00,10.07,14:30:00
2026-05-08 14:45:00,10.43,14:45:00
2026-05-08 15:00:00,10.51,15:00:00
2026-05-08 15:15:00,10.27,15:15:00
2026-05-08 15:30:00,10.48,15:30:00
2026-05-08 15:45:00,10.82,15:45:00
2026-05-08 16:00:00,10.59,16:00:00
2026-05-08 16:15:00,10.35,16:15:00
2026-05-08 16:30:00,10.56,16:30:00
2026-05-08 16:45:00,11.19,16:45:00
2026-05-08 17:00:00,11.83,17:00:00
2026-05-08 17:15:00,10.87,17:15:00
2026-05-08 17:30:00,10.98,17:30:00
2026-05-08 17:45:00,11.0,17:45:00
2026-05-08 18:00:00,10.83,18:00:00
2026-05-08 18:15:00,11.0,18:15:00
2026-05-08 18:30:00,11.28,18:30:00
2026-05-08 18:45:00,11.07,18:45:00
2026-05-08 19:00:00,10.84,19:00:00
2026-05-08 19:15:00,10.9,19:15:00
2026-05-08 19:30:00,10.97,19:30:00
2026-05-08 19:45:00,10.61,19:45:00
2026-05-08 20:00:00,10.47,20:00:00
2026-05-08 20:15:00,10.7,20:15:00
2026-05-08 20:30:00,10.67,20:30:00
2026-05-08 20:45:00,10.42,20:45:00
2026-05-08 21:00:00,10.47,21:00:00
2026-05-08 21:15:00,10.8,21:15:00
2026-05-08 21:30:00,10.43,21:30:00
2026-05-08 21:45:00,10.3,21:45:00
2026-05-08 22:00:00,10.44,22:00:00
2026-05-08 22:15:00,10.6,22:15:00
2026-05-08 22:30:00,10.34,22:30:00
2026-05-08 22:45:00,10.34,22:45:00
2026-05-08 23:00:00,10.62,23:00:00
2026-05-08 23:15:00,10.64,23:15:00
2026-05-08 23:30:00,10.51,23:30:00
2026-05-08 23:45:00,10.71,23:45:00
2026-05-09 00:00:00,11.11,00:00:00
2026-05-09 00:15:00,10.93,00:15:00
2026-05-09 00:30:00,10.82,00:30:00
2026-05-09 00:45:00,11.03,00:45:00
2026-05-09 01:00:00,11.31,01:00:00
2026-05-09 01:15:00,11.05,01:15:00
2026-05-09 01:30:00,10.96,01:30:00
2026-05-09 01:45:00,11.31,01:45:00
2026-05-09 02:00:00,11.08,02:00:00
2026-05-09 02:15:00,10.93,02:15:00
2026-05-09 02:30:00,11.06,02:30:00
2026-05-09 02:45:00,11.3,02:45:00
2026-05-09 03:00:00,10.95,03:00:00
2026-05-09 03:15:00,10.94,03:15:00
2026-05-09 03:30:00,11.05,03:30:00
2026-05-09 03:45:00,11.12,03:45:00
2026-05-09 04:00:00,10.73,04:00:00
2026-05-09 04:15:00,10.7,04:15:00
2026-05-09 04:30:00,11.05,04:30:00
2026-05-09 04:45:00,10.95,04:45:00
2026-05-09 05:00:00,10.82,05:00:00
2026-05-09 05:15:00,10.85,05:15:00
2026-05-09 05:30:00,10.95,05:30:00
2026-05-09 05:45:00,10.57,05:45:00
2026-05-09 06:00:00,10.49,06:00:00
2026-05-09 06:15:00,10.64,06:15:00
2026-05-09 06:30:00,10.72,06:30:00
2026-05-09 06:45:00,10.41,06:45:00
2026-05-09 07:00:00,10.41,07:00:00
2026-05-09 07:15:00,10.7,07:15:00
2026-05-09 07:30:00,10.38,07:30:00
2026-05-09 07:45:00,9.98,07:45:00
2026-05-09 08:00:00,9.87,08:00:00
2026-05-09 08:15:00,9.9,08:15:00
2026-05-09 08:30:00,10.01,08:30:00
2026-05-09 08:45:00,10.02,08:45:00
2026-05-09 09:00:00,10.22,09:00:00
2026-05-09 09:15:00,10.6,09:15:00
2026-05-09 09:30:00,10.6,09:30:00
2026-05-09 09:45:00,10.69,09:45:00
2026-05-09 10:00:00,11.02,10:00:00
2026-05-09 10:15:00,10.97,10:15:00
2026-05-09 10:30:00,10.98,10:30:00
2026-05-09 10:45:00,11.1,10:45:00
2026-05-09 11:00:00,11.16,11:00:00
2026-05-09 11:15:00,11.1,11:15:00
2026-05-09 11:30:00,11.1,11:30:00
2026-05-09 11:45:00,11.03,11:45:00
2026-05-09 12:00:00,11.23,12:00:00
2026-05-09 12:15:00,10.95,12:15:00
2026-05-09 12:30:00,10.95,12:30:00
2026-05-09 12:45:00,11.35,12:45:00
2026-05-09 13:00:00,10.88,13:00:00
2026-05-09 13:15:00,10.28,13:15:00
2026-05-09 13:30:00,10.33,13:30:00
2026-05-09 13:45:00,10.8,13:45:00
2026-05-09 14:00:00,10.68,14:00:00
2026-05-09 14:15:00,10.58,14:15:00
2026-05-09 14:30:00,10.9,14:30:00
2026-05-09 14:45:00,11.2,14:45:00
2026-05-09 15:00:00,11.09,15:00:00
2026-05-09 15:15:00,11.12,15:15:00
2026-05-09 15:30:00,11.39,15:30:00
2026-05-09 15:45:00,11.31,15:45:00
2026-05-09 16:00:00,11.0,16:00:00
2026-05-09 16:15:00,11.06,16:15:00
2026-05-09 16:30:00,11.6,16:30:00
2026-05-09 16:45:00,11.93,16:45:00
2026-05-09 17:00:00,11.67,17:00:00
2026-05-09 17:15:00,11.99,17:15:00
2026-05-09 17:30:00,11.86,17:30:00
2026-05-09 17:45:00,11.06,17:45:00
2026-05-09 18:00:00,11.02,18:00:00
2026-05-09 18:15:00,11.17,18:15:00
2026-05-09 18:30:00,11.14,18:30:00
2026-05-09 18:45:00,10.9,18:45:00
2026-05-09 19:00:00,10.72,19:00:00
2026-05-09 19:15:00,10.97,19:15:00
2026-05-09 19:30:00,10.63,19:30:00
2026-05-09 19:45:00,10.45,19:45:00
2026-05-09 20:00:00,10.52,20:00:00
2026-05-09 20:15:00,10.83,20:15:00
2026-05-09 20:30:00,10.4,20:30:00
2026-05-09 20:45:00,10.45,20:45:00
2026-05-09 21:00:00,10.66,21:00:00
2026-05-09 21:15:00,10.53,21:15:00
2026-05-09 21:30:00,10.4,21:30:00
2026-05-09 21:45:00,10.41,21:45:00
2026-05-09 22:00:00,10.78,22:00:00
2026-05-09 22:15:00,10.67,22:15:00
2026-05-09 22:30:00,10.66,22:30:00
2026-05-09 22:45:00,10.82,22:45:00
2026-05-09 23:00:00,11.11,23:00:00
2026-05-09 23:15:00,10.9,23:15:00
2026-05-09 23:30:00,10.95,23:30:00
2026-05-09 23:45:00,11.31,23:45:00
2026-05-10 00:00:00,11.2,00:00:00
2026-05-10 00:15:00,10.83,00:15:00
2026-05-10 00:30:00,10.96,00:30:00
2026-05-10 00:45:00,11.34,00:45:00
2026-05-10 01:00:00,11.22,01:00:00
2026-05-10 01:15:00,11.12,01:15:00
2026-05-10 01:30:00,11.26,01:30:00
2026-05-10 01:45:00,11.66,01:45:00
2026-05-10 02:00:00,11.48,02:00:00
2026-05-10 02:15:00,11.53,02:15:00
2026-05-10 02:30:00,11.82,02:30:00
2026-05-10 02:45:00,11.65,02:45:00
2026-05-10 03:00:00,11.57,03:00:00
2026-05-10 03:15:00,11.61,03:15:00
2026-05-10 03:30:00,11.95,03:30:00
2026-05-10 03:45:00,11.77,03:45:00
2026-05-10 04:00:00,11.46,04:00:00
2026-05-10 04:15:00,11.53,04:15:00
2026-05-10 04:30:00,11.83,04:30:00
2026-05-10 04:45:00,11.48,04:45:00
2026-05-10 05:00:00,11.29,05:00:00
2026-05-10 05:15:00,11.69,05:15:00
2026-05-10 05:30:00,11.69,05:30:00
2026-05-10 05:45:00,11.38,05:45:00
2026-05-10 06:00:00,11.27,06:00:00
2026-05-10 06:15:00,11.45,06:15:00
2026-05-10 06:30:00,11.14,06:30:00
2026-05-10 06:45:00,10.91,06:45:00
2026-05-10 07:00:00,10.98,07:00:00
2026-05-10 07:15:00,11.42,07:15:00
2026-05-10 07:30:00,11.07,07:30:00
2026-05-10 07:45:00,10.65,07:45:00
2026-05-10 08:00:00,10.8,08:00:00
2026-05-10 08:15:00,10.9,08:15:00
2026-05-10 08:30:00,11.12,08:30:00
2026-05-10 08:45:00,11.42,08:45:00
2026-05-10 09:00:00,11.5,09:00:00
2026-05-10 09:15:00,11.86,09:15:00
2026-05-10 09:30:00,11.92,09:30:00
2026-05-10 09:45:00,12.86,09:45:00
2026-05-10 10:00:00,14.02,10:00:00
2026-05-10 10:15:00,14.09,10:15:00
2026-05-10 10:30:00,14.48,10:30:00
2026-05-10 10:45:00,15.09,10:45:00
2026-05-10 11:00:00,16.44,11:00:00
2026-05-10 11:15:00,16.08,11:15:00
2026-05-10 11:30:00,15.6,11:30:00
2026-05-10 11:45:00,15.57,11:45:00
2026-05-10 12:00:00,16.45,12:00:00
2026-05-10 12:15:00,16.31,12:15:00
2026-05-10 12:30:00,15.27,12:30:00
2026-05-10 12:45:00,15.52,12:45:00
2026-05-10 13:00:00,14.87,13:00:00
2026-05-10 13:15:00,13.05,13:15:00
2026-05-10 13:30:00,11.12,13:30:00
2026-05-10 13:45:00,10.57,13:45:00
2026-05-10 14:00:00,10.89,14:00:00
2026-05-10 14:15:00,10.46,14:15:00
2026-05-10 14:30:00,10.18,14:30:00
2026-05-10 14:45:00,9.83,14:45:00
2026-05-10 15:00:00,9.94,15:00:00
2026-05-10 15:15:00,9.92,15:15:00
2026-05-10 15:30:00,10.16,15:30:00
2026-05-10 15:45:00,10.45,15:45:00
2026-05-10 16:00:00,10.72,16:00:00
2026-05-10 16:15:00,11.13,16:15:00
2026-05-10 16:30:00,11.13,16:30:00
2026-05-10 16:45:00,11.17,16:45:00
2026-05-10 17:00:00,10.93,17:00:00
2026-05-10 17:15:00,10.84,17:15:00
2026-05-10 17:30:00,10.83,17:30:00
2026-05-10 17:45:00,10.31,17:45:00
2026-05-10 18:00:00,10.67,18:00:00
2026-05-10 18:15:00,10.83,18:15:00
2026-05-10 18:30:00,10.71,18:30:00
2026-05-10 18:45:00,10.65,18:45:00
2026-05-10 19:00:00,10.6,19:00:00
2026-05-10 19:15:00,10.5,19:15:00
2026-05-10 19:30:00,10.37,19:30:00
2026-05-10 19:45:00,10.37,19:45:00
2026-05-10 20:00:00,10.36,20:00:00
2026-05-10 20:15:00,10.34,20:15:00
2026-05-10 20:30:00,10.15,20:30:00
2026-05-10 20:45:00,10.05,20:45:00
2026-05-10 21:00:00,10.29,21:00:00
2026-05-10 21:15:00,10.21,21:15:00
2026-05-10 21:30:00,10.2,21:30:00
2026-05-10 21:45:00,10.37,21:45:00
2026-05-10 22:00:00,10.46,22:00:00
2026-05-10 22:15:00,10.23,22:15:00
2026-05-10 22:30:00,10.26,22:30:00
2026-05-10 22:45:00,10.48,22:45:00
2026-05-10 23:00:00,10.48,23:00:00
2026-05-10 23:15:00,10.45,23:15:00
2026-05-10 23:30:00,10.41,23:30:00
2026-05-10 23:45:00,10.46,23:45:00
2026-05-11 00:00:00,10.41,00:00:00
2026-05-11 00:15:00,10.18,00:15:00
2026-05-11 00:30:00,10.46,00:30:00
2026-05-11 00:45:00,10.58,00:45:00
2026-05-11 01:00:00,10.39,01:00:00
2026-05-11 01:15:00,10.43,01:15:00
2026-05-11 01:30:00,10.71,01:30:00
2026-05-11 01:45:00,10.59,01:45:00
2026-05-11 02:00:00,10.54,02:00:00
2026-05-11 02:15:00,10.55,02:15:00
2026-05-11 02:30:00,10.76,02:30:00
2026-05-11 02:45:00,10.58,02:45:00
2026-05-11 03:00:00,10.51,03:00:00
2026-05-11 03:15:00,10.66,03:15:00
2026-05-11 03:30:00,10.65,03:30:00
2026-05-11 03:45:00,10.61,03:45:00
2026-05-11 04:00:00,10.36,04:00:00
2026-05-11 04:15:00,10.34,04:15:00
2026-05-11 04:30:00,10.31,04:30:00
2026-05-11 04:45:00,10.15,04:45:00
2026-05-11 05:00:00,10.24,05:00:00
2026-05-11 05:15:00,10.27,05:15:00
2026-05-11 05:30:00,10.08,05:30:00
2026-05-11 05:45:00,9.78,05:45:00
2026-05-11 06:00:00,9.89,06:00:00
2026-05-11 06:15:00,9.8,06:15:00
2026-05-11 06:30:00,9.41,06:30:00
2026-05-11 06:45:00,9.31,06:45:00
2026-05-11 07:00:00,9.5,07:00:00
2026-05-11 07:15:00,9.19,07:15:00
2026-05-11 07:30:00,9.01,07:30:00
2026-05-11 07:45:00,9.03,07:45:00
2026-05-11 08:00:00,8.99,08:00:00
2026-05-11 08:15:00,9.06,08:15:00
2026-05-11 08:30:00,9.01,08:30:00
2026-05-11 08:45:00,9.05,08:45:00
2026-05-11 09:00:00,8.59,09:00:00
2026-05-11 09:15:00,8.1,09:15:00
2026-05-11 09:30:00,8.23,09:30:00
2026-05-11 09:45:00,8.27,09:45:00
2026-05-11 10:00:00,8.27,10:00:00
2026-05-11 10:15:00,8.36,10:15:00
2026-05-11 10:30:00,8.43,10:30:00
2026-05-11 10:45:00,8.69,10:45:00
2026-05-11 11:00:00,8.49,11:00:00
2026-05-11 11:15:00,8.42,11:15:00
2026-05-11 11:30:00,8.49,11:30:00
2026-05-11 11:45:00,8.57,11:45:00
2026-05-11 12:00:00,8.59,12:00:00
2026-05-11 12:15:00,8.75,12:15:00
2026-05-11 12:30:00,8.64,12:30:00
2026-05-11 12:45:00,8.84,12:45:00
2026-05-11 13:00:00,8.82,13:00:00
2026-05-11 13:15:00,8.51,13:15:00
2026-05-11 13:30:00,8.61,13:30:00
2026-05-11 13:45:00,8.56,13:45:00
2026-05-11 14:00:00,8.52,14:00:00
2026-05-11 14:15:00,8.66,14:15:00
2026-05-11 14:30:00,8.75,14:30:00
2026-05-11 14:45:00,8.7,14:45:00
2026-05-11 15:00:00,8.69,15:00:00
2026-05-11 15:15:00,8.83,15:15:00
2026-05-11 15:30:00,8.87,15:30:00
2026-05-11 15:45:00,9.0,15:45:00
2026-05-11 16:00:00,8.97,16:00:00
2026-05-11 16:15:00,8.95,16:15:00
2026-05-11 16:30:00,9.09,16:30:00
2026-05-11 16:45:00,9.91,16:45:00
2026-05-11 17:00:00,10.55,17:00:00
2026-05-11 17:15:00,10.78,17:15:00
2026-05-11 17:30:00,10.66,17:30:00
2026-05-11 17:45:00,10.58,17:45:00
2026-05-11 18:00:00,11.18,18:00:00
2026-05-11 18:15:00,11.08,18:15:00
2026-05-11 18:30:00,10.78,18:30:00
2026-05-11 18:45:00,10.74,18:45:00
2026-05-11 19:00:00,10.87,19:00:00
2026-05-11 19:15:00,11.44,19:15:00
2026-05-11 19:30:00,12.12,19:30:00
2026-05-11 19:45:00,12.82,19:45:00
2026-05-11 20:00:00,13.38,20:00:00
2026-05-11 20:15:00,13.3,20:15:00
2026-05-11 20:30:00,12.09,20:30:00
2026-05-11 20:45:00,11.65,20:45:00
2026-05-11 21:00:00,11.29,21:00:00
2026-05-11 21:15:00,11.26,21:15:00
2026-05-11 21:30:00,11.99,21:30:00
2026-05-11 21:45:00,11.75,21:45:00
2026-05-11 22:00:00,13.27,22:00:00
2026-05-11 22:15:00,12.27,22:15:00
2026-05-11 22:30:00,11.24,22:30:00
2026-05-11 22:45:00,11.2,22:45:00
2026-05-11 23:00:00,11.07,23:00:00
2026-05-11 23:15:00,11.04,23:15:00
2026-05-11 23:30:00,11.16,23:30:00
2026-05-11 23:45:00,11.05,23:45:00
2026-05-12 00:00:00,11.06,00:00:00
2026-05-12 00:15:00,11.21,00:15:00
2026-05-12 00:30:00,11.36,00:30:00
2026-05-12 00:45:00,11.49,00:45:00
2026-05-12 01:00:00,11.5,01:00:00
2026-05-12 01:15:00,11.49,01:15:00
2026-05-12 01:30:00,11.54,01:30:00
2026-05-12 01:45:00,11.53,01:45:00
2026-05-12 02:00:00,11.52,02:00:00
2026-05-12 02:15:00,11.51,02:15:00
2026-05-12 02:30:00,11.52,02:30:00
2026-05-12 02:45:00,11.49,02:45:00
2026-05-12 03:00:00,11.45,03:00:00
2026-05-12 03:15:00,11.38,03:15:00
2026-05-12 03:30:00,11.31,03:30:00
2026-05-12 03:45:00,11.26,03:45:00
2026-05-12 04:00:00,11.17,04:00:00
2026-05-12 04:15:00,11.23,04:15:00
2026-05-12 04:30:00,11.21,04:30:00
2026-05-12 04:45:00,11.11,04:45:00
2026-05-12 05:00:00,11.92,05:00:00
2026-05-12 05:15:00,12.08,05:15:00
2026-05-12 05:30:00,11.86,05:30:00
2026-05-12 05:45:00,11.38,05:45:00
2026-05-12 06:00:00,11.14,06:00:00
2026-05-12 06:15:00,11.07,06:15:00
2026-05-12 06:30:00,10.75,06:30:00
2026-05-12 06:45:00,9.78,06:45:00
2026-05-12 07:00:00,9.13,07:00:00
2026-05-12 07:15:00,9.04,07:15:00
2026-05-12 07:30:00,8.92,07:30:00
2026-05-12 07:45:00,8.74,07:45:00
2026-05-12 08:00:00,8.64,08:00:00
2026-05-12 08:15:00,8.54,08:15:00
2026-05-12 08:30:00,8.51,08:30:00
2026-05-12 08:45:00,8.44,08:45:00
2026-05-12 09:00:00,8.46,09:00:00
2026-05-12 09:15:00,8.49,09:15:00
2026-05-12 09:30:00,8.53,09:30:00
2026-05-12 09:45:00,8.48,09:45:00
2026-05-12 10:00:00,8.47,10:00:00
2026-05-12 10:15:00,8.43,10:15:00
2026-05-12 10:30:00,8.36,10:30:00
2026-05-12 10:45:00,8.38,10:45:00
2026-05-12 11:00:00,8.39,11:00:00
2026-05-12 11:15:00,8.66,11:15:00
2026-05-12 11:30:00,8.42,11:30:00
2026-05-12 11:45:00,8.46,11:45:00
2026-05-12 12:00:00,8.42,12:00:00
2026-05-12 12:15:00,8.41,12:15:00
2026-05-12 12:30:00,8.52,12:30:00
2026-05-12 12:45:00,8.58,12:45:00
2026-05-12 13:00:00,8.61,13:00:00
2026-05-12 13:15:00,8.77,13:15:00
2026-05-12 13:30:00,9.53,13:30:00
2026-05-12 13:45:00,9.96,13:45:00
2026-05-12 14:00:00,9.95,14:00:00
2026-05-12 14:15:00,10.05,14:15:00
2026-05-12 14:30:00,10.17,14:30:00
2026-05-12 14:45:00,10.16,14:45:00
2026-05-12 15:00:00,10.28,15:00:00
2026-05-12 15:15:00,10.33,15:15:00
2026-05-12 15:30:00,10.38,15:30:00
2026-05-12 15:45:00,10.48,15:45:00
2026-05-12 16:00:00,10.74,16:00:00
2026-05-12 16:15:00,10.92,16:15:00
2026-05-12 16:30:00,11.06,16:30:00
2026-05-12 16:45:00,11.55,16:45:00
2026-05-12 17:00:00,11.55,17:00:00
2026-05-12 17:15:00,10.99,17:15:00
2026-05-12 17:30:00,11.04,17:30:00
2026-05-12 17:45:00,11.27,17:45:00
2026-05-12 18:00:00,11.22,18:00:00
2026-05-12 18:15:00,10.94,18:15:00
2026-05-12 18:30:00,11.19,18:30:00
2026-05-12 18:45:00,11.44,18:45:00
2026-05-12 19:00:00,11.41,19:00:00
2026-05-12 19:15:00,11.67,19:15:00
2026-05-12 19:30:00,11.59,19:30:00
2026-05-12 19:45:00,10.4,19:45:00
2026-05-12 20:00:00,9.77,20:00:00
2026-05-12 20:15:00,11.87,20:15:00
2026-05-12 20:30:00,11.4,20:30:00
2026-05-12 20:45:00,11.92,20:45:00
2026-05-12 21:00:00,11.57,21:00:00
2026-05-12 21:15:00,10.52,21:15:00
2026-05-12 21:30:00,9.8,21:30:00
2026-05-12 21:45:00,10.04,21:45:00
2026-05-12 22:00:00,9.9,22:00:00
2026-05-12 22:15:00,10.26,22:15:00
2026-05-12 22:30:00,10.4,22:30:00
2026-05-12 22:45:00,10.23,22:45:00
2026-05-12 23:00:00,10.21,23:00:00
2026-05-12 23:15:00,10.51,23:15:00
2026-05-12 23:30:00,10.56,23:30:00
2026-05-12 23:45:00,10.42,23:45:00
2026-05-13 00:00:00,10.46,00:00:00
2026-05-13 00:15:00,10.74,00:15:00
2026-05-13 00:30:00,10.67,00:30:00
2026-05-13 00:45:00,10.49,00:45:00
2026-05-13 01:00:00,10.69,01:00:00
2026-05-13 01:15:00,10.92,01:15:00
2026-05-13 01:30:00,10.72,01:30:00
2026-05-13 01:45:00,10.64,01:45:00
2026-05-13 02:00:00,10.89,02:00:00
2026-05-13 02:15:00,10.91,02:15:00
2026-05-13 02:30:00,10.6,02:30:00
2026-05-13 02:45:00,10.73,02:45:00
2026-05-13 03:00:00,10.92,03:00:00
2026-05-13 03:15:00,10.71,03:15:00
2026-05-13 03:30:00,10.5,03:30:00
2026-05-13 03:45:00,10.69,03:45:00
2026-05-13 04:00:00,10.65,04:00:00
2026-05-13 04:15:00,10.3,04:15:00
2026-05-13 04:30:00,10.13,04:30:00
2026-05-13 04:45:00,10.32,04:45:00
2026-05-13 05:00:00,10.23,05:00:00
2026-05-13 05:15:00,9.83,05:15:00
2026-05-13 05:30:00,9.73,05:30:00
2026-05-13 05:45:00,9.93,05:45:00
2026-05-13 06:00:00,9.69,06:00:00
2026-05-13 06:15:00,9.43,06:15:00
2026-05-13 06:30:00,9.28,06:30:00
2026-05-13 06:45:00,9.4,06:45:00
2026-05-13 07:00:00,8.94,07:00:00
2026-05-13 07:15:00,8.71,07:15:00
2026-05-13 07:30:00,8.86,07:30:00
2026-05-13 07:45:00,8.82,07:45:00
2026-05-13 08:00:00,9.39,08:00:00
2026-05-13 08:15:00,10.45,08:15:00
2026-05-13 08:30:00,10.89,08:30:00
2026-05-13 08:45:00,10.58,08:45:00
2026-05-13 09:00:00,10.46,09:00:00
2026-05-13 09:15:00,9.91,09:15:00
2026-05-13 09:30:00,9.88,09:30:00
2026-05-13 09:45:00,9.72,09:45:00
2026-05-13 10:00:00,9.58,10:00:00
2026-05-13 10:15:00,9.34,10:15:00
2026-05-13 10:30:00,8.4,10:30:00
2026-05-13 10:45:00,8.26,10:45:00
2026-05-13 11:00:00,8.37,11:00:00
2026-05-13 11:15:00,8.52,11:15:00
2026-05-13 11:30:00,8.34,11:30:00
2026-05-13 11:45:00,7.99,11:45:00
2026-05-13 12:00:00,8.12,12:00:00
2026-05-13 12:15:00,8.39,12:15:00
2026-05-13 12:30:00,8.31,12:30:00
2026-05-13 12:45:00,8.46,12:45:00
2026-05-13 13:00:00,8.85,13:00:00
2026-05-13 13:15:00,9.11,13:15:00
2026-05-13 13:30:00,9.34,13:30:00
2026-05-13 13:45:00,9.49,13:45:00
2026-05-13 14:00:00,10.08,14:00:00
2026-05-13 14:15:00,10.26,14:15:00
2026-05-13 14:30:00,10.07,14:30:00
2026-05-13 14:45:00,10.12,14:45:00
2026-05-13 15:00:00,10.26,15:00:00
2026-05-13 15:15:00,10.06,15:15:00
2026-05-13 15:30:00,10.77,15:30:00
2026-05-13 15:45:00,10.85,15:45:00
2026-05-13 16:00:00,9.86,16:00:00
2026-05-13 16:15:00,9.31,16:15:00
2026-05-13 16:30:00,9.4,16:30:00
2026-05-13 16:45:00,9.57,16:45:00
2026-05-13 17:00:00,9.47,17:00:00
2026-05-13 17:15:00,9.52,17:15:00
2026-05-13 17:30:00,8.91,17:30:00
2026-05-13 17:45:00,8.49,17:45:00
2026-05-13 18:00:00,8.52,18:00:00
2026-05-13 18:15:00,8.66,18:15:00
2026-05-13 18:30:00,8.89,18:30:00
2026-05-13 18:45:00,8.99,18:45:00
2026-05-13 19:00:00,8.8,19:00:00
2026-05-13 19:15:00,8.83,19:15:00
2026-05-13 19:30:00,8.94,19:30:00
2026-05-13 19:45:00,8.8,19:45:00
2026-05-13 20:00:00,8.83,20:00:00
2026-05-13 20:15:00,8.88,20:15:00
2026-05-13 20:30:00,9.06,20:30:00
2026-05-13 20:45:00,8.86,20:45:00
2026-05-13 21:00:00,8.95,21:00:00
2026-05-13 21:15:00,9.2,21:15:00
2026-05-13 21:30:00,9.23,21:30:00
2026-05-13 21:45:00,9.17,21:45:00
2026-05-13 22:00:00,9.26,22:00:00
2026-05-13 22:15:00,9.53,22:15:00
2026-05-13 22:30:00,9.52,22:30:00
2026-05-13 22:45:00,9.46,22:45:00
2026-05-13 23:00:00,9.5,23:00:00
2026-05-13 23:15:00,9.81,23:15:00
2026-05-13 23:30:00,9.86,23:30:00
2026-05-13 23:45:00,9.64,23:45:00
2026-05-14 00:00:00,9.78,00:00:00
2026-05-14 00:15:00,9.88,00:15:00
2026-05-14 00:30:00,9.74,00:30:00
2026-05-14 00:45:00,9.74,00:45:00
2026-05-14 01:00:00,10.08,01:00:00
2026-05-14 01:15:00,10.02,01:15:00
2026-05-14 01:30:00,9.85,01:30:00
2026-05-14 01:45:00,9.99,01:45:00
2026-05-14 02:00:00,10.3,02:00:00
2026-05-14 02:15:00,10.14,02:15:00
2026-05-14 02:30:00,10.01,02:30:00
2026-05-14 02:45:00,10.29,02:45:00
2026-05-14 03:00:00,10.13,03:00:00
2026-05-14 03:15:00,10.18,03:15:00
2026-05-14 03:30:00,10.04,03:30:00
2026-05-14 03:45:00,10.06,03:45:00
2026-05-14 04:00:00,9.96,04:00:00
2026-05-14 04:15:00,9.9,04:15:00
2026-05-14 04:30:00,9.92,04:30:00
2026-05-14 04:45:00,10.1,04:45:00
2026-05-14 05:00:00,9.85,05:00:00
2026-05-14 05:15:00,9.66,05:15:00
2026-05-14 05:30:00,9.85,05:30:00
2026-05-14 05:45:00,9.98,05:45:00
2026-05-14 06:00:00,9.74,06:00:00
2026-05-14 06:15:00,9.57,06:15:00
2026-05-14 06:30:00,9.64,06:30:00
2026-05-14 06:45:00,9.51,06:45:00
2026-05-14 07:00:00,9.34,07:00:00
2026-05-14 07:15:00,9.29,07:15:00
2026-05-14 07:30:00,9.47,07:30:00
2026-05-14 07:45:00,9.41,07:45:00
2026-05-14 08:00:00,9.51,08:00:00
2026-05-14 08:15:00,9.75,08:15:00
2026-05-14 08:30:00,10.41,08:30:00
2026-05-14 08:45:00,10.44,08:45:00
2026-05-14 09:00:00,9.69,09:00:00
2026-05-14 09:15:00,10.6,09:15:00
2026-05-14 09:30:00,10.92,09:30:00
2026-05-14 09:45:00,10.76,09:45:00
2026-05-14 10:00:00,10.53,10:00:00
2026-05-14 10:15:00,10.31,10:15:00
2026-05-14 10:30:00,10.18,10:30:00
2026-05-14 10:45:00,10.21,10:45:00
2026-05-14 11:00:00,10.58,11:00:00
2026-05-14 11:15:00,10.82,11:15:00
2026-05-14 11:30:00,10.44,11:30:00
2026-05-14 11:45:00,10.32,11:45:00
2026-05-14 12:00:00,10.13,12:00:00
2026-05-14 12:15:00,10.56,12:15:00
2026-05-14 12:30:00,10.27,12:30:00
2026-05-14 12:45:00,10.76,12:45:00
2026-05-14 13:00:00,10.86,13:00:00
2026-05-14 13:15:00,10.54,13:15:00
2026-05-14 13:30:00,10.43,13:30:00
2026-05-14 13:45:00,10.95,13:45:00
2026-05-14 14:00:00,11.61,14:00:00
2026-05-14 14:15:00,12.22,14:15:00
2026-05-14 14:30:00,12.3,14:30:00
2026-05-14 14:45:00,12.37,14:45:00
2026-05-14 15:00:00,12.13,15:00:00
2026-05-14 15:15:00,11.78,15:15:00
2026-05-14 15:30:00,11.07,15:30:00
2026-05-14 15:45:00,11.7,15:45:00
2026-05-14 16:00:00,11.96,16:00:00
2026-05-14 16:15:00,11.88,16:15:00
2026-05-14 16:30:00,11.87,16:30:00
2026-05-14 16:45:00,11.94,16:45:00
2026-05-14 17:00:00,11.73,17:00:00
2026-05-14 17:15:00,11.63,17:15:00
2026-05-14 17:30:00,11.9,17:30:00
2026-05-14 17:45:00,11.7,17:45:00
2026-05-14 18:00:00,11.74,18:00:00
2026-05-14 18:15:00,11.31,18:15:00
2026-05-14 18:30:00,10.83,18:30:00
2026-05-14 18:45:00,10.7,18:45:00
2026-05-14 19:00:00,10.45,19:00:00
2026-05-14 19:15:00,10.33,19:15:00
2026-05-14 19:30:00,10.5,19:30:00
2026-05-14 19:45:00,10.35,19:45:00
2026-05-14 20:00:00,10.74,20:00:00
2026-05-14 20:15:00,12.65,20:15:00
2026-05-14 20:30:00,12.65,20:30:00
2026-05-14 20:45:00,13.81,20:45:00
2026-05-14 21:00:00,13.68,21:00:00
2026-05-14 21:15:00,14.41,21:15:00
2026-05-14 21:30:00,13.9,21:30:00
2026-05-14 21:45:00,14.9,21:45:00
2026-05-14 22:00:00,14.95,22:00:00
2026-05-14 22:15:00,14.43,22:15:00
2026-05-14 22:30:00,14.36,22:30:00
2026-05-14 22:45:00,14.01,22:45:00
2026-05-14 23:00:00,12.4,23:00:00
2026-05-14 23:15:00,12.24,23:15:00
2026-05-14 23:30:00,12.06,23:30:00
2026-05-14 23:45:00,12.27,23:45:00
2026-05-15 00:00:00,12.48,00:00:00
2026-05-15 00:15:00,12.02,00:15:00
2026-05-15 00:30:00,11.36,00:30:00
2026-05-15 00:45:00,11.77,00:45:00
2026-05-15 01:00:00,12.33,01:00:00
2026-05-15 01:15:00,12.17,01:15:00
2026-05-15 01:30:00,11.97,01:30:00
2026-05-15 01:45:00,12.23,01:45:00
2026-05-15 02:00:00,12.13,02:00:00
2026-05-15 02:15:00,12.23,02:15:00
2026-05-15 02:30:00,12.71,02:30:00
2026-05-15 02:45:00,13.29,02:45:00
2026-05-15 03:00:00,13.1,03:00:00
2026-05-15 03:15:00,12.94,03:15:00
2026-05-15 03:30:00,13.19,03:30:00
2026-05-15 03:45:00,13.68,03:45:00
2026-05-15 04:00:00,13.4,04:00:00
2026-05-15 04:15:00,13.06,04:15:00
2026-05-15 04:30:00,12.5,04:30:00
2026-05-15 04:45:00,11.82,04:45:00
2026-05-15 05:00:00,11.62,05:00:00
2026-05-15 05:15:00,11.78,05:15:00
2026-05-15 05:30:00,11.75,05:30:00
2026-05-15 05:45:00,11.87,05:45:00
2026-05-15 06:00:00,12.05,06:00:00
2026-05-15 06:15:00,12.38,06:15:00
2026-05-15 06:30:00,12.26,06:30:00
2026-05-15 06:45:00,12.43,06:45:00
2026-05-15 07:00:00,12.25,07:00:00
2026-05-15 07:15:00,11.84,07:15:00
2026-05-15 07:30:00,11.02,07:30:00
2026-05-15 07:45:00,11.06,07:45:00
2026-05-15 08:00:00,11.22,08:00:00
2026-05-15 08:15:00,11.03,08:15:00
2026-05-15 08:30:00,10.84,08:30:00
2026-05-15 08:45:00,10.56,08:45:00
2026-05-15 09:00:00,10.45,09:00:00
2026-05-15 09:15:00,10.67,09:15:00
2026-05-15 09:30:00,10.72,09:30:00
2026-05-15 09:45:00,10.3,09:45:00
2026-05-15 10:00:00,10.35,10:00:00
2026-05-15 10:15:00,10.68,10:15:00
2026-05-15 10:30:00,10.56,10:30:00
2026-05-15 10:45:00,10.57,10:45:00
2026-05-15 11:00:00,10.38,11:00:00
2026-05-15 11:15:00,9.8,11:15:00
2026-05-15 11:30:00,9.96,11:30:00
2026-05-15 11:45:00,9.84,11:45:00
2026-05-15 12:00:00,9.75,12:00:00
2026-05-15 12:15:00,9.98,12:15:00
2026-05-15 12:30:00,9.73,12:30:00
2026-05-15 12:45:00,9.98,12:45:00
2026-05-15 13:00:00,9.97,13:00:00
2026-05-15 13:15:00,9.53,13:15:00
2026-05-15 13:30:00,9.32,13:30:00
2026-05-15 13:45:00,9.56,13:45:00
2026-05-15 14:00:00,9.88,14:00:00
2026-05-15 14:15:00,10.64,14:15:00
2026-05-15 14:30:00,9.66,14:30:00
2026-05-15 14:45:00,9.93,14:45:00
2026-05-15 15:00:00,10.23,15:00:00
2026-05-15 15:15:00,9.87,15:15:00
2026-05-15 15:30:00,10.45,15:30:00
2026-05-15 15:45:00,10.91,15:45:00
2026-05-15 16:00:00,11.53,16:00:00
2026-05-15 16:15:00,12.11,16:15:00
2026-05-15 16:30:00,12.43,16:30:00
2026-05-15 16:45:00,12.19,16:45:00
2026-05-15 17:00:00,12.17,17:00:00
2026-05-15 17:15:00,12.12,17:15:00
2026-05-15 17:30:00,12.65,17:30:00
2026-05-15 17:45:00,12.32,17:45:00
2026-05-15 18:00:00,12.69,18:00:00
2026-05-15 18:15:00,13.31,18:15:00
2026-05-15 18:30:00,12.95,18:30:00
2026-05-15 18:45:00,12.3,18:45:00
2026-05-15 19:00:00,12.44,19:00:00
2026-05-15 19:15:00,12.04,19:15:00
2026-05-15 19:30:00,10.31,19:30:00
2026-05-15 19:45:00,10.22,19:45:00
2026-05-15 20:00:00,10.81,20:00:00
2026-05-15 20:15:00,12.32,20:15:00
2026-05-15 20:30:00,11.94,20:30:00
2026-05-15 20:45:00,13.41,20:45:00
2026-05-15 21:00:00,14.35,21:00:00
2026-05-15 21:15:00,14.18,21:15:00
2026-05-15 21:30:00,13.5,21:30:00
2026-05-15 21:45:00,14.26,21:45:00
2026-05-15 22:00:00,14.8,22:00:00
2026-05-15 22:15:00,14.62,22:15:00
2026-05-15 22:30:00,14.72,22:30:00
2026-05-15 22:45:00,14.79,22:45:00
2026-05-15 23:00:00,14.4,23:00:00
2026-05-15 23:15:00,14.88,23:15:00
2026-05-15 23:30:00,14.74,23:30:00
2026-05-15 23:45:00,15.47,23:45:00
2026-05-16 00:00:00,15.8,00:00:00
2026-05-16 00:15:00,15.63,00:15:00
2026-05-16 00:30:00,15.53,00:30:00
2026-05-16 00:45:00,15.6,00:45:00
2026-05-16 01:00:00,15.33,01:00:00
2026-05-16 01:15:00,15.18,01:15:00
2026-05-16 01:30:00,14.85,01:30:00
2026-05-16 01:45:00,14.55,01:45:00
2026-05-16 02:00:00,14.46,02:00:00
2026-05-16 02:15:00,14.31,02:15:00
2026-05-16 02:30:00,14.33,02:30:00
2026-05-16 02:45:00,14.25,02:45:00
2026-05-16 03:00:00,14.1,03:00:00
2026-05-16 03:15:00,13.62,03:15:00
2026-05-16 03:30:00,13.84,03:30:00
2026-05-16 03:45:00,14.2,03:45:00
2026-05-16 04:00:00,14.06,04:00:00
2026-05-16 04:15:00,13.92,04:15:00
2026-05-16 04:30:00,13.92,04:30:00
2026-05-16 04:45:00,13.95,04:45:00
2026-05-16 05:00:00,13.71,05:00:00
2026-05-16 05:15:00,14.17,05:15:00
2026-05-16 05:30:00,13.76,05:30:00
2026-05-16 05:45:00,14.02,05:45:00
2026-05-16 06:00:00,14.85,06:00:00
2026-05-16 06:15:00,14.77,06:15:00
2026-05-16 06:30:00,14.86,06:30:00
2026-05-16 06:45:00,14.71,06:45:00
2026-05-16 07:00:00,14.55,07:00:00
2026-05-16 07:15:00,13.9,07:15:00
2026-05-16 07:30:00,13.43,07:30:00
2026-05-16 07:45:00,13.26,07:45:00
2026-05-16 08:00:00,13.32,08:00:00
2026-05-16 08:15:00,13.34,08:15:00
2026-05-16 08:30:00,13.53,08:30:00
2026-05-16 08:45:00,13.16,08:45:00
2026-05-16 09:00:00,13.33,09:00:00
2026-05-16 09:15:00,13.38,09:15:00
2026-05-16 09:30:00,13.21,09:30:00
2026-05-16 09:45:00,13.44,09:45:00
2026-05-16 10:00:00,13.45,10:00:00
2026-05-16 10:15:00,13.62,10:15:00
2026-05-16 10:30:00,13.69,10:30:00
2026-05-16 10:45:00,14.09,10:45:00
2026-05-16 11:00:00,14.7,11:00:00
2026-05-16 11:15:00,15.08,11:15:00
2026-05-16 11:30:00,15.08,11:30:00
2026-05-16 11:45:00,15.47,11:45:00
2026-05-16 12:00:00,15.17,12:00:00
2026-05-16 12:15:00,15.61,12:15:00
2026-05-16 12:30:00,15.82,12:30:00
2026-05-16 12:45:00,15.72,12:45:00
2026-05-16 13:00:00,15.93,13:00:00
2026-05-16 13:15:00,15.76,13:15:00
2026-05-16 13:30:00,16.06,13:30:00
2026-05-16 13:45:00,15.95,13:45:00
2026-05-16 14:00:00,15.91,14:00:00
2026-05-16 14:15:00,16.12,14:15:00
2026-05-16 14:30:00,16.48,14:30:00
2026-05-16 14:45:00,16.19,14:45:00
2026-05-16 15:00:00,16.04,15:00:00
2026-05-16 15:15:00,16.03,15:15:00
2026-05-16 15:30:00,15.55,15:30:00
2026-05-16 15:45:00,14.79,15:45:00
2026-05-16 16:00:00,14.79,16:00:00
2026-05-16 16:15:00,14.9,16:15:00
2026-05-16 16:30:00,15.03,16:30:00
2026-05-16 16:45:00,14.95,16:45:00
2026-05-16 17:00:00,14.96,17:00:00
2026-05-16 17:15:00,15.3,17:15:00
2026-05-16 17:30:00,15.62,17:30:00
2026-05-16 17:45:00,16.0,17:45:00
2026-05-16 18:00:00,15.9,18:00:00
2026-05-16 18:15:00,16.12,18:15:00
2026-05-16 18:30:00,15.74,18:30:00
2026-05-16 18:45:00,15.13,18:45:00
2026-05-16 19:00:00,14.58,19:00:00
2026-05-16 19:15:00,13.95,19:15:00
2026-05-16 19:30:00,13.39,19:30:00
2026-05-16 19:45:00,13.41,19:45:00
2026-05-16 20:00:00,13.39,20:00:00
2026-05-16 20:15:00,14.95,20:15:00
2026-05-16 20:30:00,14.22,20:30:00
2026-05-16 20:45:00,14.37,20:45:00
2026-05-16 21:00:00,13.94,21:00:00
2026-05-16 21:15:00,14.2,21:15:00
2026-05-16 21:30:00,14.44,21:30:00
2026-05-16 21:45:00,15.79,21:45:00
2026-05-16 22:00:00,15.64,22:00:00
2026-05-16 22:15:00,17.25,22:15:00
2026-05-16 22:30:00,16.62,22:30:00
2026-05-16 22:45:00,15.73,22:45:00
2026-05-16 23:00:00,15.64,23:00:00
2026-05-16 23:15:00,17.4,23:15:00
2026-05-16 23:30:00,16.93,23:30:00
2026-05-16 23:45:00,17.44,23:45:00
2026-05-17 00:00:00,16.51,00:00:00
2026-05-17 00:15:00,17.11,00:15:00
2026-05-17 00:30:00,16.76,00:30:00
2026-05-17 00:45:00,16.26,00:45:00
2026-05-17 01:00:00,15.72,01:00:00
2026-05-17 01:15:00,15.34,01:15:00
2026-05-17 01:30:00,15.28,01:30:00
2026-05-17 01:45:00,15.19,01:45:00
2026-05-17 02:00:00,14.88,02:00:00
2026-05-17 02:15:00,14.76,02:15:00
2026-05-17 02:30:00,14.34,02:30:00
2026-05-17 02:45:00,14.26,02:45:00
2026-05-17 03:00:00,14.36,03:00:00
2026-05-17 03:15:00,14.4,03:15:00
2026-05-17 03:30:00,14.29,03:30:00
2026-05-17 03:45:00,14.21,03:45:00
2026-05-17 04:00:00,14.01,04:00:00
2026-05-17 04:15:00,14.12,04:15:00
2026-05-17 04:30:00,14.0,04:30:00
2026-05-17 04:45:00,14.0,04:45:00
2026-05-17 05:00:00,13.89,05:00:00
2026-05-17 05:15:00,13.84,05:15:00
2026-05-17 05:30:00,13.71,05:30:00
2026-05-17 05:45:00,13.64,05:45:00
2026-05-17 06:00:00,13.83,06:00:00
2026-05-17 06:15:00,13.75,06:15:00
2026-05-17 06:30:00,13.81,06:30:00
2026-05-17 06:45:00,13.64,06:45:00
2026-05-17 07:00:00,13.69,07:00:00
2026-05-17 07:15:00,13.64,07:15:00
2026-05-17 07:30:00,13.84,07:30:00
2026-05-17 07:45:00,13.97,07:45:00
2026-05-17 08:00:00,14.0,08:00:00
2026-05-17 08:15:00,13.77,08:15:00
2026-05-17 08:30:00,13.7,08:30:00
2026-05-17 08:45:00,13.69,08:45:00
2026-05-17 09:00:00,13.36,09:00:00
2026-05-17 09:15:00,13.21,09:15:00
2026-05-17 09:30:00,13.22,09:30:00
2026-05-17 09:45:00,13.34,09:45:00
2026-05-17 10:00:00,13.28,10:00:00
2026-05-17 10:15:00,13.28,10:15:00
2026-05-17 10:30:00,13.24,10:30:00
2026-05-17 10:45:00,13.25,10:45:00
2026-05-17 11:00:00,13.26,11:00:00
2026-05-17 11:15:00,12.95,11:15:00
2026-05-17 11:30:00,12.92,11:30:00
2026-05-17 11:45:00,12.49,11:45:00
2026-05-17 12:00:00,12.44,12:00:00
2026-05-17 12:15:00,12.42,12:15:00
2026-05-17 12:30:00,12.56,12:30:00
2026-05-17 12:45:00,12.46,12:45:00
2026-05-17 13:00:00,12.77,13:00:00
2026-05-17 13:15:00,13.16,13:15:00
2026-05-17 13:30:00,13.71,13:30:00
2026-05-17 13:45:00,13.93,13:45:00
2026-05-17 14:00:00,14.04,14:00:00
2026-05-17 14:15:00,14.18,14:15:00
2026-05-17 14:30:00,14.4,14:30:00
2026-05-17 14:45:00,14.4,14:45:00
2026-05-17 15:00:00,14.72,15:00:00
2026-05-17 15:15:00,15.09,15:15:00
2026-05-17 15:30:00,14.48,15:30:00
2026-05-17 15:45:00,14.53,15:45:00
2026-05-17 16:00:00,14.97,16:00:00
2026-05-17 16:15:00,15.02,16:15:00
2026-05-17 16:30:00,14.84,16:30:00
2026-05-17 16:45:00,14.95,16:45:00
2026-05-17 17:00:00,15.04,17:00:00
2026-05-17 17:15:00,14.59,17:15:00
2026-05-17 17:30:00,15.12,17:30:00
2026-05-17 17:45:00,15.15,17:45:00
2026-05-17 18:00:00,15.28,18:00:00
2026-05-17 18:15:00,15.41,18:15:00
2026-05-17 18:30:00,15.91,18:30:00
2026-05-17 18:45:00,16.3,18:45:00
2026-05-17 19:00:00,15.95,19:00:00
2026-05-17 19:15:00,14.8,19:15:00
2026-05-17 19:30:00,13.98,19:30:00
2026-05-17 19:45:00,14.12,19:45:00
2026-05-17 20:00:00,13.64,20:00:00
2026-05-17 20:15:00,15.85,20:15:00
2026-05-17 20:30:00,15.89,20:30:00
2026-05-17 20:45:00,16.59,20:45:00
2026-05-17 21:00:00,16.65,21:00:00
2026-05-17 21:15:00,16.52,21:15:00
2026-05-17 21:30:00,15.96,21:30:00
2026-05-17 21:45:00,16.72,21:45:00
2026-05-17 22:00:00,16.92,22:00:00
2026-05-17 22:15:00,18.12,22:15:00
2026-05-17 22:30:00,17.51,22:30:00
2026-05-17 22:45:00,17.0,22:45:00
2026-05-17 23:00:00,16.11,23:00:00
2026-05-17 23:15:00,16.54,23:15:00
2026-05-17 23:30:00,15.87,23:30:00
2026-05-17 23:45:00,16.28,23:45:00
2026-05-18 00:00:00,15.13,00:00:00
2026-05-18 00:15:00,14.63,00:15:00
2026-05-18 00:30:00,14.2,00:30:00
2026-05-18 00:45:00,14.5,00:45:00
2026-05-18 01:00:00,14.4,01:00:00
2026-05-18 01:15:00,13.99,01:15:00
2026-05-18 01:30:00,14.08,01:30:00
2026-05-18 01:45:00,14.19,01:45:00
2026-05-18 02:00:00,14.0,02:00:00
2026-05-18 02:15:00,14.14,02:15:00
2026-05-18 02:30:00,14.13,02:30:00
2026-05-18 02:45:00,14.26,02:45:00
2026-05-18 03:00:00,14.2,03:00:00
2026-05-18 03:15:00,13.98,03:15:00
2026-05-18 03:30:00,13.83,03:30:00
2026-05-18 03:45:00,13.71,03:45:00
2026-05-18 04:00:00,14.18,04:00:00
2026-05-18 04:15:00,13.69,04:15:00
2026-05-18 04:30:00,14.25,04:30:00
2026-05-18 04:45:00,13.9,04:45:00
2026-05-18 05:00:00,14.05,05:00:00
2026-05-18 05:15:00,14.61,05:15:00
2026-05-18 05:30:00,15.27,05:30:00
2026-05-18 05:45:00,14.74,05:45:00
2026-05-18 06:00:00,15.91,06:00:00
2026-05-18 06:15:00,13.49,06:15:00
2026-05-18 06:30:00,12.5,06:30:00
2026-05-18 06:45:00,12.56,06:45:00
2026-05-18 07:00:00,11.74,07:00:00
2026-05-18 07:15:00,11.25,07:15:00
2026-05-18 07:30:00,10.96,07:30:00
2026-05-18 07:45:00,11.94,07:45:00
2026-05-18 08:00:00,11.73,08:00:00
2026-05-18 08:15:00,11.52,08:15:00
2026-05-18 08:30:00,11.26,08:30:00
2026-05-18 08:45:00,11.46,08:45:00
2026-05-18 09:00:00,11.23,09:00:00
2026-05-18 09:15:00,11.28,09:15:00
2026-05-18 09:30:00,10.97,09:30:00
2026-05-18 09:45:00,10.86,09:45:00
2026-05-18 10:00:00,11.27,10:00:00
2026-05-18 10:15:00,11.5,10:15:00
2026-05-18 10:30:00,11.88,10:30:00
2026-05-18 10:45:00,11.7,10:45:00
2026-05-18 11:00:00,12.08,11:00:00
2026-05-18 11:15:00,12.06,11:15:00
2026-05-18 11:30:00,12.12,11:30:00
2026-05-18 11:45:00,12.2,11:45:00
2026-05-18 12:00:00,12.02,12:00:00
2026-05-18 12:15:00,11.84,12:15:00
2026-05-18 12:30:00,11.58,12:30:00
2026-05-18 12:45:00,11.73,12:45:00
2026-05-18 13:00:00,11.93,13:00:00
2026-05-18 13:15:00,12.41,13:15:00
2026-05-18 13:30:00,12.5,13:30:00
2026-05-18 13:45:00,12.59,13:45:00
2026-05-18 14:00:00,12.63,14:00:00
2026-05-18 14:15:00,12.73,14:15:00
2026-05-18 14:30:00,12.75,14:30:00
2026-05-18 14:45:00,12.9,14:45:00
2026-05-18 15:00:00,13.19,15:00:00
2026-05-18 15:15:00,13.08,15:15:00
2026-05-18 15:30:00,13.04,15:30:00
2026-05-18 15:45:00,12.92,15:45:00
2026-05-18 16:00:00,13.02,16:00:00
2026-05-18 16:15:00,12.64,16:15:00
2026-05-18 16:30:00,15.36,16:30:00
2026-05-18 16:45:00,19.89,16:45:00
2026-05-18 17:00:00,21.06,17:00:00
2026-05-18 17:15:00,22.04,17:15:00
2026-05-18 17:30:00,22.37,17:30:00
2026-05-18 17:45:00,22.85,17:45:00
2026-05-18 18:00:00,24.4,18:00:00
2026-05-18 18:15:00,25.58,18:15:00
2026-05-18 18:30:00,26.53,18:30:00
2026-05-18 18:45:00,27.49,18:45:00
2026-05-18 19:00:00,26.81,19:00:00
2026-05-18 19:15:00,26.34,19:15:00
2026-05-18 19:30:00,25.54,19:30:00
2026-05-18 19:45:00,24.67,19:45:00
2026-05-18 20:00:00,21.34,20:00:00
2026-05-18 20:15:00,18.79,20:15:00
2026-05-18 20:30:00,16.05,20:30:00
2026-05-18 20:45:00,15.99,20:45:00
2026-05-18 21:00:00,15.2,21:00:00
2026-05-18 21:15:00,15.78,21:15:00
2026-05-18 21:30:00,15.6,21:30:00
2026-05-18 21:45:00,16.19,21:45:00
2026-05-18 22:00:00,14.91,22:00:00
2026-05-18 22:15:00,16.1,22:15:00
2026-05-18 22:30:00,16.1,22:30:00
2026-05-18 22:45:00,14.92,22:45:00
2026-05-18 23:00:00,14.68,23:00:00
2026-05-18 23:15:00,14.97,23:15:00
2026-05-18 23:30:00,14.41,23:30:00
2026-05-18 23:45:00,14.41,23:45:00
2026-05-19 00:00:00,13.8,00:00:00
2026-05-19 00:15:00,13.5,00:15:00
2026-05-19 00:30:00,12.94,00:30:00
2026-05-19 00:45:00,12.88,00:45:00
2026-05-19 01:00:00,12.84,01:00:00
2026-05-19 01:15:00,12.8,01:15:00
2026-05-19 01:30:00,12.63,01:30:00
2026-05-19 01:45:00,12.64,01:45:00
2026-05-19 02:00:00,13.09,02:00:00
2026-05-19 02:15:00,13.21,02:15:00
2026-05-19 02:30:00,13.57,02:30:00
2026-05-19 02:45:00,13.8,02:45:00
2026-05-19 03:00:00,14.0,03:00:00
2026-05-19 03:15:00,14.08,03:15:00
2026-05-19 03:30:00,14.12,03:30:00
2026-05-19 03:45:00,14.12,03:45:00
2026-05-19 04:00:00,14.07,04:00:00
2026-05-19 04:15:00,13.86,04:15:00
2026-05-19 04:30:00,13.73,04:30:00
2026-05-19 04:45:00,13.78,04:45:00
2026-05-19 05:00:00,13.45,05:00:00
2026-05-19 05:15:00,13.18,05:15:00
2026-05-19 05:30:00,13.03,05:30:00
2026-05-19 05:45:00,13.76,05:45:00
2026-05-19 06:00:00,14.13,06:00:00
2026-05-19 06:15:00,14.49,06:15:00
2026-05-19 06:30:00,14.4,06:30:00
2026-05-19 06:45:00,14.96,06:45:00
2026-05-19 07:00:00,14.71,07:00:00
2026-05-19 07:15:00,14.11,07:15:00
2026-05-19 07:30:00,14.18,07:30:00
2026-05-19 07:45:00,14.83,07:45:00
2026-05-19 08:00:00,14.88,08:00:00
2026-05-19 08:15:00,12.27,08:15:00
2026-05-19 08:30:00,12.2,08:30:00
2026-05-19 08:45:00,11.97,08:45:00
2026-05-19 09:00:00,11.75,09:00:00
2026-05-19 09:15:00,12.19,09:15:00
2026-05-19 09:30:00,12.11,09:30:00
2026-05-19 09:45:00,11.51,09:45:00
2026-05-19 10:00:00,10.97,10:00:00
2026-05-19 10:15:00,11.53,10:15:00
2026-05-19 10:30:00,11.24,10:30:00
2026-05-19 10:45:00,11.32,10:45:00
2026-05-19 11:00:00,10.79,11:00:00
2026-05-19 11:15:00,10.36,11:15:00
2026-05-19 11:30:00,10.52,11:30:00
2026-05-19 11:45:00,10.4,11:45:00
2026-05-19 12:00:00,10.39,12:00:00
2026-05-19 12:15:00,10.78,12:15:00
2026-05-19 12:30:00,10.44,12:30:00
2026-05-19 12:45:00,10.44,12:45:00
2026-05-19 13:00:00,10.51,13:00:00
2026-05-19 13:15:00,11.11,13:15:00
2026-05-19 13:30:00,10.89,13:30:00
2026-05-19 13:45:00,10.56,13:45:00
2026-05-19 14:00:00,10.83,14:00:00
2026-05-19 14:15:00,11.03,14:15:00
2026-05-19 14:30:00,11.05,14:30:00
2026-05-19 14:45:00,10.97,14:45:00
2026-05-19 15:00:00,10.92,15:00:00
2026-05-19 15:15:00,10.75,15:15:00
2026-05-19 15:30:00,11.05,15:30:00
2026-05-19 15:45:00,11.75,15:45:00
2026-05-19 16:00:00,12.43,16:00:00
2026-05-19 16:15:00,12.07,16:15:00
2026-05-19 16:30:00,12.0,16:30:00
2026-05-19 16:45:00,12.0,16:45:00
2026-05-19 17:00:00,12.13,17:00:00
2026-05-19 17:15:00,14.6,17:15:00
2026-05-19 17:30:00,15.79,17:30:00
2026-05-19 17:45:00,15.97,17:45:00
2026-05-19 18:00:00,16.69,18:00:00
2026-05-19 18:15:00,15.93,18:15:00
2026-05-19 18:30:00,15.8,18:30:00
2026-05-19 18:45:00,15.86,18:45:00
2026-05-19 19:00:00,16.03,19:00:00
2026-05-19 19:15:00,15.23,19:15:00
2026-05-19 19:30:00,15.01,19:30:00
2026-05-19 19:45:00,15.12,19:45:00
2026-05-19 20:00:00,15.36,20:00:00
2026-05-19 20:15:00,15.02,20:15:00
2026-05-19 20:30:00,14.05,20:30:00
2026-05-19 20:45:00,13.22,20:45:00
2026-05-19 21:00:00,13.51,21:00:00
2026-05-19 21:15:00,13.16,21:15:00
2026-05-19 21:30:00,12.76,21:30:00
2026-05-19 21:45:00,12.17,21:45:00
2026-05-19 22:00:00,12.11,22:00:00
2026-05-19 22:15:00,11.58,22:15:00
2026-05-19 22:30:00,11.33,22:30:00
2026-05-19 22:45:00,11.59,22:45:00
2026-05-19 23:00:00,11.28,23:00:00
2026-05-19 23:15:00,11.21,23:15:00
2026-05-19 23:30:00,11.38,23:30:00
2026-05-19 23:45:00,11.53,23:45:00
2026-05-20 00:00:00,11.32,00:00:00
2026-05-20 00:15:00,11.33,00:15:00
2026-05-20 00:30:00,11.71,00:30:00
2026-05-20 00:45:00,11.55,00:45:00
2026-05-20 01:00:00,11.44,01:00:00
2026-05-20 01:15:00,11.6,01:15:00
2026-05-20 01:30:00,11.95,01:30:00
2026-05-20 01:45:00,11.85,01:45:00
2026-05-20 02:00:00,11.75,02:00:00
2026-05-20 02:15:00,11.93,02:15:00
2026-05-20 02:30:00,12.13,02:30:00
2026-05-20 02:45:00,11.74,02:45:00
2026-05-20 03:00:00,11.66,03:00:00
2026-05-20 03:15:00,11.92,03:15:00
2026-05-20 03:30:00,11.85,03:30:00
2026-05-20 03:45:00,11.7,03:45:00
2026-05-20 04:00:00,11.62,04:00:00
2026-05-20 04:15:00,11.91,04:15:00
2026-05-20 04:30:00,11.72,04:30:00
2026-05-20 04:45:00,11.65,04:45:00
2026-05-20 05:00:00,11.61,05:00:00
2026-05-20 05:15:00,11.57,05:15:00
2026-05-20 05:30:00,11.22,05:30:00
2026-05-20 05:45:00,11.22,05:45:00
2026-05-20 06:00:00,11.42,06:00:00
2026-05-20 06:15:00,11.12,06:15:00
2026-05-20 06:30:00,10.8,06:30:00
2026-05-20 06:45:00,10.85,06:45:00
2026-05-20 07:00:00,11.38,07:00:00
2026-05-20 07:15:00,10.65,07:15:00
2026-05-20 07:30:00,10.74,07:30:00
2026-05-20 07:45:00,10.45,07:45:00
2026-05-20 08:00:00,10.61,08:00:00
2026-05-20 08:15:00,10.4,08:15:00
2026-05-20 08:30:00,10.33,08:30:00
2026-05-20 08:45:00,10.5,08:45:00
2026-05-20 09:00:00,10.47,09:00:00
2026-05-20 09:15:00,10.33,09:15:00
2026-05-20 09:30:00,10.58,09:30:00
2026-05-20 09:45:00,10.95,09:45:00
2026-05-20 10:00:00,11.14,10:00:00
2026-05-20 10:15:00,10.74,10:15:00
2026-05-20 10:30:00,11.02,10:30:00
2026-05-20 10:45:00,11.01,10:45:00
2026-05-20 11:00:00,10.86,11:00:00
2026-05-20 11:15:00,11.05,11:15:00
2026-05-20 11:30:00,11.24,11:30:00
2026-05-20 11:45:00,11.29,11:45:00
2026-05-20 12:00:00,11.22,12:00:00
2026-05-20 12:15:00,11.22,12:15:00
2026-05-20 12:30:00,11.44,12:30:00
2026-05-20 12:45:00,11.19,12:45:00
2026-05-20 13:00:00,11.04,13:00:00
2026-05-20 13:15:00,11.08,13:15:00
2026-05-20 13:30:00,11.59,13:30:00
2026-05-20 13:45:00,11.67,13:45:00
2026-05-20 14:00:00,11.56,14:00:00
2026-05-20 14:15:00,11.85,14:15:00
2026-05-20 14:30:00,11.89,14:30:00
2026-05-20 14:45:00,11.69,14:45:00
2026-05-20 15:00:00,11.74,15:00:00
2026-05-20 15:15:00,12.13,15:15:00
2026-05-20 15:30:00,11.07,15:30:00
2026-05-20 15:45:00,11.1,15:45:00
2026-05-20 16:00:00,11.97,16:00:00
2026-05-20 16:15:00,12.35,16:15:00
2026-05-20 16:30:00,12.2,16:30:00
2026-05-20 16:45:00,12.52,16:45:00
2026-05-20 17:00:00,12.76,17:00:00
2026-05-20 17:15:00,12.87,17:15:00
2026-05-20 17:30:00,13.26,17:30:00
2026-05-20 17:45:00,13.84,17:45:00
2026-05-20 18:00:00,14.32,18:00:00
2026-05-20 18:15:00,14.33,18:15:00
2026-05-20 18:30:00,14.09,18:30:00
2026-05-20 18:45:00,14.86,18:45:00
2026-05-20 19:00:00,14.51,19:00:00
2026-05-20 19:15:00,13.03,19:15:00
2026-05-20 19:30:00,13.03,19:30:00
2026-05-20 19:45:00,13.07,19:45:00
2026-05-20 20:00:00,12.68,20:00:00
2026-05-20 20:15:00,14.86,20:15:00
2026-05-20 20:30:00,14.3,20:30:00
2026-05-20 20:45:00,15.64,20:45:00
2026-05-20 21:00:00,15.3,21:00:00
2026-05-20 21:15:00,16.26,21:15:00
2026-05-20 21:30:00,15.83,21:30:00
2026-05-20 21:45:00,16.93,21:45:00
2026-05-20 22:00:00,15.21,22:00:00
2026-05-20 22:15:00,14.77,22:15:00
2026-05-20 22:30:00,14.06,22:30:00
2026-05-20 22:45:00,12.31,22:45:00
2026-05-20 23:00:00,12.39,23:00:00
2026-05-20 23:15:00,12.4,23:15:00
2026-05-20 23:30:00,12.38,23:30:00
2026-05-20 23:45:00,12.49,23:45:00
2026-05-21 00:00:00,12.57,00:00:00
2026-05-21 00:15:00,12.71,00:15:00
2026-05-21 00:30:00,12.85,00:30:00
2026-05-21 00:45:00,12.77,00:45:00
2026-05-21 01:00:00,12.95,01:00:00
2026-05-21 01:15:00,13.0,01:15:00
2026-05-21 01:30:00,13.0,01:30:00
2026-05-21 01:45:00,13.07,01:45:00
2026-05-21 02:00:00,13.07,02:00:00
2026-05-21 02:15:00,13.09,02:15:00
2026-05-21 02:30:00,13.12,02:30:00
2026-05-21 02:45:00,13.06,02:45:00
2026-05-21 03:00:00,13.06,03:00:00
2026-05-21 03:15:00,13.13,03:15:00
2026-05-21 03:30:00,13.03,03:30:00
2026-05-21 03:45:00,13.06,03:45:00
2026-05-21 04:00:00,12.83,04:00:00
2026-05-21 04:15:00,13.07,04:15:00
2026-05-21 04:30:00,12.88,04:30:00
2026-05-21 04:45:00,12.68,04:45:00
2026-05-21 05:00:00,12.71,05:00:00
2026-05-21 05:15:00,13.16,05:15:00
2026-05-21 05:30:00,12.35,05:30:00
2026-05-21 05:45:00,12.41,05:45:00
2026-05-21 06:00:00,12.5,06:00:00
2026-05-21 06:15:00,13.25,06:15:00
2026-05-21 06:30:00,12.19,06:30:00
2026-05-21 06:45:00,12.17,06:45:00
2026-05-21 07:00:00,12.2,07:00:00
2026-05-21 07:15:00,12.52,07:15:00
2026-05-21 07:30:00,11.88,07:30:00
2026-05-21 07:45:00,11.55,07:45:00
2026-05-21 08:00:00,11.32,08:00:00
2026-05-21 08:15:00,10.98,08:15:00
2026-05-21 08:30:00,10.9,08:30:00
2026-05-21 08:45:00,11.34,08:45:00
2026-05-21 09:00:00,11.39,09:00:00
2026-05-21 09:15:00,11.51,09:15:00
2026-05-21 09:30:00,11.55,09:30:00
2026-05-21 09:45:00,11.59,09:45:00
2026-05-21 10:00:00,11.3,10:00:00
2026-05-21 10:15:00,10.19,10:15:00
2026-05-21 10:30:00,10.18,10:30:00
2026-05-21 10:45:00,10.79,10:45:00
2026-05-21 11:00:00,10.98,11:00:00
2026-05-21 11:15:00,11.27,11:15:00
2026-05-21 11:30:00,11.72,11:30:00
2026-05-21 11:45:00,11.87,11:45:00
2026-05-21 12:00:00,11.64,12:00:00
2026-05-21 12:15:00,11.47,12:15:00
2026-05-21 12:30:00,11.72,12:30:00
2026-05-21 12:45:00,11.64,12:45:00
2026-05-21 13:00:00,11.27,13:00:00
2026-05-21 13:15:00,11.24,13:15:00
2026-05-21 13:30:00,11.54,13:30:00
2026-05-21 13:45:00,11.48,13:45:00
2026-05-21 14:00:00,11.54,14:00:00
2026-05-21 14:15:00,11.55,14:15:00
2026-05-21 14:30:00,11.67,14:30:00
2026-05-21 14:45:00,11.75,14:45:00
2026-05-21 15:00:00,11.88,15:00:00
2026-05-21 15:15:00,11.28,15:15:00
2026-05-21 15:30:00,11.12,15:30:00
2026-05-21 15:45:00,11.18,15:45:00
2026-05-21 16:00:00,11.74,16:00:00
2026-05-21 16:15:00,12.64,16:15:00
2026-05-21 16:30:00,12.66,16:30:00
2026-05-21 16:45:00,12.86,16:45:00
2026-05-21 17:00:00,13.23,17:00:00
2026-05-21 17:15:00,13.99,17:15:00
2026-05-21 17:30:00,14.31,17:30:00
2026-05-21 17:45:00,14.6,17:45:00
2026-05-21 18:00:00,15.39,18:00:00
2026-05-21 18:15:00,15.5,18:15:00
2026-05-21 18:30:00,14.25,18:30:00
2026-05-21 18:45:00,13.5,18:45:00
2026-05-21 19:00:00,13.44,19:00:00
2026-05-21 19:15:00,13.17,19:15:00
2026-05-21 19:30:00,12.84,19:30:00
2026-05-21 19:45:00,13.0,19:45:00
2026-05-21 20:00:00,13.19,20:00:00
2026-05-21 20:15:00,13.04,20:15:00
2026-05-21 20:30:00,12.95,20:30:00
2026-05-21 20:45:00,14.08,20:45:00
2026-05-21 21:00:00,13.13,21:00:00
2026-05-21 21:15:00,13.59,21:15:00
2026-05-21 21:30:00,12.9,21:30:00
2026-05-21 21:45:00,14.11,21:45:00
2026-05-21 22:00:00,13.34,22:00:00
2026-05-21 22:15:00,14.84,22:15:00
2026-05-21 22:30:00,13.45,22:30:00
2026-05-21 22:45:00,13.13,22:45:00
2026-05-21 23:00:00,12.97,23:00:00
2026-05-21 23:15:00,13.0,23:15:00
2026-05-21 23:30:00,13.19,23:30:00
2026-05-21 23:45:00,13.2,23:45:00
2026-05-22 00:00:00,13.11,00:00:00
2026-05-22 00:15:00,13.17,00:15:00
2026-05-22 00:30:00,13.35,00:30:00
2026-05-22 00:45:00,13.28,00:45:00
2026-05-22 01:00:00,13.37,01:00:00
2026-05-22 01:15:00,13.65,01:15:00
2026-05-22 01:30:00,13.68,01:30:00
2026-05-22 01:45:00,13.39,01:45:00
2026-05-22 02:00:00,13.16,02:00:00
2026-05-22 02:15:00,13.29,02:15:00
2026-05-22 02:30:00,13.45,02:30:00
2026-05-22 02:45:00,12.9,02:45:00
2026-05-22 03:00:00,12.88,03:00:00
2026-05-22 03:15:00,13.17,03:15:00
2026-05-22 03:30:00,12.85,03:30:00
2026-05-22 03:45:00,12.84,03:45:00
2026-05-22 04:00:00,12.82,04:00:00
2026-05-22 04:15:00,13.01,04:15:00
2026-05-22 04:30:00,12.63,04:30:00
2026-05-22 04:45:00,12.45,04:45:00
2026-05-22 05:00:00,12.56,05:00:00
2026-05-22 05:15:00,12.44,05:15:00
2026-05-22 05:30:00,12.32,05:30:00
2026-05-22 05:45:00,13.01,05:45:00
2026-05-22 06:00:00,13.18,06:00:00
2026-05-22 06:15:00,13.99,06:15:00
2026-05-22 06:30:00,13.12,06:30:00
2026-05-22 06:45:00,13.13,06:45:00
2026-05-22 07:00:00,13.45,07:00:00
2026-05-22 07:15:00,13.03,07:15:00
2026-05-22 07:30:00,12.93,07:30:00
2026-05-22 07:45:00,13.31,07:45:00
2026-05-22 08:00:00,13.35,08:00:00
2026-05-22 08:15:00,13.3,08:15:00
2026-05-22 08:30:00,13.09,08:30:00
2026-05-22 08:45:00,12.42,08:45:00
2026-05-22 09:00:00,11.82,09:00:00
2026-05-22 09:15:00,11.97,09:15:00
2026-05-22 09:30:00,11.36,09:30:00
2026-05-22 09:45:00,11.17,09:45:00
2026-05-22 10:00:00,11.22,10:00:00
2026-05-22 10:15:00,11.38,10:15:00
2026-05-22 10:30:00,11.7,10:30:00
2026-05-22 10:45:00,12.15,10:45:00
2026-05-22 11:00:00,12.11,11:00:00
2026-05-22 11:15:00,12.45,11:15:00
2026-05-22 11:30:00,12.58,11:30:00
2026-05-22 11:45:00,12.42,11:45:00
2026-05-22 12:00:00,12.64,12:00:00
2026-05-22 12:15:00,13.16,12:15:00
2026-05-22 12:30:00,13.46,12:30:00
2026-05-22 12:45:00,13.77,12:45:00
2026-05-22 13:00:00,13.6,13:00:00
2026-05-22 13:15:00,13.3,13:15:00
2026-05-22 13:30:00,13.46,13:30:00
2026-05-22 13:45:00,13.65,13:45:00
2026-05-22 14:00:00,14.21,14:00:00
2026-05-22 14:15:00,14.31,14:15:00
2026-05-22 14:30:00,13.94,14:30:00
2026-05-22 14:45:00,13.37,14:45:00
2026-05-22 15:00:00,12.34,15:00:00
2026-05-22 15:15:00,12.87,15:15:00
2026-05-22 15:30:00,13.18,15:30:00
2026-05-22 15:45:00,13.49,15:45:00
2026-05-22 16:00:00,14.57,16:00:00
2026-05-22 16:15:00,14.34,16:15:00
2026-05-22 16:30:00,14.31,16:30:00
2026-05-22 16:45:00,14.81,16:45:00
2026-05-22 17:00:00,14.93,17:00:00
2026-05-22 17:15:00,14.77,17:15:00
2026-05-22 17:30:00,14.72,17:30:00
2026-05-22 17:45:00,15.36,17:45:00
2026-05-22 18:00:00,15.9,18:00:00
2026-05-22 18:15:00,16.09,18:15:00
2026-05-22 18:30:00,16.09,18:30:00
2026-05-22 18:45:00,16.16,18:45:00
2026-05-22 19:00:00,15.65,19:00:00
2026-05-22 19:15:00,14.57,19:15:00
2026-05-22 19:30:00,14.37,19:30:00
2026-05-22 19:45:00,14.39,19:45:00
2026-05-22 20:00:00,13.35,20:00:00
2026-05-22 20:15:00,16.0,20:15:00
2026-05-22 20:30:00,16.43,20:30:00
2026-05-22 20:45:00,18.12,20:45:00
2026-05-22 21:00:00,17.87,21:00:00
2026-05-22 21:15:00,17.85,21:15:00
2026-05-22 21:30:00,17.73,21:30:00
2026-05-22 21:45:00,18.17,21:45:00
2026-05-22 22:00:00,18.0,22:00:00
2026-05-22 22:15:00,17.58,22:15:00
2026-05-22 22:30:00,16.72,22:30:00
2026-05-22 22:45:00,15.34,22:45:00
2026-05-22 23:00:00,14.33,23:00:00
2026-05-22 23:15:00,14.76,23:15:00
2026-05-22 23:30:00,14.56,23:30:00
2026-05-22 23:45:00,14.69,23:45:00
2026-05-23 00:00:00,14.1,00:00:00
2026-05-23 00:15:00,14.32,00:15:00
2026-05-23 00:30:00,14.17,00:30:00
2026-05-23 00:45:00,13.92,00:45:00
2026-05-23 01:00:00,13.97,01:00:00
2026-05-23 01:15:00,14.43,01:15:00
2026-05-23 01:30:00,14.05,01:30:00
2026-05-23 01:45:00,14.18,01:45:00
2026-05-23 02:00:00,14.3,02:00:00
2026-05-23 02:15:00,14.53,02:15:00
2026-05-23 02:30:00,14.08,02:30:00
2026-05-23 02:45:00,14.15,02:45:00
2026-05-23 03:00:00,14.4,03:00:00
2026-05-23 03:15:00,14.27,03:15:00
2026-05-23 03:30:00,14.05,03:30:00
2026-05-23 03:45:00,14.23,03:45:00
2026-05-23 04:00:00,14.44,04:00:00
2026-05-23 04:15:00,14.13,04:15:00
2026-05-23 04:30:00,13.76,04:30:00
2026-05-23 04:45:00,13.88,04:45:00
2026-05-23 05:00:00,14.06,05:00:00
2026-05-23 05:15:00,13.76,05:15:00
2026-05-23 05:30:00,13.53,05:30:00
2026-05-23 05:45:00,13.64,05:45:00
2026-05-23 06:00:00,13.83,06:00:00
2026-05-23 06:15:00,13.5,06:15:00
2026-05-23 06:30:00,13.55,06:30:00
2026-05-23 06:45:00,13.69,06:45:00
2026-05-23 07:00:00,13.47,07:00:00
2026-05-23 07:15:00,14.29,07:15:00
2026-05-23 07:30:00,14.63,07:30:00
2026-05-23 07:45:00,14.52,07:45:00
2026-05-23 08:00:00,14.42,08:00:00
2026-05-23 08:15:00,14.68,08:15:00
2026-05-23 08:30:00,15.24,08:30:00
2026-05-23 08:45:00,15.41,08:45:00
2026-05-23 09:00:00,14.52,09:00:00
2026-05-23 09:15:00,16.03,09:15:00
2026-05-23 09:30:00,16.91,09:30:00
2026-05-23 09:45:00,17.6,09:45:00
2026-05-23 10:00:00,17.82,10:00:00
2026-05-23 10:15:00,18.55,10:15:00
2026-05-23 10:30:00,19.41,10:30:00
2026-05-23 10:45:00,18.7,10:45:00
2026-05-23 11:00:00,18.52,11:00:00
2026-05-23 11:15:00,18.11,11:15:00
2026-05-23 11:30:00,17.84,11:30:00
2026-05-23 11:45:00,17.6,11:45:00
2026-05-23 12:00:00,18.37,12:00:00
2026-05-23 12:15:00,18.51,12:15:00
2026-05-23 12:30:00,18.25,12:30:00
2026-05-23 12:45:00,17.48,12:45:00
2026-05-23 13:00:00,16.73,13:00:00
2026-05-23 13:15:00,16.6,13:15:00
2026-05-23 13:30:00,15.16,13:30:00
2026-05-23 13:45:00,14.23,13:45:00
2026-05-23 14:00:00,14.53,14:00:00
2026-05-23 14:15:00,14.67,14:15:00
2026-05-23 14:30:00,14.57,14:30:00
2026-05-23 14:45:00,14.52,14:45:00
2026-05-23 15:00:00,14.88,15:00:00
2026-05-23 15:15:00,14.25,15:15:00
2026-05-23 15:30:00,14.29,15:30:00
2026-05-23 15:45:00,14.08,15:45:00
2026-05-23 16:00:00,13.53,16:00:00
2026-05-23 16:15:00,13.35,16:15:00
2026-05-23 16:30:00,13.47,16:30:00
2026-05-23 16:45:00,13.63,16:45:00
2026-05-23 17:00:00,13.84,17:00:00
2026-05-23 17:15:00,14.65,17:15:00
2026-05-23 17:30:00,15.41,17:30:00
2026-05-23 17:45:00,15.59,17:45:00
2026-05-23 18:00:00,15.1,18:00:00
2026-05-23 18:15:00,14.54,18:15:00
2026-05-23 18:30:00,14.64,18:30:00
2026-05-23 18:45:00,14.04,18:45:00
2026-05-23 19:00:00,12.88,19:00:00
2026-05-23 19:15:00,12.31,19:15:00
2026-05-23 19:30:00,11.02,19:30:00
2026-05-23 19:45:00,11.23,19:45:00
2026-05-23 20:00:00,10.31,20:00:00
2026-05-23 20:15:00,10.33,20:15:00
2026-05-23 20:30:00,10.66,20:30:00
2026-05-23 20:45:00,10.52,20:45:00
2026-05-23 21:00:00,10.41,21:00:00
2026-05-23 21:15:00,10.62,21:15:00
2026-05-23 21:30:00,10.67,21:30:00
2026-05-23 21:45:00,9.91,21:45:00
2026-05-23 22:00:00,9.96,22:00:00
2026-05-23 22:15:00,10.12,22:15:00
2026-05-23 22:30:00,10.11,22:30:00
2026-05-23 22:45:00,10.02,22:45:00
2026-05-23 23:00:00,10.02,23:00:00
2026-05-23 23:15:00,10.4,23:15:00
2026-05-23 23:30:00,10.17,23:30:00
2026-05-23 23:45:00,10.02,23:45:00
2026-05-24 00:00:00,10.16,00:00:00
2026-05-24 00:15:00,10.61,00:15:00
2026-05-24 00:30:00,10.41,00:30:00
2026-05-24 00:45:00,10.49,00:45:00
2026-05-24 01:00:00,10.5,01:00:00
2026-05-24 01:15:00,10.59,01:15:00
2026-05-24 01:30:00,10.54,01:30:00
2026-05-24 01:45:00,10.52,01:45:00
2026-05-24 02:00:00,10.78,02:00:00
2026-05-24 02:15:00,10.58,02:15:00
2026-05-24 02:30:00,10.43,02:30:00
2026-05-24 02:45:00,10.69,02:45:00
2026-05-24 03:00:00,10.94,03:00:00
2026-05-24 03:15:00,10.55,03:15:00
2026-05-24 03:30:00,10.76,03:30:00
2026-05-24 03:45:00,10.96,03:45:00
2026-05-24 04:00:00,10.82,04:00:00
2026-05-24 04:15:00,10.55,04:15:00
2026-05-24 04:30:00,10.84,04:30:00
2026-05-24 04:45:00,11.07,04:45:00
2026-05-24 05:00:00,10.6,05:00:00
2026-05-24 05:15:00,10.5,05:15:00
2026-05-24 05:30:00,10.65,05:30:00
2026-05-24 05:45:00,10.88,05:45:00
2026-05-24 06:00:00,10.61,06:00:00
2026-05-24 06:15:00,10.94,06:15:00
2026-05-24 06:30:00,11.23,06:30:00
2026-05-24 06:45:00,11.18,06:45:00
2026-05-24 07:00:00,11.31,07:00:00
2026-05-24 07:15:00,11.47,07:15:00
2026-05-24 07:30:00,12.04,07:30:00
2026-05-24 07:45:00,12.02,07:45:00
2026-05-24 08:00:00,11.84,08:00:00
2026-05-24 08:15:00,11.76,08:15:00
2026-05-24 08:30:00,12.2,08:30:00
2026-05-24 08:45:00,12.47,08:45:00
2026-05-24 09:00:00,13.72,09:00:00
2026-05-24 09:15:00,13.94,09:15:00
2026-05-24 09:30:00,14.17,09:30:00
2026-05-24 09:45:00,13.66,09:45:00
2026-05-24 10:00:00,13.84,10:00:00
2026-05-24 10:15:00,14.25,10:15:00
2026-05-24 10:30:00,14.63,10:30:00
2026-05-24 10:45:00,14.06,10:45:00
2026-05-24 11:00:00,13.51,11:00:00
2026-05-24 11:15:00,12.79,11:15:00
2026-05-24 11:30:00,12.28,11:30:00
2026-05-24 11:45:00,12.15,11:45:00
2026-05-24 12:00:00,12.23,12:00:00
2026-05-24 12:15:00,12.45,12:15:00
2026-05-24 12:30:00,11.98,12:30:00
2026-05-24 12:45:00,11.92,12:45:00
2026-05-24 13:00:00,11.65,13:00:00
2026-05-24 13:15:00,11.46,13:15:00
2026-05-24 13:30:00,11.39,13:30:00
2026-05-24 13:45:00,11.33,13:45:00
2026-05-24 14:00:00,11.35,14:00:00
2026-05-24 14:15:00,11.29,14:15:00
2026-05-24 14:30:00,11.14,14:30:00
2026-05-24 14:45:00,11.17,14:45:00
2026-05-24 15:00:00,12.38,15:00:00
2026-05-24 15:15:00,12.24,15:15:00
2026-05-24 15:30:00,12.0,15:30:00
2026-05-24 15:45:00,12.03,15:45:00
2026-05-24 16:00:00,11.83,16:00:00
2026-05-24 16:15:00,11.99,16:15:00
2026-05-24 16:30:00,12.2,16:30:00
2026-05-24 16:45:00,12.15,16:45:00
2026-05-24 17:00:00,11.99,17:00:00
2026-05-24 17:15:00,11.52,17:15:00
2026-05-24 17:30:00,12.1,17:30:00
2026-05-24 17:45:00,12.31,17:45:00
2026-05-24 18:00:00,11.73,18:00:00
2026-05-24 18:15:00,10.58,18:15:00
2026-05-24 18:30:00,10.5,18:30:00
2026-05-24 18:45:00,10.19,18:45:00
2026-05-24 19:00:00,10.15,19:00:00
2026-05-24 19:15:00,10.2,19:15:00
2026-05-24 19:30:00,10.34,19:30:00
2026-05-24 19:45:00,9.99,19:45:00
2026-05-24 20:00:00,9.77,20:00:00
2026-05-24 20:15:00,9.87,20:15:00
2026-05-24 20:30:00,9.92,20:30:00
2026-05-24 20:45:00,9.65,20:45:00
2026-05-24 21:00:00,9.65,21:00:00
2026-05-24 21:15:00,9.78,21:15:00
2026-05-24 21:30:00,9.79,21:30:00
2026-05-24 21:45:00,9.67,21:45:00
2026-05-24 22:00:00,9.78,22:00:00
2026-05-24 22:15:00,9.89,22:15:00
2026-05-24 22:30:00,9.96,22:30:00
2026-05-24 22:45:00,9.88,22:45:00
2026-05-24 23:00:00,10.1,23:00:00
2026-05-24 23:15:00,10.29,23:15:00
2026-05-24 23:30:00,9.96,23:30:00
2026-05-24 23:45:00,10.16,23:45:00
2026-05-25 04:30:00,10.54,04:30:00
2026-05-25 04:45:00,10.36,04:45:00
2026-05-25 05:00:00,10.23,05:00:00
2026-05-25 05:15:00,10.44,05:15:00
2026-05-25 05:30:00,10.41,05:30:00
2026-05-25 05:45:00,9.99,05:45:00
2026-05-25 06:00:00,10.28,06:00:00
2026-05-25 06:15:00,10.2,06:15:00
2026-05-25 06:30:00,10.17,06:30:00
2026-05-25 06:45:00,9.5,06:45:00
2026-05-25 07:00:00,9.83,07:00:00
2026-05-25 07:15:00,9.84,07:15:00
2026-05-25 07:30:00,10.18,07:30:00
2026-05-25 07:45:00,9.89,07:45:00
2026-05-25 08:00:00,10.08,08:00:00
2026-05-25 08:15:00,11.53,08:15:00
2026-05-25 08:30:00,13.85,08:30:00
2026-05-25 08:45:00,17.02,08:45:00
2026-05-25 09:00:00,17.42,09:00:00
2026-05-25 09:15:00,18.01,09:15:00
2026-05-25 09:30:00,18.34,09:30:00
2026-05-25 09:45:00,18.81,09:45:00
2026-05-25 10:00:00,18.26,10:00:00
2026-05-25 10:15:00,18.56,10:15:00
2026-05-25 10:30:00,19.26,10:30:00
2026-05-25 10:45:00,18.69,10:45:00
2026-05-25 11:00:00,18.04,11:00:00
2026-05-25 11:15:00,17.14,11:15:00
2026-05-25 11:30:00,16.55,11:30:00
2026-05-25 11:45:00,16.48,11:45:00
2026-05-25 12:00:00,17.44,12:00:00
2026-05-25 12:15:00,17.18,12:15:00
2026-05-25 12:30:00,17.06,12:30:00
2026-05-25 12:45:00,16.88,12:45:00
2026-05-25 13:00:00,16.84,13:00:00
2026-05-25 13:15:00,16.83,13:15:00
2026-05-25 13:30:00,16.58,13:30:00
2026-05-25 13:45:00,15.35,13:45:00
2026-05-25 14:00:00,15.63,14:00:00
2026-05-25 14:15:00,14.61,14:15:00
2026-05-25 14:30:00,10.63,14:30:00
2026-05-25 14:45:00,10.4,14:45:00
2026-05-25 15:00:00,10.84,15:00:00
2026-05-25 15:15:00,10.27,15:15:00
2026-05-25 15:30:00,10.67,15:30:00
2026-05-25 15:45:00,11.06,15:45:00
2026-05-25 16:00:00,11.01,16:00:00
2026-05-25 16:15:00,11.78,16:15:00
2026-05-25 16:30:00,11.89,16:30:00
2026-05-25 16:45:00,11.94,16:45:00
2026-05-25 17:00:00,11.94,17:00:00
2026-05-25 17:15:00,12.03,17:15:00
2026-05-25 17:30:00,13.32,17:30:00
2026-05-25 17:45:00,13.67,17:45:00
2026-05-25 18:00:00,13.66,18:00:00
2026-05-25 18:15:00,13.24,18:15:00
2026-05-25 18:30:00,12.76,18:30:00
2026-05-25 18:45:00,11.59,18:45:00
2026-05-25 19:00:00,11.13,19:00:00
2026-05-25 19:15:00,10.1,19:15:00
2026-05-25 19:30:00,10.08,19:30:00
2026-05-25 19:45:00,9.91,19:45:00
2026-05-25 20:00:00,9.76,20:00:00
2026-05-25 20:15:00,10.06,20:15:00
2026-05-25 20:30:00,9.82,20:30:00
2026-05-25 20:45:00,10.7,20:45:00
2026-05-25 21:00:00,9.9,21:00:00
2026-05-25 21:15:00,10.03,21:15:00
2026-05-25 21:30:00,9.77,21:30:00
2026-05-25 21:45:00,9.71,21:45:00
2026-05-25 22:00:00,9.96,22:00:00
2026-05-25 22:15:00,9.85,22:15:00
2026-05-25 22:30:00,9.75,22:30:00
2026-05-25 22:45:00,9.83,22:45:00
2026-05-25 23:00:00,10.15,23:00:00
2026-05-25 23:15:00,9.96,23:15:00
2026-05-25 23:30:00,10.04,23:30:00
2026-05-25 23:45:00,10.22,23:45:00
2026-05-26 00:00:00,10.25,00:00:00
2026-05-26 00:15:00,10.2,00:15:00
2026-05-26 00:30:00,10.09,00:30:00
2026-05-26 00:45:00,10.36,00:45:00
2026-05-26 01:00:00,10.46,01:00:00
2026-05-26 01:15:00,10.36,01:15:00
2026-05-26 01:30:00,10.38,01:30:00
2026-05-26 01:45:00,10.54,01:45:00
2026-05-26 02:00:00,10.28,02:00:00
2026-05-26 02:15:00,10.27,02:15:00
2026-05-26 02:30:00,10.63,02:30:00
2026-05-26 02:45:00,10.26,02:45:00
2026-05-26 03:00:00,10.05,03:00:00
2026-05-26 03:15:00,10.01,03:15:00
2026-05-26 03:30:00,10.41,03:30:00
2026-05-26 03:45:00,10.48,03:45:00
2026-05-26 04:00:00,10.01,04:00:00
2026-05-26 04:15:00,10.23,04:15:00
2026-05-26 04:30:00,10.52,04:30:00
2026-05-26 04:45:00,10.46,04:45:00
2026-05-26 05:00:00,10.42,05:00:00
2026-05-26 05:15:00,10.4,05:15:00
2026-05-26 05:30:00,10.38,05:30:00
2026-05-26 05:45:00,10.11,05:45:00
2026-05-26 06:00:00,10.22,06:00:00
2026-05-26 06:15:00,10.37,06:15:00
2026-05-26 06:30:00,10.33,06:30:00
2026-05-26 06:45:00,10.38,06:45:00
2026-05-26 07:00:00,10.57,07:00:00
2026-05-26 07:15:00,10.94,07:15:00
2026-05-26 07:30:00,11.33,07:30:00
2026-05-26 07:45:00,11.48,07:45:00
2026-05-26 08:00:00,11.38,08:00:00
2026-05-26 08:15:00,12.43,08:15:00
2026-05-26 08:30:00,12.31,08:30:00
2026-05-26 08:45:00,11.33,08:45:00
2026-05-26 09:00:00,11.13,09:00:00
2026-05-26 09:15:00,11.69,09:15:00
2026-05-26 09:30:00,11.86,09:30:00
2026-05-26 09:45:00,12.9,09:45:00
2026-05-26 10:00:00,12.76,10:00:00
2026-05-26 10:15:00,12.28,10:15:00
2026-05-26 10:30:00,12.79,10:30:00
2026-05-26 10:45:00,13.12,10:45:00
2026-05-26 11:00:00,13.42,11:00:00
2026-05-26 11:15:00,13.61,11:15:00
2026-05-26 11:30:00,13.65,11:30:00
2026-05-26 11:45:00,14.32,11:45:00
2026-05-26 12:00:00,14.66,12:00:00
2026-05-26 12:15:00,14.94,12:15:00
2026-05-26 12:30:00,14.75,12:30:00
2026-05-26 12:45:00,13.8,12:45:00
2026-05-26 13:00:00,13.38,13:00:00
2026-05-26 13:15:00,12.97,13:15:00
2026-05-26 13:30:00,12.4,13:30:00
2026-05-26 13:45:00,12.33,13:45:00
2026-05-26 14:00:00,11.33,14:00:00
2026-05-26 14:15:00,10.61,14:15:00
2026-05-26 14:30:00,11.31,14:30:00
2026-05-26 14:45:00,11.45,14:45:00
2026-05-26 15:00:00,11.65,15:00:00
2026-05-26 15:15:00,11.97,15:15:00
2026-05-26 15:30:00,11.62,15:30:00
2026-05-26 15:45:00,11.2,15:45:00
2026-05-26 16:00:00,12.04,16:00:00
2026-05-26 16:15:00,12.22,16:15:00
2026-05-26 16:30:00,12.91,16:30:00
2026-05-26 16:45:00,13.33,16:45:00
2026-05-26 17:00:00,14.36,17:00:00
2026-05-26 17:15:00,15.45,17:15:00
2026-05-26 17:30:00,16.39,17:30:00
2026-05-26 17:45:00,17.15,17:45:00
2026-05-26 18:00:00,17.09,18:00:00
2026-05-26 18:15:00,20.76,18:15:00
2026-05-26 18:30:00,22.62,18:30:00
2026-05-26 18:45:00,24.14,18:45:00
2026-05-26 19:00:00,22.82,19:00:00
2026-05-26 19:15:00,21.38,19:15:00
2026-05-26 19:30:00,20.47,19:30:00
2026-05-26 19:45:00,20.37,19:45:00
2026-05-26 20:00:00,20.94,20:00:00
2026-05-26 20:15:00,21.34,20:15:00
2026-05-26 20:30:00,21.25,20:30:00
2026-05-26 20:45:00,21.75,20:45:00
2026-05-26 21:00:00,21.83,21:00:00
2026-05-26 21:15:00,22.09,21:15:00
2026-05-26 21:30:00,20.55,21:30:00
2026-05-26 21:45:00,20.39,21:45:00
2026-05-26 22:00:00,18.76,22:00:00
2026-05-26 22:15:00,20.94,22:15:00
2026-05-26 22:30:00,19.45,22:30:00
2026-05-26 22:45:00,16.7,22:45:00
2026-05-26 23:00:00,15.24,23:00:00
2026-05-26 23:15:00,15.01,23:15:00
2026-05-26 23:30:00,13.08,23:30:00
2026-05-26 23:45:00,12.46,23:45:00
2026-05-27 00:00:00,12.31,00:00:00
2026-05-27 00:15:00,12.37,00:15:00
2026-05-27 00:30:00,12.52,00:30:00
2026-05-27 00:45:00,12.48,00:45:00
2026-05-27 01:00:00,12.44,01:00:00
2026-05-27 01:15:00,12.39,01:15:00
2026-05-27 01:30:00,12.47,01:30:00
2026-05-27 01:45:00,12.38,01:45:00
2026-05-27 02:00:00,12.34,02:00:00
2026-05-27 02:15:00,12.39,02:15:00
2026-05-27 02:30:00,12.53,02:30:00
2026-05-27 02:45:00,12.43,02:45:00
2026-05-27 03:00:00,12.54,03:00:00
2026-05-27 03:15:00,12.8,03:15:00
2026-05-27 03:30:00,12.51,03:30:00
2026-05-27 03:45:00,12.43,03:45:00
2026-05-27 04:00:00,12.37,04:00:00
2026-05-27 04:15:00,12.72,04:15:00
2026-05-27 04:30:00,12.41,04:30:00
2026-05-27 04:45:00,12.51,04:45:00
2026-05-27 05:00:00,12.31,05:00:00
2026-05-27 05:15:00,12.53,05:15:00
2026-05-27 05:30:00,12.1,05:30:00
2026-05-27 05:45:00,12.15,05:45:00
2026-05-27 06:00:00,12.29,06:00:00
2026-05-27 06:15:00,11.96,06:15:00
2026-05-27 06:30:00,12.53,06:30:00
2026-05-27 06:45:00,12.24,06:45:00
2026-05-27 07:00:00,12.7,07:00:00
2026-05-27 07:15:00,12.36,07:15:00
2026-05-27 07:30:00,12.34,07:30:00
2026-05-27 07:45:00,11.72,07:45:00
2026-05-27 08:00:00,11.94,08:00:00
2026-05-27 08:15:00,11.28,08:15:00
2026-05-27 08:30:00,10.99,08:30:00
2026-05-27 08:45:00,11.0,08:45:00
2026-05-27 09:00:00,10.98,09:00:00
2026-05-27 09:15:00,11.28,09:15:00
2026-05-27 09:30:00,11.1,09:30:00
2026-05-27 09:45:00,10.96,09:45:00
2026-05-27 10:00:00,10.83,10:00:00
2026-05-27 10:15:00,10.97,10:15:00
2026-05-27 10:30:00,11.81,10:30:00
2026-05-27 10:45:00,11.97,10:45:00
2026-05-27 11:00:00,11.81,11:00:00
2026-05-27 11:15:00,12.18,11:15:00
2026-05-27 11:30:00,13.82,11:30:00
2026-05-27 11:45:00,14.08,11:45:00
2026-05-27 12:00:00,14.21,12:00:00
2026-05-27 12:15:00,14.21,12:15:00
2026-05-27 12:30:00,14.03,12:30:00
2026-05-27 12:45:00,13.18,12:45:00
2026-05-27 13:00:00,11.58,13:00:00
2026-05-27 13:15:00,11.36,13:15:00
2026-05-27 13:30:00,11.22,13:30:00
2026-05-27 13:45:00,11.04,13:45:00
2026-05-27 14:00:00,10.83,14:00:00
2026-05-27 14:15:00,11.13,14:15:00
2026-05-27 14:30:00,11.28,14:30:00
2026-05-27 14:45:00,11.12,14:45:00
2026-05-27 15:00:00,11.56,15:00:00
2026-05-27 15:15:00,12.2,15:15:00
2026-05-27 15:30:00,12.6,15:30:00
2026-05-27 15:45:00,13.61,15:45:00
2026-05-27 16:00:00,14.96,16:00:00
2026-05-27 16:15:00,16.06,16:15:00
2026-05-27 16:30:00,16.34,16:30:00
2026-05-27 16:45:00,17.44,16:45:00
2026-05-27 17:00:00,17.87,17:00:00
2026-05-27 17:15:00,18.97,17:15:00
2026-05-27 17:30:00,19.07,17:30:00
2026-05-27 17:45:00,19.97,17:45:00
2026-05-27 18:00:00,20.87,18:00:00
2026-05-27 18:15:00,21.44,18:15:00
2026-05-27 18:30:00,21.84,18:30:00
2026-05-27 18:45:00,22.66,18:45:00
2026-05-27 19:00:00,23.41,19:00:00
2026-05-27 19:15:00,22.93,19:15:00
2026-05-27 19:30:00,21.5,19:30:00
2026-05-27 19:45:00,20.41,19:45:00
2026-05-27 20:00:00,19.98,20:00:00
2026-05-27 20:15:00,22.51,20:15:00
2026-05-27 20:30:00,21.46,20:30:00
2026-05-27 20:45:00,22.17,20:45:00
2026-05-27 21:00:00,21.25,21:00:00
2026-05-27 21:15:00,20.36,21:15:00
2026-05-27 21:30:00,19.37,21:30:00
2026-05-27 21:45:00,18.76,21:45:00
2026-05-27 22:00:00,19.26,22:00:00
2026-05-27 22:15:00,20.26,22:15:00
2026-05-27 22:30:00,20.37,22:30:00
2026-05-27 22:45:00,20.42,22:45:00
2026-05-27 23:00:00,20.2,23:00:00
2026-05-27 23:15:00,19.26,23:15:00
2026-05-27 23:30:00,18.53,23:30:00
2026-05-27 23:45:00,17.26,23:45:00
2026-05-28 00:00:00,16.81,00:00:00
2026-05-28 00:15:00,16.31,00:15:00
2026-05-28 00:30:00,15.03,00:30:00
2026-05-28 00:45:00,14.63,00:45:00
2026-05-28 01:00:00,14.5,01:00:00
2026-05-28 01:15:00,14.8,01:15:00
2026-05-28 01:30:00,14.99,01:30:00
2026-05-28 01:45:00,14.78,01:45:00
2026-05-28 02:00:00,14.9,02:00:00
2026-05-28 02:15:00,15.33,02:15:00
2026-05-28 02:30:00,15.19,02:30:00
2026-05-28 02:45:00,14.96,02:45:00
2026-05-28 03:00:00,15.06,03:00:00
2026-05-28 03:15:00,15.34,03:15:00
2026-05-28 03:30:00,15.22,03:30:00
2026-05-28 03:45:00,14.88,03:45:00
2026-05-28 04:00:00,14.97,04:00:00
2026-05-28 04:15:00,15.06,04:15:00
2026-05-28 04:30:00,14.61,04:30:00
2026-05-28 04:45:00,14.5,04:45:00
2026-05-28 05:00:00,13.93,05:00:00
2026-05-28 05:15:00,12.88,05:15:00
2026-05-28 05:30:00,12.5,05:30:00
2026-05-28 05:45:00,12.53,05:45:00
2026-05-28 06:00:00,12.68,06:00:00
2026-05-28 06:15:00,12.82,06:15:00
2026-05-28 06:30:00,13.39,06:30:00
2026-05-28 06:45:00,13.52,06:45:00
2026-05-28 07:00:00,13.1,07:00:00
2026-05-28 07:15:00,12.75,07:15:00
2026-05-28 07:30:00,12.47,07:30:00
2026-05-28 07:45:00,12.17,07:45:00
2026-05-28 08:00:00,12.36,08:00:00
2026-05-28 08:15:00,12.14,08:15:00
2026-05-28 08:30:00,11.35,08:30:00
2026-05-28 08:45:00,11.34,08:45:00
2026-05-28 09:00:00,11.38,09:00:00
2026-05-28 09:15:00,11.97,09:15:00
2026-05-28 09:30:00,12.41,09:30:00
2026-05-28 09:45:00,12.39,09:45:00
2026-05-28 10:00:00,12.9,10:00:00
2026-05-28 10:15:00,12.73,10:15:00
2026-05-28 10:30:00,12.63,10:30:00
2026-05-28 10:45:00,12.52,10:45:00
2026-05-28 11:00:00,12.28,11:00:00
2026-05-28 11:15:00,11.83,11:15:00
2026-05-28 11:30:00,11.65,11:30:00
2026-05-28 11:45:00,11.87,11:45:00
2026-05-28 12:00:00,12.83,12:00:00
2026-05-28 12:15:00,13.01,12:15:00
2026-05-28 12:30:00,12.99,12:30:00
2026-05-28 12:45:00,12.74,12:45:00
2026-05-28 13:00:00,12.61,13:00:00
2026-05-28 13:15:00,12.4,13:15:00
2026-05-28 13:30:00,11.71,13:30:00
2026-05-28 13:45:00,11.72,13:45:00
2026-05-28 14:00:00,11.49,14:00:00
2026-05-28 14:15:00,11.48,14:15:00
2026-05-28 14:30:00,12.52,14:30:00
2026-05-28 14:45:00,15.38,14:45:00
2026-05-28 15:00:00,16.13,15:00:00
2026-05-28 15:15:00,15.6,15:15:00
2026-05-28 15:30:00,16.02,15:30:00
2026-05-28 15:45:00,16.47,15:45:00
2026-05-28 16:00:00,17.22,16:00:00
2026-05-28 16:15:00,18.46,16:15:00
2026-05-28 16:30:00,19.37,16:30:00
2026-05-28 16:45:00,20.96,16:45:00
2026-05-28 17:00:00,22.09,17:00:00
2026-05-28 17:15:00,23.31,17:15:00
2026-05-28 17:30:00,23.95,17:30:00
2026-05-28 17:45:00,24.89,17:45:00
2026-05-28 18:00:00,25.53,18:00:00
2026-05-28 18:15:00,26.63,18:15:00
2026-05-28 18:30:00,27.21,18:30:00
2026-05-28 18:45:00,25.66,18:45:00
2026-05-28 19:00:00,23.6,19:00:00
2026-05-28 19:15:00,20.8,19:15:00
2026-05-28 19:30:00,20.84,19:30:00
2026-05-28 19:45:00,20.76,19:45:00
2026-05-28 20:00:00,20.16,20:00:00
2026-05-28 20:15:00,21.29,20:15:00
2026-05-28 20:30:00,21.01,20:30:00
2026-05-28 20:45:00,22.1,20:45:00
2026-05-28 21:00:00,21.43,21:00:00
2026-05-28 21:15:00,23.79,21:15:00
2026-05-28 21:30:00,22.12,21:30:00
2026-05-28 21:45:00,21.56,21:45:00
2026-05-28 22:00:00,21.09,22:00:00
2026-05-28 22:15:00,22.53,22:15:00
2026-05-28 22:30:00,21.08,22:30:00
2026-05-28 22:45:00,19.53,22:45:00
2026-05-28 23:00:00,19.67,23:00:00
2026-05-28 23:15:00,18.84,23:15:00
2026-05-28 23:30:00,17.26,23:30:00
2026-05-28 23:45:00,16.03,23:45:00
2026-05-29 00:00:00,15.73,00:00:00
2026-05-29 00:15:00,15.84,00:15:00
2026-05-29 00:30:00,16.07,00:30:00
2026-05-29 00:45:00,16.04,00:45:00
2026-05-29 01:00:00,16.16,01:00:00
2026-05-29 01:15:00,16.14,01:15:00
2026-05-29 01:30:00,16.23,01:30:00
2026-05-29 01:45:00,16.15,01:45:00
2026-05-29 02:00:00,16.21,02:00:00
2026-05-29 02:15:00,15.21,02:15:00
2026-05-29 02:30:00,14.85,02:30:00
2026-05-29 02:45:00,14.97,02:45:00
2026-05-29 03:00:00,15.02,03:00:00
2026-05-29 03:15:00,15.17,03:15:00
2026-05-29 03:30:00,14.93,03:30:00
2026-05-29 03:45:00,15.15,03:45:00
2026-05-29 04:00:00,14.84,04:00:00
2026-05-29 04:15:00,14.81,04:15:00
2026-05-29 04:30:00,14.81,04:30:00
2026-05-29 04:45:00,14.69,04:45:00
2026-05-29 05:00:00,14.46,05:00:00
2026-05-29 05:15:00,14.39,05:15:00
2026-05-29 05:30:00,14.23,05:30:00
2026-05-29 05:45:00,14.01,05:45:00
2026-05-29 06:00:00,14.02,06:00:00
2026-05-29 06:15:00,14.18,06:15:00
2026-05-29 06:30:00,14.47,06:30:00
2026-05-29 06:45:00,14.06,06:45:00
2026-05-29 07:00:00,13.52,07:00:00
2026-05-29 07:15:00,13.59,07:15:00
2026-05-29 07:30:00,13.37,07:30:00
2026-05-29 07:45:00,12.93,07:45:00
2026-05-29 08:00:00,12.08,08:00:00
2026-05-29 08:15:00,11.52,08:15:00
2026-05-29 08:30:00,11.35,08:30:00
2026-05-29 08:45:00,11.76,08:45:00
2026-05-29 09:00:00,11.66,09:00:00
2026-05-29 09:15:00,11.71,09:15:00
2026-05-29 09:30:00,11.47,09:30:00
2026-05-29 09:45:00,11.62,09:45:00
2026-05-29 10:00:00,11.56,10:00:00
2026-05-29 10:15:00,12.05,10:15:00
2026-05-29 10:30:00,12.01,10:30:00
2026-05-29 10:45:00,12.36,10:45:00
2026-05-29 11:00:00,12.42,11:00:00
2026-05-29 11:15:00,12.3,11:15:00
2026-05-29 11:30:00,11.99,11:30:00
2026-05-29 11:45:00,12.05,11:45:00
2026-05-29 12:00:00,11.8,12:00:00
2026-05-29 12:15:00,11.98,12:15:00
2026-05-29 12:30:00,12.2,12:30:00
2026-05-29 12:45:00,12.44,12:45:00
2026-05-29 13:00:00,11.88,13:00:00
2026-05-29 13:15:00,11.72,13:15:00
2026-05-29 13:30:00,11.8,13:30:00
2026-05-29 13:45:00,12.09,13:45:00
2026-05-29 14:00:00,11.73,14:00:00
2026-05-29 14:15:00,11.68,14:15:00
2026-05-29 14:30:00,11.88,14:30:00
2026-05-29 14:45:00,12.37,14:45:00
2026-05-29 15:00:00,12.59,15:00:00
2026-05-29 15:15:00,13.17,15:15:00
2026-05-29 15:30:00,13.61,15:30:00
2026-05-29 15:45:00,14.44,15:45:00
2026-05-29 16:00:00,15.02,16:00:00
2026-05-29 16:15:00,15.89,16:15:00
2026-05-29 16:30:00,17.32,16:30:00
2026-05-29 16:45:00,18.91,16:45:00
2026-05-29 17:00:00,20.0,17:00:00
2026-05-29 17:15:00,21.47,17:15:00
2026-05-29 17:30:00,23.18,17:30:00
2026-05-29 17:45:00,23.12,17:45:00
2026-05-29 18:00:00,24.85,18:00:00
2026-05-29 18:15:00,27.0,18:15:00
2026-05-29 18:30:00,27.61,18:30:00
2026-05-29 18:45:00,28.13,18:45:00
2026-05-29 19:00:00,31.02,19:00:00
2026-05-29 19:15:00,31.0,19:15:00
2026-05-29 19:30:00,29.87,19:30:00
2026-05-29 19:45:00,29.74,19:45:00
2026-05-29 20:00:00,29.68,20:00:00
2026-05-29 20:15:00,30.67,20:15:00
2026-05-29 20:30:00,32.5,20:30:00
2026-05-29 20:45:00,32.38,20:45:00
2026-05-29 21:00:00,31.74,21:00:00
2026-05-29 21:15:00,32.46,21:15:00
2026-05-29 21:30:00,31.98,21:30:00
2026-05-29 21:45:00,33.28,21:45:00
2026-05-29 22:00:00,32.94,22:00:00
2026-05-29 22:15:00,30.59,22:15:00
2026-05-29 22:30:00,28.39,22:30:00
2026-05-29 22:45:00,25.46,22:45:00
2026-05-29 23:00:00,20.76,23:00:00
2026-05-29 23:15:00,19.16,23:15:00
2026-05-29 23:30:00,18.8,23:30:00
2026-05-29 23:45:00,18.58,23:45:00
2026-05-30 00:00:00,17.17,00:00:00
2026-05-30 00:15:00,16.17,00:15:00
2026-05-30 00:30:00,14.52,00:30:00
2026-05-30 00:45:00,13.51,00:45:00
2026-05-30 01:00:00,13.38,01:00:00
2026-05-30 01:15:00,13.33,01:15:00
2026-05-30 01:30:00,13.39,01:30:00
2026-05-30 01:45:00,13.38,01:45:00
2026-05-30 02:00:00,13.38,02:00:00
2026-05-30 02:15:00,13.45,02:15:00
2026-05-30 02:30:00,13.4,02:30:00
2026-05-30 02:45:00,13.58,02:45:00
2026-05-30 03:00:00,13.71,03:00:00
2026-05-30 03:15:00,13.65,03:15:00
2026-05-30 03:30:00,13.74,03:30:00
2026-05-30 03:45:00,13.83,03:45:00
2026-05-30 04:00:00,13.65,04:00:00
2026-05-30 04:15:00,13.56,04:15:00
2026-05-30 04:30:00,13.66,04:30:00
2026-05-30 04:45:00,13.26,04:45:00
2026-05-30 05:00:00,13.18,05:00:00
2026-05-30 05:15:00,13.34,05:15:00
2026-05-30 05:30:00,13.34,05:30:00
2026-05-30 05:45:00,13.19,05:45:00
2026-05-30 06:00:00,13.14,06:00:00
2026-05-30 06:15:00,13.29,06:15:00
2026-05-30 06:30:00,13.02,06:30:00
2026-05-30 06:45:00,12.73,06:45:00
2026-05-30 07:00:00,12.67,07:00:00
2026-05-30 07:15:00,12.78,07:15:00
2026-05-30 07:30:00,12.56,07:30:00
2026-05-30 07:45:00,12.6,07:45:00
2026-05-30 08:00:00,12.94,08:00:00
2026-05-30 08:15:00,13.68,08:15:00
2026-05-30 08:30:00,12.72,08:30:00
2026-05-30 08:45:00,13.22,08:45:00
2026-05-30 09:00:00,13.19,09:00:00
2026-05-30 09:15:00,13.15,09:15:00
2026-05-30 09:30:00,14.53,09:30:00
2026-05-30 09:45:00,15.39,09:45:00
2026-05-30 10:00:00,15.7,10:00:00
2026-05-30 10:15:00,15.86,10:15:00
2026-05-30 10:30:00,16.04,10:30:00
2026-05-30 10:45:00,16.12,10:45:00
2026-05-30 11:00:00,14.89,11:00:00
2026-05-30 11:15:00,14.27,11:15:00
2026-05-30 11:30:00,14.77,11:30:00
2026-05-30 11:45:00,14.78,11:45:00
2026-05-30 12:00:00,15.03,12:00:00
2026-05-30 12:15:00,14.75,12:15:00
2026-05-30 12:30:00,15.19,12:30:00
2026-05-30 12:45:00,15.08,12:45:00
2026-05-30 13:00:00,15.11,13:00:00
2026-05-30 13:15:00,14.0,13:15:00
2026-05-30 13:30:00,12.48,13:30:00
2026-05-30 13:45:00,10.17,13:45:00
2026-05-30 14:00:00,9.6,14:00:00
2026-05-30 14:15:00,9.73,14:15:00
2026-05-30 14:30:00,10.0,14:30:00
2026-05-30 14:45:00,11.04,14:45:00
2026-05-30 15:00:00,11.2,15:00:00
2026-05-30 15:15:00,10.51,15:15:00
2026-05-30 15:30:00,10.42,15:30:00
2026-05-30 15:45:00,10.52,15:45:00
2026-05-30 16:00:00,10.52,16:00:00
2026-05-30 16:15:00,10.01,16:15:00
2026-05-30 16:30:00,11.09,16:30:00
2026-05-30 16:45:00,11.85,16:45:00
2026-05-30 17:00:00,12.02,17:00:00
2026-05-30 17:15:00,12.4,17:15:00
2026-05-30 17:30:00,13.32,17:30:00
2026-05-30 17:45:00,13.73,17:45:00
2026-05-30 18:00:00,13.93,18:00:00
2026-05-30 18:15:00,15.38,18:15:00
2026-05-30 18:30:00,16.56,18:30:00
2026-05-30 18:45:00,16.43,18:45:00
2026-05-30 19:00:00,16.17,19:00:00
2026-05-30 19:15:00,15.15,19:15:00
2026-05-30 19:30:00,13.88,19:30:00
2026-05-30 19:45:00,13.38,19:45:00
2026-05-30 20:00:00,13.0,20:00:00
2026-05-30 20:15:00,14.59,20:15:00
2026-05-30 20:30:00,14.78,20:30:00
2026-05-30 20:45:00,15.56,20:45:00
2026-05-30 21:00:00,14.92,21:00:00
2026-05-30 21:15:00,13.65,21:15:00
2026-05-30 21:30:00,11.88,21:30:00
2026-05-30 21:45:00,11.95,21:45:00
2026-05-30 22:00:00,10.73,22:00:00
2026-05-30 22:15:00,10.1,22:15:00
2026-05-30 22:30:00,10.12,22:30:00
2026-05-30 22:45:00,10.01,22:45:00
2026-05-30 23:00:00,10.13,23:00:00
2026-05-30 23:15:00,10.41,23:15:00
2026-05-30 23:30:00,10.41,23:30:00
2026-05-30 23:45:00,10.21,23:45:00
2026-05-31 00:00:00,10.15,00:00:00
2026-05-31 00:15:00,10.39,00:15:00
2026-05-31 00:30:00,10.61,00:30:00
2026-05-31 00:45:00,10.67,00:45:00
2026-05-31 01:00:00,10.67,01:00:00
2026-05-31 01:15:00,10.62,01:15:00
2026-05-31 01:30:00,10.47,01:30:00
2026-05-31 01:45:00,10.52,01:45:00
2026-05-31 02:00:00,10.69,02:00:00
2026-05-31 02:15:00,10.78,02:15:00
2026-05-31 02:30:00,10.78,02:30:00
2026-05-31 02:45:00,10.86,02:45:00
2026-05-31 03:00:00,10.87,03:00:00
2026-05-31 03:15:00,10.88,03:15:00
2026-05-31 03:30:00,10.82,03:30:00
2026-05-31 03:45:00,10.7,03:45:00
2026-05-31 04:00:00,10.48,04:00:00
2026-05-31 04:15:00,10.57,04:15:00
2026-05-31 04:30:00,10.47,04:30:00
2026-05-31 04:45:00,10.42,04:45:00
2026-05-31 05:00:00,10.53,05:00:00
2026-05-31 05:15:00,10.69,05:15:00
2026-05-31 05:30:00,10.56,05:30:00
2026-05-31 05:45:00,10.21,05:45:00
2026-05-31 06:00:00,10.22,06:00:00
2026-05-31 06:15:00,10.2,06:15:00
2026-05-31 06:30:00,10.39,06:30:00
2026-05-31 06:45:00,10.43,06:45:00
2026-05-31 07:00:00,10.5,07:00:00
2026-05-31 07:15:00,11.05,07:15:00
2026-05-31 07:30:00,11.62,07:30:00
2026-05-31 07:45:00,10.97,07:45:00
2026-05-31 08:00:00,11.09,08:00:00
2026-05-31 08:15:00,12.17,08:15:00
2026-05-31 08:30:00,12.17,08:30:00
2026-05-31 08:45:00,12.06,08:45:00
2026-05-31 09:00:00,12.08,09:00:00
2026-05-31 09:15:00,11.79,09:15:00
2026-05-31 09:30:00,11.65,09:30:00
2026-05-31 09:45:00,11.63,09:45:00
2026-05-31 10:00:00,11.0,10:00:00
2026-05-31 10:15:00,11.05,10:15:00
2026-05-31 10:30:00,11.31,10:30:00
2026-05-31 10:45:00,11.86,10:45:00
2026-05-31 11:00:00,12.09,11:00:00
2026-05-31 11:15:00,12.14,11:15:00
2026-05-31 11:30:00,11.55,11:30:00
2026-05-31 11:45:00,11.72,11:45:00
2026-05-31 12:00:00,11.46,12:00:00
2026-05-31 12:15:00,12.41,12:15:00
2026-05-31 12:30:00,12.63,12:30:00
2026-05-31 12:45:00,12.19,12:45:00
2026-05-31 13:00:00,12.15,13:00:00
2026-05-31 13:15:00,11.1,13:15:00
2026-05-31 13:30:00,9.87,13:30:00
2026-05-31 13:45:00,10.35,13:45:00
2026-05-31 14:00:00,11.4,14:00:00
2026-05-31 14:15:00,11.99,14:15:00
2026-05-31 14:30:00,11.99,14:30:00
2026-05-31 14:45:00,12.08,14:45:00
2026-05-31 15:00:00,12.29,15:00:00
2026-05-31 15:15:00,12.15,15:15:00
2026-05-31 15:30:00,11.11,15:30:00
2026-05-31 15:45:00,9.88,15:45:00
2026-05-31 16:00:00,10.27,16:00:00
2026-05-31 16:15:00,10.15,16:15:00
2026-05-31 16:30:00,10.25,16:30:00
2026-05-31 16:45:00,10.72,16:45:00
2026-05-31 17:00:00,11.71,17:00:00
2026-05-31 17:15:00,10.66,17:15:00
2026-05-31 17:30:00,9.51,17:30:00
2026-05-31 17:45:00,9.79,17:45:00
2026-05-31 18:00:00,9.87,18:00:00
2026-05-31 18:15:00,9.65,18:15:00
2026-05-31 18:30:00,9.65,18:30:00
2026-05-31 18:45:00,9.87,18:45:00
2026-05-31 19:00:00,9.73,19:00:00
2026-05-31 19:15:00,9.61,19:15:00
2026-05-31 19:30:00,9.75,19:30:00
2026-05-31 19:45:00,9.88,19:45:00
2026-05-31 20:00:00,9.78,20:00:00
2026-05-31 20:15:00,9.71,20:15:00
2026-05-31 20:30:00,9.79,20:30:00
2026-05-31 20:45:00,9.86,20:45:00
2026-05-31 21:00:00,9.7,21:00:00
2026-05-31 21:15:00,9.83,21:15:00
2026-05-31 21:30:00,9.98,21:30:00
2026-05-31 21:45:00,9.86,21:45:00
2026-05-31 22:00:00,9.8,22:00:00
2026-05-31 22:15:00,9.9,22:15:00
2026-05-31 22:30:00,10.15,22:30:00
2026-05-31 22:45:00,10.2,22:45:00
2026-05-31 23:00:00,10.2,23:00:00
2026-05-31 23:15:00,10.21,23:15:00
2026-05-31 23:30:00,10.26,23:30:00
2026-05-31 23:45:00,10.2,23:45:00
2026-06-01 00:00:00,10.38,00:00:00
2026-06-01 00:15:00,10.43,00:15:00
2026-06-01 00:30:00,10.47,00:30:00
2026-06-01 00:45:00,10.36,00:45:00
2026-06-01 01:00:00,10.39,01:00:00
2026-06-01 01:15:00,10.55,01:15:00
2026-06-01 01:30:00,10.44,01:30:00
2026-06-01 01:45:00,10.45,01:45:00
2026-06-01 02:00:00,10.51,02:00:00
2026-06-01 02:15:00,10.57,02:15:00
2026-06-01 02:30:00,10.39,02:30:00
2026-06-01 02:45:00,10.47,02:45:00
2026-06-01 03:00:00,10.57,03:00:00
2026-06-01 03:15:00,10.56,03:15:00
2026-06-01 03:30:00,10.51,03:30:00
2026-06-01 03:45:00,10.42,03:45:00
2026-06-01 08:30:00,8.62,08:30:00
2026-06-01 08:45:00,8.78,08:45:00
2026-06-01 09:00:00,8.82,09:00:00
2026-06-01 09:15:00,8.74,09:15:00
2026-06-01 09:30:00,8.76,09:30:00
2026-06-01 09:45:00,8.66,09:45:00
2026-06-01 10:00:00,8.67,10:00:00
2026-06-01 10:15:00,8.63,10:15:00
2026-06-01 10:30:00,8.77,10:30:00
2026-06-01 10:45:00,8.76,10:45:00
2026-06-01 11:00:00,8.72,11:00:00
2026-06-01 11:15:00,8.73,11:15:00
2026-06-01 11:30:00,8.66,11:30:00
2026-06-01 11:45:00,8.66,11:45:00
2026-06-01 12:00:00,8.7,12:00:00
2026-06-01 12:15:00,8.84,12:15:00
2026-06-01 12:30:00,8.61,12:30:00
2026-06-01 12:45:00,8.55,12:45:00
2026-06-01 13:00:00,8.55,13:00:00
2026-06-01 13:15:00,8.72,13:15:00
2026-06-01 13:30:00,8.68,13:30:00
2026-06-01 13:45:00,8.65,13:45:00
2026-06-01 14:00:00,8.96,14:00:00
2026-06-01 14:15:00,9.16,14:15:00
2026-06-01 14:30:00,9.51,14:30:00
2026-06-01 14:45:00,9.67,14:45:00
2026-06-01 15:00:00,10.23,15:00:00
2026-06-01 15:15:00,10.47,15:15:00
2026-06-01 15:30:00,10.78,15:30:00
2026-06-01 15:45:00,11.06,15:45:00
2026-06-01 16:00:00,11.32,16:00:00
2026-06-01 16:15:00,11.67,16:15:00
2026-06-01 16:30:00,12.29,16:30:00
2026-06-01 16:45:00,13.35,16:45:00
2026-06-01 17:00:00,14.23,17:00:00
2026-06-01 17:15:00,14.48,17:15:00
2026-06-01 17:30:00,14.71,17:30:00
2026-06-01 17:45:00,15.87,17:45:00
2026-06-01 18:00:00,16.65,18:00:00
2026-06-01 18:15:00,16.67,18:15:00
2026-06-01 18:30:00,16.43,18:30:00
2026-06-01 18:45:00,17.17,18:45:00
2026-06-01 19:00:00,15.72,19:00:00
2026-06-01 19:15:00,15.47,19:15:00
2026-06-01 19:30:00,15.34,19:30:00
2026-06-01 19:45:00,15.18,19:45:00
2026-06-01 20:00:00,15.66,20:00:00
2026-06-01 20:15:00,16.66,20:15:00
2026-06-01 20:30:00,16.48,20:30:00
2026-06-01 20:45:00,17.81,20:45:00
2026-06-01 21:00:00,17.72,21:00:00
2026-06-01 21:15:00,16.42,21:15:00
2026-06-01 21:30:00,15.62,21:30:00
2026-06-01 21:45:00,15.12,21:45:00
2026-06-01 22:00:00,15.0,22:00:00
2026-06-01 22:15:00,13.68,22:15:00
2026-06-01 22:30:00,13.26,22:30:00
2026-06-01 22:45:00,13.14,22:45:00
2026-06-01 23:00:00,13.14,23:00:00
2026-06-01 23:15:00,13.28,23:15:00
2026-06-01 23:30:00,13.18,23:30:00
2026-06-01 23:45:00,13.06,23:45:00
2026-06-02 00:00:00,13.06,00:00:00
2026-06-02 00:15:00,13.2,00:15:00
2026-06-02 00:30:00,13.12,00:30:00
2026-06-02 00:45:00,13.02,00:45:00
2026-06-02 01:00:00,12.65,01:00:00
2026-06-02 01:15:00,12.25,01:15:00
2026-06-02 01:30:00,11.87,01:30:00
2026-06-02 01:45:00,11.81,01:45:00
2026-06-02 02:00:00,12.02,02:00:00
2026-06-02 02:15:00,11.85,02:15:00
2026-06-02 02:30:00,12.2,02:30:00
2026-06-02 02:45:00,12.54,02:45:00
2026-06-02 03:00:00,12.34,03:00:00
2026-06-02 03:15:00,12.35,03:15:00
2026-06-02 03:30:00,12.25,03:30:00
2026-06-02 03:45:00,12.32,03:45:00
2026-06-02 04:00:00,12.22,04:00:00
2026-06-02 04:15:00,12.21,04:15:00
2026-06-02 04:30:00,12.01,04:30:00
2026-06-02 04:45:00,12.4,04:45:00
2026-06-02 05:00:00,12.41,05:00:00
2026-06-02 05:15:00,12.4,05:15:00
2026-06-02 05:30:00,12.41,05:30:00
2026-06-02 05:45:00,12.4,05:45:00
2026-06-02 06:00:00,12.18,06:00:00
2026-06-02 06:15:00,11.59,06:15:00
2026-06-02 06:30:00,10.38,06:30:00
2026-06-02 06:45:00,9.6,06:45:00
2026-06-02 07:00:00,9.57,07:00:00
2026-06-02 07:15:00,9.72,07:15:00
2026-06-02 07:30:00,9.8,07:30:00
2026-06-02 07:45:00,10.27,07:45:00
2026-06-02 08:00:00,10.42,08:00:00
2026-06-02 08:15:00,10.31,08:15:00
2026-06-02 08:30:00,10.5,08:30:00
2026-06-02 08:45:00,9.85,08:45:00
2026-06-02 09:00:00,9.75,09:00:00
2026-06-02 09:15:00,10.02,09:15:00
2026-06-02 09:30:00,10.82,09:30:00
2026-06-02 09:45:00,10.88,09:45:00
2026-06-02 10:00:00,10.88,10:00:00
2026-06-02 10:15:00,10.86,10:15:00
2026-06-02 10:30:00,10.79,10:30:00
2026-06-02 10:45:00,10.95,10:45:00
2026-06-02 11:00:00,11.3,11:00:00
2026-06-02 11:15:00,11.42,11:15:00
2026-06-02 11:30:00,11.51,11:30:00
2026-06-02 11:45:00,11.36,11:45:00
2026-06-02 12:00:00,11.27,12:00:00
2026-06-02 12:15:00,11.2,12:15:00
2026-06-02 12:30:00,11.0,12:30:00
2026-06-02 12:45:00,10.98,12:45:00
2026-06-02 13:00:00,11.25,13:00:00
2026-06-02 13:15:00,11.03,13:15:00
2026-06-02 13:30:00,10.83,13:30:00
2026-06-02 13:45:00,10.68,13:45:00
2026-06-02 14:00:00,10.92,14:00:00
2026-06-02 14:15:00,10.92,14:15:00
2026-06-02 14:30:00,10.91,14:30:00
2026-06-02 14:45:00,10.83,14:45:00
2026-06-02 15:00:00,11.04,15:00:00
2026-06-02 15:15:00,10.97,15:15:00
2026-06-02 15:30:00,10.92,15:30:00
2026-06-02 15:45:00,10.83,15:45:00
2026-06-02 16:00:00,10.66,16:00:00
2026-06-02 16:15:00,10.19,16:15:00
2026-06-02 16:30:00,10.5,16:30:00
2026-06-02 16:45:00,11.0,16:45:00
2026-06-02 17:00:00,11.0,17:00:00
2026-06-02 17:15:00,10.98,17:15:00
2026-06-02 17:30:00,11.19,17:30:00
2026-06-02 17:45:00,11.38,17:45:00
2026-06-02 18:00:00,11.25,18:00:00
2026-06-02 18:15:00,11.18,18:15:00
2026-06-02 18:30:00,11.51,18:30:00
2026-06-02 18:45:00,11.76,18:45:00
2026-06-02 19:00:00,11.76,19:00:00
2026-06-02 19:15:00,12.01,19:15:00
2026-06-02 19:30:00,12.11,19:30:00
2026-06-02 19:45:00,11.99,19:45:00
2026-06-02 20:00:00,11.92,20:00:00
2026-06-02 20:15:00,12.08,20:15:00
2026-06-02 20:30:00,11.69,20:30:00
2026-06-02 20:45:00,11.54,20:45:00
2026-06-02 21:00:00,11.61,21:00:00
2026-06-02 21:15:00,11.01,21:15:00
2026-06-02 21:30:00,9.93,21:30:00
2026-06-02 21:45:00,9.32,21:45:00
2026-06-02 22:00:00,9.14,22:00:00
2026-06-02 22:15:00,9.43,22:15:00
2026-06-02 22:30:00,9.52,22:30:00
2026-06-02 22:45:00,9.76,22:45:00
2026-06-02 23:00:00,9.94,23:00:00
2026-06-02 23:15:00,10.08,23:15:00
2026-06-02 23:30:00,9.86,23:30:00
2026-06-02 23:45:00,9.98,23:45:00
2026-06-03 00:00:00,10.06,00:00:00
2026-06-03 00:15:00,9.85,00:15:00
2026-06-03 00:30:00,10.14,00:30:00
2026-06-03 00:45:00,10.23,00:45:00
2026-06-03 01:00:00,10.24,01:00:00
2026-06-03 01:15:00,10.33,01:15:00
2026-06-03 01:30:00,10.53,01:30:00
2026-06-03 01:45:00,10.68,01:45:00
2026-06-03 02:00:00,10.52,02:00:00
2026-06-03 02:15:00,10.57,02:15:00
2026-06-03 02:30:00,10.47,02:30:00
2026-06-03 02:45:00,10.4,02:45:00
2026-06-03 03:00:00,10.48,03:00:00
2026-06-03 03:15:00,10.67,03:15:00
2026-06-03 03:30:00,10.54,03:30:00
2026-06-03 03:45:00,10.35,03:45:00
2026-06-03 04:00:00,10.22,04:00:00
2026-06-03 04:15:00,10.2,04:15:00
2026-06-03 04:30:00,10.03,04:30:00
2026-06-03 04:45:00,9.95,04:45:00
2026-06-03 05:00:00,9.86,05:00:00
2026-06-03 05:15:00,9.81,05:15:00
2026-06-03 05:30:00,9.65,05:30:00
2026-06-03 05:45:00,9.5,05:45:00
2026-06-03 06:00:00,9.36,06:00:00
2026-06-03 06:15:00,9.27,06:15:00
2026-06-03 06:30:00,9.37,06:30:00
2026-06-03 06:45:00,9.45,06:45:00
2026-06-03 07:00:00,9.45,07:00:00
2026-06-03 07:15:00,9.28,07:15:00
2026-06-03 07:30:00,9.11,07:30:00
2026-06-03 07:45:00,9.0,07:45:00
2026-06-03 08:00:00,8.99,08:00:00
2026-06-03 08:15:00,9.22,08:15:00
2026-06-03 08:30:00,9.78,08:30:00
2026-06-03 08:45:00,9.74,08:45:00
2026-06-03 09:00:00,9.65,09:00:00
2026-06-03 09:15:00,9.61,09:15:00
2026-06-03 09:30:00,9.57,09:30:00
2026-06-03 09:45:00,9.46,09:45:00
2026-06-03 10:00:00,9.13,10:00:00
2026-06-03 10:15:00,8.98,10:15:00
2026-06-03 10:30:00,9.1,10:30:00
2026-06-03 10:45:00,9.02,10:45:00
2026-06-03 11:00:00,8.71,11:00:00
2026-06-03 11:15:00,8.83,11:15:00
2026-06-03 11:30:00,8.93,11:30:00
2026-06-03 11:45:00,8.65,11:45:00
2026-06-03 12:00:00,8.6,12:00:00
2026-06-03 12:15:00,8.93,12:15:00
2026-06-03 12:30:00,8.88,12:30:00
2026-06-03 12:45:00,8.69,12:45:00
2026-06-03 13:00:00,8.85,13:00:00
2026-06-03 13:15:00,9.36,13:15:00
2026-06-03 13:30:00,9.34,13:30:00
2026-06-03 13:45:00,9.57,13:45:00
2026-06-03 14:00:00,9.75,14:00:00
2026-06-03 14:15:00,9.78,14:15:00
2026-06-03 14:30:00,9.68,14:30:00
2026-06-03 14:45:00,9.16,14:45:00
2026-06-03 15:00:00,9.43,15:00:00
2026-06-03 15:15:00,9.45,15:15:00
2026-06-03 15:30:00,9.33,15:30:00
2026-06-03 15:45:00,9.05,15:45:00
2026-06-03 16:00:00,8.85,16:00:00
2026-06-03 16:15:00,8.78,16:15:00
2026-06-03 16:30:00,8.87,16:30:00
2026-06-03 16:45:00,9.02,16:45:00
2026-06-03 17:00:00,9.11,17:00:00
2026-06-03 17:15:00,9.04,17:15:00
2026-06-03 17:30:00,9.07,17:30:00
2026-06-03 17:45:00,9.11,17:45:00
2026-06-03 18:00:00,9.02,18:00:00
2026-06-03 18:15:00,9.11,18:15:00
2026-06-03 18:30:00,9.33,18:30:00
2026-06-03 18:45:00,9.47,18:45:00
2026-06-03 19:00:00,9.33,19:00:00
2026-06-03 19:15:00,9.5,19:15:00
2026-06-03 19:30:00,9.63,19:30:00
2026-06-03 19:45:00,9.54,19:45:00
2026-06-03 20:00:00,9.38,20:00:00
2026-06-03 20:15:00,9.45,20:15:00
2026-06-03 20:30:00,9.46,20:30:00
2026-06-03 20:45:00,9.14,20:45:00
2026-06-03 21:00:00,9.17,21:00:00
2026-06-03 21:15:00,9.3,21:15:00
2026-06-03 21:30:00,9.41,21:30:00
2026-06-03 21:45:00,9.4,21:45:00
2026-06-03 22:00:00,9.59,22:00:00
2026-06-03 22:15:00,9.67,22:15:00
2026-06-03 22:30:00,9.84,22:30:00
2026-06-03 22:45:00,9.88,22:45:00
2026-06-03 23:00:00,10.04,23:00:00
2026-06-03 23:15:00,9.91,23:15:00
2026-06-03 23:30:00,9.98,23:30:00
2026-06-03 23:45:00,9.91,23:45:00
2026-06-04 00:00:00,9.83,00:00:00
2026-06-04 00:15:00,9.92,00:15:00
2026-06-04 00:30:00,10.01,00:30:00
2026-06-04 00:45:00,9.99,00:45:00
2026-06-04 01:00:00,9.81,01:00:00
2026-06-04 01:15:00,9.87,01:15:00
2026-06-04 01:30:00,9.83,01:30:00
2026-06-04 01:45:00,10.08,01:45:00
2026-06-04 02:00:00,9.99,02:00:00
2026-06-04 02:15:00,10.06,02:15:00
2026-06-04 02:30:00,10.08,02:30:00
2026-06-04 02:45:00,9.84,02:45:00
2026-06-04 03:00:00,9.83,03:00:00
2026-06-04 03:15:00,10.04,03:15:00
2026-06-04 03:30:00,9.91,03:30:00
2026-06-04 03:45:00,9.7,03:45:00
2026-06-04 04:00:00,9.75,04:00:00
2026-06-04 04:15:00,9.96,04:15:00
2026-06-04 04:30:00,9.82,04:30:00
2026-06-04 04:45:00,9.63,04:45:00
2026-06-04 05:00:00,9.67,05:00:00
2026-06-04 05:15:00,9.67,05:15:00
2026-06-04 05:30:00,9.38,05:30:00
2026-06-04 05:45:00,9.25,05:45:00
2026-06-04 06:00:00,9.29,06:00:00
2026-06-04 06:15:00,9.25,06:15:00
2026-06-04 06:30:00,9.09,06:30:00
2026-06-04 06:45:00,8.97,06:45:00
2026-06-04 07:00:00,9.09,07:00:00
2026-06-04 07:15:00,8.94,07:15:00
2026-06-04 07:30:00,9.07,07:30:00
2026-06-04 07:45:00,9.04,07:45:00
2026-06-04 08:00:00,8.49,08:00:00
2026-06-04 08:15:00,8.31,08:15:00
2026-06-04 08:30:00,8.21,08:30:00
2026-06-04 08:45:00,8.14,08:45:00
2026-06-04 09:00:00,7.62,09:00:00
2026-06-04 09:15:00,7.42,09:15:00
2026-06-04 09:30:00,7.58,09:30:00
2026-06-04 09:45:00,7.95,09:45:00
2026-06-04 10:00:00,7.6,10:00:00
2026-06-04 10:15:00,7.27,10:15:00
2026-06-04 10:30:00,7.52,10:30:00
2026-06-04 10:45:00,7.78,10:45:00
2026-06-04 11:00:00,7.77,11:00:00
2026-06-04 11:15:00,8.4,11:15:00
2026-06-04 11:30:00,8.77,11:30:00
2026-06-04 11:45:00,9.16,11:45:00
2026-06-04 12:00:00,9.43,12:00:00
2026-06-04 12:15:00,9.41,12:15:00
2026-06-04 12:30:00,9.39,12:30:00
2026-06-04 12:45:00,9.48,12:45:00
2026-06-04 13:00:00,9.49,13:00:00
2026-06-04 13:15:00,9.39,13:15:00
2026-06-04 13:30:00,9.57,13:30:00
2026-06-04 13:45:00,9.71,13:45:00
2026-06-04 14:00:00,9.63,14:00:00
2026-06-04 14:15:00,9.26,14:15:00
2026-06-04 14:30:00,9.24,14:30:00
2026-06-04 14:45:00,9.26,14:45:00
2026-06-04 15:00:00,9.03,15:00:00
2026-06-04 15:15:00,9.19,15:15:00
2026-06-04 15:30:00,9.05,15:30:00
2026-06-04 15:45:00,8.55,15:45:00
2026-06-04 16:00:00,8.69,16:00:00
2026-06-04 16:15:00,8.67,16:15:00
2026-06-04 16:30:00,8.17,16:30:00
2026-06-04 16:45:00,8.37,16:45:00
2026-06-04 17:00:00,8.17,17:00:00
2026-06-04 17:15:00,8.35,17:15:00
2026-06-04 17:30:00,8.53,17:30:00
2026-06-04 17:45:00,8.11,17:45:00
2026-06-04 18:00:00,8.23,18:00:00
2026-06-04 18:15:00,8.3,18:15:00
2026-06-04 18:30:00,8.4,18:30:00
2026-06-04 18:45:00,8.49,18:45:00
2026-06-04 19:00:00,8.61,19:00:00
2026-06-04 19:15:00,8.69,19:15:00
2026-06-04 19:30:00,8.73,19:30:00
2026-06-04 19:45:00,8.78,19:45:00
2026-06-04 20:00:00,8.76,20:00:00
2026-06-04 20:15:00,8.8,20:15:00
2026-06-04 20:30:00,8.77,20:30:00
2026-06-04 20:45:00,8.76,20:45:00
2026-06-04 21:00:00,8.82,21:00:00
2026-06-04 21:15:00,8.85,21:15:00
2026-06-04 21:30:00,8.8,21:30:00
2026-06-04 21:45:00,8.84,21:45:00
2026-06-04 22:00:00,8.95,22:00:00
2026-06-04 22:15:00,9.08,22:15:00
2026-06-04 22:30:00,9.23,22:30:00
2026-06-04 22:45:00,9.35,22:45:00
2026-06-04 23:00:00,9.39,23:00:00
2026-06-04 23:15:00,9.44,23:15:00
2026-06-04 23:30:00,9.48,23:30:00
2026-06-04 23:45:00,9.61,23:45:00
2026-06-05 00:00:00,9.61,00:00:00
2026-06-05 00:15:00,9.6,00:15:00
2026-06-05 00:30:00,9.62,00:30:00
2026-06-05 00:45:00,9.68,00:45:00
2026-06-05 01:00:00,9.72,01:00:00
2026-06-05 01:15:00,9.73,01:15:00
2026-06-05 01:30:00,9.77,01:30:00
2026-06-05 01:45:00,9.76,01:45:00
2026-06-05 02:00:00,9.74,02:00:00
2026-06-05 02:15:00,9.79,02:15:00
2026-06-05 02:30:00,9.8,02:30:00
2026-06-05 02:45:00,9.85,02:45:00
2026-06-05 03:00:00,9.79,03:00:00
2026-06-05 03:15:00,9.7,03:15:00
2026-06-05 03:30:00,9.76,03:30:00
2026-06-05 03:45:00,9.79,03:45:00
2026-06-05 04:00:00,9.68,04:00:00
2026-06-05 04:15:00,9.57,04:15:00
2026-06-05 04:30:00,9.49,04:30:00
2026-06-05 04:45:00,9.47,04:45:00
2026-06-05 05:00:00,9.41,05:00:00
2026-06-05 05:15:00,9.34,05:15:00
2026-06-05 05:30:00,9.2,05:30:00
2026-06-05 05:45:00,9.28,05:45:00
2026-06-05 06:00:00,9.65,06:00:00
2026-06-05 06:15:00,9.33,06:15:00
2026-06-05 06:30:00,9.23,06:30:00
2026-06-05 06:45:00,9.31,06:45:00
2026-06-05 07:00:00,9.33,07:00:00
2026-06-05 07:15:00,8.85,07:15:00
2026-06-05 07:30:00,8.66,07:30:00
2026-06-05 07:45:00,8.56,07:45:00
2026-06-05 08:00:00,8.51,08:00:00
2026-06-05 08:15:00,8.34,08:15:00
2026-06-05 08:30:00,8.02,08:30:00
2026-06-05 08:45:00,7.92,08:45:00
2026-06-05 09:00:00,7.76,09:00:00
2026-06-05 09:15:00,7.78,09:15:00
2026-06-05 09:30:00,7.69,09:30:00
2026-06-05 09:45:00,7.74,09:45:00
2026-06-05 10:00:00,7.69,10:00:00
2026-06-05 10:15:00,7.79,10:15:00
2026-06-05 10:30:00,7.9,10:30:00
2026-06-05 10:45:00,7.81,10:45:00
2026-06-05 11:00:00,7.89,11:00:00
2026-06-05 11:15:00,7.88,11:15:00
2026-06-05 11:30:00,7.89,11:30:00
2026-06-05 11:45:00,7.91,11:45:00
2026-06-05 12:00:00,7.89,12:00:00
2026-06-05 12:15:00,7.93,12:15:00
2026-06-05 12:30:00,7.99,12:30:00
2026-06-05 12:45:00,8.01,12:45:00
2026-06-05 13:00:00,8.13,13:00:00
2026-06-05 13:15:00,8.12,13:15:00
2026-06-05 13:30:00,8.18,13:30:00
2026-06-05 13:45:00,8.29,13:45:00
2026-06-05 14:00:00,8.35,14:00:00
2026-06-05 14:15:00,8.38,14:15:00
2026-06-05 14:30:00,8.49,14:30:00
2026-06-05 14:45:00,8.94,14:45:00
2026-06-05 15:00:00,9.83,15:00:00
2026-06-05 15:15:00,9.71,15:15:00
2026-06-05 15:30:00,9.93,15:30:00
2026-06-05 15:45:00,10.67,15:45:00
2026-06-05 16:00:00,10.74,16:00:00
2026-06-05 16:15:00,10.35,16:15:00
2026-06-05 16:30:00,10.5,16:30:00
2026-06-05 16:45:00,10.38,16:45:00
2026-06-05 17:00:00,10.34,17:00:00
2026-06-05 17:15:00,10.57,17:15:00
2026-06-05 17:30:00,11.32,17:30:00
2026-06-05 17:45:00,11.83,17:45:00
2026-06-05 18:00:00,11.79,18:00:00
2026-06-05 18:15:00,9.99,18:15:00
2026-06-05 18:30:00,9.75,18:30:00
2026-06-05 18:45:00,9.74,18:45:00
2026-06-05 19:00:00,9.7,19:00:00
2026-06-05 19:15:00,9.73,19:15:00
2026-06-05 19:30:00,9.75,19:30:00
2026-06-05 19:45:00,9.81,19:45:00
2026-06-05 20:00:00,9.73,20:00:00
2026-06-05 20:15:00,9.7,20:15:00
2026-06-05 20:30:00,9.7,20:30:00
2026-06-05 20:45:00,9.7,20:45:00
2026-06-05 21:00:00,9.68,21:00:00
2026-06-05 21:15:00,9.64,21:15:00
2026-06-05 21:30:00,9.56,21:30:00
2026-06-05 21:45:00,9.35,21:45:00
2026-06-05 22:00:00,9.26,22:00:00
2026-06-05 22:15:00,9.26,22:15:00
2026-06-05 22:30:00,9.32,22:30:00
2026-06-05 22:45:00,9.4,22:45:00
2026-06-05 23:00:00,9.49,23:00:00
2026-06-05 23:15:00,9.46,23:15:00
2026-06-05 23:30:00,9.45,23:30:00
2026-06-05 23:45:00,9.49,23:45:00
2026-06-06 00:00:00,9.62,00:00:00
2026-06-06 00:15:00,9.69,00:15:00
2026-06-06 00:30:00,9.76,00:30:00
2026-06-06 00:45:00,9.74,00:45:00
2026-06-06 01:00:00,9.59,01:00:00
2026-06-06 01:15:00,9.61,01:15:00
2026-06-06 01:30:00,9.73,01:30:00
2026-06-06 01:45:00,9.82,01:45:00
2026-06-06 02:00:00,10.22,02:00:00
2026-06-06 02:15:00,10.21,02:15:00
2026-06-06 02:30:00,10.08,02:30:00
2026-06-06 02:45:00,10.05,02:45:00
2026-06-06 03:00:00,9.94,03:00:00
2026-06-06 03:15:00,9.92,03:15:00
2026-06-06 03:30:00,9.92,03:30:00
2026-06-06 03:45:00,9.93,03:45:00
2026-06-06 04:00:00,9.86,04:00:00
2026-06-06 04:15:00,9.87,04:15:00
2026-06-06 04:30:00,9.85,04:30:00
2026-06-06 04:45:00,9.8,04:45:00
2026-06-06 05:00:00,9.67,05:00:00
2026-06-06 05:15:00,9.6,05:15:00
2026-06-06 05:30:00,9.5,05:30:00
2026-06-06 05:45:00,9.42,05:45:00
2026-06-06 06:00:00,9.37,06:00:00
2026-06-06 06:15:00,9.35,06:15:00
2026-06-06 06:30:00,9.23,06:30:00
2026-06-06 06:45:00,9.16,06:45:00
2026-06-06 07:00:00,9.03,07:00:00
2026-06-06 07:15:00,8.88,07:15:00
2026-06-06 07:30:00,8.83,07:30:00
2026-06-06 07:45:00,9.03,07:45:00
2026-06-06 08:00:00,9.35,08:00:00
2026-06-06 08:15:00,9.31,08:15:00
2026-06-06 08:30:00,9.17,08:30:00
2026-06-06 08:45:00,9.13,08:45:00
2026-06-06 09:00:00,9.32,09:00:00
2026-06-06 09:15:00,9.31,09:15:00
2026-06-06 09:30:00,9.18,09:30:00
2026-06-06 09:45:00,9.0,09:45:00
2026-06-06 10:00:00,8.94,10:00:00
2026-06-06 10:15:00,8.86,10:15:00
2026-06-06 10:30:00,8.84,10:30:00
2026-06-06 10:45:00,8.85,10:45:00
2026-06-06 11:00:00,8.85,11:00:00
2026-06-06 11:15:00,8.94,11:15:00
2026-06-06 11:30:00,9.08,11:30:00
2026-06-06 11:45:00,9.09,11:45:00
2026-06-06 12:00:00,9.23,12:00:00
2026-06-06 12:15:00,9.29,12:15:00
2026-06-06 12:30:00,9.37,12:30:00
2026-06-06 12:45:00,9.57,12:45:00
2026-06-06 13:00:00,9.76,13:00:00
2026-06-06 13:15:00,9.79,13:15:00
2026-06-06 13:30:00,9.82,13:30:00
2026-06-06 13:45:00,9.88,13:45:00
2026-06-06 14:00:00,9.77,14:00:00
2026-06-06 14:15:00,9.78,14:15:00
2026-06-06 14:30:00,9.7,14:30:00
2026-06-06 14:45:00,9.56,14:45:00
2026-06-06 15:00:00,9.48,15:00:00
2026-06-06 15:15:00,9.59,15:15:00
2026-06-06 15:30:00,9.61,15:30:00
2026-06-06 15:45:00,9.67,15:45:00
2026-06-06 16:00:00,9.68,16:00:00
2026-06-06 16:15:00,9.21,16:15:00
2026-06-06 16:30:00,9.01,16:30:00
2026-06-06 16:45:00,9.08,16:45:00
2026-06-06 17:00:00,8.97,17:00:00
2026-06-06 17:15:00,8.86,17:15:00
2026-06-06 17:30:00,8.94,17:30:00
2026-06-06 17:45:00,9.02,17:45:00
2026-06-06 18:00:00,9.07,18:00:00
2026-06-06 18:15:00,9.25,18:15:00
2026-06-06 18:30:00,9.38,18:30:00
2026-06-06 18:45:00,9.48,18:45:00
2026-06-06 19:00:00,9.47,19:00:00
2026-06-06 19:15:00,9.53,19:15:00
2026-06-06 19:30:00,9.55,19:30:00
2026-06-06 19:45:00,9.48,19:45:00
2026-06-06 20:00:00,9.42,20:00:00
2026-06-06 20:15:00,9.36,20:15:00
2026-06-06 20:30:00,9.29,20:30:00
2026-06-06 20:45:00,9.29,20:45:00
2026-06-06 21:00:00,9.33,21:00:00
2026-06-06 21:15:00,9.38,21:15:00
2026-06-06 21:30:00,9.34,21:30:00
2026-06-06 21:45:00,9.34,21:45:00
2026-06-06 22:00:00,9.37,22:00:00
2026-06-06 22:15:00,9.43,22:15:00
2026-06-06 22:30:00,9.46,22:30:00
2026-06-06 22:45:00,9.61,22:45:00
2026-06-06 23:00:00,9.73,23:00:00
2026-06-06 23:15:00,9.84,23:15:00
2026-06-06 23:30:00,10.02,23:30:00
2026-06-06 23:45:00,10.11,23:45:00
2026-06-07 00:00:00,10.25,00:00:00
2026-06-07 00:15:00,10.32,00:15:00
2026-06-07 00:30:00,10.36,00:30:00
2026-06-07 00:45:00,10.43,00:45:00
2026-06-07 01:00:00,10.48,01:00:00
2026-06-07 01:15:00,10.52,01:15:00
2026-06-07 01:30:00,10.52,01:30:00
2026-06-07 01:45:00,10.61,01:45:00
2026-06-07 02:00:00,10.68,02:00:00
2026-06-07 02:15:00,10.82,02:15:00
2026-06-07 02:30:00,10.94,02:30:00
2026-06-07 02:45:00,10.98,02:45:00
2026-06-07 03:00:00,11.1,03:00:00
2026-06-07 03:15:00,11.11,03:15:00
2026-06-07 03:30:00,11.14,03:30:00
2026-06-07 03:45:00,11.27,03:45:00
2026-06-07 04:00:00,11.28,04:00:00
2026-06-07 04:15:00,11.3,04:15:00
2026-06-07 04:30:00,11.4,04:30:00
2026-06-07 04:45:00,11.42,04:45:00
2026-06-07 05:00:00,11.38,05:00:00
2026-06-07 05:15:00,11.36,05:15:00
2026-06-07 05:30:00,11.44,05:30:00
2026-06-07 05:45:00,11.56,05:45:00
2026-06-07 06:00:00,11.48,06:00:00
2026-06-07 06:15:00,11.5,06:15:00
2026-06-07 06:30:00,11.68,06:30:00
2026-06-07 06:45:00,11.65,06:45:00
2026-06-07 07:00:00,11.57,07:00:00
2026-06-07 07:15:00,11.46,07:15:00
2026-06-07 07:30:00,11.45,07:30:00
2026-06-07 07:45:00,11.36,07:45:00
2026-06-07 08:00:00,11.15,08:00:00
2026-06-07 08:15:00,11.13,08:15:00
2026-06-07 08:30:00,11.14,08:30:00
2026-06-07 08:45:00,11.12,08:45:00
2026-06-07 09:00:00,11.1,09:00:00
2026-06-07 09:15:00,10.97,09:15:00
2026-06-07 09:30:00,10.97,09:30:00
2026-06-07 09:45:00,11.22,09:45:00
2026-06-07 10:00:00,11.29,10:00:00
2026-06-07 10:15:00,11.22,10:15:00
2026-06-07 10:30:00,11.25,10:30:00
2026-06-07 10:45:00,11.32,10:45:00
2026-06-07 11:00:00,11.37,11:00:00
2026-06-07 11:15:00,11.1,11:15:00
2026-06-07 11:30:00,10.93,11:30:00
2026-06-07 11:45:00,10.86,11:45:00
2026-06-07 12:00:00,11.21,12:00:00
2026-06-07 12:15:00,10.94,12:15:00
2026-06-07 12:30:00,11.0,12:30:00
2026-06-07 12:45:00,10.93,12:45:00
2026-06-07 13:00:00,11.04,13:00:00
2026-06-07 13:15:00,10.9,13:15:00
2026-06-07 13:30:00,10.92,13:30:00
2026-06-07 13:45:00,10.97,13:45:00
2026-06-07 14:00:00,10.98,14:00:00
2026-06-07 14:15:00,10.93,14:15:00
2026-06-07 14:30:00,10.95,14:30:00
2026-06-07 14:45:00,11.08,14:45:00
2026-06-07 15:00:00,11.28,15:00:00
2026-06-07 15:15:00,11.12,15:15:00
2026-06-07 15:30:00,10.84,15:30:00
2026-06-07 15:45:00,11.09,15:45:00
2026-06-07 16:00:00,11.42,16:00:00
2026-06-07 16:15:00,10.48,16:15:00
2026-06-07 16:30:00,10.73,16:30:00
2026-06-07 16:45:00,11.69,16:45:00
2026-06-07 17:00:00,12.6,17:00:00
2026-06-07 17:15:00,12.5,17:15:00
2026-06-07 17:30:00,12.46,17:30:00
2026-06-07 17:45:00,13.64,17:45:00
2026-06-07 18:00:00,12.93,18:00:00
2026-06-07 18:15:00,12.5,18:15:00
2026-06-07 18:30:00,12.62,18:30:00
2026-06-07 18:45:00,12.71,18:45:00
2026-06-07 19:00:00,12.71,19:00:00
2026-06-07 19:15:00,12.82,19:15:00
2026-06-07 19:30:00,12.93,19:30:00
2026-06-07 19:45:00,12.96,19:45:00
2026-06-07 20:00:00,12.96,20:00:00
2026-06-07 20:15:00,12.49,20:15:00
2026-06-07 20:30:00,11.89,20:30:00
2026-06-07 20:45:00,12.05,20:45:00
2026-06-07 21:00:00,12.17,21:00:00
2026-06-07 21:15:00,12.89,21:15:00
2026-06-07 21:30:00,13.43,21:30:00
2026-06-07 21:45:00,12.73,21:45:00
2026-06-07 22:00:00,12.62,22:00:00
2026-06-07 22:15:00,12.53,22:15:00
2026-06-07 22:30:00,12.52,22:30:00
2026-06-07 22:45:00,12.64,22:45:00
2026-06-07 23:00:00,12.15,23:00:00
2026-06-07 23:15:00,10.29,23:15:00
2026-06-07 23:30:00,9.49,23:30:00
2026-06-07 23:45:00,9.56,23:45:00
2026-06-08 00:00:00,9.55,00:00:00
2026-06-08 00:15:00,9.46,00:15:00
2026-06-08 00:30:00,9.49,00:30:00
2026-06-08 00:45:00,9.54,00:45:00
2026-06-08 01:00:00,9.74,01:00:00
2026-06-08 01:15:00,9.92,01:15:00
2026-06-08 01:30:00,9.98,01:30:00
2026-06-08 01:45:00,10.08,01:45:00
2026-06-08 02:00:00,9.99,02:00:00
2026-06-08 02:15:00,9.99,02:15:00
2026-06-08 02:30:00,9.95,02:30:00
2026-06-08 02:45:00,9.83,02:45:00
2026-06-08 03:00:00,9.77,03:00:00
2026-06-08 03:15:00,9.77,03:15:00
2026-06-08 03:30:00,9.69,03:30:00
2026-06-08 03:45:00,9.74,03:45:00
2026-06-08 04:00:00,9.63,04:00:00
2026-06-08 04:15:00,9.47,04:15:00
2026-06-08 04:30:00,9.24,04:30:00
2026-06-08 04:45:00,9.09,04:45:00
2026-06-08 05:00:00,8.96,05:00:00
2026-06-08 05:15:00,8.9,05:15:00
2026-06-08 05:30:00,8.86,05:30:00
2026-06-08 05:45:00,8.76,05:45:00
2026-06-08 06:00:00,8.64,06:00:00
2026-06-08 06:15:00,8.53,06:15:00
2026-06-08 06:30:00,8.51,06:30:00
2026-06-08 06:45:00,8.43,06:45:00
2026-06-08 07:00:00,8.41,07:00:00
2026-06-08 07:15:00,8.37,07:15:00
2026-06-08 07:30:00,8.35,07:30:00
2026-06-08 07:45:00,8.38,07:45:00
2026-06-08 08:00:00,8.39,08:00:00
2026-06-08 08:15:00,8.31,08:15:00
2026-06-08 08:30:00,8.34,08:30:00
2026-06-08 08:45:00,8.61,08:45:00
2026-06-08 09:00:00,8.29,09:00:00
2026-06-08 09:15:00,8.38,09:15:00
2026-06-08 09:30:00,8.43,09:30:00
2026-06-08 09:45:00,8.28,09:45:00
2026-06-08 10:00:00,8.36,10:00:00
2026-06-08 10:15:00,8.42,10:15:00
2026-06-08 10:30:00,8.09,10:30:00
2026-06-08 10:45:00,8.04,10:45:00
2026-06-08 11:00:00,8.26,11:00:00
2026-06-08 11:15:00,8.61,11:15:00
2026-06-08 11:30:00,8.44,11:30:00
2026-06-08 11:45:00,8.25,11:45:00
2026-06-08 12:00:00,8.23,12:00:00
2026-06-08 12:15:00,8.64,12:15:00
2026-06-08 12:30:00,7.95,12:30:00
2026-06-08 12:45:00,7.69,12:45:00
2026-06-08 13:00:00,7.57,13:00:00
2026-06-08 13:15:00,7.52,13:15:00
2026-06-08 13:30:00,7.46,13:30:00
2026-06-08 13:45:00,7.53,13:45:00
2026-06-08 14:00:00,7.57,14:00:00
2026-06-08 14:15:00,7.68,14:15:00
2026-06-08 14:30:00,7.64,14:30:00
2026-06-08 14:45:00,7.65,14:45:00
2026-06-08 15:00:00,7.76,15:00:00
2026-06-08 15:15:00,7.94,15:15:00
2026-06-08 15:30:00,8.04,15:30:00
2026-06-08 15:45:00,8.18,15:45:00
2026-06-08 16:00:00,8.27,16:00:00
2026-06-08 16:15:00,8.58,16:15:00
2026-06-08 16:30:00,8.62,16:30:00
2026-06-08 16:45:00,8.46,16:45:00
2026-06-08 17:00:00,8.39,17:00:00
2026-06-08 17:15:00,8.19,17:15:00
2026-06-08 17:30:00,8.18,17:30:00
2026-06-08 17:45:00,8.07,17:45:00
2026-06-08 18:00:00,8.13,18:00:00
2026-06-08 18:15:00,8.29,18:15:00
2026-06-08 18:30:00,8.38,18:30:00
2026-06-08 18:45:00,8.42,18:45:00
2026-06-08 19:00:00,8.38,19:00:00
2026-06-08 19:15:00,8.43,19:15:00
2026-06-08 19:30:00,8.4,19:30:00
2026-06-08 19:45:00,8.47,19:45:00
2026-06-08 20:00:00,8.41,20:00:00
2026-06-08 20:15:00,8.51,20:15:00
2026-06-08 20:30:00,8.42,20:30:00
2026-06-08 20:45:00,8.43,20:45:00
2026-06-08 21:00:00,8.45,21:00:00
2026-06-08 21:15:00,8.42,21:15:00
2026-06-08 21:30:00,8.46,21:30:00
2026-06-08 21:45:00,8.48,21:45:00
2026-06-08 22:00:00,8.58,22:00:00
2026-06-08 22:15:00,8.64,22:15:00
2026-06-08 22:30:00,8.77,22:30:00
2026-06-08 22:45:00,8.91,22:45:00
2026-06-08 23:00:00,8.92,23:00:00
2026-06-08 23:15:00,9.06,23:15:00
2026-06-08 23:30:00,9.12,23:30:00
2026-06-08 23:45:00,9.14,23:45:00
2026-06-09 00:00:00,9.14,00:00:00
2026-06-09 00:15:00,9.15,00:15:00
2026-06-09 00:30:00,9.14,00:30:00
2026-06-09 00:45:00,9.18,00:45:00
2026-06-09 01:00:00,9.29,01:00:00
2026-06-09 01:15:00,9.33,01:15:00
2026-06-09 01:30:00,9.34,01:30:00
2026-06-09 01:45:00,9.39,01:45:00
2026-06-09 02:00:00,9.39,02:00:00
2026-06-09 02:15:00,9.4,02:15:00
2026-06-09 02:30:00,9.47,02:30:00
2026-06-09 02:45:00,9.43,02:45:00
2026-06-09 03:00:00,9.45,03:00:00
2026-06-09 03:15:00,9.45,03:15:00
2026-06-09 03:30:00,9.4,03:30:00
2026-06-09 03:45:00,9.27,03:45:00
2026-06-09 04:00:00,9.13,04:00:00
2026-06-09 04:15:00,9.1,04:15:00
2026-06-09 04:30:00,9.03,04:30:00
2026-06-09 04:45:00,8.95,04:45:00
2026-06-09 05:00:00,8.9,05:00:00
2026-06-09 05:15:00,8.89,05:15:00
2026-06-09 05:30:00,8.8,05:30:00
2026-06-09 05:45:00,8.72,05:45:00
2026-06-09 06:00:00,8.66,06:00:00
2026-06-09 06:15:00,8.59,06:15:00
2026-06-09 06:30:00,8.54,06:30:00
2026-06-09 06:45:00,8.45,06:45:00
2026-06-09 07:00:00,8.47,07:00:00
2026-06-09 07:15:00,8.42,07:15:00
2026-06-09 07:30:00,8.27,07:30:00
2026-06-09 07:45:00,8.1,07:45:00
2026-06-09 08:00:00,8.19,08:00:00
2026-06-09 08:15:00,8.4,08:15:00
2026-06-09 08:30:00,8.28,08:30:00
2026-06-09 08:45:00,8.19,08:45:00
2026-06-09 09:00:00,8.16,09:00:00
2026-06-09 09:15:00,8.13,09:15:00
2026-06-09 09:30:00,8.07,09:30:00
2026-06-09 09:45:00,8.05,09:45:00
2026-06-09 10:00:00,8.13,10:00:00
2026-06-09 10:15:00,8.1,10:15:00
2026-06-09 10:30:00,8.0,10:30:00
2026-06-09 10:45:00,8.08,10:45:00
2026-06-09 11:00:00,8.14,11:00:00
2026-06-09 11:15:00,8.12,11:15:00
2026-06-09 11:30:00,8.14,11:30:00
2026-06-09 11:45:00,8.22,11:45:00
2026-06-09 12:00:00,8.22,12:00:00
2026-06-09 12:15:00,8.17,12:15:00
2026-06-09 12:30:00,8.18,12:30:00
2026-06-09 12:45:00,8.22,12:45:00
2026-06-09 13:00:00,8.25,13:00:00
2026-06-09 13:15:00,8.36,13:15:00
2026-06-09 13:30:00,8.4,13:30:00
2026-06-09 13:45:00,8.41,13:45:00
2026-06-09 14:00:00,8.4,14:00:00
2026-06-09 14:15:00,8.45,14:15:00
2026-06-09 14:30:00,8.48,14:30:00
2026-06-09 14:45:00,8.49,14:45:00
2026-06-09 15:00:00,8.45,15:00:00
2026-06-09 15:15:00,8.49,15:15:00
2026-06-09 15:30:00,8.44,15:30:00
2026-06-09 15:45:00,8.32,15:45:00
2026-06-09 16:00:00,8.37,16:00:00
2026-06-09 16:15:00,8.47,16:15:00
2026-06-09 16:30:00,9.05,16:30:00
2026-06-09 16:45:00,9.76,16:45:00
2026-06-09 17:00:00,9.67,17:00:00
2026-06-09 17:15:00,9.57,17:15:00
2026-06-09 17:30:00,9.67,17:30:00
2026-06-09 17:45:00,10.04,17:45:00
2026-06-09 18:00:00,9.32,18:00:00
2026-06-09 18:15:00,8.59,18:15:00
2026-06-09 18:30:00,8.64,18:30:00
2026-06-09 18:45:00,8.75,18:45:00
2026-06-09 19:00:00,8.77,19:00:00
2026-06-09 19:15:00,8.81,19:15:00
2026-06-09 19:30:00,8.86,19:30:00
2026-06-09 19:45:00,8.85,19:45:00
2026-06-09 20:00:00,8.81,20:00:00
2026-06-09 20:15:00,8.86,20:15:00
2026-06-09 20:30:00,8.86,20:30:00
2026-06-09 20:45:00,8.88,20:45:00
2026-06-09 21:00:00,8.87,21:00:00
2026-06-09 21:15:00,8.92,21:15:00
2026-06-09 21:30:00,8.87,21:30:00
2026-06-09 21:45:00,8.88,21:45:00
2026-06-09 22:00:00,9.0,22:00:00
2026-06-09 22:15:00,9.1,22:15:00
2026-06-09 22:30:00,9.11,22:30:00
2026-06-09 22:45:00,9.23,22:45:00
2026-06-09 23:00:00,9.3,23:00:00
2026-06-09 23:15:00,9.33,23:15:00
2026-06-09 23:30:00,9.33,23:30:00
2026-06-09 23:45:00,9.29,23:45:00
2026-06-10 00:00:00,9.42,00:00:00
2026-06-10 00:15:00,9.49,00:15:00
2026-06-10 00:30:00,9.49,00:30:00
2026-06-10 00:45:00,9.52,00:45:00
2026-06-10 01:00:00,9.57,01:00:00
2026-06-10 01:15:00,9.58,01:15:00
2026-06-10 01:30:00,9.56,01:30:00
2026-06-10 01:45:00,9.54,01:45:00
2026-06-10 02:00:00,9.54,02:00:00
2026-06-10 02:15:00,9.6,02:15:00
2026-06-10 02:30:00,9.63,02:30:00
2026-06-10 02:45:00,9.61,02:45:00
2026-06-10 03:00:00,9.55,03:00:00
2026-06-10 03:15:00,9.48,03:15:00
2026-06-10 03:30:00,9.4,03:30:00
2026-06-10 03:45:00,9.32,03:45:00
2026-06-10 04:00:00,9.25,04:00:00
2026-06-10 04:15:00,9.2,04:15:00
2026-06-10 04:30:00,9.15,04:30:00
2026-06-10 04:45:00,9.05,04:45:00
2026-06-10 05:00:00,8.97,05:00:00
2026-06-10 05:15:00,8.89,05:15:00
2026-06-10 05:30:00,8.82,05:30:00
2026-06-10 05:45:00,8.72,05:45:00
2026-06-10 06:00:00,8.69,06:00:00
2026-06-10 06:15:00,8.57,06:15:00
2026-06-10 06:30:00,8.55,06:30:00
2026-06-10 06:45:00,8.45,06:45:00
2026-06-10 07:00:00,8.47,07:00:00
2026-06-10 07:15:00,8.68,07:15:00
2026-06-10 07:30:00,8.85,07:30:00
2026-06-10 07:45:00,8.96,07:45:00
2026-06-10 08:00:00,8.4,08:00:00
2026-06-10 08:15:00,8.29,08:15:00
2026-06-10 08:30:00,8.07,08:30:00
2026-06-10 08:45:00,8.27,08:45:00
2026-06-10 09:00:00,8.33,09:00:00
2026-06-10 09:15:00,8.38,09:15:00
2026-06-10 09:30:00,9.11,09:30:00
2026-06-10 09:45:00,9.52,09:45:00
2026-06-10 10:00:00,9.51,10:00:00
2026-06-10 10:15:00,9.39,10:15:00
2026-06-10 10:30:00,9.44,10:30:00
2026-06-10 10:45:00,9.46,10:45:00
2026-06-10 11:00:00,9.42,11:00:00
2026-06-10 11:15:00,9.35,11:15:00
2026-06-10 11:30:00,8.96,11:30:00
2026-06-10 11:45:00,8.48,11:45:00
2026-06-10 12:00:00,8.56,12:00:00
2026-06-10 12:15:00,8.96,12:15:00
2026-06-10 12:30:00,8.81,12:30:00
2026-06-10 12:45:00,8.97,12:45:00
2026-06-10 13:00:00,8.85,13:00:00
2026-06-10 13:15:00,8.75,13:15:00
2026-06-10 13:30:00,8.81,13:30:00
2026-06-10 13:45:00,9.05,13:45:00
2026-06-10 14:00:00,8.91,14:00:00
2026-06-10 14:15:00,9.13,14:15:00
2026-06-10 14:30:00,9.57,14:30:00
2026-06-10 14:45:00,9.86,14:45:00
2026-06-10 15:00:00,10.01,15:00:00
2026-06-10 15:15:00,9.63,15:15:00
2026-06-10 15:30:00,9.43,15:30:00
2026-06-10 15:45:00,9.61,15:45:00
2026-06-10 16:00:00,9.28,16:00:00
2026-06-10 16:15:00,8.37,16:15:00
2026-06-10 16:30:00,8.48,16:30:00
2026-06-10 16:45:00,9.06,16:45:00
2026-06-10 17:00:00,9.88,17:00:00
2026-06-10 17:15:00,9.34,17:15:00
2026-06-10 17:30:00,9.13,17:30:00
2026-06-10 17:45:00,8.67,17:45:00
2026-06-10 18:00:00,8.74,18:00:00
2026-06-10 18:15:00,8.65,18:15:00
2026-06-10 18:30:00,8.67,18:30:00
2026-06-10 18:45:00,8.8,18:45:00
2026-06-10 19:00:00,8.77,19:00:00
2026-06-10 19:15:00,8.7,19:15:00
2026-06-10 19:30:00,8.74,19:30:00
2026-06-10 19:45:00,8.69,19:45:00
2026-06-10 20:00:00,8.64,20:00:00
2026-06-10 20:15:00,8.68,20:15:00
2026-06-10 20:30:00,8.69,20:30:00
2026-06-10 20:45:00,8.56,20:45:00
2026-06-10 21:00:00,8.46,21:00:00
2026-06-10 21:15:00,8.62,21:15:00
2026-06-10 21:30:00,8.68,21:30:00
2026-06-10 21:45:00,8.65,21:45:00
2026-06-10 22:00:00,8.77,22:00:00
2026-06-10 22:15:00,8.92,22:15:00
2026-06-10 22:30:00,8.89,22:30:00
2026-06-10 22:45:00,9.11,22:45:00
2026-06-10 23:00:00,9.06,23:00:00
2026-06-10 23:15:00,8.9,23:15:00
2026-06-10 23:30:00,9.01,23:30:00
2026-06-10 23:45:00,9.07,23:45:00
2026-06-11 00:00:00,8.99,00:00:00
2026-06-11 00:15:00,8.93,00:15:00
2026-06-11 00:30:00,9.04,00:30:00
2026-06-11 00:45:00,9.15,00:45:00
2026-06-11 01:00:00,9.23,01:00:00
2026-06-11 01:15:00,9.18,01:15:00
2026-06-11 01:30:00,9.22,01:30:00
2026-06-11 01:45:00,9.3,01:45:00
2026-06-11 02:00:00,9.35,02:00:00
2026-06-11 02:15:00,9.53,02:15:00
2026-06-11 02:30:00,9.6,02:30:00
2026-06-11 02:45:00,9.67,02:45:00
2026-06-11 03:00:00,9.64,03:00:00
2026-06-11 03:15:00,9.66,03:15:00
2026-06-11 03:30:00,9.6,03:30:00
2026-06-11 03:45:00,9.59,03:45:00
2026-06-11 04:00:00,9.5,04:00:00
2026-06-11 04:15:00,9.48,04:15:00
2026-06-11 04:30:00,9.32,04:30:00
2026-06-11 04:45:00,9.27,04:45:00
2026-06-11 05:00:00,9.24,05:00:00
2026-06-11 05:15:00,9.17,05:15:00
2026-06-11 05:30:00,9.07,05:30:00
2026-06-11 05:45:00,9.0,05:45:00
2026-06-11 06:00:00,8.96,06:00:00
2026-06-11 06:15:00,8.77,06:15:00
2026-06-11 06:30:00,8.6,06:30:00
2026-06-11 06:45:00,8.63,06:45:00
2026-06-11 07:00:00,8.63,07:00:00
2026-06-11 07:15:00,8.6,07:15:00
2026-06-11 07:30:00,8.58,07:30:00
2026-06-11 07:45:00,8.48,07:45:00
2026-06-11 08:00:00,8.42,08:00:00
2026-06-11 08:15:00,8.38,08:15:00
2026-06-11 08:30:00,8.52,08:30:00
2026-06-11 08:45:00,8.88,08:45:00
2026-06-11 09:00:00,8.85,09:00:00
2026-06-11 09:15:00,8.96,09:15:00
2026-06-11 09:30:00,8.79,09:30:00
2026-06-11 09:45:00,8.7,09:45:00
2026-06-11 10:00:00,8.68,10:00:00
2026-06-11 10:15:00,9.07,10:15:00
2026-06-11 10:30:00,8.85,10:30:00
2026-06-11 10:45:00,8.7,10:45:00
2026-06-11 11:00:00,8.53,11:00:00
2026-06-11 11:15:00,8.49,11:15:00
2026-06-11 11:30:00,8.48,11:30:00
2026-06-11 11:45:00,8.51,11:45:00
2026-06-11 12:00:00,8.49,12:00:00
2026-06-11 12:15:00,8.74,12:15:00
2026-06-11 12:30:00,8.8,12:30:00
2026-06-11 12:45:00,8.7,12:45:00
2026-06-11 13:00:00,8.8,13:00:00
2026-06-11 13:15:00,9.2,13:15:00
2026-06-11 13:30:00,9.4,13:30:00
2026-06-11 13:45:00,8.97,13:45:00
2026-06-11 14:00:00,9.01,14:00:00
2026-06-11 14:15:00,8.66,14:15:00
2026-06-11 14:30:00,8.66,14:30:00
2026-06-11 14:45:00,8.65,14:45:00
2026-06-11 15:00:00,8.43,15:00:00
2026-06-11 15:15:00,8.08,15:15:00
2026-06-11 15:30:00,8.07,15:30:00
2026-06-11 15:45:00,8.17,15:45:00
2026-06-11 16:00:00,8.36,16:00:00
2026-06-11 16:15:00,8.59,16:15:00
2026-06-11 16:30:00,9.32,16:30:00
2026-06-11 16:45:00,9.43,16:45:00
2026-06-11 17:00:00,9.31,17:00:00
2026-06-11 17:15:00,9.56,17:15:00
2026-06-11 17:30:00,10.19,17:30:00
2026-06-11 17:45:00,9.32,17:45:00
2026-06-11 18:00:00,8.59,18:00:00
2026-06-11 18:15:00,8.64,18:15:00
2026-06-11 18:30:00,8.71,18:30:00
2026-06-11 18:45:00,8.76,18:45:00
2026-06-11 19:00:00,8.78,19:00:00
2026-06-11 19:15:00,8.84,19:15:00
2026-06-11 19:30:00,8.93,19:30:00
2026-06-11 19:45:00,8.92,19:45:00
2026-06-11 20:00:00,8.78,20:00:00
2026-06-11 20:15:00,8.79,20:15:00
2026-06-11 20:30:00,8.7,20:30:00
2026-06-11 20:45:00,8.75,20:45:00
2026-06-11 21:00:00,8.8,21:00:00
2026-06-11 21:15:00,8.83,21:15:00
2026-06-11 21:30:00,8.78,21:30:00
2026-06-11 21:45:00,8.84,21:45:00
2026-06-11 22:00:00,8.9,22:00:00
2026-06-11 22:15:00,8.76,22:15:00
2026-06-11 22:30:00,8.94,22:30:00
2026-06-11 22:45:00,9.08,22:45:00
2026-06-11 23:00:00,9.17,23:00:00
2026-06-11 23:15:00,9.16,23:15:00
2026-06-11 23:30:00,9.17,23:30:00
2026-06-11 23:45:00,9.2,23:45:00
2026-06-12 00:00:00,9.26,00:00:00
2026-06-12 00:15:00,9.43,00:15:00
2026-06-12 00:30:00,9.57,00:30:00
2026-06-12 00:45:00,9.65,00:45:00
2026-06-12 01:00:00,9.66,01:00:00
2026-06-12 01:15:00,9.66,01:15:00
2026-06-12 01:30:00,9.71,01:30:00
2026-06-12 01:45:00,9.76,01:45:00
2026-06-12 02:00:00,9.76,02:00:00
2026-06-12 02:15:00,9.76,02:15:00
2026-06-12 02:30:00,9.83,02:30:00
2026-06-12 02:45:00,9.78,02:45:00
2026-06-12 03:00:00,9.75,03:00:00
2026-06-12 03:15:00,9.73,03:15:00
2026-06-12 03:30:00,9.72,03:30:00
2026-06-12 03:45:00,9.71,03:45:00
2026-06-12 04:00:00,9.64,04:00:00
2026-06-12 04:15:00,9.57,04:15:00
2026-06-12 04:30:00,9.56,04:30:00
2026-06-12 04:45:00,9.54,04:45:00
2026-06-12 05:00:00,9.39,05:00:00
2026-06-12 05:15:00,9.34,05:15:00
2026-06-12 05:30:00,9.19,05:30:00
2026-06-12 05:45:00,8.8,05:45:00
2026-06-12 06:00:00,8.6,06:00:00
2026-06-12 06:15:00,8.56,06:15:00
2026-06-12 06:30:00,8.44,06:30:00
2026-06-12 06:45:00,8.65,06:45:00
2026-06-12 07:00:00,8.55,07:00:00
2026-06-12 07:15:00,8.37,07:15:00
2026-06-12 07:30:00,8.65,07:30:00
2026-06-12 07:45:00,8.96,07:45:00
2026-06-12 08:00:00,8.66,08:00:00
2026-06-12 08:15:00,8.59,08:15:00
2026-06-12 08:30:00,8.93,08:30:00
2026-06-12 08:45:00,8.93,08:45:00
2026-06-12 09:00:00,9.05,09:00:00
2026-06-12 09:15:00,9.54,09:15:00
2026-06-12 09:30:00,9.2,09:30:00
2026-06-12 09:45:00,9.11,09:45:00
2026-06-12 10:00:00,9.05,10:00:00
2026-06-12 10:15:00,9.33,10:15:00
2026-06-12 10:30:00,9.33,10:30:00
2026-06-12 10:45:00,9.19,10:45:00
2026-06-12 11:00:00,9.24,11:00:00
2026-06-12 11:15:00,9.57,11:15:00
2026-06-12 11:30:00,9.69,11:30:00
2026-06-12 11:45:00,9.27,11:45:00
2026-06-12 12:00:00,9.11,12:00:00
2026-06-12 12:15:00,8.93,12:15:00
2026-06-12 12:30:00,8.94,12:30:00
2026-06-12 12:45:00,8.94,12:45:00
2026-06-12 13:00:00,8.96,13:00:00
2026-06-12 13:15:00,9.07,13:15:00
2026-06-12 13:30:00,9.02,13:30:00
2026-06-12 13:45:00,9.05,13:45:00
2026-06-12 14:00:00,9.19,14:00:00
2026-06-12 14:15:00,9.33,14:15:00
2026-06-12 14:30:00,9.32,14:30:00
2026-06-12 14:45:00,9.34,14:45:00
2026-06-12 15:00:00,9.32,15:00:00
2026-06-12 15:15:00,9.34,15:15:00
2026-06-12 15:30:00,9.33,15:30:00
2026-06-12 15:45:00,9.01,15:45:00
2026-06-12 16:00:00,9.03,16:00:00
2026-06-12 16:15:00,9.13,16:15:00
2026-06-12 16:30:00,9.75,16:30:00
2026-06-12 16:45:00,10.15,16:45:00
2026-06-12 17:00:00,10.37,17:00:00
2026-06-12 17:15:00,10.74,17:15:00
2026-06-12 17:30:00,10.47,17:30:00
2026-06-12 17:45:00,10.23,17:45:00
2026-06-12 18:00:00,10.56,18:00:00
2026-06-12 18:15:00,10.85,18:15:00
2026-06-12 18:30:00,11.28,18:30:00
2026-06-12 18:45:00,11.75,18:45:00
2026-06-12 19:00:00,11.57,19:00:00
2026-06-12 19:15:00,11.65,19:15:00
2026-06-12 19:30:00,11.87,19:30:00
2026-06-12 19:45:00,11.42,19:45:00
2026-06-12 20:00:00,11.5,20:00:00
2026-06-12 20:15:00,10.2,20:15:00
2026-06-12 20:30:00,9.74,20:30:00
2026-06-12 20:45:00,9.66,20:45:00
2026-06-12 21:00:00,9.69,21:00:00
2026-06-12 21:15:00,9.7,21:15:00
2026-06-12 21:30:00,9.74,21:30:00
2026-06-12 21:45:00,9.76,21:45:00
2026-06-12 22:00:00,9.85,22:00:00
2026-06-12 22:15:00,9.91,22:15:00
2026-06-12 22:30:00,9.94,22:30:00
2026-06-12 22:45:00,10.01,22:45:00
2026-06-12 23:00:00,10.02,23:00:00
2026-06-12 23:15:00,9.98,23:15:00
2026-06-12 23:30:00,9.86,23:30:00
2026-06-12 23:45:00,9.87,23:45:00
2026-06-13 00:00:00,9.92,00:00:00
2026-06-13 00:15:00,9.95,00:15:00
2026-06-13 00:30:00,9.98,00:30:00
2026-06-13 00:45:00,10.04,00:45:00
2026-06-13 01:00:00,10.06,01:00:00
2026-06-13 01:15:00,10.11,01:15:00
2026-06-13 01:30:00,10.2,01:30:00
2026-06-13 01:45:00,10.24,01:45:00
2026-06-13 02:00:00,10.3,02:00:00
2026-06-13 02:15:00,10.36,02:15:00
2026-06-13 02:30:00,10.4,02:30:00
2026-06-13 02:45:00,10.43,02:45:00
2026-06-13 03:00:00,10.52,03:00:00
2026-06-13 03:15:00,10.58,03:15:00
2026-06-13 03:30:00,10.73,03:30:00
2026-06-13 03:45:00,10.92,03:45:00
2026-06-13 04:00:00,10.93,04:00:00
2026-06-13 04:15:00,10.97,04:15:00
2026-06-13 04:30:00,11.03,04:30:00
2026-06-13 04:45:00,11.08,04:45:00
2026-06-13 05:00:00,11.13,05:00:00
2026-06-13 05:15:00,11.39,05:15:00
2026-06-13 05:30:00,11.42,05:30:00
2026-06-13 05:45:00,11.49,05:45:00
2026-06-13 06:00:00,11.51,06:00:00
2026-06-13 06:15:00,11.76,06:15:00
2026-06-13 06:30:00,11.99,06:30:00
2026-06-13 06:45:00,12.2,06:45:00
2026-06-13 07:00:00,11.91,07:00:00
2026-06-13 07:15:00,12.81,07:15:00
2026-06-13 07:30:00,12.6,07:30:00
2026-06-13 07:45:00,12.29,07:45:00
2026-06-13 08:00:00,12.57,08:00:00
2026-06-13 08:15:00,13.17,08:15:00
2026-06-13 08:30:00,12.92,08:30:00
2026-06-13 08:45:00,12.46,08:45:00
2026-06-13 09:00:00,12.39,09:00:00
2026-06-13 09:15:00,12.7,09:15:00
2026-06-13 09:30:00,12.75,09:30:00
2026-06-13 09:45:00,12.65,09:45:00
2026-06-13 10:00:00,12.03,10:00:00
2026-06-13 10:15:00,12.28,10:15:00
2026-06-13 10:30:00,12.68,10:30:00
2026-06-13 10:45:00,12.41,10:45:00
2026-06-13 11:00:00,12.1,11:00:00
2026-06-13 11:15:00,11.98,11:15:00
2026-06-13 11:30:00,12.17,11:30:00
2026-06-13 11:45:00,12.4,11:45:00
2026-06-13 12:00:00,13.55,12:00:00
2026-06-13 12:15:00,13.64,12:15:00
2026-06-13 12:30:00,13.87,12:30:00
2026-06-13 12:45:00,14.01,12:45:00
2026-06-13 13:00:00,14.4,13:00:00
2026-06-13 13:15:00,14.08,13:15:00
2026-06-13 13:30:00,13.71,13:30:00
2026-06-13 13:45:00,12.97,13:45:00
2026-06-13 14:00:00,13.37,14:00:00
2026-06-13 14:15:00,13.45,14:15:00
2026-06-13 14:30:00,13.21,14:30:00
2026-06-13 14:45:00,13.25,14:45:00
2026-06-13 15:00:00,13.4,15:00:00
2026-06-13 15:15:00,13.19,15:15:00
2026-06-13 15:30:00,13.89,15:30:00
2026-06-13 15:45:00,13.02,15:45:00
2026-06-13 16:00:00,12.36,16:00:00
2026-06-13 16:15:00,9.68,16:15:00
2026-06-13 16:30:00,9.35,16:30:00
2026-06-13 16:45:00,9.92,16:45:00
2026-06-13 17:00:00,10.08,17:00:00
2026-06-13 17:15:00,10.4,17:15:00
2026-06-13 17:30:00,11.6,17:30:00
2026-06-13 17:45:00,11.93,17:45:00
2026-06-13 18:00:00,11.27,18:00:00
2026-06-13 18:15:00,10.76,18:15:00
2026-06-13 18:30:00,10.0,18:30:00
2026-06-13 18:45:00,9.99,18:45:00
2026-06-13 19:00:00,9.99,19:00:00
2026-06-13 19:15:00,10.02,19:15:00
2026-06-13 19:30:00,10.19,19:30:00
2026-06-13 19:45:00,10.22,19:45:00
2026-06-13 20:00:00,10.13,20:00:00
2026-06-13 20:15:00,10.33,20:15:00
2026-06-13 20:30:00,11.42,20:30:00
2026-06-13 20:45:00,11.26,20:45:00
2026-06-13 21:00:00,11.33,21:00:00
2026-06-13 21:15:00,11.37,21:15:00
2026-06-13 21:30:00,11.85,21:30:00
2026-06-13 21:45:00,11.25,21:45:00
2026-06-13 22:00:00,10.66,22:00:00
2026-06-13 22:15:00,10.68,22:15:00
2026-06-13 22:30:00,10.64,22:30:00
2026-06-13 22:45:00,10.75,22:45:00
2026-06-13 23:00:00,10.79,23:00:00
2026-06-13 23:15:00,10.84,23:15:00
2026-06-13 23:30:00,10.97,23:30:00
2026-06-13 23:45:00,10.98,23:45:00
2026-06-14 00:00:00,11.03,00:00:00
2026-06-14 00:15:00,11.11,00:15:00
2026-06-14 00:30:00,11.17,00:30:00
2026-06-14 00:45:00,11.2,00:45:00
2026-06-14 01:00:00,11.21,01:00:00
2026-06-14 01:15:00,11.31,01:15:00
2026-06-14 01:30:00,11.52,01:30:00
2026-06-14 01:45:00,12.97,01:45:00
2026-06-14 02:00:00,13.6,02:00:00
2026-06-14 02:15:00,13.69,02:15:00
2026-06-14 02:30:00,13.82,02:30:00
2026-06-14 02:45:00,13.8,02:45:00
2026-06-14 03:00:00,13.71,03:00:00
2026-06-14 03:15:00,13.62,03:15:00
2026-06-14 03:30:00,13.75,03:30:00
2026-06-14 03:45:00,13.95,03:45:00
2026-06-14 04:00:00,14.34,04:00:00
2026-06-14 04:15:00,14.37,04:15:00
2026-06-14 04:30:00,14.39,04:30:00
2026-06-14 04:45:00,14.34,04:45:00
2026-06-14 05:00:00,14.33,05:00:00
2026-06-14 05:15:00,14.5,05:15:00
2026-06-14 05:30:00,14.76,05:30:00
2026-06-14 05:45:00,14.56,05:45:00
2026-06-14 06:00:00,14.26,06:00:00
2026-06-14 06:15:00,14.4,06:15:00
2026-06-14 06:30:00,14.59,06:30:00
2026-06-14 06:45:00,12.91,06:45:00
2026-06-14 07:00:00,12.38,07:00:00
2026-06-14 07:15:00,12.49,07:15:00
2026-06-14 07:30:00,12.28,07:30:00
2026-06-14 07:45:00,11.99,07:45:00
2026-06-14 08:00:00,11.87,08:00:00
2026-06-14 08:15:00,11.81,08:15:00
2026-06-14 08:30:00,11.77,08:30:00
2026-06-14 08:45:00,11.66,08:45:00
2026-06-14 09:00:00,11.76,09:00:00
2026-06-14 09:15:00,12.67,09:15:00
2026-06-14 09:30:00,13.15,09:30:00
2026-06-14 09:45:00,13.45,09:45:00
2026-06-14 10:00:00,13.47,10:00:00
2026-06-14 10:15:00,13.48,10:15:00
2026-06-14 10:30:00,13.4,10:30:00
2026-06-14 10:45:00,13.4,10:45:00
2026-06-14 11:00:00,13.18,11:00:00
2026-06-14 11:15:00,12.8,11:15:00
2026-06-14 11:30:00,12.7,11:30:00
2026-06-14 11:45:00,12.96,11:45:00
2026-06-14 12:00:00,12.96,12:00:00
2026-06-14 12:15:00,12.92,12:15:00
2026-06-14 12:30:00,12.87,12:30:00
2026-06-14 12:45:00,12.61,12:45:00
2026-06-14 13:00:00,13.37,13:00:00
2026-06-14 13:15:00,12.9,13:15:00
2026-06-14 13:30:00,13.05,13:30:00
2026-06-14 13:45:00,12.93,13:45:00
2026-06-14 14:00:00,13.84,14:00:00
2026-06-14 14:15:00,13.18,14:15:00
2026-06-14 14:30:00,12.82,14:30:00
2026-06-14 14:45:00,12.75,14:45:00
2026-06-14 15:00:00,14.13,15:00:00
2026-06-14 15:15:00,14.4,15:15:00
2026-06-14 15:30:00,13.19,15:30:00
2026-06-14 15:45:00,10.78,15:45:00
2026-06-14 16:00:00,10.88,16:00:00
2026-06-14 16:15:00,11.24,16:15:00
2026-06-14 16:30:00,12.04,16:30:00
2026-06-14 16:45:00,11.08,16:45:00
2026-06-14 17:00:00,11.52,17:00:00
2026-06-14 17:15:00,11.31,17:15:00
2026-06-14 17:30:00,13.11,17:30:00
2026-06-14 17:45:00,13.59,17:45:00
2026-06-14 18:00:00,13.39,18:00:00
2026-06-14 18:15:00,13.06,18:15:00
2026-06-14 18:30:00,13.56,18:30:00
2026-06-14 18:45:00,13.79,18:45:00
2026-06-14 19:00:00,13.91,19:00:00
2026-06-14 19:15:00,13.97,19:15:00
2026-06-14 19:30:00,13.96,19:30:00
2026-06-14 19:45:00,13.88,19:45:00
2026-06-14 20:00:00,13.43,20:00:00
2026-06-14 20:15:00,12.86,20:15:00
2026-06-14 20:30:00,13.06,20:30:00
2026-06-14 20:45:00,13.22,20:45:00
2026-06-14 21:00:00,12.7,21:00:00
2026-06-14 21:15:00,12.31,21:15:00
2026-06-14 21:30:00,12.26,21:30:00
2026-06-14 21:45:00,12.08,21:45:00
2026-06-14 22:00:00,12.08,22:00:00
2026-06-14 22:15:00,11.84,22:15:00
2026-06-14 22:30:00,12.07,22:30:00
2026-06-14 22:45:00,11.68,22:45:00
2026-06-14 23:00:00,10.96,23:00:00
2026-06-14 23:15:00,10.14,23:15:00
2026-06-14 23:30:00,10.15,23:30:00
2026-06-14 23:45:00,10.13,23:45:00
2026-06-15 00:00:00,10.13,00:00:00
2026-06-15 00:15:00,10.14,00:15:00
2026-06-15 00:30:00,10.27,00:30:00
2026-06-15 00:45:00,11.47,00:45:00
2026-06-15 01:00:00,11.84,01:00:00
2026-06-15 01:15:00,11.95,01:15:00
2026-06-15 01:30:00,11.52,01:30:00
2026-06-15 01:45:00,10.51,01:45:00
2026-06-15 02:00:00,10.49,02:00:00
2026-06-15 02:15:00,10.47,02:15:00
2026-06-15 02:30:00,10.47,02:30:00
2026-06-15 02:45:00,10.52,02:45:00
2026-06-15 03:00:00,10.49,03:00:00
2026-06-15 03:15:00,10.46,03:15:00
2026-06-15 03:30:00,10.46,03:30:00
2026-06-15 03:45:00,10.41,03:45:00
2026-06-15 04:00:00,10.29,04:00:00
2026-06-15 04:15:00,10.28,04:15:00
2026-06-15 04:30:00,10.14,04:30:00
2026-06-15 04:45:00,9.96,04:45:00
2026-06-15 05:00:00,9.84,05:00:00
2026-06-15 05:15:00,9.83,05:15:00
2026-06-15 05:30:00,9.71,05:30:00
2026-06-15 05:45:00,9.55,05:45:00
2026-06-15 06:00:00,9.3,06:00:00
2026-06-15 06:15:00,9.29,06:15:00
2026-06-15 06:30:00,9.15,06:30:00
2026-06-15 06:45:00,9.03,06:45:00
2026-06-15 07:00:00,9.28,07:00:00
2026-06-15 07:15:00,9.28,07:15:00
2026-06-15 07:30:00,9.36,07:30:00
2026-06-15 07:45:00,8.96,07:45:00
2026-06-15 08:00:00,9.03,08:00:00
2026-06-15 12:30:00,10.17,12:30:00
2026-06-15 12:45:00,10.42,12:45:00
2026-06-15 13:00:00,11.34,13:00:00
2026-06-15 13:15:00,11.52,13:15:00
2026-06-15 13:30:00,11.14,13:30:00
2026-06-15 13:45:00,10.78,13:45:00
2026-06-15 14:00:00,10.81,14:00:00
2026-06-15 14:15:00,10.87,14:15:00
2026-06-15 14:30:00,10.78,14:30:00
2026-06-15 14:45:00,11.08,14:45:00
2026-06-15 15:00:00,11.46,15:00:00
2026-06-15 15:15:00,11.03,15:15:00
2026-06-15 15:30:00,10.65,15:30:00
2026-06-15 15:45:00,10.6,15:45:00
2026-06-15 16:00:00,11.09,16:00:00
2026-06-15 16:15:00,11.5,16:15:00
2026-06-15 16:30:00,13.09,16:30:00
2026-06-15 16:45:00,15.33,16:45:00
2026-06-15 17:00:00,16.63,17:00:00
2026-06-15 17:15:00,18.14,17:15:00
2026-06-15 17:30:00,20.13,17:30:00
2026-06-15 17:45:00,20.97,17:45:00
2026-06-15 18:00:00,21.47,18:00:00
2026-06-15 18:15:00,22.52,18:15:00
2026-06-15 18:30:00,22.66,18:30:00
2026-06-15 18:45:00,21.68,18:45:00
2026-06-15 19:00:00,20.69,19:00:00
2026-06-15 19:15:00,19.14,19:15:00
2026-06-15 19:30:00,19.4,19:30:00
2026-06-15 19:45:00,19.76,19:45:00
2026-06-15 20:00:00,19.78,20:00:00
2026-06-15 20:15:00,19.82,20:15:00
2026-06-15 20:30:00,19.5,20:30:00
2026-06-15 20:45:00,19.62,20:45:00
2026-06-15 21:00:00,18.91,21:00:00
2026-06-15 21:15:00,17.72,21:15:00
2026-06-15 21:30:00,17.05,21:30:00
2026-06-15 21:45:00,16.86,21:45:00
2026-06-15 22:00:00,18.03,22:00:00
2026-06-15 22:15:00,18.8,22:15:00
2026-06-15 22:30:00,18.99,22:30:00
2026-06-15 22:45:00,18.55,22:45:00
2026-06-15 23:00:00,18.23,23:00:00
2026-06-15 23:15:00,17.45,23:15:00
2026-06-15 23:30:00,17.11,23:30:00
2026-06-15 23:45:00,15.18,23:45:00
2026-06-16 00:00:00,14.9,00:00:00
2026-06-16 00:15:00,15.08,00:15:00
2026-06-16 00:30:00,14.3,00:30:00
2026-06-16 00:45:00,13.23,00:45:00
2026-06-16 01:00:00,12.81,01:00:00
2026-06-16 01:15:00,12.9,01:15:00
2026-06-16 01:30:00,12.93,01:30:00
2026-06-16 06:00:00,14.87,06:00:00
2026-06-16 06:15:00,15.34,06:15:00
2026-06-16 06:30:00,15.71,06:30:00
2026-06-16 06:45:00,16.15,06:45:00
2026-06-16 07:00:00,14.34,07:00:00
2026-06-16 07:15:00,13.51,07:15:00
2026-06-16 07:30:00,12.88,07:30:00
2026-06-16 07:45:00,12.23,07:45:00
2026-06-16 08:00:00,12.08,08:00:00
2026-06-16 08:15:00,12.18,08:15:00
2026-06-16 08:45:00,11.52,08:45:00
2026-06-16 09:00:00,10.73,09:00:00
2026-06-16 09:15:00,10.37,09:15:00
2026-06-16 09:30:00,10.21,09:30:00
2026-06-16 09:45:00,10.13,09:45:00
2026-06-16 10:00:00,9.17,10:00:00
2026-06-16 10:15:00,8.26,10:15:00
2026-06-16 10:30:00,8.02,10:30:00
2026-06-16 10:45:00,7.9,10:45:00
2026-06-16 11:00:00,7.62,11:00:00
2026-06-16 11:15:00,7.56,11:15:00
2026-06-16 11:30:00,7.67,11:30:00
2026-06-16 11:45:00,7.7,11:45:00
2026-06-16 12:00:00,7.61,12:00:00
2026-06-16 12:15:00,7.56,12:15:00
2026-06-16 12:30:00,7.54,12:30:00
2026-06-16 12:45:00,7.58,12:45:00
2026-06-16 13:00:00,7.65,13:00:00
2026-06-16 13:15:00,7.65,13:15:00
2026-06-16 13:30:00,7.84,13:30:00
2026-06-16 13:45:00,7.92,13:45:00
2026-06-16 14:00:00,7.94,14:00:00
2026-06-16 14:15:00,8.14,14:15:00
2026-06-16 14:30:00,8.35,14:30:00
2026-06-16 14:45:00,8.73,14:45:00
2026-06-16 15:00:00,8.69,15:00:00
2026-06-16 15:15:00,8.79,15:15:00
2026-06-16 15:30:00,8.96,15:30:00
2026-06-16 15:45:00,9.72,15:45:00
2026-06-16 16:00:00,9.98,16:00:00
2026-06-16 16:15:00,11.43,16:15:00
2026-06-16 16:30:00,13.39,16:30:00
2026-06-16 16:45:00,14.17,16:45:00
2026-06-16 17:00:00,14.56,17:00:00
2026-06-16 17:15:00,15.86,17:15:00
2026-06-16 17:30:00,17.98,17:30:00
2026-06-16 17:45:00,19.48,17:45:00
2026-06-16 18:00:00,20.56,18:00:00
2026-06-16 18:15:00,21.68,18:15:00
2026-06-16 18:30:00,22.23,18:30:00
2026-06-16 18:45:00,22.86,18:45:00
2026-06-16 19:00:00,21.73,19:00:00
2026-06-16 19:15:00,20.34,19:15:00
2026-06-16 19:30:00,19.81,19:30:00
2026-06-16 19:45:00,20.03,19:45:00
2026-06-16 20:00:00,20.45,20:00:00
2026-06-16 20:15:00,21.19,20:15:00
2026-06-16 20:30:00,21.44,20:30:00
2026-06-16 20:45:00,22.71,20:45:00
2026-06-16 21:00:00,22.69,21:00:00
2026-06-16 21:15:00,23.71,21:15:00
2026-06-16 21:30:00,22.75,21:30:00
2026-06-16 21:45:00,23.3,21:45:00
2026-06-16 22:00:00,21.87,22:00:00
2026-06-16 22:15:00,22.44,22:15:00
2026-06-16 22:30:00,19.64,22:30:00
2026-06-16 22:45:00,18.24,22:45:00
2026-06-16 23:00:00,16.99,23:00:00
2026-06-16 23:15:00,16.26,23:15:00
2026-06-16 23:30:00,16.28,23:30:00
2026-06-16 23:45:00,16.32,23:45:00
2026-06-17 00:00:00,16.36,00:00:00
2026-06-17 00:15:00,16.4,00:15:00
2026-06-17 00:30:00,16.4,00:30:00
2026-06-17 00:45:00,16.5,00:45:00
2026-06-17 01:00:00,16.5,01:00:00
2026-06-17 01:15:00,16.46,01:15:00
2026-06-17 01:30:00,16.54,01:30:00
2026-06-17 01:45:00,16.58,01:45:00
2026-06-17 02:00:00,16.62,02:00:00
2026-06-17 02:15:00,16.76,02:15:00
2026-06-17 02:30:00,16.86,02:30:00
2026-06-17 02:45:00,17.02,02:45:00
2026-06-17 03:00:00,17.3,03:00:00
2026-06-17 03:15:00,17.28,03:15:00
2026-06-17 03:30:00,17.25,03:30:00
2026-06-17 03:45:00,17.61,03:45:00
2026-06-17 04:00:00,18.39,04:00:00
2026-06-17 04:15:00,18.6,04:15:00
2026-06-17 04:30:00,18.48,04:30:00
2026-06-17 04:45:00,18.37,04:45:00
2026-06-17 05:00:00,18.2,05:00:00
2026-06-17 05:15:00,18.01,05:15:00
2026-06-17 05:30:00,17.81,05:30:00
2026-06-17 05:45:00,17.64,05:45:00
2026-06-17 06:00:00,17.39,06:00:00
2026-06-17 06:15:00,17.3,06:15:00
2026-06-17 06:30:00,16.98,06:30:00
2026-06-17 06:45:00,16.26,06:45:00
2026-06-17 07:00:00,14.1,07:00:00
2026-06-17 07:15:00,13.45,07:15:00
2026-06-17 07:30:00,12.18,07:30:00
2026-06-17 07:45:00,10.0,07:45:00
2026-06-17 08:00:00,9.04,08:00:00
2026-06-17 08:15:00,8.79,08:15:00
2026-06-17 08:30:00,8.51,08:30:00
2026-06-17 08:45:00,8.54,08:45:00
2026-06-17 09:00:00,8.14,09:00:00
2026-06-17 09:15:00,7.83,09:15:00
2026-06-17 09:30:00,7.74,09:30:00
2026-06-17 09:45:00,7.7,09:45:00
2026-06-17 10:00:00,7.7,10:00:00
2026-06-17 10:15:00,7.68,10:15:00
2026-06-17 10:30:00,7.62,10:30:00
2026-06-17 10:45:00,7.58,10:45:00
2026-06-17 11:00:00,7.59,11:00:00
2026-06-17 11:15:00,7.61,11:15:00
2026-06-17 11:30:00,7.6,11:30:00
2026-06-17 11:45:00,7.62,11:45:00
2026-06-17 12:00:00,7.6,12:00:00
2026-06-17 12:15:00,7.61,12:15:00
2026-06-17 12:30:00,7.62,12:30:00
2026-06-17 12:45:00,7.66,12:45:00
2026-06-17 13:00:00,7.73,13:00:00
2026-06-17 13:15:00,7.91,13:15:00
2026-06-17 13:30:00,7.97,13:30:00
2026-06-17 13:45:00,8.26,13:45:00
2026-06-17 14:00:00,8.66,14:00:00
2026-06-17 14:15:00,8.79,14:15:00
2026-06-17 14:30:00,8.88,14:30:00
2026-06-17 14:45:00,9.07,14:45:00
2026-06-17 15:00:00,9.65,15:00:00
2026-06-17 15:15:00,10.02,15:15:00
2026-06-17 15:30:00,10.77,15:30:00
2026-06-17 15:45:00,12.98,15:45:00
2026-06-17 16:00:00,14.71,16:00:00
2026-06-17 16:15:00,16.39,16:15:00
2026-06-17 16:30:00,20.32,16:30:00
2026-06-17 16:45:00,22.65,16:45:00
2026-06-17 17:00:00,26.23,17:00:00
2026-06-17 17:15:00,29.97,17:15:00
2026-06-17 17:30:00,33.21,17:30:00
2026-06-17 17:45:00,34.71,17:45:00
2026-06-17 18:00:00,36.07,18:00:00
2026-06-17 18:15:00,35.91,18:15:00
2026-06-17 18:30:00,36.55,18:30:00
2026-06-17 18:45:00,36.57,18:45:00
2026-06-17 19:00:00,35.23,19:00:00
2026-06-17 19:15:00,32.85,19:15:00
2026-06-17 19:30:00,32.47,19:30:00
2026-06-17 19:45:00,32.7,19:45:00
2026-06-17 20:00:00,33.52,20:00:00
2026-06-17 20:15:00,33.48,20:15:00
2026-06-17 20:30:00,33.02,20:30:00
2026-06-17 20:45:00,31.54,20:45:00
2026-06-17 21:00:00,30.49,21:00:00
2026-06-17 21:15:00,32.21,21:15:00
2026-06-17 21:30:00,30.27,21:30:00
2026-06-17 21:45:00,29.46,21:45:00
2026-06-17 22:00:00,28.52,22:00:00
2026-06-17 22:15:00,28.86,22:15:00
2026-06-17 22:30:00,27.3,22:30:00
2026-06-17 22:45:00,25.9,22:45:00
2026-06-17 23:00:00,27.01,23:00:00
2026-06-17 23:15:00,26.79,23:15:00
2026-06-17 23:30:00,26.02,23:30:00
2026-06-17 23:45:00,25.23,23:45:00
2026-06-18 00:00:00,26.0,00:00:00
2026-06-18 00:15:00,26.26,00:15:00
2026-06-18 00:30:00,24.39,00:30:00
2026-06-18 00:45:00,21.18,00:45:00
2026-06-18 01:00:00,20.65,01:00:00
2026-06-18 01:15:00,20.76,01:15:00
2026-06-18 01:30:00,20.77,01:30:00
2026-06-18 01:45:00,20.71,01:45:00
2026-06-18 02:00:00,20.83,02:00:00
2026-06-18 02:15:00,20.85,02:15:00
2026-06-18 02:30:00,20.84,02:30:00
2026-06-18 02:45:00,20.96,02:45:00
2026-06-18 03:00:00,20.94,03:00:00
2026-06-18 03:15:00,20.87,03:15:00
2026-06-18 03:30:00,20.97,03:30:00
2026-06-18 03:45:00,21.66,03:45:00
2026-06-18 04:00:00,22.05,04:00:00
2026-06-18 04:15:00,22.4,04:15:00
2026-06-18 04:30:00,22.37,04:30:00
2026-06-18 04:45:00,22.34,04:45:00
2026-06-18 05:00:00,22.21,05:00:00
2026-06-18 05:15:00,22.17,05:15:00
2026-06-18 05:30:00,21.91,05:30:00
2026-06-18 05:45:00,21.65,05:45:00
2026-06-18 06:00:00,21.35,06:00:00
2026-06-18 06:15:00,21.05,06:15:00
2026-06-18 06:30:00,21.37,06:30:00
2026-06-18 06:45:00,20.47,06:45:00
2026-06-18 07:00:00,17.53,07:00:00
2026-06-18 07:15:00,12.59,07:15:00
2026-06-18 07:30:00,10.15,07:30:00
2026-06-18 07:45:00,9.24,07:45:00
2026-06-18 08:00:00,9.31,08:00:00
2026-06-18 08:15:00,8.97,08:15:00
2026-06-18 08:30:00,8.63,08:30:00
2026-06-18 08:45:00,8.46,08:45:00
2026-06-18 09:00:00,8.44,09:00:00
2026-06-18 09:15:00,8.12,09:15:00
2026-06-18 09:30:00,7.95,09:30:00
2026-06-18 09:45:00,8.2,09:45:00
2026-06-18 10:00:00,8.13,10:00:00
2026-06-18 10:15:00,7.91,10:15:00
2026-06-18 10:30:00,7.76,10:30:00
2026-06-18 10:45:00,7.71,10:45:00
2026-06-18 11:00:00,7.69,11:00:00
2026-06-18 11:15:00,7.77,11:15:00
2026-06-18 11:30:00,7.73,11:30:00
2026-06-18 11:45:00,7.77,11:45:00
2026-06-18 12:00:00,7.71,12:00:00
2026-06-18 12:15:00,7.7,12:15:00
2026-06-18 12:30:00,7.65,12:30:00
2026-06-18 12:45:00,7.66,12:45:00
2026-06-18 13:00:00,7.75,13:00:00
2026-06-18 13:15:00,8.05,13:15:00
2026-06-18 13:30:00,8.07,13:30:00
2026-06-18 13:45:00,8.36,13:45:00
2026-06-18 14:00:00,8.58,14:00:00
2026-06-18 14:15:00,8.94,14:15:00
2026-06-18 14:30:00,9.31,14:30:00
2026-06-18 14:45:00,10.55,14:45:00
2026-06-18 15:00:00,12.79,15:00:00
2026-06-18 15:15:00,15.16,15:15:00
2026-06-18 15:30:00,17.32,15:30:00
2026-06-18 15:45:00,19.29,15:45:00
2026-06-18 16:00:00,20.0,16:00:00
2026-06-18 16:15:00,21.46,16:15:00
2026-06-18 16:30:00,23.4,16:30:00
2026-06-18 16:45:00,24.76,16:45:00
2026-06-18 17:00:00,25.89,17:00:00
2026-06-18 17:15:00,27.49,17:15:00
2026-06-18 17:30:00,29.2,17:30:00
2026-06-18 17:45:00,29.56,17:45:00
2026-06-18 18:00:00,27.73,18:00:00
2026-06-18 18:15:00,27.76,18:15:00
2026-06-18 18:30:00,26.97,18:30:00
2026-06-18 18:45:00,26.33,18:45:00
2026-06-18 19:00:00,24.73,19:00:00
2026-06-18 19:15:00,23.76,19:15:00
2026-06-18 19:30:00,23.74,19:30:00
2026-06-18 19:45:00,23.52,19:45:00
2026-06-18 20:00:00,23.72,20:00:00
2026-06-18 20:15:00,23.03,20:15:00
2026-06-18 20:30:00,23.95,20:30:00
2026-06-18 20:45:00,25.32,20:45:00
2026-06-18 21:00:00,24.81,21:00:00
2026-06-18 21:15:00,22.38,21:15:00
2026-06-18 21:30:00,22.02,21:30:00
2026-06-18 21:45:00,21.49,21:45:00
2026-06-18 22:00:00,20.53,22:00:00
2026-06-18 22:15:00,19.32,22:15:00
2026-06-18 22:30:00,19.32,22:30:00
2026-06-18 22:45:00,19.47,22:45:00
2026-06-18 23:00:00,19.97,23:00:00
2026-06-18 23:15:00,19.95,23:15:00
2026-06-18 23:30:00,19.05,23:30:00
2026-06-18 23:45:00,16.52,23:45:00
2026-06-19 00:00:00,14.57,00:00:00
2026-06-19 00:15:00,12.55,00:15:00
2026-06-19 00:30:00,11.22,00:30:00
2026-06-19 00:45:00,10.35,00:45:00
2026-06-19 01:00:00,9.78,01:00:00
2026-06-19 01:15:00,9.82,01:15:00
2026-06-19 01:30:00,9.86,01:30:00
2026-06-19 01:45:00,9.86,01:45:00
2026-06-19 02:00:00,9.84,02:00:00
2026-06-19 02:15:00,9.88,02:15:00
2026-06-19 02:30:00,9.84,02:30:00
2026-06-19 02:45:00,9.84,02:45:00
2026-06-19 03:00:00,9.87,03:00:00
2026-06-19 03:15:00,9.92,03:15:00
2026-06-19 03:30:00,9.8,03:30:00
2026-06-19 03:45:00,9.69,03:45:00
2026-06-19 04:00:00,9.52,04:00:00
2026-06-19 04:15:00,9.3,04:15:00
2026-06-19 04:30:00,9.13,04:30:00
2026-06-19 04:45:00,9.14,04:45:00
2026-06-19 05:00:00,9.99,05:00:00
2026-06-19 05:15:00,10.02,05:15:00
2026-06-19 05:30:00,9.92,05:30:00
2026-06-19 05:45:00,9.87,05:45:00
2026-06-19 06:00:00,9.81,06:00:00
2026-06-19 06:15:00,9.29,06:15:00
2026-06-19 06:30:00,9.1,06:30:00
2026-06-19 06:45:00,9.04,06:45:00
2026-06-19 07:00:00,9.01,07:00:00
2026-06-19 07:15:00,8.91,07:15:00
2026-06-19 07:30:00,8.33,07:30:00
2026-06-19 07:45:00,8.05,07:45:00
2026-06-19 08:00:00,7.97,08:00:00
2026-06-19 08:15:00,8.01,08:15:00
2026-06-19 08:30:00,8.22,08:30:00
2026-06-19 08:45:00,8.42,08:45:00
2026-06-19 09:00:00,8.47,09:00:00
2026-06-19 09:15:00,8.32,09:15:00
2026-06-19 09:30:00,8.38,09:30:00
2026-06-19 09:45:00,8.36,09:45:00
2026-06-19 10:00:00,8.36,10:00:00
2026-06-19 10:15:00,8.1,10:15:00
2026-06-19 10:30:00,8.14,10:30:00
2026-06-19 10:45:00,8.13,10:45:00
2026-06-19 11:00:00,8.12,11:00:00
2026-06-19 11:15:00,7.81,11:15:00
2026-06-19 11:30:00,7.79,11:30:00
2026-06-19 11:45:00,7.77,11:45:00
2026-06-19 12:00:00,7.75,12:00:00
2026-06-19 12:15:00,7.82,12:15:00
2026-06-19 12:30:00,7.86,12:30:00
2026-06-19 12:45:00,8.01,12:45:00
2026-06-19 13:00:00,8.06,13:00:00
2026-06-19 13:15:00,8.09,13:15:00
2026-06-19 13:30:00,8.24,13:30:00
2026-06-19 13:45:00,8.28,13:45:00
2026-06-19 14:00:00,8.39,14:00:00
2026-06-19 14:15:00,8.75,14:15:00
2026-06-19 14:30:00,9.01,14:30:00
2026-06-19 14:45:00,9.26,14:45:00
2026-06-19 15:00:00,9.36,15:00:00
2026-06-19 15:15:00,9.67,15:15:00
2026-06-19 15:30:00,10.01,15:30:00
2026-06-19 15:45:00,10.33,15:45:00
2026-06-19 16:00:00,10.87,16:00:00
2026-06-19 16:15:00,12.02,16:15:00
2026-06-19 16:30:00,14.59,16:30:00
2026-06-19 16:45:00,17.83,16:45:00
2026-06-19 17:00:00,19.99,17:00:00
2026-06-19 17:15:00,22.21,17:15:00
2026-06-19 17:30:00,25.8,17:30:00
2026-06-19 17:45:00,28.14,17:45:00
2026-06-19 18:00:00,29.12,18:00:00
2026-06-19 18:15:00,31.14,18:15:00
2026-06-19 18:30:00,32.37,18:30:00
2026-06-19 18:45:00,31.96,18:45:00
2026-06-19 19:00:00,31.29,19:00:00
2026-06-19 19:15:00,29.66,19:15:00
2026-06-19 19:30:00,27.76,19:30:00
2026-06-19 19:45:00,27.8,19:45:00
2026-06-19 20:00:00,28.59,20:00:00
2026-06-19 20:15:00,30.29,20:15:00
2026-06-19 20:30:00,30.29,20:30:00
2026-06-19 20:45:00,31.55,20:45:00
2026-06-19 21:00:00,31.44,21:00:00
2026-06-19 21:15:00,31.99,21:15:00
2026-06-19 21:30:00,31.84,21:30:00
2026-06-19 21:45:00,31.47,21:45:00
2026-06-19 22:00:00,30.86,22:00:00
2026-06-19 22:15:00,31.15,22:15:00
2026-06-19 22:30:00,30.49,22:30:00
2026-06-19 22:45:00,28.63,22:45:00
2026-06-19 23:00:00,28.13,23:00:00
2026-06-19 23:15:00,28.21,23:15:00
2026-06-19 23:30:00,27.76,23:30:00
2026-06-19 23:45:00,24.46,23:45:00
2026-06-20 00:00:00,19.56,00:00:00
2026-06-20 00:15:00,15.41,00:15:00
2026-06-20 00:30:00,13.44,00:30:00
2026-06-20 00:45:00,12.76,00:45:00
2026-06-20 01:00:00,11.83,01:00:00
2026-06-20 01:15:00,11.33,01:15:00
2026-06-20 01:30:00,10.82,01:30:00
2026-06-20 01:45:00,10.79,01:45:00
2026-06-20 02:00:00,10.82,02:00:00
2026-06-20 02:15:00,10.76,02:15:00
2026-06-20 02:30:00,10.77,02:30:00
2026-06-20 02:45:00,10.8,02:45:00
2026-06-20 03:00:00,10.76,03:00:00
2026-06-20 03:15:00,10.76,03:15:00
2026-06-20 03:30:00,10.75,03:30:00
2026-06-20 03:45:00,10.71,03:45:00
2026-06-20 04:00:00,10.63,04:00:00
2026-06-20 04:15:00,10.65,04:15:00
2026-06-20 04:30:00,10.61,04:30:00
2026-06-20 04:45:00,10.58,04:45:00
2026-06-20 05:00:00,10.01,05:00:00
2026-06-20 05:15:00,9.8,05:15:00
2026-06-20 05:30:00,9.77,05:30:00
2026-06-20 05:45:00,9.72,05:45:00
2026-06-20 06:00:00,9.72,06:00:00
2026-06-20 06:15:00,9.54,06:15:00
2026-06-20 06:30:00,9.37,06:30:00
2026-06-20 06:45:00,9.26,06:45:00
2026-06-20 07:00:00,9.22,07:00:00
2026-06-20 07:15:00,9.1,07:15:00
2026-06-20 07:30:00,9.15,07:30:00
2026-06-20 07:45:00,9.6,07:45:00
2026-06-20 08:00:00,9.98,08:00:00
2026-06-20 08:15:00,10.17,08:15:00
2026-06-20 08:30:00,10.24,08:30:00
2026-06-20 08:45:00,9.63,08:45:00
2026-06-20 09:00:00,9.53,09:00:00
2026-06-20 09:15:00,9.54,09:15:00
2026-06-20 09:30:00,9.77,09:30:00
2026-06-20 09:45:00,11.86,09:45:00
2026-06-20 10:00:00,12.56,10:00:00
2026-06-20 10:15:00,12.54,10:15:00
2026-06-20 10:30:00,12.51,10:30:00
2026-06-20 10:45:00,12.62,10:45:00
2026-06-20 11:00:00,12.59,11:00:00
2026-06-20 11:15:00,12.54,11:15:00
2026-06-20 11:30:00,12.11,11:30:00
2026-06-20 11:45:00,11.63,11:45:00
2026-06-20 12:00:00,11.74,12:00:00
2026-06-20 12:15:00,11.39,12:15:00
2026-06-20 12:30:00,11.55,12:30:00
2026-06-20 12:45:00,11.48,12:45:00
2026-06-20 13:00:00,10.03,13:00:00
2026-06-20 13:15:00,9.26,13:15:00
2026-06-20 13:30:00,9.26,13:30:00
2026-06-20 13:45:00,9.25,13:45:00
2026-06-20 14:00:00,9.53,14:00:00
2026-06-20 14:15:00,9.4,14:15:00
2026-06-20 14:30:00,9.56,14:30:00
2026-06-20 14:45:00,9.77,14:45:00
2026-06-20 15:00:00,9.88,15:00:00
2026-06-20 15:15:00,9.75,15:15:00
2026-06-20 15:30:00,9.74,15:30:00
2026-06-20 15:45:00,9.92,15:45:00
2026-06-20 16:00:00,9.87,16:00:00
2026-06-20 16:15:00,9.89,16:15:00
2026-06-20 16:30:00,10.0,16:30:00
2026-06-20 16:45:00,10.31,16:45:00
2026-06-20 17:00:00,10.59,17:00:00
2026-06-20 17:15:00,11.85,17:15:00
2026-06-20 17:30:00,13.92,17:30:00
2026-06-20 17:45:00,16.4,17:45:00
2026-06-20 18:00:00,18.79,18:00:00
2026-06-20 18:15:00,20.88,18:15:00
2026-06-20 18:30:00,21.15,18:30:00
2026-06-20 18:45:00,21.28,18:45:00
2026-06-20 19:00:00,22.37,19:00:00
2026-06-20 19:15:00,21.71,19:15:00
2026-06-20 19:30:00,20.76,19:30:00
2026-06-20 19:45:00,20.91,19:45:00
2026-06-20 20:00:00,21.3,20:00:00
2026-06-20 20:15:00,22.22,20:15:00
2026-06-20 20:30:00,22.12,20:30:00
2026-06-20 20:45:00,24.21,20:45:00
2026-06-20 21:00:00,23.71,21:00:00
2026-06-20 21:15:00,23.65,21:15:00
2026-06-20 21:30:00,23.53,21:30:00
2026-06-20 21:45:00,24.24,21:45:00
2026-06-20 22:00:00,23.58,22:00:00
2026-06-20 22:15:00,22.35,22:15:00
2026-06-20 22:30:00,21.29,22:30:00
2026-06-20 22:45:00,20.91,22:45:00
2026-06-20 23:00:00,21.54,23:00:00
2026-06-20 23:15:00,21.74,23:15:00
2026-06-20 23:30:00,21.79,23:30:00
2026-06-20 23:45:00,21.57,23:45:00
2026-06-21 00:00:00,20.84,00:00:00
2026-06-21 00:15:00,16.41,00:15:00
2026-06-21 00:30:00,13.99,00:30:00
2026-06-21 00:45:00,12.31,00:45:00
2026-06-21 01:00:00,11.52,01:00:00
2026-06-21 01:15:00,10.93,01:15:00
2026-06-21 01:30:00,10.91,01:30:00
2026-06-21 01:45:00,10.89,01:45:00
2026-06-21 02:00:00,10.95,02:00:00
2026-06-21 02:15:00,11.0,02:15:00
2026-06-21 02:30:00,10.9,02:30:00
2026-06-21 02:45:00,10.92,02:45:00
2026-06-21 03:00:00,10.97,03:00:00
2026-06-21 03:15:00,11.0,03:15:00
2026-06-21 03:30:00,10.99,03:30:00
2026-06-21 03:45:00,11.0,03:45:00
2026-06-21 04:00:00,10.85,04:00:00
2026-06-21 04:15:00,10.81,04:15:00
2026-06-21 04:30:00,10.72,04:30:00
2026-06-21 04:45:00,10.68,04:45:00
2026-06-21 05:00:00,10.72,05:00:00
2026-06-21 05:15:00,10.64,05:15:00
2026-06-21 05:30:00,10.52,05:30:00
2026-06-21 05:45:00,10.49,05:45:00
2026-06-21 06:00:00,10.47,06:00:00
2026-06-21 06:15:00,10.54,06:15:00
2026-06-21 06:30:00,10.59,06:30:00
2026-06-21 06:45:00,10.62,06:45:00
2026-06-21 07:00:00,10.76,07:00:00
2026-06-21 07:15:00,11.5,07:15:00
2026-06-21 07:30:00,11.36,07:30:00
2026-06-21 07:45:00,11.4,07:45:00
2026-06-21 08:00:00,11.13,08:00:00
2026-06-21 08:15:00,11.42,08:15:00
2026-06-21 08:30:00,11.82,08:30:00
2026-06-21 08:45:00,11.62,08:45:00
2026-06-21 09:00:00,11.44,09:00:00
2026-06-21 09:15:00,11.58,09:15:00
2026-06-21 09:30:00,11.56,09:30:00
2026-06-21 09:45:00,12.58,09:45:00
2026-06-21 10:00:00,11.81,10:00:00
2026-06-21 10:15:00,13.22,10:15:00
2026-06-21 10:30:00,14.18,10:30:00
2026-06-21 10:45:00,13.82,10:45:00
2026-06-21 11:00:00,13.24,11:00:00
2026-06-21 11:15:00,13.14,11:15:00
2026-06-21 11:30:00,12.83,11:30:00
2026-06-21 11:45:00,12.98,11:45:00
2026-06-21 12:00:00,13.05,12:00:00
2026-06-21 12:15:00,12.95,12:15:00
2026-06-21 12:30:00,11.35,12:30:00
2026-06-21 12:45:00,9.76,12:45:00
2026-06-21 13:00:00,10.01,13:00:00
2026-06-21 13:15:00,9.82,13:15:00
2026-06-21 13:30:00,9.74,13:30:00
2026-06-21 13:45:00,10.16,13:45:00
2026-06-21 14:00:00,10.34,14:00:00
2026-06-21 14:15:00,10.1,14:15:00
2026-06-21 14:30:00,10.12,14:30:00
2026-06-21 14:45:00,10.01,14:45:00
2026-06-21 15:00:00,10.02,15:00:00
2026-06-21 15:15:00,9.65,15:15:00
2026-06-21 15:30:00,9.55,15:30:00
2026-06-21 15:45:00,10.02,15:45:00
2026-06-21 16:00:00,10.22,16:00:00
2026-06-21 16:15:00,10.28,16:15:00
2026-06-21 16:30:00,13.87,16:30:00
2026-06-21 16:45:00,17.76,16:45:00
2026-06-21 17:00:00,21.17,17:00:00
2026-06-21 17:15:00,24.03,17:15:00
2026-06-21 17:30:00,28.77,17:30:00
2026-06-21 17:45:00,30.96,17:45:00
2026-06-21 18:00:00,34.3,18:00:00
2026-06-21 18:15:00,35.49,18:15:00
2026-06-21 18:30:00,34.96,18:30:00
2026-06-21 18:45:00,36.56,18:45:00
2026-06-21 19:00:00,37.9,19:00:00
2026-06-21 19:15:00,37.34,19:15:00
2026-06-21 19:30:00,34.61,19:30:00
2026-06-21 19:45:00,34.98,19:45:00
2026-06-21 20:00:00,33.85,20:00:00
2026-06-21 20:15:00,33.56,20:15:00
2026-06-21 20:30:00,33.19,20:30:00
2026-06-21 20:45:00,33.94,20:45:00
2026-06-21 21:00:00,33.4,21:00:00
2026-06-21 21:15:00,33.59,21:15:00
2026-06-21 21:30:00,33.71,21:30:00
2026-06-21 21:45:00,33.62,21:45:00
2026-06-21 22:00:00,32.48,22:00:00
2026-06-21 22:15:00,30.48,22:15:00
2026-06-21 22:30:00,23.92,22:30:00
2026-06-21 22:45:00,21.26,22:45:00
2026-06-21 23:00:00,20.82,23:00:00
2026-06-21 23:15:00,21.13,23:15:00
2026-06-21 23:30:00,20.4,23:30:00
2026-06-21 23:45:00,19.85,23:45:00
2026-06-22 00:00:00,19.3,00:00:00
2026-06-22 00:15:00,18.53,00:15:00
2026-06-22 00:30:00,18.05,00:30:00
2026-06-22 00:45:00,18.01,00:45:00
2026-06-22 01:00:00,18.48,01:00:00
2026-06-22 01:15:00,18.89,01:15:00
2026-06-22 01:30:00,19.16,01:30:00
2026-06-22 01:45:00,19.33,01:45:00
2026-06-22 02:00:00,19.24,02:00:00
2026-06-22 02:15:00,19.27,02:15:00
2026-06-22 02:30:00,19.22,02:30:00
2026-06-22 02:45:00,18.65,02:45:00
2026-06-22 03:00:00,19.04,03:00:00
2026-06-22 03:15:00,20.45,03:15:00
2026-06-22 03:30:00,21.37,03:30:00
2026-06-22 03:45:00,21.3,03:45:00
2026-06-22 04:00:00,21.24,04:00:00
2026-06-22 04:15:00,21.24,04:15:00
2026-06-22 04:30:00,20.84,04:30:00
2026-06-22 04:45:00,20.83,04:45:00
2026-06-22 05:00:00,20.62,05:00:00
2026-06-22 05:15:00,21.13,05:15:00
2026-06-22 05:30:00,21.08,05:30:00
2026-06-22 05:45:00,21.38,05:45:00
2026-06-22 06:00:00,20.33,06:00:00
2026-06-22 06:15:00,20.75,06:15:00
2026-06-22 06:30:00,19.8,06:30:00
2026-06-22 06:45:00,19.24,06:45:00
2026-06-22 07:00:00,17.84,07:00:00
2026-06-22 07:15:00,17.63,07:15:00
2026-06-22 07:30:00,16.97,07:30:00
2026-06-22 07:45:00,16.13,07:45:00
2026-06-22 08:00:00,14.95,08:00:00
2026-06-22 08:15:00,13.83,08:15:00
2026-06-22 08:30:00,12.84,08:30:00
2026-06-22 08:45:00,11.76,08:45:00
2026-06-22 09:00:00,11.05,09:00:00
2026-06-22 09:15:00,10.9,09:15:00
2026-06-22 09:30:00,10.81,09:30:00
2026-06-22 09:45:00,10.65,09:45:00
2026-06-22 10:00:00,10.53,10:00:00
2026-06-22 10:15:00,10.26,10:15:00
2026-06-22 10:30:00,10.4,10:30:00
2026-06-22 10:45:00,10.38,10:45:00
2026-06-22 11:00:00,10.44,11:00:00
2026-06-22 11:15:00,10.48,11:15:00
2026-06-22 11:30:00,10.17,11:30:00
2026-06-22 11:45:00,10.15,11:45:00
2026-06-22 12:00:00,10.26,12:00:00
2026-06-22 12:15:00,10.74,12:15:00
2026-06-22 12:30:00,10.84,12:30:00
2026-06-22 12:45:00,11.15,12:45:00
2026-06-22 13:00:00,10.91,13:00:00
2026-06-22 13:15:00,11.25,13:15:00
2026-06-22 13:30:00,12.05,13:30:00
2026-06-22 13:45:00,12.44,13:45:00
2026-06-22 14:00:00,13.54,14:00:00
2026-06-22 14:15:00,15.08,14:15:00
2026-06-22 14:30:00,16.49,14:30:00
2026-06-22 14:45:00,18.27,14:45:00
2026-06-22 15:00:00,19.32,15:00:00
2026-06-22 15:15:00,20.85,15:15:00
2026-06-22 15:30:00,22.14,15:30:00
2026-06-22 15:45:00,23.6,15:45:00
2026-06-22 16:00:00,27.33,16:00:00
2026-06-22 16:15:00,31.81,16:15:00
2026-06-22 16:30:00,32.6,16:30:00
2026-06-22 16:45:00,33.23,16:45:00
2026-06-22 17:00:00,33.47,17:00:00
2026-06-22 17:15:00,35.66,17:15:00
2026-06-22 17:30:00,36.78,17:30:00
2026-06-22 17:45:00,38.97,17:45:00
2026-06-22 18:00:00,43.36,18:00:00
2026-06-22 18:15:00,44.5,18:15:00
2026-06-22 18:30:00,45.12,18:30:00
2026-06-22 18:45:00,44.77,18:45:00
2026-06-22 19:00:00,43.48,19:00:00
2026-06-22 19:15:00,43.27,19:15:00
2026-06-22 19:30:00,43.79,19:30:00
2026-06-22 19:45:00,43.51,19:45:00
2026-06-22 20:00:00,43.76,20:00:00
2026-06-22 20:15:00,43.01,20:15:00
2026-06-22 20:30:00,41.62,20:30:00
2026-06-22 20:45:00,42.07,20:45:00
2026-06-22 21:00:00,43.04,21:00:00
2026-06-22 21:15:00,42.84,21:15:00
2026-06-22 21:30:00,42.4,21:30:00
2026-06-22 21:45:00,41.82,21:45:00
2026-06-22 22:00:00,42.49,22:00:00
2026-06-22 22:15:00,44.15,22:15:00
2026-06-22 22:30:00,43.42,22:30:00
2026-06-22 22:45:00,42.34,22:45:00
2026-06-22 23:00:00,41.33,23:00:00
2026-06-22 23:15:00,42.91,23:15:00
2026-06-22 23:30:00,40.34,23:30:00
2026-06-22 23:45:00,40.2,23:45:00
2026-06-23 00:00:00,40.5,00:00:00
2026-06-23 00:15:00,40.74,00:15:00
2026-06-23 00:30:00,39.94,00:30:00
2026-06-23 00:45:00,38.14,00:45:00
2026-06-23 01:00:00,37.77,01:00:00
2026-06-23 01:15:00,37.08,01:15:00
2026-06-23 01:30:00,35.66,01:30:00
2026-06-23 01:45:00,36.42,01:45:00
2026-06-23 02:00:00,35.95,02:00:00
2026-06-23 02:15:00,35.34,02:15:00
2026-06-23 02:30:00,35.34,02:30:00
2026-06-23 02:45:00,35.74,02:45:00
2026-06-23 03:00:00,36.29,03:00:00
2026-06-23 03:15:00,36.26,03:15:00
2026-06-23 03:30:00,36.35,03:30:00
2026-06-23 03:45:00,37.07,03:45:00
2026-06-23 04:00:00,37.07,04:00:00
2026-06-23 04:15:00,38.44,04:15:00
2026-06-23 04:30:00,39.15,04:30:00
2026-06-23 04:45:00,39.27,04:45:00
2026-06-23 05:00:00,40.09,05:00:00
2026-06-23 05:15:00,40.84,05:15:00
2026-06-23 05:30:00,40.42,05:30:00
2026-06-23 05:45:00,39.54,05:45:00
2026-06-23 06:00:00,37.69,06:00:00
2026-06-23 06:15:00,35.63,06:15:00
2026-06-23 06:30:00,34.94,06:30:00
2026-06-23 06:45:00,33.52,06:45:00
2026-06-23 07:00:00,32.32,07:00:00
2026-06-23 07:15:00,30.68,07:15:00
2026-06-23 07:30:00,27.6,07:30:00
2026-06-23 07:45:00,23.5,07:45:00
2026-06-23 08:00:00,21.07,08:00:00
2026-06-23 08:15:00,19.44,08:15:00
2026-06-23 08:30:00,18.26,08:30:00
2026-06-23 08:45:00,19.07,08:45:00
2026-06-23 09:00:00,17.84,09:00:00
2026-06-23 09:15:00,17.71,09:15:00
2026-06-23 09:30:00,17.21,09:30:00
2026-06-23 09:45:00,16.81,09:45:00
2026-06-23 10:00:00,16.91,10:00:00
2026-06-23 10:15:00,17.38,10:15:00
2026-06-23 10:30:00,17.7,10:30:00
2026-06-23 10:45:00,18.49,10:45:00
2026-06-23 11:00:00,18.27,11:00:00
2026-06-23 11:15:00,18.93,11:15:00
2026-06-23 11:30:00,19.24,11:30:00
2026-06-23 11:45:00,20.13,11:45:00
2026-06-23 12:00:00,20.65,12:00:00
2026-06-23 12:15:00,20.54,12:15:00
2026-06-23 12:30:00,20.31,12:30:00
2026-06-23 12:45:00,20.14,12:45:00
2026-06-23 13:00:00,21.07,13:00:00
2026-06-23 13:15:00,20.88,13:15:00
2026-06-23 13:30:00,20.43,13:30:00
2026-06-23 13:45:00,21.03,13:45:00
2026-06-23 14:00:00,20.49,14:00:00
2026-06-23 14:15:00,21.1,14:15:00
2026-06-23 14:30:00,21.9,14:30:00
2026-06-23 14:45:00,24.46,14:45:00
2026-06-23 15:00:00,26.06,15:00:00
2026-06-23 15:15:00,28.81,15:15:00
2026-06-23 15:30:00,31.22,15:30:00
2026-06-23 15:45:00,33.91,15:45:00
2026-06-23 16:00:00,33.57,16:00:00
2026-06-23 16:15:00,34.33,16:15:00
2026-06-23 16:30:00,35.71,16:30:00
2026-06-23 16:45:00,38.13,16:45:00
2026-06-23 17:00:00,45.19,17:00:00
2026-06-23 17:15:00,48.08,17:15:00
2026-06-23 17:30:00,50.09,17:30:00
2026-06-23 17:45:00,51.37,17:45:00
2026-06-23 18:00:00,54.93,18:00:00
2026-06-23 18:15:00,55.35,18:15:00
2026-06-23 18:30:00,56.91,18:30:00
2026-06-23 18:45:00,58.16,18:45:00
2026-06-23 19:00:00,53.69,19:00:00
2026-06-23 19:15:00,53.91,19:15:00
2026-06-23 19:30:00,53.87,19:30:00
2026-06-23 19:45:00,53.82,19:45:00
2026-06-23 20:00:00,53.89,20:00:00
2026-06-23 20:15:00,53.92,20:15:00
2026-06-23 20:30:00,53.27,20:30:00
2026-06-23 20:45:00,52.78,20:45:00
2026-06-23 21:00:00,53.03,21:00:00
2026-06-23 21:15:00,52.39,21:15:00
2026-06-23 21:30:00,50.91,21:30:00
2026-06-23 21:45:00,51.04,21:45:00
2026-06-23 22:00:00,52.02,22:00:00
2026-06-23 22:15:00,52.67,22:15:00
2026-06-23 22:30:00,52.59,22:30:00
2026-06-23 22:45:00,52.51,22:45:00
2026-06-23 23:00:00,52.81,23:00:00
2026-06-23 23:15:00,53.23,23:15:00
2026-06-23 23:30:00,53.32,23:30:00
2026-06-23 23:45:00,51.77,23:45:00
2026-06-24 00:00:00,52.77,00:00:00
2026-06-24 00:15:00,51.71,00:15:00
2026-06-24 00:30:00,50.91,00:30:00
2026-06-24 00:45:00,50.95,00:45:00
2026-06-24 01:00:00,51.0,01:00:00
2026-06-24 01:15:00,51.47,01:15:00
2026-06-24 01:30:00,50.77,01:30:00
2026-06-24 01:45:00,49.58,01:45:00
2026-06-24 02:00:00,48.51,02:00:00
2026-06-24 02:15:00,47.95,02:15:00
2026-06-24 02:30:00,48.01,02:30:00
2026-06-24 02:45:00,47.81,02:45:00
2026-06-24 03:00:00,47.42,03:00:00
2026-06-24 03:15:00,48.31,03:15:00
2026-06-24 03:30:00,48.33,03:30:00
2026-06-24 03:45:00,48.25,03:45:00
2026-06-24 04:00:00,47.27,04:00:00
2026-06-24 04:15:00,46.39,04:15:00
2026-06-24 04:30:00,46.89,04:30:00
2026-06-24 04:45:00,46.2,04:45:00
2026-06-24 05:00:00,45.54,05:00:00
2026-06-24 05:15:00,44.64,05:15:00
2026-06-24 05:30:00,43.31,05:30:00
2026-06-24 05:45:00,42.99,05:45:00
2026-06-24 06:00:00,41.28,06:00:00
2026-06-24 06:15:00,39.63,06:15:00
2026-06-24 06:30:00,38.45,06:30:00
2026-06-24 06:45:00,36.19,06:45:00
2026-06-24 07:00:00,34.4,07:00:00
2026-06-24 07:15:00,31.98,07:15:00
2026-06-24 07:30:00,30.11,07:30:00
2026-06-24 07:45:00,28.87,07:45:00
2026-06-24 08:00:00,27.38,08:00:00
2026-06-24 08:15:00,25.12,08:15:00
2026-06-24 08:30:00,21.25,08:30:00
2026-06-24 08:45:00,20.68,08:45:00
2026-06-24 09:00:00,21.66,09:00:00
2026-06-24 09:15:00,19.88,09:15:00
2026-06-24 09:30:00,18.92,09:30:00
2026-06-24 09:45:00,19.13,09:45:00
2026-06-24 10:00:00,19.22,10:00:00
2026-06-24 10:15:00,19.54,10:15:00
2026-06-24 10:30:00,19.2,10:30:00
2026-06-24 10:45:00,18.44,10:45:00
2026-06-24 11:00:00,17.66,11:00:00
2026-06-24 11:15:00,17.24,11:15:00
2026-06-24 11:30:00,17.17,11:30:00
2026-06-24 11:45:00,16.6,11:45:00
2026-06-24 12:00:00,17.01,12:00:00
2026-06-24 12:15:00,16.81,12:15:00
2026-06-24 12:30:00,17.24,12:30:00
2026-06-24 12:45:00,16.82,12:45:00
2026-06-24 13:00:00,17.25,13:00:00
2026-06-24 13:15:00,17.27,13:15:00
2026-06-24 13:30:00,17.84,13:30:00
2026-06-24 13:45:00,19.22,13:45:00
2026-06-24 14:00:00,19.26,14:00:00
2026-06-24 14:15:00,18.89,14:15:00
2026-06-24 14:30:00,20.85,14:30:00
2026-06-24 14:45:00,24.15,14:45:00
2026-06-24 15:00:00,25.1,15:00:00
2026-06-24 15:15:00,26.47,15:15:00
2026-06-24 15:30:00,28.48,15:30:00
2026-06-24 15:45:00,29.23,15:45:00
2026-06-24 16:00:00,29.0,16:00:00
2026-06-24 16:15:00,30.16,16:15:00
2026-06-24 16:30:00,35.32,16:30:00
2026-06-24 16:45:00,38.61,16:45:00
2026-06-24 17:00:00,40.87,17:00:00
2026-06-24 17:15:00,41.8,17:15:00
2026-06-24 17:30:00,42.97,17:30:00
2026-06-24 17:45:00,44.1,17:45:00
2026-06-24 18:00:00,44.76,18:00:00
2026-06-24 18:15:00,45.74,18:15:00
2026-06-24 18:30:00,46.07,18:30:00
2026-06-24 18:45:00,46.67,18:45:00
2026-06-24 19:00:00,47.9,19:00:00
2026-06-24 19:15:00,48.31,19:15:00
2026-06-24 19:30:00,48.2,19:30:00
2026-06-24 19:45:00,48.05,19:45:00
2026-06-24 20:00:00,48.37,20:00:00
2026-06-24 20:15:00,48.03,20:15:00
2026-06-24 20:30:00,47.53,20:30:00
2026-06-24 20:45:00,46.67,20:45:00
2026-06-24 21:00:00,47.04,21:00:00
2026-06-24 21:15:00,47.18,21:15:00
2026-06-24 21:30:00,47.02,21:30:00
2026-06-24 21:45:00,46.2,21:45:00
2026-06-24 22:00:00,47.43,22:00:00
2026-06-24 22:15:00,48.3,22:15:00
2026-06-24 22:30:00,48.42,22:30:00
2026-06-24 22:45:00,48.37,22:45:00
2026-06-24 23:00:00,48.34,23:00:00
2026-06-24 23:15:00,48.58,23:15:00
2026-06-24 23:30:00,48.83,23:30:00
2026-06-24 23:45:00,48.68,23:45:00
2026-06-25 00:00:00,48.09,00:00:00
2026-06-25 00:15:00,47.01,00:15:00
2026-06-25 00:30:00,43.96,00:30:00
2026-06-25 00:45:00,43.2,00:45:00
2026-06-25 01:00:00,42.89,01:00:00
2026-06-25 01:15:00,42.67,01:15:00
2026-06-25 01:30:00,43.08,01:30:00
2026-06-25 01:45:00,43.63,01:45:00
2026-06-25 02:00:00,43.32,02:00:00
2026-06-25 02:15:00,42.88,02:15:00
2026-06-25 02:30:00,42.42,02:30:00
2026-06-25 02:45:00,41.92,02:45:00
2026-06-25 03:00:00,42.25,03:00:00
2026-06-25 03:15:00,42.81,03:15:00
2026-06-25 03:30:00,42.12,03:30:00
2026-06-25 03:45:00,42.56,03:45:00
2026-06-25 04:00:00,41.65,04:00:00
2026-06-25 04:15:00,42.41,04:15:00
2026-06-25 04:30:00,42.33,04:30:00
2026-06-25 04:45:00,42.78,04:45:00
2026-06-25 05:00:00,43.31,05:00:00
2026-06-25 05:15:00,43.33,05:15:00
2026-06-25 05:30:00,43.16,05:30:00
2026-06-25 05:45:00,42.6,05:45:00
2026-06-25 06:00:00,41.92,06:00:00
2026-06-25 06:15:00,41.93,06:15:00
2026-06-25 06:30:00,40.77,06:30:00
2026-06-25 06:45:00,38.94,06:45:00
2026-06-25 07:00:00,36.84,07:00:00
2026-06-25 07:15:00,34.62,07:15:00
2026-06-25 07:30:00,31.85,07:30:00
2026-06-25 07:45:00,30.87,07:45:00
2026-06-25 08:00:00,29.57,08:00:00
2026-06-25 08:15:00,28.47,08:15:00
2026-06-25 08:30:00,25.23,08:30:00
2026-06-25 08:45:00,23.46,08:45:00
2026-06-25 09:00:00,23.13,09:00:00
2026-06-25 09:15:00,20.57,09:15:00
2026-06-25 09:30:00,19.56,09:30:00
2026-06-25 09:45:00,18.95,09:45:00
2026-06-25 10:00:00,18.62,10:00:00
2026-06-25 10:15:00,17.21,10:15:00
2026-06-25 10:30:00,17.58,10:30:00
2026-06-25 10:45:00,17.56,10:45:00
2026-06-25 11:00:00,17.87,11:00:00
2026-06-25 11:15:00,17.16,11:15:00
2026-06-25 11:30:00,17.45,11:30:00
2026-06-25 11:45:00,17.61,11:45:00
2026-06-25 12:00:00,17.52,12:00:00
2026-06-25 12:15:00,17.36,12:15:00
2026-06-25 12:30:00,17.03,12:30:00
2026-06-25 12:45:00,17.45,12:45:00
2026-06-25 13:00:00,17.66,13:00:00
2026-06-25 13:15:00,17.84,13:15:00
2026-06-25 13:30:00,18.01,13:30:00
2026-06-25 13:45:00,17.91,13:45:00
2026-06-25 14:00:00,18.51,14:00:00
2026-06-25 14:15:00,18.55,14:15:00
2026-06-25 14:30:00,19.16,14:30:00
2026-06-25 14:45:00,19.8,14:45:00
2026-06-25 15:00:00,20.2,15:00:00
2026-06-25 15:15:00,21.41,15:15:00
2026-06-25 15:30:00,22.89,15:30:00
2026-06-25 15:45:00,25.08,15:45:00
2026-06-25 16:00:00,26.15,16:00:00
2026-06-25 16:15:00,27.13,16:15:00
2026-06-25 16:30:00,29.73,16:30:00
2026-06-25 16:45:00,31.48,16:45:00
2026-06-25 17:00:00,33.23,17:00:00
2026-06-25 17:15:00,35.04,17:15:00
2026-06-25 17:30:00,36.29,17:30:00
2026-06-25 17:45:00,37.23,17:45:00
2026-06-25 18:00:00,36.98,18:00:00
2026-06-25 18:15:00,39.22,18:15:00
2026-06-25 18:30:00,41.17,18:30:00
2026-06-25 18:45:00,41.63,18:45:00
2026-06-25 19:00:00,41.73,19:00:00
2026-06-25 19:15:00,41.37,19:15:00
2026-06-25 19:30:00,40.99,19:30:00
2026-06-25 19:45:00,42.52,19:45:00
2026-06-25 20:00:00,43.5,20:00:00
2026-06-25 20:15:00,43.38,20:15:00
2026-06-25 20:30:00,41.86,20:30:00
2026-06-25 20:45:00,40.68,20:45:00
2026-06-25 21:00:00,42.34,21:00:00
2026-06-25 21:15:00,43.88,21:15:00
2026-06-25 21:30:00,42.43,21:30:00
2026-06-25 21:45:00,41.74,21:45:00
2026-06-25 22:00:00,44.6,22:00:00
2026-06-25 22:15:00,43.67,22:15:00
2026-06-25 22:30:00,40.63,22:30:00
2026-06-25 22:45:00,38.94,22:45:00
2026-06-25 23:00:00,38.66,23:00:00
2026-06-25 23:15:00,39.47,23:15:00
2026-06-25 23:30:00,38.77,23:30:00
2026-06-25 23:45:00,37.58,23:45:00
2026-06-26 00:00:00,37.01,00:00:00
2026-06-26 00:15:00,37.87,00:15:00
2026-06-26 00:30:00,39.43,00:30:00
2026-06-26 00:45:00,40.02,00:45:00
2026-06-26 01:00:00,38.12,01:00:00
2026-06-26 01:15:00,38.23,01:15:00
2026-06-26 01:30:00,38.28,01:30:00
2026-06-26 01:45:00,38.08,01:45:00
2026-06-26 02:00:00,36.95,02:00:00
2026-06-26 02:15:00,37.33,02:15:00
2026-06-26 02:30:00,35.9,02:30:00
2026-06-26 02:45:00,35.18,02:45:00
2026-06-26 03:00:00,36.67,03:00:00
2026-06-26 03:15:00,37.22,03:15:00
2026-06-26 03:30:00,37.7,03:30:00
2026-06-26 03:45:00,37.76,03:45:00
2026-06-26 04:00:00,37.51,04:00:00
2026-06-26 04:15:00,37.44,04:15:00
2026-06-26 04:30:00,38.16,04:30:00
2026-06-26 04:45:00,38.75,04:45:00
2026-06-26 05:00:00,38.15,05:00:00
2026-06-26 05:15:00,38.99,05:15:00
2026-06-26 05:30:00,39.31,05:30:00
2026-06-26 05:45:00,37.69,05:45:00
2026-06-26 06:00:00,35.39,06:00:00
2026-06-26 06:15:00,35.08,06:15:00
2026-06-26 06:30:00,32.63,06:30:00
2026-06-26 06:45:00,31.42,06:45:00
2026-06-26 07:00:00,29.73,07:00:00
2026-06-26 07:15:00,26.88,07:15:00
2026-06-26 07:30:00,25.98,07:30:00
2026-06-26 07:45:00,25.84,07:45:00
2026-06-26 08:00:00,24.07,08:00:00
2026-06-26 08:15:00,21.9,08:15:00
2026-06-26 08:30:00,20.24,08:30:00
2026-06-26 08:45:00,18.28,08:45:00
2026-06-26 09:00:00,16.58,09:00:00
2026-06-26 09:15:00,15.02,09:15:00
2026-06-26 09:30:00,14.12,09:30:00
2026-06-26 09:45:00,12.36,09:45:00
2026-06-26 10:00:00,12.06,10:00:00
2026-06-26 10:15:00,11.76,10:15:00
2026-06-26 10:30:00,11.92,10:30:00
2026-06-26 10:45:00,11.71,10:45:00
2026-06-26 11:00:00,11.7,11:00:00
2026-06-26 11:15:00,11.37,11:15:00
2026-06-26 11:30:00,11.43,11:30:00
2026-06-26 11:45:00,11.89,11:45:00
2026-06-26 12:00:00,12.24,12:00:00
2026-06-26 12:15:00,12.47,12:15:00
2026-06-26 12:30:00,13.04,12:30:00
2026-06-26 12:45:00,13.35,12:45:00
2026-06-26 13:00:00,12.38,13:00:00
2026-06-26 13:15:00,12.04,13:15:00
2026-06-26 13:30:00,11.98,13:30:00
2026-06-26 13:45:00,12.95,13:45:00
2026-06-26 14:00:00,12.79,14:00:00
2026-06-26 14:15:00,12.82,14:15:00
2026-06-26 14:30:00,13.69,14:30:00
2026-06-26 14:45:00,15.22,14:45:00
2026-06-26 15:00:00,17.25,15:00:00
2026-06-26 15:15:00,20.61,15:15:00
2026-06-26 15:30:00,25.65,15:30:00
2026-06-26 15:45:00,29.2,15:45:00
2026-06-26 16:00:00,30.2,16:00:00
2026-06-26 16:15:00,31.32,16:15:00
2026-06-26 16:30:00,33.92,16:30:00
2026-06-26 16:45:00,36.03,16:45:00
2026-06-26 17:00:00,37.58,17:00:00
2026-06-26 17:15:00,39.35,17:15:00
2026-06-26 17:30:00,41.05,17:30:00
2026-06-26 17:45:00,42.12,17:45:00
2026-06-26 18:00:00,45.43,18:00:00
2026-06-26 18:15:00,47.61,18:15:00
2026-06-26 18:30:00,48.58,18:30:00
2026-06-26 18:45:00,50.18,18:45:00
2026-06-26 19:00:00,51.35,19:00:00
2026-06-26 19:15:00,51.81,19:15:00
2026-06-26 19:30:00,51.65,19:30:00
2026-06-26 19:45:00,51.74,19:45:00
2026-06-26 20:00:00,50.74,20:00:00
2026-06-26 20:15:00,51.08,20:15:00
2026-06-26 20:30:00,50.28,20:30:00
2026-06-26 20:45:00,49.98,20:45:00
2026-06-26 21:00:00,50.22,21:00:00
2026-06-26 21:15:00,49.39,21:15:00
2026-06-26 21:30:00,49.41,21:30:00
2026-06-26 21:45:00,50.06,21:45:00
2026-06-26 22:00:00,50.86,22:00:00
2026-06-26 22:15:00,51.49,22:15:00
2026-06-26 22:30:00,51.08,22:30:00
2026-06-26 22:45:00,49.66,22:45:00
2026-06-26 23:00:00,48.38,23:00:00
2026-06-26 23:15:00,51.65,23:15:00
2026-06-26 23:30:00,49.97,23:30:00
2026-06-26 23:45:00,50.33,23:45:00
2026-06-27 00:00:00,48.94,00:00:00
2026-06-27 00:15:00,47.34,00:15:00
2026-06-27 00:30:00,45.53,00:30:00
2026-06-27 00:45:00,46.01,00:45:00
2026-06-27 01:00:00,45.93,01:00:00
2026-06-27 01:15:00,45.62,01:15:00
2026-06-27 01:30:00,44.45,01:30:00
2026-06-27 01:45:00,43.48,01:45:00
2026-06-27 02:00:00,44.53,02:00:00
2026-06-27 02:15:00,44.69,02:15:00
2026-06-27 02:30:00,44.16,02:30:00
2026-06-27 02:45:00,43.34,02:45:00
2026-06-27 03:00:00,43.51,03:00:00
2026-06-27 03:15:00,43.27,03:15:00
2026-06-27 03:30:00,44.38,03:30:00
2026-06-27 03:45:00,44.11,03:45:00
2026-06-27 04:00:00,44.53,04:00:00
2026-06-27 04:15:00,43.98,04:15:00
2026-06-27 04:30:00,41.93,04:30:00
2026-06-27 04:45:00,36.34,04:45:00
2026-06-27 05:00:00,31.52,05:00:00
2026-06-27 05:15:00,27.02,05:15:00
2026-06-27 05:30:00,22.71,05:30:00
2026-06-27 05:45:00,20.03,05:45:00
2026-06-27 06:00:00,19.46,06:00:00
2026-06-27 06:15:00,19.58,06:15:00
2026-06-27 06:30:00,20.71,06:30:00
2026-06-27 06:45:00,20.57,06:45:00
2026-06-27 07:00:00,19.06,07:00:00
2026-06-27 07:15:00,16.96,07:15:00
2026-06-27 07:30:00,14.19,07:30:00
2026-06-27 07:45:00,13.41,07:45:00
2026-06-27 08:00:00,13.13,08:00:00
2026-06-27 08:15:00,13.04,08:15:00
2026-06-27 08:30:00,12.92,08:30:00
2026-06-27 08:45:00,12.76,08:45:00
2026-06-27 09:00:00,12.81,09:00:00
2026-06-27 09:15:00,11.2,09:15:00
2026-06-27 09:30:00,10.94,09:30:00
2026-06-27 09:45:00,11.28,09:45:00
2026-06-27 10:00:00,10.94,10:00:00
2026-06-27 10:15:00,10.89,10:15:00
2026-06-27 10:30:00,10.85,10:30:00
2026-06-27 10:45:00,10.47,10:45:00
2026-06-27 11:00:00,10.51,11:00:00
2026-06-27 11:15:00,10.41,11:15:00
2026-06-27 11:30:00,10.04,11:30:00
2026-06-27 11:45:00,10.4,11:45:00
2026-06-27 12:00:00,10.36,12:00:00
2026-06-27 12:15:00,9.92,12:15:00
2026-06-27 12:30:00,10.06,12:30:00
2026-06-27 12:45:00,9.93,12:45:00
2026-06-27 13:00:00,9.86,13:00:00
2026-06-27 13:15:00,10.05,13:15:00
2026-06-27 13:30:00,10.28,13:30:00
2026-06-27 13:45:00,10.73,13:45:00
2026-06-27 14:00:00,12.04,14:00:00
2026-06-27 14:15:00,13.18,14:15:00
2026-06-27 14:30:00,15.98,14:30:00
2026-06-27 14:45:00,18.59,14:45:00
2026-06-27 15:00:00,21.31,15:00:00
2026-06-27 15:15:00,23.69,15:15:00
2026-06-27 15:30:00,24.8,15:30:00
2026-06-27 15:45:00,25.81,15:45:00
2026-06-27 16:00:00,28.36,16:00:00
2026-06-27 16:15:00,30.06,16:15:00
2026-06-27 16:30:00,31.98,16:30:00
2026-06-27 16:45:00,35.14,16:45:00
2026-06-27 17:00:00,36.34,17:00:00
2026-06-27 17:15:00,37.36,17:15:00
2026-06-27 17:30:00,40.3,17:30:00
2026-06-27 17:45:00,41.62,17:45:00
2026-06-27 18:00:00,41.18,18:00:00
2026-06-27 18:15:00,41.91,18:15:00
2026-06-27 18:30:00,45.15,18:30:00
2026-06-27 18:45:00,47.07,18:45:00
2026-06-27 19:00:00,47.64,19:00:00
2026-06-27 19:15:00,48.79,19:15:00
2026-06-27 19:30:00,51.57,19:30:00
2026-06-27 19:45:00,54.71,19:45:00
2026-06-27 20:00:00,56.59,20:00:00
2026-06-27 20:15:00,56.75,20:15:00
2026-06-27 20:30:00,56.55,20:30:00
2026-06-27 20:45:00,57.51,20:45:00
2026-06-27 21:00:00,59.34,21:00:00
2026-06-27 21:15:00,58.68,21:15:00
2026-06-27 21:30:00,56.54,21:30:00
2026-06-27 21:45:00,55.73,21:45:00
2026-06-27 22:00:00,58.71,22:00:00
2026-06-27 22:15:00,59.16,22:15:00
2026-06-27 22:30:00,57.91,22:30:00
2026-06-27 22:45:00,56.42,22:45:00
2026-06-27 23:00:00,56.48,23:00:00
2026-06-27 23:15:00,57.96,23:15:00
2026-06-27 23:30:00,56.35,23:30:00
2026-06-27 23:45:00,53.28,23:45:00
2026-06-28 00:15:00,47.85,00:15:00
2026-06-28 00:30:00,42.44,00:30:00
2026-06-28 00:45:00,42.23,00:45:00
2026-06-28 01:00:00,42.48,01:00:00
2026-06-28 01:15:00,44.38,01:15:00
2026-06-28 01:30:00,44.64,01:30:00
2026-06-28 01:45:00,44.12,01:45:00
2026-06-28 02:00:00,43.57,02:00:00
2026-06-28 02:15:00,44.17,02:15:00
2026-06-28 02:30:00,43.96,02:30:00
2026-06-28 02:45:00,42.98,02:45:00
2026-06-28 03:00:00,42.59,03:00:00
2026-06-28 03:30:00,36.55,03:30:00
2026-06-28 03:45:00,34.62,03:45:00
2026-06-28 04:00:00,32.02,04:00:00
2026-06-28 04:15:00,30.49,04:15:00
2026-06-28 04:30:00,29.31,04:30:00
2026-06-28 04:45:00,26.86,04:45:00
2026-06-28 05:00:00,23.67,05:00:00
2026-06-28 05:15:00,20.3,05:15:00
2026-06-28 05:30:00,18.92,05:30:00
2026-06-28 05:45:00,18.64,05:45:00
2026-06-28 06:00:00,18.79,06:00:00
2026-06-28 06:15:00,18.64,06:15:00
2026-06-28 06:30:00,19.09,06:30:00
2026-06-28 06:45:00,18.42,06:45:00
2026-06-28 07:00:00,18.28,07:00:00
2026-06-28 07:15:00,15.78,07:15:00
2026-06-28 07:30:00,13.04,07:30:00
2026-06-28 07:45:00,11.2,07:45:00
2026-06-28 08:00:00,11.3,08:00:00
2026-06-28 08:15:00,11.88,08:15:00
2026-06-28 08:30:00,12.78,08:30:00
2026-06-28 08:45:00,12.82,08:45:00
2026-06-28 09:00:00,13.34,09:00:00
2026-06-28 09:15:00,13.15,09:15:00
2026-06-28 09:30:00,13.5,09:30:00
2026-06-28 09:45:00,13.78,09:45:00
2026-06-28 10:00:00,13.69,10:00:00
2026-06-28 10:15:00,13.65,10:15:00
2026-06-28 10:30:00,13.82,10:30:00
2026-06-28 10:45:00,13.51,10:45:00
2026-06-28 11:00:00,12.28,11:00:00
2026-06-28 11:15:00,12.06,11:15:00
2026-06-28 11:30:00,11.86,11:30:00
2026-06-28 11:45:00,11.59,11:45:00
2026-06-28 12:00:00,11.54,12:00:00
2026-06-28 12:15:00,11.87,12:15:00
2026-06-28 12:30:00,11.92,12:30:00
2026-06-28 12:45:00,11.13,12:45:00
2026-06-28 13:00:00,10.38,13:00:00
2026-06-28 13:15:00,10.5,13:15:00
2026-06-28 13:30:00,10.61,13:30:00
2026-06-28 13:45:00,10.4,13:45:00
2026-06-28 14:00:00,10.32,14:00:00
2026-06-28 14:15:00,10.55,14:15:00
2026-06-28 14:30:00,10.31,14:30:00
2026-06-28 14:45:00,10.32,14:45:00
2026-06-28 15:00:00,11.39,15:00:00
2026-06-28 15:15:00,12.55,15:15:00
2026-06-28 15:30:00,13.06,15:30:00
2026-06-28 15:45:00,16.72,15:45:00
2026-06-28 16:00:00,25.69,16:00:00
2026-06-28 16:15:00,30.86,16:15:00
2026-06-28 16:30:00,34.54,16:30:00
2026-06-28 16:45:00,38.52,16:45:00
2026-06-28 17:00:00,39.46,17:00:00
2026-06-28 17:15:00,40.98,17:15:00
2026-06-28 17:30:00,42.99,17:30:00
2026-06-28 17:45:00,45.58,17:45:00
2026-06-28 18:00:00,47.81,18:00:00
2026-06-28 18:15:00,48.48,18:15:00
2026-06-28 18:30:00,50.07,18:30:00
2026-06-28 18:45:00,50.1,18:45:00
2026-06-28 19:00:00,50.38,19:00:00
2026-06-28 19:15:00,49.55,19:15:00
2026-06-28 19:30:00,49.75,19:30:00
2026-06-28 19:45:00,49.06,19:45:00
2026-06-29 00:00:00,35.35,00:00:00
2026-06-29 00:15:00,35.5,00:15:00
2026-06-29 00:30:00,35.02,00:30:00
2026-06-29 00:45:00,33.92,00:45:00
2026-06-29 01:00:00,35.18,01:00:00
2026-06-29 01:15:00,37.83,01:15:00
2026-06-29 01:30:00,38.27,01:30:00
2026-06-29 01:45:00,38.18,01:45:00
2026-06-29 02:00:00,37.1,02:00:00
2026-06-29 02:15:00,36.64,02:15:00
2026-06-29 02:30:00,37.24,02:30:00
2026-06-29 02:45:00,37.43,02:45:00
2026-06-29 03:00:00,37.15,03:00:00
2026-06-29 03:15:00,39.31,03:15:00
2026-06-29 03:30:00,39.85,03:30:00
2026-06-29 03:45:00,40.22,03:45:00
2026-06-29 04:00:00,42.14,04:00:00
2026-06-29 04:15:00,44.31,04:15:00
2026-06-29 04:30:00,47.08,04:30:00
2026-06-29 04:45:00,46.39,04:45:00
2026-06-29 05:00:00,45.47,05:00:00
2026-06-29 05:15:00,45.66,05:15:00
2026-06-29 05:30:00,43.79,05:30:00
2026-06-29 05:45:00,42.8,05:45:00
2026-06-29 06:00:00,42.62,06:00:00
2026-06-29 06:15:00,41.99,06:15:00
2026-06-29 06:30:00,41.45,06:30:00
2026-06-29 06:45:00,40.18,06:45:00
2026-06-29 07:00:00,37.58,07:00:00
2026-06-29 07:15:00,33.88,07:15:00
2026-06-29 07:30:00,32.44,07:30:00
2026-06-29 07:45:00,31.53,07:45:00
2026-06-29 08:00:00,29.76,08:00:00
2026-06-29 08:15:00,27.48,08:15:00
2026-06-29 08:30:00,26.57,08:30:00
2026-06-29 08:45:00,26.16,08:45:00
2026-06-29 09:00:00,24.63,09:00:00
2026-06-29 09:15:00,24.21,09:15:00
2026-06-29 09:30:00,23.93,09:30:00
2026-06-29 09:45:00,23.78,09:45:00
2026-06-29 10:00:00,22.88,10:00:00
2026-06-29 10:15:00,21.85,10:15:00
2026-06-29 10:30:00,21.43,10:30:00
2026-06-29 10:45:00,21.04,10:45:00
2026-06-29 11:00:00,20.22,11:00:00
2026-06-29 11:15:00,19.92,11:15:00
2026-06-29 11:30:00,19.57,11:30:00
2026-06-29 11:45:00,17.76,11:45:00
2026-06-29 12:00:00,18.21,12:00:00
2026-06-29 12:15:00,19.73,12:15:00
2026-06-29 12:30:00,20.5,12:30:00
2026-06-29 12:45:00,20.22,12:45:00
2026-06-29 13:00:00,21.63,13:00:00
2026-06-29 13:15:00,20.99,13:15:00
2026-06-29 13:30:00,20.46,13:30:00
2026-06-29 13:45:00,21.12,13:45:00
2026-06-29 14:00:00,22.07,14:00:00
2026-06-29 14:15:00,25.29,14:15:00
2026-06-29 14:30:00,26.1,14:30:00
2026-06-29 14:45:00,26.8,14:45:00
2026-06-29 15:00:00,25.81,15:00:00
2026-06-29 15:15:00,26.09,15:15:00
2026-06-29 15:30:00,28.38,15:30:00
2026-06-29 15:45:00,30.1,15:45:00
2026-06-29 16:00:00,31.03,16:00:00
2026-06-29 16:15:00,33.75,16:15:00
2026-06-29 16:30:00,36.33,16:30:00
2026-06-29 16:45:00,38.67,16:45:00
2026-06-29 17:00:00,38.84,17:00:00
2026-06-29 17:15:00,39.14,17:15:00
2026-06-29 17:30:00,39.85,17:30:00
2026-06-29 17:45:00,40.21,17:45:00
2026-06-29 18:00:00,40.08,18:00:00
2026-06-29 18:15:00,40.61,18:15:00
2026-06-29 18:30:00,41.29,18:30:00
2026-06-29 18:45:00,41.62,18:45:00
2026-06-29 19:00:00,41.5,19:00:00
2026-06-29 19:15:00,43.09,19:15:00
2026-06-29 19:30:00,43.06,19:30:00
2026-06-29 19:45:00,42.88,19:45:00
2026-06-29 20:00:00,44.3,20:00:00
2026-06-29 20:15:00,45.75,20:15:00
2026-06-29 20:30:00,45.35,20:30:00
2026-06-29 20:45:00,44.94,20:45:00
2026-06-29 21:00:00,45.14,21:00:00
2026-06-29 21:15:00,45.3,21:15:00
2026-06-29 21:30:00,46.43,21:30:00
2026-06-29 21:45:00,47.15,21:45:00
2026-06-29 22:00:00,47.72,22:00:00
2026-06-29 22:15:00,48.38,22:15:00
2026-06-29 22:30:00,45.11,22:30:00
2026-06-29 22:45:00,44.51,22:45:00
2026-06-29 23:00:00,46.32,23:00:00
2026-06-29 23:15:00,48.24,23:15:00
2026-06-29 23:30:00,47.89,23:30:00
2026-06-29 23:45:00,47.89,23:45:00
2026-06-30 00:00:00,47.15,00:00:00
2026-06-30 00:15:00,47.81,00:15:00
2026-06-30 00:30:00,48.05,00:30:00
2026-06-30 00:45:00,48.09,00:45:00
2026-06-30 01:00:00,48.4,01:00:00
2026-06-30 01:15:00,48.69,01:15:00
2026-06-30 01:30:00,48.4,01:30:00
2026-06-30 01:45:00,48.11,01:45:00
2026-06-30 02:00:00,48.48,02:00:00
2026-06-30 02:15:00,48.96,02:15:00
2026-06-30 02:30:00,48.77,02:30:00
2026-06-30 02:45:00,47.61,02:45:00
2026-06-30 03:00:00,45.39,03:00:00
2026-06-30 03:15:00,46.21,03:15:00
2026-06-30 03:30:00,46.67,03:30:00
2026-06-30 03:45:00,46.51,03:45:00
2026-06-30 04:00:00,45.22,04:00:00
2026-06-30 04:15:00,44.64,04:15:00
2026-06-30 04:30:00,43.69,04:30:00
2026-06-30 04:45:00,43.48,04:45:00
2026-06-30 05:00:00,42.97,05:00:00
2026-06-30 05:15:00,44.73,05:15:00
2026-06-30 05:30:00,43.98,05:30:00
2026-06-30 05:45:00,43.3,05:45:00
2026-06-30 06:00:00,42.39,06:00:00
2026-06-30 06:15:00,41.52,06:15:00
2026-06-30 06:30:00,38.91,06:30:00
2026-06-30 06:45:00,34.39,06:45:00
2026-06-30 07:00:00,32.7,07:00:00
2026-06-30 07:15:00,29.31,07:15:00
2026-06-30 07:30:00,26.99,07:30:00
2026-06-30 07:45:00,24.78,07:45:00
2026-06-30 08:00:00,23.93,08:00:00
2026-06-30 08:15:00,22.27,08:15:00
2026-06-30 08:30:00,21.65,08:30:00
2026-06-30 08:45:00,21.67,08:45:00
2026-06-30 09:00:00,22.35,09:00:00
2026-06-30 09:15:00,22.45,09:15:00
2026-06-30 09:30:00,23.24,09:30:00
2026-06-30 09:45:00,22.91,09:45:00
2026-06-30 10:00:00,22.71,10:00:00
2026-06-30 10:15:00,22.05,10:15:00
2026-06-30 10:30:00,22.36,10:30:00
2026-06-30 10:45:00,22.95,10:45:00
2026-06-30 11:00:00,23.47,11:00:00
2026-06-30 11:15:00,24.24,11:15:00
2026-06-30 11:30:00,24.43,11:30:00
2026-06-30 11:45:00,26.26,11:45:00
2026-06-30 12:00:00,26.34,12:00:00
2026-06-30 12:15:00,26.19,12:15:00
2026-06-30 12:30:00,26.63,12:30:00
2026-06-30 12:45:00,27.2,12:45:00
2026-06-30 13:00:00,26.65,13:00:00
2026-06-30 13:15:00,26.54,13:15:00
2026-06-30 13:30:00,26.3,13:30:00
2026-06-30 13:45:00,26.83,13:45:00
2026-06-30 14:00:00,27.4,14:00:00
2026-06-30 14:15:00,27.48,14:15:00
2026-06-30 14:30:00,28.62,14:30:00
2026-06-30 14:45:00,29.49,14:45:00
2026-06-30 15:00:00,28.98,15:00:00
2026-06-30 15:15:00,29.2,15:15:00
2026-06-30 15:30:00,30.22,15:30:00
2026-06-30 15:45:00,31.61,15:45:00
2026-06-30 16:00:00,32.78,16:00:00
2026-06-30 16:15:00,34.13,16:15:00
2026-06-30 16:30:00,36.17,16:30:00
2026-06-30 16:45:00,37.48,16:45:00
2026-06-30 17:00:00,38.35,17:00:00
2026-06-30 17:15:00,38.74,17:15:00
2026-06-30 17:30:00,39.18,17:30:00
2026-06-30 17:45:00,39.51,17:45:00
2026-06-30 18:00:00,39.9,18:00:00
2026-06-30 18:15:00,39.97,18:15:00
2026-06-30 18:30:00,40.5,18:30:00
2026-06-30 18:45:00,40.94,18:45:00
2026-06-30 19:00:00,41.1,19:00:00
2026-06-30 19:15:00,41.92,19:15:00
2026-06-30 19:30:00,41.89,19:30:00
2026-06-30 19:45:00,41.37,19:45:00
