datetime,footprint (gCO2/kWh),time
2026-01-01 00:00:00,157.22,00:00:00
2026-01-01 00:15:00,157.27,00:15:00
2026-01-01 00:30:00,151.79,00:30:00
2026-01-01 00:45:00,151.77,00:45:00
2026-01-01 01:00:00,159.05,01:00:00
2026-01-01 01:15:00,159.05,01:15:00
2026-01-01 01:30:00,159.24,01:30:00
2026-01-01 01:45:00,159.25,01:45:00
2026-01-01 02:00:00,128.53,02:00:00
2026-01-01 02:15:00,128.68,02:15:00
2026-01-01 02:30:00,119.7,02:30:00
2026-01-01 02:45:00,119.74,02:45:00
2026-01-01 03:00:00,106.81,03:00:00
2026-01-01 03:15:00,106.85,03:15:00
2026-01-01 03:30:00,101.64,03:30:00
2026-01-01 03:45:00,101.7,03:45:00
2026-01-01 04:00:00,105.97,04:00:00
2026-01-01 04:15:00,105.99,04:15:00
2026-01-01 04:30:00,107.5,04:30:00
2026-01-01 04:45:00,107.52,04:45:00
2026-01-01 05:00:00,113.33,05:00:00
2026-01-01 05:15:00,113.3,05:15:00
2026-01-01 05:30:00,111.8,05:30:00
2026-01-01 05:45:00,111.81,05:45:00
2026-01-01 06:00:00,117.45,06:00:00
2026-01-01 06:15:00,117.46,06:15:00
2026-01-01 06:30:00,114.15,06:30:00
2026-01-01 06:45:00,114.14,06:45:00
2026-01-01 07:00:00,114.36,07:00:00
2026-01-01 07:15:00,114.36,07:15:00
2026-01-01 07:30:00,116.35,07:30:00
2026-01-01 07:45:00,116.36,07:45:00
2026-01-01 08:00:00,115.86,08:00:00
2026-01-01 08:15:00,115.83,08:15:00
2026-01-01 08:30:00,113.71,08:30:00
2026-01-01 08:45:00,113.71,08:45:00
2026-01-01 09:00:00,115.38,09:00:00
2026-01-01 09:15:00,115.34,09:15:00
2026-01-01 09:30:00,133.11,09:30:00
2026-01-01 09:45:00,133.06,09:45:00
2026-01-01 10:00:00,156.9,10:00:00
2026-01-01 10:15:00,156.91,10:15:00
2026-01-01 10:30:00,153.16,10:30:00
2026-01-01 10:45:00,153.03,10:45:00
2026-01-01 11:00:00,157.98,11:00:00
2026-01-01 11:15:00,157.99,11:15:00
2026-01-01 11:30:00,175.82,11:30:00
2026-01-01 11:45:00,175.82,11:45:00
2026-01-01 12:00:00,171.06,12:00:00
2026-01-01 12:15:00,171.04,12:15:00
2026-01-01 12:30:00,180.56,12:30:00
2026-01-01 12:45:00,180.63,12:45:00
2026-01-01 13:00:00,174.87,13:00:00
2026-01-01 13:15:00,174.86,13:15:00
2026-01-01 13:30:00,163.71,13:30:00
2026-01-01 13:45:00,163.64,13:45:00
2026-01-01 14:00:00,158.91,14:00:00
2026-01-01 14:15:00,158.85,14:15:00
2026-01-01 14:30:00,154.05,14:30:00
2026-01-01 14:45:00,154.06,14:45:00
2026-01-01 15:00:00,151.77,15:00:00
2026-01-01 15:15:00,151.82,15:15:00
2026-01-01 15:30:00,157.89,15:30:00
2026-01-01 15:45:00,157.9,15:45:00
2026-01-01 16:00:00,173.24,16:00:00
2026-01-01 16:15:00,173.27,16:15:00
2026-01-01 16:30:00,184.57,16:30:00
2026-01-01 16:45:00,184.56,16:45:00
2026-01-01 17:00:00,188.82,17:00:00
2026-01-01 17:15:00,188.87,17:15:00
2026-01-01 17:30:00,180.07,17:30:00
2026-01-01 17:45:00,180.07,17:45:00
2026-01-01 18:00:00,184.47,18:00:00
2026-01-01 18:15:00,184.48,18:15:00
2026-01-01 18:30:00,183.24,18:30:00
2026-01-01 18:45:00,183.23,18:45:00
2026-01-01 19:00:00,181.18,19:00:00
2026-01-01 19:15:00,181.19,19:15:00
2026-01-01 19:30:00,175.57,19:30:00
2026-01-01 19:45:00,175.51,19:45:00
2026-01-01 20:00:00,157.81,20:00:00
2026-01-01 20:15:00,157.83,20:15:00
2026-01-01 20:30:00,144.63,20:30:00
2026-01-01 20:45:00,144.64,20:45:00
2026-01-01 21:00:00,141.34,21:00:00
2026-01-01 21:15:00,141.35,21:15:00
2026-01-01 21:30:00,123.27,21:30:00
2026-01-01 21:45:00,123.29,21:45:00
2026-01-01 22:00:00,113.79,22:00:00
2026-01-01 22:15:00,113.83,22:15:00
2026-01-01 22:30:00,93.32,22:30:00
2026-01-01 22:45:00,93.43,22:45:00
2026-01-01 23:00:00,90.94,23:00:00
2026-01-01 23:15:00,91.1,23:15:00
2026-01-01 23:30:00,97.95,23:30:00
2026-01-01 23:45:00,97.92,23:45:00
2026-01-02 00:15:00,98.64,00:15:00
2026-01-02 00:30:00,94.22,00:30:00
2026-01-02 00:45:00,94.2,00:45:00
2026-01-02 01:00:00,95.29,01:00:00
2026-01-02 01:15:00,95.3,01:15:00
2026-01-02 01:30:00,97.51,01:30:00
2026-01-02 01:45:00,97.98,01:45:00
2026-01-02 02:00:00,92.67,02:00:00
2026-01-02 02:15:00,92.72,02:15:00
2026-01-02 02:30:00,95.22,02:30:00
2026-01-02 02:45:00,95.11,02:45:00
2026-01-02 03:00:00,96.7,03:00:00
2026-01-02 03:15:00,96.73,03:15:00
2026-01-02 03:30:00,97.1,03:30:00
2026-01-02 03:45:00,97.0,03:45:00
2026-01-02 04:00:00,96.83,04:00:00
2026-01-02 04:15:00,96.83,04:15:00
2026-01-02 04:30:00,99.63,04:30:00
2026-01-02 04:45:00,99.6,04:45:00
2026-01-02 05:00:00,100.74,05:00:00
2026-01-02 05:15:00,100.77,05:15:00
2026-01-02 05:30:00,103.6,05:30:00
2026-01-02 05:45:00,103.61,05:45:00
2026-01-02 06:00:00,97.36,06:00:00
2026-01-02 06:15:00,97.33,06:15:00
2026-01-02 06:30:00,115.76,06:30:00
2026-01-02 06:45:00,115.74,06:45:00
2026-01-02 07:00:00,137.15,07:00:00
2026-01-02 07:15:00,137.13,07:15:00
2026-01-02 07:30:00,171.15,07:30:00
2026-01-02 07:45:00,171.0,07:45:00
2026-01-02 08:00:00,165.17,08:00:00
2026-01-02 08:15:00,165.12,08:15:00
2026-01-02 08:30:00,168.91,08:30:00
2026-01-02 08:45:00,168.95,08:45:00
2026-01-02 09:00:00,182.25,09:00:00
2026-01-02 09:15:00,182.13,09:15:00
2026-01-02 09:30:00,204.08,09:30:00
2026-01-02 09:45:00,204.0,09:45:00
2026-01-02 10:00:00,197.57,10:00:00
2026-01-02 10:15:00,197.59,10:15:00
2026-01-02 10:30:00,202.82,10:30:00
2026-01-02 10:45:00,202.83,10:45:00
2026-01-02 11:00:00,204.11,11:00:00
2026-01-02 11:15:00,204.14,11:15:00
2026-01-02 11:30:00,217.59,11:30:00
2026-01-02 11:45:00,217.56,11:45:00
2026-01-02 12:00:00,224.93,12:00:00
2026-01-02 12:15:00,224.92,12:15:00
2026-01-02 12:30:00,214.1,12:30:00
2026-01-02 12:45:00,214.11,12:45:00
2026-01-02 13:00:00,186.41,13:00:00
2026-01-02 13:15:00,186.32,13:15:00
2026-01-02 13:30:00,199.45,13:30:00
2026-01-02 13:45:00,199.39,13:45:00
2026-01-02 14:00:00,202.02,14:00:00
2026-01-02 14:15:00,202.0,14:15:00
2026-01-02 14:30:00,198.87,14:30:00
2026-01-02 14:45:00,198.89,14:45:00
2026-01-02 15:00:00,201.26,15:00:00
2026-01-02 15:15:00,201.3,15:15:00
2026-01-02 15:30:00,223.57,15:30:00
2026-01-02 15:45:00,223.62,15:45:00
2026-01-02 16:00:00,234.5,16:00:00
2026-01-02 16:15:00,234.45,16:15:00
2026-01-02 16:30:00,243.58,16:30:00
2026-01-02 16:45:00,243.62,16:45:00
2026-01-02 17:00:00,240.23,17:00:00
2026-01-02 17:15:00,240.19,17:15:00
2026-01-02 17:30:00,236.33,17:30:00
2026-01-02 17:45:00,236.36,17:45:00
2026-01-02 18:00:00,228.78,18:00:00
2026-01-02 18:15:00,228.83,18:15:00
2026-01-02 18:30:00,215.91,18:30:00
2026-01-02 18:45:00,215.93,18:45:00
2026-01-02 19:00:00,216.46,19:00:00
2026-01-02 19:15:00,216.5,19:15:00
2026-01-02 19:30:00,196.7,19:30:00
2026-01-02 19:45:00,196.68,19:45:00
2026-01-02 20:00:00,185.08,20:00:00
2026-01-02 20:15:00,185.06,20:15:00
2026-01-02 20:30:00,184.55,20:30:00
2026-01-02 20:45:00,184.59,20:45:00
2026-01-02 21:00:00,190.74,21:00:00
2026-01-02 21:15:00,190.73,21:15:00
2026-01-02 21:30:00,188.9,21:30:00
2026-01-02 21:45:00,188.96,21:45:00
2026-01-02 22:00:00,197.55,22:00:00
2026-01-02 22:15:00,197.56,22:15:00
2026-01-02 22:30:00,172.82,22:30:00
2026-01-02 22:45:00,172.85,22:45:00
2026-01-02 23:00:00,153.09,23:00:00
2026-01-02 23:15:00,153.14,23:15:00
2026-01-02 23:30:00,130.76,23:30:00
2026-01-02 23:45:00,130.78,23:45:00
2026-01-03 00:00:00,116.51,00:00:00
2026-01-03 00:15:00,116.61,00:15:00
2026-01-03 00:30:00,133.32,00:30:00
2026-01-03 00:45:00,133.36,00:45:00
2026-01-03 01:00:00,132.87,01:00:00
2026-01-03 01:15:00,132.9,01:15:00
2026-01-03 01:30:00,143.1,01:30:00
2026-01-03 01:45:00,143.15,01:45:00
2026-01-03 02:00:00,142.8,02:00:00
2026-01-03 02:15:00,142.78,02:15:00
2026-01-03 02:30:00,120.78,02:30:00
2026-01-03 02:45:00,120.81,02:45:00
2026-01-03 03:00:00,112.74,03:00:00
2026-01-03 03:15:00,112.82,03:15:00
2026-01-03 03:30:00,105.26,03:30:00
2026-01-03 03:45:00,105.29,03:45:00
2026-01-03 04:00:00,103.45,04:00:00
2026-01-03 04:15:00,103.48,04:15:00
2026-01-03 04:30:00,123.01,04:30:00
2026-01-03 04:45:00,123.05,04:45:00
2026-01-03 05:00:00,129.99,05:00:00
2026-01-03 05:15:00,130.01,05:15:00
2026-01-03 05:30:00,145.93,05:30:00
2026-01-03 05:45:00,145.89,05:45:00
2026-01-03 06:00:00,141.85,06:00:00
2026-01-03 06:15:00,141.81,06:15:00
2026-01-03 06:30:00,146.74,06:30:00
2026-01-03 06:45:00,146.7,06:45:00
2026-01-03 07:00:00,149.65,07:00:00
2026-01-03 07:15:00,149.61,07:15:00
2026-01-03 07:30:00,154.12,07:30:00
2026-01-03 07:45:00,154.13,07:45:00
2026-01-03 08:00:00,165.11,08:00:00
2026-01-03 08:15:00,165.09,08:15:00
2026-01-03 08:30:00,200.54,08:30:00
2026-01-03 08:45:00,200.52,08:45:00
2026-01-03 09:00:00,202.11,09:00:00
2026-01-03 09:15:00,202.05,09:15:00
2026-01-03 09:30:00,222.76,09:30:00
2026-01-03 09:45:00,222.8,09:45:00
2026-01-03 10:00:00,238.06,10:00:00
2026-01-03 10:15:00,238.07,10:15:00
2026-01-03 10:30:00,241.86,10:30:00
2026-01-03 10:45:00,241.93,10:45:00
2026-01-03 11:00:00,245.48,11:00:00
2026-01-03 11:15:00,245.45,11:15:00
2026-01-03 11:30:00,222.33,11:30:00
2026-01-03 11:45:00,222.34,11:45:00
2026-01-03 12:00:00,234.91,12:00:00
2026-01-03 12:15:00,234.94,12:15:00
2026-01-03 12:30:00,248.29,12:30:00
2026-01-03 12:45:00,248.3,12:45:00
2026-01-03 13:00:00,238.29,13:00:00
2026-01-03 13:15:00,238.32,13:15:00
2026-01-03 13:30:00,241.81,13:30:00
2026-01-03 13:45:00,241.84,13:45:00
2026-01-03 14:00:00,240.76,14:00:00
2026-01-03 14:15:00,240.74,14:15:00
2026-01-03 14:30:00,246.51,14:30:00
2026-01-03 14:45:00,246.55,14:45:00
2026-01-03 15:00:00,251.1,15:00:00
2026-01-03 15:15:00,251.13,15:15:00
2026-01-03 15:30:00,267.91,15:30:00
2026-01-03 15:45:00,267.94,15:45:00
2026-01-03 16:00:00,281.26,16:00:00
2026-01-03 16:15:00,281.21,16:15:00
2026-01-03 16:30:00,273.76,16:30:00
2026-01-03 16:45:00,273.74,16:45:00
2026-01-03 17:00:00,269.94,17:00:00
2026-01-03 17:15:00,269.93,17:15:00
2026-01-03 17:30:00,271.89,17:30:00
2026-01-03 17:45:00,271.91,17:45:00
2026-01-03 18:00:00,263.09,18:00:00
2026-01-03 18:15:00,262.92,18:15:00
2026-01-03 18:30:00,275.57,18:30:00
2026-01-03 18:45:00,275.65,18:45:00
2026-01-03 19:00:00,271.83,19:00:00
2026-01-03 19:15:00,271.86,19:15:00
2026-01-03 19:30:00,282.15,19:30:00
2026-01-03 19:45:00,282.13,19:45:00
2026-01-03 20:00:00,277.76,20:00:00
2026-01-03 20:15:00,277.81,20:15:00
2026-01-03 20:30:00,284.3,20:30:00
2026-01-03 20:45:00,284.17,20:45:00
2026-01-03 21:00:00,286.13,21:00:00
2026-01-03 21:15:00,286.06,21:15:00
2026-01-03 21:30:00,283.99,21:30:00
2026-01-03 21:45:00,284.03,21:45:00
2026-01-03 22:00:00,284.28,22:00:00
2026-01-03 22:15:00,284.15,22:15:00
2026-01-03 22:30:00,280.37,22:30:00
2026-01-03 22:45:00,280.45,22:45:00
2026-01-03 23:00:00,267.52,23:00:00
2026-01-03 23:15:00,267.49,23:15:00
2026-01-03 23:30:00,269.55,23:30:00
2026-01-03 23:45:00,269.55,23:45:00
2026-01-04 00:00:00,274.04,00:00:00
2026-01-04 00:15:00,274.01,00:15:00
2026-01-04 00:30:00,273.45,00:30:00
2026-01-04 00:45:00,273.42,00:45:00
2026-01-04 01:00:00,270.19,01:00:00
2026-01-04 01:15:00,270.22,01:15:00
2026-01-04 01:45:00,274.25,01:45:00
2026-01-04 02:00:00,272.01,02:00:00
2026-01-04 02:15:00,272.03,02:15:00
2026-01-04 02:30:00,278.27,02:30:00
2026-01-04 02:45:00,278.29,02:45:00
2026-01-04 03:00:00,280.26,03:00:00
2026-01-04 03:15:00,280.26,03:15:00
2026-01-04 03:30:00,281.35,03:30:00
2026-01-04 03:45:00,281.39,03:45:00
2026-01-04 04:00:00,280.93,04:00:00
2026-01-04 04:15:00,280.94,04:15:00
2026-01-04 04:30:00,282.73,04:30:00
2026-01-04 04:45:00,282.67,04:45:00
2026-01-04 05:00:00,290.8,05:00:00
2026-01-04 05:15:00,290.84,05:15:00
2026-01-04 05:30:00,280.98,05:30:00
2026-01-04 06:00:00,284.12,06:00:00
2026-01-04 06:15:00,284.11,06:15:00
2026-01-04 06:30:00,285.98,06:30:00
2026-01-04 06:45:00,286.01,06:45:00
2026-01-04 07:00:00,286.58,07:00:00
2026-01-04 07:15:00,286.71,07:15:00
2026-01-04 07:30:00,300.53,07:30:00
2026-01-04 07:45:00,300.44,07:45:00
2026-01-04 08:00:00,297.68,08:00:00
2026-01-04 08:15:00,297.55,08:15:00
2026-01-04 08:30:00,293.63,08:30:00
2026-01-04 08:45:00,293.64,08:45:00
2026-01-04 09:00:00,288.58,09:00:00
2026-01-04 09:15:00,288.49,09:15:00
2026-01-04 09:30:00,292.9,09:30:00
2026-01-04 09:45:00,293.11,09:45:00
2026-01-04 10:00:00,297.95,10:00:00
2026-01-04 10:15:00,298.03,10:15:00
2026-01-04 10:30:00,295.24,10:30:00
2026-01-04 10:45:00,295.3,10:45:00
2026-01-04 11:00:00,294.69,11:00:00
2026-01-04 11:15:00,294.6,11:15:00
2026-01-04 11:30:00,293.82,11:30:00
2026-01-04 11:45:00,293.83,11:45:00
2026-01-04 12:00:00,299.22,12:00:00
2026-01-04 12:15:00,299.2,12:15:00
2026-01-04 12:30:00,299.93,12:30:00
2026-01-04 12:45:00,300.01,12:45:00
2026-01-04 13:00:00,301.34,13:00:00
2026-01-04 13:15:00,301.44,13:15:00
2026-01-04 13:30:00,310.57,13:30:00
2026-01-04 13:45:00,310.58,13:45:00
2026-01-04 14:00:00,312.0,14:00:00
2026-01-04 14:15:00,312.12,14:15:00
2026-01-04 14:30:00,324.27,14:30:00
2026-01-04 14:45:00,324.31,14:45:00
2026-01-04 15:00:00,328.37,15:00:00
2026-01-04 15:15:00,328.42,15:15:00
2026-01-04 15:30:00,332.75,15:30:00
2026-01-04 15:45:00,332.77,15:45:00
2026-01-04 16:00:00,327.08,16:00:00
2026-01-04 16:15:00,327.08,16:15:00
2026-01-04 16:30:00,327.06,16:30:00
2026-01-04 16:45:00,327.01,16:45:00
2026-01-04 17:00:00,314.95,17:00:00
2026-01-04 17:15:00,314.88,17:15:00
2026-01-04 17:30:00,316.77,17:30:00
2026-01-04 17:45:00,316.75,17:45:00
2026-01-04 18:00:00,303.73,18:00:00
2026-01-04 18:15:00,303.71,18:15:00
2026-01-04 18:30:00,299.82,18:30:00
2026-01-04 18:45:00,299.81,18:45:00
2026-01-04 19:00:00,301.47,19:00:00
2026-01-04 19:15:00,301.44,19:15:00
2026-01-04 19:30:00,304.72,19:30:00
2026-01-04 19:45:00,304.83,19:45:00
2026-01-04 20:00:00,302.42,20:00:00
2026-01-04 20:15:00,302.51,20:15:00
2026-01-04 20:30:00,307.18,20:30:00
2026-01-04 20:45:00,307.13,20:45:00
2026-01-04 21:00:00,293.47,21:00:00
2026-01-04 21:15:00,293.45,21:15:00
2026-01-04 21:30:00,277.22,21:30:00
2026-01-04 21:45:00,277.22,21:45:00
2026-01-04 22:00:00,279.13,22:00:00
2026-01-04 22:15:00,279.13,22:15:00
2026-01-04 22:30:00,290.05,22:30:00
2026-01-04 22:45:00,290.05,22:45:00
2026-01-04 23:00:00,285.55,23:00:00
2026-01-04 23:15:00,285.55,23:15:00
2026-01-04 23:30:00,285.92,23:30:00
2026-01-04 23:45:00,285.89,23:45:00
2026-01-05 00:00:00,285.73,00:00:00
2026-01-05 00:15:00,285.69,00:15:00
2026-01-05 00:30:00,275.89,00:30:00
2026-01-05 00:45:00,275.9,00:45:00
2026-01-05 01:00:00,265.1,01:00:00
2026-01-05 01:15:00,265.11,01:15:00
2026-01-05 01:30:00,267.61,01:30:00
2026-01-05 01:45:00,267.64,01:45:00
2026-01-05 02:00:00,248.69,02:00:00
2026-01-05 02:15:00,248.72,02:15:00
2026-01-05 02:30:00,267.97,02:30:00
2026-01-05 02:45:00,267.97,02:45:00
2026-01-05 03:00:00,267.64,03:00:00
2026-01-05 03:15:00,267.64,03:15:00
2026-01-05 03:30:00,255.2,03:30:00
2026-01-05 03:45:00,255.2,03:45:00
2026-01-05 04:00:00,257.21,04:00:00
2026-01-05 04:15:00,257.21,04:15:00
2026-01-05 04:30:00,272.71,04:30:00
2026-01-05 04:45:00,272.71,04:45:00
2026-01-05 05:00:00,253.53,05:00:00
2026-01-05 05:15:00,253.53,05:15:00
2026-01-05 05:30:00,251.64,05:30:00
2026-01-05 05:45:00,251.64,05:45:00
2026-01-05 06:00:00,225.22,06:00:00
2026-01-05 06:15:00,225.22,06:15:00
2026-01-05 06:30:00,228.12,06:30:00
2026-01-05 06:45:00,228.12,06:45:00
2026-01-05 07:00:00,249.24,07:00:00
2026-01-05 07:15:00,249.24,07:15:00
2026-01-05 07:30:00,285.08,07:30:00
2026-01-05 07:45:00,285.08,07:45:00
2026-01-05 08:00:00,280.28,08:00:00
2026-01-05 08:15:00,280.28,08:15:00
2026-01-05 08:30:00,284.08,08:30:00
2026-01-05 08:45:00,284.08,08:45:00
2026-01-05 09:00:00,277.1,09:00:00
2026-01-05 09:15:00,277.07,09:15:00
2026-01-05 09:30:00,279.3,09:30:00
2026-01-05 09:45:00,279.27,09:45:00
2026-01-05 10:00:00,281.3,10:00:00
2026-01-05 10:15:00,281.28,10:15:00
2026-01-05 10:30:00,274.23,10:30:00
2026-01-05 10:45:00,274.23,10:45:00
2026-01-05 11:00:00,284.23,11:00:00
2026-01-05 11:15:00,284.24,11:15:00
2026-01-05 11:30:00,281.11,11:30:00
2026-01-05 11:45:00,281.14,11:45:00
2026-01-05 12:00:00,287.1,12:00:00
2026-01-05 12:15:00,287.13,12:15:00
2026-01-05 12:30:00,294.04,12:30:00
2026-01-05 12:45:00,294.04,12:45:00
2026-01-05 13:00:00,292.28,13:00:00
2026-01-05 13:15:00,292.28,13:15:00
2026-01-05 13:30:00,289.27,13:30:00
2026-01-05 13:45:00,289.27,13:45:00
2026-01-05 14:00:00,286.42,14:00:00
2026-01-05 14:15:00,286.42,14:15:00
2026-01-05 14:30:00,289.11,14:30:00
2026-01-05 14:45:00,289.02,14:45:00
2026-01-05 15:00:00,297.36,15:00:00
2026-01-05 15:15:00,297.27,15:15:00
2026-01-05 15:30:00,308.88,15:30:00
2026-01-05 15:45:00,308.79,15:45:00
2026-01-05 16:00:00,307.07,16:00:00
2026-01-05 16:15:00,306.97,16:15:00
2026-01-05 16:30:00,304.16,16:30:00
2026-01-05 16:45:00,304.07,16:45:00
2026-01-05 17:00:00,300.19,17:00:00
2026-01-05 17:15:00,300.07,17:15:00
2026-01-05 17:30:00,286.79,17:30:00
2026-01-05 17:45:00,286.78,17:45:00
2026-01-05 18:00:00,285.79,18:00:00
2026-01-05 18:15:00,285.82,18:15:00
2026-01-05 18:30:00,285.62,18:30:00
2026-01-05 18:45:00,285.65,18:45:00
2026-01-05 19:00:00,287.05,19:00:00
2026-01-05 19:15:00,287.08,19:15:00
2026-01-05 19:30:00,292.05,19:30:00
2026-01-05 19:45:00,292.13,19:45:00
2026-01-05 20:00:00,295.48,20:00:00
2026-01-05 20:15:00,295.58,20:15:00
2026-01-05 20:30:00,292.51,20:30:00
2026-01-05 20:45:00,292.61,20:45:00
2026-01-05 21:00:00,288.91,21:00:00
2026-01-05 21:15:00,289.0,21:15:00
2026-01-05 21:30:00,293.47,21:30:00
2026-01-05 21:45:00,293.56,21:45:00
2026-01-05 22:00:00,298.04,22:00:00
2026-01-05 22:15:00,298.14,22:15:00
2026-01-05 22:30:00,278.13,22:30:00
2026-01-05 22:45:00,278.13,22:45:00
2026-01-05 23:00:00,271.86,23:00:00
2026-01-05 23:15:00,271.86,23:15:00
2026-01-05 23:30:00,272.6,23:30:00
2026-01-05 23:45:00,272.6,23:45:00
2026-01-06 00:00:00,268.87,00:00:00
2026-01-06 00:15:00,268.87,00:15:00
2026-01-06 00:30:00,267.2,00:30:00
2026-01-06 00:45:00,267.2,00:45:00
2026-01-06 01:00:00,249.58,01:00:00
2026-01-06 01:15:00,249.58,01:15:00
2026-01-06 01:30:00,242.78,01:30:00
2026-01-06 01:45:00,242.78,01:45:00
2026-01-06 02:00:00,238.85,02:00:00
2026-01-06 02:15:00,238.85,02:15:00
2026-01-06 02:30:00,240.72,02:30:00
2026-01-06 02:45:00,240.72,02:45:00
2026-01-06 03:00:00,224.99,03:00:00
2026-01-06 03:15:00,224.99,03:15:00
2026-01-06 03:30:00,207.66,03:30:00
2026-01-06 03:45:00,207.66,03:45:00
2026-01-06 04:00:00,199.81,04:00:00
2026-01-06 04:15:00,199.81,04:15:00
2026-01-06 04:30:00,192.01,04:30:00
2026-01-06 04:45:00,192.01,04:45:00
2026-01-06 05:00:00,176.64,05:00:00
2026-01-06 05:15:00,176.64,05:15:00
2026-01-06 05:30:00,193.32,05:30:00
2026-01-06 05:45:00,193.32,05:45:00
2026-01-06 06:00:00,165.08,06:00:00
2026-01-06 06:15:00,165.08,06:15:00
2026-01-06 06:30:00,166.17,06:30:00
2026-01-06 06:45:00,166.17,06:45:00
2026-01-06 07:00:00,163.62,07:00:00
2026-01-06 07:15:00,163.62,07:15:00
2026-01-06 07:30:00,161.15,07:30:00
2026-01-06 07:45:00,161.15,07:45:00
2026-01-06 08:00:00,173.98,08:00:00
2026-01-06 08:15:00,173.98,08:15:00
2026-01-06 08:30:00,181.42,08:30:00
2026-01-06 08:45:00,181.43,08:45:00
2026-01-06 09:00:00,173.09,09:00:00
2026-01-06 09:15:00,173.1,09:15:00
2026-01-06 09:30:00,167.44,09:30:00
2026-01-06 09:45:00,167.45,09:45:00
2026-01-06 10:00:00,175.91,10:00:00
2026-01-06 10:15:00,176.89,10:15:00
2026-01-06 10:30:00,169.29,10:30:00
2026-01-06 10:45:00,170.17,10:45:00
2026-01-06 11:00:00,176.66,11:00:00
2026-01-06 11:15:00,176.66,11:15:00
2026-01-06 11:30:00,222.07,11:30:00
2026-01-06 11:45:00,222.03,11:45:00
2026-01-06 12:00:00,242.78,12:00:00
2026-01-06 12:15:00,242.77,12:15:00
2026-01-06 12:30:00,243.32,12:30:00
2026-01-06 12:45:00,243.31,12:45:00
2026-01-06 13:00:00,255.22,13:00:00
2026-01-06 13:15:00,255.22,13:15:00
2026-01-06 13:30:00,264.11,13:30:00
2026-01-06 13:45:00,264.1,13:45:00
2026-01-06 14:00:00,263.27,14:00:00
2026-01-06 14:15:00,263.27,14:15:00
2026-01-06 14:30:00,256.36,14:30:00
2026-01-06 14:45:00,256.35,14:45:00
2026-01-06 15:00:00,256.69,15:00:00
2026-01-06 15:15:00,256.69,15:15:00
2026-01-06 15:30:00,250.21,15:30:00
2026-01-06 15:45:00,250.21,15:45:00
2026-01-06 16:00:00,236.69,16:00:00
2026-01-06 16:15:00,236.69,16:15:00
2026-01-06 16:30:00,220.05,16:30:00
2026-01-06 16:45:00,220.05,16:45:00
2026-01-06 17:00:00,197.34,17:00:00
2026-01-06 17:15:00,197.34,17:15:00
2026-01-06 17:30:00,176.95,17:30:00
2026-01-06 17:45:00,176.95,17:45:00
2026-01-06 18:00:00,172.89,18:00:00
2026-01-06 18:15:00,172.89,18:15:00
2026-01-06 18:30:00,154.38,18:30:00
2026-01-06 18:45:00,154.38,18:45:00
2026-01-06 19:00:00,141.6,19:00:00
2026-01-06 19:15:00,141.58,19:15:00
2026-01-06 19:30:00,131.66,19:30:00
2026-01-06 19:45:00,131.66,19:45:00
2026-01-06 20:00:00,135.62,20:00:00
2026-01-06 20:15:00,135.62,20:15:00
2026-01-06 20:30:00,155.29,20:30:00
2026-01-06 20:45:00,155.29,20:45:00
2026-01-06 21:00:00,167.52,21:00:00
2026-01-06 21:15:00,167.52,21:15:00
2026-01-06 21:30:00,177.38,21:30:00
2026-01-06 21:45:00,177.38,21:45:00
2026-01-06 22:00:00,178.35,22:00:00
2026-01-06 22:15:00,178.35,22:15:00
2026-01-06 22:30:00,166.15,22:30:00
2026-01-06 22:45:00,166.15,22:45:00
2026-01-06 23:00:00,154.1,23:00:00
2026-01-06 23:15:00,154.09,23:15:00
2026-01-06 23:30:00,136.69,23:30:00
2026-01-06 23:45:00,136.69,23:45:00
2026-01-07 00:00:00,147.6,00:00:00
2026-01-07 00:15:00,147.59,00:15:00
2026-01-07 00:30:00,136.86,00:30:00
2026-01-07 00:45:00,136.87,00:45:00
2026-01-07 01:00:00,122.11,01:00:00
2026-01-07 01:15:00,122.12,01:15:00
2026-01-07 01:30:00,130.19,01:30:00
2026-01-07 01:45:00,130.18,01:45:00
2026-01-07 02:00:00,116.6,02:00:00
2026-01-07 02:15:00,116.59,02:15:00
2026-01-07 02:30:00,115.54,02:30:00
2026-01-07 02:45:00,115.59,02:45:00
2026-01-07 03:00:00,119.31,03:00:00
2026-01-07 03:15:00,119.36,03:15:00
2026-01-07 03:30:00,121.02,03:30:00
2026-01-07 03:45:00,121.05,03:45:00
2026-01-07 04:00:00,125.88,04:00:00
2026-01-07 04:15:00,125.94,04:15:00
2026-01-07 04:30:00,132.09,04:30:00
2026-01-07 04:45:00,132.07,04:45:00
2026-01-07 05:00:00,156.38,05:00:00
2026-01-07 05:15:00,156.36,05:15:00
2026-01-07 05:30:00,162.75,05:30:00
2026-01-07 05:45:00,162.78,05:45:00
2026-01-07 06:00:00,172.57,06:00:00
2026-01-07 06:15:00,172.64,06:15:00
2026-01-07 06:30:00,198.25,06:30:00
2026-01-07 06:45:00,198.28,06:45:00
2026-01-07 07:00:00,217.21,07:00:00
2026-01-07 07:15:00,217.21,07:15:00
2026-01-07 07:30:00,234.06,07:30:00
2026-01-07 07:45:00,234.04,07:45:00
2026-01-07 08:00:00,253.56,08:00:00
2026-01-07 08:15:00,253.56,08:15:00
2026-01-07 08:30:00,265.0,08:30:00
2026-01-07 08:45:00,264.95,08:45:00
2026-01-07 09:00:00,275.55,09:00:00
2026-01-07 09:15:00,275.43,09:15:00
2026-01-07 09:30:00,286.23,09:30:00
2026-01-07 09:45:00,286.18,09:45:00
2026-01-07 10:00:00,298.05,10:00:00
2026-01-07 10:15:00,298.03,10:15:00
2026-01-07 10:30:00,303.73,10:30:00
2026-01-07 10:45:00,303.76,10:45:00
2026-01-07 11:00:00,306.9,11:00:00
2026-01-07 11:15:00,306.9,11:15:00
2026-01-07 11:30:00,301.05,11:30:00
2026-01-07 11:45:00,300.99,11:45:00
2026-01-07 12:00:00,297.76,12:00:00
2026-01-07 12:15:00,297.7,12:15:00
2026-01-07 12:30:00,294.03,12:30:00
2026-01-07 12:45:00,294.04,12:45:00
2026-01-07 13:00:00,291.3,13:00:00
2026-01-07 13:15:00,291.28,13:15:00
2026-01-07 13:30:00,286.07,13:30:00
2026-01-07 13:45:00,286.0,13:45:00
2026-01-07 14:00:00,258.4,14:00:00
2026-01-07 14:15:00,258.26,14:15:00
2026-01-07 14:30:00,226.76,14:30:00
2026-01-07 14:45:00,226.71,14:45:00
2026-01-07 15:00:00,213.46,15:00:00
2026-01-07 15:15:00,213.39,15:15:00
2026-01-07 15:30:00,202.59,15:30:00
2026-01-07 15:45:00,202.6,15:45:00
2026-01-07 16:00:00,187.16,16:00:00
2026-01-07 16:15:00,187.16,16:15:00
2026-01-07 16:30:00,178.14,16:30:00
2026-01-07 16:45:00,178.16,16:45:00
2026-01-07 17:00:00,178.4,17:00:00
2026-01-07 17:15:00,178.4,17:15:00
2026-01-07 17:30:00,178.77,17:30:00
2026-01-07 17:45:00,178.74,17:45:00
2026-01-07 18:00:00,175.16,18:00:00
2026-01-07 18:15:00,175.17,18:15:00
2026-01-07 18:30:00,174.11,18:30:00
2026-01-07 18:45:00,174.06,18:45:00
2026-01-07 19:00:00,170.9,19:00:00
2026-01-07 19:15:00,170.85,19:15:00
2026-01-07 19:30:00,160.17,19:30:00
2026-01-07 19:45:00,160.16,19:45:00
2026-01-07 20:00:00,156.45,20:00:00
2026-01-07 20:15:00,156.46,20:15:00
2026-01-07 20:30:00,158.7,20:30:00
2026-01-07 20:45:00,158.68,20:45:00
2026-01-07 21:00:00,163.5,21:00:00
2026-01-07 21:15:00,163.45,21:15:00
2026-01-07 21:30:00,159.95,21:30:00
2026-01-07 21:45:00,159.92,21:45:00
2026-01-07 22:00:00,158.55,22:00:00
2026-01-07 22:15:00,158.56,22:15:00
2026-01-07 22:30:00,165.98,22:30:00
2026-01-07 22:45:00,166.01,22:45:00
2026-01-07 23:00:00,184.71,23:00:00
2026-01-07 23:15:00,184.81,23:15:00
2026-01-07 23:30:00,197.28,23:30:00
2026-01-07 23:45:00,197.23,23:45:00
2026-01-08 00:00:00,216.63,00:00:00
2026-01-08 00:15:00,216.64,00:15:00
2026-01-08 00:30:00,219.96,00:30:00
2026-01-08 00:45:00,219.98,00:45:00
2026-01-08 01:00:00,225.98,01:00:00
2026-01-08 01:15:00,226.03,01:15:00
2026-01-08 01:30:00,252.01,01:30:00
2026-01-08 01:45:00,252.04,01:45:00
2026-01-08 02:00:00,264.98,02:00:00
2026-01-08 02:15:00,265.08,02:15:00
2026-01-08 02:30:00,289.11,02:30:00
2026-01-08 02:45:00,289.06,02:45:00
2026-01-08 03:00:00,309.67,03:00:00
2026-01-08 03:15:00,309.61,03:15:00
2026-01-08 03:30:00,326.82,03:30:00
2026-01-08 03:45:00,326.92,03:45:00
2026-01-08 04:00:00,345.78,04:00:00
2026-01-08 04:15:00,345.87,04:15:00
2026-01-08 04:30:00,348.68,04:30:00
2026-01-08 04:45:00,348.93,04:45:00
2026-01-08 05:00:00,359.44,05:00:00
2026-01-08 05:15:00,359.76,05:15:00
2026-01-08 05:30:00,362.04,05:30:00
2026-01-08 05:45:00,362.17,05:45:00
2026-01-08 06:00:00,375.38,06:00:00
2026-01-08 06:15:00,375.48,06:15:00
2026-01-08 06:30:00,384.91,06:30:00
2026-01-08 06:45:00,384.71,06:45:00
2026-01-08 07:00:00,382.44,07:00:00
2026-01-08 07:15:00,382.24,07:15:00
2026-01-08 07:30:00,382.56,07:30:00
2026-01-08 07:45:00,382.36,07:45:00
2026-01-08 08:00:00,374.83,08:00:00
2026-01-08 08:15:00,374.62,08:15:00
2026-01-08 08:30:00,370.94,08:30:00
2026-01-08 08:45:00,370.77,08:45:00
2026-01-08 09:00:00,361.27,09:00:00
2026-01-08 09:15:00,361.11,09:15:00
2026-01-08 09:30:00,356.55,09:30:00
2026-01-08 09:45:00,356.56,09:45:00
2026-01-08 10:00:00,350.55,10:00:00
2026-01-08 10:15:00,350.54,10:15:00
2026-01-08 10:30:00,345.81,10:30:00
2026-01-08 10:45:00,345.74,10:45:00
2026-01-08 11:00:00,340.21,11:00:00
2026-01-08 11:15:00,340.2,11:15:00
2026-01-08 11:30:00,339.0,11:30:00
2026-01-08 11:45:00,338.98,11:45:00
2026-01-08 12:00:00,333.22,12:00:00
2026-01-08 12:15:00,333.25,12:15:00
2026-01-08 12:30:00,330.93,12:30:00
2026-01-08 12:45:00,331.02,12:45:00
2026-01-08 13:00:00,323.3,13:00:00
2026-01-08 13:15:00,323.38,13:15:00
2026-01-08 13:30:00,310.17,13:30:00
2026-01-08 13:45:00,310.27,13:45:00
2026-01-08 14:00:00,293.26,14:00:00
2026-01-08 14:15:00,293.32,14:15:00
2026-01-08 14:30:00,286.54,14:30:00
2026-01-08 14:45:00,286.45,14:45:00
2026-01-08 15:00:00,279.05,15:00:00
2026-01-08 15:15:00,279.1,15:15:00
2026-01-08 15:30:00,275.74,15:30:00
2026-01-08 15:45:00,275.69,15:45:00
2026-01-08 16:00:00,268.83,16:00:00
2026-01-08 16:15:00,268.77,16:15:00
2026-01-08 16:30:00,262.54,16:30:00
2026-01-08 16:45:00,262.52,16:45:00
2026-01-08 17:00:00,257.84,17:00:00
2026-01-08 17:15:00,257.82,17:15:00
2026-01-08 17:30:00,243.82,17:30:00
2026-01-08 17:45:00,243.89,17:45:00
2026-01-08 18:00:00,238.78,18:00:00
2026-01-08 18:15:00,238.84,18:15:00
2026-01-08 18:30:00,237.4,18:30:00
2026-01-08 18:45:00,237.37,18:45:00
2026-01-08 19:00:00,226.87,19:00:00
2026-01-08 19:15:00,226.77,19:15:00
2026-01-08 19:30:00,246.99,19:30:00
2026-01-08 19:45:00,246.92,19:45:00
2026-01-08 20:00:00,244.68,20:00:00
2026-01-08 20:15:00,244.51,20:15:00
2026-01-08 20:30:00,237.04,20:30:00
2026-01-08 20:45:00,236.87,20:45:00
2026-01-08 21:00:00,224.54,21:00:00
2026-01-08 21:15:00,224.39,21:15:00
2026-01-08 21:30:00,230.01,21:30:00
2026-01-08 21:45:00,230.01,21:45:00
2026-01-08 22:00:00,221.7,22:00:00
2026-01-08 22:15:00,221.74,22:15:00
2026-01-08 22:30:00,217.8,22:30:00
2026-01-08 22:45:00,217.74,22:45:00
2026-01-08 23:00:00,225.63,23:00:00
2026-01-08 23:15:00,225.45,23:15:00
2026-01-08 23:30:00,237.32,23:30:00
2026-01-08 23:45:00,237.37,23:45:00
2026-01-09 00:00:00,223.7,00:00:00
2026-01-09 00:15:00,223.79,00:15:00
2026-01-09 00:30:00,208.63,00:30:00
2026-01-09 00:45:00,208.73,00:45:00
2026-01-09 01:00:00,216.81,01:00:00
2026-01-09 01:15:00,216.81,01:15:00
2026-01-09 01:30:00,202.93,01:30:00
2026-01-09 01:45:00,202.87,01:45:00
2026-01-09 02:00:00,173.97,02:00:00
2026-01-09 02:15:00,174.01,02:15:00
2026-01-09 02:30:00,173.94,02:30:00
2026-01-09 02:45:00,173.9,02:45:00
2026-01-09 03:00:00,189.66,03:00:00
2026-01-09 03:15:00,189.62,03:15:00
2026-01-09 03:30:00,204.61,03:30:00
2026-01-09 03:45:00,204.58,03:45:00
2026-01-09 04:00:00,219.08,04:00:00
2026-01-09 04:15:00,219.06,04:15:00
2026-01-09 04:30:00,217.77,04:30:00
2026-01-09 04:45:00,217.72,04:45:00
2026-01-09 05:00:00,217.83,05:00:00
2026-01-09 05:15:00,217.79,05:15:00
2026-01-09 05:30:00,217.65,05:30:00
2026-01-09 05:45:00,217.74,05:45:00
2026-01-09 06:00:00,214.26,06:00:00
2026-01-09 06:15:00,214.32,06:15:00
2026-01-09 06:30:00,214.11,06:30:00
2026-01-09 06:45:00,214.12,06:45:00
2026-01-09 07:00:00,206.67,07:00:00
2026-01-09 07:15:00,206.68,07:15:00
2026-01-09 07:30:00,250.18,07:30:00
2026-01-09 07:45:00,250.14,07:45:00
2026-01-09 08:00:00,255.05,08:00:00
2026-01-09 08:15:00,255.04,08:15:00
2026-01-09 08:30:00,270.9,08:30:00
2026-01-09 08:45:00,270.9,08:45:00
2026-01-09 09:00:00,272.03,09:00:00
2026-01-09 09:15:00,271.99,09:15:00
2026-01-09 09:30:00,263.48,09:30:00
2026-01-09 09:45:00,263.44,09:45:00
2026-01-09 10:00:00,267.42,10:00:00
2026-01-09 10:15:00,267.37,10:15:00
2026-01-09 10:30:00,276.23,10:30:00
2026-01-09 10:45:00,276.23,10:45:00
2026-01-09 11:00:00,281.41,11:00:00
2026-01-09 11:15:00,281.4,11:15:00
2026-01-09 11:30:00,283.26,11:30:00
2026-01-09 11:45:00,283.22,11:45:00
2026-01-09 12:00:00,268.8,12:00:00
2026-01-09 12:15:00,268.8,12:15:00
2026-01-09 12:30:00,259.95,12:30:00
2026-01-09 12:45:00,259.95,12:45:00
2026-01-09 13:00:00,263.78,13:00:00
2026-01-09 13:15:00,263.71,13:15:00
2026-01-09 13:30:00,262.36,13:30:00
2026-01-09 13:45:00,262.34,13:45:00
2026-01-09 14:00:00,262.98,14:00:00
2026-01-09 14:15:00,262.96,14:15:00
2026-01-09 14:30:00,248.5,14:30:00
2026-01-09 14:45:00,248.53,14:45:00
2026-01-09 15:00:00,249.67,15:00:00
2026-01-09 15:15:00,249.69,15:15:00
2026-01-09 15:30:00,237.16,15:30:00
2026-01-09 15:45:00,237.15,15:45:00
2026-01-09 16:00:00,225.92,16:00:00
2026-01-09 16:15:00,225.95,16:15:00
2026-01-09 16:30:00,241.77,16:30:00
2026-01-09 16:45:00,241.81,16:45:00
2026-01-09 17:00:00,260.77,17:00:00
2026-01-09 17:15:00,260.73,17:15:00
2026-01-09 17:30:00,256.78,17:30:00
2026-01-09 17:45:00,256.79,17:45:00
2026-01-09 18:00:00,248.52,18:00:00
2026-01-09 18:15:00,248.49,18:15:00
2026-01-09 18:30:00,230.99,18:30:00
2026-01-09 18:45:00,230.96,18:45:00
2026-01-09 19:00:00,216.81,19:00:00
2026-01-09 19:15:00,216.8,19:15:00
2026-01-09 19:30:00,204.84,19:30:00
2026-01-09 19:45:00,204.84,19:45:00
2026-01-09 20:00:00,204.67,20:00:00
2026-01-09 20:15:00,204.59,20:15:00
2026-01-09 20:30:00,195.39,20:30:00
2026-01-09 20:45:00,195.36,20:45:00
2026-01-09 21:00:00,201.72,21:00:00
2026-01-09 21:15:00,201.67,21:15:00
2026-01-09 21:30:00,203.59,21:30:00
2026-01-09 21:45:00,203.61,21:45:00
2026-01-09 22:00:00,206.75,22:00:00
2026-01-09 22:15:00,206.83,22:15:00
2026-01-09 22:30:00,204.22,22:30:00
2026-01-09 22:45:00,204.22,22:45:00
2026-01-09 23:00:00,213.23,23:00:00
2026-01-09 23:15:00,213.22,23:15:00
2026-01-09 23:30:00,217.76,23:30:00
2026-01-09 23:45:00,217.77,23:45:00
2026-01-10 00:00:00,203.14,00:00:00
2026-01-10 00:15:00,203.21,00:15:00
2026-01-10 00:30:00,213.89,00:30:00
2026-01-10 00:45:00,213.89,00:45:00
2026-01-10 01:00:00,223.87,01:00:00
2026-01-10 01:15:00,223.88,01:15:00
2026-01-10 01:30:00,240.08,01:30:00
2026-01-10 01:45:00,240.09,01:45:00
2026-01-10 02:00:00,232.73,02:00:00
2026-01-10 02:15:00,232.73,02:15:00
2026-01-10 02:30:00,251.57,02:30:00
2026-01-10 02:45:00,251.6,02:45:00
2026-01-10 03:00:00,248.18,03:00:00
2026-01-10 03:15:00,248.17,03:15:00
2026-01-10 03:30:00,254.96,03:30:00
2026-01-10 03:45:00,254.97,03:45:00
2026-01-10 04:00:00,252.1,04:00:00
2026-01-10 04:15:00,252.11,04:15:00
2026-01-10 04:30:00,261.44,04:30:00
2026-01-10 04:45:00,261.43,04:45:00
2026-01-10 05:00:00,261.58,05:00:00
2026-01-10 05:15:00,261.57,05:15:00
2026-01-10 05:30:00,274.66,05:30:00
2026-01-10 05:45:00,274.59,05:45:00
2026-01-10 06:00:00,271.44,06:00:00
2026-01-10 06:15:00,271.4,06:15:00
2026-01-10 06:30:00,266.05,06:30:00
2026-01-10 06:45:00,266.2,06:45:00
2026-01-10 07:00:00,269.44,07:00:00
2026-01-10 07:15:00,269.48,07:15:00
2026-01-10 07:30:00,277.15,07:30:00
2026-01-10 07:45:00,277.16,07:45:00
2026-01-10 08:00:00,277.9,08:00:00
2026-01-10 08:15:00,277.86,08:15:00
2026-01-10 08:30:00,295.86,08:30:00
2026-01-10 08:45:00,295.95,08:45:00
2026-01-10 09:00:00,306.91,09:00:00
2026-01-10 09:15:00,306.99,09:15:00
2026-01-10 09:30:00,306.51,09:30:00
2026-01-10 09:45:00,306.55,09:45:00
2026-01-10 10:00:00,302.5,10:00:00
2026-01-10 10:15:00,302.63,10:15:00
2026-01-10 10:30:00,305.6,10:30:00
2026-01-10 10:45:00,305.73,10:45:00
2026-01-10 11:00:00,307.41,11:00:00
2026-01-10 11:15:00,307.45,11:15:00
2026-01-10 11:30:00,303.93,11:30:00
2026-01-10 11:45:00,304.04,11:45:00
2026-01-10 12:00:00,298.73,12:00:00
2026-01-10 12:15:00,298.82,12:15:00
2026-01-10 12:30:00,281.83,12:30:00
2026-01-10 12:45:00,282.0,12:45:00
2026-01-10 13:00:00,284.33,13:00:00
2026-01-10 13:15:00,284.51,13:15:00
2026-01-10 13:30:00,283.36,13:30:00
2026-01-10 13:45:00,283.47,13:45:00
2026-01-10 14:00:00,275.89,14:00:00
2026-01-10 14:15:00,276.07,14:15:00
2026-01-10 14:30:00,271.29,14:30:00
2026-01-10 14:45:00,271.35,14:45:00
2026-01-10 15:00:00,260.24,15:00:00
2026-01-10 15:15:00,260.32,15:15:00
2026-01-10 15:30:00,258.18,15:30:00
2026-01-10 15:45:00,258.2,15:45:00
2026-01-10 16:00:00,258.27,16:00:00
2026-01-10 16:15:00,258.28,16:15:00
2026-01-10 16:30:00,244.96,16:30:00
2026-01-10 16:45:00,244.93,16:45:00
2026-01-10 17:00:00,223.15,17:00:00
2026-01-10 17:15:00,223.14,17:15:00
2026-01-10 17:30:00,215.59,17:30:00
2026-01-10 17:45:00,215.57,17:45:00
2026-01-10 18:00:00,197.94,18:00:00
2026-01-10 18:15:00,197.94,18:15:00
2026-01-10 18:30:00,171.21,18:30:00
2026-01-10 18:45:00,171.2,18:45:00
2026-01-10 19:00:00,151.63,19:00:00
2026-01-10 19:15:00,151.63,19:15:00
2026-01-10 19:30:00,133.76,19:30:00
2026-01-10 19:45:00,133.76,19:45:00
2026-01-10 20:00:00,112.1,20:00:00
2026-01-10 20:15:00,112.1,20:15:00
2026-01-10 20:30:00,81.43,20:30:00
2026-01-10 20:45:00,81.43,20:45:00
2026-01-10 21:00:00,59.25,21:00:00
2026-01-10 21:15:00,59.25,21:15:00
2026-01-10 21:30:00,58.8,21:30:00
2026-01-10 21:45:00,58.8,21:45:00
2026-01-10 22:00:00,59.59,22:00:00
2026-01-10 22:15:00,59.59,22:15:00
2026-01-10 22:30:00,60.11,22:30:00
2026-01-10 22:45:00,60.11,22:45:00
2026-01-10 23:00:00,62.19,23:00:00
2026-01-10 23:15:00,62.19,23:15:00
2026-01-10 23:30:00,63.48,23:30:00
2026-01-10 23:45:00,63.48,23:45:00
2026-01-11 00:00:00,64.14,00:00:00
2026-01-11 00:15:00,64.14,00:15:00
2026-01-11 00:30:00,62.4,00:30:00
2026-01-11 00:45:00,62.4,00:45:00
2026-01-11 01:00:00,62.42,01:00:00
2026-01-11 01:15:00,62.42,01:15:00
2026-01-11 01:30:00,63.63,01:30:00
2026-01-11 01:45:00,63.63,01:45:00
2026-01-11 02:00:00,63.59,02:00:00
2026-01-11 02:15:00,63.59,02:15:00
2026-01-11 02:30:00,64.3,02:30:00
2026-01-11 02:45:00,64.3,02:45:00
2026-01-11 03:00:00,65.38,03:00:00
2026-01-11 03:15:00,65.38,03:15:00
2026-01-11 03:30:00,67.18,03:30:00
2026-01-11 03:45:00,67.18,03:45:00
2026-01-11 04:00:00,67.62,04:00:00
2026-01-11 04:15:00,67.62,04:15:00
2026-01-11 04:30:00,67.84,04:30:00
2026-01-11 04:45:00,67.84,04:45:00
2026-01-11 05:00:00,71.74,05:00:00
2026-01-11 05:15:00,71.74,05:15:00
2026-01-11 05:30:00,69.0,05:30:00
2026-01-11 05:45:00,69.0,05:45:00
2026-01-11 06:00:00,70.09,06:00:00
2026-01-11 06:15:00,70.09,06:15:00
2026-01-11 06:30:00,72.85,06:30:00
2026-01-11 06:45:00,72.85,06:45:00
2026-01-11 07:00:00,74.05,07:00:00
2026-01-11 07:15:00,74.05,07:15:00
2026-01-11 07:30:00,74.09,07:30:00
2026-01-11 07:45:00,74.09,07:45:00
2026-01-11 08:00:00,76.06,08:00:00
2026-01-11 08:15:00,76.06,08:15:00
2026-01-11 08:30:00,78.34,08:30:00
2026-01-11 08:45:00,78.34,08:45:00
2026-01-11 09:00:00,71.74,09:00:00
2026-01-11 09:15:00,71.74,09:15:00
2026-01-11 09:30:00,75.28,09:30:00
2026-01-11 09:45:00,75.28,09:45:00
2026-01-11 10:00:00,78.77,10:00:00
2026-01-11 10:15:00,78.77,10:15:00
2026-01-11 10:30:00,73.63,10:30:00
2026-01-11 10:45:00,73.63,10:45:00
2026-01-11 11:00:00,67.38,11:00:00
2026-01-11 11:15:00,67.38,11:15:00
2026-01-11 11:30:00,72.14,11:30:00
2026-01-11 11:45:00,72.14,11:45:00
2026-01-11 12:00:00,70.12,12:00:00
2026-01-11 12:15:00,70.12,12:15:00
2026-01-11 12:30:00,66.92,12:30:00
2026-01-11 12:45:00,66.92,12:45:00
2026-01-11 13:00:00,64.11,13:00:00
2026-01-11 13:15:00,64.11,13:15:00
2026-01-11 13:30:00,82.9,13:30:00
2026-01-11 13:45:00,82.9,13:45:00
2026-01-11 14:00:00,81.52,14:00:00
2026-01-11 14:15:00,81.52,14:15:00
2026-01-11 14:30:00,81.16,14:30:00
2026-01-11 14:45:00,81.16,14:45:00
2026-01-11 15:00:00,74.64,15:00:00
2026-01-11 15:15:00,74.64,15:15:00
2026-01-11 15:30:00,72.82,15:30:00
2026-01-11 15:45:00,72.82,15:45:00
2026-01-11 16:00:00,72.94,16:00:00
2026-01-11 16:15:00,72.94,16:15:00
2026-01-11 16:30:00,75.05,16:30:00
2026-01-11 16:45:00,75.05,16:45:00
2026-01-11 17:00:00,72.94,17:00:00
2026-01-11 17:15:00,72.94,17:15:00
2026-01-11 17:30:00,76.1,17:30:00
2026-01-11 17:45:00,76.1,17:45:00
2026-01-11 18:00:00,74.24,18:00:00
2026-01-11 18:15:00,74.24,18:15:00
2026-01-11 18:30:00,73.62,18:30:00
2026-01-11 18:45:00,73.62,18:45:00
2026-01-11 19:00:00,71.0,19:00:00
2026-01-11 19:15:00,71.0,19:15:00
2026-01-11 19:30:00,71.52,19:30:00
2026-01-11 19:45:00,71.52,19:45:00
2026-01-11 20:00:00,64.62,20:00:00
2026-01-11 20:15:00,64.62,20:15:00
2026-01-11 20:30:00,64.42,20:30:00
2026-01-11 20:45:00,64.42,20:45:00
2026-01-11 21:00:00,69.28,21:00:00
2026-01-11 21:15:00,69.28,21:15:00
2026-01-11 21:30:00,68.69,21:30:00
2026-01-11 21:45:00,68.69,21:45:00
2026-01-11 22:00:00,72.72,22:00:00
2026-01-11 22:15:00,72.72,22:15:00
2026-01-11 22:30:00,72.57,22:30:00
2026-01-11 22:45:00,72.57,22:45:00
2026-01-11 23:00:00,68.17,23:00:00
2026-01-11 23:15:00,68.17,23:15:00
2026-01-11 23:30:00,69.01,23:30:00
2026-01-11 23:45:00,69.01,23:45:00
2026-01-12 00:00:00,67.89,00:00:00
2026-01-12 00:15:00,67.89,00:15:00
2026-01-12 00:30:00,67.11,00:30:00
2026-01-12 00:45:00,67.11,00:45:00
2026-01-12 01:00:00,66.11,01:00:00
2026-01-12 01:15:00,66.11,01:15:00
2026-01-12 01:30:00,67.91,01:30:00
2026-01-12 01:45:00,67.91,01:45:00
2026-01-12 02:00:00,68.25,02:00:00
2026-01-12 02:15:00,68.25,02:15:00
2026-01-12 02:30:00,71.54,02:30:00
2026-01-12 02:45:00,71.54,02:45:00
2026-01-12 03:00:00,71.71,03:00:00
2026-01-12 03:15:00,71.71,03:15:00
2026-01-12 03:30:00,71.86,03:30:00
2026-01-12 03:45:00,71.86,03:45:00
2026-01-12 04:00:00,74.76,04:00:00
2026-01-12 04:15:00,74.76,04:15:00
2026-01-12 04:30:00,78.02,04:30:00
2026-01-12 04:45:00,78.02,04:45:00
2026-01-12 05:00:00,86.29,05:00:00
2026-01-12 05:15:00,86.29,05:15:00
2026-01-12 05:30:00,83.68,05:30:00
2026-01-12 05:45:00,83.68,05:45:00
2026-01-12 06:00:00,102.65,06:00:00
2026-01-12 06:15:00,102.65,06:15:00
2026-01-12 06:30:00,114.68,06:30:00
2026-01-12 06:45:00,114.68,06:45:00
2026-01-12 07:00:00,131.1,07:00:00
2026-01-12 07:15:00,131.1,07:15:00
2026-01-12 07:30:00,164.24,07:30:00
2026-01-12 07:45:00,164.24,07:45:00
2026-01-12 08:00:00,182.5,08:00:00
2026-01-12 08:15:00,182.5,08:15:00
2026-01-12 08:30:00,184.65,08:30:00
2026-01-12 08:45:00,184.65,08:45:00
2026-01-12 09:00:00,187.56,09:00:00
2026-01-12 09:15:00,187.55,09:15:00
2026-01-12 09:30:00,188.36,09:30:00
2026-01-12 09:45:00,188.36,09:45:00
2026-01-12 10:00:00,189.07,10:00:00
2026-01-12 10:15:00,189.07,10:15:00
2026-01-12 10:30:00,189.4,10:30:00
2026-01-12 10:45:00,189.41,10:45:00
2026-01-12 11:00:00,189.93,11:00:00
2026-01-12 11:15:00,189.93,11:15:00
2026-01-12 11:30:00,179.87,11:30:00
2026-01-12 11:45:00,179.86,11:45:00
2026-01-12 12:00:00,167.49,12:00:00
2026-01-12 12:15:00,167.49,12:15:00
2026-01-12 12:30:00,166.86,12:30:00
2026-01-12 12:45:00,166.86,12:45:00
2026-01-12 13:00:00,160.72,13:00:00
2026-01-12 13:15:00,160.72,13:15:00
2026-01-12 13:30:00,150.01,13:30:00
2026-01-12 13:45:00,150.0,13:45:00
2026-01-12 14:00:00,148.47,14:00:00
2026-01-12 14:15:00,148.47,14:15:00
2026-01-12 14:30:00,140.04,14:30:00
2026-01-12 14:45:00,140.04,14:45:00
2026-01-12 15:00:00,139.24,15:00:00
2026-01-12 15:15:00,139.25,15:15:00
2026-01-12 15:30:00,144.66,15:30:00
2026-01-12 15:45:00,144.67,15:45:00
2026-01-12 16:00:00,170.98,16:00:00
2026-01-12 16:15:00,171.0,16:15:00
2026-01-12 16:30:00,181.57,16:30:00
2026-01-12 16:45:00,181.57,16:45:00
2026-01-12 17:00:00,183.4,17:00:00
2026-01-12 17:15:00,183.37,17:15:00
2026-01-12 17:30:00,186.84,17:30:00
2026-01-12 17:45:00,186.81,17:45:00
2026-01-12 18:00:00,190.91,18:00:00
2026-01-12 18:15:00,190.86,18:15:00
2026-01-12 18:30:00,196.97,18:30:00
2026-01-12 18:45:00,196.95,18:45:00
2026-01-12 19:00:00,201.86,19:00:00
2026-01-12 19:15:00,201.89,19:15:00
2026-01-12 19:30:00,204.02,19:30:00
2026-01-12 19:45:00,204.03,19:45:00
2026-01-12 20:00:00,205.7,20:00:00
2026-01-12 20:15:00,205.71,20:15:00
2026-01-12 20:30:00,203.1,20:30:00
2026-01-12 20:45:00,203.04,20:45:00
2026-01-12 21:00:00,201.9,21:00:00
2026-01-12 21:15:00,201.82,21:15:00
2026-01-12 21:30:00,203.82,21:30:00
2026-01-12 21:45:00,203.78,21:45:00
2026-01-12 22:00:00,204.76,22:00:00
2026-01-12 22:15:00,204.7,22:15:00
2026-01-12 22:30:00,209.61,22:30:00
2026-01-12 22:45:00,209.48,22:45:00
2026-01-12 23:00:00,227.19,23:00:00
2026-01-12 23:15:00,227.07,23:15:00
2026-01-12 23:30:00,228.92,23:30:00
2026-01-12 23:45:00,228.81,23:45:00
2026-01-13 00:00:00,221.87,00:00:00
2026-01-13 00:15:00,221.82,00:15:00
2026-01-13 00:30:00,223.94,00:30:00
2026-01-13 00:45:00,223.95,00:45:00
2026-01-13 01:00:00,239.59,01:00:00
2026-01-13 01:15:00,239.61,01:15:00
2026-01-13 01:30:00,246.8,01:30:00
2026-01-13 01:45:00,246.78,01:45:00
2026-01-13 02:00:00,247.48,02:00:00
2026-01-13 02:15:00,247.45,02:15:00
2026-01-13 02:30:00,245.18,02:30:00
2026-01-13 02:45:00,245.18,02:45:00
2026-01-13 03:00:00,239.74,03:00:00
2026-01-13 03:15:00,239.77,03:15:00
2026-01-13 03:30:00,230.2,03:30:00
2026-01-13 03:45:00,230.25,03:45:00
2026-01-13 04:00:00,226.91,04:00:00
2026-01-13 04:15:00,227.0,04:15:00
2026-01-13 04:30:00,236.54,04:30:00
2026-01-13 04:45:00,236.68,04:45:00
2026-01-13 05:00:00,238.88,05:00:00
2026-01-13 05:15:00,239.07,05:15:00
2026-01-13 05:30:00,247.2,05:30:00
2026-01-13 05:45:00,247.32,05:45:00
2026-01-13 06:00:00,260.96,06:00:00
2026-01-13 06:15:00,261.07,06:15:00
2026-01-13 06:30:00,292.3,06:30:00
2026-01-13 06:45:00,292.31,06:45:00
2026-01-13 07:00:00,286.78,07:00:00
2026-01-13 07:15:00,286.76,07:15:00
2026-01-13 07:30:00,275.62,07:30:00
2026-01-13 07:45:00,275.61,07:45:00
2026-01-13 08:00:00,263.53,08:00:00
2026-01-13 08:15:00,263.52,08:15:00
2026-01-13 08:30:00,237.19,08:30:00
2026-01-13 08:45:00,237.19,08:45:00
2026-01-13 09:00:00,233.36,09:00:00
2026-01-13 09:15:00,233.36,09:15:00
2026-01-13 09:30:00,237.88,09:30:00
2026-01-13 09:45:00,237.84,09:45:00
2026-01-13 10:00:00,239.59,10:00:00
2026-01-13 10:15:00,239.54,10:15:00
2026-01-13 10:30:00,243.06,10:30:00
2026-01-13 10:45:00,243.02,10:45:00
2026-01-13 11:00:00,251.64,11:00:00
2026-01-13 11:15:00,251.6,11:15:00
2026-01-13 11:30:00,253.58,11:30:00
2026-01-13 11:45:00,253.57,11:45:00
2026-01-13 12:00:00,255.99,12:00:00
2026-01-13 12:15:00,255.97,12:15:00
2026-01-13 12:30:00,257.54,12:30:00
2026-01-13 12:45:00,257.58,12:45:00
2026-01-13 13:00:00,254.28,13:00:00
2026-01-13 13:15:00,254.26,13:15:00
2026-01-13 13:30:00,250.05,13:30:00
2026-01-13 13:45:00,250.03,13:45:00
2026-01-13 14:00:00,240.73,14:00:00
2026-01-13 14:15:00,240.69,14:15:00
2026-01-13 14:30:00,249.65,14:30:00
2026-01-13 14:45:00,249.59,14:45:00
2026-01-13 15:00:00,230.16,15:00:00
2026-01-13 15:15:00,230.22,15:15:00
2026-01-13 15:30:00,249.47,15:30:00
2026-01-13 15:45:00,249.52,15:45:00
2026-01-13 16:00:00,267.1,16:00:00
2026-01-13 16:15:00,267.13,16:15:00
2026-01-13 16:30:00,277.32,16:30:00
2026-01-13 16:45:00,277.29,16:45:00
2026-01-13 17:00:00,276.22,17:00:00
2026-01-13 17:15:00,275.97,17:15:00
2026-01-13 17:30:00,270.48,17:30:00
2026-01-13 17:45:00,270.32,17:45:00
2026-01-13 18:00:00,276.09,18:00:00
2026-01-13 18:15:00,275.85,18:15:00
2026-01-13 18:30:00,282.05,18:30:00
2026-01-13 18:45:00,281.89,18:45:00
2026-01-13 19:00:00,287.66,19:00:00
2026-01-13 19:15:00,287.43,19:15:00
2026-01-13 19:30:00,294.47,19:30:00
2026-01-13 19:45:00,294.25,19:45:00
2026-01-13 20:00:00,299.7,20:00:00
2026-01-13 20:15:00,299.49,20:15:00
2026-01-13 20:30:00,297.51,20:30:00
2026-01-13 20:45:00,297.34,20:45:00
2026-01-13 21:00:00,293.85,21:00:00
2026-01-13 21:15:00,293.74,21:15:00
2026-01-13 21:30:00,281.7,21:30:00
2026-01-13 21:45:00,281.87,21:45:00
2026-01-13 22:00:00,254.5,22:00:00
2026-01-13 22:15:00,254.49,22:15:00
2026-01-13 22:30:00,255.19,22:30:00
2026-01-13 22:45:00,255.24,22:45:00
2026-01-13 23:00:00,253.92,23:00:00
2026-01-13 23:15:00,254.0,23:15:00
2026-01-13 23:30:00,251.93,23:30:00
2026-01-13 23:45:00,251.88,23:45:00
2026-01-14 00:00:00,265.48,00:00:00
2026-01-14 00:15:00,265.52,00:15:00
2026-01-14 00:30:00,267.76,00:30:00
2026-01-14 00:45:00,267.76,00:45:00
2026-01-14 01:00:00,243.81,01:00:00
2026-01-14 01:15:00,243.83,01:15:00
2026-01-14 01:30:00,223.5,01:30:00
2026-01-14 01:45:00,223.52,01:45:00
2026-01-14 02:00:00,233.2,02:00:00
2026-01-14 02:15:00,233.19,02:15:00
2026-01-14 02:30:00,225.14,02:30:00
2026-01-14 02:45:00,225.16,02:45:00
2026-01-14 03:00:00,209.17,03:00:00
2026-01-14 03:15:00,209.17,03:15:00
2026-01-14 03:30:00,189.67,03:30:00
2026-01-14 03:45:00,189.67,03:45:00
2026-01-14 04:00:00,184.53,04:00:00
2026-01-14 04:15:00,184.56,04:15:00
2026-01-14 04:30:00,172.68,04:30:00
2026-01-14 04:45:00,172.71,04:45:00
2026-01-14 05:00:00,155.41,05:00:00
2026-01-14 05:15:00,155.41,05:15:00
2026-01-14 05:30:00,158.06,05:30:00
2026-01-14 05:45:00,158.06,05:45:00
2026-01-14 06:00:00,150.65,06:00:00
2026-01-14 06:15:00,150.65,06:15:00
2026-01-14 06:30:00,149.83,06:30:00
2026-01-14 06:45:00,149.83,06:45:00
2026-01-14 07:00:00,160.64,07:00:00
2026-01-14 07:15:00,160.64,07:15:00
2026-01-14 07:30:00,157.73,07:30:00
2026-01-14 07:45:00,157.73,07:45:00
2026-01-14 08:00:00,151.42,08:00:00
2026-01-14 08:15:00,151.42,08:15:00
2026-01-14 08:30:00,145.21,08:30:00
2026-01-14 08:45:00,145.21,08:45:00
2026-01-14 09:00:00,141.86,09:00:00
2026-01-14 09:15:00,141.86,09:15:00
2026-01-14 09:30:00,151.23,09:30:00
2026-01-14 09:45:00,151.23,09:45:00
2026-01-14 10:00:00,147.54,10:00:00
2026-01-14 10:15:00,147.54,10:15:00
2026-01-14 10:30:00,148.93,10:30:00
2026-01-14 10:45:00,148.93,10:45:00
2026-01-14 11:00:00,140.5,11:00:00
2026-01-14 11:15:00,140.5,11:15:00
2026-01-14 11:30:00,138.41,11:30:00
2026-01-14 11:45:00,138.41,11:45:00
2026-01-14 12:00:00,135.9,12:00:00
2026-01-14 12:15:00,135.9,12:15:00
2026-01-14 12:30:00,140.35,12:30:00
2026-01-14 12:45:00,140.35,12:45:00
2026-01-14 13:00:00,148.43,13:00:00
2026-01-14 13:15:00,148.43,13:15:00
2026-01-14 13:30:00,143.32,13:30:00
2026-01-14 13:45:00,143.32,13:45:00
2026-01-14 14:00:00,143.49,14:00:00
2026-01-14 14:15:00,143.49,14:15:00
2026-01-14 14:30:00,159.25,14:30:00
2026-01-14 14:45:00,159.25,14:45:00
2026-01-14 15:00:00,172.39,15:00:00
2026-01-14 15:15:00,172.39,15:15:00
2026-01-14 15:30:00,192.39,15:30:00
2026-01-14 15:45:00,192.39,15:45:00
2026-01-14 16:00:00,196.86,16:00:00
2026-01-14 16:15:00,196.86,16:15:00
2026-01-14 16:30:00,204.85,16:30:00
2026-01-14 16:45:00,204.85,16:45:00
2026-01-14 17:00:00,218.03,17:00:00
2026-01-14 17:15:00,218.02,17:15:00
2026-01-14 17:30:00,209.68,17:30:00
2026-01-14 17:45:00,209.66,17:45:00
2026-01-14 18:00:00,201.77,18:00:00
2026-01-14 18:15:00,201.78,18:15:00
2026-01-14 18:30:00,189.18,18:30:00
2026-01-14 18:45:00,189.19,18:45:00
2026-01-14 19:00:00,197.44,19:00:00
2026-01-14 19:15:00,197.43,19:15:00
2026-01-14 19:30:00,187.34,19:30:00
2026-01-14 19:45:00,187.33,19:45:00
2026-01-14 20:00:00,185.41,20:00:00
2026-01-14 20:15:00,185.38,20:15:00
2026-01-14 20:30:00,193.14,20:30:00
2026-01-14 20:45:00,193.12,20:45:00
2026-01-14 21:00:00,191.49,21:00:00
2026-01-14 21:15:00,191.5,21:15:00
2026-01-14 21:30:00,182.21,21:30:00
2026-01-14 21:45:00,182.14,21:45:00
2026-01-14 22:00:00,162.74,22:00:00
2026-01-14 22:15:00,162.7,22:15:00
2026-01-14 22:30:00,141.44,22:30:00
2026-01-14 22:45:00,141.35,22:45:00
2026-01-14 23:00:00,169.65,23:00:00
2026-01-14 23:15:00,169.58,23:15:00
2026-01-14 23:30:00,173.71,23:30:00
2026-01-14 23:45:00,173.65,23:45:00
2026-01-15 00:00:00,157.12,00:00:00
2026-01-15 00:15:00,157.1,00:15:00
2026-01-15 00:30:00,148.83,00:30:00
2026-01-15 00:45:00,148.85,00:45:00
2026-01-15 01:00:00,143.13,01:00:00
2026-01-15 01:15:00,143.1,01:15:00
2026-01-15 01:30:00,141.63,01:30:00
2026-01-15 01:45:00,141.62,01:45:00
2026-01-15 02:00:00,159.63,02:00:00
2026-01-15 02:15:00,159.66,02:15:00
2026-01-15 02:30:00,156.43,02:30:00
2026-01-15 02:45:00,156.43,02:45:00
2026-01-15 03:00:00,152.55,03:00:00
2026-01-15 03:15:00,152.52,03:15:00
2026-01-15 03:30:00,154.03,03:30:00
2026-01-15 03:45:00,154.01,03:45:00
2026-01-15 04:00:00,147.59,04:00:00
2026-01-15 04:15:00,147.61,04:15:00
2026-01-15 04:30:00,150.39,04:30:00
2026-01-15 04:45:00,150.39,04:45:00
2026-01-15 05:00:00,163.87,05:00:00
2026-01-15 05:15:00,163.95,05:15:00
2026-01-15 05:30:00,171.31,05:30:00
2026-01-15 05:45:00,171.42,05:45:00
2026-01-15 06:00:00,184.61,06:00:00
2026-01-15 06:15:00,184.7,06:15:00
2026-01-15 06:30:00,205.97,06:30:00
2026-01-15 06:45:00,206.02,06:45:00
2026-01-15 07:00:00,220.22,07:00:00
2026-01-15 07:15:00,220.27,07:15:00
2026-01-15 07:30:00,237.35,07:30:00
2026-01-15 07:45:00,237.25,07:45:00
2026-01-15 08:00:00,241.53,08:00:00
2026-01-15 08:15:00,241.39,08:15:00
2026-01-15 08:30:00,254.78,08:30:00
2026-01-15 08:45:00,254.64,08:45:00
2026-01-15 09:00:00,254.24,09:00:00
2026-01-15 09:15:00,254.06,09:15:00
2026-01-15 09:30:00,253.24,09:30:00
2026-01-15 09:45:00,253.15,09:45:00
2026-01-15 10:00:00,253.71,10:00:00
2026-01-15 10:15:00,253.63,10:15:00
2026-01-15 10:30:00,258.64,10:30:00
2026-01-15 10:45:00,258.69,10:45:00
2026-01-15 11:00:00,262.0,11:00:00
2026-01-15 11:15:00,262.0,11:15:00
2026-01-15 11:30:00,265.75,11:30:00
2026-01-15 11:45:00,265.86,11:45:00
2026-01-15 12:00:00,273.32,12:00:00
2026-01-15 12:15:00,273.32,12:15:00
2026-01-15 12:30:00,278.14,12:30:00
2026-01-15 12:45:00,278.26,12:45:00
2026-01-15 13:00:00,276.69,13:00:00
2026-01-15 13:15:00,276.89,13:15:00
2026-01-15 13:30:00,281.09,13:30:00
2026-01-15 13:45:00,281.27,13:45:00
2026-01-15 14:00:00,281.39,14:00:00
2026-01-15 14:15:00,281.6,14:15:00
2026-01-15 14:30:00,289.54,14:30:00
2026-01-15 14:45:00,289.57,14:45:00
2026-01-15 15:00:00,288.1,15:00:00
2026-01-15 15:15:00,288.11,15:15:00
2026-01-15 15:30:00,296.96,15:30:00
2026-01-15 15:45:00,296.97,15:45:00
2026-01-15 16:00:00,300.7,16:00:00
2026-01-15 16:15:00,300.71,16:15:00
2026-01-15 16:30:00,296.96,16:30:00
2026-01-15 16:45:00,296.78,16:45:00
2026-01-15 17:00:00,283.5,17:00:00
2026-01-15 17:15:00,283.28,17:15:00
2026-01-15 17:30:00,275.11,17:30:00
2026-01-15 17:45:00,275.04,17:45:00
2026-01-15 18:00:00,273.94,18:00:00
2026-01-15 18:15:00,273.78,18:15:00
2026-01-15 18:30:00,266.7,18:30:00
2026-01-15 18:45:00,266.6,18:45:00
2026-01-15 19:00:00,253.0,19:00:00
2026-01-15 19:15:00,252.88,19:15:00
2026-01-15 19:30:00,244.77,19:30:00
2026-01-15 19:45:00,244.72,19:45:00
2026-01-15 20:00:00,239.57,20:00:00
2026-01-15 20:15:00,239.44,20:15:00
2026-01-15 20:30:00,237.04,20:30:00
2026-01-15 20:45:00,237.1,20:45:00
2026-01-15 21:00:00,242.99,21:00:00
2026-01-15 21:15:00,243.11,21:15:00
2026-01-15 21:30:00,240.88,21:30:00
2026-01-15 21:45:00,240.77,21:45:00
2026-01-15 22:00:00,251.74,22:00:00
2026-01-15 22:15:00,251.75,22:15:00
2026-01-15 22:30:00,249.33,22:30:00
2026-01-15 22:45:00,249.32,22:45:00
2026-01-15 23:00:00,247.03,23:00:00
2026-01-15 23:15:00,246.96,23:15:00
2026-01-15 23:30:00,259.3,23:30:00
2026-01-15 23:45:00,259.3,23:45:00
2026-01-16 00:00:00,272.42,00:00:00
2026-01-16 00:15:00,272.44,00:15:00
2026-01-16 00:30:00,271.32,00:30:00
2026-01-16 00:45:00,271.34,00:45:00
2026-01-16 01:00:00,260.15,01:00:00
2026-01-16 01:15:00,260.15,01:15:00
2026-01-16 01:30:00,263.21,01:30:00
2026-01-16 01:45:00,263.22,01:45:00
2026-01-16 02:00:00,251.86,02:00:00
2026-01-16 02:15:00,251.83,02:15:00
2026-01-16 02:30:00,256.71,02:30:00
2026-01-16 02:45:00,256.67,02:45:00
2026-01-16 03:00:00,256.31,03:00:00
2026-01-16 03:15:00,256.29,03:15:00
2026-01-16 03:30:00,254.87,03:30:00
2026-01-16 03:45:00,254.88,03:45:00
2026-01-16 04:00:00,251.16,04:00:00
2026-01-16 04:15:00,251.12,04:15:00
2026-01-16 04:30:00,268.73,04:30:00
2026-01-16 04:45:00,268.81,04:45:00
2026-01-16 05:00:00,268.88,05:00:00
2026-01-16 05:15:00,268.89,05:15:00
2026-01-16 05:30:00,265.65,05:30:00
2026-01-16 05:45:00,265.66,05:45:00
2026-01-16 06:00:00,256.94,06:00:00
2026-01-16 06:15:00,256.94,06:15:00
2026-01-16 06:30:00,261.53,06:30:00
2026-01-16 06:45:00,261.53,06:45:00
2026-01-16 07:00:00,251.69,07:00:00
2026-01-16 07:15:00,251.73,07:15:00
2026-01-16 07:30:00,254.15,07:30:00
2026-01-16 07:45:00,254.14,07:45:00
2026-01-16 08:00:00,247.12,08:00:00
2026-01-16 08:15:00,247.1,08:15:00
2026-01-16 08:30:00,244.91,08:30:00
2026-01-16 08:45:00,244.92,08:45:00
2026-01-16 09:00:00,254.73,09:00:00
2026-01-16 09:15:00,254.76,09:15:00
2026-01-16 09:30:00,258.51,09:30:00
2026-01-16 09:45:00,258.54,09:45:00
2026-01-16 10:00:00,254.18,10:00:00
2026-01-16 10:15:00,254.2,10:15:00
2026-01-16 10:30:00,250.71,10:30:00
2026-01-16 10:45:00,250.65,10:45:00
2026-01-16 11:00:00,259.8,11:00:00
2026-01-16 11:15:00,259.79,11:15:00
2026-01-16 11:30:00,257.0,11:30:00
2026-01-16 11:45:00,256.97,11:45:00
2026-01-16 12:00:00,253.57,12:00:00
2026-01-16 12:15:00,253.54,12:15:00
2026-01-16 12:30:00,259.1,12:30:00
2026-01-16 12:45:00,259.03,12:45:00
2026-01-16 13:00:00,275.6,13:00:00
2026-01-16 13:15:00,275.6,13:15:00
2026-01-16 13:30:00,290.7,13:30:00
2026-01-16 13:45:00,290.75,13:45:00
2026-01-16 14:00:00,301.97,14:00:00
2026-01-16 14:15:00,302.06,14:15:00
2026-01-16 14:30:00,313.26,14:30:00
2026-01-16 14:45:00,313.34,14:45:00
2026-01-16 15:00:00,315.69,15:00:00
2026-01-16 15:15:00,315.69,15:15:00
2026-01-16 15:30:00,323.52,15:30:00
2026-01-16 15:45:00,323.5,15:45:00
2026-01-16 16:00:00,321.98,16:00:00
2026-01-16 16:15:00,321.95,16:15:00
2026-01-16 16:30:00,319.44,16:30:00
2026-01-16 16:45:00,319.43,16:45:00
2026-01-16 17:00:00,322.75,17:00:00
2026-01-16 17:15:00,322.75,17:15:00
2026-01-16 17:30:00,326.2,17:30:00
2026-01-16 17:45:00,326.2,17:45:00
2026-01-16 18:00:00,325.9,18:00:00
2026-01-16 18:15:00,325.9,18:15:00
2026-01-16 18:30:00,326.08,18:30:00
2026-01-16 18:45:00,326.08,18:45:00
2026-01-16 19:00:00,325.14,19:00:00
2026-01-16 19:15:00,325.14,19:15:00
2026-01-16 19:30:00,331.07,19:30:00
2026-01-16 19:45:00,331.06,19:45:00
2026-01-16 20:00:00,327.5,20:00:00
2026-01-16 20:15:00,327.49,20:15:00
2026-01-16 20:30:00,330.16,20:30:00
2026-01-16 20:45:00,330.15,20:45:00
2026-01-16 21:00:00,331.24,21:00:00
2026-01-16 21:15:00,331.26,21:15:00
2026-01-16 21:30:00,329.63,21:30:00
2026-01-16 21:45:00,329.63,21:45:00
2026-01-16 22:00:00,333.91,22:00:00
2026-01-16 22:15:00,334.3,22:15:00
2026-01-16 22:30:00,331.86,22:30:00
2026-01-16 22:45:00,332.27,22:45:00
2026-01-16 23:00:00,329.73,23:00:00
2026-01-16 23:15:00,329.69,23:15:00
2026-01-16 23:30:00,331.12,23:30:00
2026-01-16 23:45:00,331.09,23:45:00
2026-01-17 00:00:00,329.89,00:00:00
2026-01-17 00:15:00,329.68,00:15:00
2026-01-17 00:30:00,335.5,00:30:00
2026-01-17 00:45:00,335.59,00:45:00
2026-01-17 01:00:00,334.27,01:00:00
2026-01-17 01:15:00,334.42,01:15:00
2026-01-17 01:30:00,336.96,01:30:00
2026-01-17 01:45:00,336.93,01:45:00
2026-01-17 02:00:00,338.48,02:00:00
2026-01-17 02:15:00,338.46,02:15:00
2026-01-17 02:30:00,340.96,02:30:00
2026-01-17 02:45:00,340.99,02:45:00
2026-01-17 03:00:00,344.56,03:00:00
2026-01-17 03:15:00,344.52,03:15:00
2026-01-17 03:30:00,345.75,03:30:00
2026-01-17 03:45:00,345.68,03:45:00
2026-01-17 04:00:00,344.6,04:00:00
2026-01-17 04:15:00,344.64,04:15:00
2026-01-17 04:30:00,345.19,04:30:00
2026-01-17 04:45:00,345.24,04:45:00
2026-01-17 05:00:00,344.77,05:00:00
2026-01-17 05:15:00,344.85,05:15:00
2026-01-17 05:30:00,344.68,05:30:00
2026-01-17 05:45:00,344.65,05:45:00
2026-01-17 06:00:00,350.0,06:00:00
2026-01-17 06:15:00,349.99,06:15:00
2026-01-17 06:30:00,349.84,06:30:00
2026-01-17 06:45:00,349.85,06:45:00
2026-01-17 07:00:00,353.16,07:00:00
2026-01-17 07:15:00,353.17,07:15:00
2026-01-17 07:30:00,355.98,07:30:00
2026-01-17 07:45:00,356.03,07:45:00
2026-01-17 08:00:00,348.05,08:00:00
2026-01-17 08:15:00,348.06,08:15:00
2026-01-17 08:30:00,345.18,08:30:00
2026-01-17 08:45:00,345.25,08:45:00
2026-01-17 09:00:00,350.18,09:00:00
2026-01-17 09:15:00,350.03,09:15:00
2026-01-17 09:30:00,354.62,09:30:00
2026-01-17 09:45:00,354.62,09:45:00
2026-01-17 10:00:00,355.15,10:00:00
2026-01-17 10:15:00,355.07,10:15:00
2026-01-17 10:30:00,356.49,10:30:00
2026-01-17 10:45:00,356.49,10:45:00
2026-01-17 11:00:00,355.52,11:00:00
2026-01-17 11:15:00,355.53,11:15:00
2026-01-17 11:30:00,355.25,11:30:00
2026-01-17 11:45:00,355.26,11:45:00
2026-01-17 12:00:00,358.85,12:00:00
2026-01-17 12:15:00,358.85,12:15:00
2026-01-17 12:30:00,361.36,12:30:00
2026-01-17 12:45:00,361.52,12:45:00
2026-01-17 13:00:00,359.51,13:00:00
2026-01-17 13:15:00,359.58,13:15:00
2026-01-17 13:30:00,361.33,13:30:00
2026-01-17 13:45:00,361.37,13:45:00
2026-01-17 14:00:00,363.56,14:00:00
2026-01-17 14:15:00,363.7,14:15:00
2026-01-17 14:30:00,362.88,14:30:00
2026-01-17 14:45:00,362.87,14:45:00
2026-01-17 15:00:00,366.85,15:00:00
2026-01-17 15:15:00,366.88,15:15:00
2026-01-17 15:30:00,367.64,15:30:00
2026-01-17 15:45:00,367.63,15:45:00
2026-01-17 16:00:00,366.71,16:00:00
2026-01-17 16:15:00,366.72,16:15:00
2026-01-17 16:30:00,368.13,16:30:00
2026-01-17 16:45:00,368.09,16:45:00
2026-01-17 17:00:00,370.82,17:00:00
2026-01-17 17:15:00,370.73,17:15:00
2026-01-17 17:30:00,368.95,17:30:00
2026-01-17 17:45:00,368.94,17:45:00
2026-01-17 18:00:00,363.5,18:00:00
2026-01-17 18:15:00,363.41,18:15:00
2026-01-17 18:30:00,363.78,18:30:00
2026-01-17 18:45:00,363.76,18:45:00
2026-01-17 19:00:00,363.55,19:00:00
2026-01-17 19:15:00,363.52,19:15:00
2026-01-17 19:30:00,362.03,19:30:00
2026-01-17 19:45:00,362.01,19:45:00
2026-01-17 20:00:00,359.74,20:00:00
2026-01-17 20:15:00,359.66,20:15:00
2026-01-17 20:30:00,359.04,20:30:00
2026-01-17 20:45:00,359.03,20:45:00
2026-01-17 21:00:00,362.31,21:00:00
2026-01-17 21:15:00,362.26,21:15:00
2026-01-17 21:30:00,360.5,21:30:00
2026-01-17 21:45:00,360.32,21:45:00
2026-01-17 22:00:00,362.19,22:00:00
2026-01-17 22:15:00,362.1,22:15:00
2026-01-17 22:30:00,356.22,22:30:00
2026-01-17 22:45:00,356.16,22:45:00
2026-01-17 23:00:00,343.65,23:00:00
2026-01-17 23:15:00,343.55,23:15:00
2026-01-17 23:30:00,356.45,23:30:00
2026-01-17 23:45:00,356.41,23:45:00
2026-01-18 00:00:00,367.42,00:00:00
2026-01-18 00:15:00,367.45,00:15:00
2026-01-18 00:30:00,367.47,00:30:00
2026-01-18 00:45:00,367.49,00:45:00
2026-01-18 01:00:00,364.02,01:00:00
2026-01-18 01:15:00,364.0,01:15:00
2026-01-18 01:30:00,362.44,01:30:00
2026-01-18 01:45:00,362.4,01:45:00
2026-01-18 02:00:00,357.02,02:00:00
2026-01-18 02:15:00,356.92,02:15:00
2026-01-18 02:30:00,356.58,02:30:00
2026-01-18 02:45:00,356.48,02:45:00
2026-01-18 03:00:00,354.03,03:00:00
2026-01-18 03:15:00,354.09,03:15:00
2026-01-18 03:30:00,348.71,03:30:00
2026-01-18 03:45:00,348.7,03:45:00
2026-01-18 04:00:00,353.31,04:00:00
2026-01-18 04:15:00,353.3,04:15:00
2026-01-18 04:30:00,345.21,04:30:00
2026-01-18 04:45:00,345.25,04:45:00
2026-01-18 05:00:00,340.75,05:00:00
2026-01-18 05:15:00,340.77,05:15:00
2026-01-18 05:30:00,333.8,05:30:00
2026-01-18 05:45:00,333.85,05:45:00
2026-01-18 06:00:00,333.72,06:00:00
2026-01-18 06:15:00,333.71,06:15:00
2026-01-18 06:30:00,327.07,06:30:00
2026-01-18 06:45:00,327.12,06:45:00
2026-01-18 07:00:00,325.29,07:00:00
2026-01-18 07:15:00,325.31,07:15:00
2026-01-18 07:30:00,318.9,07:30:00
2026-01-18 07:45:00,318.92,07:45:00
2026-01-18 08:00:00,312.94,08:00:00
2026-01-18 08:15:00,312.94,08:15:00
2026-01-18 08:30:00,300.11,08:30:00
2026-01-18 08:45:00,300.07,08:45:00
2026-01-18 09:00:00,297.35,09:00:00
2026-01-18 09:15:00,297.31,09:15:00
2026-01-18 09:30:00,275.77,09:30:00
2026-01-18 09:45:00,275.92,09:45:00
2026-01-18 10:00:00,271.49,10:00:00
2026-01-18 10:15:00,271.48,10:15:00
2026-01-18 10:30:00,273.69,10:30:00
2026-01-18 10:45:00,273.69,10:45:00
2026-01-18 11:00:00,267.97,11:00:00
2026-01-18 11:15:00,268.02,11:15:00
2026-01-18 11:30:00,274.81,11:30:00
2026-01-18 11:45:00,274.83,11:45:00
2026-01-18 12:00:00,269.54,12:00:00
2026-01-18 12:15:00,269.5,12:15:00
2026-01-18 12:30:00,265.39,12:30:00
2026-01-18 12:45:00,265.4,12:45:00
2026-01-18 13:00:00,273.18,13:00:00
2026-01-18 13:15:00,273.12,13:15:00
2026-01-18 13:30:00,272.48,13:30:00
2026-01-18 13:45:00,272.45,13:45:00
2026-01-18 14:00:00,276.13,14:00:00
2026-01-18 14:15:00,276.12,14:15:00
2026-01-18 14:30:00,284.79,14:30:00
2026-01-18 14:45:00,284.81,14:45:00
2026-01-18 15:00:00,281.87,15:00:00
2026-01-18 15:15:00,281.89,15:15:00
2026-01-18 15:30:00,279.13,15:30:00
2026-01-18 15:45:00,279.08,15:45:00
2026-01-18 16:00:00,268.78,16:00:00
2026-01-18 16:15:00,268.82,16:15:00
2026-01-18 16:30:00,276.39,16:30:00
2026-01-18 16:45:00,276.42,16:45:00
2026-01-18 17:00:00,267.14,17:00:00
2026-01-18 17:15:00,267.18,17:15:00
2026-01-18 17:30:00,256.1,17:30:00
2026-01-18 17:45:00,256.09,17:45:00
2026-01-18 18:00:00,239.08,18:00:00
2026-01-18 18:15:00,239.07,18:15:00
2026-01-18 18:30:00,230.97,18:30:00
2026-01-18 18:45:00,230.97,18:45:00
2026-01-18 19:00:00,215.86,19:00:00
2026-01-18 19:15:00,215.85,19:15:00
2026-01-18 19:30:00,205.68,19:30:00
2026-01-18 19:45:00,205.68,19:45:00
2026-01-18 20:00:00,191.89,20:00:00
2026-01-18 20:15:00,191.89,20:15:00
2026-01-18 20:30:00,173.92,20:30:00
2026-01-18 20:45:00,173.92,20:45:00
2026-01-18 21:00:00,163.42,21:00:00
2026-01-18 21:15:00,163.42,21:15:00
2026-01-18 21:30:00,154.32,21:30:00
2026-01-18 21:45:00,154.32,21:45:00
2026-01-18 22:00:00,149.71,22:00:00
2026-01-18 22:15:00,149.71,22:15:00
2026-01-18 22:30:00,149.46,22:30:00
2026-01-18 22:45:00,149.46,22:45:00
2026-01-18 23:00:00,153.23,23:00:00
2026-01-18 23:15:00,153.23,23:15:00
2026-01-18 23:30:00,163.73,23:30:00
2026-01-18 23:45:00,163.73,23:45:00
2026-01-19 00:00:00,179.71,00:00:00
2026-01-19 00:15:00,179.71,00:15:00
2026-01-19 00:30:00,197.52,00:30:00
2026-01-19 00:45:00,197.52,00:45:00
2026-01-19 01:00:00,212.82,01:00:00
2026-01-19 01:15:00,212.83,01:15:00
2026-01-19 01:30:00,222.03,01:30:00
2026-01-19 01:45:00,222.04,01:45:00
2026-01-19 02:00:00,232.74,02:00:00
2026-01-19 02:15:00,232.76,02:15:00
2026-01-19 02:30:00,239.79,02:30:00
2026-01-19 02:45:00,239.77,02:45:00
2026-01-19 03:00:00,242.79,03:00:00
2026-01-19 03:15:00,242.81,03:15:00
2026-01-19 03:30:00,221.02,03:30:00
2026-01-19 03:45:00,221.08,03:45:00
2026-01-19 04:00:00,213.53,04:00:00
2026-01-19 04:15:00,213.59,04:15:00
2026-01-19 04:30:00,208.87,04:30:00
2026-01-19 04:45:00,208.83,04:45:00
2026-01-19 05:00:00,215.23,05:00:00
2026-01-19 05:15:00,215.22,05:15:00
2026-01-19 05:30:00,238.44,05:30:00
2026-01-19 05:45:00,238.45,05:45:00
2026-01-19 06:00:00,244.01,06:00:00
2026-01-19 06:15:00,244.02,06:15:00
2026-01-19 06:30:00,273.63,06:30:00
2026-01-19 06:45:00,273.63,06:45:00
2026-01-19 07:00:00,290.06,07:00:00
2026-01-19 07:15:00,290.06,07:15:00
2026-01-19 07:30:00,310.86,07:30:00
2026-01-19 07:45:00,310.83,07:45:00
2026-01-19 08:00:00,311.37,08:00:00
2026-01-19 08:15:00,311.31,08:15:00
2026-01-19 08:30:00,310.5,08:30:00
2026-01-19 08:45:00,310.42,08:45:00
2026-01-19 09:00:00,307.01,09:00:00
2026-01-19 09:15:00,306.78,09:15:00
2026-01-19 09:30:00,308.97,09:30:00
2026-01-19 09:45:00,309.06,09:45:00
2026-01-19 10:00:00,309.37,10:00:00
2026-01-19 10:15:00,309.34,10:15:00
2026-01-19 10:30:00,314.91,10:30:00
2026-01-19 10:45:00,314.83,10:45:00
2026-01-19 11:00:00,315.47,11:00:00
2026-01-19 11:15:00,315.34,11:15:00
2026-01-19 11:30:00,320.33,11:30:00
2026-01-19 11:45:00,320.14,11:45:00
2026-01-19 12:00:00,329.54,12:00:00
2026-01-19 12:15:00,329.44,12:15:00
2026-01-19 12:30:00,329.63,12:30:00
2026-01-19 12:45:00,329.92,12:45:00
2026-01-19 13:00:00,336.38,13:00:00
2026-01-19 13:15:00,336.66,13:15:00
2026-01-19 13:30:00,340.39,13:30:00
2026-01-19 13:45:00,340.38,13:45:00
2026-01-19 14:00:00,345.12,14:00:00
2026-01-19 14:15:00,345.26,14:15:00
2026-01-19 14:30:00,345.46,14:30:00
2026-01-19 14:45:00,345.53,14:45:00
2026-01-19 15:00:00,348.42,15:00:00
2026-01-19 15:15:00,348.46,15:15:00
2026-01-19 15:30:00,351.95,15:30:00
2026-01-19 15:45:00,351.99,15:45:00
2026-01-19 16:00:00,354.75,16:00:00
2026-01-19 16:15:00,354.8,16:15:00
2026-01-19 16:30:00,355.42,16:30:00
2026-01-19 16:45:00,355.33,16:45:00
2026-01-19 17:00:00,357.0,17:00:00
2026-01-19 17:15:00,356.9,17:15:00
2026-01-19 17:30:00,356.04,17:30:00
2026-01-19 17:45:00,355.92,17:45:00
2026-01-19 18:00:00,357.81,18:00:00
2026-01-19 18:15:00,357.65,18:15:00
2026-01-19 18:30:00,351.73,18:30:00
2026-01-19 18:45:00,351.7,18:45:00
2026-01-19 19:00:00,345.1,19:00:00
2026-01-19 19:15:00,345.1,19:15:00
2026-01-19 19:30:00,339.06,19:30:00
2026-01-19 19:45:00,339.07,19:45:00
2026-01-19 20:00:00,328.52,20:00:00
2026-01-19 20:15:00,328.55,20:15:00
2026-01-19 20:30:00,309.48,20:30:00
2026-01-19 20:45:00,309.43,20:45:00
2026-01-19 21:00:00,293.71,21:00:00
2026-01-19 21:15:00,293.66,21:15:00
2026-01-19 21:30:00,276.08,21:30:00
2026-01-19 21:45:00,276.03,21:45:00
2026-01-19 22:00:00,240.96,22:00:00
2026-01-19 22:15:00,240.96,22:15:00
2026-01-19 22:30:00,213.42,22:30:00
2026-01-19 22:45:00,213.4,22:45:00
2026-01-19 23:00:00,183.75,23:00:00
2026-01-19 23:15:00,183.75,23:15:00
2026-01-19 23:30:00,160.12,23:30:00
2026-01-19 23:45:00,160.15,23:45:00
2026-01-20 00:00:00,127.91,00:00:00
2026-01-20 00:15:00,127.98,00:15:00
2026-01-20 00:30:00,125.06,00:30:00
2026-01-20 00:45:00,125.1,00:45:00
2026-01-20 01:00:00,96.01,01:00:00
2026-01-20 01:15:00,96.09,01:15:00
2026-01-20 01:30:00,95.91,01:30:00
2026-01-20 01:45:00,95.93,01:45:00
2026-01-20 02:00:00,95.1,02:00:00
2026-01-20 02:15:00,95.15,02:15:00
2026-01-20 02:30:00,91.12,02:30:00
2026-01-20 02:45:00,91.15,02:45:00
2026-01-20 03:00:00,84.53,03:00:00
2026-01-20 03:15:00,84.53,03:15:00
2026-01-20 03:30:00,90.27,03:30:00
2026-01-20 03:45:00,90.27,03:45:00
2026-01-20 04:00:00,101.83,04:00:00
2026-01-20 04:15:00,101.83,04:15:00
2026-01-20 04:30:00,110.86,04:30:00
2026-01-20 04:45:00,110.86,04:45:00
2026-01-20 05:00:00,103.39,05:00:00
2026-01-20 05:15:00,103.39,05:15:00
2026-01-20 05:30:00,82.61,05:30:00
2026-01-20 05:45:00,82.61,05:45:00
2026-01-20 06:00:00,77.19,06:00:00
2026-01-20 06:15:00,77.19,06:15:00
2026-01-20 06:30:00,98.96,06:30:00
2026-01-20 06:45:00,98.96,06:45:00
2026-01-20 07:00:00,126.25,07:00:00
2026-01-20 07:15:00,126.25,07:15:00
2026-01-20 07:30:00,130.12,07:30:00
2026-01-20 07:45:00,130.12,07:45:00
2026-01-20 08:00:00,134.18,08:00:00
2026-01-20 08:15:00,134.18,08:15:00
2026-01-20 08:30:00,136.06,08:30:00
2026-01-20 08:45:00,136.04,08:45:00
2026-01-20 09:00:00,142.89,09:00:00
2026-01-20 09:15:00,142.89,09:15:00
2026-01-20 09:30:00,161.75,09:30:00
2026-01-20 09:45:00,161.72,09:45:00
2026-01-20 10:00:00,177.56,10:00:00
2026-01-20 10:15:00,177.56,10:15:00
2026-01-20 10:30:00,173.2,10:30:00
2026-01-20 10:45:00,173.2,10:45:00
2026-01-20 11:00:00,169.06,11:00:00
2026-01-20 11:15:00,169.06,11:15:00
2026-01-20 11:30:00,178.82,11:30:00
2026-01-20 11:45:00,178.82,11:45:00
2026-01-20 12:00:00,166.07,12:00:00
2026-01-20 12:15:00,166.07,12:15:00
2026-01-20 12:30:00,147.37,12:30:00
2026-01-20 12:45:00,147.37,12:45:00
2026-01-20 13:00:00,141.23,13:00:00
2026-01-20 13:15:00,141.23,13:15:00
2026-01-20 13:30:00,136.51,13:30:00
2026-01-20 13:45:00,136.51,13:45:00
2026-01-20 14:00:00,114.53,14:00:00
2026-01-20 14:15:00,114.53,14:15:00
2026-01-20 14:30:00,113.16,14:30:00
2026-01-20 14:45:00,113.16,14:45:00
2026-01-20 15:00:00,98.9,15:00:00
2026-01-20 15:15:00,98.9,15:15:00
2026-01-20 15:30:00,107.3,15:30:00
2026-01-20 15:45:00,107.3,15:45:00
2026-01-20 16:00:00,123.33,16:00:00
2026-01-20 16:15:00,123.33,16:15:00
2026-01-20 16:30:00,121.22,16:30:00
2026-01-20 16:45:00,121.22,16:45:00
2026-01-20 17:00:00,136.9,17:00:00
2026-01-20 17:15:00,136.91,17:15:00
2026-01-20 17:30:00,139.98,17:30:00
2026-01-20 17:45:00,140.01,17:45:00
2026-01-20 18:00:00,122.17,18:00:00
2026-01-20 18:15:00,122.2,18:15:00
2026-01-20 18:30:00,122.18,18:30:00
2026-01-20 18:45:00,122.22,18:45:00
2026-01-20 19:00:00,123.33,19:00:00
2026-01-20 19:15:00,123.34,19:15:00
2026-01-20 19:30:00,130.64,19:30:00
2026-01-20 19:45:00,130.66,19:45:00
2026-01-20 20:00:00,146.8,20:00:00
2026-01-20 20:15:00,146.8,20:15:00
2026-01-20 20:30:00,149.49,20:30:00
2026-01-20 20:45:00,149.49,20:45:00
2026-01-20 21:00:00,149.05,21:00:00
2026-01-20 21:15:00,149.05,21:15:00
2026-01-20 21:30:00,156.24,21:30:00
2026-01-20 21:45:00,156.24,21:45:00
2026-01-20 22:00:00,152.34,22:00:00
2026-01-20 22:15:00,152.34,22:15:00
2026-01-20 22:30:00,152.09,22:30:00
2026-01-20 22:45:00,152.09,22:45:00
2026-01-20 23:00:00,161.78,23:00:00
2026-01-20 23:15:00,161.78,23:15:00
2026-01-20 23:30:00,170.48,23:30:00
2026-01-20 23:45:00,170.48,23:45:00
2026-01-21 00:00:00,170.41,00:00:00
2026-01-21 00:15:00,170.41,00:15:00
2026-01-21 00:30:00,173.06,00:30:00
2026-01-21 00:45:00,173.06,00:45:00
2026-01-21 01:00:00,166.88,01:00:00
2026-01-21 01:15:00,166.86,01:15:00
2026-01-21 01:30:00,176.26,01:30:00
2026-01-21 01:45:00,176.23,01:45:00
2026-01-21 02:00:00,171.35,02:00:00
2026-01-21 02:15:00,171.29,02:15:00
2026-01-21 02:30:00,163.79,02:30:00
2026-01-21 02:45:00,163.75,02:45:00
2026-01-21 03:00:00,166.01,03:00:00
2026-01-21 03:15:00,166.01,03:15:00
2026-01-21 03:30:00,165.45,03:30:00
2026-01-21 03:45:00,165.44,03:45:00
2026-01-21 04:00:00,143.2,04:00:00
2026-01-21 04:15:00,143.2,04:15:00
2026-01-21 04:30:00,123.69,04:30:00
2026-01-21 04:45:00,123.69,04:45:00
2026-01-21 05:00:00,114.73,05:00:00
2026-01-21 05:15:00,114.73,05:15:00
2026-01-21 05:30:00,110.34,05:30:00
2026-01-21 05:45:00,110.34,05:45:00
2026-01-21 06:00:00,135.44,06:00:00
2026-01-21 06:15:00,135.44,06:15:00
2026-01-21 06:30:00,156.92,06:30:00
2026-01-21 06:45:00,156.92,06:45:00
2026-01-21 07:00:00,149.69,07:00:00
2026-01-21 07:15:00,149.69,07:15:00
2026-01-21 07:30:00,159.97,07:30:00
2026-01-21 07:45:00,159.97,07:45:00
2026-01-21 08:00:00,158.23,08:00:00
2026-01-21 08:15:00,158.22,08:15:00
2026-01-21 08:30:00,142.17,08:30:00
2026-01-21 08:45:00,142.16,08:45:00
2026-01-21 09:00:00,138.33,09:00:00
2026-01-21 09:15:00,138.31,09:15:00
2026-01-21 09:30:00,140.86,09:30:00
2026-01-21 09:45:00,140.85,09:45:00
2026-01-21 10:00:00,141.23,10:00:00
2026-01-21 10:15:00,141.2,10:15:00
2026-01-21 10:30:00,144.04,10:30:00
2026-01-21 10:45:00,144.03,10:45:00
2026-01-21 11:00:00,145.86,11:00:00
2026-01-21 11:15:00,145.86,11:15:00
2026-01-21 11:30:00,155.44,11:30:00
2026-01-21 11:45:00,155.43,11:45:00
2026-01-21 12:00:00,159.96,12:00:00
2026-01-21 12:15:00,159.98,12:15:00
2026-01-21 12:30:00,171.23,12:30:00
2026-01-21 12:45:00,171.25,12:45:00
2026-01-21 13:00:00,173.26,13:00:00
2026-01-21 13:15:00,173.28,13:15:00
2026-01-21 13:30:00,168.45,13:30:00
2026-01-21 13:45:00,168.47,13:45:00
2026-01-21 14:00:00,178.81,14:00:00
2026-01-21 14:15:00,178.86,14:15:00
2026-01-21 14:30:00,195.46,14:30:00
2026-01-21 14:45:00,195.47,14:45:00
2026-01-21 15:00:00,211.77,15:00:00
2026-01-21 15:15:00,211.83,15:15:00
2026-01-21 15:30:00,237.62,15:30:00
2026-01-21 15:45:00,237.62,15:45:00
2026-01-21 16:00:00,239.92,16:00:00
2026-01-21 16:15:00,239.93,16:15:00
2026-01-21 16:30:00,254.69,16:30:00
2026-01-21 16:45:00,254.58,16:45:00
2026-01-21 17:00:00,256.25,17:00:00
2026-01-21 17:15:00,256.19,17:15:00
2026-01-21 17:30:00,262.7,17:30:00
2026-01-21 17:45:00,262.64,17:45:00
2026-01-21 18:00:00,268.87,18:00:00
2026-01-21 18:15:00,268.79,18:15:00
2026-01-21 18:30:00,275.57,18:30:00
2026-01-21 18:45:00,275.5,18:45:00
2026-01-21 19:00:00,280.17,19:00:00
2026-01-21 19:15:00,280.13,19:15:00
2026-01-21 19:30:00,279.01,19:30:00
2026-01-21 19:45:00,278.85,19:45:00
2026-01-21 20:00:00,280.64,20:00:00
2026-01-21 20:15:00,280.39,20:15:00
2026-01-21 20:30:00,273.62,20:30:00
2026-01-21 20:45:00,273.43,20:45:00
2026-01-21 21:00:00,273.17,21:00:00
2026-01-21 21:15:00,272.98,21:15:00
2026-01-21 21:30:00,256.98,21:30:00
2026-01-21 21:45:00,256.73,21:45:00
2026-01-21 22:00:00,238.19,22:00:00
2026-01-21 22:15:00,238.01,22:15:00
2026-01-21 22:30:00,227.76,22:30:00
2026-01-21 22:45:00,227.58,22:45:00
2026-01-21 23:00:00,224.75,23:00:00
2026-01-21 23:15:00,224.61,23:15:00
2026-01-21 23:30:00,245.17,23:30:00
2026-01-21 23:45:00,244.88,23:45:00
2026-01-22 00:00:00,240.31,00:00:00
2026-01-22 00:15:00,240.1,00:15:00
2026-01-22 00:30:00,243.48,00:30:00
2026-01-22 00:45:00,243.24,00:45:00
2026-01-22 01:00:00,242.76,01:00:00
2026-01-22 01:15:00,242.52,01:15:00
2026-01-22 01:30:00,247.63,01:30:00
2026-01-22 01:45:00,247.39,01:45:00
2026-01-22 02:00:00,254.31,02:00:00
2026-01-22 02:15:00,254.05,02:15:00
2026-01-22 02:30:00,262.55,02:30:00
2026-01-22 02:45:00,262.4,02:45:00
2026-01-22 03:00:00,264.25,03:00:00
2026-01-22 03:15:00,264.28,03:15:00
2026-01-22 03:30:00,267.15,03:30:00
2026-01-22 03:45:00,267.31,03:45:00
2026-01-22 04:00:00,267.35,04:00:00
2026-01-22 04:15:00,267.55,04:15:00
2026-01-22 04:30:00,270.05,04:30:00
2026-01-22 04:45:00,270.2,04:45:00
2026-01-22 05:00:00,278.32,05:00:00
2026-01-22 05:15:00,278.51,05:15:00
2026-01-22 05:30:00,273.2,05:30:00
2026-01-22 05:45:00,273.21,05:45:00
2026-01-22 06:00:00,263.42,06:00:00
2026-01-22 06:15:00,263.36,06:15:00
2026-01-22 06:30:00,278.2,06:30:00
2026-01-22 06:45:00,278.16,06:45:00
2026-01-22 07:00:00,268.34,07:00:00
2026-01-22 07:15:00,268.53,07:15:00
2026-01-22 07:30:00,281.62,07:30:00
2026-01-22 07:45:00,281.53,07:45:00
2026-01-22 08:00:00,280.73,08:00:00
2026-01-22 08:15:00,280.63,08:15:00
2026-01-22 08:30:00,277.5,08:30:00
2026-01-22 08:45:00,277.54,08:45:00
2026-01-22 09:00:00,276.12,09:00:00
2026-01-22 09:15:00,276.27,09:15:00
2026-01-22 09:30:00,268.44,09:30:00
2026-01-22 09:45:00,268.73,09:45:00
2026-01-22 10:00:00,265.71,10:00:00
2026-01-22 10:15:00,266.0,10:15:00
2026-01-22 10:30:00,265.5,10:30:00
2026-01-22 10:45:00,265.78,10:45:00
2026-01-22 11:00:00,274.17,11:00:00
2026-01-22 11:15:00,274.34,11:15:00
2026-01-22 11:30:00,272.36,11:30:00
2026-01-22 11:45:00,272.37,11:45:00
2026-01-22 12:00:00,277.22,12:00:00
2026-01-22 12:15:00,277.19,12:15:00
2026-01-22 12:30:00,280.93,12:30:00
2026-01-22 12:45:00,280.96,12:45:00
2026-01-22 13:00:00,286.13,13:00:00
2026-01-22 13:15:00,286.04,13:15:00
2026-01-22 13:30:00,293.31,13:30:00
2026-01-22 13:45:00,293.46,13:45:00
2026-01-22 14:00:00,293.22,14:00:00
2026-01-22 14:15:00,293.39,14:15:00
2026-01-22 14:30:00,297.57,14:30:00
2026-01-22 14:45:00,297.84,14:45:00
2026-01-22 15:00:00,304.66,15:00:00
2026-01-22 15:15:00,304.93,15:15:00
2026-01-22 15:30:00,301.84,15:30:00
2026-01-22 15:45:00,301.9,15:45:00
2026-01-22 16:00:00,309.4,16:00:00
2026-01-22 16:15:00,309.35,16:15:00
2026-01-22 16:30:00,315.59,16:30:00
2026-01-22 16:45:00,315.35,16:45:00
2026-01-22 17:00:00,323.69,17:00:00
2026-01-22 17:15:00,323.31,17:15:00
2026-01-22 17:30:00,323.74,17:30:00
2026-01-22 17:45:00,323.38,17:45:00
2026-01-22 18:00:00,322.83,18:00:00
2026-01-22 18:15:00,322.76,18:15:00
2026-01-22 18:30:00,317.2,18:30:00
2026-01-22 18:45:00,317.03,18:45:00
2026-01-22 19:00:00,314.17,19:00:00
2026-01-22 19:15:00,314.02,19:15:00
2026-01-22 19:30:00,315.53,19:30:00
2026-01-22 19:45:00,315.3,19:45:00
2026-01-22 20:00:00,318.88,20:00:00
2026-01-22 20:15:00,318.51,20:15:00
2026-01-22 20:30:00,315.88,20:30:00
2026-01-22 20:45:00,315.56,20:45:00
2026-01-22 21:00:00,316.43,21:00:00
2026-01-22 21:15:00,315.96,21:15:00
2026-01-22 21:30:00,312.64,21:30:00
2026-01-22 21:45:00,312.13,21:45:00
2026-01-22 22:00:00,311.16,22:00:00
2026-01-22 22:15:00,310.87,22:15:00
2026-01-22 22:30:00,301.85,22:30:00
2026-01-22 22:45:00,301.54,22:45:00
2026-01-22 23:00:00,287.44,23:00:00
2026-01-22 23:15:00,287.29,23:15:00
2026-01-22 23:30:00,279.3,23:30:00
2026-01-22 23:45:00,279.18,23:45:00
2026-01-23 00:00:00,284.56,00:00:00
2026-01-23 00:15:00,284.53,00:15:00
2026-01-23 00:30:00,286.1,00:30:00
2026-01-23 00:45:00,285.86,00:45:00
2026-01-23 01:00:00,275.73,01:00:00
2026-01-23 01:15:00,275.6,01:15:00
2026-01-23 01:30:00,265.89,01:30:00
2026-01-23 01:45:00,265.63,01:45:00
2026-01-23 02:00:00,260.22,02:00:00
2026-01-23 02:15:00,259.94,02:15:00
2026-01-23 02:30:00,246.67,02:30:00
2026-01-23 02:45:00,246.45,02:45:00
2026-01-23 03:00:00,245.96,03:00:00
2026-01-23 03:15:00,245.95,03:15:00
2026-01-23 03:30:00,243.0,03:30:00
2026-01-23 03:45:00,243.08,03:45:00
2026-01-23 04:00:00,225.09,04:00:00
2026-01-23 04:15:00,225.23,04:15:00
2026-01-23 04:30:00,220.37,04:30:00
2026-01-23 04:45:00,220.55,04:45:00
2026-01-23 05:00:00,218.72,05:00:00
2026-01-23 05:15:00,218.83,05:15:00
2026-01-23 05:30:00,204.9,05:30:00
2026-01-23 05:45:00,204.98,05:45:00
2026-01-23 06:00:00,222.09,06:00:00
2026-01-23 06:15:00,222.11,06:15:00
2026-01-23 06:30:00,216.79,06:30:00
2026-01-23 06:45:00,216.76,06:45:00
2026-01-23 07:00:00,191.16,07:00:00
2026-01-23 07:15:00,191.16,07:15:00
2026-01-23 07:30:00,191.3,07:30:00
2026-01-23 07:45:00,191.26,07:45:00
2026-01-23 08:00:00,184.38,08:00:00
2026-01-23 08:15:00,184.3,08:15:00
2026-01-23 08:30:00,177.69,08:30:00
2026-01-23 08:45:00,177.74,08:45:00
2026-01-23 09:00:00,172.77,09:00:00
2026-01-23 09:15:00,172.76,09:15:00
2026-01-23 09:30:00,168.78,09:30:00
2026-01-23 09:45:00,168.84,09:45:00
2026-01-23 10:00:00,164.86,10:00:00
2026-01-23 10:15:00,164.86,10:15:00
2026-01-23 10:30:00,152.7,10:30:00
2026-01-23 10:45:00,152.7,10:45:00
2026-01-23 11:00:00,153.89,11:00:00
2026-01-23 11:15:00,153.93,11:15:00
2026-01-23 11:30:00,166.45,11:30:00
2026-01-23 11:45:00,166.46,11:45:00
2026-01-23 12:00:00,162.04,12:00:00
2026-01-23 12:15:00,162.03,12:15:00
2026-01-23 12:30:00,184.13,12:30:00
2026-01-23 12:45:00,184.13,12:45:00
2026-01-23 13:00:00,187.23,13:00:00
2026-01-23 13:15:00,187.23,13:15:00
2026-01-23 13:30:00,191.72,13:30:00
2026-01-23 13:45:00,191.72,13:45:00
2026-01-23 14:00:00,192.29,14:00:00
2026-01-23 14:15:00,192.29,14:15:00
2026-01-23 14:30:00,191.33,14:30:00
2026-01-23 14:45:00,191.33,14:45:00
2026-01-23 15:00:00,195.98,15:00:00
2026-01-23 15:15:00,195.98,15:15:00
2026-01-23 15:30:00,197.37,15:30:00
2026-01-23 15:45:00,197.37,15:45:00
2026-01-23 16:00:00,193.28,16:00:00
2026-01-23 16:15:00,193.28,16:15:00
2026-01-23 16:30:00,190.22,16:30:00
2026-01-23 16:45:00,190.22,16:45:00
2026-01-23 17:00:00,186.55,17:00:00
2026-01-23 17:15:00,186.55,17:15:00
2026-01-23 17:30:00,185.36,17:30:00
2026-01-23 17:45:00,185.36,17:45:00
2026-01-23 18:00:00,166.96,18:00:00
2026-01-23 18:15:00,166.95,18:15:00
2026-01-23 18:30:00,162.27,18:30:00
2026-01-23 18:45:00,162.27,18:45:00
2026-01-23 19:00:00,161.07,19:00:00
2026-01-23 19:15:00,161.07,19:15:00
2026-01-23 19:30:00,164.15,19:30:00
2026-01-23 19:45:00,164.15,19:45:00
2026-01-23 20:00:00,164.44,20:00:00
2026-01-23 20:15:00,164.44,20:15:00
2026-01-23 20:30:00,151.31,20:30:00
2026-01-23 20:45:00,151.31,20:45:00
2026-01-23 21:00:00,140.48,21:00:00
2026-01-23 21:15:00,140.48,21:15:00
2026-01-23 21:30:00,121.84,21:30:00
2026-01-23 21:45:00,121.84,21:45:00
2026-01-23 22:00:00,113.93,22:00:00
2026-01-23 22:15:00,113.93,22:15:00
2026-01-23 22:30:00,106.11,22:30:00
2026-01-23 22:45:00,106.11,22:45:00
2026-01-23 23:00:00,100.77,23:00:00
2026-01-23 23:15:00,100.77,23:15:00
2026-01-23 23:30:00,106.52,23:30:00
2026-01-23 23:45:00,106.52,23:45:00
2026-01-24 00:00:00,109.3,00:00:00
2026-01-24 00:15:00,109.3,00:15:00
2026-01-24 00:30:00,109.15,00:30:00
2026-01-24 00:45:00,109.15,00:45:00
2026-01-24 01:00:00,106.6,01:00:00
2026-01-24 01:15:00,106.6,01:15:00
2026-01-24 01:30:00,108.71,01:30:00
2026-01-24 01:45:00,108.71,01:45:00
2026-01-24 02:00:00,107.8,02:00:00
2026-01-24 02:15:00,107.8,02:15:00
2026-01-24 02:30:00,108.96,02:30:00
2026-01-24 02:45:00,108.96,02:45:00
2026-01-24 03:00:00,109.29,03:00:00
2026-01-24 03:15:00,109.29,03:15:00
2026-01-24 03:30:00,111.71,03:30:00
2026-01-24 03:45:00,111.71,03:45:00
2026-01-24 04:00:00,113.44,04:00:00
2026-01-24 04:15:00,113.44,04:15:00
2026-01-24 04:30:00,111.9,04:30:00
2026-01-24 04:45:00,111.9,04:45:00
2026-01-24 05:00:00,113.34,05:00:00
2026-01-24 05:15:00,113.34,05:15:00
2026-01-24 05:30:00,103.44,05:30:00
2026-01-24 05:45:00,103.44,05:45:00
2026-01-24 06:00:00,96.03,06:00:00
2026-01-24 06:15:00,96.03,06:15:00
2026-01-24 06:30:00,102.09,06:30:00
2026-01-24 06:45:00,102.09,06:45:00
2026-01-24 07:00:00,96.3,07:00:00
2026-01-24 07:15:00,96.3,07:15:00
2026-01-24 07:30:00,106.06,07:30:00
2026-01-24 07:45:00,106.06,07:45:00
2026-01-24 08:00:00,119.09,08:00:00
2026-01-24 08:15:00,119.07,08:15:00
2026-01-24 08:30:00,109.7,08:30:00
2026-01-24 08:45:00,109.68,08:45:00
2026-01-24 09:00:00,111.4,09:00:00
2026-01-24 09:15:00,111.36,09:15:00
2026-01-24 09:30:00,114.19,09:30:00
2026-01-24 09:45:00,114.15,09:45:00
2026-01-24 10:00:00,126.65,10:00:00
2026-01-24 10:15:00,126.64,10:15:00
2026-01-24 10:30:00,136.46,10:30:00
2026-01-24 10:45:00,136.47,10:45:00
2026-01-24 11:00:00,146.25,11:00:00
2026-01-24 11:15:00,146.28,11:15:00
2026-01-24 11:30:00,146.0,11:30:00
2026-01-24 11:45:00,146.02,11:45:00
2026-01-24 12:00:00,148.24,12:00:00
2026-01-24 12:15:00,148.31,12:15:00
2026-01-24 12:30:00,146.71,12:30:00
2026-01-24 12:45:00,146.76,12:45:00
2026-01-24 13:00:00,150.31,13:00:00
2026-01-24 13:15:00,150.38,13:15:00
2026-01-24 13:30:00,152.37,13:30:00
2026-01-24 13:45:00,152.21,13:45:00
2026-01-24 14:00:00,152.58,14:00:00
2026-01-24 14:15:00,152.6,14:15:00
2026-01-24 14:30:00,153.96,14:30:00
2026-01-24 14:45:00,153.8,14:45:00
2026-01-24 15:00:00,155.63,15:00:00
2026-01-24 15:15:00,155.64,15:15:00
2026-01-24 15:30:00,158.32,15:30:00
2026-01-24 15:45:00,158.33,15:45:00
2026-01-24 16:00:00,158.61,16:00:00
2026-01-24 16:15:00,158.63,16:15:00
2026-01-24 16:30:00,157.51,16:30:00
2026-01-24 16:45:00,157.52,16:45:00
2026-01-24 17:00:00,154.94,17:00:00
2026-01-24 17:15:00,154.93,17:15:00
2026-01-24 17:30:00,157.08,17:30:00
2026-01-24 17:45:00,157.09,17:45:00
2026-01-24 18:00:00,167.19,18:00:00
2026-01-24 18:15:00,167.1,18:15:00
2026-01-24 18:30:00,165.29,18:30:00
2026-01-24 18:45:00,165.28,18:45:00
2026-01-24 19:00:00,166.99,19:00:00
2026-01-24 19:15:00,167.0,19:15:00
2026-01-24 19:30:00,169.44,19:30:00
2026-01-24 19:45:00,169.36,19:45:00
2026-01-24 20:00:00,181.61,20:00:00
2026-01-24 20:15:00,181.53,20:15:00
2026-01-24 20:30:00,191.26,20:30:00
2026-01-24 20:45:00,191.11,20:45:00
2026-01-24 21:00:00,195.15,21:00:00
2026-01-24 21:15:00,195.05,21:15:00
2026-01-24 21:30:00,194.27,21:30:00
2026-01-24 21:45:00,194.07,21:45:00
2026-01-24 22:00:00,188.19,22:00:00
2026-01-24 22:15:00,188.21,22:15:00
2026-01-24 22:30:00,188.64,22:30:00
2026-01-24 22:45:00,188.56,22:45:00
2026-01-24 23:00:00,183.89,23:00:00
2026-01-24 23:15:00,183.86,23:15:00
2026-01-24 23:30:00,182.43,23:30:00
2026-01-24 23:45:00,182.38,23:45:00
2026-01-25 00:00:00,184.38,00:00:00
2026-01-25 00:15:00,184.34,00:15:00
2026-01-25 00:30:00,187.69,00:30:00
2026-01-25 00:45:00,187.65,00:45:00
2026-01-25 01:00:00,189.0,01:00:00
2026-01-25 01:15:00,188.95,01:15:00
2026-01-25 01:30:00,179.77,01:30:00
2026-01-25 01:45:00,179.75,01:45:00
2026-01-25 02:00:00,169.32,02:00:00
2026-01-25 02:15:00,169.3,02:15:00
2026-01-25 02:30:00,169.0,02:30:00
2026-01-25 02:45:00,168.98,02:45:00
2026-01-25 03:00:00,173.05,03:00:00
2026-01-25 03:15:00,173.05,03:15:00
2026-01-25 03:30:00,168.42,03:30:00
2026-01-25 03:45:00,168.44,03:45:00
2026-01-25 04:00:00,167.03,04:00:00
2026-01-25 04:15:00,167.03,04:15:00
2026-01-25 04:30:00,171.45,04:30:00
2026-01-25 04:45:00,171.48,04:45:00
2026-01-25 05:00:00,182.42,05:00:00
2026-01-25 05:15:00,182.44,05:15:00
2026-01-25 05:30:00,191.28,05:30:00
2026-01-25 05:45:00,191.31,05:45:00
2026-01-25 06:00:00,200.4,06:00:00
2026-01-25 06:15:00,200.39,06:15:00
2026-01-25 06:30:00,221.91,06:30:00
2026-01-25 06:45:00,221.93,06:45:00
2026-01-25 07:00:00,246.49,07:00:00
2026-01-25 07:15:00,246.61,07:15:00
2026-01-25 07:30:00,257.27,07:30:00
2026-01-25 07:45:00,257.42,07:45:00
2026-01-25 08:00:00,265.42,08:00:00
2026-01-25 08:15:00,265.64,08:15:00
2026-01-25 08:30:00,270.39,08:30:00
2026-01-25 08:45:00,270.55,08:45:00
2026-01-25 09:00:00,271.34,09:00:00
2026-01-25 09:15:00,271.52,09:15:00
2026-01-25 09:30:00,279.81,09:30:00
2026-01-25 09:45:00,279.99,09:45:00
2026-01-25 10:00:00,278.28,10:00:00
2026-01-25 10:15:00,278.36,10:15:00
2026-01-25 10:30:00,285.88,10:30:00
2026-01-25 10:45:00,286.0,10:45:00
2026-01-25 11:00:00,293.26,11:00:00
2026-01-25 11:15:00,293.31,11:15:00
2026-01-25 11:30:00,303.23,11:30:00
2026-01-25 11:45:00,303.28,11:45:00
2026-01-25 12:00:00,300.78,12:00:00
2026-01-25 12:15:00,300.78,12:15:00
2026-01-25 12:30:00,304.36,12:30:00
2026-01-25 12:45:00,304.4,12:45:00
2026-01-25 13:00:00,296.75,13:00:00
2026-01-25 13:15:00,296.76,13:15:00
2026-01-25 13:30:00,296.34,13:30:00
2026-01-25 13:45:00,296.47,13:45:00
2026-01-25 14:00:00,295.24,14:00:00
2026-01-25 14:15:00,295.43,14:15:00
2026-01-25 14:30:00,303.06,14:30:00
2026-01-25 14:45:00,303.15,14:45:00
2026-01-25 15:00:00,303.37,15:00:00
2026-01-25 15:15:00,303.49,15:15:00
2026-01-25 15:30:00,306.22,15:30:00
2026-01-25 15:45:00,306.25,15:45:00
2026-01-25 16:00:00,297.38,16:00:00
2026-01-25 16:15:00,297.37,16:15:00
2026-01-25 16:30:00,300.28,16:30:00
2026-01-25 16:45:00,300.22,16:45:00
2026-01-25 17:00:00,297.76,17:00:00
2026-01-25 17:15:00,297.49,17:15:00
2026-01-25 17:30:00,302.06,17:30:00
2026-01-25 17:45:00,301.9,17:45:00
2026-01-25 18:00:00,304.31,18:00:00
2026-01-25 18:15:00,304.17,18:15:00
2026-01-25 18:30:00,303.2,18:30:00
2026-01-25 18:45:00,303.04,18:45:00
2026-01-25 19:00:00,298.69,19:00:00
2026-01-25 19:15:00,298.57,19:15:00
2026-01-25 19:30:00,293.47,19:30:00
2026-01-25 19:45:00,293.41,19:45:00
2026-01-25 20:00:00,295.01,20:00:00
2026-01-25 20:15:00,294.94,20:15:00
2026-01-25 20:30:00,287.11,20:30:00
2026-01-25 20:45:00,287.1,20:45:00
2026-01-25 21:00:00,282.94,21:00:00
2026-01-25 21:15:00,282.94,21:15:00
2026-01-25 21:30:00,282.46,21:30:00
2026-01-25 21:45:00,282.4,21:45:00
2026-01-25 22:00:00,275.58,22:00:00
2026-01-25 22:15:00,275.58,22:15:00
2026-01-25 22:30:00,271.1,22:30:00
2026-01-25 22:45:00,271.1,22:45:00
2026-01-25 23:00:00,254.07,23:00:00
2026-01-25 23:15:00,254.07,23:15:00
2026-01-25 23:30:00,239.75,23:30:00
2026-01-25 23:45:00,239.75,23:45:00
2026-01-26 00:00:00,219.76,00:00:00
2026-01-26 00:15:00,219.76,00:15:00
2026-01-26 00:30:00,188.53,00:30:00
2026-01-26 00:45:00,188.53,00:45:00
2026-01-26 01:00:00,178.29,01:00:00
2026-01-26 01:15:00,178.29,01:15:00
2026-01-26 01:30:00,168.21,01:30:00
2026-01-26 01:45:00,168.21,01:45:00
2026-01-26 02:00:00,152.58,02:00:00
2026-01-26 02:15:00,152.58,02:15:00
2026-01-26 02:30:00,149.22,02:30:00
2026-01-26 02:45:00,149.22,02:45:00
2026-01-26 03:00:00,128.22,03:00:00
2026-01-26 03:15:00,128.22,03:15:00
2026-01-26 03:30:00,110.75,03:30:00
2026-01-26 03:45:00,110.75,03:45:00
2026-01-26 04:00:00,110.07,04:00:00
2026-01-26 04:15:00,110.07,04:15:00
2026-01-26 04:30:00,101.45,04:30:00
2026-01-26 04:45:00,101.45,04:45:00
2026-01-26 05:00:00,92.42,05:00:00
2026-01-26 05:15:00,92.42,05:15:00
2026-01-26 05:30:00,93.74,05:30:00
2026-01-26 05:45:00,93.74,05:45:00
2026-01-26 06:00:00,95.54,06:00:00
2026-01-26 06:15:00,95.54,06:15:00
2026-01-26 06:30:00,102.42,06:30:00
2026-01-26 06:45:00,102.42,06:45:00
2026-01-26 07:00:00,97.01,07:00:00
2026-01-26 07:15:00,97.01,07:15:00
2026-01-26 07:30:00,112.29,07:30:00
2026-01-26 07:45:00,112.29,07:45:00
2026-01-26 08:00:00,118.16,08:00:00
2026-01-26 08:15:00,118.16,08:15:00
2026-01-26 08:30:00,123.05,08:30:00
2026-01-26 08:45:00,123.05,08:45:00
2026-01-26 09:00:00,132.37,09:00:00
2026-01-26 09:15:00,132.37,09:15:00
2026-01-26 09:30:00,139.45,09:30:00
2026-01-26 09:45:00,139.45,09:45:00
2026-01-26 10:00:00,156.77,10:00:00
2026-01-26 10:15:00,156.77,10:15:00
2026-01-26 10:30:00,176.86,10:30:00
2026-01-26 10:45:00,176.86,10:45:00
2026-01-26 11:00:00,198.15,11:00:00
2026-01-26 11:15:00,198.15,11:15:00
2026-01-26 11:30:00,201.21,11:30:00
2026-01-26 11:45:00,201.21,11:45:00
2026-01-26 12:00:00,201.76,12:00:00
2026-01-26 12:15:00,201.76,12:15:00
2026-01-26 12:30:00,211.94,12:30:00
2026-01-26 12:45:00,211.94,12:45:00
2026-01-26 13:00:00,221.9,13:00:00
2026-01-26 13:15:00,221.9,13:15:00
2026-01-26 13:30:00,232.79,13:30:00
2026-01-26 13:45:00,232.79,13:45:00
2026-01-26 16:00:00,270.82,16:00:00
2026-01-26 16:15:00,270.82,16:15:00
2026-01-26 16:30:00,271.54,16:30:00
2026-01-26 16:45:00,271.53,16:45:00
2026-01-26 17:00:00,275.47,17:00:00
2026-01-26 17:15:00,275.45,17:15:00
2026-01-26 17:30:00,282.1,17:30:00
2026-01-26 17:45:00,282.1,17:45:00
2026-01-26 18:00:00,277.79,18:00:00
2026-01-26 18:15:00,277.78,18:15:00
2026-01-26 18:30:00,274.7,18:30:00
2026-01-26 18:45:00,274.68,18:45:00
2026-01-26 19:00:00,259.22,19:00:00
2026-01-26 19:15:00,259.21,19:15:00
2026-01-26 19:30:00,252.18,19:30:00
2026-01-26 19:45:00,252.12,19:45:00
2026-01-26 20:00:00,243.75,20:00:00
2026-01-26 20:15:00,243.7,20:15:00
2026-01-26 20:30:00,229.98,20:30:00
2026-01-26 20:45:00,229.89,20:45:00
2026-01-26 21:00:00,223.37,21:00:00
2026-01-26 21:15:00,223.29,21:15:00
2026-01-26 21:30:00,206.24,21:30:00
2026-01-26 21:45:00,206.18,21:45:00
2026-01-26 22:00:00,188.84,22:00:00
2026-01-26 22:15:00,188.82,22:15:00
2026-01-26 22:30:00,163.15,22:30:00
2026-01-26 22:45:00,163.15,22:45:00
2026-01-26 23:00:00,130.77,23:00:00
2026-01-26 23:15:00,130.76,23:15:00
2026-01-26 23:30:00,104.42,23:30:00
2026-01-26 23:45:00,104.42,23:45:00
2026-01-27 00:00:00,104.19,00:00:00
2026-01-27 00:15:00,104.19,00:15:00
2026-01-27 00:30:00,107.43,00:30:00
2026-01-27 00:45:00,107.43,00:45:00
2026-01-27 01:00:00,99.51,01:00:00
2026-01-27 01:15:00,99.51,01:15:00
2026-01-27 01:30:00,95.55,01:30:00
2026-01-27 01:45:00,95.55,01:45:00
2026-01-27 02:00:00,95.55,02:00:00
2026-01-27 02:15:00,95.55,02:15:00
2026-01-27 02:30:00,85.18,02:30:00
2026-01-27 02:45:00,85.18,02:45:00
2026-01-27 03:00:00,82.9,03:00:00
2026-01-27 03:15:00,82.9,03:15:00
2026-01-27 03:30:00,83.34,03:30:00
2026-01-27 03:45:00,83.34,03:45:00
2026-01-27 04:00:00,96.98,04:00:00
2026-01-27 04:15:00,96.98,04:15:00
2026-01-27 04:30:00,125.31,04:30:00
2026-01-27 04:45:00,125.31,04:45:00
2026-01-27 05:00:00,140.79,05:00:00
2026-01-27 05:15:00,140.79,05:15:00
2026-01-27 05:30:00,136.26,05:30:00
2026-01-27 05:45:00,136.26,05:45:00
2026-01-27 06:00:00,113.74,06:00:00
2026-01-27 06:15:00,113.74,06:15:00
2026-01-27 06:30:00,103.41,06:30:00
2026-01-27 06:45:00,103.41,06:45:00
2026-01-27 07:00:00,111.92,07:00:00
2026-01-27 07:15:00,111.92,07:15:00
2026-01-27 07:30:00,112.85,07:30:00
2026-01-27 07:45:00,112.85,07:45:00
2026-01-27 08:00:00,95.65,08:00:00
2026-01-27 08:15:00,95.65,08:15:00
2026-01-27 08:30:00,92.0,08:30:00
2026-01-27 08:45:00,92.0,08:45:00
2026-01-27 09:00:00,98.1,09:00:00
2026-01-27 09:15:00,98.1,09:15:00
2026-01-27 09:30:00,104.83,09:30:00
2026-01-27 09:45:00,104.83,09:45:00
2026-01-27 10:00:00,114.27,10:00:00
2026-01-27 10:15:00,114.28,10:15:00
2026-01-27 10:30:00,111.28,10:30:00
2026-01-27 10:45:00,111.31,10:45:00
2026-01-27 11:00:00,126.2,11:00:00
2026-01-27 11:15:00,126.19,11:15:00
2026-01-27 11:30:00,150.88,11:30:00
2026-01-27 11:45:00,150.9,11:45:00
2026-01-27 12:00:00,153.11,12:00:00
2026-01-27 12:15:00,153.11,12:15:00
2026-01-27 12:30:00,177.07,12:30:00
2026-01-27 12:45:00,177.08,12:45:00
2026-01-27 13:00:00,183.74,13:00:00
2026-01-27 13:15:00,183.74,13:15:00
2026-01-27 13:30:00,160.6,13:30:00
2026-01-27 13:45:00,160.6,13:45:00
2026-01-27 14:00:00,130.62,14:00:00
2026-01-27 14:15:00,130.63,14:15:00
2026-01-27 14:30:00,110.47,14:30:00
2026-01-27 14:45:00,110.48,14:45:00
2026-01-27 15:00:00,113.44,15:00:00
2026-01-27 15:15:00,113.45,15:15:00
2026-01-27 15:30:00,105.68,15:30:00
2026-01-27 15:45:00,105.65,15:45:00
2026-01-27 16:00:00,101.83,16:00:00
2026-01-27 16:15:00,101.83,16:15:00
2026-01-27 16:30:00,104.72,16:30:00
2026-01-27 16:45:00,104.73,16:45:00
2026-01-27 17:00:00,110.22,17:00:00
2026-01-27 17:15:00,110.22,17:15:00
2026-01-27 17:30:00,110.4,17:30:00
2026-01-27 17:45:00,110.41,17:45:00
2026-01-27 18:00:00,107.88,18:00:00
2026-01-27 18:15:00,107.87,18:15:00
2026-01-27 18:30:00,110.81,18:30:00
2026-01-27 18:45:00,110.8,18:45:00
2026-01-27 19:00:00,105.63,19:00:00
2026-01-27 19:15:00,105.62,19:15:00
2026-01-27 19:30:00,100.36,19:30:00
2026-01-27 19:45:00,100.36,19:45:00
2026-01-27 20:00:00,103.84,20:00:00
2026-01-27 20:15:00,103.85,20:15:00
2026-01-27 20:30:00,106.77,20:30:00
2026-01-27 20:45:00,106.77,20:45:00
2026-01-27 21:00:00,97.08,21:00:00
2026-01-27 21:15:00,97.08,21:15:00
2026-01-27 21:30:00,95.79,21:30:00
2026-01-27 21:45:00,95.79,21:45:00
2026-01-27 22:00:00,100.38,22:00:00
2026-01-27 22:15:00,100.38,22:15:00
2026-01-27 22:30:00,101.77,22:30:00
2026-01-27 22:45:00,101.77,22:45:00
2026-01-27 23:00:00,113.51,23:00:00
2026-01-27 23:15:00,113.51,23:15:00
2026-01-27 23:30:00,141.72,23:30:00
2026-01-27 23:45:00,141.72,23:45:00
2026-01-28 00:00:00,134.55,00:00:00
2026-01-28 00:15:00,134.55,00:15:00
2026-01-28 00:30:00,121.89,00:30:00
2026-01-28 00:45:00,121.89,00:45:00
2026-01-28 01:00:00,125.57,01:00:00
2026-01-28 01:15:00,125.54,01:15:00
2026-01-28 01:30:00,129.65,01:30:00
2026-01-28 01:45:00,129.67,01:45:00
2026-01-28 02:00:00,125.85,02:00:00
2026-01-28 02:15:00,125.88,02:15:00
2026-01-28 02:30:00,118.13,02:30:00
2026-01-28 02:45:00,118.14,02:45:00
2026-01-28 03:00:00,117.73,03:00:00
2026-01-28 03:15:00,117.73,03:15:00
2026-01-28 03:30:00,125.93,03:30:00
2026-01-28 03:45:00,125.94,03:45:00
2026-01-28 04:00:00,125.86,04:00:00
2026-01-28 04:15:00,125.87,04:15:00
2026-01-28 04:30:00,122.47,04:30:00
2026-01-28 04:45:00,122.47,04:45:00
2026-01-28 05:00:00,120.2,05:00:00
2026-01-28 05:15:00,120.2,05:15:00
2026-01-28 05:30:00,119.52,05:30:00
2026-01-28 05:45:00,119.52,05:45:00
2026-01-28 06:00:00,135.21,06:00:00
2026-01-28 06:15:00,135.21,06:15:00
2026-01-28 06:30:00,147.28,06:30:00
2026-01-28 06:45:00,147.28,06:45:00
2026-01-28 07:00:00,153.69,07:00:00
2026-01-28 07:15:00,153.69,07:15:00
2026-01-28 07:30:00,170.04,07:30:00
2026-01-28 07:45:00,170.04,07:45:00
2026-01-28 08:00:00,177.61,08:00:00
2026-01-28 08:15:00,177.61,08:15:00
2026-01-28 08:30:00,179.01,08:30:00
2026-01-28 08:45:00,179.01,08:45:00
2026-01-28 09:00:00,194.46,09:00:00
2026-01-28 09:15:00,194.46,09:15:00
2026-01-28 09:30:00,204.44,09:30:00
2026-01-28 09:45:00,204.44,09:45:00
2026-01-28 10:00:00,205.95,10:00:00
2026-01-28 10:15:00,205.95,10:15:00
2026-01-28 10:30:00,209.03,10:30:00
2026-01-28 10:45:00,209.03,10:45:00
2026-01-28 11:00:00,203.79,11:00:00
2026-01-28 11:15:00,203.79,11:15:00
2026-01-28 11:30:00,195.36,11:30:00
2026-01-28 11:45:00,195.36,11:45:00
2026-01-28 12:00:00,173.95,12:00:00
2026-01-28 12:15:00,173.95,12:15:00
2026-01-28 12:30:00,166.7,12:30:00
2026-01-28 12:45:00,166.7,12:45:00
2026-01-28 13:00:00,162.92,13:00:00
2026-01-28 13:15:00,162.92,13:15:00
2026-01-28 13:30:00,159.66,13:30:00
2026-01-28 13:45:00,159.66,13:45:00
2026-01-28 14:00:00,149.58,14:00:00
2026-01-28 14:15:00,149.58,14:15:00
2026-01-28 14:30:00,142.08,14:30:00
2026-01-28 14:45:00,142.08,14:45:00
2026-01-28 15:00:00,144.33,15:00:00
2026-01-28 15:15:00,144.33,15:15:00
2026-01-28 15:30:00,145.87,15:30:00
2026-01-28 15:45:00,145.87,15:45:00
2026-01-28 16:00:00,151.68,16:00:00
2026-01-28 16:15:00,151.68,16:15:00
2026-01-28 16:30:00,152.53,16:30:00
2026-01-28 16:45:00,152.53,16:45:00
2026-01-28 17:00:00,155.67,17:00:00
2026-01-28 17:15:00,155.67,17:15:00
2026-01-28 17:30:00,161.44,17:30:00
2026-01-28 17:45:00,161.45,17:45:00
2026-01-28 18:00:00,154.07,18:00:00
2026-01-28 18:15:00,154.07,18:15:00
2026-01-28 18:30:00,156.21,18:30:00
2026-01-28 18:45:00,156.22,18:45:00
2026-01-28 19:00:00,163.21,19:00:00
2026-01-28 19:15:00,163.22,19:15:00
2026-01-28 19:30:00,158.23,19:30:00
2026-01-28 19:45:00,158.22,19:45:00
2026-01-28 20:00:00,168.45,20:00:00
2026-01-28 20:15:00,168.43,20:15:00
2026-01-28 20:30:00,187.75,20:30:00
2026-01-28 20:45:00,187.75,20:45:00
2026-01-28 21:00:00,189.19,21:00:00
2026-01-28 21:15:00,189.19,21:15:00
2026-01-28 21:30:00,192.65,21:30:00
2026-01-28 21:45:00,192.65,21:45:00
2026-01-28 22:00:00,187.65,22:00:00
2026-01-28 22:15:00,187.65,22:15:00
2026-01-28 22:30:00,152.83,22:30:00
2026-01-28 22:45:00,152.83,22:45:00
2026-01-28 23:00:00,135.61,23:00:00
2026-01-28 23:15:00,135.61,23:15:00
2026-01-28 23:30:00,144.38,23:30:00
2026-01-28 23:45:00,144.38,23:45:00
2026-01-29 00:00:00,146.21,00:00:00
2026-01-29 00:15:00,146.21,00:15:00
2026-01-29 00:30:00,143.58,00:30:00
2026-01-29 00:45:00,143.58,00:45:00
2026-01-29 01:00:00,136.81,01:00:00
2026-01-29 01:15:00,136.81,01:15:00
2026-01-29 01:30:00,118.45,01:30:00
2026-01-29 01:45:00,118.45,01:45:00
2026-01-29 02:00:00,107.06,02:00:00
2026-01-29 02:15:00,107.06,02:15:00
2026-01-29 02:30:00,99.61,02:30:00
2026-01-29 02:45:00,99.61,02:45:00
2026-01-29 03:00:00,106.64,03:00:00
2026-01-29 03:15:00,106.64,03:15:00
2026-01-29 03:30:00,117.51,03:30:00
2026-01-29 03:45:00,117.51,03:45:00
2026-01-29 04:00:00,136.3,04:00:00
2026-01-29 04:15:00,136.3,04:15:00
2026-01-29 04:30:00,160.85,04:30:00
2026-01-29 04:45:00,160.85,04:45:00
2026-01-29 05:00:00,168.54,05:00:00
2026-01-29 05:15:00,168.54,05:15:00
2026-01-29 05:30:00,165.15,05:30:00
2026-01-29 05:45:00,165.15,05:45:00
2026-01-29 06:00:00,155.45,06:00:00
2026-01-29 06:15:00,155.45,06:15:00
2026-01-29 06:30:00,166.91,06:30:00
2026-01-29 06:45:00,166.91,06:45:00
2026-01-29 07:00:00,169.38,07:00:00
2026-01-29 07:15:00,169.38,07:15:00
2026-01-29 07:30:00,182.75,07:30:00
2026-01-29 07:45:00,182.75,07:45:00
2026-01-29 08:00:00,177.41,08:00:00
2026-01-29 08:15:00,177.41,08:15:00
2026-01-29 08:30:00,167.0,08:30:00
2026-01-29 08:45:00,167.0,08:45:00
2026-01-29 09:00:00,146.79,09:00:00
2026-01-29 09:15:00,146.79,09:15:00
2026-01-29 09:30:00,145.55,09:30:00
2026-01-29 09:45:00,145.55,09:45:00
2026-01-29 10:00:00,141.85,10:00:00
2026-01-29 10:15:00,141.85,10:15:00
2026-01-29 10:30:00,136.59,10:30:00
2026-01-29 10:45:00,136.59,10:45:00
2026-01-29 11:00:00,133.18,11:00:00
2026-01-29 11:15:00,133.18,11:15:00
2026-01-29 11:30:00,133.2,11:30:00
2026-01-29 11:45:00,133.2,11:45:00
2026-01-29 12:00:00,125.39,12:00:00
2026-01-29 12:15:00,125.39,12:15:00
2026-01-29 12:30:00,122.86,12:30:00
2026-01-29 12:45:00,122.86,12:45:00
2026-01-29 14:00:00,154.15,14:00:00
2026-01-29 14:15:00,154.15,14:15:00
2026-01-29 14:30:00,173.79,14:30:00
2026-01-29 14:45:00,173.79,14:45:00
2026-01-29 15:00:00,181.43,15:00:00
2026-01-29 15:15:00,181.43,15:15:00
2026-01-29 15:30:00,191.54,15:30:00
2026-01-29 15:45:00,191.54,15:45:00
2026-01-29 16:00:00,198.8,16:00:00
2026-01-29 16:15:00,198.8,16:15:00
2026-01-29 16:30:00,201.85,16:30:00
2026-01-29 16:45:00,201.85,16:45:00
2026-01-29 17:00:00,196.43,17:00:00
2026-01-29 17:15:00,196.43,17:15:00
2026-01-29 17:30:00,193.22,17:30:00
2026-01-29 17:45:00,193.22,17:45:00
2026-01-29 18:00:00,196.87,18:00:00
2026-01-29 18:15:00,196.86,18:15:00
2026-01-29 18:30:00,196.5,18:30:00
2026-01-29 18:45:00,196.51,18:45:00
2026-01-29 19:00:00,201.62,19:00:00
2026-01-29 19:15:00,201.61,19:15:00
2026-01-29 19:30:00,203.41,19:30:00
2026-01-29 19:45:00,203.41,19:45:00
2026-01-29 20:00:00,201.47,20:00:00
2026-01-29 20:15:00,201.47,20:15:00
2026-01-29 20:30:00,203.95,20:30:00
2026-01-29 20:45:00,203.95,20:45:00
2026-01-29 21:00:00,207.96,21:00:00
2026-01-29 21:15:00,207.96,21:15:00
2026-01-29 21:30:00,201.83,21:30:00
2026-01-29 21:45:00,201.83,21:45:00
2026-01-29 22:00:00,188.61,22:00:00
2026-01-29 22:15:00,188.61,22:15:00
2026-01-29 22:30:00,171.93,22:30:00
2026-01-29 22:45:00,171.92,22:45:00
2026-01-29 23:00:00,177.69,23:00:00
2026-01-29 23:15:00,177.69,23:15:00
2026-01-29 23:30:00,172.64,23:30:00
2026-01-29 23:45:00,172.64,23:45:00
2026-01-30 00:00:00,161.06,00:00:00
2026-01-30 00:15:00,161.06,00:15:00
2026-01-30 00:30:00,183.89,00:30:00
2026-01-30 00:45:00,183.89,00:45:00
2026-01-30 01:00:00,181.49,01:00:00
2026-01-30 01:15:00,181.49,01:15:00
2026-01-30 01:30:00,161.32,01:30:00
2026-01-30 01:45:00,161.32,01:45:00
2026-01-30 02:00:00,152.2,02:00:00
2026-01-30 02:15:00,152.2,02:15:00
2026-01-30 02:30:00,122.52,02:30:00
2026-01-30 02:45:00,122.52,02:45:00
2026-01-30 03:00:00,106.46,03:00:00
2026-01-30 03:15:00,106.46,03:15:00
2026-01-30 03:30:00,116.98,03:30:00
2026-01-30 03:45:00,116.98,03:45:00
2026-01-30 04:00:00,107.45,04:00:00
2026-01-30 04:15:00,107.46,04:15:00
2026-01-30 04:30:00,107.45,04:30:00
2026-01-30 04:45:00,107.45,04:45:00
2026-01-30 05:00:00,108.12,05:00:00
2026-01-30 05:15:00,108.12,05:15:00
2026-01-30 05:30:00,102.46,05:30:00
2026-01-30 05:45:00,102.46,05:45:00
2026-01-30 06:00:00,116.2,06:00:00
2026-01-30 06:15:00,116.2,06:15:00
2026-01-30 06:30:00,142.35,06:30:00
2026-01-30 06:45:00,142.35,06:45:00
2026-01-30 07:00:00,148.02,07:00:00
2026-01-30 07:15:00,148.02,07:15:00
2026-01-30 07:30:00,168.68,07:30:00
2026-01-30 07:45:00,168.68,07:45:00
2026-01-30 08:00:00,174.61,08:00:00
2026-01-30 08:15:00,174.61,08:15:00
2026-01-30 08:30:00,194.41,08:30:00
2026-01-30 08:45:00,194.41,08:45:00
2026-01-30 09:00:00,211.37,09:00:00
2026-01-30 09:15:00,211.36,09:15:00
2026-01-30 09:30:00,216.82,09:30:00
2026-01-30 09:45:00,216.82,09:45:00
2026-01-30 10:00:00,216.91,10:00:00
2026-01-30 10:15:00,216.87,10:15:00
2026-01-30 10:30:00,221.28,10:30:00
2026-01-30 10:45:00,221.26,10:45:00
2026-01-30 11:00:00,225.1,11:00:00
2026-01-30 11:15:00,225.06,11:15:00
2026-01-30 11:30:00,230.1,11:30:00
2026-01-30 11:45:00,230.07,11:45:00
2026-01-30 12:00:00,226.73,12:00:00
2026-01-30 12:15:00,226.7,12:15:00
2026-01-30 12:30:00,235.3,12:30:00
2026-01-30 12:45:00,235.31,12:45:00
2026-01-30 13:00:00,236.98,13:00:00
2026-01-30 13:15:00,237.0,13:15:00
2026-01-30 13:30:00,249.69,13:30:00
2026-01-30 13:45:00,249.73,13:45:00
2026-01-30 14:00:00,257.54,14:00:00
2026-01-30 14:15:00,257.6,14:15:00
2026-01-30 14:30:00,271.63,14:30:00
2026-01-30 14:45:00,271.63,14:45:00
2026-01-30 15:00:00,279.96,15:00:00
2026-01-30 15:15:00,279.72,15:15:00
2026-01-30 15:30:00,276.27,15:30:00
2026-01-30 15:45:00,276.03,15:45:00
2026-01-30 16:00:00,261.58,16:00:00
2026-01-30 16:15:00,261.47,16:15:00
2026-01-30 16:30:00,249.51,16:30:00
2026-01-30 16:45:00,249.46,16:45:00
2026-01-30 17:00:00,254.62,17:00:00
2026-01-30 17:15:00,254.54,17:15:00
2026-01-30 17:30:00,258.23,17:30:00
2026-01-30 17:45:00,258.22,17:45:00
2026-01-30 18:00:00,261.4,18:00:00
2026-01-30 18:15:00,261.35,18:15:00
2026-01-30 18:30:00,256.7,18:30:00
2026-01-30 18:45:00,256.69,18:45:00
2026-01-30 19:00:00,265.57,19:00:00
2026-01-30 19:15:00,265.5,19:15:00
2026-01-30 19:30:00,264.49,19:30:00
2026-01-30 19:45:00,264.49,19:45:00
2026-01-30 20:00:00,266.77,20:00:00
2026-01-30 20:15:00,266.76,20:15:00
2026-01-30 20:30:00,262.68,20:30:00
2026-01-30 20:45:00,262.59,20:45:00
2026-01-30 21:00:00,260.06,21:00:00
2026-01-30 21:15:00,260.01,21:15:00
2026-01-30 21:30:00,268.88,21:30:00
2026-01-30 21:45:00,269.01,21:45:00
2026-01-30 22:00:00,277.91,22:00:00
2026-01-30 22:15:00,278.17,22:15:00
2026-01-30 22:30:00,275.4,22:30:00
2026-01-30 22:45:00,275.51,22:45:00
2026-01-30 23:00:00,280.12,23:00:00
2026-01-30 23:15:00,280.1,23:15:00
2026-01-30 23:30:00,278.89,23:30:00
2026-01-30 23:45:00,278.8,23:45:00
2026-01-31 00:00:00,277.2,00:00:00
2026-01-31 00:15:00,277.27,00:15:00
2026-01-31 00:30:00,273.81,00:30:00
2026-01-31 00:45:00,273.79,00:45:00
2026-01-31 01:00:00,268.21,01:00:00
2026-01-31 01:15:00,268.23,01:15:00
2026-01-31 01:30:00,268.3,01:30:00
2026-01-31 01:45:00,268.28,01:45:00
2026-01-31 02:00:00,265.67,02:00:00
2026-01-31 02:15:00,265.63,02:15:00
2026-01-31 02:30:00,265.94,02:30:00
2026-01-31 02:45:00,265.9,02:45:00
2026-01-31 03:00:00,264.23,03:00:00
2026-01-31 03:15:00,264.22,03:15:00
2026-01-31 03:30:00,267.04,03:30:00
2026-01-31 03:45:00,267.14,03:45:00
2026-01-31 04:00:00,265.61,04:00:00
2026-01-31 04:15:00,265.53,04:15:00
2026-01-31 04:30:00,264.06,04:30:00
2026-01-31 04:45:00,263.86,04:45:00
2026-01-31 05:00:00,271.35,05:00:00
2026-01-31 05:15:00,271.29,05:15:00
2026-01-31 05:30:00,269.08,05:30:00
2026-01-31 05:45:00,269.08,05:45:00
2026-01-31 06:00:00,281.93,06:00:00
2026-01-31 06:15:00,281.96,06:15:00
2026-01-31 06:30:00,289.84,06:30:00
2026-01-31 06:45:00,289.78,06:45:00
2026-01-31 07:00:00,292.23,07:00:00
2026-01-31 07:15:00,292.17,07:15:00
2026-01-31 07:30:00,302.34,07:30:00
2026-01-31 07:45:00,302.35,07:45:00
2026-01-31 08:00:00,297.88,08:00:00
2026-01-31 08:15:00,297.89,08:15:00
2026-01-31 08:30:00,295.77,08:30:00
2026-01-31 08:45:00,295.74,08:45:00
2026-01-31 09:00:00,293.47,09:00:00
2026-01-31 09:15:00,293.47,09:15:00
2026-01-31 09:30:00,306.89,09:30:00
2026-01-31 09:45:00,306.91,09:45:00
2026-01-31 10:00:00,310.8,10:00:00
2026-01-31 10:15:00,310.8,10:15:00
2026-01-31 10:30:00,306.62,10:30:00
2026-01-31 10:45:00,306.59,10:45:00
2026-01-31 11:00:00,307.85,11:00:00
2026-01-31 11:15:00,307.86,11:15:00
2026-01-31 11:30:00,309.6,11:30:00
2026-01-31 11:45:00,309.6,11:45:00
2026-01-31 12:00:00,311.18,12:00:00
2026-01-31 12:15:00,311.13,12:15:00
2026-01-31 12:30:00,306.1,12:30:00
2026-01-31 12:45:00,306.11,12:45:00
2026-01-31 13:00:00,303.9,13:00:00
2026-01-31 13:15:00,303.92,13:15:00
2026-01-31 13:30:00,290.02,13:30:00
2026-01-31 13:45:00,290.04,13:45:00
2026-01-31 14:00:00,278.57,14:00:00
2026-01-31 14:15:00,278.59,14:15:00
2026-01-31 14:30:00,279.1,14:30:00
2026-01-31 14:45:00,279.03,14:45:00
2026-01-31 15:00:00,278.9,15:00:00
2026-01-31 15:15:00,278.91,15:15:00
2026-01-31 15:30:00,290.49,15:30:00
2026-01-31 15:45:00,290.36,15:45:00
2026-01-31 16:00:00,300.6,16:00:00
2026-01-31 16:15:00,300.63,16:15:00
2026-01-31 16:30:00,309.98,16:30:00
2026-01-31 16:45:00,309.95,16:45:00
2026-01-31 17:00:00,323.56,17:00:00
2026-01-31 17:15:00,323.56,17:15:00
2026-01-31 17:30:00,325.85,17:30:00
2026-01-31 17:45:00,325.89,17:45:00
2026-01-31 18:00:00,328.25,18:00:00
2026-01-31 18:15:00,328.24,18:15:00
2026-01-31 18:30:00,322.93,18:30:00
2026-01-31 18:45:00,322.93,18:45:00
2026-01-31 19:00:00,322.25,19:00:00
2026-01-31 19:15:00,322.24,19:15:00
2026-01-31 19:30:00,318.36,19:30:00
2026-01-31 19:45:00,318.38,19:45:00
2026-01-31 20:00:00,314.59,20:00:00
2026-01-31 20:15:00,314.5,20:15:00
2026-01-31 20:30:00,310.02,20:30:00
2026-01-31 20:45:00,310.0,20:45:00
2026-01-31 21:00:00,312.16,21:00:00
2026-01-31 21:15:00,312.21,21:15:00
2026-01-31 21:30:00,309.9,21:30:00
2026-01-31 21:45:00,309.91,21:45:00
2026-01-31 22:00:00,311.49,22:00:00
2026-01-31 22:15:00,311.45,22:15:00
2026-01-31 22:30:00,305.53,22:30:00
2026-01-31 22:45:00,305.46,22:45:00
2026-01-31 23:00:00,304.21,23:00:00
2026-01-31 23:15:00,304.28,23:15:00
2026-01-31 23:30:00,303.78,23:30:00
2026-01-31 23:45:00,303.82,23:45:00
2026-02-01 00:00:00,304.22,00:00:00
2026-02-01 00:15:00,304.24,00:15:00
2026-02-01 00:30:00,295.92,00:30:00
2026-02-01 00:45:00,295.88,00:45:00
2026-02-01 01:00:00,289.62,01:00:00
2026-02-01 01:15:00,289.58,01:15:00
2026-02-01 01:30:00,271.93,01:30:00
2026-02-01 01:45:00,271.99,01:45:00
2026-02-01 02:00:00,279.01,02:00:00
2026-02-01 02:15:00,279.0,02:15:00
2026-02-01 02:30:00,268.44,02:30:00
2026-02-01 02:45:00,268.42,02:45:00
2026-02-01 03:00:00,256.02,03:00:00
2026-02-01 03:15:00,256.0,03:15:00
2026-02-01 03:30:00,186.66,03:30:00
2026-02-01 03:45:00,186.6,03:45:00
2026-02-01 04:00:00,182.88,04:00:00
2026-02-01 04:15:00,182.87,04:15:00
2026-02-01 04:30:00,198.09,04:30:00
2026-02-01 04:45:00,198.02,04:45:00
2026-02-01 05:00:00,196.21,05:00:00
2026-02-01 05:15:00,196.22,05:15:00
2026-02-01 05:30:00,176.7,05:30:00
2026-02-01 05:45:00,176.69,05:45:00
2026-02-01 06:00:00,162.52,06:00:00
2026-02-01 06:15:00,162.52,06:15:00
2026-02-01 06:30:00,158.61,06:30:00
2026-02-01 06:45:00,158.61,06:45:00
2026-02-01 07:00:00,172.12,07:00:00
2026-02-01 07:15:00,172.12,07:15:00
2026-02-01 07:30:00,171.99,07:30:00
2026-02-01 07:45:00,171.99,07:45:00
2026-02-01 08:00:00,187.54,08:00:00
2026-02-01 08:15:00,187.54,08:15:00
2026-02-01 08:30:00,218.38,08:30:00
2026-02-01 08:45:00,218.38,08:45:00
2026-02-01 09:00:00,213.57,09:00:00
2026-02-01 09:15:00,213.57,09:15:00
2026-02-01 09:30:00,225.57,09:30:00
2026-02-01 09:45:00,225.58,09:45:00
2026-02-01 10:00:00,244.71,10:00:00
2026-02-01 10:15:00,244.72,10:15:00
2026-02-01 10:30:00,278.06,10:30:00
2026-02-01 10:45:00,278.09,10:45:00
2026-02-01 11:00:00,288.36,11:00:00
2026-02-01 11:15:00,288.39,11:15:00
2026-02-01 11:30:00,300.72,11:30:00
2026-02-01 11:45:00,300.72,11:45:00
2026-02-01 12:00:00,282.01,12:00:00
2026-02-01 12:15:00,281.99,12:15:00
2026-02-01 12:30:00,287.71,12:30:00
2026-02-01 12:45:00,287.68,12:45:00
2026-02-01 13:00:00,277.65,13:00:00
2026-02-01 13:15:00,277.65,13:15:00
2026-02-01 13:30:00,284.09,13:30:00
2026-02-01 13:45:00,284.03,13:45:00
2026-02-01 14:00:00,294.18,14:00:00
2026-02-01 14:15:00,294.17,14:15:00
2026-02-01 14:30:00,305.63,14:30:00
2026-02-01 14:45:00,305.65,14:45:00
2026-02-01 15:00:00,308.47,15:00:00
2026-02-01 15:15:00,308.51,15:15:00
2026-02-01 15:30:00,316.83,15:30:00
2026-02-01 15:45:00,316.73,15:45:00
2026-02-01 16:00:00,335.84,16:00:00
2026-02-01 16:15:00,335.82,16:15:00
2026-02-01 16:30:00,344.95,16:30:00
2026-02-01 16:45:00,344.91,16:45:00
2026-02-01 17:00:00,353.02,17:00:00
2026-02-01 17:15:00,353.05,17:15:00
2026-02-01 17:30:00,358.63,17:30:00
2026-02-01 17:45:00,358.64,17:45:00
2026-02-01 18:00:00,359.97,18:00:00
2026-02-01 18:15:00,359.94,18:15:00
2026-02-01 18:30:00,361.17,18:30:00
2026-02-01 18:45:00,361.13,18:45:00
2026-02-01 19:00:00,361.54,19:00:00
2026-02-01 19:15:00,361.6,19:15:00
2026-02-01 19:30:00,359.68,19:30:00
2026-02-01 19:45:00,359.69,19:45:00
2026-02-01 20:00:00,354.44,20:00:00
2026-02-01 20:15:00,354.41,20:15:00
2026-02-01 20:30:00,354.59,20:30:00
2026-02-01 20:45:00,354.57,20:45:00
2026-02-01 21:00:00,344.01,21:00:00
2026-02-01 21:15:00,343.86,21:15:00
2026-02-01 21:30:00,329.32,21:30:00
2026-02-01 21:45:00,329.3,21:45:00
2026-02-01 22:00:00,294.04,22:00:00
2026-02-01 22:15:00,294.22,22:15:00
2026-02-01 22:30:00,266.27,22:30:00
2026-02-01 22:45:00,266.22,22:45:00
2026-02-01 23:00:00,224.31,23:00:00
2026-02-01 23:15:00,224.3,23:15:00
2026-02-01 23:30:00,200.42,23:30:00
2026-02-01 23:45:00,200.53,23:45:00
2026-02-02 00:00:00,179.91,00:00:00
2026-02-02 00:15:00,179.89,00:15:00
2026-02-02 00:30:00,157.81,00:30:00
2026-02-02 00:45:00,157.81,00:45:00
2026-02-02 01:00:00,130.72,01:00:00
2026-02-02 01:15:00,130.77,01:15:00
2026-02-02 01:30:00,116.36,01:30:00
2026-02-02 01:45:00,116.4,01:45:00
2026-02-02 02:00:00,119.59,02:00:00
2026-02-02 02:15:00,119.24,02:15:00
2026-02-02 02:30:00,122.25,02:30:00
2026-02-02 02:45:00,121.97,02:45:00
2026-02-02 03:00:00,119.84,03:00:00
2026-02-02 03:15:00,119.84,03:15:00
2026-02-02 03:30:00,113.72,03:30:00
2026-02-02 03:45:00,113.68,03:45:00
2026-02-02 04:00:00,99.22,04:00:00
2026-02-02 04:15:00,99.22,04:15:00
2026-02-02 04:30:00,95.08,04:30:00
2026-02-02 04:45:00,95.01,04:45:00
2026-02-02 05:00:00,90.04,05:00:00
2026-02-02 05:15:00,90.04,05:15:00
2026-02-02 05:30:00,81.84,05:30:00
2026-02-02 05:45:00,81.84,05:45:00
2026-02-02 06:00:00,84.59,06:00:00
2026-02-02 06:15:00,84.59,06:15:00
2026-02-02 06:30:00,92.47,06:30:00
2026-02-02 06:45:00,92.47,06:45:00
2026-02-02 07:00:00,90.82,07:00:00
2026-02-02 07:15:00,90.82,07:15:00
2026-02-02 07:30:00,79.59,07:30:00
2026-02-02 07:45:00,79.59,07:45:00
2026-02-02 08:00:00,78.85,08:00:00
2026-02-02 08:15:00,78.85,08:15:00
2026-02-02 08:30:00,77.76,08:30:00
2026-02-02 08:45:00,77.76,08:45:00
2026-02-02 09:00:00,79.17,09:00:00
2026-02-02 09:15:00,79.17,09:15:00
2026-02-02 09:30:00,89.04,09:30:00
2026-02-02 09:45:00,89.04,09:45:00
2026-02-02 10:00:00,91.81,10:00:00
2026-02-02 10:15:00,91.81,10:15:00
2026-02-02 10:30:00,89.86,10:30:00
2026-02-02 10:45:00,89.86,10:45:00
2026-02-02 11:00:00,96.62,11:00:00
2026-02-02 11:15:00,96.62,11:15:00
2026-02-02 11:30:00,100.81,11:30:00
2026-02-02 11:45:00,100.81,11:45:00
2026-02-02 12:00:00,100.94,12:00:00
2026-02-02 12:15:00,100.94,12:15:00
2026-02-02 12:30:00,99.11,12:30:00
2026-02-02 12:45:00,99.11,12:45:00
2026-02-02 13:00:00,99.02,13:00:00
2026-02-02 13:15:00,99.02,13:15:00
2026-02-02 13:30:00,94.29,13:30:00
2026-02-02 13:45:00,94.29,13:45:00
2026-02-02 15:00:00,93.17,15:00:00
2026-02-02 15:15:00,93.17,15:15:00
2026-02-02 15:30:00,91.56,15:30:00
2026-02-02 15:45:00,91.56,15:45:00
2026-02-02 16:00:00,96.69,16:00:00
2026-02-02 16:15:00,96.69,16:15:00
2026-02-02 16:30:00,107.74,16:30:00
2026-02-02 16:45:00,107.74,16:45:00
2026-02-02 17:00:00,107.23,17:00:00
2026-02-02 17:15:00,107.23,17:15:00
2026-02-02 17:30:00,108.29,17:30:00
2026-02-02 17:45:00,108.29,17:45:00
2026-02-02 18:00:00,108.92,18:00:00
2026-02-02 18:15:00,108.92,18:15:00
2026-02-02 18:30:00,108.68,18:30:00
2026-02-02 18:45:00,108.68,18:45:00
2026-02-02 19:00:00,106.5,19:00:00
2026-02-02 19:15:00,106.5,19:15:00
2026-02-02 19:30:00,106.96,19:30:00
2026-02-02 19:45:00,106.96,19:45:00
2026-02-02 20:00:00,100.58,20:00:00
2026-02-02 20:15:00,100.58,20:15:00
2026-02-02 20:30:00,88.26,20:30:00
2026-02-02 20:45:00,88.26,20:45:00
2026-02-02 21:00:00,76.35,21:00:00
2026-02-02 21:15:00,76.35,21:15:00
2026-02-02 21:30:00,71.16,21:30:00
2026-02-02 21:45:00,71.16,21:45:00
2026-02-02 22:00:00,59.48,22:00:00
2026-02-02 22:15:00,59.48,22:15:00
2026-02-02 22:30:00,55.1,22:30:00
2026-02-02 22:45:00,55.1,22:45:00
2026-02-02 23:00:00,40.6,23:00:00
2026-02-02 23:15:00,40.6,23:15:00
2026-02-02 23:30:00,41.08,23:30:00
2026-02-02 23:45:00,41.08,23:45:00
2026-02-03 00:00:00,45.88,00:00:00
2026-02-03 00:15:00,45.88,00:15:00
2026-02-03 00:30:00,52.24,00:30:00
2026-02-03 00:45:00,52.24,00:45:00
2026-02-03 01:00:00,54.42,01:00:00
2026-02-03 01:15:00,54.42,01:15:00
2026-02-03 01:30:00,55.61,01:30:00
2026-02-03 01:45:00,55.61,01:45:00
2026-02-03 02:00:00,54.9,02:00:00
2026-02-03 02:15:00,54.9,02:15:00
2026-02-03 02:30:00,54.77,02:30:00
2026-02-03 02:45:00,54.77,02:45:00
2026-02-03 03:00:00,55.38,03:00:00
2026-02-03 03:15:00,55.38,03:15:00
2026-02-03 03:30:00,55.86,03:30:00
2026-02-03 03:45:00,55.86,03:45:00
2026-02-03 04:00:00,55.68,04:00:00
2026-02-03 04:15:00,55.68,04:15:00
2026-02-03 04:30:00,55.63,04:30:00
2026-02-03 04:45:00,55.63,04:45:00
2026-02-03 05:00:00,55.63,05:00:00
2026-02-03 05:15:00,55.63,05:15:00
2026-02-03 05:30:00,55.9,05:30:00
2026-02-03 05:45:00,55.9,05:45:00
2026-02-03 06:00:00,59.39,06:00:00
2026-02-03 06:15:00,59.39,06:15:00
2026-02-03 06:30:00,53.77,06:30:00
2026-02-03 06:45:00,53.77,06:45:00
2026-02-03 07:00:00,51.28,07:00:00
2026-02-03 07:15:00,51.28,07:15:00
2026-02-03 07:30:00,70.36,07:30:00
2026-02-03 07:45:00,70.36,07:45:00
2026-02-03 08:00:00,75.23,08:00:00
2026-02-03 08:15:00,75.28,08:15:00
2026-02-03 08:30:00,77.61,08:30:00
2026-02-03 08:45:00,78.07,08:45:00
2026-02-03 09:00:00,73.36,09:00:00
2026-02-03 09:15:00,73.36,09:15:00
2026-02-03 09:30:00,65.97,09:30:00
2026-02-03 09:45:00,65.97,09:45:00
2026-02-03 13:00:00,89.37,13:00:00
2026-02-03 13:15:00,89.39,13:15:00
2026-02-03 13:30:00,89.26,13:30:00
2026-02-03 13:45:00,89.26,13:45:00
2026-02-03 14:00:00,92.76,14:00:00
2026-02-03 14:15:00,92.77,14:15:00
2026-02-03 14:30:00,89.38,14:30:00
2026-02-03 14:45:00,89.38,14:45:00
2026-02-03 15:00:00,90.59,15:00:00
2026-02-03 15:15:00,90.59,15:15:00
2026-02-03 15:30:00,90.55,15:30:00
2026-02-03 15:45:00,90.54,15:45:00
2026-02-03 16:00:00,93.17,16:00:00
2026-02-03 16:15:00,93.17,16:15:00
2026-02-03 16:30:00,105.86,16:30:00
2026-02-03 16:45:00,105.86,16:45:00
2026-02-03 17:00:00,113.77,17:00:00
2026-02-03 17:15:00,113.77,17:15:00
2026-02-03 17:30:00,112.46,17:30:00
2026-02-03 17:45:00,112.46,17:45:00
2026-02-03 18:00:00,99.83,18:00:00
2026-02-03 18:15:00,99.85,18:15:00
2026-02-03 18:30:00,97.47,18:30:00
2026-02-03 18:45:00,97.47,18:45:00
2026-02-03 19:00:00,102.62,19:00:00
2026-02-03 19:15:00,102.63,19:15:00
2026-02-03 19:30:00,123.94,19:30:00
2026-02-03 19:45:00,123.92,19:45:00
2026-02-03 20:00:00,131.19,20:00:00
2026-02-03 20:15:00,131.19,20:15:00
2026-02-03 20:30:00,132.11,20:30:00
2026-02-03 20:45:00,132.1,20:45:00
2026-02-03 21:00:00,136.07,21:00:00
2026-02-03 21:15:00,136.07,21:15:00
2026-02-03 21:30:00,140.9,21:30:00
2026-02-03 21:45:00,140.9,21:45:00
2026-02-03 22:00:00,129.97,22:00:00
2026-02-03 22:15:00,129.97,22:15:00
2026-02-03 22:30:00,123.73,22:30:00
2026-02-03 22:45:00,123.73,22:45:00
2026-02-03 23:00:00,125.79,23:00:00
2026-02-03 23:15:00,125.79,23:15:00
2026-02-03 23:30:00,133.49,23:30:00
2026-02-03 23:45:00,133.49,23:45:00
2026-02-04 00:00:00,126.8,00:00:00
2026-02-04 00:15:00,126.8,00:15:00
2026-02-04 00:30:00,93.93,00:30:00
2026-02-04 00:45:00,93.93,00:45:00
2026-02-04 01:00:00,105.05,01:00:00
2026-02-04 01:15:00,105.04,01:15:00
2026-02-04 01:30:00,101.57,01:30:00
2026-02-04 01:45:00,101.57,01:45:00
2026-02-04 02:00:00,101.4,02:00:00
2026-02-04 02:15:00,101.38,02:15:00
2026-02-04 02:30:00,106.58,02:30:00
2026-02-04 02:45:00,106.58,02:45:00
2026-02-04 03:00:00,120.68,03:00:00
2026-02-04 03:15:00,120.67,03:15:00
2026-02-04 03:30:00,118.45,03:30:00
2026-02-04 03:45:00,118.44,03:45:00
2026-02-04 04:00:00,120.78,04:00:00
2026-02-04 04:15:00,120.77,04:15:00
2026-02-04 04:30:00,126.48,04:30:00
2026-02-04 04:45:00,126.49,04:45:00
2026-02-04 05:00:00,150.28,05:00:00
2026-02-04 05:15:00,150.31,05:15:00
2026-02-04 05:30:00,178.44,05:30:00
2026-02-04 05:45:00,178.47,05:45:00
2026-02-04 06:00:00,204.26,06:00:00
2026-02-04 06:15:00,204.26,06:15:00
2026-02-04 06:30:00,212.91,06:30:00
2026-02-04 06:45:00,212.91,06:45:00
2026-02-04 07:00:00,210.44,07:00:00
2026-02-04 07:15:00,210.41,07:15:00
2026-02-04 07:30:00,210.51,07:30:00
2026-02-04 07:45:00,210.51,07:45:00
2026-02-04 08:00:00,209.66,08:00:00
2026-02-04 08:15:00,209.68,08:15:00
2026-02-04 08:30:00,200.63,08:30:00
2026-02-04 08:45:00,200.73,08:45:00
2026-02-04 09:00:00,199.06,09:00:00
2026-02-04 09:15:00,199.05,09:15:00
2026-02-04 09:30:00,199.5,09:30:00
2026-02-04 09:45:00,199.56,09:45:00
2026-02-04 10:00:00,202.06,10:00:00
2026-02-04 10:15:00,202.04,10:15:00
2026-02-04 10:30:00,201.99,10:30:00
2026-02-04 10:45:00,202.06,10:45:00
2026-02-04 11:00:00,192.76,11:00:00
2026-02-04 11:15:00,192.79,11:15:00
2026-02-04 11:30:00,168.76,11:30:00
2026-02-04 11:45:00,168.8,11:45:00
2026-02-04 12:00:00,164.04,12:00:00
2026-02-04 12:15:00,164.07,12:15:00
2026-02-04 12:30:00,170.38,12:30:00
2026-02-04 12:45:00,170.28,12:45:00
2026-02-04 13:00:00,160.34,13:00:00
2026-02-04 13:15:00,160.35,13:15:00
2026-02-04 13:30:00,151.33,13:30:00
2026-02-04 13:45:00,151.07,13:45:00
2026-02-04 14:00:00,144.45,14:00:00
2026-02-04 14:15:00,144.42,14:15:00
2026-02-04 14:30:00,142.73,14:30:00
2026-02-04 14:45:00,142.71,14:45:00
2026-02-04 15:00:00,144.16,15:00:00
2026-02-04 15:15:00,144.12,15:15:00
2026-02-04 15:30:00,137.28,15:30:00
2026-02-04 15:45:00,137.28,15:45:00
2026-02-04 16:00:00,133.63,16:00:00
2026-02-04 16:15:00,133.64,16:15:00
2026-02-04 16:30:00,141.55,16:30:00
2026-02-04 16:45:00,141.68,16:45:00
2026-02-04 17:00:00,138.01,17:00:00
2026-02-04 17:15:00,138.06,17:15:00
2026-02-04 17:30:00,145.46,17:30:00
2026-02-04 17:45:00,145.41,17:45:00
2026-02-04 18:00:00,140.16,18:00:00
2026-02-04 18:15:00,140.18,18:15:00
2026-02-04 18:30:00,131.83,18:30:00
2026-02-04 18:45:00,131.88,18:45:00
2026-02-04 19:00:00,120.71,19:00:00
2026-02-04 19:15:00,120.7,19:15:00
2026-02-04 19:30:00,120.02,19:30:00
2026-02-04 19:45:00,120.06,19:45:00
2026-02-04 20:00:00,105.19,20:00:00
2026-02-04 20:15:00,105.17,20:15:00
2026-02-04 20:30:00,96.81,20:30:00
2026-02-04 20:45:00,96.76,20:45:00
2026-02-04 21:00:00,85.29,21:00:00
2026-02-04 21:15:00,85.28,21:15:00
2026-02-04 21:30:00,80.65,21:30:00
2026-02-04 21:45:00,80.55,21:45:00
2026-02-04 22:00:00,75.07,22:00:00
2026-02-04 22:15:00,75.07,22:15:00
2026-02-04 22:30:00,71.83,22:30:00
2026-02-04 22:45:00,71.83,22:45:00
2026-02-04 23:00:00,71.85,23:00:00
2026-02-04 23:15:00,71.85,23:15:00
2026-02-04 23:30:00,58.53,23:30:00
2026-02-04 23:45:00,58.53,23:45:00
2026-02-05 00:00:00,54.51,00:00:00
2026-02-05 00:15:00,54.51,00:15:00
2026-02-05 00:30:00,56.82,00:30:00
2026-02-05 00:45:00,56.82,00:45:00
2026-02-05 01:00:00,70.72,01:00:00
2026-02-05 01:15:00,70.72,01:15:00
2026-02-05 01:30:00,77.2,01:30:00
2026-02-05 01:45:00,77.2,01:45:00
2026-02-05 02:00:00,75.4,02:00:00
2026-02-05 02:15:00,75.4,02:15:00
2026-02-05 02:30:00,75.41,02:30:00
2026-02-05 02:45:00,75.41,02:45:00
2026-02-05 03:00:00,72.75,03:00:00
2026-02-05 03:15:00,72.75,03:15:00
2026-02-05 03:30:00,70.84,03:30:00
2026-02-05 03:45:00,70.84,03:45:00
2026-02-05 05:00:00,73.62,05:00:00
2026-02-05 05:15:00,73.62,05:15:00
2026-02-05 05:30:00,74.26,05:30:00
2026-02-05 05:45:00,74.26,05:45:00
2026-02-05 06:00:00,68.49,06:00:00
2026-02-05 06:15:00,68.49,06:15:00
2026-02-05 06:30:00,66.58,06:30:00
2026-02-05 06:45:00,66.58,06:45:00
2026-02-05 07:00:00,75.38,07:00:00
2026-02-05 07:15:00,75.38,07:15:00
2026-02-05 07:30:00,86.21,07:30:00
2026-02-05 07:45:00,86.21,07:45:00
2026-02-05 08:00:00,87.55,08:00:00
2026-02-05 08:15:00,87.55,08:15:00
2026-02-05 08:30:00,88.3,08:30:00
2026-02-05 08:45:00,88.3,08:45:00
2026-02-05 09:00:00,88.5,09:00:00
2026-02-05 09:15:00,88.5,09:15:00
2026-02-05 09:30:00,86.91,09:30:00
2026-02-05 09:45:00,86.91,09:45:00
2026-03-06 13:00:00,251.96,13:00:00
2026-03-06 13:15:00,252.04,13:15:00
2026-03-06 13:30:00,249.88,13:30:00
2026-03-06 13:45:00,249.97,13:45:00
2026-03-06 15:00:00,240.23,15:00:00
2026-03-06 15:15:00,240.14,15:15:00
2026-03-06 15:30:00,232.84,15:30:00
2026-03-06 15:45:00,232.82,15:45:00
2026-03-06 16:00:00,233.01,16:00:00
2026-03-06 16:15:00,233.07,16:15:00
2026-03-06 16:30:00,235.42,16:30:00
2026-03-06 16:45:00,235.44,16:45:00
2026-03-06 17:00:00,242.99,17:00:00
2026-03-06 17:15:00,243.01,17:15:00
2026-03-06 17:30:00,249.04,17:30:00
2026-03-06 17:45:00,249.2,17:45:00
2026-03-06 18:00:00,243.74,18:00:00
2026-03-06 18:15:00,243.76,18:15:00
2026-03-06 18:30:00,221.17,18:30:00
2026-03-06 18:45:00,221.3,18:45:00
2026-03-06 19:00:00,215.38,19:00:00
2026-03-06 19:15:00,215.38,19:15:00
2026-03-06 19:30:00,202.24,19:30:00
2026-03-06 19:45:00,202.06,19:45:00
2026-03-06 20:00:00,188.13,20:00:00
2026-03-06 20:15:00,188.09,20:15:00
2026-03-06 20:30:00,180.34,20:30:00
2026-03-06 20:45:00,180.34,20:45:00
2026-03-06 21:00:00,165.79,21:00:00
2026-03-06 21:15:00,165.78,21:15:00
2026-03-06 21:30:00,161.23,21:30:00
2026-03-06 21:45:00,161.17,21:45:00
2026-03-06 22:00:00,146.65,22:00:00
2026-03-06 22:15:00,146.64,22:15:00
2026-03-06 22:30:00,138.92,22:30:00
2026-03-06 22:45:00,138.92,22:45:00
2026-03-06 23:00:00,131.57,23:00:00
2026-03-06 23:15:00,131.68,23:15:00
2026-03-06 23:30:00,119.05,23:30:00
2026-03-06 23:45:00,119.11,23:45:00
2026-03-07 00:00:00,115.5,00:00:00
2026-03-07 00:15:00,115.53,00:15:00
2026-03-07 00:30:00,118.0,00:30:00
2026-03-07 00:45:00,117.93,00:45:00
2026-03-07 01:00:00,133.1,01:00:00
2026-03-07 01:15:00,133.07,01:15:00
2026-03-07 01:30:00,140.91,01:30:00
2026-03-07 01:45:00,140.88,01:45:00
2026-03-07 02:00:00,133.85,02:00:00
2026-03-07 02:15:00,133.84,02:15:00
2026-03-07 02:30:00,133.57,02:30:00
2026-03-07 02:45:00,133.42,02:45:00
2026-03-07 03:00:00,123.28,03:00:00
2026-03-07 03:15:00,123.28,03:15:00
2026-03-07 03:30:00,121.91,03:30:00
2026-03-07 03:45:00,121.91,03:45:00
2026-03-07 04:00:00,121.56,04:00:00
2026-03-07 04:15:00,121.56,04:15:00
2026-03-07 04:30:00,124.91,04:30:00
2026-03-07 04:45:00,124.9,04:45:00
2026-03-07 05:00:00,119.8,05:00:00
2026-03-07 05:15:00,119.8,05:15:00
2026-03-07 05:30:00,124.03,05:30:00
2026-03-07 05:45:00,124.04,05:45:00
2026-03-07 06:00:00,126.91,06:00:00
2026-03-07 06:15:00,126.9,06:15:00
2026-03-07 06:30:00,117.39,06:30:00
2026-03-07 06:45:00,117.45,06:45:00
2026-03-07 07:00:00,119.15,07:00:00
2026-03-07 07:15:00,119.41,07:15:00
2026-03-07 07:30:00,124.5,07:30:00
2026-03-07 07:45:00,124.69,07:45:00
2026-03-07 08:00:00,130.62,08:00:00
2026-03-07 08:15:00,130.71,08:15:00
2026-03-07 08:30:00,131.54,08:30:00
2026-03-07 08:45:00,131.56,08:45:00
2026-03-07 09:00:00,122.75,09:00:00
2026-03-07 09:15:00,122.75,09:15:00
2026-03-07 09:30:00,116.78,09:30:00
2026-03-07 09:45:00,116.75,09:45:00
2026-03-07 10:00:00,109.78,10:00:00
2026-03-07 10:15:00,109.78,10:15:00
2026-03-07 10:30:00,115.44,10:30:00
2026-03-07 10:45:00,115.44,10:45:00
2026-03-07 11:00:00,88.6,11:00:00
2026-03-07 11:15:00,88.6,11:15:00
2026-03-07 11:30:00,76.36,11:30:00
2026-03-07 11:45:00,76.36,11:45:00
2026-03-07 12:00:00,64.73,12:00:00
2026-03-07 12:15:00,64.73,12:15:00
2026-03-07 12:30:00,66.0,12:30:00
2026-03-07 12:45:00,66.0,12:45:00
2026-03-07 13:00:00,70.28,13:00:00
2026-03-07 13:15:00,70.28,13:15:00
2026-03-07 13:30:00,78.56,13:30:00
2026-03-07 13:45:00,78.56,13:45:00
2026-03-07 14:00:00,83.3,14:00:00
2026-03-07 14:15:00,83.3,14:15:00
2026-03-07 14:30:00,88.49,14:30:00
2026-03-07 14:45:00,88.49,14:45:00
2026-03-07 15:00:00,105.49,15:00:00
2026-03-07 15:15:00,105.49,15:15:00
2026-03-07 15:30:00,84.47,15:30:00
2026-03-07 15:45:00,84.47,15:45:00
2026-03-07 16:00:00,108.93,16:00:00
2026-03-07 16:15:00,108.87,16:15:00
2026-03-07 16:30:00,116.47,16:30:00
2026-03-07 16:45:00,116.44,16:45:00
2026-03-07 17:00:00,128.96,17:00:00
2026-03-07 17:15:00,129.03,17:15:00
2026-03-07 17:30:00,142.85,17:30:00
2026-03-07 17:45:00,143.01,17:45:00
2026-03-07 18:00:00,148.14,18:00:00
2026-03-07 18:15:00,148.19,18:15:00
2026-03-07 18:30:00,151.8,18:30:00
2026-03-07 18:45:00,151.79,18:45:00
2026-03-07 19:00:00,156.34,19:00:00
2026-03-07 19:15:00,156.33,19:15:00
2026-03-07 19:30:00,148.58,19:30:00
2026-03-07 19:45:00,148.55,19:45:00
2026-03-07 20:00:00,149.11,20:00:00
2026-03-07 20:15:00,149.08,20:15:00
2026-03-07 20:30:00,136.64,20:30:00
2026-03-07 20:45:00,136.67,20:45:00
2026-03-07 21:00:00,131.08,21:00:00
2026-03-07 21:15:00,131.09,21:15:00
2026-03-07 21:30:00,129.28,21:30:00
2026-03-07 21:45:00,129.27,21:45:00
2026-03-07 22:00:00,126.08,22:00:00
2026-03-07 22:15:00,126.07,22:15:00
2026-03-07 22:30:00,130.9,22:30:00
2026-03-07 22:45:00,130.88,22:45:00
2026-03-07 23:00:00,134.36,23:00:00
2026-03-07 23:15:00,134.33,23:15:00
2026-03-07 23:30:00,137.74,23:30:00
2026-03-07 23:45:00,137.76,23:45:00
2026-03-08 00:00:00,139.93,00:00:00
2026-03-08 00:15:00,139.92,00:15:00
2026-03-08 00:30:00,141.81,00:30:00
2026-03-08 00:45:00,141.81,00:45:00
2026-03-08 01:00:00,128.42,01:00:00
2026-03-08 01:15:00,128.42,01:15:00
2026-03-08 01:30:00,129.3,01:30:00
2026-03-08 01:45:00,129.29,01:45:00
2026-03-08 02:00:00,124.94,02:00:00
2026-03-08 02:15:00,124.94,02:15:00
2026-03-08 02:30:00,129.49,02:30:00
2026-03-08 02:45:00,129.49,02:45:00
2026-03-08 03:00:00,121.31,03:00:00
2026-03-08 03:15:00,121.3,03:15:00
2026-03-08 03:30:00,111.84,03:30:00
2026-03-08 03:45:00,111.84,03:45:00
2026-03-08 04:00:00,118.05,04:00:00
2026-03-08 04:15:00,118.05,04:15:00
2026-03-08 04:30:00,124.23,04:30:00
2026-03-08 04:45:00,124.22,04:45:00
2026-03-08 05:00:00,110.66,05:00:00
2026-03-08 05:15:00,110.66,05:15:00
2026-03-08 05:30:00,108.8,05:30:00
2026-03-08 05:45:00,108.81,05:45:00
2026-03-08 06:00:00,110.16,06:00:00
2026-03-08 06:15:00,110.17,06:15:00
2026-03-08 06:30:00,101.24,06:30:00
2026-03-08 06:45:00,101.26,06:45:00
2026-03-08 07:00:00,104.11,07:00:00
2026-03-08 07:15:00,104.12,07:15:00
2026-03-08 07:30:00,108.72,07:30:00
2026-03-08 07:45:00,108.75,07:45:00
2026-03-08 08:00:00,95.73,08:00:00
2026-03-08 08:15:00,95.73,08:15:00
2026-03-08 08:30:00,94.66,08:30:00
2026-03-08 08:45:00,94.66,08:45:00
2026-03-08 09:00:00,84.33,09:00:00
2026-03-08 09:15:00,84.33,09:15:00
2026-03-08 09:30:00,73.54,09:30:00
2026-03-08 09:45:00,73.54,09:45:00
2026-03-08 10:00:00,76.11,10:00:00
2026-03-08 10:15:00,76.11,10:15:00
2026-03-08 10:30:00,74.83,10:30:00
2026-03-08 10:45:00,74.83,10:45:00
2026-03-08 11:00:00,76.66,11:00:00
2026-03-08 11:15:00,76.66,11:15:00
2026-03-08 11:30:00,81.84,11:30:00
2026-03-08 11:45:00,81.84,11:45:00
2026-03-08 12:00:00,81.31,12:00:00
2026-03-08 12:15:00,81.31,12:15:00
2026-03-08 12:30:00,81.12,12:30:00
2026-03-08 12:45:00,81.12,12:45:00
2026-03-08 13:00:00,86.73,13:00:00
2026-03-08 13:15:00,86.73,13:15:00
2026-03-08 13:30:00,89.27,13:30:00
2026-03-08 13:45:00,89.27,13:45:00
2026-03-08 14:00:00,88.47,14:00:00
2026-03-08 14:15:00,88.47,14:15:00
2026-03-08 14:30:00,89.07,14:30:00
2026-03-08 14:45:00,89.07,14:45:00
2026-03-08 15:00:00,91.08,15:00:00
2026-03-08 15:15:00,91.08,15:15:00
2026-03-08 15:30:00,108.06,15:30:00
2026-03-08 15:45:00,108.06,15:45:00
2026-03-08 16:00:00,144.82,16:00:00
2026-03-08 16:15:00,144.82,16:15:00
2026-03-08 16:30:00,163.8,16:30:00
2026-03-08 16:45:00,163.8,16:45:00
2026-03-08 17:00:00,179.85,17:00:00
2026-03-08 17:15:00,179.84,17:15:00
2026-03-08 17:30:00,194.71,17:30:00
2026-03-08 17:45:00,194.73,17:45:00
2026-03-08 18:00:00,203.97,18:00:00
2026-03-08 18:15:00,204.0,18:15:00
2026-03-08 18:30:00,205.95,18:30:00
2026-03-08 18:45:00,205.92,18:45:00
2026-03-08 19:00:00,219.28,19:00:00
2026-03-08 19:15:00,219.28,19:15:00
2026-03-08 19:30:00,216.77,19:30:00
2026-03-08 19:45:00,216.77,19:45:00
2026-03-08 20:00:00,225.04,20:00:00
2026-03-08 20:15:00,224.99,20:15:00
2026-03-08 20:30:00,233.93,20:30:00
2026-03-08 20:45:00,233.88,20:45:00
2026-03-08 21:00:00,241.08,21:00:00
2026-03-08 21:15:00,241.08,21:15:00
2026-03-08 21:30:00,251.86,21:30:00
2026-03-08 21:45:00,251.81,21:45:00
2026-03-08 22:00:00,248.62,22:00:00
2026-03-08 22:15:00,248.66,22:15:00
2026-03-08 22:30:00,253.34,22:30:00
2026-03-08 22:45:00,253.32,22:45:00
2026-03-08 23:00:00,264.5,23:00:00
2026-03-08 23:15:00,264.59,23:15:00
2026-03-08 23:30:00,292.33,23:30:00
2026-03-08 23:45:00,292.39,23:45:00
2026-03-09 00:00:00,287.79,00:00:00
2026-03-09 00:15:00,287.8,00:15:00
2026-03-09 00:30:00,284.43,00:30:00
2026-03-09 00:45:00,284.4,00:45:00
2026-03-09 01:00:00,290.52,01:00:00
2026-03-09 01:15:00,290.29,01:15:00
2026-03-09 01:30:00,295.55,01:30:00
2026-03-09 01:45:00,295.39,01:45:00
2026-03-09 02:00:00,302.11,02:00:00
2026-03-09 02:15:00,302.01,02:15:00
2026-03-09 02:30:00,311.73,02:30:00
2026-03-09 02:45:00,311.7,02:45:00
2026-03-09 03:00:00,311.01,03:00:00
2026-03-09 03:15:00,311.05,03:15:00
2026-03-09 03:30:00,310.91,03:30:00
2026-03-09 03:45:00,310.88,03:45:00
2026-03-09 04:00:00,313.08,04:00:00
2026-03-09 04:15:00,312.96,04:15:00
2026-03-09 04:30:00,310.4,04:30:00
2026-03-09 04:45:00,310.26,04:45:00
2026-03-09 05:00:00,305.18,05:00:00
2026-03-09 05:15:00,305.43,05:15:00
2026-03-09 05:30:00,300.17,05:30:00
2026-03-09 05:45:00,300.38,05:45:00
2026-03-09 06:00:00,273.1,06:00:00
2026-03-09 06:15:00,273.26,06:15:00
2026-03-09 06:30:00,278.76,06:30:00
2026-03-09 06:45:00,278.67,06:45:00
2026-03-09 07:00:00,282.08,07:00:00
2026-03-09 07:15:00,281.79,07:15:00
2026-03-09 07:30:00,290.9,07:30:00
2026-03-09 07:45:00,290.75,07:45:00
2026-03-09 08:00:00,300.4,08:00:00
2026-03-09 08:15:00,300.21,08:15:00
2026-03-09 08:30:00,304.27,08:30:00
2026-03-09 08:45:00,304.27,08:45:00
2026-03-09 10:00:00,303.99,10:00:00
2026-03-09 10:15:00,304.45,10:15:00
2026-03-09 10:30:00,303.1,10:30:00
2026-03-09 10:45:00,303.47,10:45:00
2026-03-09 11:00:00,296.53,11:00:00
2026-03-09 11:15:00,296.83,11:15:00
2026-03-09 11:30:00,285.55,11:30:00
2026-03-09 11:45:00,285.84,11:45:00
2026-03-09 12:00:00,277.54,12:00:00
2026-03-09 12:15:00,277.77,12:15:00
2026-03-09 12:30:00,261.77,12:30:00
2026-03-09 12:45:00,261.82,12:45:00
2026-03-09 19:00:00,202.13,19:00:00
2026-03-09 19:15:00,202.12,19:15:00
2026-03-09 19:30:00,198.01,19:30:00
2026-03-09 19:45:00,198.0,19:45:00
2026-03-09 20:00:00,181.46,20:00:00
2026-03-09 20:15:00,181.45,20:15:00
2026-03-09 20:30:00,177.79,20:30:00
2026-03-09 20:45:00,177.77,20:45:00
2026-03-09 21:00:00,176.7,21:00:00
2026-03-09 21:15:00,176.7,21:15:00
2026-03-09 21:30:00,166.22,21:30:00
2026-03-09 21:45:00,166.22,21:45:00
2026-03-09 22:00:00,154.81,22:00:00
2026-03-09 22:15:00,154.81,22:15:00
2026-03-09 22:30:00,139.81,22:30:00
2026-03-09 22:45:00,139.81,22:45:00
2026-03-09 23:00:00,121.56,23:00:00
2026-03-09 23:15:00,121.56,23:15:00
2026-03-09 23:30:00,98.74,23:30:00
2026-03-09 23:45:00,98.74,23:45:00
2026-03-10 00:00:00,73.77,00:00:00
2026-03-10 00:15:00,73.77,00:15:00
2026-03-10 00:30:00,67.78,00:30:00
2026-03-10 00:45:00,67.78,00:45:00
2026-03-10 01:00:00,58.41,01:00:00
2026-03-10 01:15:00,58.41,01:15:00
2026-03-10 01:30:00,61.35,01:30:00
2026-03-10 01:45:00,61.35,01:45:00
2026-03-10 02:00:00,61.41,02:00:00
2026-03-10 02:15:00,61.41,02:15:00
2026-03-10 02:30:00,67.8,02:30:00
2026-03-10 02:45:00,67.8,02:45:00
2026-03-10 03:00:00,71.0,03:00:00
2026-03-10 03:15:00,71.0,03:15:00
2026-03-10 03:30:00,84.63,03:30:00
2026-03-10 03:45:00,84.63,03:45:00
2026-03-10 04:00:00,85.52,04:00:00
2026-03-10 04:15:00,85.52,04:15:00
2026-03-10 04:30:00,93.5,04:30:00
2026-03-10 04:45:00,93.5,04:45:00
2026-03-10 05:00:00,85.41,05:00:00
2026-03-10 05:15:00,85.41,05:15:00
2026-03-10 05:30:00,97.66,05:30:00
2026-03-10 05:45:00,97.66,05:45:00
2026-03-10 06:00:00,100.26,06:00:00
2026-03-10 06:15:00,100.26,06:15:00
2026-03-10 06:30:00,124.56,06:30:00
2026-03-10 06:45:00,124.56,06:45:00
2026-03-10 07:00:00,137.4,07:00:00
2026-03-10 07:15:00,137.4,07:15:00
2026-03-10 07:30:00,138.99,07:30:00
2026-03-10 07:45:00,139.07,07:45:00
2026-03-10 08:00:00,127.71,08:00:00
2026-03-10 08:15:00,128.15,08:15:00
2026-03-10 08:30:00,123.59,08:30:00
2026-03-10 08:45:00,123.53,08:45:00
2026-03-10 09:00:00,127.16,09:00:00
2026-03-10 09:15:00,127.2,09:15:00
2026-03-10 09:30:00,130.83,09:30:00
2026-03-10 09:45:00,130.81,09:45:00
2026-03-10 10:00:00,119.37,10:00:00
2026-03-10 10:15:00,119.36,10:15:00
2026-03-10 10:30:00,101.88,10:30:00
2026-03-10 10:45:00,101.86,10:45:00
2026-03-10 11:00:00,98.38,11:00:00
2026-03-10 11:15:00,98.37,11:15:00
2026-03-10 11:30:00,96.05,11:30:00
2026-03-10 11:45:00,95.89,11:45:00
2026-03-10 12:00:00,95.92,12:00:00
2026-03-10 12:15:00,95.9,12:15:00
2026-03-10 12:30:00,91.98,12:30:00
2026-03-10 12:45:00,91.89,12:45:00
2026-03-10 13:00:00,89.92,13:00:00
2026-03-10 13:15:00,89.88,13:15:00
2026-03-10 13:30:00,76.55,13:30:00
2026-03-10 13:45:00,76.5,13:45:00
2026-03-10 14:00:00,66.81,14:00:00
2026-03-10 14:15:00,66.78,14:15:00
2026-03-10 14:30:00,65.07,14:30:00
2026-03-10 14:45:00,65.06,14:45:00
2026-03-10 15:00:00,67.95,15:00:00
2026-03-10 15:15:00,67.95,15:15:00
2026-03-10 15:30:00,84.35,15:30:00
2026-03-10 15:45:00,84.35,15:45:00
2026-03-10 16:00:00,84.1,16:00:00
2026-03-10 16:15:00,84.1,16:15:00
2026-03-10 16:30:00,86.89,16:30:00
2026-03-10 16:45:00,86.89,16:45:00
2026-03-10 17:00:00,84.76,17:00:00
2026-03-10 17:15:00,84.76,17:15:00
2026-03-10 17:30:00,83.27,17:30:00
2026-03-10 17:45:00,83.27,17:45:00
2026-03-10 18:00:00,83.29,18:00:00
2026-03-10 18:15:00,83.29,18:15:00
2026-03-10 18:30:00,81.65,18:30:00
2026-03-10 18:45:00,81.65,18:45:00
2026-03-10 19:00:00,85.3,19:00:00
2026-03-10 19:15:00,85.3,19:15:00
2026-03-10 19:30:00,85.47,19:30:00
2026-03-10 19:45:00,85.47,19:45:00
2026-03-10 20:00:00,82.92,20:00:00
2026-03-10 20:15:00,82.92,20:15:00
2026-03-10 20:30:00,75.14,20:30:00
2026-03-10 20:45:00,75.14,20:45:00
2026-03-10 21:00:00,66.5,21:00:00
2026-03-10 21:15:00,66.5,21:15:00
2026-03-10 21:30:00,51.98,21:30:00
2026-03-10 21:45:00,51.98,21:45:00
2026-03-10 22:00:00,61.55,22:00:00
2026-03-10 22:15:00,61.55,22:15:00
2026-03-10 22:30:00,64.73,22:30:00
2026-03-10 22:45:00,64.73,22:45:00
2026-03-10 23:00:00,48.28,23:00:00
2026-03-10 23:15:00,48.28,23:15:00
2026-03-10 23:30:00,51.15,23:30:00
2026-03-10 23:45:00,51.15,23:45:00
2026-03-11 00:00:00,55.19,00:00:00
2026-03-11 00:15:00,55.19,00:15:00
2026-03-11 00:30:00,56.2,00:30:00
2026-03-11 00:45:00,56.2,00:45:00
2026-03-11 01:00:00,54.29,01:00:00
2026-03-11 01:15:00,54.29,01:15:00
2026-03-11 01:30:00,58.79,01:30:00
2026-03-11 01:45:00,58.79,01:45:00
2026-03-11 02:00:00,57.08,02:00:00
2026-03-11 02:15:00,57.08,02:15:00
2026-03-11 02:30:00,57.86,02:30:00
2026-03-11 02:45:00,57.86,02:45:00
2026-03-11 03:00:00,61.33,03:00:00
2026-03-11 03:15:00,61.33,03:15:00
2026-03-11 03:30:00,60.43,03:30:00
2026-03-11 03:45:00,60.43,03:45:00
2026-03-11 04:00:00,57.32,04:00:00
2026-03-11 04:15:00,57.32,04:15:00
2026-03-11 04:30:00,57.84,04:30:00
2026-03-11 04:45:00,57.84,04:45:00
2026-03-11 05:00:00,60.55,05:00:00
2026-03-11 05:15:00,60.55,05:15:00
2026-03-11 05:30:00,61.95,05:30:00
2026-03-11 05:45:00,61.95,05:45:00
2026-03-11 06:00:00,63.2,06:00:00
2026-03-11 06:15:00,63.2,06:15:00
2026-03-11 06:30:00,56.24,06:30:00
2026-03-11 06:45:00,56.24,06:45:00
2026-03-11 07:00:00,58.45,07:00:00
2026-03-11 07:15:00,58.5,07:15:00
2026-03-11 07:30:00,62.11,07:30:00
2026-03-11 07:45:00,62.12,07:45:00
2026-03-11 08:00:00,75.07,08:00:00
2026-03-11 08:15:00,75.03,08:15:00
2026-03-11 08:30:00,87.54,08:30:00
2026-03-11 08:45:00,87.49,08:45:00
2026-03-11 09:00:00,81.35,09:00:00
2026-03-11 09:15:00,81.35,09:15:00
2026-03-11 09:30:00,77.35,09:30:00
2026-03-11 09:45:00,77.36,09:45:00
2026-03-11 10:00:00,75.51,10:00:00
2026-03-11 10:15:00,75.51,10:15:00
2026-03-11 10:30:00,72.75,10:30:00
2026-03-11 10:45:00,72.76,10:45:00
2026-03-11 11:00:00,73.04,11:00:00
2026-03-11 11:15:00,73.03,11:15:00
2026-03-11 11:30:00,69.47,11:30:00
2026-03-11 11:45:00,69.47,11:45:00
2026-03-11 12:00:00,69.65,12:00:00
2026-03-11 12:15:00,69.65,12:15:00
2026-03-11 12:30:00,68.85,12:30:00
2026-03-11 12:45:00,68.84,12:45:00
2026-03-11 13:00:00,68.63,13:00:00
2026-03-11 13:15:00,68.63,13:15:00
2026-03-11 13:30:00,64.44,13:30:00
2026-03-11 13:45:00,64.44,13:45:00
2026-03-11 14:00:00,63.9,14:00:00
2026-03-11 14:15:00,63.9,14:15:00
2026-03-11 14:30:00,66.38,14:30:00
2026-03-11 14:45:00,66.38,14:45:00
2026-03-11 15:00:00,60.65,15:00:00
2026-03-11 15:15:00,60.65,15:15:00
2026-03-11 15:30:00,59.74,15:30:00
2026-03-11 15:45:00,59.74,15:45:00
2026-03-11 16:00:00,61.4,16:00:00
2026-03-11 16:15:00,61.4,16:15:00
2026-03-11 16:30:00,70.12,16:30:00
2026-03-11 16:45:00,70.13,16:45:00
2026-03-11 17:00:00,74.44,17:00:00
2026-03-11 17:15:00,74.45,17:15:00
2026-03-11 17:30:00,76.7,17:30:00
2026-03-11 17:45:00,76.73,17:45:00
2026-03-11 18:00:00,83.3,18:00:00
2026-03-11 18:15:00,83.29,18:15:00
2026-03-11 18:30:00,86.84,18:30:00
2026-03-11 18:45:00,86.83,18:45:00
2026-03-11 19:00:00,76.7,19:00:00
2026-03-11 19:15:00,76.68,19:15:00
2026-03-11 19:30:00,71.4,19:30:00
2026-03-11 19:45:00,71.41,19:45:00
2026-03-11 20:00:00,72.57,20:00:00
2026-03-11 20:15:00,72.58,20:15:00
2026-03-11 20:30:00,65.79,20:30:00
2026-03-11 20:45:00,65.75,20:45:00
2026-03-11 21:00:00,74.79,21:00:00
2026-03-11 21:15:00,74.79,21:15:00
2026-03-11 21:30:00,65.38,21:30:00
2026-03-11 21:45:00,65.38,21:45:00
2026-03-11 22:00:00,59.57,22:00:00
2026-03-11 22:15:00,59.57,22:15:00
2026-03-11 22:30:00,54.24,22:30:00
2026-03-11 22:45:00,54.24,22:45:00
2026-03-11 23:00:00,50.16,23:00:00
2026-03-11 23:15:00,50.16,23:15:00
2026-03-11 23:30:00,50.45,23:30:00
2026-03-11 23:45:00,50.45,23:45:00
2026-03-12 00:00:00,50.02,00:00:00
2026-03-12 00:15:00,50.02,00:15:00
2026-03-12 00:30:00,50.3,00:30:00
2026-03-12 00:45:00,50.3,00:45:00
2026-03-12 01:00:00,54.09,01:00:00
2026-03-12 01:15:00,54.09,01:15:00
2026-03-12 01:30:00,52.32,01:30:00
2026-03-12 01:45:00,52.32,01:45:00
2026-03-12 02:00:00,53.82,02:00:00
2026-03-12 02:15:00,53.82,02:15:00
2026-03-12 02:30:00,54.74,02:30:00
2026-03-12 02:45:00,54.74,02:45:00
2026-03-12 03:00:00,55.31,03:00:00
2026-03-12 03:15:00,55.31,03:15:00
2026-03-12 03:30:00,55.73,03:30:00
2026-03-12 03:45:00,55.73,03:45:00
2026-03-12 04:00:00,55.22,04:00:00
2026-03-12 04:15:00,55.22,04:15:00
2026-03-12 04:30:00,53.03,04:30:00
2026-03-12 04:45:00,53.03,04:45:00
2026-03-12 05:00:00,53.25,05:00:00
2026-03-12 05:15:00,53.25,05:15:00
2026-03-12 05:30:00,54.51,05:30:00
2026-03-12 05:45:00,54.51,05:45:00
2026-03-12 06:00:00,55.25,06:00:00
2026-03-12 06:15:00,55.25,06:15:00
2026-03-12 06:30:00,47.64,06:30:00
2026-03-12 06:45:00,47.64,06:45:00
2026-03-12 07:00:00,63.2,07:00:00
2026-03-12 07:15:00,63.2,07:15:00
2026-03-12 07:30:00,61.73,07:30:00
2026-03-12 07:45:00,61.73,07:45:00
2026-03-12 08:00:00,63.75,08:00:00
2026-03-12 08:15:00,63.74,08:15:00
2026-03-12 08:30:00,53.79,08:30:00
2026-03-12 08:45:00,53.8,08:45:00
2026-03-12 09:00:00,58.19,09:00:00
2026-03-12 09:15:00,58.22,09:15:00
2026-03-12 09:30:00,58.66,09:30:00
2026-03-12 09:45:00,58.68,09:45:00
2026-03-12 10:00:00,66.58,10:00:00
2026-03-12 10:15:00,66.57,10:15:00
2026-03-12 10:30:00,64.1,10:30:00
2026-03-12 10:45:00,64.14,10:45:00
2026-03-12 11:00:00,65.52,11:00:00
2026-03-12 11:15:00,65.53,11:15:00
2026-03-12 11:30:00,65.37,11:30:00
2026-03-12 11:45:00,65.36,11:45:00
2026-03-12 12:00:00,63.25,12:00:00
2026-03-12 12:15:00,63.21,12:15:00
2026-03-12 12:30:00,63.1,12:30:00
2026-03-12 12:45:00,63.09,12:45:00
2026-03-12 13:00:00,63.08,13:00:00
2026-03-12 13:15:00,63.08,13:15:00
2026-03-12 13:30:00,66.83,13:30:00
2026-03-12 13:45:00,66.83,13:45:00
2026-03-12 14:00:00,70.37,14:00:00
2026-03-12 14:15:00,70.35,14:15:00
2026-03-12 14:30:00,66.87,14:30:00
2026-03-12 14:45:00,66.85,14:45:00
2026-03-12 15:00:00,68.71,15:00:00
2026-03-12 15:15:00,68.74,15:15:00
2026-03-12 15:30:00,71.01,15:30:00
2026-03-12 15:45:00,70.99,15:45:00
2026-03-12 16:00:00,73.17,16:00:00
2026-03-12 16:15:00,73.12,16:15:00
2026-03-12 16:30:00,74.99,16:30:00
2026-03-12 16:45:00,74.99,16:45:00
2026-03-12 17:00:00,78.77,17:00:00
2026-03-12 17:15:00,78.77,17:15:00
2026-03-12 17:30:00,79.58,17:30:00
2026-03-12 17:45:00,79.58,17:45:00
2026-03-12 18:00:00,80.18,18:00:00
2026-03-12 18:15:00,80.19,18:15:00
2026-03-12 18:30:00,80.99,18:30:00
2026-03-12 18:45:00,80.96,18:45:00
2026-03-12 19:00:00,81.54,19:00:00
2026-03-12 19:15:00,81.52,19:15:00
2026-03-12 19:30:00,75.42,19:30:00
2026-03-12 19:45:00,75.43,19:45:00
2026-03-12 20:00:00,72.56,20:00:00
2026-03-12 20:15:00,72.55,20:15:00
2026-03-12 20:30:00,70.78,20:30:00
2026-03-12 20:45:00,70.76,20:45:00
2026-03-12 21:00:00,67.69,21:00:00
2026-03-12 21:15:00,67.66,21:15:00
2026-03-12 21:30:00,65.49,21:30:00
2026-03-12 21:45:00,65.46,21:45:00
2026-03-12 22:00:00,60.84,22:00:00
2026-03-12 22:15:00,60.85,22:15:00
2026-03-12 22:30:00,63.61,22:30:00
2026-03-12 22:45:00,63.56,22:45:00
2026-03-12 23:00:00,59.32,23:00:00
2026-03-12 23:15:00,59.32,23:15:00
2026-03-12 23:30:00,60.23,23:30:00
2026-03-12 23:45:00,60.23,23:45:00
2026-03-13 00:00:00,60.63,00:00:00
2026-03-13 00:15:00,60.63,00:15:00
2026-03-13 00:30:00,59.56,00:30:00
2026-03-13 00:45:00,59.55,00:45:00
2026-03-13 01:00:00,60.84,01:00:00
2026-03-13 01:15:00,60.84,01:15:00
2026-03-13 01:30:00,60.64,01:30:00
2026-03-13 01:45:00,60.63,01:45:00
2026-03-13 02:00:00,61.24,02:00:00
2026-03-13 02:15:00,61.25,02:15:00
2026-03-13 02:30:00,62.38,02:30:00
2026-03-13 02:45:00,62.38,02:45:00
2026-03-13 03:00:00,62.01,03:00:00
2026-03-13 03:15:00,62.01,03:15:00
2026-03-13 03:30:00,63.16,03:30:00
2026-03-13 03:45:00,63.16,03:45:00
2026-03-13 04:00:00,64.09,04:00:00
2026-03-13 04:15:00,64.09,04:15:00
2026-03-13 04:30:00,63.89,04:30:00
2026-03-13 04:45:00,63.88,04:45:00
2026-03-13 05:00:00,64.34,05:00:00
2026-03-13 05:15:00,64.33,05:15:00
2026-03-13 05:30:00,68.09,05:30:00
2026-03-13 05:45:00,68.09,05:45:00
2026-03-13 06:00:00,66.71,06:00:00
2026-03-13 06:15:00,66.7,06:15:00
2026-03-13 06:30:00,68.91,06:30:00
2026-03-13 06:45:00,68.93,06:45:00
2026-03-13 07:00:00,66.49,07:00:00
2026-03-13 07:15:00,66.54,07:15:00
2026-03-13 07:30:00,71.72,07:30:00
2026-03-13 07:45:00,71.72,07:45:00
2026-03-13 08:00:00,75.12,08:00:00
2026-03-13 08:15:00,75.11,08:15:00
2026-03-13 08:30:00,72.22,08:30:00
2026-03-13 08:45:00,72.21,08:45:00
2026-03-13 09:00:00,74.47,09:00:00
2026-03-13 09:15:00,74.47,09:15:00
2026-03-13 09:30:00,71.51,09:30:00
2026-03-13 09:45:00,71.5,09:45:00
2026-03-13 10:00:00,71.88,10:00:00
2026-03-13 10:15:00,71.87,10:15:00
2026-03-13 10:30:00,83.83,10:30:00
2026-03-13 10:45:00,83.82,10:45:00
2026-03-13 11:00:00,77.23,11:00:00
2026-03-13 11:15:00,77.23,11:15:00
2026-03-13 11:30:00,79.24,11:30:00
2026-03-13 11:45:00,79.22,11:45:00
2026-03-13 12:00:00,79.13,12:00:00
2026-03-13 12:15:00,79.21,12:15:00
2026-03-13 12:30:00,88.9,12:30:00
2026-03-13 12:45:00,88.94,12:45:00
2026-03-13 13:00:00,93.44,13:00:00
2026-03-13 13:15:00,93.45,13:15:00
2026-03-13 13:30:00,92.67,13:30:00
2026-03-13 13:45:00,92.63,13:45:00
2026-03-13 14:00:00,89.28,14:00:00
2026-03-13 14:15:00,89.33,14:15:00
2026-03-13 14:30:00,98.12,14:30:00
2026-03-13 14:45:00,98.0,14:45:00
2026-03-13 15:00:00,101.63,15:00:00
2026-03-13 15:15:00,101.57,15:15:00
2026-03-13 15:30:00,104.18,15:30:00
2026-03-13 15:45:00,104.21,15:45:00
2026-03-13 16:00:00,153.26,16:00:00
2026-03-13 16:15:00,153.25,16:15:00
2026-03-13 16:30:00,176.73,16:30:00
2026-03-13 16:45:00,176.76,16:45:00
2026-03-13 17:00:00,195.95,17:00:00
2026-03-13 17:15:00,195.13,17:15:00
2026-03-13 17:30:00,217.83,17:30:00
2026-03-13 17:45:00,216.8,17:45:00
2026-03-13 18:00:00,248.92,18:00:00
2026-03-13 18:15:00,248.91,18:15:00
2026-03-13 18:30:00,270.78,18:30:00
2026-03-13 18:45:00,270.71,18:45:00
2026-03-13 19:00:00,268.99,19:00:00
2026-03-13 19:15:00,268.98,19:15:00
2026-03-13 19:30:00,265.42,19:30:00
2026-03-13 19:45:00,265.37,19:45:00
2026-03-13 20:00:00,269.13,20:00:00
2026-03-13 20:15:00,269.05,20:15:00
2026-03-13 20:30:00,262.27,20:30:00
2026-03-13 20:45:00,262.22,20:45:00
2026-03-13 21:00:00,256.19,21:00:00
2026-03-13 21:15:00,256.26,21:15:00
2026-03-13 21:30:00,263.42,21:30:00
2026-03-13 21:45:00,263.36,21:45:00
2026-03-13 22:00:00,266.14,22:00:00
2026-03-13 22:15:00,266.08,22:15:00
2026-03-13 22:30:00,264.06,22:30:00
2026-03-13 22:45:00,264.01,22:45:00
2026-03-13 23:00:00,268.64,23:00:00
2026-03-13 23:15:00,268.45,23:15:00
2026-03-13 23:30:00,278.95,23:30:00
2026-03-13 23:45:00,278.95,23:45:00
2026-03-14 00:00:00,264.19,00:00:00
2026-03-14 00:15:00,264.26,00:15:00
2026-03-14 00:30:00,260.21,00:30:00
2026-03-14 00:45:00,260.38,00:45:00
2026-03-14 01:00:00,267.58,01:00:00
2026-03-14 01:15:00,267.58,01:15:00
2026-03-14 01:30:00,266.29,01:30:00
2026-03-14 01:45:00,266.32,01:45:00
2026-03-14 02:00:00,268.17,02:00:00
2026-03-14 02:15:00,268.14,02:15:00
2026-03-14 02:30:00,280.88,02:30:00
2026-03-14 02:45:00,280.9,02:45:00
2026-03-14 04:00:00,283.24,04:00:00
2026-03-14 04:15:00,283.26,04:15:00
2026-03-14 04:30:00,292.49,04:30:00
2026-03-14 04:45:00,292.5,04:45:00
2026-03-14 05:00:00,299.66,05:00:00
2026-03-14 05:15:00,299.7,05:15:00
2026-03-14 05:30:00,299.14,05:30:00
2026-03-14 05:45:00,299.15,05:45:00
2026-03-14 06:00:00,304.8,06:00:00
2026-03-14 06:15:00,304.96,06:15:00
2026-03-14 06:30:00,311.53,06:30:00
2026-03-14 06:45:00,311.56,06:45:00
2026-03-14 07:00:00,310.76,07:00:00
2026-03-14 07:15:00,310.73,07:15:00
2026-03-14 07:30:00,308.18,07:30:00
2026-03-14 07:45:00,308.19,07:45:00
2026-03-14 08:00:00,301.14,08:00:00
2026-03-14 08:15:00,301.14,08:15:00
2026-03-14 08:30:00,296.17,08:30:00
2026-03-14 08:45:00,296.27,08:45:00
2026-03-14 09:00:00,296.44,09:00:00
2026-03-14 09:15:00,296.39,09:15:00
2026-03-14 09:30:00,304.53,09:30:00
2026-03-14 09:45:00,304.56,09:45:00
2026-03-14 10:00:00,307.63,10:00:00
2026-03-14 10:15:00,307.67,10:15:00
2026-03-14 10:30:00,281.38,10:30:00
2026-03-14 10:45:00,281.37,10:45:00
2026-03-14 11:00:00,253.24,11:00:00
2026-03-14 11:15:00,253.28,11:15:00
2026-03-14 11:30:00,254.71,11:30:00
2026-03-14 11:45:00,254.68,11:45:00
2026-03-14 12:00:00,247.24,12:00:00
2026-03-14 12:15:00,247.24,12:15:00
2026-03-14 12:30:00,227.92,12:30:00
2026-03-14 12:45:00,227.97,12:45:00
2026-03-14 13:00:00,204.29,13:00:00
2026-03-14 13:15:00,204.22,13:15:00
2026-03-14 13:30:00,191.44,13:30:00
2026-03-14 13:45:00,191.42,13:45:00
2026-03-14 14:00:00,194.28,14:00:00
2026-03-14 14:15:00,194.25,14:15:00
2026-03-14 14:30:00,207.73,14:30:00
2026-03-14 14:45:00,207.73,14:45:00
2026-03-14 15:00:00,200.35,15:00:00
2026-03-14 15:15:00,200.28,15:15:00
2026-03-14 15:30:00,210.84,15:30:00
2026-03-14 15:45:00,210.72,15:45:00
2026-03-14 16:00:00,224.97,16:00:00
2026-03-14 16:15:00,225.01,16:15:00
2026-03-14 16:30:00,240.32,16:30:00
2026-03-14 16:45:00,240.42,16:45:00
2026-03-14 17:00:00,262.29,17:00:00
2026-03-14 17:15:00,262.31,17:15:00
2026-03-14 17:30:00,285.6,17:30:00
2026-03-14 17:45:00,285.44,17:45:00
2026-03-14 18:00:00,303.85,18:00:00
2026-03-14 18:15:00,303.83,18:15:00
2026-03-14 18:30:00,308.59,18:30:00
2026-03-14 18:45:00,308.53,18:45:00
2026-03-14 19:00:00,302.86,19:00:00
2026-03-14 19:15:00,302.75,19:15:00
2026-03-14 19:30:00,298.45,19:30:00
2026-03-14 19:45:00,298.41,19:45:00
2026-03-14 20:00:00,286.58,20:00:00
2026-03-14 20:15:00,286.58,20:15:00
2026-03-14 20:30:00,278.91,20:30:00
2026-03-14 20:45:00,278.91,20:45:00
2026-03-14 21:00:00,260.75,21:00:00
2026-03-14 21:15:00,260.82,21:15:00
2026-03-14 21:30:00,224.26,21:30:00
2026-03-14 21:45:00,224.31,21:45:00
2026-03-14 22:00:00,178.65,22:00:00
2026-03-14 22:15:00,178.63,22:15:00
2026-03-14 22:30:00,169.71,22:30:00
2026-03-14 22:45:00,169.75,22:45:00
2026-03-14 23:00:00,147.12,23:00:00
2026-03-14 23:15:00,147.08,23:15:00
2026-03-14 23:30:00,120.73,23:30:00
2026-03-14 23:45:00,120.66,23:45:00
2026-03-15 00:00:00,105.07,00:00:00
2026-03-15 00:15:00,105.08,00:15:00
2026-03-15 00:30:00,106.89,00:30:00
2026-03-15 00:45:00,106.94,00:45:00
2026-03-15 01:00:00,104.9,01:00:00
2026-03-15 01:15:00,104.88,01:15:00
2026-03-15 01:30:00,92.75,01:30:00
2026-03-15 01:45:00,92.7,01:45:00
2026-03-15 02:00:00,71.48,02:00:00
2026-03-15 02:15:00,71.48,02:15:00
2026-03-15 02:30:00,91.18,02:30:00
2026-03-15 02:45:00,91.18,02:45:00
2026-03-15 03:00:00,94.06,03:00:00
2026-03-15 03:15:00,94.06,03:15:00
2026-03-15 03:30:00,84.61,03:30:00
2026-03-15 03:45:00,84.61,03:45:00
2026-03-15 04:00:00,65.94,04:00:00
2026-03-15 04:15:00,65.94,04:15:00
2026-03-15 04:30:00,65.37,04:30:00
2026-03-15 04:45:00,65.37,04:45:00
2026-03-15 05:00:00,62.96,05:00:00
2026-03-15 05:15:00,62.96,05:15:00
2026-03-15 05:30:00,63.26,05:30:00
2026-03-15 05:45:00,63.26,05:45:00
2026-03-15 06:00:00,64.35,06:00:00
2026-03-15 06:15:00,64.35,06:15:00
2026-03-15 06:30:00,64.5,06:30:00
2026-03-15 06:45:00,64.5,06:45:00
2026-03-15 07:00:00,64.01,07:00:00
2026-03-15 07:15:00,64.01,07:15:00
2026-03-15 07:30:00,61.27,07:30:00
2026-03-15 07:45:00,61.27,07:45:00
2026-03-15 08:00:00,57.81,08:00:00
2026-03-15 08:15:00,57.81,08:15:00
2026-03-15 08:30:00,59.88,08:30:00
2026-03-15 08:45:00,59.88,08:45:00
2026-03-15 09:00:00,59.83,09:00:00
2026-03-15 09:15:00,59.83,09:15:00
2026-03-15 09:30:00,59.39,09:30:00
2026-03-15 09:45:00,59.39,09:45:00
2026-03-15 10:00:00,56.81,10:00:00
2026-03-15 10:15:00,56.81,10:15:00
2026-03-15 10:30:00,69.56,10:30:00
2026-03-15 10:45:00,69.56,10:45:00
2026-03-15 11:00:00,64.74,11:00:00
2026-03-15 11:15:00,64.74,11:15:00
2026-03-15 11:30:00,62.12,11:30:00
2026-03-15 11:45:00,62.12,11:45:00
2026-03-15 12:00:00,62.03,12:00:00
2026-03-15 12:15:00,62.03,12:15:00
2026-03-15 12:30:00,63.16,12:30:00
2026-03-15 12:45:00,63.16,12:45:00
2026-03-15 13:00:00,60.01,13:00:00
2026-03-15 13:15:00,60.01,13:15:00
2026-03-15 13:30:00,59.49,13:30:00
2026-03-15 13:45:00,59.49,13:45:00
2026-03-15 14:00:00,62.12,14:00:00
2026-03-15 14:15:00,62.12,14:15:00
2026-03-15 14:30:00,65.89,14:30:00
2026-03-15 14:45:00,65.89,14:45:00
2026-03-15 15:00:00,66.21,15:00:00
2026-03-15 15:15:00,66.21,15:15:00
2026-03-15 15:30:00,62.17,15:30:00
2026-03-15 15:45:00,62.17,15:45:00
2026-03-15 16:00:00,57.1,16:00:00
2026-03-15 16:15:00,57.1,16:15:00
2026-03-15 16:30:00,58.13,16:30:00
2026-03-15 16:45:00,58.13,16:45:00
2026-03-15 17:00:00,57.67,17:00:00
2026-03-15 17:15:00,57.67,17:15:00
2026-03-15 17:30:00,60.62,17:30:00
2026-03-15 17:45:00,60.63,17:45:00
2026-03-15 18:00:00,65.38,18:00:00
2026-03-15 18:15:00,65.36,18:15:00
2026-03-15 18:30:00,65.1,18:30:00
2026-03-15 18:45:00,65.11,18:45:00
2026-03-15 19:00:00,65.87,19:00:00
2026-03-15 19:15:00,65.87,19:15:00
2026-03-15 19:30:00,69.11,19:30:00
2026-03-15 19:45:00,69.17,19:45:00
2026-03-15 20:00:00,67.65,20:00:00
2026-03-15 20:15:00,67.66,20:15:00
2026-03-15 20:30:00,64.76,20:30:00
2026-03-15 20:45:00,64.67,20:45:00
2026-03-15 21:00:00,68.39,21:00:00
2026-03-15 21:15:00,68.37,21:15:00
2026-03-15 21:30:00,65.95,21:30:00
2026-03-15 21:45:00,65.92,21:45:00
2026-03-15 22:00:00,63.03,22:00:00
2026-03-15 22:15:00,63.01,22:15:00
2026-03-15 22:30:00,68.12,22:30:00
2026-03-15 22:45:00,68.11,22:45:00
2026-03-15 23:00:00,67.6,23:00:00
2026-03-15 23:15:00,67.59,23:15:00
2026-03-15 23:30:00,67.68,23:30:00
2026-03-15 23:45:00,67.68,23:45:00
2026-03-16 00:00:00,67.49,00:00:00
2026-03-16 00:15:00,67.48,00:15:00
2026-03-16 00:30:00,70.3,00:30:00
2026-03-16 00:45:00,70.31,00:45:00
2026-03-16 01:00:00,71.04,01:00:00
2026-03-16 01:15:00,71.04,01:15:00
2026-03-16 01:30:00,73.14,01:30:00
2026-03-16 01:45:00,73.14,01:45:00
2026-03-16 02:00:00,74.53,02:00:00
2026-03-16 02:15:00,74.52,02:15:00
2026-03-16 02:30:00,74.33,02:30:00
2026-03-16 02:45:00,74.34,02:45:00
2026-03-16 03:00:00,75.88,03:00:00
2026-03-16 03:15:00,75.88,03:15:00
2026-03-16 03:30:00,81.51,03:30:00
2026-03-16 03:45:00,81.52,03:45:00
2026-03-16 04:00:00,79.71,04:00:00
2026-03-16 04:15:00,79.71,04:15:00
2026-03-16 04:30:00,81.19,04:30:00
2026-03-16 04:45:00,81.18,04:45:00
2026-03-16 05:00:00,84.86,05:00:00
2026-03-16 05:15:00,84.86,05:15:00
2026-03-16 05:30:00,78.68,05:30:00
2026-03-16 05:45:00,78.68,05:45:00
2026-03-16 06:00:00,83.8,06:00:00
2026-03-16 06:15:00,83.83,06:15:00
2026-03-16 06:30:00,87.0,06:30:00
2026-03-16 06:45:00,87.04,06:45:00
2026-03-16 07:00:00,87.59,07:00:00
2026-03-16 07:15:00,87.67,07:15:00
2026-03-16 07:30:00,111.7,07:30:00
2026-03-16 07:45:00,111.86,07:45:00
2026-03-16 08:00:00,113.07,08:00:00
2026-03-16 08:15:00,113.03,08:15:00
2026-03-16 08:30:00,116.07,08:30:00
2026-03-16 08:45:00,116.1,08:45:00
2026-03-16 09:00:00,110.86,09:00:00
2026-03-16 09:15:00,110.89,09:15:00
2026-03-16 09:30:00,110.43,09:30:00
2026-03-16 09:45:00,110.42,09:45:00
2026-03-16 10:00:00,111.14,10:00:00
2026-03-16 10:15:00,111.16,10:15:00
2026-03-16 10:30:00,104.36,10:30:00
2026-03-16 10:45:00,104.36,10:45:00
2026-03-16 11:00:00,86.1,11:00:00
2026-03-16 11:15:00,86.11,11:15:00
2026-03-16 11:30:00,79.76,11:30:00
2026-03-16 11:45:00,79.76,11:45:00
2026-03-16 12:00:00,70.07,12:00:00
2026-03-16 12:15:00,70.08,12:15:00
2026-03-16 12:30:00,69.48,12:30:00
2026-03-16 12:45:00,69.49,12:45:00
2026-03-16 13:00:00,67.11,13:00:00
2026-03-16 13:15:00,67.11,13:15:00
2026-03-16 13:30:00,65.81,13:30:00
2026-03-16 13:45:00,65.81,13:45:00
2026-03-16 14:00:00,63.26,14:00:00
2026-03-16 14:15:00,63.26,14:15:00
2026-03-16 14:30:00,65.17,14:30:00
2026-03-16 14:45:00,65.17,14:45:00
2026-03-16 15:00:00,68.41,15:00:00
2026-03-16 15:15:00,68.41,15:15:00
2026-03-16 15:30:00,69.08,15:30:00
2026-03-16 15:45:00,69.08,15:45:00
2026-03-16 16:00:00,68.03,16:00:00
2026-03-16 16:15:00,68.03,16:15:00
2026-03-16 16:30:00,67.41,16:30:00
2026-03-16 16:45:00,67.41,16:45:00
2026-03-16 17:00:00,64.74,17:00:00
2026-03-16 17:15:00,64.74,17:15:00
2026-03-16 17:30:00,72.56,17:30:00
2026-03-16 17:45:00,72.56,17:45:00
2026-03-16 18:00:00,77.51,18:00:00
2026-03-16 18:15:00,77.51,18:15:00
2026-03-16 18:30:00,78.74,18:30:00
2026-03-16 18:45:00,78.74,18:45:00
2026-03-16 19:00:00,83.76,19:00:00
2026-03-16 19:15:00,83.76,19:15:00
2026-03-16 19:30:00,82.59,19:30:00
2026-03-16 19:45:00,82.59,19:45:00
2026-03-16 20:00:00,76.08,20:00:00
2026-03-16 20:15:00,76.08,20:15:00
2026-03-16 20:30:00,73.51,20:30:00
2026-03-16 20:45:00,73.51,20:45:00
2026-03-16 21:00:00,70.16,21:00:00
2026-03-16 21:15:00,70.16,21:15:00
2026-03-16 21:30:00,62.83,21:30:00
2026-03-16 21:45:00,62.83,21:45:00
2026-03-16 22:00:00,64.66,22:00:00
2026-03-16 22:15:00,64.66,22:15:00
2026-03-16 22:30:00,62.19,22:30:00
2026-03-16 22:45:00,62.19,22:45:00
2026-03-16 23:00:00,55.96,23:00:00
2026-03-16 23:15:00,55.96,23:15:00
2026-03-16 23:30:00,58.63,23:30:00
2026-03-16 23:45:00,58.63,23:45:00
2026-03-17 00:00:00,56.66,00:00:00
2026-03-17 00:15:00,56.66,00:15:00
2026-03-17 00:30:00,56.92,00:30:00
2026-03-17 00:45:00,56.92,00:45:00
2026-03-17 01:00:00,54.8,01:00:00
2026-03-17 01:15:00,54.8,01:15:00
2026-03-17 01:30:00,54.39,01:30:00
2026-03-17 01:45:00,54.39,01:45:00
2026-03-17 02:00:00,53.24,02:00:00
2026-03-17 02:15:00,53.24,02:15:00
2026-03-17 02:30:00,54.41,02:30:00
2026-03-17 02:45:00,54.41,02:45:00
2026-03-17 03:00:00,54.71,03:00:00
2026-03-17 03:15:00,54.71,03:15:00
2026-03-17 03:30:00,56.46,03:30:00
2026-03-17 03:45:00,56.46,03:45:00
2026-03-17 04:00:00,56.87,04:00:00
2026-03-17 04:15:00,56.87,04:15:00
2026-03-17 04:30:00,58.4,04:30:00
2026-03-17 04:45:00,58.4,04:45:00
2026-03-17 06:00:00,59.59,06:00:00
2026-03-17 06:15:00,59.59,06:15:00
2026-03-17 06:30:00,60.47,06:30:00
2026-03-17 06:45:00,60.47,06:45:00
2026-03-17 08:00:00,54.45,08:00:00
2026-03-17 08:15:00,54.45,08:15:00
2026-03-17 08:30:00,56.42,08:30:00
2026-03-17 08:45:00,56.42,08:45:00
2026-03-17 09:00:00,56.66,09:00:00
2026-03-17 09:15:00,56.66,09:15:00
2026-03-17 09:30:00,58.73,09:30:00
2026-03-17 09:45:00,58.73,09:45:00
2026-03-17 10:00:00,57.76,10:00:00
2026-03-17 10:15:00,57.76,10:15:00
2026-03-17 10:30:00,60.33,10:30:00
2026-03-17 10:45:00,60.33,10:45:00
2026-03-17 11:00:00,61.06,11:00:00
2026-03-17 11:15:00,61.06,11:15:00
2026-03-17 11:30:00,61.74,11:30:00
2026-03-17 11:45:00,61.74,11:45:00
2026-03-17 12:00:00,62.62,12:00:00
2026-03-17 12:15:00,62.62,12:15:00
2026-03-17 12:30:00,63.71,12:30:00
2026-03-17 12:45:00,63.71,12:45:00
2026-03-17 13:00:00,60.54,13:00:00
2026-03-17 13:15:00,60.54,13:15:00
2026-03-17 13:30:00,64.63,13:30:00
2026-03-17 13:45:00,64.63,13:45:00
2026-03-17 14:00:00,67.29,14:00:00
2026-03-17 14:15:00,67.28,14:15:00
2026-03-17 14:30:00,72.24,14:30:00
2026-03-17 14:45:00,72.25,14:45:00
2026-03-17 15:00:00,76.98,15:00:00
2026-03-17 15:15:00,76.98,15:15:00
2026-03-17 15:30:00,82.01,15:30:00
2026-03-17 15:45:00,81.99,15:45:00
2026-03-17 16:00:00,94.36,16:00:00
2026-03-17 16:15:00,94.33,16:15:00
2026-03-17 16:30:00,100.36,16:30:00
2026-03-17 16:45:00,100.35,16:45:00
2026-03-17 17:00:00,137.12,17:00:00
2026-03-17 17:15:00,137.15,17:15:00
2026-03-17 17:30:00,159.72,17:30:00
2026-03-17 17:45:00,159.71,17:45:00
2026-03-17 18:00:00,174.47,18:00:00
2026-03-17 18:15:00,174.41,18:15:00
2026-03-17 18:30:00,173.67,18:30:00
2026-03-17 18:45:00,173.67,18:45:00
2026-03-17 19:00:00,176.57,19:00:00
2026-03-17 19:15:00,176.52,19:15:00
2026-03-17 19:30:00,180.44,19:30:00
2026-03-17 19:45:00,180.29,19:45:00
2026-03-17 20:00:00,186.21,20:00:00
2026-03-17 20:15:00,186.22,20:15:00
2026-03-17 20:30:00,203.84,20:30:00
2026-03-17 20:45:00,203.81,20:45:00
2026-03-17 21:00:00,211.14,21:00:00
2026-03-17 21:15:00,211.09,21:15:00
2026-03-17 21:30:00,219.51,21:30:00
2026-03-17 21:45:00,219.37,21:45:00
2026-03-17 22:00:00,219.86,22:00:00
2026-03-17 22:15:00,219.89,22:15:00
2026-03-17 22:30:00,220.36,22:30:00
2026-03-17 22:45:00,220.48,22:45:00
2026-03-17 23:00:00,221.59,23:00:00
2026-03-17 23:15:00,221.76,23:15:00
2026-03-17 23:30:00,240.94,23:30:00
2026-03-17 23:45:00,241.03,23:45:00
2026-03-18 00:00:00,255.25,00:00:00
2026-03-18 00:15:00,255.45,00:15:00
2026-03-18 00:30:00,264.48,00:30:00
2026-03-18 00:45:00,264.32,00:45:00
2026-03-18 01:00:00,271.0,01:00:00
2026-03-18 01:15:00,270.97,01:15:00
2026-03-18 01:30:00,280.99,01:30:00
2026-03-18 01:45:00,280.94,01:45:00
2026-03-18 02:00:00,286.8,02:00:00
2026-03-18 02:15:00,286.54,02:15:00
2026-03-18 02:30:00,290.95,02:30:00
2026-03-18 02:45:00,290.94,02:45:00
2026-03-18 03:00:00,292.97,03:00:00
2026-03-18 03:15:00,292.85,03:15:00
2026-03-18 03:30:00,298.07,03:30:00
2026-03-18 03:45:00,297.86,03:45:00
2026-03-18 04:00:00,303.54,04:00:00
2026-03-18 04:15:00,303.43,04:15:00
2026-03-18 04:30:00,304.23,04:30:00
2026-03-18 04:45:00,304.06,04:45:00
2026-03-18 05:00:00,306.92,05:00:00
2026-03-18 05:15:00,306.83,05:15:00
2026-03-18 05:30:00,312.09,05:30:00
2026-03-18 05:45:00,312.0,05:45:00
2026-03-18 06:00:00,320.84,06:00:00
2026-03-18 06:15:00,320.86,06:15:00
2026-03-18 06:30:00,325.6,06:30:00
2026-03-18 06:45:00,325.67,06:45:00
2026-03-18 07:00:00,324.86,07:00:00
2026-03-18 07:15:00,324.83,07:15:00
2026-03-18 07:30:00,328.05,07:30:00
2026-03-18 07:45:00,327.88,07:45:00
2026-03-18 08:00:00,322.23,08:00:00
2026-03-18 08:15:00,322.15,08:15:00
2026-03-18 08:30:00,317.8,08:30:00
2026-03-18 08:45:00,317.88,08:45:00
2026-03-18 09:00:00,311.79,09:00:00
2026-03-18 09:15:00,312.01,09:15:00
2026-03-18 09:30:00,305.71,09:30:00
2026-03-18 09:45:00,305.74,09:45:00
2026-03-18 10:00:00,295.22,10:00:00
2026-03-18 10:15:00,295.09,10:15:00
2026-03-18 10:30:00,279.44,10:30:00
2026-03-18 10:45:00,279.39,10:45:00
2026-03-18 11:00:00,279.11,11:00:00
2026-03-18 11:15:00,279.15,11:15:00
2026-03-18 11:30:00,273.45,11:30:00
2026-03-18 11:45:00,273.39,11:45:00
2026-03-18 12:00:00,268.88,12:00:00
2026-03-18 12:15:00,268.88,12:15:00
2026-03-18 12:30:00,267.4,12:30:00
2026-03-18 12:45:00,267.39,12:45:00
2026-03-18 13:00:00,266.87,13:00:00
2026-03-18 13:15:00,266.88,13:15:00
2026-03-18 13:30:00,266.3,13:30:00
2026-03-18 13:45:00,266.25,13:45:00
2026-03-18 15:00:00,250.91,15:00:00
2026-03-18 15:15:00,250.85,15:15:00
2026-03-18 15:30:00,246.86,15:30:00
2026-03-18 15:45:00,246.61,15:45:00
2026-03-18 16:00:00,247.17,16:00:00
2026-03-18 16:15:00,247.19,16:15:00
2026-03-18 16:30:00,242.11,16:30:00
2026-03-18 16:45:00,242.17,16:45:00
2026-03-18 17:00:00,241.19,17:00:00
2026-03-18 17:15:00,241.18,17:15:00
2026-03-18 17:30:00,247.85,17:30:00
2026-03-18 17:45:00,247.96,17:45:00
2026-03-18 18:00:00,242.1,18:00:00
2026-03-18 18:15:00,242.03,18:15:00
2026-03-18 18:30:00,229.89,18:30:00
2026-03-18 18:45:00,229.92,18:45:00
2026-03-18 19:00:00,220.77,19:00:00
2026-03-18 19:15:00,220.67,19:15:00
2026-03-18 19:30:00,212.47,19:30:00
2026-03-18 19:45:00,212.4,19:45:00
2026-03-18 20:00:00,204.59,20:00:00
2026-03-18 20:15:00,204.52,20:15:00
2026-03-18 20:30:00,190.87,20:30:00
2026-03-18 20:45:00,190.91,20:45:00
2026-03-18 21:00:00,175.08,21:00:00
2026-03-18 21:15:00,175.1,21:15:00
2026-03-18 21:30:00,167.39,21:30:00
2026-03-18 21:45:00,167.4,21:45:00
2026-03-18 22:00:00,151.59,22:00:00
2026-03-18 22:15:00,151.59,22:15:00
2026-03-18 22:30:00,135.55,22:30:00
2026-03-18 22:45:00,135.57,22:45:00
2026-03-18 23:00:00,129.08,23:00:00
2026-03-18 23:15:00,129.14,23:15:00
2026-03-18 23:30:00,121.28,23:30:00
2026-03-18 23:45:00,121.33,23:45:00
2026-03-19 00:00:00,114.21,00:00:00
2026-03-19 00:15:00,114.22,00:15:00
2026-03-19 00:30:00,110.44,00:30:00
2026-03-19 00:45:00,110.38,00:45:00
2026-03-19 02:00:00,124.45,02:00:00
2026-03-19 02:15:00,124.49,02:15:00
2026-03-19 02:30:00,123.3,02:30:00
2026-03-19 02:45:00,123.24,02:45:00
2026-03-19 03:00:00,133.65,03:00:00
2026-03-19 03:15:00,133.63,03:15:00
2026-03-19 03:30:00,134.73,03:30:00
2026-03-19 03:45:00,134.65,03:45:00
2026-03-19 04:00:00,148.22,04:00:00
2026-03-19 04:15:00,148.13,04:15:00
2026-03-19 04:30:00,154.22,04:30:00
2026-03-19 04:45:00,154.09,04:45:00
2026-03-19 05:00:00,162.48,05:00:00
2026-03-19 05:15:00,162.41,05:15:00
2026-03-19 05:30:00,192.22,05:30:00
2026-03-19 05:45:00,192.22,05:45:00
2026-03-19 06:00:00,209.55,06:00:00
2026-03-19 06:15:00,209.54,06:15:00
2026-03-19 06:30:00,214.59,06:30:00
2026-03-19 06:45:00,214.73,06:45:00
2026-03-19 07:00:00,217.57,07:00:00
2026-03-19 07:15:00,217.78,07:15:00
2026-03-19 07:30:00,218.55,07:30:00
2026-03-19 07:45:00,218.68,07:45:00
2026-03-19 08:00:00,213.17,08:00:00
2026-03-19 08:15:00,213.03,08:15:00
2026-03-19 08:30:00,227.0,08:30:00
2026-03-19 08:45:00,226.94,08:45:00
2026-03-19 09:00:00,244.5,09:00:00
2026-03-19 09:15:00,244.44,09:15:00
2026-03-19 09:30:00,253.24,09:30:00
2026-03-19 09:45:00,253.35,09:45:00
2026-03-19 10:00:00,276.26,10:00:00
2026-03-19 10:15:00,276.23,10:15:00
2026-03-19 10:30:00,286.76,10:30:00
2026-03-19 10:45:00,286.7,10:45:00
2026-03-19 11:00:00,307.71,11:00:00
2026-03-19 11:15:00,307.77,11:15:00
2026-03-19 11:30:00,300.3,11:30:00
2026-03-19 11:45:00,300.34,11:45:00
2026-03-19 12:00:00,303.63,12:00:00
2026-03-19 12:15:00,303.64,12:15:00
2026-03-19 12:30:00,300.67,12:30:00
2026-03-19 12:45:00,300.67,12:45:00
2026-03-19 13:00:00,306.58,13:00:00
2026-03-19 13:15:00,306.7,13:15:00
2026-03-19 13:30:00,300.41,13:30:00
2026-03-19 13:45:00,300.43,13:45:00
2026-03-19 14:00:00,299.59,14:00:00
2026-03-19 14:15:00,299.56,14:15:00
2026-03-19 14:30:00,299.49,14:30:00
2026-03-19 14:45:00,299.4,14:45:00
2026-03-19 15:00:00,290.99,15:00:00
2026-03-19 15:15:00,290.97,15:15:00
2026-03-19 15:30:00,283.94,15:30:00
2026-03-19 15:45:00,283.72,15:45:00
2026-03-19 16:00:00,287.57,16:00:00
2026-03-19 16:15:00,287.56,16:15:00
2026-03-19 16:30:00,303.46,16:30:00
2026-03-19 16:45:00,303.53,16:45:00
2026-03-19 17:00:00,322.24,17:00:00
2026-03-19 17:15:00,322.37,17:15:00
2026-03-19 17:30:00,325.42,17:30:00
2026-03-19 17:45:00,325.43,17:45:00
2026-03-19 18:00:00,335.74,18:00:00
2026-03-19 18:15:00,335.7,18:15:00
2026-03-19 18:30:00,335.83,18:30:00
2026-03-19 18:45:00,335.65,18:45:00
2026-03-19 19:00:00,321.91,19:00:00
2026-03-19 19:15:00,321.8,19:15:00
2026-03-19 19:30:00,309.03,19:30:00
2026-03-19 19:45:00,308.99,19:45:00
2026-03-19 20:00:00,305.22,20:00:00
2026-03-19 20:15:00,305.17,20:15:00
2026-03-19 20:30:00,307.39,20:30:00
2026-03-19 20:45:00,307.23,20:45:00
2026-03-19 21:00:00,305.51,21:00:00
2026-03-19 21:15:00,305.45,21:15:00
2026-03-19 21:30:00,300.1,21:30:00
2026-03-19 21:45:00,300.13,21:45:00
2026-03-19 22:00:00,296.44,22:00:00
2026-03-19 22:15:00,296.56,22:15:00
2026-03-19 22:30:00,287.04,22:30:00
2026-03-19 22:45:00,286.98,22:45:00
2026-03-19 23:00:00,285.54,23:00:00
2026-03-19 23:15:00,285.51,23:15:00
2026-03-19 23:30:00,284.28,23:30:00
2026-03-19 23:45:00,284.3,23:45:00
2026-03-20 00:00:00,284.29,00:00:00
2026-03-20 00:15:00,284.26,00:15:00
2026-03-20 00:30:00,280.47,00:30:00
2026-03-20 00:45:00,280.46,00:45:00
2026-03-20 01:00:00,281.0,01:00:00
2026-03-20 01:15:00,280.94,01:15:00
2026-03-20 01:30:00,281.03,01:30:00
2026-03-20 01:45:00,281.01,01:45:00
2026-03-20 02:00:00,282.64,02:00:00
2026-03-20 02:15:00,282.68,02:15:00
2026-03-20 02:30:00,292.12,02:30:00
2026-03-20 02:45:00,292.11,02:45:00
2026-03-20 03:00:00,294.54,03:00:00
2026-03-20 03:15:00,294.57,03:15:00
2026-03-20 03:30:00,296.41,03:30:00
2026-03-20 03:45:00,296.26,03:45:00
2026-03-20 04:00:00,295.47,04:00:00
2026-03-20 04:15:00,295.51,04:15:00
2026-03-20 04:30:00,299.3,04:30:00
2026-03-20 04:45:00,299.71,04:45:00
2026-03-20 05:00:00,305.11,05:00:00
2026-03-20 05:15:00,305.62,05:15:00
2026-03-20 05:30:00,313.59,05:30:00
2026-03-20 05:45:00,309.89,05:45:00
2026-03-20 06:00:00,321.79,06:00:00
2026-03-20 06:15:00,321.67,06:15:00
2026-03-20 06:30:00,329.41,06:30:00
2026-03-20 06:45:00,328.97,06:45:00
2026-03-20 07:00:00,330.4,07:00:00
2026-03-20 07:15:00,330.42,07:15:00
2026-03-20 07:30:00,333.7,07:30:00
2026-03-20 07:45:00,333.62,07:45:00
2026-03-20 08:00:00,331.6,08:00:00
2026-03-20 08:15:00,331.46,08:15:00
2026-03-20 08:30:00,332.47,08:30:00
2026-03-20 08:45:00,332.54,08:45:00
2026-03-20 10:00:00,316.74,10:00:00
2026-03-20 10:15:00,313.84,10:15:00
2026-03-20 10:30:00,304.95,10:30:00
2026-03-20 10:45:00,304.92,10:45:00
2026-03-20 11:00:00,302.84,11:00:00
2026-03-20 11:15:00,302.82,11:15:00
2026-03-20 11:30:00,294.8,11:30:00
2026-03-20 11:45:00,294.82,11:45:00
2026-03-20 12:00:00,288.46,12:00:00
2026-03-20 12:15:00,288.5,12:15:00
2026-03-20 12:30:00,278.27,12:30:00
2026-03-20 12:45:00,278.22,12:45:00
2026-03-20 13:00:00,279.65,13:00:00
2026-03-20 13:15:00,279.79,13:15:00
2026-03-20 13:30:00,275.35,13:30:00
2026-03-20 13:45:00,275.65,13:45:00
2026-03-20 14:00:00,285.92,14:00:00
2026-03-20 14:15:00,285.95,14:15:00
2026-03-20 14:30:00,290.74,14:30:00
2026-03-20 14:45:00,290.73,14:45:00
2026-03-20 15:00:00,292.87,15:00:00
2026-03-20 15:15:00,292.72,15:15:00
2026-03-20 15:30:00,301.67,15:30:00
2026-03-20 15:45:00,301.53,15:45:00
2026-03-20 16:00:00,301.85,16:00:00
2026-03-20 16:15:00,301.9,16:15:00
2026-03-20 16:30:00,310.56,16:30:00
2026-03-20 16:45:00,310.67,16:45:00
2026-03-20 17:00:00,322.72,17:00:00
2026-03-20 17:15:00,322.92,17:15:00
2026-03-20 17:30:00,327.59,17:30:00
2026-03-20 17:45:00,327.63,17:45:00
2026-03-20 18:00:00,338.72,18:00:00
2026-03-20 18:15:00,338.77,18:15:00
2026-03-20 18:30:00,340.03,18:30:00
2026-03-20 18:45:00,339.94,18:45:00
2026-03-20 19:00:00,341.37,19:00:00
2026-03-20 19:15:00,341.35,19:15:00
2026-03-20 19:30:00,342.47,19:30:00
2026-03-20 19:45:00,342.32,19:45:00
2026-03-20 20:00:00,338.82,20:00:00
2026-03-20 20:15:00,338.79,20:15:00
2026-03-20 20:30:00,339.59,20:30:00
2026-03-20 20:45:00,339.6,20:45:00
2026-03-20 21:00:00,345.72,21:00:00
2026-03-20 21:15:00,345.61,21:15:00
2026-03-20 21:30:00,343.66,21:30:00
2026-03-20 21:45:00,343.47,21:45:00
2026-03-20 22:00:00,339.8,22:00:00
2026-03-20 22:15:00,339.74,22:15:00
2026-03-20 22:30:00,341.88,22:30:00
2026-03-20 22:45:00,341.71,22:45:00
2026-03-20 23:00:00,344.85,23:00:00
2026-03-20 23:15:00,344.8,23:15:00
2026-03-20 23:30:00,352.5,23:30:00
2026-03-20 23:45:00,352.45,23:45:00
2026-03-21 00:00:00,355.05,00:00:00
2026-03-21 00:15:00,354.78,00:15:00
2026-03-21 00:30:00,352.89,00:30:00
2026-03-21 00:45:00,352.82,00:45:00
2026-03-21 01:00:00,350.91,01:00:00
2026-03-21 01:15:00,350.76,01:15:00
2026-03-21 01:30:00,345.76,01:30:00
2026-03-21 01:45:00,345.63,01:45:00
2026-03-21 02:00:00,338.67,02:00:00
2026-03-21 02:15:00,338.69,02:15:00
2026-03-21 02:30:00,338.12,02:30:00
2026-03-21 02:45:00,338.12,02:45:00
2026-03-21 03:00:00,341.98,03:00:00
2026-03-21 03:15:00,341.97,03:15:00
2026-03-21 03:30:00,342.73,03:30:00
2026-03-21 03:45:00,342.82,03:45:00
2026-03-21 04:00:00,345.37,04:00:00
2026-03-21 04:15:00,345.34,04:15:00
2026-03-21 04:30:00,349.09,04:30:00
2026-03-21 04:45:00,349.0,04:45:00
2026-03-21 05:00:00,349.56,05:00:00
2026-03-21 05:15:00,349.68,05:15:00
2026-03-21 05:30:00,351.39,05:30:00
2026-03-21 05:45:00,351.49,05:45:00
2026-03-21 06:00:00,351.57,06:00:00
2026-03-21 06:15:00,351.46,06:15:00
2026-03-21 06:30:00,356.43,06:30:00
2026-03-21 06:45:00,356.48,06:45:00
2026-03-21 07:00:00,356.64,07:00:00
2026-03-21 07:15:00,356.75,07:15:00
2026-03-21 07:30:00,350.65,07:30:00
2026-03-21 07:45:00,350.74,07:45:00
2026-03-21 08:00:00,347.34,08:00:00
2026-03-21 08:15:00,347.31,08:15:00
2026-03-21 08:30:00,342.22,08:30:00
2026-03-21 08:45:00,342.3,08:45:00
2026-03-21 09:00:00,338.76,09:00:00
2026-03-21 09:15:00,338.58,09:15:00
2026-03-21 09:30:00,330.96,09:30:00
2026-03-21 09:45:00,331.06,09:45:00
2026-03-21 10:00:00,334.75,10:00:00
2026-03-21 10:15:00,334.61,10:15:00
2026-03-21 10:30:00,330.01,10:30:00
2026-03-21 10:45:00,329.96,10:45:00
2026-03-21 11:00:00,328.75,11:00:00
2026-03-21 11:15:00,328.67,11:15:00
2026-03-21 11:30:00,323.57,11:30:00
2026-03-21 11:45:00,323.63,11:45:00
2026-03-21 12:00:00,316.81,12:00:00
2026-03-21 12:15:00,316.94,12:15:00
2026-03-21 12:30:00,312.39,12:30:00
2026-03-21 12:45:00,312.43,12:45:00
2026-03-21 13:00:00,299.96,13:00:00
2026-03-21 13:15:00,300.06,13:15:00
2026-03-21 13:30:00,295.98,13:30:00
2026-03-21 13:45:00,296.0,13:45:00
2026-03-21 14:00:00,287.45,14:00:00
2026-03-21 14:15:00,287.5,14:15:00
2026-03-21 14:30:00,282.44,14:30:00
2026-03-21 14:45:00,282.04,14:45:00
2026-03-21 15:00:00,280.01,15:00:00
2026-03-21 15:15:00,279.86,15:15:00
2026-03-21 15:30:00,287.87,15:30:00
2026-03-21 15:45:00,287.76,15:45:00
2026-03-21 16:00:00,291.79,16:00:00
2026-03-21 16:15:00,291.71,16:15:00
2026-03-21 16:30:00,298.68,16:30:00
2026-03-21 16:45:00,298.67,16:45:00
2026-03-21 17:00:00,303.52,17:00:00
2026-03-21 17:15:00,303.55,17:15:00
2026-03-21 17:30:00,319.18,17:30:00
2026-03-21 17:45:00,319.23,17:45:00
2026-03-21 18:00:00,316.32,18:00:00
2026-03-21 18:15:00,316.33,18:15:00
2026-03-21 18:30:00,313.49,18:30:00
2026-03-21 18:45:00,313.51,18:45:00
2026-03-21 20:00:00,293.05,20:00:00
2026-03-21 20:15:00,293.06,20:15:00
2026-03-21 20:30:00,288.35,20:30:00
2026-03-21 20:45:00,288.38,20:45:00
2026-03-21 21:00:00,263.95,21:00:00
2026-03-21 21:15:00,263.92,21:15:00
2026-03-21 21:30:00,251.23,21:30:00
2026-03-21 21:45:00,251.34,21:45:00
2026-03-21 22:00:00,250.61,22:00:00
2026-03-21 22:15:00,250.74,22:15:00
2026-03-21 22:30:00,236.06,22:30:00
2026-03-21 22:45:00,236.12,22:45:00
2026-03-21 23:00:00,233.09,23:00:00
2026-03-21 23:15:00,233.11,23:15:00
2026-03-21 23:30:00,234.05,23:30:00
2026-03-21 23:45:00,233.96,23:45:00
2026-03-22 01:00:00,212.73,01:00:00
2026-03-22 01:15:00,212.71,01:15:00
2026-03-22 01:30:00,199.19,01:30:00
2026-03-22 01:45:00,199.17,01:45:00
2026-03-22 02:00:00,205.19,02:00:00
2026-03-22 02:15:00,205.17,02:15:00
2026-03-22 02:30:00,219.15,02:30:00
2026-03-22 02:45:00,219.18,02:45:00
2026-03-22 03:00:00,219.23,03:00:00
2026-03-22 03:15:00,219.14,03:15:00
2026-03-22 03:30:00,214.08,03:30:00
2026-03-22 03:45:00,214.04,03:45:00
2026-03-22 04:00:00,203.99,04:00:00
2026-03-22 04:15:00,204.02,04:15:00
2026-03-22 04:30:00,220.03,04:30:00
2026-03-22 04:45:00,219.93,04:45:00
2026-03-22 05:00:00,216.84,05:00:00
2026-03-22 05:15:00,216.9,05:15:00
2026-03-22 05:30:00,226.99,05:30:00
2026-03-22 05:45:00,226.77,05:45:00
2026-03-22 06:00:00,237.95,06:00:00
2026-03-22 06:15:00,238.05,06:15:00
2026-03-22 06:30:00,239.3,06:30:00
2026-03-22 06:45:00,238.96,06:45:00
2026-03-22 07:00:00,247.67,07:00:00
2026-03-22 07:15:00,247.62,07:15:00
2026-03-22 07:30:00,255.41,07:30:00
2026-03-22 07:45:00,255.43,07:45:00
2026-03-22 08:00:00,283.94,08:00:00
2026-03-22 08:15:00,283.93,08:15:00
2026-03-22 08:30:00,305.26,08:30:00
2026-03-22 08:45:00,305.28,08:45:00
2026-03-22 09:00:00,317.75,09:00:00
2026-03-22 09:15:00,317.75,09:15:00
2026-03-22 09:30:00,310.96,09:30:00
2026-03-22 09:45:00,311.01,09:45:00
2026-03-22 10:00:00,305.78,10:00:00
2026-03-22 10:15:00,305.99,10:15:00
2026-03-22 10:30:00,303.27,10:30:00
2026-03-22 10:45:00,303.39,10:45:00
2026-03-22 11:00:00,282.75,11:00:00
2026-03-22 11:15:00,282.82,11:15:00
2026-03-22 11:30:00,282.99,11:30:00
2026-03-22 11:45:00,282.97,11:45:00
2026-03-22 12:00:00,276.9,12:00:00
2026-03-22 12:15:00,276.92,12:15:00
2026-03-22 12:30:00,275.26,12:30:00
2026-03-22 12:45:00,275.2,12:45:00
2026-03-22 13:00:00,277.88,13:00:00
2026-03-22 13:15:00,277.82,13:15:00
2026-03-22 13:30:00,279.8,13:30:00
2026-03-22 13:45:00,279.76,13:45:00
2026-03-22 15:00:00,270.71,15:00:00
2026-03-22 15:15:00,270.68,15:15:00
2026-03-22 15:30:00,263.76,15:30:00
2026-03-22 15:45:00,263.84,15:45:00
2026-03-22 16:00:00,266.37,16:00:00
2026-03-22 16:15:00,266.37,16:15:00
2026-03-22 16:30:00,272.94,16:30:00
2026-03-22 16:45:00,273.06,16:45:00
2026-03-22 17:00:00,271.75,17:00:00
2026-03-22 17:15:00,271.88,17:15:00
2026-03-22 17:30:00,273.92,17:30:00
2026-03-22 17:45:00,274.01,17:45:00
2026-03-22 18:00:00,267.27,18:00:00
2026-03-22 18:15:00,267.38,18:15:00
2026-03-22 18:30:00,266.43,18:30:00
2026-03-22 18:45:00,266.4,18:45:00
2026-03-22 19:00:00,291.17,19:00:00
2026-03-22 19:15:00,291.11,19:15:00
2026-03-22 19:30:00,290.24,19:30:00
2026-03-22 19:45:00,290.18,19:45:00
2026-03-22 20:00:00,294.21,20:00:00
2026-03-22 20:15:00,294.12,20:15:00
2026-03-22 20:30:00,295.67,20:30:00
2026-03-22 20:45:00,295.61,20:45:00
2026-03-22 21:00:00,293.44,21:00:00
2026-03-22 21:15:00,293.4,21:15:00
2026-03-22 21:30:00,295.75,21:30:00
2026-03-22 21:45:00,295.76,21:45:00
2026-03-22 22:00:00,285.63,22:00:00
2026-03-22 22:15:00,285.7,22:15:00
2026-03-22 22:30:00,290.57,22:30:00
2026-03-22 22:45:00,290.64,22:45:00
2026-03-22 23:00:00,303.78,23:00:00
2026-03-22 23:15:00,303.93,23:15:00
2026-03-22 23:30:00,314.1,23:30:00
2026-03-22 23:45:00,314.12,23:45:00
2026-03-23 00:00:00,315.0,00:00:00
2026-03-23 00:15:00,314.93,00:15:00
2026-03-23 00:30:00,321.33,00:30:00
2026-03-23 00:45:00,321.33,00:45:00
2026-03-23 01:00:00,326.95,01:00:00
2026-03-23 01:15:00,327.0,01:15:00
2026-03-23 01:30:00,325.7,01:30:00
2026-03-23 01:45:00,325.71,01:45:00
2026-03-23 02:00:00,324.79,02:00:00
2026-03-23 02:15:00,324.8,02:15:00
2026-03-23 02:30:00,326.4,02:30:00
2026-03-23 02:45:00,326.37,02:45:00
2026-03-23 03:00:00,323.77,03:00:00
2026-03-23 03:15:00,323.8,03:15:00
2026-03-23 03:30:00,319.02,03:30:00
2026-03-23 03:45:00,318.88,03:45:00
2026-03-23 04:00:00,320.63,04:00:00
2026-03-23 04:15:00,320.84,04:15:00
2026-03-23 04:30:00,320.35,04:30:00
2026-03-23 04:45:00,320.54,04:45:00
2026-03-23 05:00:00,320.74,05:00:00
2026-03-23 05:15:00,320.79,05:15:00
2026-03-23 05:30:00,318.11,05:30:00
2026-03-23 05:45:00,318.13,05:45:00
2026-03-23 06:00:00,309.6,06:00:00
2026-03-23 06:15:00,309.6,06:15:00
2026-03-23 06:30:00,308.42,06:30:00
2026-03-23 06:45:00,308.44,06:45:00
2026-03-23 07:00:00,289.96,07:00:00
2026-03-23 07:15:00,289.87,07:15:00
2026-03-23 07:30:00,278.67,07:30:00
2026-03-23 07:45:00,278.62,07:45:00
2026-03-23 08:00:00,268.07,08:00:00
2026-03-23 08:15:00,268.06,08:15:00
2026-03-23 08:30:00,256.13,08:30:00
2026-03-23 08:45:00,256.13,08:45:00
2026-03-23 09:00:00,237.05,09:00:00
2026-03-23 09:15:00,237.09,09:15:00
2026-03-23 09:30:00,228.73,09:30:00
2026-03-23 09:45:00,228.7,09:45:00
2026-03-23 10:00:00,237.48,10:00:00
2026-03-23 10:15:00,237.43,10:15:00
2026-03-23 10:30:00,228.37,10:30:00
2026-03-23 10:45:00,228.34,10:45:00
2026-03-23 11:00:00,220.6,11:00:00
2026-03-23 11:15:00,220.58,11:15:00
2026-03-23 11:30:00,174.3,11:30:00
2026-03-23 11:45:00,174.33,11:45:00
2026-03-23 12:00:00,167.51,12:00:00
2026-03-23 12:15:00,167.51,12:15:00
2026-03-23 12:30:00,169.47,12:30:00
2026-03-23 12:45:00,169.48,12:45:00
2026-03-23 13:00:00,146.54,13:00:00
2026-03-23 13:15:00,146.53,13:15:00
2026-03-23 13:30:00,132.98,13:30:00
2026-03-23 13:45:00,132.95,13:45:00
2026-03-23 15:00:00,130.65,15:00:00
2026-03-23 15:15:00,130.65,15:15:00
2026-03-23 15:30:00,141.57,15:30:00
2026-03-23 15:45:00,141.57,15:45:00
2026-03-23 16:00:00,160.97,16:00:00
2026-03-23 16:15:00,160.97,16:15:00
2026-03-23 16:30:00,176.11,16:30:00
2026-03-23 16:45:00,176.11,16:45:00
2026-03-23 17:00:00,171.05,17:00:00
2026-03-23 17:15:00,171.05,17:15:00
2026-03-23 17:30:00,167.64,17:30:00
2026-03-23 17:45:00,167.64,17:45:00
2026-03-23 18:00:00,166.15,18:00:00
2026-03-23 18:15:00,166.15,18:15:00
2026-03-23 18:30:00,143.68,18:30:00
2026-03-23 18:45:00,143.68,18:45:00
2026-03-23 19:00:00,141.34,19:00:00
2026-03-23 19:15:00,141.34,19:15:00
2026-03-23 19:30:00,135.42,19:30:00
2026-03-23 19:45:00,135.42,19:45:00
2026-03-23 20:00:00,122.39,20:00:00
2026-03-23 20:15:00,122.39,20:15:00
2026-03-23 20:30:00,104.25,20:30:00
2026-03-23 20:45:00,104.25,20:45:00
2026-03-23 21:00:00,86.8,21:00:00
2026-03-23 21:15:00,86.8,21:15:00
2026-03-23 21:30:00,82.86,21:30:00
2026-03-23 21:45:00,82.86,21:45:00
2026-03-23 22:00:00,85.1,22:00:00
2026-03-23 22:15:00,85.1,22:15:00
2026-03-23 22:30:00,74.17,22:30:00
2026-03-23 22:45:00,74.17,22:45:00
2026-03-23 23:00:00,58.89,23:00:00
2026-03-23 23:15:00,58.89,23:15:00
2026-03-23 23:30:00,52.38,23:30:00
2026-03-23 23:45:00,52.38,23:45:00
2026-03-24 00:00:00,56.08,00:00:00
2026-03-24 00:15:00,56.08,00:15:00
2026-03-24 00:30:00,59.66,00:30:00
2026-03-24 00:45:00,59.66,00:45:00
2026-03-24 01:00:00,60.08,01:00:00
2026-03-24 01:15:00,60.08,01:15:00
2026-03-24 01:30:00,59.92,01:30:00
2026-03-24 01:45:00,59.92,01:45:00
2026-03-24 02:00:00,64.53,02:00:00
2026-03-24 02:15:00,64.53,02:15:00
2026-03-24 02:30:00,61.65,02:30:00
2026-03-24 02:45:00,61.65,02:45:00
2026-03-24 03:00:00,61.19,03:00:00
2026-03-24 03:15:00,61.19,03:15:00
2026-03-24 03:30:00,59.99,03:30:00
2026-03-24 03:45:00,59.99,03:45:00
2026-03-24 04:00:00,66.14,04:00:00
2026-03-24 04:15:00,66.14,04:15:00
2026-03-24 04:30:00,66.24,04:30:00
2026-03-24 04:45:00,66.24,04:45:00
2026-03-24 06:00:00,71.81,06:00:00
2026-03-24 06:15:00,71.8,06:15:00
2026-03-24 06:30:00,75.64,06:30:00
2026-03-24 06:45:00,75.61,06:45:00
2026-03-24 07:00:00,82.92,07:00:00
2026-03-24 07:15:00,83.01,07:15:00
2026-03-24 07:30:00,98.11,07:30:00
2026-03-24 07:45:00,98.06,07:45:00
2026-03-24 08:00:00,94.58,08:00:00
2026-03-24 08:15:00,94.41,08:15:00
2026-03-24 08:30:00,89.9,08:30:00
2026-03-24 08:45:00,89.93,08:45:00
2026-03-24 10:00:00,78.47,10:00:00
2026-03-24 10:15:00,78.43,10:15:00
2026-03-24 10:30:00,73.41,10:30:00
2026-03-24 10:45:00,73.45,10:45:00
2026-03-24 11:00:00,73.96,11:00:00
2026-03-24 11:15:00,73.94,11:15:00
2026-03-24 11:30:00,73.13,11:30:00
2026-03-24 11:45:00,73.16,11:45:00
2026-03-24 12:00:00,68.71,12:00:00
2026-03-24 12:15:00,68.69,12:15:00
2026-03-24 12:30:00,59.99,12:30:00
2026-03-24 12:45:00,59.95,12:45:00
2026-03-24 13:00:00,62.84,13:00:00
2026-03-24 13:15:00,62.81,13:15:00
2026-03-24 13:30:00,65.83,13:30:00
2026-03-24 13:45:00,65.79,13:45:00
2026-03-24 14:00:00,65.59,14:00:00
2026-03-24 14:15:00,65.56,14:15:00
2026-03-24 14:30:00,69.04,14:30:00
2026-03-24 14:45:00,69.04,14:45:00
2026-03-24 15:00:00,66.62,15:00:00
2026-03-24 15:15:00,66.65,15:15:00
2026-03-24 15:30:00,68.9,15:30:00
2026-03-24 15:45:00,68.92,15:45:00
2026-03-24 16:00:00,68.36,16:00:00
2026-03-24 16:15:00,68.33,16:15:00
2026-03-24 16:30:00,75.85,16:30:00
2026-03-24 16:45:00,75.8,16:45:00
2026-03-24 17:00:00,72.31,17:00:00
2026-03-24 17:15:00,72.29,17:15:00
2026-03-24 17:30:00,74.63,17:30:00
2026-03-24 17:45:00,74.65,17:45:00
2026-03-24 18:00:00,80.22,18:00:00
2026-03-24 18:15:00,80.2,18:15:00
2026-03-24 18:30:00,78.6,18:30:00
2026-03-24 18:45:00,78.67,18:45:00
2026-03-24 19:00:00,74.26,19:00:00
2026-03-24 19:15:00,74.17,19:15:00
2026-03-24 19:30:00,76.6,19:30:00
2026-03-24 19:45:00,76.65,19:45:00
2026-03-24 20:00:00,82.5,20:00:00
2026-03-24 20:15:00,82.54,20:15:00
2026-03-24 20:30:00,82.13,20:30:00
2026-03-24 20:45:00,82.08,20:45:00
2026-03-24 21:00:00,75.32,21:00:00
2026-03-24 21:15:00,75.24,21:15:00
2026-03-24 21:30:00,69.08,21:30:00
2026-03-24 21:45:00,69.0,21:45:00
2026-03-24 22:00:00,68.69,22:00:00
2026-03-24 22:15:00,68.71,22:15:00
2026-03-24 22:30:00,69.63,22:30:00
2026-03-24 22:45:00,69.55,22:45:00
2026-03-24 23:00:00,60.92,23:00:00
2026-03-24 23:15:00,60.92,23:15:00
2026-03-24 23:30:00,59.56,23:30:00
2026-03-24 23:45:00,59.56,23:45:00
2026-03-25 00:00:00,60.58,00:00:00
2026-03-25 00:15:00,60.59,00:15:00
2026-03-25 00:30:00,59.85,00:30:00
2026-03-25 00:45:00,59.86,00:45:00
2026-03-25 01:00:00,69.68,01:00:00
2026-03-25 01:15:00,69.68,01:15:00
2026-03-25 01:30:00,71.36,01:30:00
2026-03-25 01:45:00,71.36,01:45:00
2026-03-25 02:00:00,77.27,02:00:00
2026-03-25 02:15:00,77.27,02:15:00
2026-03-25 02:30:00,79.62,02:30:00
2026-03-25 02:45:00,79.63,02:45:00
2026-03-25 03:00:00,78.36,03:00:00
2026-03-25 03:15:00,78.36,03:15:00
2026-03-25 03:30:00,76.04,03:30:00
2026-03-25 03:45:00,76.03,03:45:00
2026-03-25 04:00:00,76.8,04:00:00
2026-03-25 04:15:00,76.8,04:15:00
2026-03-25 04:30:00,78.35,04:30:00
2026-03-25 04:45:00,78.34,04:45:00
2026-03-25 05:00:00,78.65,05:00:00
2026-03-25 05:15:00,78.65,05:15:00
2026-03-25 05:30:00,73.57,05:30:00
2026-03-25 05:45:00,73.57,05:45:00
2026-03-25 06:00:00,69.12,06:00:00
2026-03-25 06:15:00,69.11,06:15:00
2026-03-25 06:30:00,67.02,06:30:00
2026-03-25 06:45:00,67.03,06:45:00
2026-03-25 08:00:00,70.85,08:00:00
2026-03-25 08:15:00,70.85,08:15:00
2026-03-25 08:30:00,76.83,08:30:00
2026-03-25 08:45:00,76.86,08:45:00
2026-03-25 09:00:00,79.83,09:00:00
2026-03-25 09:15:00,79.83,09:15:00
2026-03-25 09:30:00,80.93,09:30:00
2026-03-25 09:45:00,80.95,09:45:00
2026-03-25 10:00:00,81.57,10:00:00
2026-03-25 10:15:00,81.59,10:15:00
2026-03-25 10:30:00,84.03,10:30:00
2026-03-25 10:45:00,84.08,10:45:00
2026-03-25 11:00:00,84.52,11:00:00
2026-03-25 11:15:00,84.53,11:15:00
2026-03-25 11:30:00,79.47,11:30:00
2026-03-25 11:45:00,79.47,11:45:00
2026-03-25 12:00:00,83.94,12:00:00
2026-03-25 12:15:00,83.94,12:15:00
2026-03-25 12:30:00,80.45,12:30:00
2026-03-25 12:45:00,80.45,12:45:00
2026-03-25 13:00:00,80.76,13:00:00
2026-03-25 13:15:00,80.76,13:15:00
2026-03-25 13:30:00,78.68,13:30:00
2026-03-25 13:45:00,78.68,13:45:00
2026-03-25 14:00:00,79.94,14:00:00
2026-03-25 14:15:00,79.94,14:15:00
2026-03-25 14:30:00,78.18,14:30:00
2026-03-25 14:45:00,78.18,14:45:00
2026-03-25 15:00:00,73.63,15:00:00
2026-03-25 15:15:00,73.63,15:15:00
2026-03-25 15:30:00,70.85,15:30:00
2026-03-25 15:45:00,70.85,15:45:00
2026-03-25 16:00:00,76.3,16:00:00
2026-03-25 16:15:00,76.3,16:15:00
2026-03-25 16:30:00,83.29,16:30:00
2026-03-25 16:45:00,83.29,16:45:00
2026-03-25 17:00:00,88.45,17:00:00
2026-03-25 17:15:00,88.45,17:15:00
2026-03-25 17:30:00,106.72,17:30:00
2026-03-25 17:45:00,106.71,17:45:00
2026-03-25 18:00:00,99.71,18:00:00
2026-03-25 18:15:00,99.72,18:15:00
2026-03-25 18:30:00,95.26,18:30:00
2026-03-25 18:45:00,95.28,18:45:00
2026-03-25 19:00:00,103.59,19:00:00
2026-03-25 19:15:00,103.69,19:15:00
2026-03-25 19:30:00,117.36,19:30:00
2026-03-25 19:45:00,117.32,19:45:00
2026-03-25 20:00:00,112.93,20:00:00
2026-03-25 20:15:00,112.86,20:15:00
2026-03-25 20:30:00,104.9,20:30:00
2026-03-25 20:45:00,104.81,20:45:00
2026-03-25 21:00:00,105.76,21:00:00
2026-03-25 21:15:00,105.73,21:15:00
2026-03-25 21:30:00,107.69,21:30:00
2026-03-25 21:45:00,107.6,21:45:00
2026-03-25 22:00:00,107.46,22:00:00
2026-03-25 22:15:00,107.57,22:15:00
2026-03-25 22:30:00,112.51,22:30:00
2026-03-25 22:45:00,112.46,22:45:00
2026-03-25 23:00:00,125.57,23:00:00
2026-03-25 23:15:00,125.66,23:15:00
2026-03-25 23:30:00,134.55,23:30:00
2026-03-25 23:45:00,134.52,23:45:00
2026-03-26 00:00:00,143.28,00:00:00
2026-03-26 00:15:00,143.37,00:15:00
2026-03-26 00:30:00,143.3,00:30:00
2026-03-26 00:45:00,143.29,00:45:00
2026-03-26 01:00:00,157.32,01:00:00
2026-03-26 01:15:00,157.31,01:15:00
2026-03-26 01:30:00,159.53,01:30:00
2026-03-26 01:45:00,159.55,01:45:00
2026-03-26 02:00:00,162.99,02:00:00
2026-03-26 02:15:00,163.1,02:15:00
2026-03-26 02:30:00,162.62,02:30:00
2026-03-26 02:45:00,162.55,02:45:00
2026-03-26 03:00:00,164.95,03:00:00
2026-03-26 03:15:00,164.84,03:15:00
2026-03-26 03:30:00,173.93,03:30:00
2026-03-26 03:45:00,173.96,03:45:00
2026-03-26 04:00:00,182.29,04:00:00
2026-03-26 04:15:00,182.43,04:15:00
2026-03-26 04:30:00,194.85,04:30:00
2026-03-26 04:45:00,194.85,04:45:00
2026-03-26 05:00:00,206.03,05:00:00
2026-03-26 05:15:00,206.18,05:15:00
2026-03-26 05:30:00,227.26,05:30:00
2026-03-26 05:45:00,226.76,05:45:00
2026-03-26 06:00:00,254.48,06:00:00
2026-03-26 06:15:00,254.25,06:15:00
2026-03-26 06:30:00,266.22,06:30:00
2026-03-26 06:45:00,266.05,06:45:00
2026-03-26 07:00:00,262.05,07:00:00
2026-03-26 07:15:00,262.04,07:15:00
2026-03-26 07:30:00,274.16,07:30:00
2026-03-26 07:45:00,274.08,07:45:00
2026-03-26 08:00:00,280.22,08:00:00
2026-03-26 08:15:00,280.34,08:15:00
2026-03-26 08:30:00,281.11,08:30:00
2026-03-26 08:45:00,281.23,08:45:00
2026-03-26 09:00:00,279.63,09:00:00
2026-03-26 09:15:00,280.55,09:15:00
2026-03-26 09:30:00,269.44,09:30:00
2026-03-26 09:45:00,270.88,09:45:00
2026-03-26 10:00:00,263.51,10:00:00
2026-03-26 10:15:00,265.43,10:15:00
2026-03-26 10:30:00,219.43,10:30:00
2026-03-26 10:45:00,221.23,10:45:00
2026-03-26 11:00:00,198.66,11:00:00
2026-03-26 11:15:00,200.08,11:15:00
2026-03-26 11:30:00,188.55,11:30:00
2026-03-26 11:45:00,189.7,11:45:00
2026-03-26 12:00:00,196.94,12:00:00
2026-03-26 12:15:00,197.83,12:15:00
2026-03-26 12:30:00,187.97,12:30:00
2026-03-26 12:45:00,188.27,12:45:00
2026-03-26 17:00:00,202.47,17:00:00
2026-03-26 17:15:00,202.49,17:15:00
2026-03-26 17:30:00,195.82,17:30:00
2026-03-26 17:45:00,195.86,17:45:00
2026-03-26 18:00:00,194.12,18:00:00
2026-03-26 18:15:00,194.12,18:15:00
2026-03-26 18:30:00,192.98,18:30:00
2026-03-26 18:45:00,193.0,18:45:00
2026-03-26 19:00:00,178.42,19:00:00
2026-03-26 19:15:00,178.45,19:15:00
2026-03-26 19:30:00,175.45,19:30:00
2026-03-26 19:45:00,175.47,19:45:00
2026-03-26 20:00:00,176.74,20:00:00
2026-03-26 20:15:00,176.78,20:15:00
2026-03-26 20:30:00,168.24,20:30:00
2026-03-26 20:45:00,168.18,20:45:00
2026-03-26 21:00:00,169.93,21:00:00
2026-03-26 21:15:00,169.93,21:15:00
2026-03-26 21:30:00,165.09,21:30:00
2026-03-26 21:45:00,164.97,21:45:00
2026-03-26 22:00:00,160.78,22:00:00
2026-03-26 22:15:00,160.8,22:15:00
2026-03-26 22:30:00,143.97,22:30:00
2026-03-26 22:45:00,143.97,22:45:00
2026-03-26 23:00:00,146.08,23:00:00
2026-03-26 23:15:00,146.08,23:15:00
2026-03-26 23:30:00,131.55,23:30:00
2026-03-26 23:45:00,131.55,23:45:00
2026-03-27 00:00:00,140.81,00:00:00
2026-03-27 00:15:00,140.88,00:15:00
2026-03-27 00:30:00,145.69,00:30:00
2026-03-27 00:45:00,145.74,00:45:00
2026-03-27 01:00:00,150.37,01:00:00
2026-03-27 01:15:00,150.42,01:15:00
2026-03-27 01:30:00,173.82,01:30:00
2026-03-27 01:45:00,173.9,01:45:00
2026-03-27 02:00:00,182.31,02:00:00
2026-03-27 02:15:00,182.4,02:15:00
2026-03-27 02:30:00,188.38,02:30:00
2026-03-27 02:45:00,188.39,02:45:00
2026-03-27 03:00:00,189.18,03:00:00
2026-03-27 03:15:00,189.22,03:15:00
2026-03-27 03:30:00,187.99,03:30:00
2026-03-27 03:45:00,187.92,03:45:00
2026-03-27 04:00:00,189.19,04:00:00
2026-03-27 04:15:00,189.12,04:15:00
2026-03-27 04:30:00,208.86,04:30:00
2026-03-27 04:45:00,208.82,04:45:00
2026-03-27 05:00:00,228.48,05:00:00
2026-03-27 05:15:00,227.89,05:15:00
2026-03-27 05:30:00,242.03,05:30:00
2026-03-27 05:45:00,241.46,05:45:00
2026-03-27 06:00:00,233.88,06:00:00
2026-03-27 06:15:00,233.8,06:15:00
2026-03-27 06:30:00,234.44,06:30:00
2026-03-27 06:45:00,234.45,06:45:00
2026-03-27 07:00:00,228.57,07:00:00
2026-03-27 07:15:00,228.46,07:15:00
2026-03-27 07:30:00,238.71,07:30:00
2026-03-27 07:45:00,238.68,07:45:00
2026-03-27 08:00:00,233.24,08:00:00
2026-03-27 08:15:00,232.92,08:15:00
2026-03-27 08:30:00,240.13,08:30:00
2026-03-27 08:45:00,240.11,08:45:00
2026-03-27 09:00:00,242.57,09:00:00
2026-03-27 09:15:00,242.5,09:15:00
2026-03-27 09:30:00,200.64,09:30:00
2026-03-27 09:45:00,200.57,09:45:00
2026-03-27 10:00:00,193.55,10:00:00
2026-03-27 10:15:00,193.55,10:15:00
2026-03-27 10:30:00,158.93,10:30:00
2026-03-27 10:45:00,158.93,10:45:00
2026-03-27 11:00:00,136.44,11:00:00
2026-03-27 11:15:00,136.44,11:15:00
2026-03-27 11:30:00,129.57,11:30:00
2026-03-27 11:45:00,129.57,11:45:00
2026-03-27 13:00:00,122.89,13:00:00
2026-03-27 13:15:00,122.89,13:15:00
2026-03-27 13:30:00,114.71,13:30:00
2026-03-27 13:45:00,114.71,13:45:00
2026-03-27 14:00:00,99.66,14:00:00
2026-03-27 14:15:00,99.66,14:15:00
2026-03-27 14:30:00,99.83,14:30:00
2026-03-27 14:45:00,99.83,14:45:00
2026-03-27 15:00:00,97.71,15:00:00
2026-03-27 15:15:00,97.71,15:15:00
2026-03-27 15:30:00,94.68,15:30:00
2026-03-27 15:45:00,94.68,15:45:00
2026-03-27 16:00:00,93.1,16:00:00
2026-03-27 16:15:00,93.1,16:15:00
2026-03-27 16:30:00,83.37,16:30:00
2026-03-27 16:45:00,83.37,16:45:00
2026-03-27 17:00:00,93.35,17:00:00
2026-03-27 17:15:00,93.35,17:15:00
2026-03-27 17:30:00,119.57,17:30:00
2026-03-27 17:45:00,119.57,17:45:00
2026-03-27 18:00:00,133.42,18:00:00
2026-03-27 18:15:00,133.42,18:15:00
2026-03-27 18:30:00,162.71,18:30:00
2026-03-27 18:45:00,162.71,18:45:00
2026-03-27 19:00:00,156.49,19:00:00
2026-03-27 19:15:00,156.49,19:15:00
2026-03-27 19:30:00,147.68,19:30:00
2026-03-27 19:45:00,147.7,19:45:00
2026-03-27 20:00:00,154.03,20:00:00
2026-03-27 20:15:00,154.04,20:15:00
2026-03-27 20:30:00,154.45,20:30:00
2026-03-27 20:45:00,154.43,20:45:00
2026-03-27 21:00:00,169.47,21:00:00
2026-03-27 21:15:00,169.48,21:15:00
2026-03-27 21:30:00,151.81,21:30:00
2026-03-27 21:45:00,151.7,21:45:00
2026-03-27 22:00:00,128.39,22:00:00
2026-03-27 22:15:00,128.41,22:15:00
2026-03-27 22:30:00,109.25,22:30:00
2026-03-27 22:45:00,109.34,22:45:00
2026-03-27 23:00:00,108.95,23:00:00
2026-03-27 23:15:00,109.02,23:15:00
2026-03-27 23:30:00,110.07,23:30:00
2026-03-27 23:45:00,110.06,23:45:00
2026-03-28 00:00:00,90.9,00:00:00
2026-03-28 00:15:00,90.9,00:15:00
2026-03-28 00:30:00,110.64,00:30:00
2026-03-28 00:45:00,110.63,00:45:00
2026-03-28 01:00:00,108.89,01:00:00
2026-03-28 01:15:00,108.88,01:15:00
2026-03-28 01:30:00,104.82,01:30:00
2026-03-28 01:45:00,104.81,01:45:00
2026-03-28 02:00:00,92.12,02:00:00
2026-03-28 02:15:00,92.11,02:15:00
2026-03-28 02:30:00,60.29,02:30:00
2026-03-28 02:45:00,60.29,02:45:00
2026-03-28 03:00:00,64.75,03:00:00
2026-03-28 03:15:00,64.75,03:15:00
2026-03-28 03:30:00,65.87,03:30:00
2026-03-28 03:45:00,65.87,03:45:00
2026-03-28 04:00:00,66.0,04:00:00
2026-03-28 04:15:00,66.0,04:15:00
2026-03-28 04:30:00,66.75,04:30:00
2026-03-28 04:45:00,66.75,04:45:00
2026-03-28 05:00:00,68.03,05:00:00
2026-03-28 05:15:00,68.03,05:15:00
2026-03-28 05:30:00,69.04,05:30:00
2026-03-28 05:45:00,69.04,05:45:00
2026-03-28 06:00:00,68.42,06:00:00
2026-03-28 06:15:00,68.42,06:15:00
2026-03-28 06:30:00,66.61,06:30:00
2026-03-28 06:45:00,66.61,06:45:00
2026-03-28 07:00:00,67.58,07:00:00
2026-03-28 07:15:00,67.58,07:15:00
2026-03-28 07:30:00,69.35,07:30:00
2026-03-28 07:45:00,69.35,07:45:00
2026-03-28 08:00:00,71.38,08:00:00
2026-03-28 08:15:00,71.38,08:15:00
2026-03-28 08:30:00,75.26,08:30:00
2026-03-28 08:45:00,75.26,08:45:00
2026-03-28 09:00:00,73.97,09:00:00
2026-03-28 09:15:00,73.98,09:15:00
2026-03-28 09:30:00,72.12,09:30:00
2026-03-28 09:45:00,72.12,09:45:00
2026-03-28 10:00:00,72.67,10:00:00
2026-03-28 10:15:00,72.67,10:15:00
2026-03-28 10:30:00,72.38,10:30:00
2026-03-28 10:45:00,72.38,10:45:00
2026-03-28 11:00:00,70.51,11:00:00
2026-03-28 11:15:00,70.51,11:15:00
2026-03-28 11:30:00,74.94,11:30:00
2026-03-28 11:45:00,74.94,11:45:00
2026-03-28 12:00:00,73.34,12:00:00
2026-03-28 12:15:00,73.34,12:15:00
2026-03-28 12:30:00,72.84,12:30:00
2026-03-28 12:45:00,72.84,12:45:00
2026-03-28 13:00:00,76.09,13:00:00
2026-03-28 13:15:00,76.09,13:15:00
2026-03-28 13:30:00,76.65,13:30:00
2026-03-28 13:45:00,76.65,13:45:00
2026-03-28 14:00:00,76.79,14:00:00
2026-03-28 14:15:00,76.79,14:15:00
2026-03-28 14:30:00,78.67,14:30:00
2026-03-28 14:45:00,78.67,14:45:00
2026-03-28 15:00:00,79.22,15:00:00
2026-03-28 15:15:00,79.22,15:15:00
2026-03-28 15:30:00,81.59,15:30:00
2026-03-28 15:45:00,81.59,15:45:00
2026-03-28 16:00:00,88.15,16:00:00
2026-03-28 16:15:00,88.15,16:15:00
2026-03-28 16:30:00,75.76,16:30:00
2026-03-28 16:45:00,75.83,16:45:00
2026-03-28 17:00:00,80.48,17:00:00
2026-03-28 17:15:00,80.5,17:15:00
2026-03-28 17:30:00,99.68,17:30:00
2026-03-28 17:45:00,99.72,17:45:00
2026-03-28 18:00:00,144.6,18:00:00
2026-03-28 18:15:00,144.6,18:15:00
2026-03-28 18:30:00,170.1,18:30:00
2026-03-28 18:45:00,170.03,18:45:00
2026-03-28 19:00:00,175.49,19:00:00
2026-03-28 19:15:00,175.19,19:15:00
2026-03-28 19:30:00,171.05,19:30:00
2026-03-28 19:45:00,170.87,19:45:00
2026-03-28 20:00:00,165.77,20:00:00
2026-03-28 20:15:00,165.67,20:15:00
2026-03-28 20:30:00,161.95,20:30:00
2026-03-28 20:45:00,162.0,20:45:00
2026-03-28 21:00:00,148.44,21:00:00
2026-03-28 21:15:00,148.27,21:15:00
2026-03-28 21:30:00,124.9,21:30:00
2026-03-28 21:45:00,124.9,21:45:00
2026-03-28 22:00:00,107.37,22:00:00
2026-03-28 22:15:00,107.37,22:15:00
2026-03-28 22:30:00,90.13,22:30:00
2026-03-28 22:45:00,90.17,22:45:00
2026-03-28 23:00:00,96.11,23:00:00
2026-03-28 23:15:00,96.12,23:15:00
2026-03-28 23:30:00,89.43,23:30:00
2026-03-28 23:45:00,89.65,23:45:00
2026-03-29 00:00:00,79.82,00:00:00
2026-03-29 00:15:00,79.88,00:15:00
2026-03-29 00:30:00,86.83,00:30:00
2026-03-29 00:45:00,86.59,00:45:00
2026-03-29 01:00:00,76.86,01:00:00
2026-03-29 01:15:00,76.88,01:15:00
2026-03-29 01:30:00,73.8,01:30:00
2026-03-29 01:45:00,73.57,01:45:00
2026-03-29 02:00:00,66.38,02:00:00
2026-03-29 02:15:00,66.38,02:15:00
2026-03-29 02:30:00,63.23,02:30:00
2026-03-29 02:45:00,63.23,02:45:00
2026-03-29 03:00:00,58.79,03:00:00
2026-03-29 03:15:00,58.79,03:15:00
2026-03-29 03:30:00,55.24,03:30:00
2026-03-29 03:45:00,55.24,03:45:00
2026-03-29 04:00:00,54.88,04:00:00
2026-03-29 04:15:00,54.88,04:15:00
2026-03-29 04:30:00,57.28,04:30:00
2026-03-29 04:45:00,57.28,04:45:00
2026-03-29 05:00:00,56.81,05:00:00
2026-03-29 05:15:00,56.81,05:15:00
2026-03-29 05:30:00,54.91,05:30:00
2026-03-29 05:45:00,54.91,05:45:00
2026-03-29 06:00:00,53.78,06:00:00
2026-03-29 06:15:00,53.78,06:15:00
2026-03-29 06:30:00,51.68,06:30:00
2026-03-29 06:45:00,51.68,06:45:00
2026-03-29 07:00:00,52.63,07:00:00
2026-03-29 07:15:00,52.63,07:15:00
2026-03-29 07:30:00,54.2,07:30:00
2026-03-29 07:45:00,54.2,07:45:00
2026-03-29 08:00:00,50.85,08:00:00
2026-03-29 08:15:00,50.85,08:15:00
2026-03-29 08:30:00,50.65,08:30:00
2026-03-29 08:45:00,50.65,08:45:00
2026-03-29 09:00:00,48.93,09:00:00
2026-03-29 09:15:00,48.93,09:15:00
2026-03-29 09:30:00,45.86,09:30:00
2026-03-29 09:45:00,45.86,09:45:00
2026-03-29 10:00:00,47.29,10:00:00
2026-03-29 10:15:00,47.29,10:15:00
2026-03-29 10:30:00,48.8,10:30:00
2026-03-29 10:45:00,48.8,10:45:00
2026-03-29 11:00:00,49.8,11:00:00
2026-03-29 11:15:00,49.8,11:15:00
2026-03-29 11:30:00,54.72,11:30:00
2026-03-29 11:45:00,54.74,11:45:00
2026-03-29 12:00:00,53.07,12:00:00
2026-03-29 12:15:00,53.07,12:15:00
2026-03-29 12:30:00,49.06,12:30:00
2026-03-29 12:45:00,49.06,12:45:00
2026-03-29 14:00:00,50.84,14:00:00
2026-03-29 14:15:00,50.84,14:15:00
2026-03-29 14:30:00,53.37,14:30:00
2026-03-29 14:45:00,53.37,14:45:00
2026-03-29 15:00:00,55.77,15:00:00
2026-03-29 15:15:00,55.77,15:15:00
2026-03-29 15:30:00,60.07,15:30:00
2026-03-29 15:45:00,60.07,15:45:00
2026-03-29 16:00:00,61.75,16:00:00
2026-03-29 16:15:00,61.75,16:15:00
2026-03-29 16:30:00,59.4,16:30:00
2026-03-29 16:45:00,59.4,16:45:00
2026-03-29 17:00:00,58.42,17:00:00
2026-03-29 17:15:00,58.42,17:15:00
2026-03-29 17:30:00,56.15,17:30:00
2026-03-29 17:45:00,56.15,17:45:00
2026-03-29 18:00:00,58.1,18:00:00
2026-03-29 18:15:00,58.08,18:15:00
2026-03-29 18:30:00,59.1,18:30:00
2026-03-29 18:45:00,59.13,18:45:00
2026-03-29 19:00:00,60.73,19:00:00
2026-03-29 19:15:00,60.72,19:15:00
2026-03-29 19:30:00,57.5,19:30:00
2026-03-29 19:45:00,57.48,19:45:00
2026-03-29 20:00:00,63.67,20:00:00
2026-03-29 20:15:00,63.66,20:15:00
2026-03-29 20:30:00,68.94,20:30:00
2026-03-29 20:45:00,68.94,20:45:00
2026-03-29 21:00:00,63.12,21:00:00
2026-03-29 21:15:00,63.11,21:15:00
2026-03-29 21:30:00,60.98,21:30:00
2026-03-29 21:45:00,61.03,21:45:00
2026-03-29 22:00:00,64.61,22:00:00
2026-03-29 22:15:00,64.61,22:15:00
2026-03-29 22:30:00,65.35,22:30:00
2026-03-29 22:45:00,65.37,22:45:00
2026-03-29 23:00:00,65.82,23:00:00
2026-03-29 23:15:00,65.81,23:15:00
2026-03-29 23:30:00,67.66,23:30:00
2026-03-29 23:45:00,67.65,23:45:00
2026-03-30 00:00:00,66.92,00:00:00
2026-03-30 00:15:00,66.91,00:15:00
2026-03-30 00:30:00,64.31,00:30:00
2026-03-30 00:45:00,64.3,00:45:00
2026-03-30 01:00:00,64.69,01:00:00
2026-03-30 01:15:00,64.69,01:15:00
2026-03-30 01:30:00,66.36,01:30:00
2026-03-30 01:45:00,66.35,01:45:00
2026-03-30 02:00:00,65.63,02:00:00
2026-03-30 02:15:00,65.63,02:15:00
2026-03-30 02:30:00,64.6,02:30:00
2026-03-30 02:45:00,64.59,02:45:00
2026-03-30 03:00:00,65.38,03:00:00
2026-03-30 03:15:00,65.39,03:15:00
2026-03-30 03:30:00,66.2,03:30:00
2026-03-30 03:45:00,66.2,03:45:00
2026-03-30 04:00:00,66.86,04:00:00
2026-03-30 04:15:00,66.86,04:15:00
2026-03-30 04:30:00,64.76,04:30:00
2026-03-30 04:45:00,64.76,04:45:00
2026-03-30 05:00:00,66.24,05:00:00
2026-03-30 05:15:00,66.24,05:15:00
2026-03-30 05:30:00,63.53,05:30:00
2026-03-30 05:45:00,63.53,05:45:00
2026-03-30 06:00:00,69.87,06:00:00
2026-03-30 06:15:00,69.89,06:15:00
2026-03-30 06:30:00,80.21,06:30:00
2026-03-30 06:45:00,80.2,06:45:00
2026-03-30 08:00:00,91.2,08:00:00
2026-03-30 08:15:00,91.05,08:15:00
2026-03-30 08:30:00,89.62,08:30:00
2026-03-30 08:45:00,89.72,08:45:00
2026-03-30 09:00:00,89.71,09:00:00
2026-03-30 09:15:00,89.66,09:15:00
2026-03-30 09:30:00,88.92,09:30:00
2026-03-30 09:45:00,88.84,09:45:00
2026-03-30 10:00:00,88.44,10:00:00
2026-03-30 10:15:00,88.43,10:15:00
2026-03-30 10:30:00,88.07,10:30:00
2026-03-30 10:45:00,88.22,10:45:00
2026-03-30 11:00:00,87.7,11:00:00
2026-03-30 11:15:00,87.7,11:15:00
2026-03-30 11:30:00,87.47,11:30:00
2026-03-30 11:45:00,87.52,11:45:00
2026-03-30 12:00:00,87.52,12:00:00
2026-03-30 12:15:00,87.56,12:15:00
2026-03-30 12:30:00,87.02,12:30:00
2026-03-30 12:45:00,86.99,12:45:00
2026-03-30 13:00:00,87.42,13:00:00
2026-03-30 13:15:00,87.38,13:15:00
2026-03-30 13:30:00,89.61,13:30:00
2026-03-30 13:45:00,89.5,13:45:00
2026-03-30 14:00:00,92.92,14:00:00
2026-03-30 14:15:00,92.9,14:15:00
2026-03-30 14:30:00,92.53,14:30:00
2026-03-30 14:45:00,92.59,14:45:00
2026-03-30 15:00:00,99.86,15:00:00
2026-03-30 15:15:00,99.86,15:15:00
2026-03-30 15:30:00,112.19,15:30:00
2026-03-30 15:45:00,112.15,15:45:00
2026-03-30 16:00:00,119.6,16:00:00
2026-03-30 16:15:00,119.65,16:15:00
2026-03-30 16:30:00,152.1,16:30:00
2026-03-30 16:45:00,152.14,16:45:00
2026-03-30 18:00:00,224.34,18:00:00
2026-03-30 18:15:00,224.3,18:15:00
2026-03-30 18:30:00,219.14,18:30:00
2026-03-30 18:45:00,219.05,18:45:00
2026-03-30 19:00:00,212.36,19:00:00
2026-03-30 19:15:00,212.3,19:15:00
2026-03-30 19:30:00,215.26,19:30:00
2026-03-30 19:45:00,215.22,19:45:00
2026-03-30 20:00:00,216.14,20:00:00
2026-03-30 20:15:00,216.12,20:15:00
2026-03-30 20:30:00,220.84,20:30:00
2026-03-30 20:45:00,220.84,20:45:00
2026-03-30 21:00:00,238.67,21:00:00
2026-03-30 21:15:00,238.67,21:15:00
2026-03-30 21:30:00,247.55,21:30:00
2026-03-30 21:45:00,247.58,21:45:00
2026-03-30 22:00:00,240.87,22:00:00
2026-03-30 22:15:00,240.9,22:15:00
2026-03-30 22:30:00,228.35,22:30:00
2026-03-30 22:45:00,228.34,22:45:00
2026-03-30 23:00:00,212.18,23:00:00
2026-03-30 23:15:00,212.06,23:15:00
2026-03-30 23:30:00,225.16,23:30:00
2026-03-30 23:45:00,225.02,23:45:00
2026-03-31 00:00:00,206.36,00:00:00
2026-03-31 00:15:00,206.29,00:15:00
2026-03-31 00:30:00,202.79,00:30:00
2026-03-31 00:45:00,202.78,00:45:00
2026-03-31 01:00:00,188.52,01:00:00
2026-03-31 01:15:00,188.54,01:15:00
2026-03-31 01:30:00,188.39,01:30:00
2026-03-31 01:45:00,188.42,01:45:00
2026-03-31 02:00:00,173.28,02:00:00
2026-03-31 02:15:00,173.3,02:15:00
2026-03-31 02:30:00,159.6,02:30:00
2026-03-31 02:45:00,159.2,02:45:00
2026-03-31 03:00:00,147.31,03:00:00
2026-03-31 03:15:00,147.33,03:15:00
2026-03-31 03:30:00,141.96,03:30:00
2026-03-31 03:45:00,141.85,03:45:00
2026-03-31 04:00:00,167.22,04:00:00
2026-03-31 04:15:00,167.32,04:15:00
2026-03-31 04:30:00,183.63,04:30:00
2026-03-31 04:45:00,183.66,04:45:00
2026-03-31 05:00:00,178.01,05:00:00
2026-03-31 05:15:00,177.98,05:15:00
2026-03-31 05:30:00,166.94,05:30:00
2026-03-31 05:45:00,166.95,05:45:00
2026-03-31 06:00:00,182.19,06:00:00
2026-03-31 06:15:00,182.21,06:15:00
2026-03-31 06:30:00,188.08,06:30:00
2026-03-31 06:45:00,188.1,06:45:00
2026-03-31 07:00:00,182.75,07:00:00
2026-03-31 07:15:00,182.78,07:15:00
2026-03-31 07:30:00,188.0,07:30:00
2026-03-31 07:45:00,187.95,07:45:00
2026-03-31 08:00:00,210.42,08:00:00
2026-03-31 08:15:00,210.47,08:15:00
2026-03-31 08:30:00,209.55,08:30:00
2026-03-31 08:45:00,209.6,08:45:00
2026-03-31 09:00:00,189.55,09:00:00
2026-03-31 09:15:00,189.61,09:15:00
2026-03-31 09:30:00,195.12,09:30:00
2026-03-31 09:45:00,195.15,09:45:00
2026-03-31 10:00:00,192.85,10:00:00
2026-03-31 10:15:00,192.88,10:15:00
2026-03-31 10:30:00,186.34,10:30:00
2026-03-31 10:45:00,186.37,10:45:00
2026-03-31 11:00:00,180.79,11:00:00
2026-03-31 11:15:00,180.83,11:15:00
2026-03-31 11:30:00,154.83,11:30:00
2026-03-31 11:45:00,154.91,11:45:00
2026-03-31 12:00:00,136.85,12:00:00
2026-03-31 12:15:00,136.84,12:15:00
2026-03-31 12:30:00,131.4,12:30:00
2026-03-31 12:45:00,131.38,12:45:00
2026-03-31 13:00:00,137.67,13:00:00
2026-03-31 13:15:00,137.71,13:15:00
2026-03-31 13:30:00,136.5,13:30:00
2026-03-31 13:45:00,136.61,13:45:00
2026-03-31 14:00:00,150.18,14:00:00
2026-03-31 14:15:00,150.2,14:15:00
2026-03-31 14:30:00,152.65,14:30:00
2026-03-31 14:45:00,152.64,14:45:00
2026-03-31 15:00:00,171.12,15:00:00
2026-03-31 15:15:00,171.02,15:15:00
2026-03-31 15:30:00,192.39,15:30:00
2026-03-31 15:45:00,192.21,15:45:00
2026-03-31 16:00:00,207.58,16:00:00
2026-03-31 16:15:00,207.65,16:15:00
2026-03-31 16:30:00,220.87,16:30:00
2026-03-31 16:45:00,220.72,16:45:00
2026-03-31 18:00:00,243.21,18:00:00
2026-03-31 18:15:00,243.22,18:15:00
2026-03-31 18:30:00,245.56,18:30:00
2026-03-31 18:45:00,245.59,18:45:00
2026-03-31 19:00:00,246.29,19:00:00
2026-03-31 19:15:00,246.23,19:15:00
2026-03-31 19:30:00,249.9,19:30:00
2026-03-31 19:45:00,249.87,19:45:00
2026-03-31 20:00:00,250.12,20:00:00
2026-03-31 20:15:00,250.08,20:15:00
2026-03-31 20:30:00,245.08,20:30:00
2026-03-31 20:45:00,245.04,20:45:00
2026-03-31 21:00:00,247.69,21:00:00
2026-03-31 21:15:00,247.59,21:15:00
2026-03-31 21:30:00,239.11,21:30:00
2026-03-31 21:45:00,239.1,21:45:00
2026-03-31 22:00:00,234.88,22:00:00
2026-03-31 22:15:00,234.81,22:15:00
2026-03-31 22:30:00,217.72,22:30:00
2026-03-31 22:45:00,217.72,22:45:00
2026-03-31 23:00:00,196.57,23:00:00
2026-03-31 23:15:00,196.65,23:15:00
2026-03-31 23:30:00,205.15,23:30:00
2026-03-31 23:45:00,205.13,23:45:00
2026-04-01 00:00:00,197.38,00:00:00
2026-04-01 00:15:00,197.38,00:15:00
2026-04-01 00:30:00,204.82,00:30:00
2026-04-01 00:45:00,204.88,00:45:00
2026-04-01 01:00:00,198.4,01:00:00
2026-04-01 01:15:00,198.45,01:15:00
2026-04-01 01:30:00,197.11,01:30:00
2026-04-01 01:45:00,197.23,01:45:00
2026-04-01 02:00:00,205.56,02:00:00
2026-04-01 02:15:00,205.67,02:15:00
2026-04-01 02:30:00,208.51,02:30:00
2026-04-01 02:45:00,208.5,02:45:00
2026-04-01 03:00:00,204.75,03:00:00
2026-04-01 03:15:00,204.75,03:15:00
2026-04-01 03:30:00,178.13,03:30:00
2026-04-01 03:45:00,178.06,03:45:00
2026-04-01 04:00:00,160.13,04:00:00
2026-04-01 04:15:00,160.03,04:15:00
2026-04-01 04:30:00,173.91,04:30:00
2026-04-01 04:45:00,173.84,04:45:00
2026-04-01 05:00:00,165.77,05:00:00
2026-04-01 05:15:00,165.7,05:15:00
2026-04-01 05:30:00,186.6,05:30:00
2026-04-01 05:45:00,186.61,05:45:00
2026-04-01 06:00:00,182.61,06:00:00
2026-04-01 06:15:00,182.61,06:15:00
2026-04-01 06:30:00,190.32,06:30:00
2026-04-01 06:45:00,190.32,06:45:00
2026-04-01 07:00:00,181.15,07:00:00
2026-04-01 07:15:00,181.15,07:15:00
2026-04-01 07:30:00,194.44,07:30:00
2026-04-01 07:45:00,194.5,07:45:00
2026-04-01 08:00:00,185.86,08:00:00
2026-04-01 08:15:00,185.82,08:15:00
2026-04-01 08:30:00,179.87,08:30:00
2026-04-01 08:45:00,179.86,08:45:00
2026-04-01 09:00:00,163.03,09:00:00
2026-04-01 09:15:00,163.03,09:15:00
2026-04-01 09:30:00,127.64,09:30:00
2026-04-01 09:45:00,127.64,09:45:00
2026-04-01 10:00:00,105.26,10:00:00
2026-04-01 10:15:00,105.25,10:15:00
2026-04-01 10:30:00,111.4,10:30:00
2026-04-01 10:45:00,111.39,10:45:00
2026-04-01 11:00:00,112.06,11:00:00
2026-04-01 11:15:00,112.04,11:15:00
2026-04-01 11:30:00,111.32,11:30:00
2026-04-01 11:45:00,111.35,11:45:00
2026-04-01 12:00:00,113.0,12:00:00
2026-04-01 12:15:00,112.99,12:15:00
2026-04-01 12:30:00,105.96,12:30:00
2026-04-01 12:45:00,105.97,12:45:00
2026-04-01 13:00:00,106.5,13:00:00
2026-04-01 13:15:00,106.53,13:15:00
2026-04-01 13:30:00,107.73,13:30:00
2026-04-01 13:45:00,107.65,13:45:00
2026-04-01 14:00:00,109.17,14:00:00
2026-04-01 14:15:00,109.11,14:15:00
2026-04-01 14:30:00,103.37,14:30:00
2026-04-01 14:45:00,102.83,14:45:00
2026-04-01 15:00:00,98.0,15:00:00
2026-04-01 15:15:00,97.96,15:15:00
2026-04-01 15:30:00,90.86,15:30:00
2026-04-01 15:45:00,90.86,15:45:00
2026-04-01 16:00:00,81.44,16:00:00
2026-04-01 16:15:00,81.44,16:15:00
2026-04-01 16:30:00,84.28,16:30:00
2026-04-01 16:45:00,84.28,16:45:00
2026-04-01 17:00:00,88.2,17:00:00
2026-04-01 17:15:00,88.19,17:15:00
2026-04-01 17:30:00,96.82,17:30:00
2026-04-01 17:45:00,96.83,17:45:00
2026-04-01 18:00:00,134.62,18:00:00
2026-04-01 18:15:00,134.62,18:15:00
2026-04-01 18:30:00,165.17,18:30:00
2026-04-01 18:45:00,165.16,18:45:00
2026-04-01 19:00:00,195.01,19:00:00
2026-04-01 19:15:00,195.0,19:15:00
2026-04-01 19:30:00,231.62,19:30:00
2026-04-01 19:45:00,231.58,19:45:00
2026-04-01 20:00:00,236.59,20:00:00
2026-04-01 20:15:00,236.57,20:15:00
2026-04-01 20:30:00,235.36,20:30:00
2026-04-01 20:45:00,235.36,20:45:00
2026-04-01 21:00:00,244.78,21:00:00
2026-04-01 21:15:00,244.75,21:15:00
2026-04-01 21:30:00,249.47,21:30:00
2026-04-01 21:45:00,249.51,21:45:00
2026-04-01 22:00:00,254.65,22:00:00
2026-04-01 22:15:00,254.69,22:15:00
2026-04-01 22:30:00,259.95,22:30:00
2026-04-01 22:45:00,260.05,22:45:00
2026-04-01 23:00:00,268.12,23:00:00
2026-04-01 23:15:00,268.28,23:15:00
2026-04-01 23:30:00,267.92,23:30:00
2026-04-01 23:45:00,267.95,23:45:00
2026-04-02 00:00:00,275.62,00:00:00
2026-04-02 00:15:00,275.67,00:15:00
2026-04-02 00:30:00,280.84,00:30:00
2026-04-02 00:45:00,280.95,00:45:00
2026-04-02 01:00:00,285.01,01:00:00
2026-04-02 01:15:00,285.12,01:15:00
2026-04-02 01:30:00,290.14,01:30:00
2026-04-02 01:45:00,290.15,01:45:00
2026-04-02 02:00:00,283.5,02:00:00
2026-04-02 02:15:00,283.48,02:15:00
2026-04-02 02:30:00,288.9,02:30:00
2026-04-02 02:45:00,288.79,02:45:00
2026-04-02 03:00:00,295.91,03:00:00
2026-04-02 03:15:00,295.81,03:15:00
2026-04-02 03:30:00,299.48,03:30:00
2026-04-02 03:45:00,299.35,03:45:00
2026-04-02 04:00:00,301.01,04:00:00
2026-04-02 04:15:00,300.87,04:15:00
2026-04-02 04:30:00,306.25,04:30:00
2026-04-02 04:45:00,306.13,04:45:00
2026-04-02 05:00:00,310.97,05:00:00
2026-04-02 05:15:00,310.78,05:15:00
2026-04-02 05:30:00,314.93,05:30:00
2026-04-02 05:45:00,314.93,05:45:00
2026-04-02 06:00:00,307.8,06:00:00
2026-04-02 06:15:00,307.76,06:15:00
2026-04-02 06:30:00,295.87,06:30:00
2026-04-02 06:45:00,295.98,06:45:00
2026-04-02 07:00:00,279.19,07:00:00
2026-04-02 07:15:00,279.05,07:15:00
2026-04-02 07:30:00,268.58,07:30:00
2026-04-02 07:45:00,268.36,07:45:00
2026-04-02 08:00:00,259.32,08:00:00
2026-04-02 08:15:00,259.32,08:15:00
2026-04-02 08:30:00,252.17,08:30:00
2026-04-02 08:45:00,252.27,08:45:00
2026-04-02 09:00:00,244.83,09:00:00
2026-04-02 09:15:00,244.89,09:15:00
2026-04-02 09:30:00,232.33,09:30:00
2026-04-02 09:45:00,232.38,09:45:00
2026-04-02 10:00:00,208.63,10:00:00
2026-04-02 10:15:00,208.68,10:15:00
2026-04-02 10:30:00,182.14,10:30:00
2026-04-02 10:45:00,182.07,10:45:00
2026-04-02 11:00:00,157.44,11:00:00
2026-04-02 11:15:00,157.41,11:15:00
2026-04-02 11:30:00,130.13,11:30:00
2026-04-02 11:45:00,130.08,11:45:00
2026-04-02 14:00:00,81.27,14:00:00
2026-04-02 14:15:00,81.24,14:15:00
2026-04-02 14:30:00,87.37,14:30:00
2026-04-02 14:45:00,87.16,14:45:00
2026-04-02 15:00:00,90.2,15:00:00
2026-04-02 15:15:00,90.2,15:15:00
2026-04-02 15:30:00,100.99,15:30:00
2026-04-02 15:45:00,100.99,15:45:00
2026-04-02 16:00:00,108.93,16:00:00
2026-04-02 16:15:00,108.93,16:15:00
2026-04-02 16:30:00,109.92,16:30:00
2026-04-02 16:45:00,109.92,16:45:00
2026-04-02 17:00:00,107.78,17:00:00
2026-04-02 17:15:00,107.78,17:15:00
2026-04-02 17:30:00,105.01,17:30:00
2026-04-02 17:45:00,105.01,17:45:00
2026-04-02 18:00:00,103.44,18:00:00
2026-04-02 18:15:00,103.44,18:15:00
2026-04-02 18:30:00,104.5,18:30:00
2026-04-02 18:45:00,104.5,18:45:00
2026-04-02 19:00:00,104.46,19:00:00
2026-04-02 19:15:00,104.46,19:15:00
2026-04-02 19:30:00,105.8,19:30:00
2026-04-02 19:45:00,105.8,19:45:00
2026-04-02 20:00:00,101.79,20:00:00
2026-04-02 20:15:00,101.79,20:15:00
2026-04-02 20:30:00,101.79,20:30:00
2026-04-02 20:45:00,101.79,20:45:00
2026-04-02 21:00:00,98.45,21:00:00
2026-04-02 21:15:00,98.45,21:15:00
2026-04-02 21:30:00,87.73,21:30:00
2026-04-02 21:45:00,87.73,21:45:00
2026-04-02 22:00:00,70.18,22:00:00
2026-04-02 22:15:00,70.18,22:15:00
2026-04-02 22:30:00,68.55,22:30:00
2026-04-02 22:45:00,68.55,22:45:00
2026-04-02 23:00:00,58.02,23:00:00
2026-04-02 23:15:00,58.02,23:15:00
2026-04-02 23:30:00,54.64,23:30:00
2026-04-02 23:45:00,54.64,23:45:00
2026-04-03 00:00:00,58.98,00:00:00
2026-04-03 00:15:00,58.98,00:15:00
2026-04-03 00:30:00,63.56,00:30:00
2026-04-03 00:45:00,63.56,00:45:00
2026-04-03 01:00:00,58.11,01:00:00
2026-04-03 01:15:00,58.11,01:15:00
2026-04-03 01:30:00,64.81,01:30:00
2026-04-03 01:45:00,64.81,01:45:00
2026-04-03 02:00:00,65.88,02:00:00
2026-04-03 02:15:00,65.88,02:15:00
2026-04-03 02:30:00,88.04,02:30:00
2026-04-03 02:45:00,88.04,02:45:00
2026-04-03 03:00:00,75.6,03:00:00
2026-04-03 03:15:00,75.6,03:15:00
2026-04-03 03:30:00,69.55,03:30:00
2026-04-03 03:45:00,69.55,03:45:00
2026-04-03 04:00:00,73.66,04:00:00
2026-04-03 04:15:00,73.66,04:15:00
2026-04-03 04:30:00,88.89,04:30:00
2026-04-03 04:45:00,88.89,04:45:00
2026-04-03 05:00:00,92.41,05:00:00
2026-04-03 05:15:00,92.41,05:15:00
2026-04-03 05:30:00,86.04,05:30:00
2026-04-03 05:45:00,86.04,05:45:00
2026-04-03 07:00:00,81.26,07:00:00
2026-04-03 07:15:00,81.3,07:15:00
2026-04-03 07:30:00,81.29,07:30:00
2026-04-03 07:45:00,81.28,07:45:00
2026-04-03 08:00:00,79.24,08:00:00
2026-04-03 08:15:00,79.29,08:15:00
2026-04-03 08:30:00,77.42,08:30:00
2026-04-03 08:45:00,77.3,08:45:00
2026-04-03 10:00:00,89.72,10:00:00
2026-04-03 10:15:00,89.77,10:15:00
2026-04-03 10:30:00,88.45,10:30:00
2026-04-03 10:45:00,88.45,10:45:00
2026-04-03 11:00:00,92.03,11:00:00
2026-04-03 11:15:00,92.05,11:15:00
2026-04-03 11:30:00,90.53,11:30:00
2026-04-03 11:45:00,90.46,11:45:00
2026-04-03 12:00:00,88.0,12:00:00
2026-04-03 12:15:00,87.98,12:15:00
2026-04-03 12:30:00,89.73,12:30:00
2026-04-03 12:45:00,89.72,12:45:00
2026-04-03 13:00:00,87.68,13:00:00
2026-04-03 13:15:00,87.64,13:15:00
2026-04-03 13:30:00,89.98,13:30:00
2026-04-03 13:45:00,89.86,13:45:00
2026-04-03 14:00:00,94.12,14:00:00
2026-04-03 14:15:00,94.1,14:15:00
2026-04-03 14:30:00,86.72,14:30:00
2026-04-03 14:45:00,86.69,14:45:00
2026-04-03 15:00:00,70.92,15:00:00
2026-04-03 15:15:00,70.91,15:15:00
2026-04-03 15:30:00,71.21,15:30:00
2026-04-03 15:45:00,71.21,15:45:00
2026-04-03 17:00:00,70.63,17:00:00
2026-04-03 17:15:00,70.63,17:15:00
2026-04-03 17:30:00,80.42,17:30:00
2026-04-03 17:45:00,80.42,17:45:00
2026-04-03 18:00:00,95.74,18:00:00
2026-04-03 18:15:00,95.75,18:15:00
2026-04-03 18:30:00,116.3,18:30:00
2026-04-03 18:45:00,116.2,18:45:00
2026-04-03 19:00:00,114.67,19:00:00
2026-04-03 19:15:00,114.61,19:15:00
2026-04-03 19:30:00,153.38,19:30:00
2026-04-03 19:45:00,153.36,19:45:00
2026-04-03 20:00:00,174.27,20:00:00
2026-04-03 20:15:00,174.21,20:15:00
2026-04-03 20:30:00,165.91,20:30:00
2026-04-03 20:45:00,165.93,20:45:00
2026-04-03 21:00:00,185.4,21:00:00
2026-04-03 21:15:00,185.55,21:15:00
2026-04-03 21:30:00,194.61,21:30:00
2026-04-03 21:45:00,194.76,21:45:00
2026-04-03 22:00:00,199.44,22:00:00
2026-04-03 22:15:00,199.53,22:15:00
2026-04-03 22:30:00,197.81,22:30:00
2026-04-03 22:45:00,197.85,22:45:00
2026-04-03 23:00:00,201.05,23:00:00
2026-04-03 23:15:00,201.0,23:15:00
2026-04-03 23:30:00,206.6,23:30:00
2026-04-03 23:45:00,206.62,23:45:00
2026-04-04 00:00:00,215.54,00:00:00
2026-04-04 00:15:00,215.6,00:15:00
2026-04-04 00:30:00,218.79,00:30:00
2026-04-04 00:45:00,218.95,00:45:00
2026-04-04 01:00:00,220.16,01:00:00
2026-04-04 01:15:00,220.08,01:15:00
2026-04-04 01:30:00,225.86,01:30:00
2026-04-04 01:45:00,225.75,01:45:00
2026-04-04 02:00:00,230.47,02:00:00
2026-04-04 02:15:00,230.19,02:15:00
2026-04-04 02:30:00,232.33,02:30:00
2026-04-04 02:45:00,232.5,02:45:00
2026-04-04 03:00:00,237.5,03:00:00
2026-04-04 03:15:00,237.52,03:15:00
2026-04-04 03:30:00,236.45,03:30:00
2026-04-04 03:45:00,236.12,03:45:00
2026-04-04 04:00:00,231.81,04:00:00
2026-04-04 04:15:00,231.7,04:15:00
2026-04-04 04:30:00,217.97,04:30:00
2026-04-04 04:45:00,217.8,04:45:00
2026-04-04 05:00:00,198.1,05:00:00
2026-04-04 05:15:00,197.82,05:15:00
2026-04-04 05:30:00,164.61,05:30:00
2026-04-04 05:45:00,164.64,05:45:00
2026-04-04 06:00:00,112.63,06:00:00
2026-04-04 06:15:00,112.63,06:15:00
2026-04-04 06:30:00,127.09,06:30:00
2026-04-04 06:45:00,127.06,06:45:00
2026-04-04 07:00:00,139.47,07:00:00
2026-04-04 07:15:00,139.46,07:15:00
2026-04-04 07:30:00,137.56,07:30:00
2026-04-04 07:45:00,137.63,07:45:00
2026-04-04 08:00:00,131.6,08:00:00
2026-04-04 08:15:00,131.68,08:15:00
2026-04-04 08:30:00,128.14,08:30:00
2026-04-04 08:45:00,128.19,08:45:00
2026-04-04 09:00:00,89.26,09:00:00
2026-04-04 09:15:00,89.27,09:15:00
2026-04-04 09:30:00,67.76,09:30:00
2026-04-04 09:45:00,67.76,09:45:00
2026-04-04 10:00:00,50.03,10:00:00
2026-04-04 10:15:00,50.03,10:15:00
2026-04-04 10:30:00,56.01,10:30:00
2026-04-04 10:45:00,56.01,10:45:00
2026-04-04 11:00:00,55.86,11:00:00
2026-04-04 11:15:00,55.86,11:15:00
2026-04-04 11:30:00,57.26,11:30:00
2026-04-04 11:45:00,57.26,11:45:00
2026-04-04 12:00:00,60.0,12:00:00
2026-04-04 12:15:00,59.99,12:15:00
2026-04-04 12:30:00,67.53,12:30:00
2026-04-04 12:45:00,67.5,12:45:00
2026-04-04 13:00:00,75.29,13:00:00
2026-04-04 13:15:00,75.24,13:15:00
2026-04-04 13:30:00,76.01,13:30:00
2026-04-04 13:45:00,75.97,13:45:00
2026-04-04 14:00:00,76.09,14:00:00
2026-04-04 14:15:00,76.04,14:15:00
2026-04-04 14:30:00,72.9,14:30:00
2026-04-04 14:45:00,72.85,14:45:00
2026-04-04 15:00:00,72.75,15:00:00
2026-04-04 15:15:00,72.75,15:15:00
2026-04-04 15:30:00,70.1,15:30:00
2026-04-04 15:45:00,70.11,15:45:00
2026-04-04 16:00:00,68.36,16:00:00
2026-04-04 16:15:00,68.35,16:15:00
2026-04-04 16:30:00,73.26,16:30:00
2026-04-04 16:45:00,73.27,16:45:00
2026-04-04 17:00:00,77.48,17:00:00
2026-04-04 17:15:00,77.48,17:15:00
2026-04-04 17:30:00,75.62,17:30:00
2026-04-04 17:45:00,75.62,17:45:00
2026-04-04 18:00:00,75.17,18:00:00
2026-04-04 18:15:00,75.17,18:15:00
2026-04-04 18:30:00,73.46,18:30:00
2026-04-04 18:45:00,73.45,18:45:00
2026-04-04 19:00:00,67.11,19:00:00
2026-04-04 19:15:00,67.1,19:15:00
2026-04-04 19:30:00,63.88,19:30:00
2026-04-04 19:45:00,63.86,19:45:00
2026-04-04 20:00:00,64.92,20:00:00
2026-04-04 20:15:00,64.91,20:15:00
2026-04-04 20:30:00,65.26,20:30:00
2026-04-04 20:45:00,65.26,20:45:00
2026-04-04 21:00:00,71.03,21:00:00
2026-04-04 21:15:00,71.03,21:15:00
2026-04-04 21:30:00,72.67,21:30:00
2026-04-04 21:45:00,72.64,21:45:00
2026-04-04 22:00:00,92.28,22:00:00
2026-04-04 22:15:00,92.28,22:15:00
2026-04-04 22:30:00,95.8,22:30:00
2026-04-04 22:45:00,95.8,22:45:00
2026-04-04 23:00:00,93.68,23:00:00
2026-04-04 23:15:00,93.68,23:15:00
2026-04-04 23:30:00,97.9,23:30:00
2026-04-04 23:45:00,97.9,23:45:00
2026-04-05 01:00:00,86.39,01:00:00
2026-04-05 01:15:00,86.38,01:15:00
2026-04-05 01:30:00,89.34,01:30:00
2026-04-05 01:45:00,89.34,01:45:00
2026-04-05 02:00:00,90.06,02:00:00
2026-04-05 02:15:00,90.07,02:15:00
2026-04-05 02:30:00,93.81,02:30:00
2026-04-05 02:45:00,93.84,02:45:00
2026-04-05 03:00:00,95.19,03:00:00
2026-04-05 03:15:00,95.2,03:15:00
2026-04-05 03:30:00,93.46,03:30:00
2026-04-05 03:45:00,93.25,03:45:00
2026-04-05 04:00:00,96.0,04:00:00
2026-04-05 04:15:00,96.12,04:15:00
2026-04-05 04:30:00,94.54,04:30:00
2026-04-05 04:45:00,94.72,04:45:00
2026-04-05 05:00:00,91.33,05:00:00
2026-04-05 05:15:00,91.35,05:15:00
2026-04-05 05:30:00,90.4,05:30:00
2026-04-05 05:45:00,90.43,05:45:00
2026-04-05 06:00:00,87.25,06:00:00
2026-04-05 06:15:00,87.25,06:15:00
2026-04-05 06:30:00,91.98,06:30:00
2026-04-05 06:45:00,92.02,06:45:00
2026-04-05 07:00:00,90.31,07:00:00
2026-04-05 07:15:00,90.36,07:15:00
2026-04-05 07:30:00,89.46,07:30:00
2026-04-05 07:45:00,89.5,07:45:00
2026-04-05 09:00:00,91.86,09:00:00
2026-04-05 09:15:00,92.0,09:15:00
2026-04-05 09:30:00,93.86,09:30:00
2026-04-05 09:45:00,94.01,09:45:00
2026-04-05 10:00:00,97.1,10:00:00
2026-04-05 10:15:00,97.18,10:15:00
2026-04-05 10:30:00,97.83,10:30:00
2026-04-05 10:45:00,97.64,10:45:00
2026-04-05 11:00:00,102.08,11:00:00
2026-04-05 11:15:00,102.05,11:15:00
2026-04-05 11:30:00,101.43,11:30:00
2026-04-05 11:45:00,101.67,11:45:00
2026-04-05 12:00:00,103.27,12:00:00
2026-04-05 12:15:00,103.17,12:15:00
2026-04-05 12:30:00,103.56,12:30:00
2026-04-05 12:45:00,103.34,12:45:00
2026-04-05 13:00:00,103.49,13:00:00
2026-04-05 13:15:00,103.4,13:15:00
2026-04-05 13:30:00,97.35,13:30:00
2026-04-05 13:45:00,97.43,13:45:00
2026-04-05 14:00:00,96.89,14:00:00
2026-04-05 14:15:00,96.88,14:15:00
2026-04-05 14:30:00,95.63,14:30:00
2026-04-05 14:45:00,95.24,14:45:00
2026-04-05 15:00:00,97.27,15:00:00
2026-04-05 15:15:00,97.23,15:15:00
2026-04-05 15:30:00,101.26,15:30:00
2026-04-05 15:45:00,101.18,15:45:00
2026-04-05 16:00:00,101.56,16:00:00
2026-04-05 16:15:00,101.52,16:15:00
2026-04-05 16:30:00,101.0,16:30:00
2026-04-05 16:45:00,100.95,16:45:00
2026-04-05 17:00:00,119.05,17:00:00
2026-04-05 17:15:00,118.85,17:15:00
2026-04-05 17:30:00,169.95,17:30:00
2026-04-05 17:45:00,169.89,17:45:00
2026-04-05 18:00:00,201.41,18:00:00
2026-04-05 18:15:00,201.33,18:15:00
2026-04-05 18:30:00,230.66,18:30:00
2026-04-05 18:45:00,230.56,18:45:00
2026-04-05 19:00:00,235.49,19:00:00
2026-04-05 19:15:00,235.3,19:15:00
2026-04-05 19:30:00,231.4,19:30:00
2026-04-05 19:45:00,231.24,19:45:00
2026-04-05 20:00:00,227.71,20:00:00
2026-04-05 20:15:00,227.36,20:15:00
2026-04-05 20:30:00,217.53,20:30:00
2026-04-05 20:45:00,217.41,20:45:00
2026-04-05 21:00:00,210.92,21:00:00
2026-04-05 21:15:00,210.77,21:15:00
2026-04-05 21:30:00,198.28,21:30:00
2026-04-05 21:45:00,198.26,21:45:00
2026-04-05 22:00:00,185.7,22:00:00
2026-04-05 22:15:00,185.65,22:15:00
2026-04-05 22:30:00,178.15,22:30:00
2026-04-05 22:45:00,178.07,22:45:00
2026-04-05 23:00:00,161.24,23:00:00
2026-04-05 23:15:00,161.26,23:15:00
2026-04-05 23:30:00,153.16,23:30:00
2026-04-05 23:45:00,153.1,23:45:00
2026-04-06 00:00:00,128.56,00:00:00
2026-04-06 00:15:00,128.51,00:15:00
2026-04-06 00:30:00,111.94,00:30:00
2026-04-06 00:45:00,111.91,00:45:00
2026-04-06 01:00:00,97.63,01:00:00
2026-04-06 01:15:00,97.04,01:15:00
2026-04-06 01:30:00,87.23,01:30:00
2026-04-06 01:45:00,86.33,01:45:00
2026-04-06 02:00:00,75.19,02:00:00
2026-04-06 02:15:00,75.19,02:15:00
2026-04-06 02:30:00,70.68,02:30:00
2026-04-06 02:45:00,70.68,02:45:00
2026-04-06 03:00:00,64.54,03:00:00
2026-04-06 03:15:00,64.54,03:15:00
2026-04-06 03:30:00,65.42,03:30:00
2026-04-06 03:45:00,65.42,03:45:00
2026-04-06 04:00:00,61.03,04:00:00
2026-04-06 04:15:00,61.03,04:15:00
2026-04-06 04:30:00,60.29,04:30:00
2026-04-06 04:45:00,60.29,04:45:00
2026-04-06 05:00:00,57.61,05:00:00
2026-04-06 05:15:00,57.61,05:15:00
2026-04-06 05:30:00,57.38,05:30:00
2026-04-06 05:45:00,57.38,05:45:00
2026-04-06 06:00:00,55.35,06:00:00
2026-04-06 06:15:00,55.35,06:15:00
2026-04-06 06:30:00,54.17,06:30:00
2026-04-06 06:45:00,54.17,06:45:00
2026-04-06 07:00:00,55.56,07:00:00
2026-04-06 07:15:00,55.56,07:15:00
2026-04-06 07:30:00,55.06,07:30:00
2026-04-06 07:45:00,55.06,07:45:00
2026-04-06 08:00:00,61.55,08:00:00
2026-04-06 08:15:00,61.55,08:15:00
2026-04-06 08:30:00,62.19,08:30:00
2026-04-06 08:45:00,62.19,08:45:00
2026-04-06 09:00:00,62.81,09:00:00
2026-04-06 09:15:00,62.81,09:15:00
2026-04-06 09:30:00,66.41,09:30:00
2026-04-06 09:45:00,66.41,09:45:00
2026-04-06 10:00:00,67.42,10:00:00
2026-04-06 10:15:00,67.42,10:15:00
2026-04-06 10:30:00,68.76,10:30:00
2026-04-06 10:45:00,68.76,10:45:00
2026-04-06 11:00:00,69.25,11:00:00
2026-04-06 11:15:00,69.25,11:15:00
2026-04-06 11:30:00,68.26,11:30:00
2026-04-06 11:45:00,68.26,11:45:00
2026-04-06 12:00:00,72.19,12:00:00
2026-04-06 12:15:00,72.19,12:15:00
2026-04-06 12:30:00,68.8,12:30:00
2026-04-06 12:45:00,68.8,12:45:00
2026-04-06 13:00:00,69.76,13:00:00
2026-04-06 13:15:00,69.76,13:15:00
2026-04-06 13:30:00,69.95,13:30:00
2026-04-06 13:45:00,69.95,13:45:00
2026-04-06 14:00:00,74.36,14:00:00
2026-04-06 14:15:00,74.36,14:15:00
2026-04-06 14:30:00,74.12,14:30:00
2026-04-06 14:45:00,74.12,14:45:00
2026-04-06 15:00:00,74.9,15:00:00
2026-04-06 15:15:00,74.9,15:15:00
2026-04-06 15:30:00,77.24,15:30:00
2026-04-06 15:45:00,77.24,15:45:00
2026-04-06 16:00:00,75.15,16:00:00
2026-04-06 16:15:00,75.15,16:15:00
2026-04-06 16:30:00,67.58,16:30:00
2026-04-06 16:45:00,67.58,16:45:00
2026-04-06 17:00:00,67.04,17:00:00
2026-04-06 17:15:00,67.04,17:15:00
2026-04-06 17:30:00,68.05,17:30:00
2026-04-06 17:45:00,68.05,17:45:00
2026-04-06 18:00:00,59.52,18:00:00
2026-04-06 18:15:00,59.52,18:15:00
2026-04-06 18:30:00,61.91,18:30:00
2026-04-06 18:45:00,61.91,18:45:00
2026-04-06 19:00:00,63.02,19:00:00
2026-04-06 19:15:00,63.02,19:15:00
2026-04-06 19:30:00,66.98,19:30:00
2026-04-06 19:45:00,66.98,19:45:00
2026-04-06 20:00:00,64.4,20:00:00
2026-04-06 20:15:00,64.4,20:15:00
2026-04-06 20:30:00,55.68,20:30:00
2026-04-06 20:45:00,55.68,20:45:00
2026-04-06 21:00:00,61.29,21:00:00
2026-04-06 21:15:00,61.29,21:15:00
2026-04-06 21:30:00,62.47,21:30:00
2026-04-06 21:45:00,62.47,21:45:00
2026-04-06 22:00:00,63.85,22:00:00
2026-04-06 22:15:00,63.85,22:15:00
2026-04-06 22:30:00,60.98,22:30:00
2026-04-06 22:45:00,60.98,22:45:00
2026-04-06 23:00:00,65.77,23:00:00
2026-04-06 23:15:00,65.77,23:15:00
2026-04-06 23:30:00,64.57,23:30:00
2026-04-06 23:45:00,64.57,23:45:00
2026-04-07 00:00:00,67.74,00:00:00
2026-04-07 00:15:00,67.74,00:15:00
2026-04-07 00:30:00,66.3,00:30:00
2026-04-07 00:45:00,66.3,00:45:00
2026-04-07 01:00:00,66.37,01:00:00
2026-04-07 01:15:00,66.37,01:15:00
2026-04-07 01:30:00,68.21,01:30:00
2026-04-07 01:45:00,68.21,01:45:00
2026-04-07 02:00:00,66.59,02:00:00
2026-04-07 02:15:00,66.59,02:15:00
2026-04-07 02:30:00,70.53,02:30:00
2026-04-07 02:45:00,70.53,02:45:00
2026-04-07 03:00:00,72.53,03:00:00
2026-04-07 03:15:00,72.53,03:15:00
2026-04-07 03:30:00,73.47,03:30:00
2026-04-07 03:45:00,73.47,03:45:00
2026-04-07 04:00:00,74.26,04:00:00
2026-04-07 04:15:00,74.26,04:15:00
2026-04-07 04:30:00,73.33,04:30:00
2026-04-07 04:45:00,73.33,04:45:00
2026-04-07 05:00:00,74.85,05:00:00
2026-04-07 05:15:00,74.85,05:15:00
2026-04-07 05:30:00,104.98,05:30:00
2026-04-07 05:45:00,104.98,05:45:00
2026-04-07 06:00:00,122.06,06:00:00
2026-04-07 06:15:00,122.06,06:15:00
2026-04-07 06:30:00,132.09,06:30:00
2026-04-07 06:45:00,132.09,06:45:00
2026-04-07 07:00:00,126.85,07:00:00
2026-04-07 07:15:00,126.85,07:15:00
2026-04-07 07:30:00,114.73,07:30:00
2026-04-07 07:45:00,114.75,07:45:00
2026-04-07 08:00:00,117.85,08:00:00
2026-04-07 08:15:00,117.85,08:15:00
2026-04-07 08:30:00,124.41,08:30:00
2026-04-07 08:45:00,124.39,08:45:00
2026-04-07 09:00:00,111.91,09:00:00
2026-04-07 09:15:00,112.02,09:15:00
2026-04-07 09:30:00,105.8,09:30:00
2026-04-07 09:45:00,105.94,09:45:00
2026-04-07 10:00:00,103.2,10:00:00
2026-04-07 10:15:00,103.1,10:15:00
2026-04-07 10:30:00,103.42,10:30:00
2026-04-07 10:45:00,103.27,10:45:00
2026-04-07 11:00:00,105.08,11:00:00
2026-04-07 11:15:00,105.1,11:15:00
2026-04-07 11:30:00,110.9,11:30:00
2026-04-07 11:45:00,110.67,11:45:00
2026-04-07 12:00:00,109.61,12:00:00
2026-04-07 12:15:00,109.61,12:15:00
2026-04-07 12:30:00,112.91,12:30:00
2026-04-07 12:45:00,112.61,12:45:00
2026-04-07 13:00:00,117.66,13:00:00
2026-04-07 13:15:00,117.65,13:15:00
2026-04-07 13:30:00,130.35,13:30:00
2026-04-07 13:45:00,130.34,13:45:00
2026-04-07 14:00:00,146.48,14:00:00
2026-04-07 14:15:00,146.48,14:15:00
2026-04-07 14:30:00,175.38,14:30:00
2026-04-07 14:45:00,175.36,14:45:00
2026-04-07 15:00:00,186.47,15:00:00
2026-04-07 15:15:00,186.46,15:15:00
2026-04-07 15:30:00,217.91,15:30:00
2026-04-07 15:45:00,217.93,15:45:00
2026-04-07 16:00:00,236.49,16:00:00
2026-04-07 16:15:00,236.36,16:15:00
2026-04-07 16:30:00,248.87,16:30:00
2026-04-07 16:45:00,248.95,16:45:00
2026-04-07 17:00:00,265.79,17:00:00
2026-04-07 17:15:00,265.71,17:15:00
2026-04-07 17:30:00,281.98,17:30:00
2026-04-07 17:45:00,281.92,17:45:00
2026-04-07 18:00:00,300.46,18:00:00
2026-04-07 18:15:00,300.25,18:15:00
2026-04-07 18:30:00,300.82,18:30:00
2026-04-07 18:45:00,300.34,18:45:00
2026-04-07 19:00:00,304.63,19:00:00
2026-04-07 19:15:00,304.2,19:15:00
2026-04-07 19:30:00,306.21,19:30:00
2026-04-07 19:45:00,306.19,19:45:00
2026-04-07 20:00:00,310.26,20:00:00
2026-04-07 20:15:00,310.15,20:15:00
2026-04-07 20:30:00,308.8,20:30:00
2026-04-07 20:45:00,308.82,20:45:00
2026-04-07 21:00:00,310.08,21:00:00
2026-04-07 21:15:00,310.15,21:15:00
2026-04-07 21:30:00,303.44,21:30:00
2026-04-07 21:45:00,303.79,21:45:00
2026-04-07 22:00:00,297.63,22:00:00
2026-04-07 22:15:00,297.96,22:15:00
2026-04-07 22:30:00,292.6,22:30:00
2026-04-07 22:45:00,292.5,22:45:00
2026-04-07 23:00:00,286.01,23:00:00
2026-04-07 23:15:00,285.96,23:15:00
2026-04-07 23:30:00,280.82,23:30:00
2026-04-07 23:45:00,280.37,23:45:00
2026-04-08 00:00:00,287.58,00:00:00
2026-04-08 00:15:00,287.43,00:15:00
2026-04-08 00:30:00,294.32,00:30:00
2026-04-08 00:45:00,294.28,00:45:00
2026-04-08 01:00:00,299.11,01:00:00
2026-04-08 01:15:00,299.09,01:15:00
2026-04-08 01:30:00,306.9,01:30:00
2026-04-08 01:45:00,306.96,01:45:00
2026-04-08 02:00:00,311.87,02:00:00
2026-04-08 02:15:00,311.91,02:15:00
2026-04-08 02:30:00,307.56,02:30:00
2026-04-08 02:45:00,307.56,02:45:00
2026-04-08 03:00:00,308.51,03:00:00
2026-04-08 03:15:00,308.68,03:15:00
2026-04-08 03:30:00,313.16,03:30:00
2026-04-08 03:45:00,313.54,03:45:00
2026-04-08 04:00:00,321.47,04:00:00
2026-04-08 04:15:00,321.52,04:15:00
2026-04-08 04:30:00,323.94,04:30:00
2026-04-08 04:45:00,323.88,04:45:00
2026-04-08 05:00:00,338.28,05:00:00
2026-04-08 05:15:00,338.13,05:15:00
2026-04-08 05:30:00,353.43,05:30:00
2026-04-08 05:45:00,353.32,05:45:00
2026-04-08 06:00:00,352.83,06:00:00
2026-04-08 06:15:00,352.04,06:15:00
2026-04-08 06:30:00,344.25,06:30:00
2026-04-08 06:45:00,343.94,06:45:00
2026-04-08 07:00:00,337.28,07:00:00
2026-04-08 07:15:00,336.96,07:15:00
2026-04-08 07:30:00,336.3,07:30:00
2026-04-08 07:45:00,336.21,07:45:00
2026-04-08 08:00:00,326.61,08:00:00
2026-04-08 08:15:00,326.71,08:15:00
2026-04-08 08:30:00,315.02,08:30:00
2026-04-08 08:45:00,314.99,08:45:00
2026-04-08 09:00:00,301.84,09:00:00
2026-04-08 09:15:00,301.81,09:15:00
2026-04-08 09:30:00,289.09,09:30:00
2026-04-08 09:45:00,289.07,09:45:00
2026-04-08 10:00:00,277.84,10:00:00
2026-04-08 10:15:00,277.89,10:15:00
2026-04-08 10:30:00,268.12,10:30:00
2026-04-08 10:45:00,268.1,10:45:00
2026-04-08 11:00:00,249.86,11:00:00
2026-04-08 11:15:00,249.84,11:15:00
2026-04-08 11:30:00,216.96,11:30:00
2026-04-08 11:45:00,217.0,11:45:00
2026-04-08 12:00:00,221.86,12:00:00
2026-04-08 12:15:00,221.88,12:15:00
2026-04-08 12:30:00,219.76,12:30:00
2026-04-08 12:45:00,219.76,12:45:00
2026-04-08 13:00:00,220.89,13:00:00
2026-04-08 13:15:00,220.88,13:15:00
2026-04-08 13:30:00,202.14,13:30:00
2026-04-08 13:45:00,202.18,13:45:00
2026-04-08 14:00:00,205.37,14:00:00
2026-04-08 14:15:00,205.34,14:15:00
2026-04-08 14:30:00,195.41,14:30:00
2026-04-08 14:45:00,195.41,14:45:00
2026-04-08 15:00:00,185.8,15:00:00
2026-04-08 15:15:00,185.86,15:15:00
2026-04-08 15:30:00,201.28,15:30:00
2026-04-08 15:45:00,201.19,15:45:00
2026-04-08 16:00:00,206.95,16:00:00
2026-04-08 16:15:00,206.94,16:15:00
2026-04-08 16:30:00,199.58,16:30:00
2026-04-08 16:45:00,199.44,16:45:00
2026-04-08 17:00:00,203.36,17:00:00
2026-04-08 17:15:00,203.39,17:15:00
2026-04-08 17:30:00,220.92,17:30:00
2026-04-08 17:45:00,220.9,17:45:00
2026-04-08 18:00:00,233.2,18:00:00
2026-04-08 18:15:00,233.2,18:15:00
2026-04-08 18:30:00,240.85,18:30:00
2026-04-08 18:45:00,240.75,18:45:00
2026-04-08 19:00:00,236.9,19:00:00
2026-04-08 19:15:00,236.71,19:15:00
2026-04-08 19:30:00,244.69,19:30:00
2026-04-08 19:45:00,244.85,19:45:00
2026-04-08 20:00:00,246.13,20:00:00
2026-04-08 20:15:00,246.07,20:15:00
2026-04-08 20:30:00,254.95,20:30:00
2026-04-08 20:45:00,254.94,20:45:00
2026-04-08 21:00:00,235.37,21:00:00
2026-04-08 21:15:00,235.56,21:15:00
2026-04-08 21:30:00,211.4,21:30:00
2026-04-08 21:45:00,211.51,21:45:00
2026-04-08 22:00:00,202.42,22:00:00
2026-04-08 22:15:00,202.41,22:15:00
2026-04-08 22:30:00,199.45,22:30:00
2026-04-08 22:45:00,199.46,22:45:00
2026-04-08 23:00:00,191.82,23:00:00
2026-04-08 23:15:00,191.84,23:15:00
2026-04-08 23:30:00,190.86,23:30:00
2026-04-08 23:45:00,190.91,23:45:00
2026-04-09 00:00:00,197.91,00:00:00
2026-04-09 00:15:00,197.92,00:15:00
2026-04-09 00:30:00,195.08,00:30:00
2026-04-09 00:45:00,195.07,00:45:00
2026-04-09 01:00:00,195.22,01:00:00
2026-04-09 01:15:00,195.19,01:15:00
2026-04-09 01:30:00,197.32,01:30:00
2026-04-09 01:45:00,197.33,01:45:00
2026-04-09 02:00:00,184.95,02:00:00
2026-04-09 02:15:00,184.97,02:15:00
2026-04-09 02:30:00,197.43,02:30:00
2026-04-09 02:45:00,197.31,02:45:00
2026-04-09 03:00:00,210.37,03:00:00
2026-04-09 03:15:00,210.35,03:15:00
2026-04-09 03:30:00,199.64,03:30:00
2026-04-09 03:45:00,199.57,03:45:00
2026-04-09 04:00:00,193.36,04:00:00
2026-04-09 04:15:00,193.28,04:15:00
2026-04-09 04:30:00,186.72,04:30:00
2026-04-09 04:45:00,186.66,04:45:00
2026-04-09 05:00:00,176.12,05:00:00
2026-04-09 05:15:00,176.06,05:15:00
2026-04-09 05:30:00,196.93,05:30:00
2026-04-09 05:45:00,196.92,05:45:00
2026-04-09 06:00:00,180.82,06:00:00
2026-04-09 06:15:00,180.83,06:15:00
2026-04-09 06:30:00,173.63,06:30:00
2026-04-09 06:45:00,173.68,06:45:00
2026-04-09 07:00:00,150.86,07:00:00
2026-04-09 07:15:00,150.83,07:15:00
2026-04-09 07:30:00,141.89,07:30:00
2026-04-09 07:45:00,141.83,07:45:00
2026-04-09 08:00:00,104.58,08:00:00
2026-04-09 08:15:00,104.6,08:15:00
2026-04-09 08:30:00,89.56,08:30:00
2026-04-09 08:45:00,89.59,08:45:00
2026-04-09 09:00:00,97.09,09:00:00
2026-04-09 09:15:00,97.06,09:15:00
2026-04-09 09:30:00,86.22,09:30:00
2026-04-09 09:45:00,86.19,09:45:00
2026-04-09 10:00:00,87.47,10:00:00
2026-04-09 10:15:00,87.47,10:15:00
2026-04-09 10:30:00,84.54,10:30:00
2026-04-09 10:45:00,84.52,10:45:00
2026-04-09 11:00:00,93.37,11:00:00
2026-04-09 11:15:00,93.37,11:15:00
2026-04-09 11:30:00,82.07,11:30:00
2026-04-09 11:45:00,82.07,11:45:00
2026-04-09 12:00:00,82.02,12:00:00
2026-04-09 12:15:00,82.02,12:15:00
2026-04-09 12:30:00,80.14,12:30:00
2026-04-09 12:45:00,80.14,12:45:00
2026-04-09 13:00:00,79.27,13:00:00
2026-04-09 13:15:00,79.27,13:15:00
2026-04-09 13:30:00,78.54,13:30:00
2026-04-09 13:45:00,78.54,13:45:00
2026-04-09 14:00:00,78.65,14:00:00
2026-04-09 14:15:00,78.65,14:15:00
2026-04-09 14:30:00,80.57,14:30:00
2026-04-09 14:45:00,80.57,14:45:00
2026-04-09 16:00:00,83.0,16:00:00
2026-04-09 16:15:00,83.0,16:15:00
2026-04-09 16:30:00,79.78,16:30:00
2026-04-09 16:45:00,79.78,16:45:00
2026-04-09 17:00:00,82.63,17:00:00
2026-04-09 17:15:00,82.63,17:15:00
2026-04-09 17:30:00,91.04,17:30:00
2026-04-09 17:45:00,91.04,17:45:00
2026-04-09 18:00:00,92.27,18:00:00
2026-04-09 18:15:00,92.27,18:15:00
2026-04-09 18:30:00,100.3,18:30:00
2026-04-09 18:45:00,100.28,18:45:00
2026-04-09 20:00:00,109.09,20:00:00
2026-04-09 20:15:00,109.16,20:15:00
2026-04-09 20:30:00,123.64,20:30:00
2026-04-09 20:45:00,123.41,20:45:00
2026-04-09 21:00:00,120.73,21:00:00
2026-04-09 21:15:00,120.65,21:15:00
2026-04-09 21:30:00,146.81,21:30:00
2026-04-09 21:45:00,146.78,21:45:00
2026-04-09 22:00:00,133.62,22:00:00
2026-04-09 22:15:00,133.6,22:15:00
2026-04-09 22:30:00,165.32,22:30:00
2026-04-09 22:45:00,165.3,22:45:00
2026-04-09 23:00:00,177.76,23:00:00
2026-04-09 23:15:00,177.76,23:15:00
2026-04-09 23:30:00,193.26,23:30:00
2026-04-09 23:45:00,193.24,23:45:00
2026-04-10 00:00:00,197.46,00:00:00
2026-04-10 00:15:00,197.4,00:15:00
2026-04-10 00:30:00,203.88,00:30:00
2026-04-10 00:45:00,203.9,00:45:00
2026-04-10 01:00:00,211.99,01:00:00
2026-04-10 01:15:00,211.98,01:15:00
2026-04-10 01:30:00,218.08,01:30:00
2026-04-10 01:45:00,218.11,01:45:00
2026-04-10 02:00:00,214.76,02:00:00
2026-04-10 02:15:00,214.72,02:15:00
2026-04-10 02:30:00,219.43,02:30:00
2026-04-10 02:45:00,219.44,02:45:00
2026-04-10 03:00:00,214.05,03:00:00
2026-04-10 03:15:00,214.05,03:15:00
2026-04-10 03:30:00,198.84,03:30:00
2026-04-10 03:45:00,198.82,03:45:00
2026-04-10 04:00:00,204.26,04:00:00
2026-04-10 04:15:00,204.32,04:15:00
2026-04-10 04:30:00,190.94,04:30:00
2026-04-10 04:45:00,190.81,04:45:00
2026-04-10 05:00:00,185.15,05:00:00
2026-04-10 05:15:00,185.12,05:15:00
2026-04-10 05:30:00,188.56,05:30:00
2026-04-10 05:45:00,188.36,05:45:00
2026-04-10 06:00:00,190.01,06:00:00
2026-04-10 06:15:00,189.95,06:15:00
2026-04-10 06:30:00,184.94,06:30:00
2026-04-10 06:45:00,184.83,06:45:00
2026-04-10 07:00:00,171.1,07:00:00
2026-04-10 07:15:00,171.01,07:15:00
2026-04-10 07:30:00,153.27,07:30:00
2026-04-10 07:45:00,153.34,07:45:00
2026-04-10 08:00:00,141.48,08:00:00
2026-04-10 08:15:00,141.51,08:15:00
2026-04-10 08:30:00,141.6,08:30:00
2026-04-10 08:45:00,141.64,08:45:00
2026-04-10 09:00:00,140.09,09:00:00
2026-04-10 09:15:00,140.09,09:15:00
2026-04-10 09:30:00,136.14,09:30:00
2026-04-10 09:45:00,136.14,09:45:00
2026-04-10 10:00:00,112.26,10:00:00
2026-04-10 10:15:00,112.26,10:15:00
2026-04-10 10:30:00,80.39,10:30:00
2026-04-10 10:45:00,80.39,10:45:00
2026-04-10 11:00:00,83.23,11:00:00
2026-04-10 11:15:00,83.23,11:15:00
2026-04-10 11:30:00,80.37,11:30:00
2026-04-10 11:45:00,80.37,11:45:00
2026-04-10 12:00:00,80.1,12:00:00
2026-04-10 12:15:00,80.1,12:15:00
2026-04-10 12:30:00,86.43,12:30:00
2026-04-10 12:45:00,86.43,12:45:00
2026-04-10 13:00:00,89.14,13:00:00
2026-04-10 13:15:00,89.14,13:15:00
2026-04-10 13:30:00,79.65,13:30:00
2026-04-10 13:45:00,79.65,13:45:00
2026-04-10 14:00:00,73.63,14:00:00
2026-04-10 14:15:00,73.63,14:15:00
2026-04-10 14:30:00,71.31,14:30:00
2026-04-10 14:45:00,71.31,14:45:00
2026-04-10 15:00:00,70.31,15:00:00
2026-04-10 15:15:00,70.31,15:15:00
2026-04-10 15:30:00,70.71,15:30:00
2026-04-10 15:45:00,70.71,15:45:00
2026-04-10 16:00:00,83.62,16:00:00
2026-04-10 16:15:00,83.62,16:15:00
2026-04-10 16:30:00,84.62,16:30:00
2026-04-10 16:45:00,84.62,16:45:00
2026-04-10 17:00:00,88.07,17:00:00
2026-04-10 17:15:00,88.07,17:15:00
2026-04-10 17:30:00,82.89,17:30:00
2026-04-10 17:45:00,82.89,17:45:00
2026-04-10 18:00:00,113.93,18:00:00
2026-04-10 18:15:00,113.93,18:15:00
2026-04-10 18:30:00,137.57,18:30:00
2026-04-10 18:45:00,137.57,18:45:00
2026-04-10 19:00:00,148.06,19:00:00
2026-04-10 19:15:00,148.06,19:15:00
2026-04-10 19:30:00,156.53,19:30:00
2026-04-10 19:45:00,156.53,19:45:00
2026-04-10 20:00:00,161.43,20:00:00
2026-04-10 20:15:00,161.4,20:15:00
2026-04-10 20:30:00,165.97,20:30:00
2026-04-10 20:45:00,165.94,20:45:00
2026-04-10 21:00:00,175.33,21:00:00
2026-04-10 21:15:00,175.33,21:15:00
2026-04-10 21:30:00,175.8,21:30:00
2026-04-10 21:45:00,175.78,21:45:00
2026-04-10 22:00:00,138.17,22:00:00
2026-04-10 22:15:00,138.18,22:15:00
2026-04-10 22:30:00,100.92,22:30:00
2026-04-10 22:45:00,100.92,22:45:00
2026-04-10 23:00:00,82.86,23:00:00
2026-04-10 23:15:00,82.85,23:15:00
2026-04-10 23:30:00,77.31,23:30:00
2026-04-10 23:45:00,77.31,23:45:00
2026-04-11 00:00:00,83.32,00:00:00
2026-04-11 00:15:00,83.32,00:15:00
2026-04-11 00:30:00,82.28,00:30:00
2026-04-11 00:45:00,82.28,00:45:00
2026-04-11 01:00:00,73.65,01:00:00
2026-04-11 01:15:00,73.65,01:15:00
2026-04-11 01:30:00,74.16,01:30:00
2026-04-11 01:45:00,74.16,01:45:00
2026-04-11 02:00:00,83.98,02:00:00
2026-04-11 02:15:00,83.99,02:15:00
2026-04-11 02:30:00,83.0,02:30:00
2026-04-11 02:45:00,83.0,02:45:00
2026-04-11 03:00:00,73.92,03:00:00
2026-04-11 03:15:00,73.92,03:15:00
2026-04-11 03:30:00,74.08,03:30:00
2026-04-11 03:45:00,74.08,03:45:00
2026-04-11 04:00:00,74.62,04:00:00
2026-04-11 04:15:00,74.62,04:15:00
2026-04-11 04:30:00,76.83,04:30:00
2026-04-11 04:45:00,76.83,04:45:00
2026-04-11 05:00:00,88.19,05:00:00
2026-04-11 05:15:00,88.19,05:15:00
2026-04-11 05:30:00,95.37,05:30:00
2026-04-11 05:45:00,95.37,05:45:00
2026-04-11 06:00:00,93.21,06:00:00
2026-04-11 06:15:00,93.21,06:15:00
2026-04-11 06:30:00,91.01,06:30:00
2026-04-11 06:45:00,91.01,06:45:00
2026-04-11 07:00:00,85.05,07:00:00
2026-04-11 07:15:00,85.05,07:15:00
2026-04-11 07:30:00,86.44,07:30:00
2026-04-11 07:45:00,86.44,07:45:00
2026-04-11 08:00:00,77.98,08:00:00
2026-04-11 08:15:00,78.21,08:15:00
2026-04-11 08:30:00,77.19,08:30:00
2026-04-11 08:45:00,77.21,08:45:00
2026-04-11 09:00:00,78.71,09:00:00
2026-04-11 09:15:00,78.72,09:15:00
2026-04-11 09:30:00,83.76,09:30:00
2026-04-11 09:45:00,83.78,09:45:00
2026-04-11 10:00:00,83.41,10:00:00
2026-04-11 10:15:00,83.44,10:15:00
2026-04-11 10:30:00,86.71,10:30:00
2026-04-11 10:45:00,86.72,10:45:00
2026-04-11 11:00:00,85.78,11:00:00
2026-04-11 11:15:00,85.74,11:15:00
2026-04-11 11:30:00,85.94,11:30:00
2026-04-11 11:45:00,85.92,11:45:00
2026-04-11 12:00:00,90.2,12:00:00
2026-04-11 12:15:00,90.2,12:15:00
2026-04-11 12:30:00,90.02,12:30:00
2026-04-11 12:45:00,89.83,12:45:00
2026-04-11 13:00:00,93.42,13:00:00
2026-04-11 13:15:00,93.39,13:15:00
2026-04-11 13:30:00,95.31,13:30:00
2026-04-11 13:45:00,94.88,13:45:00
2026-04-11 14:00:00,99.47,14:00:00
2026-04-11 14:15:00,99.47,14:15:00
2026-04-11 14:30:00,99.28,14:30:00
2026-04-11 14:45:00,99.28,14:45:00
2026-04-11 15:00:00,101.28,15:00:00
2026-04-11 15:15:00,101.27,15:15:00
2026-04-11 15:30:00,99.49,15:30:00
2026-04-11 15:45:00,99.5,15:45:00
2026-04-11 16:00:00,90.45,16:00:00
2026-04-11 16:15:00,90.45,16:15:00
2026-04-11 16:30:00,77.95,16:30:00
2026-04-11 16:45:00,77.96,16:45:00
2026-04-11 17:00:00,97.72,17:00:00
2026-04-11 17:15:00,97.72,17:15:00
2026-04-11 17:30:00,86.86,17:30:00
2026-04-11 17:45:00,86.86,17:45:00
2026-04-11 18:00:00,78.54,18:00:00
2026-04-11 18:15:00,78.54,18:15:00
2026-04-11 18:30:00,79.58,18:30:00
2026-04-11 18:45:00,79.58,18:45:00
2026-04-11 19:00:00,80.7,19:00:00
2026-04-11 19:15:00,80.7,19:15:00
2026-04-11 19:30:00,76.35,19:30:00
2026-04-11 19:45:00,76.35,19:45:00
2026-04-11 20:00:00,74.68,20:00:00
2026-04-11 20:15:00,74.67,20:15:00
2026-04-11 20:30:00,66.79,20:30:00
2026-04-11 20:45:00,66.79,20:45:00
2026-04-11 21:00:00,65.64,21:00:00
2026-04-11 21:15:00,65.64,21:15:00
2026-04-11 21:30:00,69.44,21:30:00
2026-04-11 21:45:00,69.44,21:45:00
2026-04-11 23:00:00,76.52,23:00:00
2026-04-11 23:15:00,76.52,23:15:00
2026-04-11 23:30:00,78.08,23:30:00
2026-04-11 23:45:00,78.08,23:45:00
2026-04-12 00:00:00,76.81,00:00:00
2026-04-12 00:15:00,76.81,00:15:00
2026-04-12 00:30:00,77.16,00:30:00
2026-04-12 00:45:00,77.16,00:45:00
2026-04-12 01:00:00,72.14,01:00:00
2026-04-12 01:15:00,72.14,01:15:00
2026-04-12 01:30:00,74.17,01:30:00
2026-04-12 01:45:00,74.17,01:45:00
2026-04-12 02:00:00,72.97,02:00:00
2026-04-12 02:15:00,72.97,02:15:00
2026-04-12 02:30:00,72.46,02:30:00
2026-04-12 02:45:00,72.46,02:45:00
2026-04-12 04:00:00,74.28,04:00:00
2026-04-12 04:15:00,74.28,04:15:00
2026-04-12 04:30:00,74.02,04:30:00
2026-04-12 04:45:00,74.02,04:45:00
2026-04-12 05:00:00,77.09,05:00:00
2026-04-12 05:15:00,77.09,05:15:00
2026-04-12 05:30:00,77.75,05:30:00
2026-04-12 05:45:00,77.75,05:45:00
2026-04-12 06:00:00,72.11,06:00:00
2026-04-12 06:15:00,72.11,06:15:00
2026-04-12 06:30:00,72.42,06:30:00
2026-04-12 06:45:00,72.42,06:45:00
2026-04-12 07:00:00,77.52,07:00:00
2026-04-12 07:15:00,77.52,07:15:00
2026-04-12 07:30:00,73.85,07:30:00
2026-04-12 07:45:00,73.85,07:45:00
2026-04-12 08:00:00,76.43,08:00:00
2026-04-12 08:15:00,76.43,08:15:00
2026-04-12 08:30:00,74.63,08:30:00
2026-04-12 08:45:00,74.63,08:45:00
2026-04-12 09:00:00,79.94,09:00:00
2026-04-12 09:15:00,79.94,09:15:00
2026-04-12 09:30:00,80.83,09:30:00
2026-04-12 09:45:00,80.83,09:45:00
2026-04-12 10:00:00,80.24,10:00:00
2026-04-12 10:15:00,80.24,10:15:00
2026-04-12 10:30:00,80.38,10:30:00
2026-04-12 10:45:00,80.25,10:45:00
2026-04-12 11:00:00,78.15,11:00:00
2026-04-12 11:15:00,78.15,11:15:00
2026-04-12 11:30:00,80.8,11:30:00
2026-04-12 11:45:00,80.8,11:45:00
2026-04-12 12:00:00,83.48,12:00:00
2026-04-12 12:15:00,83.49,12:15:00
2026-04-12 12:30:00,79.6,12:30:00
2026-04-12 12:45:00,79.6,12:45:00
2026-04-12 13:00:00,86.73,13:00:00
2026-04-12 13:15:00,86.73,13:15:00
2026-04-12 13:30:00,86.17,13:30:00
2026-04-12 13:45:00,86.17,13:45:00
2026-04-12 14:00:00,88.88,14:00:00
2026-04-12 14:15:00,88.88,14:15:00
2026-04-12 14:30:00,91.94,14:30:00
2026-04-12 14:45:00,91.94,14:45:00
2026-04-12 15:00:00,90.51,15:00:00
2026-04-12 15:15:00,90.51,15:15:00
2026-04-12 15:30:00,82.73,15:30:00
2026-04-12 15:45:00,82.73,15:45:00
2026-04-12 16:00:00,84.32,16:00:00
2026-04-12 16:15:00,84.32,16:15:00
2026-04-12 16:30:00,98.2,16:30:00
2026-04-12 16:45:00,98.21,16:45:00
2026-04-12 17:00:00,133.5,17:00:00
2026-04-12 17:15:00,133.5,17:15:00
2026-04-12 17:30:00,147.82,17:30:00
2026-04-12 17:45:00,147.83,17:45:00
2026-04-12 18:00:00,180.34,18:00:00
2026-04-12 18:15:00,180.35,18:15:00
2026-04-12 18:30:00,200.48,18:30:00
2026-04-12 18:45:00,200.49,18:45:00
2026-04-12 19:00:00,206.18,19:00:00
2026-04-12 19:15:00,206.05,19:15:00
2026-04-12 19:30:00,223.26,19:30:00
2026-04-12 19:45:00,223.12,19:45:00
2026-04-12 20:00:00,225.03,20:00:00
2026-04-12 20:15:00,224.82,20:15:00
2026-04-12 20:30:00,232.06,20:30:00
2026-04-12 20:45:00,232.13,20:45:00
2026-04-12 21:00:00,218.86,21:00:00
2026-04-12 21:15:00,218.88,21:15:00
2026-04-12 21:30:00,223.59,21:30:00
2026-04-12 21:45:00,223.69,21:45:00
2026-04-12 22:00:00,235.34,22:00:00
2026-04-12 22:15:00,235.45,22:15:00
2026-04-12 22:30:00,236.57,22:30:00
2026-04-12 22:45:00,236.56,22:45:00
2026-04-12 23:00:00,244.41,23:00:00
2026-04-12 23:15:00,244.39,23:15:00
2026-04-12 23:30:00,250.09,23:30:00
2026-04-12 23:45:00,249.85,23:45:00
2026-04-13 00:00:00,250.95,00:00:00
2026-04-13 00:15:00,250.76,00:15:00
2026-04-13 00:30:00,256.78,00:30:00
2026-04-13 00:45:00,256.53,00:45:00
2026-04-13 01:00:00,260.12,01:00:00
2026-04-13 01:15:00,259.95,01:15:00
2026-04-13 01:30:00,261.23,01:30:00
2026-04-13 01:45:00,261.14,01:45:00
2026-04-13 02:00:00,277.17,02:00:00
2026-04-13 02:15:00,277.2,02:15:00
2026-04-13 02:30:00,284.44,02:30:00
2026-04-13 02:45:00,284.44,02:45:00
2026-04-13 03:00:00,289.87,03:00:00
2026-04-13 03:15:00,290.01,03:15:00
2026-04-13 03:30:00,282.4,03:30:00
2026-04-13 03:45:00,282.42,03:45:00
2026-04-13 04:00:00,287.85,04:00:00
2026-04-13 04:15:00,287.82,04:15:00
2026-04-13 04:30:00,292.14,04:30:00
2026-04-13 04:45:00,292.2,04:45:00
2026-04-13 05:00:00,296.75,05:00:00
2026-04-13 05:15:00,296.77,05:15:00
2026-04-13 05:30:00,317.71,05:30:00
2026-04-13 05:45:00,317.72,05:45:00
2026-04-13 06:00:00,312.49,06:00:00
2026-04-13 06:15:00,312.46,06:15:00
2026-04-13 06:30:00,315.29,06:30:00
2026-04-13 06:45:00,315.28,06:45:00
2026-04-13 07:00:00,317.38,07:00:00
2026-04-13 07:15:00,317.36,07:15:00
2026-04-13 07:30:00,320.05,07:30:00
2026-04-13 07:45:00,319.95,07:45:00
2026-04-13 08:00:00,327.44,08:00:00
2026-04-13 08:15:00,327.41,08:15:00
2026-04-13 08:30:00,321.12,08:30:00
2026-04-13 08:45:00,321.1,08:45:00
2026-04-13 09:00:00,308.77,09:00:00
2026-04-13 09:15:00,309.04,09:15:00
2026-04-13 09:30:00,282.26,09:30:00
2026-04-13 09:45:00,282.72,09:45:00
2026-04-13 10:00:00,252.42,10:00:00
2026-04-13 10:15:00,252.79,10:15:00
2026-04-13 10:30:00,228.71,10:30:00
2026-04-13 10:45:00,228.91,10:45:00
2026-04-13 11:00:00,222.14,11:00:00
2026-04-13 11:15:00,222.11,11:15:00
2026-04-13 11:30:00,224.7,11:30:00
2026-04-13 11:45:00,224.71,11:45:00
2026-04-13 12:00:00,216.77,12:00:00
2026-04-13 12:15:00,216.76,12:15:00
2026-04-13 12:30:00,214.33,12:30:00
2026-04-13 12:45:00,214.25,12:45:00
2026-04-13 13:00:00,193.55,13:00:00
2026-04-13 13:15:00,193.53,13:15:00
2026-04-13 13:30:00,202.53,13:30:00
2026-04-13 13:45:00,202.56,13:45:00
2026-04-13 14:00:00,204.76,14:00:00
2026-04-13 14:15:00,204.82,14:15:00
2026-04-13 14:30:00,214.98,14:30:00
2026-04-13 14:45:00,214.96,14:45:00
2026-04-13 15:00:00,199.73,15:00:00
2026-04-13 15:15:00,199.7,15:15:00
2026-04-13 15:30:00,198.15,15:30:00
2026-04-13 15:45:00,198.1,15:45:00
2026-04-13 16:00:00,213.0,16:00:00
2026-04-13 16:15:00,213.01,16:15:00
2026-04-13 16:30:00,225.61,16:30:00
2026-04-13 16:45:00,225.7,16:45:00
2026-04-13 17:00:00,256.86,17:00:00
2026-04-13 17:15:00,256.79,17:15:00
2026-04-13 17:30:00,269.93,17:30:00
2026-04-13 17:45:00,269.9,17:45:00
2026-04-13 18:00:00,261.74,18:00:00
2026-04-13 18:15:00,261.73,18:15:00
2026-04-13 18:30:00,261.18,18:30:00
2026-04-13 18:45:00,261.18,18:45:00
2026-04-13 19:00:00,265.99,19:00:00
2026-04-13 19:15:00,265.97,19:15:00
2026-04-13 19:30:00,250.07,19:30:00
2026-04-13 19:45:00,250.05,19:45:00
2026-04-13 20:00:00,228.65,20:00:00
2026-04-13 20:15:00,228.64,20:15:00
2026-04-13 20:30:00,185.49,20:30:00
2026-04-13 20:45:00,185.43,20:45:00
2026-04-13 21:00:00,175.19,21:00:00
2026-04-13 21:15:00,175.16,21:15:00
2026-04-13 21:30:00,165.72,21:30:00
2026-04-13 21:45:00,165.71,21:45:00
2026-04-13 22:00:00,148.52,22:00:00
2026-04-13 22:15:00,148.52,22:15:00
2026-04-13 22:30:00,118.89,22:30:00
2026-04-13 22:45:00,118.98,22:45:00
2026-04-13 23:00:00,121.02,23:00:00
2026-04-13 23:15:00,121.05,23:15:00
2026-04-13 23:30:00,115.43,23:30:00
2026-04-13 23:45:00,115.46,23:45:00
2026-04-14 00:00:00,105.27,00:00:00
2026-04-14 00:15:00,105.18,00:15:00
2026-04-14 00:30:00,103.29,00:30:00
2026-04-14 00:45:00,103.15,00:45:00
2026-04-14 01:00:00,104.55,01:00:00
2026-04-14 01:15:00,104.43,01:15:00
2026-04-14 01:30:00,110.47,01:30:00
2026-04-14 01:45:00,110.32,01:45:00
2026-04-14 02:00:00,114.11,02:00:00
2026-04-14 02:15:00,114.05,02:15:00
2026-04-14 02:30:00,117.32,02:30:00
2026-04-14 02:45:00,117.25,02:45:00
2026-04-14 03:00:00,112.65,03:00:00
2026-04-14 03:15:00,112.65,03:15:00
2026-04-14 03:30:00,110.27,03:30:00
2026-04-14 03:45:00,110.27,03:45:00
2026-04-14 04:00:00,93.93,04:00:00
2026-04-14 04:15:00,93.93,04:15:00
2026-04-14 04:30:00,118.59,04:30:00
2026-04-14 04:45:00,118.59,04:45:00
2026-04-14 05:00:00,135.32,05:00:00
2026-04-14 05:15:00,135.32,05:15:00
2026-04-14 05:30:00,162.25,05:30:00
2026-04-14 05:45:00,162.25,05:45:00
2026-04-14 06:00:00,188.64,06:00:00
2026-04-14 06:15:00,188.64,06:15:00
2026-04-14 06:30:00,191.52,06:30:00
2026-04-14 06:45:00,191.52,06:45:00
2026-04-14 07:00:00,194.46,07:00:00
2026-04-14 07:15:00,194.45,07:15:00
2026-04-14 07:30:00,196.64,07:30:00
2026-04-14 07:45:00,196.66,07:45:00
2026-04-14 08:00:00,187.2,08:00:00
2026-04-14 08:15:00,187.14,08:15:00
2026-04-14 08:30:00,176.36,08:30:00
2026-04-14 08:45:00,176.32,08:45:00
2026-04-14 09:00:00,172.34,09:00:00
2026-04-14 09:15:00,172.32,09:15:00
2026-04-14 09:30:00,167.35,09:30:00
2026-04-14 09:45:00,167.26,09:45:00
2026-04-14 10:00:00,171.56,10:00:00
2026-04-14 10:15:00,171.49,10:15:00
2026-04-14 10:30:00,178.13,10:30:00
2026-04-14 10:45:00,178.06,10:45:00
2026-04-14 11:00:00,181.31,11:00:00
2026-04-14 11:15:00,181.25,11:15:00
2026-04-14 11:30:00,177.99,11:30:00
2026-04-14 11:45:00,177.93,11:45:00
2026-04-14 12:00:00,182.48,12:00:00
2026-04-14 12:15:00,182.46,12:15:00
2026-04-14 12:30:00,183.69,12:30:00
2026-04-14 12:45:00,183.71,12:45:00
2026-04-14 13:00:00,187.81,13:00:00
2026-04-14 13:15:00,187.85,13:15:00
2026-04-14 13:30:00,193.31,13:30:00
2026-04-14 13:45:00,193.26,13:45:00
2026-04-14 14:00:00,179.68,14:00:00
2026-04-14 14:15:00,179.68,14:15:00
2026-04-14 14:30:00,184.2,14:30:00
2026-04-14 14:45:00,184.16,14:45:00
2026-04-14 15:00:00,186.48,15:00:00
2026-04-14 15:15:00,186.48,15:15:00
2026-04-14 15:30:00,202.03,15:30:00
2026-04-14 15:45:00,202.0,15:45:00
2026-04-14 16:00:00,186.68,16:00:00
2026-04-14 16:15:00,186.7,16:15:00
2026-04-14 16:30:00,178.81,16:30:00
2026-04-14 16:45:00,178.86,16:45:00
2026-04-14 17:00:00,176.14,17:00:00
2026-04-14 17:15:00,176.17,17:15:00
2026-04-14 17:30:00,179.7,17:30:00
2026-04-14 17:45:00,179.73,17:45:00
2026-04-14 18:00:00,180.21,18:00:00
2026-04-14 18:15:00,180.24,18:15:00
2026-04-14 18:30:00,189.24,18:30:00
2026-04-14 18:45:00,189.26,18:45:00
2026-04-14 19:00:00,185.52,19:00:00
2026-04-14 19:15:00,185.52,19:15:00
2026-04-14 19:30:00,187.19,19:30:00
2026-04-14 19:45:00,187.19,19:45:00
2026-04-14 20:00:00,184.89,20:00:00
2026-04-14 20:15:00,184.89,20:15:00
2026-04-14 20:30:00,191.0,20:30:00
2026-04-14 20:45:00,190.98,20:45:00
2026-04-14 21:00:00,178.84,21:00:00
2026-04-14 21:15:00,178.83,21:15:00
2026-04-14 21:30:00,167.64,21:30:00
2026-04-14 21:45:00,167.63,21:45:00
2026-04-14 22:00:00,145.63,22:00:00
2026-04-14 22:15:00,145.62,22:15:00
2026-04-14 22:30:00,142.68,22:30:00
2026-04-14 22:45:00,142.67,22:45:00
2026-04-14 23:00:00,137.74,23:00:00
2026-04-14 23:15:00,137.74,23:15:00
2026-04-14 23:30:00,127.47,23:30:00
2026-04-14 23:45:00,127.47,23:45:00
2026-04-15 00:00:00,108.11,00:00:00
2026-04-15 00:15:00,108.11,00:15:00
2026-04-15 00:30:00,118.32,00:30:00
2026-04-15 00:45:00,118.32,00:45:00
2026-04-15 01:00:00,110.82,01:00:00
2026-04-15 01:15:00,110.82,01:15:00
2026-04-15 01:30:00,89.81,01:30:00
2026-04-15 01:45:00,89.8,01:45:00
2026-04-15 02:00:00,80.92,02:00:00
2026-04-15 02:15:00,80.92,02:15:00
2026-04-15 02:30:00,83.37,02:30:00
2026-04-15 02:45:00,83.37,02:45:00
2026-04-15 03:00:00,91.88,03:00:00
2026-04-15 03:15:00,91.88,03:15:00
2026-04-15 03:30:00,93.15,03:30:00
2026-04-15 03:45:00,93.15,03:45:00
2026-04-15 04:00:00,94.64,04:00:00
2026-04-15 04:15:00,94.64,04:15:00
2026-04-15 04:30:00,95.7,04:30:00
2026-04-15 04:45:00,95.7,04:45:00
2026-04-15 05:00:00,92.22,05:00:00
2026-04-15 05:15:00,92.23,05:15:00
2026-04-15 05:30:00,111.99,05:30:00
2026-04-15 05:45:00,111.99,05:45:00
2026-04-15 06:00:00,123.2,06:00:00
2026-04-15 06:15:00,123.2,06:15:00
2026-04-15 06:30:00,152.44,06:30:00
2026-04-15 06:45:00,152.44,06:45:00
2026-04-15 07:00:00,162.96,07:00:00
2026-04-15 07:15:00,162.94,07:15:00
2026-04-15 07:30:00,149.71,07:30:00
2026-04-15 07:45:00,149.69,07:45:00
2026-04-15 08:00:00,150.91,08:00:00
2026-04-15 08:15:00,150.95,08:15:00
2026-04-15 08:30:00,155.3,08:30:00
2026-04-15 08:45:00,155.29,08:45:00
2026-04-15 09:00:00,139.4,09:00:00
2026-04-15 09:15:00,139.4,09:15:00
2026-04-15 09:30:00,129.07,09:30:00
2026-04-15 09:45:00,129.07,09:45:00
2026-04-15 10:00:00,104.62,10:00:00
2026-04-15 10:15:00,104.61,10:15:00
2026-04-15 10:30:00,76.31,10:30:00
2026-04-15 10:45:00,76.3,10:45:00
2026-04-15 11:00:00,79.98,11:00:00
2026-04-15 11:15:00,79.98,11:15:00
2026-04-15 11:30:00,81.98,11:30:00
2026-04-15 11:45:00,81.81,11:45:00
2026-04-15 12:00:00,77.42,12:00:00
2026-04-15 12:15:00,77.41,12:15:00
2026-04-15 12:30:00,76.15,12:30:00
2026-04-15 12:45:00,76.15,12:45:00
2026-04-15 13:00:00,84.18,13:00:00
2026-04-15 13:15:00,84.18,13:15:00
2026-04-15 13:30:00,78.61,13:30:00
2026-04-15 13:45:00,78.61,13:45:00
2026-04-15 14:00:00,72.73,14:00:00
2026-04-15 14:15:00,72.73,14:15:00
2026-04-15 14:30:00,65.11,14:30:00
2026-04-15 14:45:00,65.11,14:45:00
2026-04-15 15:00:00,65.08,15:00:00
2026-04-15 15:15:00,65.08,15:15:00
2026-04-15 15:30:00,66.86,15:30:00
2026-04-15 15:45:00,66.86,15:45:00
2026-04-15 16:00:00,70.12,16:00:00
2026-04-15 16:15:00,70.12,16:15:00
2026-04-15 16:30:00,81.51,16:30:00
2026-04-15 16:45:00,81.51,16:45:00
2026-04-15 17:00:00,85.57,17:00:00
2026-04-15 17:15:00,85.58,17:15:00
2026-04-15 17:30:00,90.75,17:30:00
2026-04-15 17:45:00,90.76,17:45:00
2026-04-15 18:00:00,89.58,18:00:00
2026-04-15 18:15:00,89.57,18:15:00
2026-04-15 18:30:00,89.93,18:30:00
2026-04-15 18:45:00,89.93,18:45:00
2026-04-15 19:00:00,89.2,19:00:00
2026-04-15 19:15:00,89.2,19:15:00
2026-04-15 19:30:00,88.55,19:30:00
2026-04-15 19:45:00,88.54,19:45:00
2026-04-15 20:00:00,85.45,20:00:00
2026-04-15 20:15:00,84.86,20:15:00
2026-04-15 20:30:00,67.0,20:30:00
2026-04-15 20:45:00,65.77,20:45:00
2026-04-15 21:00:00,55.57,21:00:00
2026-04-15 21:15:00,54.24,21:15:00
2026-04-15 21:30:00,57.12,21:30:00
2026-04-15 21:45:00,57.12,21:45:00
2026-04-15 22:00:00,57.72,22:00:00
2026-04-15 22:15:00,57.72,22:15:00
2026-04-15 22:30:00,59.03,22:30:00
2026-04-15 22:45:00,59.03,22:45:00
2026-04-15 23:00:00,60.67,23:00:00
2026-04-15 23:15:00,60.67,23:15:00
2026-04-15 23:30:00,64.96,23:30:00
2026-04-15 23:45:00,64.96,23:45:00
2026-04-16 00:00:00,71.93,00:00:00
2026-04-16 00:15:00,71.93,00:15:00
2026-04-16 00:30:00,81.32,00:30:00
2026-04-16 00:45:00,81.32,00:45:00
2026-04-16 01:00:00,78.11,01:00:00
2026-04-16 01:15:00,78.11,01:15:00
2026-04-16 01:30:00,84.23,01:30:00
2026-04-16 01:45:00,84.23,01:45:00
2026-04-16 02:00:00,79.33,02:00:00
2026-04-16 02:15:00,79.33,02:15:00
2026-04-16 02:30:00,81.88,02:30:00
2026-04-16 02:45:00,81.88,02:45:00
2026-04-16 03:00:00,87.07,03:00:00
2026-04-16 03:15:00,87.07,03:15:00
2026-04-16 03:30:00,87.09,03:30:00
2026-04-16 03:45:00,87.1,03:45:00
2026-04-16 04:00:00,90.53,04:00:00
2026-04-16 04:15:00,90.85,04:15:00
2026-04-16 04:30:00,91.31,04:30:00
2026-04-16 04:45:00,91.71,04:45:00
2026-04-16 05:00:00,89.59,05:00:00
2026-04-16 05:15:00,89.59,05:15:00
2026-04-16 05:30:00,130.44,05:30:00
2026-04-16 05:45:00,130.45,05:45:00
2026-04-16 06:00:00,137.75,06:00:00
2026-04-16 06:15:00,137.72,06:15:00
2026-04-16 06:30:00,156.02,06:30:00
2026-04-16 06:45:00,156.01,06:45:00
2026-04-16 07:00:00,154.17,07:00:00
2026-04-16 07:15:00,154.18,07:15:00
2026-04-16 07:30:00,150.52,07:30:00
2026-04-16 07:45:00,150.44,07:45:00
2026-04-16 09:00:00,135.08,09:00:00
2026-04-16 09:15:00,135.05,09:15:00
2026-04-16 09:30:00,96.41,09:30:00
2026-04-16 09:45:00,96.39,09:45:00
2026-04-16 10:00:00,99.66,10:00:00
2026-04-16 10:15:00,99.69,10:15:00
2026-04-16 10:30:00,95.29,10:30:00
2026-04-16 10:45:00,95.3,10:45:00
2026-04-16 11:00:00,94.62,11:00:00
2026-04-16 11:15:00,94.61,11:15:00
2026-04-16 11:30:00,91.26,11:30:00
2026-04-16 11:45:00,91.27,11:45:00
2026-04-16 12:00:00,87.92,12:00:00
2026-04-16 12:15:00,87.91,12:15:00
2026-04-16 12:30:00,87.88,12:30:00
2026-04-16 12:45:00,87.9,12:45:00
2026-04-16 14:00:00,78.24,14:00:00
2026-04-16 14:15:00,78.24,14:15:00
2026-04-16 14:30:00,86.19,14:30:00
2026-04-16 14:45:00,86.23,14:45:00
2026-04-16 15:00:00,90.51,15:00:00
2026-04-16 15:15:00,90.53,15:15:00
2026-04-16 15:30:00,77.43,15:30:00
2026-04-16 15:45:00,77.4,15:45:00
2026-04-16 16:00:00,83.86,16:00:00
2026-04-16 16:15:00,83.84,16:15:00
2026-04-16 16:30:00,83.88,16:30:00
2026-04-16 16:45:00,83.93,16:45:00
2026-04-16 17:00:00,78.66,17:00:00
2026-04-16 17:15:00,78.75,17:15:00
2026-04-16 17:30:00,79.61,17:30:00
2026-04-16 17:45:00,79.62,17:45:00
2026-04-16 18:00:00,74.96,18:00:00
2026-04-16 18:15:00,74.97,18:15:00
2026-04-16 18:30:00,72.38,18:30:00
2026-04-16 18:45:00,72.37,18:45:00
2026-04-16 19:00:00,79.01,19:00:00
2026-04-16 19:15:00,79.02,19:15:00
2026-04-16 19:30:00,91.8,19:30:00
2026-04-16 19:45:00,91.8,19:45:00
2026-04-16 20:00:00,83.95,20:00:00
2026-04-16 20:15:00,83.95,20:15:00
2026-04-16 20:30:00,78.47,20:30:00
2026-04-16 20:45:00,78.47,20:45:00
2026-04-16 21:00:00,72.3,21:00:00
2026-04-16 21:15:00,72.3,21:15:00
2026-04-16 21:30:00,57.83,21:30:00
2026-04-16 21:45:00,57.83,21:45:00
2026-04-16 22:00:00,57.87,22:00:00
2026-04-16 22:15:00,57.87,22:15:00
2026-04-16 22:30:00,59.49,22:30:00
2026-04-16 22:45:00,59.49,22:45:00
2026-04-17 00:00:00,62.62,00:00:00
2026-04-17 00:15:00,62.62,00:15:00
2026-04-17 00:30:00,64.46,00:30:00
2026-04-17 00:45:00,64.46,00:45:00
2026-04-17 01:00:00,67.3,01:00:00
2026-04-17 01:15:00,67.3,01:15:00
2026-04-17 01:30:00,69.65,01:30:00
2026-04-17 01:45:00,69.65,01:45:00
2026-04-17 02:00:00,65.14,02:00:00
2026-04-17 02:15:00,65.14,02:15:00
2026-04-17 02:30:00,64.76,02:30:00
2026-04-17 02:45:00,64.76,02:45:00
2026-04-17 03:00:00,65.03,03:00:00
2026-04-17 03:15:00,65.03,03:15:00
2026-04-17 03:30:00,66.65,03:30:00
2026-04-17 03:45:00,66.65,03:45:00
2026-04-17 04:00:00,68.82,04:00:00
2026-04-17 04:15:00,68.82,04:15:00
2026-04-17 04:30:00,70.21,04:30:00
2026-04-17 04:45:00,70.21,04:45:00
2026-04-17 05:00:00,67.69,05:00:00
2026-04-17 05:15:00,67.69,05:15:00
2026-04-17 05:30:00,81.85,05:30:00
2026-04-17 05:45:00,81.85,05:45:00
2026-04-17 06:00:00,94.77,06:00:00
2026-04-17 06:15:00,94.77,06:15:00
2026-04-17 06:30:00,97.39,06:30:00
2026-04-17 06:45:00,97.39,06:45:00
2026-04-17 07:00:00,89.06,07:00:00
2026-04-17 07:15:00,89.06,07:15:00
2026-04-17 07:30:00,86.99,07:30:00
2026-04-17 07:45:00,87.0,07:45:00
2026-04-17 08:00:00,86.35,08:00:00
2026-04-17 08:15:00,86.35,08:15:00
2026-04-17 08:30:00,80.28,08:30:00
2026-04-17 08:45:00,80.28,08:45:00
2026-04-17 09:00:00,85.24,09:00:00
2026-04-17 09:15:00,85.24,09:15:00
2026-04-17 09:30:00,84.7,09:30:00
2026-04-17 09:45:00,84.7,09:45:00
2026-04-17 10:00:00,83.17,10:00:00
2026-04-17 10:15:00,83.17,10:15:00
2026-04-17 10:30:00,81.39,10:30:00
2026-04-17 10:45:00,81.39,10:45:00
2026-04-17 11:00:00,81.26,11:00:00
2026-04-17 11:15:00,81.26,11:15:00
2026-04-17 11:30:00,80.13,11:30:00
2026-04-17 11:45:00,80.13,11:45:00
2026-04-17 12:00:00,81.57,12:00:00
2026-04-17 12:15:00,81.57,12:15:00
2026-04-17 12:30:00,82.74,12:30:00
2026-04-17 12:45:00,82.74,12:45:00
2026-04-17 13:00:00,84.71,13:00:00
2026-04-17 13:15:00,84.71,13:15:00
2026-04-17 13:30:00,88.29,13:30:00
2026-04-17 13:45:00,88.29,13:45:00
2026-04-17 14:00:00,92.86,14:00:00
2026-04-17 14:15:00,92.86,14:15:00
2026-04-17 14:30:00,83.89,14:30:00
2026-04-17 14:45:00,83.89,14:45:00
2026-04-17 15:00:00,87.0,15:00:00
2026-04-17 15:15:00,87.0,15:15:00
2026-04-17 15:30:00,84.89,15:30:00
2026-04-17 15:45:00,84.89,15:45:00
2026-04-17 19:00:00,97.47,19:00:00
2026-04-17 19:15:00,97.46,19:15:00
2026-04-17 19:30:00,104.9,19:30:00
2026-04-17 19:45:00,104.9,19:45:00
2026-04-17 20:00:00,113.83,20:00:00
2026-04-17 20:15:00,113.82,20:15:00
2026-04-17 20:30:00,110.1,20:30:00
2026-04-17 20:45:00,110.03,20:45:00
2026-04-17 22:00:00,115.03,22:00:00
2026-04-17 22:15:00,115.02,22:15:00
2026-04-17 22:30:00,118.92,22:30:00
2026-04-17 22:45:00,118.86,22:45:00
2026-04-17 23:00:00,116.47,23:00:00
2026-04-17 23:15:00,116.43,23:15:00
2026-04-17 23:30:00,111.49,23:30:00
2026-04-17 23:45:00,111.48,23:45:00
2026-04-18 00:00:00,116.39,00:00:00
2026-04-18 00:15:00,116.38,00:15:00
2026-04-18 00:30:00,118.98,00:30:00
2026-04-18 00:45:00,118.97,00:45:00
2026-04-18 01:00:00,120.86,01:00:00
2026-04-18 01:15:00,120.87,01:15:00
2026-04-18 01:30:00,121.71,01:30:00
2026-04-18 01:45:00,121.71,01:45:00
2026-04-18 02:00:00,130.66,02:00:00
2026-04-18 02:15:00,130.66,02:15:00
2026-04-18 02:30:00,127.43,02:30:00
2026-04-18 02:45:00,127.44,02:45:00
2026-04-18 03:00:00,126.01,03:00:00
2026-04-18 03:15:00,126.01,03:15:00
2026-04-18 03:30:00,124.63,03:30:00
2026-04-18 03:45:00,124.64,03:45:00
2026-04-18 04:00:00,130.56,04:00:00
2026-04-18 04:15:00,130.55,04:15:00
2026-04-18 04:30:00,143.78,04:30:00
2026-04-18 04:45:00,143.79,04:45:00
2026-04-18 05:00:00,151.13,05:00:00
2026-04-18 05:15:00,151.16,05:15:00
2026-04-18 05:30:00,175.42,05:30:00
2026-04-18 05:45:00,175.38,05:45:00
2026-04-18 06:00:00,184.12,06:00:00
2026-04-18 06:15:00,184.13,06:15:00
2026-04-18 06:30:00,192.98,06:30:00
2026-04-18 06:45:00,192.99,06:45:00
2026-04-18 07:00:00,194.54,07:00:00
2026-04-18 07:15:00,194.5,07:15:00
2026-04-18 07:30:00,203.95,07:30:00
2026-04-18 07:45:00,203.9,07:45:00
2026-04-18 08:00:00,203.33,08:00:00
2026-04-18 08:15:00,203.42,08:15:00
2026-04-18 08:30:00,180.34,08:30:00
2026-04-18 08:45:00,180.3,08:45:00
2026-04-18 09:00:00,148.7,09:00:00
2026-04-18 09:15:00,148.69,09:15:00
2026-04-18 09:30:00,152.06,09:30:00
2026-04-18 09:45:00,152.01,09:45:00
2026-04-18 10:00:00,147.39,10:00:00
2026-04-18 10:15:00,147.39,10:15:00
2026-04-18 10:30:00,139.52,10:30:00
2026-04-18 10:45:00,139.55,10:45:00
2026-04-18 11:00:00,136.58,11:00:00
2026-04-18 11:15:00,136.6,11:15:00
2026-04-18 11:30:00,137.81,11:30:00
2026-04-18 11:45:00,137.83,11:45:00
2026-04-18 12:00:00,143.09,12:00:00
2026-04-18 12:15:00,143.11,12:15:00
2026-04-18 12:30:00,147.97,12:30:00
2026-04-18 12:45:00,147.99,12:45:00
2026-04-18 13:00:00,144.36,13:00:00
2026-04-18 13:15:00,144.35,13:15:00
2026-04-18 13:30:00,146.21,13:30:00
2026-04-18 13:45:00,146.16,13:45:00
2026-04-18 14:00:00,150.57,14:00:00
2026-04-18 14:15:00,150.57,14:15:00
2026-04-18 14:30:00,151.31,14:30:00
2026-04-18 14:45:00,151.27,14:45:00
2026-04-18 15:00:00,153.82,15:00:00
2026-04-18 15:15:00,153.81,15:15:00
2026-04-18 15:30:00,170.78,15:30:00
2026-04-18 15:45:00,170.78,15:45:00
2026-04-18 16:00:00,185.78,16:00:00
2026-04-18 16:15:00,185.78,16:15:00
2026-04-18 16:30:00,222.93,16:30:00
2026-04-18 16:45:00,222.93,16:45:00
2026-04-18 17:00:00,252.37,17:00:00
2026-04-18 17:15:00,252.39,17:15:00
2026-04-18 17:30:00,281.26,17:30:00
2026-04-18 17:45:00,281.22,17:45:00
2026-04-18 19:00:00,315.51,19:00:00
2026-04-18 19:15:00,315.33,19:15:00
2026-04-18 19:30:00,309.27,19:30:00
2026-04-18 19:45:00,309.23,19:45:00
2026-04-18 20:00:00,309.06,20:00:00
2026-04-18 20:15:00,309.0,20:15:00
2026-04-18 20:30:00,313.5,20:30:00
2026-04-18 20:45:00,313.58,20:45:00
2026-04-18 21:00:00,318.16,21:00:00
2026-04-18 21:15:00,318.28,21:15:00
2026-04-18 21:30:00,331.37,21:30:00
2026-04-18 21:45:00,331.41,21:45:00
2026-04-18 22:00:00,332.76,22:00:00
2026-04-18 22:15:00,332.75,22:15:00
2026-04-18 22:30:00,336.52,22:30:00
2026-04-18 22:45:00,336.5,22:45:00
2026-04-18 23:00:00,340.88,23:00:00
2026-04-18 23:15:00,340.88,23:15:00
2026-04-18 23:30:00,348.04,23:30:00
2026-04-18 23:45:00,347.95,23:45:00
2026-04-19 00:00:00,353.12,00:00:00
2026-04-19 00:15:00,353.06,00:15:00
2026-04-19 00:30:00,358.35,00:30:00
2026-04-19 00:45:00,358.29,00:45:00
2026-04-19 01:00:00,357.95,01:00:00
2026-04-19 01:15:00,357.93,01:15:00
2026-04-19 01:30:00,359.89,01:30:00
2026-04-19 01:45:00,359.86,01:45:00
2026-04-19 02:00:00,360.03,02:00:00
2026-04-19 02:15:00,360.05,02:15:00
2026-04-19 02:30:00,360.27,02:30:00
2026-04-19 02:45:00,360.33,02:45:00
2026-04-19 03:00:00,361.98,03:00:00
2026-04-19 03:15:00,362.04,03:15:00
2026-04-19 03:30:00,365.51,03:30:00
2026-04-19 03:45:00,365.3,03:45:00
2026-04-19 04:00:00,368.12,04:00:00
2026-04-19 04:15:00,368.02,04:15:00
2026-04-19 04:30:00,365.82,04:30:00
2026-04-19 04:45:00,365.77,04:45:00
2026-04-19 05:00:00,368.8,05:00:00
2026-04-19 05:15:00,368.78,05:15:00
2026-04-19 05:30:00,368.85,05:30:00
2026-04-19 05:45:00,368.48,05:45:00
2026-04-19 06:00:00,370.48,06:00:00
2026-04-19 06:15:00,370.23,06:15:00
2026-04-19 06:30:00,366.33,06:30:00
2026-04-19 06:45:00,366.35,06:45:00
2026-04-19 07:00:00,365.99,07:00:00
2026-04-19 07:15:00,365.8,07:15:00
2026-04-19 07:30:00,364.39,07:30:00
2026-04-19 07:45:00,364.28,07:45:00
2026-04-19 09:00:00,350.23,09:00:00
2026-04-19 09:15:00,350.35,09:15:00
2026-04-19 09:30:00,346.54,09:30:00
2026-04-19 09:45:00,346.42,09:45:00
2026-04-19 10:00:00,342.34,10:00:00
2026-04-19 10:15:00,342.09,10:15:00
2026-04-19 10:30:00,342.05,10:30:00
2026-04-19 10:45:00,341.87,10:45:00
2026-04-19 11:00:00,338.37,11:00:00
2026-04-19 11:15:00,338.31,11:15:00
2026-04-19 11:30:00,342.27,11:30:00
2026-04-19 11:45:00,342.32,11:45:00
2026-04-19 12:00:00,349.43,12:00:00
2026-04-19 12:15:00,349.51,12:15:00
2026-04-19 12:30:00,343.33,12:30:00
2026-04-19 12:45:00,343.4,12:45:00
2026-04-19 13:00:00,340.55,13:00:00
2026-04-19 13:15:00,340.54,13:15:00
2026-04-19 13:30:00,330.13,13:30:00
2026-04-19 13:45:00,329.91,13:45:00
2026-04-19 14:00:00,324.03,14:00:00
2026-04-19 14:15:00,323.8,14:15:00
2026-04-19 14:30:00,323.64,14:30:00
2026-04-19 14:45:00,323.31,14:45:00
2026-04-19 15:00:00,333.1,15:00:00
2026-04-19 15:15:00,332.59,15:15:00
2026-04-19 15:30:00,343.73,15:30:00
2026-04-19 15:45:00,343.69,15:45:00
2026-04-19 16:00:00,345.56,16:00:00
2026-04-19 16:15:00,345.47,16:15:00
2026-04-19 16:30:00,350.63,16:30:00
2026-04-19 16:45:00,350.7,16:45:00
2026-04-19 17:00:00,349.88,17:00:00
2026-04-19 17:15:00,350.01,17:15:00
2026-04-19 17:30:00,350.68,17:30:00
2026-04-19 17:45:00,350.71,17:45:00
2026-04-19 18:00:00,347.23,18:00:00
2026-04-19 18:15:00,347.23,18:15:00
2026-04-19 18:30:00,345.96,18:30:00
2026-04-19 18:45:00,345.98,18:45:00
2026-04-19 20:00:00,330.22,20:00:00
2026-04-19 20:15:00,330.25,20:15:00
2026-04-19 20:30:00,324.3,20:30:00
2026-04-19 20:45:00,324.31,20:45:00
2026-04-19 21:00:00,326.34,21:00:00
2026-04-19 21:15:00,326.28,21:15:00
2026-04-19 21:30:00,323.37,21:30:00
2026-04-19 21:45:00,323.39,21:45:00
2026-04-19 22:00:00,320.52,22:00:00
2026-04-19 22:15:00,320.7,22:15:00
2026-04-19 22:30:00,319.68,22:30:00
2026-04-19 22:45:00,319.67,22:45:00
2026-04-19 23:00:00,317.08,23:00:00
2026-04-19 23:15:00,317.24,23:15:00
2026-04-19 23:30:00,317.73,23:30:00
2026-04-19 23:45:00,317.73,23:45:00
2026-04-20 00:00:00,316.31,00:00:00
2026-04-20 00:15:00,316.64,00:15:00
2026-04-20 00:30:00,321.06,00:30:00
2026-04-20 00:45:00,321.09,00:45:00
2026-04-20 01:00:00,322.36,01:00:00
2026-04-20 01:15:00,322.37,01:15:00
2026-04-20 01:30:00,317.68,01:30:00
2026-04-20 01:45:00,317.86,01:45:00
2026-04-20 02:00:00,322.85,02:00:00
2026-04-20 02:15:00,323.06,02:15:00
2026-04-20 02:30:00,319.21,02:30:00
2026-04-20 02:45:00,319.24,02:45:00
2026-04-20 03:00:00,311.26,03:00:00
2026-04-20 03:15:00,311.46,03:15:00
2026-04-20 03:30:00,310.39,03:30:00
2026-04-20 03:45:00,310.43,03:45:00
2026-04-20 04:00:00,309.89,04:00:00
2026-04-20 04:15:00,309.96,04:15:00
2026-04-20 04:30:00,306.66,04:30:00
2026-04-20 04:45:00,306.64,04:45:00
2026-04-20 05:00:00,305.52,05:00:00
2026-04-20 05:15:00,305.33,05:15:00
2026-04-20 05:30:00,303.21,05:30:00
2026-04-20 05:45:00,302.92,05:45:00
2026-04-20 06:00:00,302.43,06:00:00
2026-04-20 06:15:00,302.19,06:15:00
2026-04-20 06:30:00,309.11,06:30:00
2026-04-20 06:45:00,308.99,06:45:00
2026-04-20 07:00:00,308.97,07:00:00
2026-04-20 07:15:00,308.86,07:15:00
2026-04-20 07:30:00,313.4,07:30:00
2026-04-20 07:45:00,313.33,07:45:00
2026-04-20 08:00:00,314.0,08:00:00
2026-04-20 08:15:00,313.95,08:15:00
2026-04-20 08:30:00,307.5,08:30:00
2026-04-20 08:45:00,307.48,08:45:00
2026-04-20 09:00:00,287.2,09:00:00
2026-04-20 09:15:00,287.17,09:15:00
2026-04-20 09:30:00,273.73,09:30:00
2026-04-20 09:45:00,273.71,09:45:00
2026-04-20 10:00:00,270.06,10:00:00
2026-04-20 10:15:00,270.07,10:15:00
2026-04-20 10:30:00,251.7,10:30:00
2026-04-20 10:45:00,251.67,10:45:00
2026-04-20 11:00:00,239.43,11:00:00
2026-04-20 11:15:00,239.48,11:15:00
2026-04-20 11:30:00,246.41,11:30:00
2026-04-20 11:45:00,246.39,11:45:00
2026-04-20 12:00:00,254.65,12:00:00
2026-04-20 12:15:00,254.58,12:15:00
2026-04-20 12:30:00,258.17,12:30:00
2026-04-20 12:45:00,258.13,12:45:00
2026-04-20 13:00:00,250.52,13:00:00
2026-04-20 13:15:00,250.51,13:15:00
2026-04-20 13:30:00,250.35,13:30:00
2026-04-20 13:45:00,250.44,13:45:00
2026-04-20 14:00:00,255.44,14:00:00
2026-04-20 14:15:00,255.71,14:15:00
2026-04-20 14:30:00,251.09,14:30:00
2026-04-20 14:45:00,250.99,14:45:00
2026-04-20 15:00:00,269.39,15:00:00
2026-04-20 15:15:00,269.39,15:15:00
2026-04-20 15:30:00,269.62,15:30:00
2026-04-20 15:45:00,269.64,15:45:00
2026-04-20 16:00:00,269.58,16:00:00
2026-04-20 16:15:00,269.61,16:15:00
2026-04-20 16:30:00,292.0,16:30:00
2026-04-20 16:45:00,292.08,16:45:00
2026-04-20 17:00:00,292.34,17:00:00
2026-04-20 17:15:00,292.32,17:15:00
2026-04-20 17:30:00,293.29,17:30:00
2026-04-20 17:45:00,293.3,17:45:00
2026-04-20 18:00:00,294.63,18:00:00
2026-04-20 18:15:00,294.58,18:15:00
2026-04-20 18:30:00,294.48,18:30:00
2026-04-20 18:45:00,294.48,18:45:00
2026-04-20 19:00:00,293.31,19:00:00
2026-04-20 19:15:00,293.37,19:15:00
2026-04-20 19:30:00,289.54,19:30:00
2026-04-20 19:45:00,289.64,19:45:00
2026-04-20 20:00:00,281.29,20:00:00
2026-04-20 20:15:00,281.32,20:15:00
2026-04-20 20:30:00,273.75,20:30:00
2026-04-20 20:45:00,273.82,20:45:00
2026-04-20 21:00:00,280.62,21:00:00
2026-04-20 21:15:00,280.73,21:15:00
2026-04-20 21:30:00,286.18,21:30:00
2026-04-20 21:45:00,286.17,21:45:00
2026-04-20 22:00:00,276.45,22:00:00
2026-04-20 22:15:00,276.34,22:15:00
2026-04-20 22:30:00,271.23,22:30:00
2026-04-20 22:45:00,271.34,22:45:00
2026-04-20 23:00:00,266.34,23:00:00
2026-04-20 23:15:00,266.48,23:15:00
2026-04-20 23:30:00,261.24,23:30:00
2026-04-20 23:45:00,261.26,23:45:00
2026-04-21 00:00:00,258.23,00:00:00
2026-04-21 00:15:00,258.26,00:15:00
2026-04-21 00:30:00,256.39,00:30:00
2026-04-21 00:45:00,256.41,00:45:00
2026-04-21 01:00:00,256.59,01:00:00
2026-04-21 01:15:00,256.63,01:15:00
2026-04-21 01:30:00,248.75,01:30:00
2026-04-21 01:45:00,248.79,01:45:00
2026-04-21 02:00:00,231.52,02:00:00
2026-04-21 02:15:00,231.49,02:15:00
2026-04-21 02:30:00,216.15,02:30:00
2026-04-21 02:45:00,216.09,02:45:00
2026-04-21 03:00:00,196.97,03:00:00
2026-04-21 03:15:00,196.96,03:15:00
2026-04-21 03:30:00,186.02,03:30:00
2026-04-21 03:45:00,186.04,03:45:00
2026-04-21 04:00:00,182.98,04:00:00
2026-04-21 04:15:00,183.01,04:15:00
2026-04-21 04:30:00,182.09,04:30:00
2026-04-21 04:45:00,182.1,04:45:00
2026-04-21 05:00:00,172.86,05:00:00
2026-04-21 05:15:00,172.79,05:15:00
2026-04-21 05:30:00,167.84,05:30:00
2026-04-21 05:45:00,167.77,05:45:00
2026-04-21 06:00:00,162.55,06:00:00
2026-04-21 06:15:00,162.35,06:15:00
2026-04-21 06:30:00,161.91,06:30:00
2026-04-21 06:45:00,161.87,06:45:00
2026-04-21 07:00:00,160.4,07:00:00
2026-04-21 07:15:00,160.28,07:15:00
2026-04-21 07:30:00,155.74,07:30:00
2026-04-21 07:45:00,155.66,07:45:00
2026-04-21 08:00:00,128.16,08:00:00
2026-04-21 08:15:00,128.09,08:15:00
2026-04-21 08:30:00,107.12,08:30:00
2026-04-21 08:45:00,107.11,08:45:00
2026-04-21 09:00:00,103.89,09:00:00
2026-04-21 09:15:00,103.88,09:15:00
2026-04-21 09:30:00,124.03,09:30:00
2026-04-21 09:45:00,124.05,09:45:00
2026-04-21 10:00:00,98.83,10:00:00
2026-04-21 10:15:00,98.83,10:15:00
2026-04-21 10:30:00,97.57,10:30:00
2026-04-21 10:45:00,97.58,10:45:00
2026-04-21 11:00:00,87.89,11:00:00
2026-04-21 11:15:00,87.89,11:15:00
2026-04-21 11:30:00,82.98,11:30:00
2026-04-21 11:45:00,82.99,11:45:00
2026-04-21 12:00:00,83.62,12:00:00
2026-04-21 12:15:00,83.62,12:15:00
2026-04-21 12:30:00,82.07,12:30:00
2026-04-21 12:45:00,82.07,12:45:00
2026-04-21 13:00:00,81.0,13:00:00
2026-04-21 13:15:00,81.0,13:15:00
2026-04-21 13:30:00,81.81,13:30:00
2026-04-21 13:45:00,81.82,13:45:00
2026-04-21 14:00:00,79.37,14:00:00
2026-04-21 14:15:00,79.37,14:15:00
2026-04-21 14:30:00,80.35,14:30:00
2026-04-21 14:45:00,80.35,14:45:00
2026-04-21 15:00:00,88.17,15:00:00
2026-04-21 15:15:00,88.17,15:15:00
2026-04-21 15:30:00,89.66,15:30:00
2026-04-21 15:45:00,89.66,15:45:00
2026-04-21 16:00:00,91.23,16:00:00
2026-04-21 16:15:00,91.23,16:15:00
2026-04-21 16:30:00,91.79,16:30:00
2026-04-21 16:45:00,91.79,16:45:00
2026-04-21 17:00:00,85.37,17:00:00
2026-04-21 17:15:00,85.38,17:15:00
2026-04-21 17:30:00,78.41,17:30:00
2026-04-21 17:45:00,78.4,17:45:00
2026-04-21 18:00:00,82.52,18:00:00
2026-04-21 18:15:00,82.51,18:15:00
2026-04-21 18:30:00,93.13,18:30:00
2026-04-21 18:45:00,93.14,18:45:00
2026-04-21 19:00:00,99.72,19:00:00
2026-04-21 19:15:00,99.76,19:15:00
2026-04-21 19:30:00,100.72,19:30:00
2026-04-21 19:45:00,100.74,19:45:00
2026-04-21 20:00:00,98.46,20:00:00
2026-04-21 20:15:00,98.48,20:15:00
2026-04-21 20:30:00,95.98,20:30:00
2026-04-21 20:45:00,95.99,20:45:00
2026-04-21 21:00:00,87.27,21:00:00
2026-04-21 21:15:00,87.26,21:15:00
2026-04-21 21:30:00,78.73,21:30:00
2026-04-21 21:45:00,78.71,21:45:00
2026-04-21 22:00:00,77.23,22:00:00
2026-04-21 22:15:00,77.23,22:15:00
2026-04-21 22:30:00,78.28,22:30:00
2026-04-21 22:45:00,78.28,22:45:00
2026-04-21 23:00:00,77.18,23:00:00
2026-04-21 23:15:00,77.18,23:15:00
2026-04-21 23:30:00,77.47,23:30:00
2026-04-21 23:45:00,77.47,23:45:00
2026-04-22 00:00:00,78.7,00:00:00
2026-04-22 00:15:00,78.7,00:15:00
2026-04-22 00:30:00,81.03,00:30:00
2026-04-22 00:45:00,81.03,00:45:00
2026-04-22 01:00:00,81.05,01:00:00
2026-04-22 01:15:00,81.05,01:15:00
2026-04-22 01:30:00,83.37,01:30:00
2026-04-22 01:45:00,83.37,01:45:00
2026-04-22 02:00:00,82.86,02:00:00
2026-04-22 02:15:00,82.86,02:15:00
2026-04-22 02:30:00,82.62,02:30:00
2026-04-22 02:45:00,82.62,02:45:00
2026-04-22 03:00:00,82.33,03:00:00
2026-04-22 03:15:00,82.33,03:15:00
2026-04-22 03:30:00,82.39,03:30:00
2026-04-22 03:45:00,82.39,03:45:00
2026-04-22 04:00:00,82.78,04:00:00
2026-04-22 04:15:00,82.78,04:15:00
2026-04-22 04:30:00,84.58,04:30:00
2026-04-22 04:45:00,84.58,04:45:00
2026-04-22 05:00:00,83.54,05:00:00
2026-04-22 05:15:00,83.54,05:15:00
2026-04-22 05:30:00,78.48,05:30:00
2026-04-22 05:45:00,78.48,05:45:00
2026-04-22 06:00:00,77.61,06:00:00
2026-04-22 06:15:00,77.64,06:15:00
2026-04-22 06:30:00,87.96,06:30:00
2026-04-22 06:45:00,87.97,06:45:00
2026-04-22 07:00:00,80.23,07:00:00
2026-04-22 07:15:00,80.18,07:15:00
2026-04-22 07:30:00,84.06,07:30:00
2026-04-22 07:45:00,84.04,07:45:00
2026-04-22 08:00:00,82.68,08:00:00
2026-04-22 08:15:00,82.68,08:15:00
2026-04-22 08:30:00,84.56,08:30:00
2026-04-22 08:45:00,84.56,08:45:00
2026-04-22 09:00:00,86.3,09:00:00
2026-04-22 09:15:00,86.3,09:15:00
2026-04-22 09:30:00,88.15,09:30:00
2026-04-22 09:45:00,88.15,09:45:00
2026-04-22 10:00:00,88.79,10:00:00
2026-04-22 10:15:00,88.79,10:15:00
2026-04-22 10:30:00,88.73,10:30:00
2026-04-22 10:45:00,88.73,10:45:00
2026-04-22 11:00:00,95.2,11:00:00
2026-04-22 11:15:00,95.2,11:15:00
2026-04-22 11:30:00,95.84,11:30:00
2026-04-22 11:45:00,95.84,11:45:00
2026-04-22 12:00:00,97.37,12:00:00
2026-04-22 12:15:00,97.37,12:15:00
2026-04-22 12:30:00,97.85,12:30:00
2026-04-22 12:45:00,97.85,12:45:00
2026-04-22 13:00:00,97.72,13:00:00
2026-04-22 13:15:00,97.71,13:15:00
2026-04-22 13:30:00,97.92,13:30:00
2026-04-22 13:45:00,97.91,13:45:00
2026-04-22 14:00:00,93.77,14:00:00
2026-04-22 14:15:00,93.77,14:15:00
2026-04-22 14:30:00,91.09,14:30:00
2026-04-22 14:45:00,91.09,14:45:00
2026-04-22 15:00:00,81.74,15:00:00
2026-04-22 15:15:00,81.74,15:15:00
2026-04-22 15:30:00,80.28,15:30:00
2026-04-22 15:45:00,80.28,15:45:00
2026-04-22 16:00:00,81.67,16:00:00
2026-04-22 16:15:00,81.67,16:15:00
2026-04-22 16:30:00,76.32,16:30:00
2026-04-22 16:45:00,76.31,16:45:00
2026-04-22 17:00:00,80.71,17:00:00
2026-04-22 17:15:00,80.69,17:15:00
2026-04-22 17:30:00,80.46,17:30:00
2026-04-22 17:45:00,80.46,17:45:00
2026-04-22 18:00:00,89.78,18:00:00
2026-04-22 18:15:00,89.76,18:15:00
2026-04-22 18:30:00,82.99,18:30:00
2026-04-22 18:45:00,83.06,18:45:00
2026-04-22 19:00:00,88.62,19:00:00
2026-04-22 19:15:00,88.71,19:15:00
2026-04-22 19:30:00,86.55,19:30:00
2026-04-22 19:45:00,86.54,19:45:00
2026-04-22 20:00:00,90.6,20:00:00
2026-04-22 20:15:00,90.59,20:15:00
2026-04-22 20:30:00,97.54,20:30:00
2026-04-22 20:45:00,97.52,20:45:00
2026-04-22 21:00:00,90.06,21:00:00
2026-04-22 21:15:00,90.04,21:15:00
2026-04-22 21:30:00,87.29,21:30:00
2026-04-22 21:45:00,87.17,21:45:00
2026-04-22 22:00:00,90.09,22:00:00
2026-04-22 22:15:00,89.53,22:15:00
2026-04-22 22:30:00,90.86,22:30:00
2026-04-22 22:45:00,90.04,22:45:00
2026-04-22 23:00:00,89.55,23:00:00
2026-04-22 23:15:00,88.55,23:15:00
2026-04-22 23:30:00,85.1,23:30:00
2026-04-22 23:45:00,84.57,23:45:00
2026-04-23 00:00:00,86.17,00:00:00
2026-04-23 00:15:00,86.17,00:15:00
2026-04-23 00:30:00,82.76,00:30:00
2026-04-23 00:45:00,82.76,00:45:00
2026-04-23 01:00:00,82.83,01:00:00
2026-04-23 01:15:00,82.83,01:15:00
2026-04-23 01:30:00,80.91,01:30:00
2026-04-23 01:45:00,80.91,01:45:00
2026-04-23 02:00:00,84.28,02:00:00
2026-04-23 02:15:00,84.28,02:15:00
2026-04-23 02:30:00,83.18,02:30:00
2026-04-23 02:45:00,83.18,02:45:00
2026-04-23 03:00:00,84.6,03:00:00
2026-04-23 03:15:00,84.6,03:15:00
2026-04-23 03:30:00,85.7,03:30:00
2026-04-23 03:45:00,85.7,03:45:00
2026-04-23 04:00:00,88.89,04:00:00
2026-04-23 04:15:00,88.89,04:15:00
2026-04-23 04:30:00,89.1,04:30:00
2026-04-23 04:45:00,89.1,04:45:00
2026-04-23 05:00:00,92.97,05:00:00
2026-04-23 05:15:00,93.0,05:15:00
2026-04-23 05:30:00,91.23,05:30:00
2026-04-23 05:45:00,91.3,05:45:00
2026-04-23 06:00:00,100.28,06:00:00
2026-04-23 06:15:00,100.26,06:15:00
2026-04-23 06:30:00,106.4,06:30:00
2026-04-23 06:45:00,106.41,06:45:00
2026-04-23 07:00:00,108.59,07:00:00
2026-04-23 07:15:00,108.57,07:15:00
2026-04-23 07:30:00,115.98,07:30:00
2026-04-23 07:45:00,115.91,07:45:00
2026-04-23 08:00:00,113.85,08:00:00
2026-04-23 08:15:00,113.82,08:15:00
2026-04-23 08:30:00,121.5,08:30:00
2026-04-23 08:45:00,121.56,08:45:00
2026-04-23 09:00:00,114.31,09:00:00
2026-04-23 09:15:00,114.38,09:15:00
2026-04-23 09:30:00,117.11,09:30:00
2026-04-23 09:45:00,117.11,09:45:00
2026-04-23 10:00:00,110.26,10:00:00
2026-04-23 10:15:00,110.27,10:15:00
2026-04-23 10:30:00,108.22,10:30:00
2026-04-23 10:45:00,108.21,10:45:00
2026-04-23 11:00:00,110.0,11:00:00
2026-04-23 11:15:00,110.03,11:15:00
2026-04-23 11:30:00,108.33,11:30:00
2026-04-23 11:45:00,108.34,11:45:00
2026-04-23 12:00:00,107.74,12:00:00
2026-04-23 12:15:00,107.73,12:15:00
2026-04-23 12:30:00,110.34,12:30:00
2026-04-23 12:45:00,110.33,12:45:00
2026-04-23 13:00:00,106.5,13:00:00
2026-04-23 13:15:00,106.44,13:15:00
2026-04-23 13:30:00,110.33,13:30:00
2026-04-23 13:45:00,110.31,13:45:00
2026-04-23 14:00:00,108.92,14:00:00
2026-04-23 14:15:00,108.82,14:15:00
2026-04-23 14:30:00,108.81,14:30:00
2026-04-23 14:45:00,108.8,14:45:00
2026-04-23 15:00:00,110.83,15:00:00
2026-04-23 15:15:00,110.77,15:15:00
2026-04-23 15:30:00,110.09,15:30:00
2026-04-23 15:45:00,110.07,15:45:00
2026-04-23 16:00:00,110.27,16:00:00
2026-04-23 16:15:00,110.3,16:15:00
2026-04-23 16:30:00,113.82,16:30:00
2026-04-23 16:45:00,113.88,16:45:00
2026-04-23 17:00:00,129.73,17:00:00
2026-04-23 17:15:00,129.82,17:15:00
2026-04-23 17:30:00,141.83,17:30:00
2026-04-23 17:45:00,141.67,17:45:00
2026-04-23 18:00:00,154.16,18:00:00
2026-04-23 18:15:00,154.15,18:15:00
2026-04-23 18:30:00,171.07,18:30:00
2026-04-23 18:45:00,171.08,18:45:00
2026-04-23 19:00:00,163.83,19:00:00
2026-04-23 19:15:00,163.83,19:15:00
2026-04-23 19:30:00,152.29,19:30:00
2026-04-23 19:45:00,152.14,19:45:00
2026-04-23 20:00:00,149.77,20:00:00
2026-04-23 20:15:00,149.77,20:15:00
2026-04-23 20:30:00,146.16,20:30:00
2026-04-23 20:45:00,146.09,20:45:00
2026-04-23 22:00:00,132.16,22:00:00
2026-04-23 22:15:00,132.14,22:15:00
2026-04-23 22:30:00,121.24,22:30:00
2026-04-23 22:45:00,121.17,22:45:00
2026-04-23 23:00:00,116.84,23:00:00
2026-04-23 23:15:00,116.85,23:15:00
2026-04-23 23:30:00,118.42,23:30:00
2026-04-23 23:45:00,118.39,23:45:00
2026-04-24 00:00:00,118.86,00:00:00
2026-04-24 00:15:00,118.82,00:15:00
2026-04-24 00:30:00,121.67,00:30:00
2026-04-24 00:45:00,121.68,00:45:00
2026-04-24 01:00:00,125.59,01:00:00
2026-04-24 01:15:00,125.63,01:15:00
2026-04-24 01:30:00,124.21,01:30:00
2026-04-24 01:45:00,124.19,01:45:00
2026-04-24 02:00:00,124.5,02:00:00
2026-04-24 02:15:00,124.52,02:15:00
2026-04-24 02:30:00,124.45,02:30:00
2026-04-24 02:45:00,124.27,02:45:00
2026-04-24 03:00:00,123.9,03:00:00
2026-04-24 03:15:00,123.91,03:15:00
2026-04-24 03:30:00,122.3,03:30:00
2026-04-24 03:45:00,122.35,03:45:00
2026-04-24 04:00:00,130.17,04:00:00
2026-04-24 04:15:00,130.17,04:15:00
2026-04-24 04:30:00,149.3,04:30:00
2026-04-24 04:45:00,149.34,04:45:00
2026-04-24 05:00:00,146.31,05:00:00
2026-04-24 05:15:00,146.24,05:15:00
2026-04-24 05:30:00,154.81,05:30:00
2026-04-24 05:45:00,154.83,05:45:00
2026-04-24 06:00:00,158.25,06:00:00
2026-04-24 06:15:00,158.22,06:15:00
2026-04-24 06:30:00,167.49,06:30:00
2026-04-24 06:45:00,167.36,06:45:00
2026-04-24 07:00:00,172.86,07:00:00
2026-04-24 07:15:00,172.83,07:15:00
2026-04-24 07:30:00,184.74,07:30:00
2026-04-24 07:45:00,184.69,07:45:00
2026-04-24 08:00:00,192.37,08:00:00
2026-04-24 08:15:00,192.37,08:15:00
2026-04-24 08:30:00,198.67,08:30:00
2026-04-24 08:45:00,198.71,08:45:00
2026-04-24 09:00:00,186.03,09:00:00
2026-04-24 09:15:00,186.04,09:15:00
2026-04-24 09:30:00,179.93,09:30:00
2026-04-24 09:45:00,179.94,09:45:00
2026-04-24 10:00:00,169.64,10:00:00
2026-04-24 10:15:00,169.68,10:15:00
2026-04-24 10:30:00,167.84,10:30:00
2026-04-24 10:45:00,167.87,10:45:00
2026-04-24 11:00:00,163.89,11:00:00
2026-04-24 11:15:00,163.98,11:15:00
2026-04-24 11:30:00,154.61,11:30:00
2026-04-24 11:45:00,154.61,11:45:00
2026-04-24 12:00:00,151.78,12:00:00
2026-04-24 12:15:00,151.79,12:15:00
2026-04-24 12:30:00,151.16,12:30:00
2026-04-24 12:45:00,151.17,12:45:00
2026-04-24 13:00:00,152.07,13:00:00
2026-04-24 13:15:00,152.05,13:15:00
2026-04-24 13:30:00,152.29,13:30:00
2026-04-24 13:45:00,152.31,13:45:00
2026-04-24 14:00:00,154.66,14:00:00
2026-04-24 14:15:00,154.62,14:15:00
2026-04-24 14:30:00,154.2,14:30:00
2026-04-24 14:45:00,154.07,14:45:00
2026-04-24 15:00:00,153.84,15:00:00
2026-04-24 15:15:00,153.45,15:15:00
2026-04-24 15:30:00,154.0,15:30:00
2026-04-24 15:45:00,153.92,15:45:00
2026-04-24 16:00:00,147.71,16:00:00
2026-04-24 16:15:00,147.83,16:15:00
2026-04-24 16:30:00,130.25,16:30:00
2026-04-24 16:45:00,130.26,16:45:00
2026-04-24 17:00:00,150.42,17:00:00
2026-04-24 17:15:00,150.45,17:15:00
2026-04-24 17:30:00,174.76,17:30:00
2026-04-24 17:45:00,174.75,17:45:00
2026-04-24 18:00:00,197.34,18:00:00
2026-04-24 18:15:00,197.35,18:15:00
2026-04-24 18:30:00,202.77,18:30:00
2026-04-24 18:45:00,202.77,18:45:00
2026-04-24 19:00:00,203.49,19:00:00
2026-04-24 19:15:00,203.52,19:15:00
2026-04-24 19:30:00,191.33,19:30:00
2026-04-24 19:45:00,191.36,19:45:00
2026-04-24 20:00:00,175.25,20:00:00
2026-04-24 20:15:00,175.28,20:15:00
2026-04-24 20:30:00,172.36,20:30:00
2026-04-24 20:45:00,172.35,20:45:00
2026-04-24 21:00:00,169.99,21:00:00
2026-04-24 21:15:00,170.0,21:15:00
2026-04-24 21:30:00,170.94,21:30:00
2026-04-24 21:45:00,170.92,21:45:00
2026-04-24 22:00:00,169.85,22:00:00
2026-04-24 22:15:00,169.81,22:15:00
2026-04-24 22:30:00,178.19,22:30:00
2026-04-24 22:45:00,178.2,22:45:00
2026-04-24 23:00:00,200.79,23:00:00
2026-04-24 23:15:00,200.74,23:15:00
2026-04-24 23:30:00,216.69,23:30:00
2026-04-24 23:45:00,216.64,23:45:00
2026-04-25 00:00:00,226.19,00:00:00
2026-04-25 00:15:00,226.14,00:15:00
2026-04-25 00:30:00,236.46,00:30:00
2026-04-25 00:45:00,236.44,00:45:00
2026-04-25 01:00:00,248.73,01:00:00
2026-04-25 01:15:00,248.65,01:15:00
2026-04-25 01:30:00,269.2,01:30:00
2026-04-25 01:45:00,269.22,01:45:00
2026-04-25 02:00:00,274.6,02:00:00
2026-04-25 02:15:00,274.54,02:15:00
2026-04-25 02:30:00,285.81,02:30:00
2026-04-25 02:45:00,285.86,02:45:00
2026-04-25 03:00:00,297.07,03:00:00
2026-04-25 03:15:00,297.07,03:15:00
2026-04-25 03:30:00,305.33,03:30:00
2026-04-25 03:45:00,305.35,03:45:00
2026-04-25 04:00:00,323.03,04:00:00
2026-04-25 04:15:00,323.02,04:15:00
2026-04-25 04:30:00,324.94,04:30:00
2026-04-25 04:45:00,324.93,04:45:00
2026-04-25 05:00:00,329.53,05:00:00
2026-04-25 05:15:00,329.49,05:15:00
2026-04-25 05:30:00,333.2,05:30:00
2026-04-25 05:45:00,333.29,05:45:00
2026-04-25 06:00:00,337.66,06:00:00
2026-04-25 06:15:00,337.59,06:15:00
2026-04-25 06:30:00,337.27,06:30:00
2026-04-25 06:45:00,337.59,06:45:00
2026-04-25 07:00:00,338.3,07:00:00
2026-04-25 07:15:00,338.32,07:15:00
2026-04-25 07:30:00,335.18,07:30:00
2026-04-25 07:45:00,335.22,07:45:00
2026-04-25 08:00:00,345.95,08:00:00
2026-04-25 08:15:00,346.09,08:15:00
2026-04-25 08:30:00,341.2,08:30:00
2026-04-25 08:45:00,341.32,08:45:00
2026-04-25 09:00:00,349.1,09:00:00
2026-04-25 09:15:00,349.22,09:15:00
2026-04-25 09:30:00,345.4,09:30:00
2026-04-25 09:45:00,345.6,09:45:00
2026-04-25 10:00:00,340.96,10:00:00
2026-04-25 10:15:00,341.04,10:15:00
2026-04-25 10:30:00,329.56,10:30:00
2026-04-25 10:45:00,329.57,10:45:00
2026-04-25 11:00:00,322.93,11:00:00
2026-04-25 11:15:00,322.93,11:15:00
2026-04-25 11:30:00,316.04,11:30:00
2026-04-25 11:45:00,316.07,11:45:00
2026-04-25 12:00:00,306.25,12:00:00
2026-04-25 12:15:00,306.18,12:15:00
2026-04-25 12:30:00,293.66,12:30:00
2026-04-25 12:45:00,293.61,12:45:00
2026-04-25 13:00:00,283.07,13:00:00
2026-04-25 13:15:00,283.03,13:15:00
2026-04-25 13:30:00,280.97,13:30:00
2026-04-25 13:45:00,280.98,13:45:00
2026-04-25 14:00:00,271.58,14:00:00
2026-04-25 14:15:00,271.51,14:15:00
2026-04-25 14:30:00,275.27,14:30:00
2026-04-25 14:45:00,275.2,14:45:00
2026-04-25 15:00:00,279.79,15:00:00
2026-04-25 15:15:00,279.41,15:15:00
2026-04-25 15:30:00,297.56,15:30:00
2026-04-25 15:45:00,297.18,15:45:00
2026-04-25 16:00:00,319.87,16:00:00
2026-04-25 16:15:00,319.99,16:15:00
2026-04-25 16:30:00,346.11,16:30:00
2026-04-25 16:45:00,346.02,16:45:00
2026-04-25 17:00:00,360.34,17:00:00
2026-04-25 17:15:00,360.39,17:15:00
2026-04-25 17:30:00,361.93,17:30:00
2026-04-25 17:45:00,362.07,17:45:00
2026-04-25 18:00:00,359.3,18:00:00
2026-04-25 18:15:00,359.42,18:15:00
2026-04-25 18:30:00,357.52,18:30:00
2026-04-25 18:45:00,357.73,18:45:00
2026-04-25 19:00:00,358.04,19:00:00
2026-04-25 19:15:00,358.23,19:15:00
2026-04-25 19:30:00,355.51,19:30:00
2026-04-25 19:45:00,355.42,19:45:00
2026-04-25 20:00:00,349.4,20:00:00
2026-04-25 20:15:00,349.52,20:15:00
2026-04-25 20:30:00,358.52,20:30:00
2026-04-25 20:45:00,358.4,20:45:00
2026-04-25 21:00:00,357.04,21:00:00
2026-04-25 21:15:00,357.09,21:15:00
2026-04-25 21:30:00,361.15,21:30:00
2026-04-25 21:45:00,361.21,21:45:00
2026-04-25 22:00:00,364.96,22:00:00
2026-04-25 22:15:00,364.82,22:15:00
2026-04-25 22:30:00,367.49,22:30:00
2026-04-25 22:45:00,367.58,22:45:00
2026-04-25 23:00:00,366.29,23:00:00
2026-04-25 23:15:00,366.42,23:15:00
2026-04-25 23:30:00,369.39,23:30:00
2026-04-25 23:45:00,369.3,23:45:00
2026-04-26 00:00:00,368.13,00:00:00
2026-04-26 00:15:00,368.21,00:15:00
2026-04-26 00:30:00,367.11,00:30:00
2026-04-26 00:45:00,367.15,00:45:00
2026-04-26 01:00:00,367.89,01:00:00
2026-04-26 01:15:00,367.8,01:15:00
2026-04-26 01:30:00,371.72,01:30:00
2026-04-26 01:45:00,371.84,01:45:00
2026-04-26 02:00:00,372.19,02:00:00
2026-04-26 02:15:00,372.14,02:15:00
2026-04-26 02:30:00,370.75,02:30:00
2026-04-26 02:45:00,370.86,02:45:00
2026-04-26 03:00:00,371.69,03:00:00
2026-04-26 03:15:00,371.86,03:15:00
2026-04-26 03:30:00,369.56,03:30:00
2026-04-26 03:45:00,369.74,03:45:00
2026-04-26 04:00:00,366.65,04:00:00
2026-04-26 04:15:00,366.62,04:15:00
2026-04-26 04:30:00,365.02,04:30:00
2026-04-26 04:45:00,365.28,04:45:00
2026-04-26 05:00:00,361.24,05:00:00
2026-04-26 05:15:00,361.22,05:15:00
2026-04-26 05:30:00,361.88,05:30:00
2026-04-26 05:45:00,361.4,05:45:00
2026-04-26 07:00:00,371.82,07:00:00
2026-04-26 07:15:00,371.79,07:15:00
2026-04-26 07:30:00,374.58,07:30:00
2026-04-26 07:45:00,374.66,07:45:00
2026-04-26 08:00:00,371.25,08:00:00
2026-04-26 08:15:00,371.33,08:15:00
2026-04-26 08:30:00,371.75,08:30:00
2026-04-26 08:45:00,371.91,08:45:00
2026-04-26 09:00:00,369.77,09:00:00
2026-04-26 09:15:00,369.75,09:15:00
2026-04-26 09:30:00,362.04,09:30:00
2026-04-26 09:45:00,361.96,09:45:00
2026-04-26 10:00:00,344.61,10:00:00
2026-04-26 10:15:00,344.8,10:15:00
2026-04-26 10:30:00,338.18,10:30:00
2026-04-26 10:45:00,338.18,10:45:00
2026-04-26 11:00:00,324.21,11:00:00
2026-04-26 11:15:00,324.35,11:15:00
2026-04-26 11:30:00,342.66,11:30:00
2026-04-26 11:45:00,342.68,11:45:00
2026-04-26 12:00:00,343.51,12:00:00
2026-04-26 12:15:00,343.47,12:15:00
2026-04-26 12:30:00,344.48,12:30:00
2026-04-26 12:45:00,344.45,12:45:00
2026-04-26 13:00:00,341.47,13:00:00
2026-04-26 13:15:00,341.4,13:15:00
2026-04-26 13:30:00,342.12,13:30:00
2026-04-26 13:45:00,342.18,13:45:00
2026-04-26 14:00:00,344.96,14:00:00
2026-04-26 14:15:00,345.11,14:15:00
2026-04-26 14:30:00,342.68,14:30:00
2026-04-26 14:45:00,342.77,14:45:00
2026-04-26 15:00:00,341.46,15:00:00
2026-04-26 15:15:00,341.64,15:15:00
2026-04-26 15:30:00,334.41,15:30:00
2026-04-26 15:45:00,333.78,15:45:00
2026-04-26 16:00:00,340.88,16:00:00
2026-04-26 16:15:00,340.84,16:15:00
2026-04-26 16:30:00,338.9,16:30:00
2026-04-26 16:45:00,339.03,16:45:00
2026-04-26 17:00:00,338.25,17:00:00
2026-04-26 17:15:00,338.48,17:15:00
2026-04-26 17:30:00,328.2,17:30:00
2026-04-26 17:45:00,328.38,17:45:00
2026-04-26 19:00:00,335.09,19:00:00
2026-04-26 19:15:00,335.0,19:15:00
2026-04-26 19:30:00,335.58,19:30:00
2026-04-26 19:45:00,335.6,19:45:00
2026-04-26 20:00:00,326.97,20:00:00
2026-04-26 20:15:00,326.9,20:15:00
2026-04-26 20:30:00,326.51,20:30:00
2026-04-26 20:45:00,326.35,20:45:00
2026-04-26 21:00:00,319.61,21:00:00
2026-04-26 21:15:00,319.67,21:15:00
2026-04-26 21:30:00,321.35,21:30:00
2026-04-26 21:45:00,321.34,21:45:00
2026-04-26 22:00:00,323.4,22:00:00
2026-04-26 22:15:00,323.46,22:15:00
2026-04-26 22:30:00,326.43,22:30:00
2026-04-26 22:45:00,326.46,22:45:00
2026-04-26 23:00:00,329.75,23:00:00
2026-04-26 23:15:00,329.8,23:15:00
2026-04-26 23:30:00,329.6,23:30:00
2026-04-26 23:45:00,329.59,23:45:00
2026-04-27 00:00:00,328.4,00:00:00
2026-04-27 00:15:00,328.31,00:15:00
2026-04-27 00:30:00,334.3,00:30:00
2026-04-27 00:45:00,334.23,00:45:00
2026-04-27 01:00:00,344.88,01:00:00
2026-04-27 01:15:00,344.83,01:15:00
2026-04-27 01:30:00,349.61,01:30:00
2026-04-27 01:45:00,349.61,01:45:00
2026-04-27 02:00:00,352.64,02:00:00
2026-04-27 02:15:00,352.68,02:15:00
2026-04-27 02:30:00,355.12,02:30:00
2026-04-27 02:45:00,355.2,02:45:00
2026-04-27 03:00:00,361.11,03:00:00
2026-04-27 03:15:00,361.11,03:15:00
2026-04-27 03:30:00,369.89,03:30:00
2026-04-27 03:45:00,370.02,03:45:00
2026-04-27 04:00:00,369.3,04:00:00
2026-04-27 04:15:00,369.42,04:15:00
2026-04-27 04:30:00,370.71,04:30:00
2026-04-27 04:45:00,370.65,04:45:00
2026-04-27 05:00:00,369.52,05:00:00
2026-04-27 05:15:00,369.53,05:15:00
2026-04-27 05:30:00,366.32,05:30:00
2026-04-27 05:45:00,365.68,05:45:00
2026-04-27 06:00:00,365.08,06:00:00
2026-04-27 06:15:00,364.93,06:15:00
2026-04-27 06:30:00,367.86,06:30:00
2026-04-27 06:45:00,367.65,06:45:00
2026-04-27 07:00:00,366.51,07:00:00
2026-04-27 07:15:00,366.28,07:15:00
2026-04-27 07:30:00,371.62,07:30:00
2026-04-27 07:45:00,371.46,07:45:00
2026-04-27 08:00:00,370.62,08:00:00
2026-04-27 08:15:00,370.47,08:15:00
2026-04-27 08:30:00,365.27,08:30:00
2026-04-27 08:45:00,365.54,08:45:00
2026-04-27 09:00:00,354.7,09:00:00
2026-04-27 09:15:00,354.69,09:15:00
2026-04-27 09:30:00,354.57,09:30:00
2026-04-27 09:45:00,354.54,09:45:00
2026-04-27 10:00:00,338.73,10:00:00
2026-04-27 10:15:00,338.73,10:15:00
2026-04-27 10:30:00,335.91,10:30:00
2026-04-27 10:45:00,335.89,10:45:00
2026-04-27 11:00:00,339.69,11:00:00
2026-04-27 11:15:00,339.75,11:15:00
2026-04-27 11:30:00,332.75,11:30:00
2026-04-27 11:45:00,332.82,11:45:00
2026-04-27 12:00:00,340.86,12:00:00
2026-04-27 12:15:00,340.88,12:15:00
2026-04-27 12:30:00,343.15,12:30:00
2026-04-27 12:45:00,343.02,12:45:00
2026-04-27 13:00:00,344.15,13:00:00
2026-04-27 13:15:00,344.2,13:15:00
2026-04-27 13:30:00,354.26,13:30:00
2026-04-27 13:45:00,354.36,13:45:00
2026-04-27 15:00:00,354.6,15:00:00
2026-04-27 15:15:00,354.52,15:15:00
2026-04-27 15:30:00,357.84,15:30:00
2026-04-27 15:45:00,357.88,15:45:00
2026-04-27 16:00:00,354.22,16:00:00
2026-04-27 16:15:00,354.25,16:15:00
2026-04-27 16:30:00,357.32,16:30:00
2026-04-27 16:45:00,357.41,16:45:00
2026-04-27 17:00:00,354.65,17:00:00
2026-04-27 17:15:00,354.7,17:15:00
2026-04-27 17:30:00,358.68,17:30:00
2026-04-27 17:45:00,358.73,17:45:00
2026-04-27 18:00:00,361.78,18:00:00
2026-04-27 18:15:00,361.81,18:15:00
2026-04-27 18:30:00,342.24,18:30:00
2026-04-27 18:45:00,342.08,18:45:00
2026-04-27 19:00:00,337.56,19:00:00
2026-04-27 19:15:00,337.42,19:15:00
2026-04-27 19:30:00,331.33,19:30:00
2026-04-27 19:45:00,331.26,19:45:00
2026-04-27 20:00:00,324.76,20:00:00
2026-04-27 20:15:00,324.73,20:15:00
2026-04-27 20:30:00,317.68,20:30:00
2026-04-27 20:45:00,317.77,20:45:00
2026-04-27 21:00:00,317.29,21:00:00
2026-04-27 21:15:00,317.28,21:15:00
2026-04-27 21:30:00,314.8,21:30:00
2026-04-27 21:45:00,314.74,21:45:00
2026-04-27 22:00:00,309.52,22:00:00
2026-04-27 22:15:00,309.23,22:15:00
2026-04-27 22:30:00,300.61,22:30:00
2026-04-27 22:45:00,300.52,22:45:00
2026-04-27 23:00:00,299.41,23:00:00
2026-04-27 23:15:00,299.42,23:15:00
2026-04-27 23:30:00,298.15,23:30:00
2026-04-27 23:45:00,298.22,23:45:00
2026-04-28 00:00:00,298.17,00:00:00
2026-04-28 00:15:00,298.37,00:15:00
2026-04-28 00:30:00,299.33,00:30:00
2026-04-28 00:45:00,299.55,00:45:00
2026-04-28 01:00:00,299.95,01:00:00
2026-04-28 01:15:00,300.13,01:15:00
2026-04-28 01:30:00,303.44,01:30:00
2026-04-28 01:45:00,303.62,01:45:00
2026-04-28 02:00:00,304.81,02:00:00
2026-04-28 02:15:00,305.0,02:15:00
2026-04-28 02:30:00,298.87,02:30:00
2026-04-28 02:45:00,298.92,02:45:00
2026-04-28 03:00:00,295.47,03:00:00
2026-04-28 03:15:00,295.68,03:15:00
2026-04-28 03:30:00,296.2,03:30:00
2026-04-28 03:45:00,296.13,03:45:00
2026-04-28 04:00:00,290.54,04:00:00
2026-04-28 04:15:00,290.46,04:15:00
2026-04-28 04:30:00,289.63,04:30:00
2026-04-28 04:45:00,289.37,04:45:00
2026-04-28 05:00:00,291.31,05:00:00
2026-04-28 05:15:00,291.11,05:15:00
2026-04-28 05:30:00,295.4,05:30:00
2026-04-28 05:45:00,295.1,05:45:00
2026-04-28 06:00:00,293.88,06:00:00
2026-04-28 06:15:00,293.63,06:15:00
2026-04-28 06:30:00,306.6,06:30:00
2026-04-28 06:45:00,306.46,06:45:00
2026-04-28 07:00:00,312.48,07:00:00
2026-04-28 07:15:00,312.45,07:15:00
2026-04-28 07:30:00,319.76,07:30:00
2026-04-28 07:45:00,319.52,07:45:00
2026-04-28 09:00:00,303.33,09:00:00
2026-04-28 09:15:00,303.33,09:15:00
2026-04-28 09:30:00,291.39,09:30:00
2026-04-28 09:45:00,291.37,09:45:00
2026-04-28 10:00:00,274.21,10:00:00
2026-04-28 10:15:00,274.24,10:15:00
2026-04-28 10:30:00,268.35,10:30:00
2026-04-28 10:45:00,269.79,10:45:00
2026-04-28 11:00:00,244.3,11:00:00
2026-04-28 11:15:00,243.7,11:15:00
2026-04-28 11:30:00,247.16,11:30:00
2026-04-28 11:45:00,247.14,11:45:00
2026-04-28 12:00:00,240.87,12:00:00
2026-04-28 12:15:00,240.76,12:15:00
2026-04-28 12:30:00,219.54,12:30:00
2026-04-28 12:45:00,219.51,12:45:00
2026-04-28 13:00:00,220.96,13:00:00
2026-04-28 13:15:00,220.9,13:15:00
2026-04-28 13:30:00,222.04,13:30:00
2026-04-28 13:45:00,222.06,13:45:00
2026-04-28 14:00:00,210.22,14:00:00
2026-04-28 14:15:00,210.16,14:15:00
2026-04-28 14:30:00,212.09,14:30:00
2026-04-28 14:45:00,212.17,14:45:00
2026-04-28 15:00:00,212.5,15:00:00
2026-04-28 15:15:00,212.45,15:15:00
2026-04-28 15:30:00,211.09,15:30:00
2026-04-28 15:45:00,211.03,15:45:00
2026-04-28 17:00:00,216.04,17:00:00
2026-04-28 17:15:00,216.11,17:15:00
2026-04-28 17:30:00,219.13,17:30:00
2026-04-28 17:45:00,219.06,17:45:00
2026-04-28 18:00:00,221.82,18:00:00
2026-04-28 18:15:00,221.85,18:15:00
2026-04-28 18:30:00,222.48,18:30:00
2026-04-28 18:45:00,222.49,18:45:00
2026-04-28 19:00:00,232.87,19:00:00
2026-04-28 19:15:00,232.82,19:15:00
2026-04-28 19:30:00,228.72,19:30:00
2026-04-28 19:45:00,228.78,19:45:00
2026-04-28 20:00:00,224.68,20:00:00
2026-04-28 20:15:00,224.86,20:15:00
2026-04-28 20:30:00,235.2,20:30:00
2026-04-28 20:45:00,235.39,20:45:00
2026-04-28 21:00:00,235.96,21:00:00
2026-04-28 21:15:00,236.16,21:15:00
2026-04-28 21:30:00,238.54,21:30:00
2026-04-28 21:45:00,238.5,21:45:00
2026-04-28 22:00:00,240.27,22:00:00
2026-04-28 22:15:00,240.36,22:15:00
2026-04-28 22:30:00,231.21,22:30:00
2026-04-28 22:45:00,231.29,22:45:00
2026-04-28 23:00:00,225.86,23:00:00
2026-04-28 23:15:00,225.96,23:15:00
2026-04-28 23:30:00,238.62,23:30:00
2026-04-28 23:45:00,238.65,23:45:00
2026-04-29 00:00:00,228.72,00:00:00
2026-04-29 00:15:00,228.76,00:15:00
2026-04-29 00:30:00,227.24,00:30:00
2026-04-29 00:45:00,227.26,00:45:00
2026-04-29 01:00:00,232.93,01:00:00
2026-04-29 01:15:00,232.95,01:15:00
2026-04-29 01:30:00,232.56,01:30:00
2026-04-29 01:45:00,232.57,01:45:00
2026-04-29 02:00:00,229.97,02:00:00
2026-04-29 02:15:00,229.99,02:15:00
2026-04-29 02:30:00,231.23,02:30:00
2026-04-29 02:45:00,231.24,02:45:00
2026-04-29 03:00:00,242.34,03:00:00
2026-04-29 03:15:00,242.31,03:15:00
2026-04-29 03:30:00,253.68,03:30:00
2026-04-29 03:45:00,253.64,03:45:00
2026-04-29 04:00:00,255.56,04:00:00
2026-04-29 04:15:00,255.47,04:15:00
2026-04-29 04:30:00,260.03,04:30:00
2026-04-29 04:45:00,259.78,04:45:00
2026-04-29 05:00:00,253.12,05:00:00
2026-04-29 05:15:00,253.0,05:15:00
2026-04-29 05:30:00,253.1,05:30:00
2026-04-29 05:45:00,252.99,05:45:00
2026-04-29 06:00:00,248.82,06:00:00
2026-04-29 06:15:00,248.7,06:15:00
2026-04-29 06:30:00,242.11,06:30:00
2026-04-29 06:45:00,242.14,06:45:00
2026-04-29 07:00:00,244.44,07:00:00
2026-04-29 07:15:00,244.4,07:15:00
2026-04-29 07:30:00,241.91,07:30:00
2026-04-29 07:45:00,241.87,07:45:00
2026-04-29 08:00:00,206.4,08:00:00
2026-04-29 08:15:00,206.47,08:15:00
2026-04-29 08:30:00,172.05,08:30:00
2026-04-29 08:45:00,172.28,08:45:00
2026-04-29 09:00:00,157.3,09:00:00
2026-04-29 09:15:00,157.43,09:15:00
2026-04-29 09:30:00,135.04,09:30:00
2026-04-29 09:45:00,134.13,09:45:00
2026-04-29 10:00:00,134.21,10:00:00
2026-04-29 10:15:00,134.21,10:15:00
2026-04-29 10:30:00,128.2,10:30:00
2026-04-29 10:45:00,128.18,10:45:00
2026-04-29 11:00:00,125.78,11:00:00
2026-04-29 11:15:00,125.77,11:15:00
2026-04-29 11:30:00,121.18,11:30:00
2026-04-29 11:45:00,121.16,11:45:00
2026-04-29 12:00:00,116.32,12:00:00
2026-04-29 12:15:00,116.34,12:15:00
2026-04-29 12:30:00,114.45,12:30:00
2026-04-29 12:45:00,114.47,12:45:00
2026-04-29 13:00:00,115.73,13:00:00
2026-04-29 13:15:00,115.72,13:15:00
2026-04-29 13:30:00,115.98,13:30:00
2026-04-29 13:45:00,115.92,13:45:00
2026-04-29 14:00:00,118.15,14:00:00
2026-04-29 14:15:00,118.05,14:15:00
2026-04-29 14:30:00,118.94,14:30:00
2026-04-29 14:45:00,118.86,14:45:00
2026-04-29 15:00:00,120.01,15:00:00
2026-04-29 15:15:00,119.94,15:15:00
2026-04-29 15:30:00,115.3,15:30:00
2026-04-29 15:45:00,115.33,15:45:00
2026-04-29 16:00:00,111.18,16:00:00
2026-04-29 16:15:00,111.19,16:15:00
2026-04-29 16:30:00,107.99,16:30:00
2026-04-29 16:45:00,107.97,16:45:00
2026-04-29 17:00:00,105.69,17:00:00
2026-04-29 17:15:00,105.68,17:15:00
2026-04-29 17:30:00,95.01,17:30:00
2026-04-29 17:45:00,94.99,17:45:00
2026-04-29 18:00:00,98.04,18:00:00
2026-04-29 18:15:00,98.01,18:15:00
2026-04-29 18:30:00,100.81,18:30:00
2026-04-29 18:45:00,100.78,18:45:00
2026-04-29 19:00:00,117.8,19:00:00
2026-04-29 19:15:00,117.77,19:15:00
2026-04-29 19:30:00,146.62,19:30:00
2026-04-29 19:45:00,146.6,19:45:00
2026-04-29 20:00:00,133.6,20:00:00
2026-04-29 20:15:00,133.63,20:15:00
2026-04-29 20:30:00,134.86,20:30:00
2026-04-29 20:45:00,134.91,20:45:00
2026-04-29 21:00:00,109.83,21:00:00
2026-04-29 21:15:00,109.87,21:15:00
2026-04-29 21:30:00,100.94,21:30:00
2026-04-29 21:45:00,100.94,21:45:00
2026-04-29 22:00:00,99.07,22:00:00
2026-04-29 22:15:00,99.11,22:15:00
2026-04-29 22:30:00,98.21,22:30:00
2026-04-29 22:45:00,98.23,22:45:00
2026-04-29 23:00:00,96.46,23:00:00
2026-04-29 23:15:00,96.46,23:15:00
2026-04-29 23:30:00,97.65,23:30:00
2026-04-29 23:45:00,97.66,23:45:00
2026-04-30 00:00:00,99.69,00:00:00
2026-04-30 00:15:00,99.69,00:15:00
2026-04-30 00:30:00,97.76,00:30:00
2026-04-30 00:45:00,97.76,00:45:00
2026-04-30 01:00:00,99.73,01:00:00
2026-04-30 01:15:00,99.72,01:15:00
2026-04-30 01:30:00,101.32,01:30:00
2026-04-30 01:45:00,101.32,01:45:00
2026-04-30 02:00:00,103.51,02:00:00
2026-04-30 02:15:00,103.51,02:15:00
2026-04-30 02:30:00,104.4,02:30:00
2026-04-30 02:45:00,104.4,02:45:00
2026-04-30 03:00:00,105.41,03:00:00
2026-04-30 03:15:00,105.4,03:15:00
2026-04-30 03:30:00,107.35,03:30:00
2026-04-30 03:45:00,107.36,03:45:00
2026-04-30 04:00:00,107.04,04:00:00
2026-04-30 04:15:00,107.04,04:15:00
2026-04-30 04:30:00,104.34,04:30:00
2026-04-30 04:45:00,104.34,04:45:00
2026-04-30 05:00:00,100.36,05:00:00
2026-04-30 05:15:00,100.36,05:15:00
2026-04-30 05:30:00,102.95,05:30:00
2026-04-30 05:45:00,102.94,05:45:00
2026-04-30 06:00:00,99.23,06:00:00
2026-04-30 06:15:00,99.2,06:15:00
2026-04-30 06:30:00,114.93,06:30:00
2026-04-30 06:45:00,114.88,06:45:00
2026-04-30 07:00:00,113.79,07:00:00
2026-04-30 07:15:00,113.75,07:15:00
2026-04-30 07:30:00,108.76,07:30:00
2026-04-30 07:45:00,108.75,07:45:00
2026-04-30 08:00:00,100.77,08:00:00
2026-04-30 08:15:00,100.8,08:15:00
2026-04-30 08:30:00,100.26,08:30:00
2026-04-30 08:45:00,100.31,08:45:00
2026-04-30 09:00:00,104.12,09:00:00
2026-04-30 09:15:00,104.19,09:15:00
2026-04-30 09:30:00,114.85,09:30:00
2026-04-30 09:45:00,114.83,09:45:00
2026-04-30 10:00:00,113.95,10:00:00
2026-04-30 10:15:00,113.95,10:15:00
2026-04-30 10:30:00,118.76,10:30:00
2026-04-30 10:45:00,118.76,10:45:00
2026-04-30 11:00:00,112.02,11:00:00
2026-04-30 11:15:00,112.02,11:15:00
2026-04-30 11:30:00,114.67,11:30:00
2026-04-30 11:45:00,114.66,11:45:00
2026-04-30 12:00:00,131.28,12:00:00
2026-04-30 12:15:00,131.29,12:15:00
2026-04-30 12:30:00,132.63,12:30:00
2026-04-30 12:45:00,132.63,12:45:00
2026-04-30 13:00:00,136.57,13:00:00
2026-04-30 13:15:00,136.57,13:15:00
2026-04-30 13:30:00,132.48,13:30:00
2026-04-30 13:45:00,132.45,13:45:00
2026-04-30 14:00:00,135.59,14:00:00
2026-04-30 14:15:00,135.57,14:15:00
2026-04-30 14:30:00,143.4,14:30:00
2026-04-30 14:45:00,143.26,14:45:00
2026-04-30 15:00:00,173.24,15:00:00
2026-04-30 15:15:00,173.22,15:15:00
2026-04-30 15:30:00,197.13,15:30:00
2026-04-30 15:45:00,197.11,15:45:00
2026-04-30 16:00:00,201.4,16:00:00
2026-04-30 16:15:00,201.41,16:15:00
2026-04-30 16:30:00,229.66,16:30:00
2026-04-30 16:45:00,229.66,16:45:00
2026-04-30 17:00:00,242.24,17:00:00
2026-04-30 17:15:00,242.23,17:15:00
2026-04-30 17:30:00,257.85,17:30:00
2026-04-30 17:45:00,257.9,17:45:00
2026-04-30 18:00:00,267.8,18:00:00
2026-04-30 18:15:00,267.79,18:15:00
2026-04-30 18:30:00,265.17,18:30:00
2026-04-30 18:45:00,265.02,18:45:00
2026-04-30 20:00:00,233.64,20:00:00
2026-04-30 20:15:00,233.68,20:15:00
2026-04-30 20:30:00,234.0,20:30:00
2026-04-30 20:45:00,234.09,20:45:00
2026-04-30 21:00:00,234.24,21:00:00
2026-04-30 21:15:00,234.34,21:15:00
2026-04-30 21:30:00,234.35,21:30:00
2026-04-30 21:45:00,234.4,21:45:00
2026-04-30 22:00:00,231.47,22:00:00
2026-04-30 22:15:00,231.46,22:15:00
2026-04-30 22:30:00,223.59,22:30:00
2026-04-30 22:45:00,223.44,22:45:00
2026-04-30 23:00:00,226.16,23:00:00
2026-04-30 23:15:00,226.05,23:15:00
2026-04-30 23:30:00,227.75,23:30:00
2026-04-30 23:45:00,227.7,23:45:00
2026-05-01 01:00:00,240.6,01:00:00
2026-05-01 01:15:00,240.48,01:15:00
2026-05-01 01:30:00,242.11,01:30:00
2026-05-01 01:45:00,242.16,01:45:00
2026-05-01 02:00:00,251.28,02:00:00
2026-05-01 02:15:00,251.33,02:15:00
2026-05-01 02:30:00,250.36,02:30:00
2026-05-01 02:45:00,250.21,02:45:00
2026-05-01 03:00:00,255.93,03:00:00
2026-05-01 03:15:00,255.76,03:15:00
2026-05-01 03:30:00,256.6,03:30:00
2026-05-01 03:45:00,256.29,03:45:00
2026-05-01 04:00:00,258.54,04:00:00
2026-05-01 04:15:00,258.36,04:15:00
2026-05-01 04:30:00,258.41,04:30:00
2026-05-01 04:45:00,258.23,04:45:00
2026-05-01 05:00:00,263.5,05:00:00
2026-05-01 05:15:00,263.5,05:15:00
2026-05-01 05:30:00,263.48,05:30:00
2026-05-01 05:45:00,263.61,05:45:00
2026-05-01 06:00:00,264.01,06:00:00
2026-05-01 06:15:00,264.0,06:15:00
2026-05-01 06:30:00,261.22,06:30:00
2026-05-01 06:45:00,261.36,06:45:00
2026-05-01 07:00:00,262.56,07:00:00
2026-05-01 07:15:00,262.64,07:15:00
2026-05-01 07:30:00,262.58,07:30:00
2026-05-01 07:45:00,262.67,07:45:00
2026-05-01 08:00:00,260.77,08:00:00
2026-05-01 08:15:00,260.92,08:15:00
2026-05-01 08:30:00,251.75,08:30:00
2026-05-01 08:45:00,251.83,08:45:00
2026-05-01 09:00:00,251.02,09:00:00
2026-05-01 09:15:00,251.13,09:15:00
2026-05-01 09:30:00,251.06,09:30:00
2026-05-01 09:45:00,251.08,09:45:00
2026-05-01 10:00:00,246.75,10:00:00
2026-05-01 10:15:00,246.75,10:15:00
2026-05-01 10:30:00,236.63,10:30:00
2026-05-01 10:45:00,236.65,10:45:00
2026-05-01 11:00:00,242.81,11:00:00
2026-05-01 11:15:00,242.83,11:15:00
2026-05-01 11:30:00,243.9,11:30:00
2026-05-01 11:45:00,243.95,11:45:00
2026-05-01 12:00:00,241.25,12:00:00
2026-05-01 12:15:00,241.3,12:15:00
2026-05-01 12:30:00,235.92,12:30:00
2026-05-01 12:45:00,235.91,12:45:00
2026-05-01 13:00:00,237.18,13:00:00
2026-05-01 13:15:00,237.19,13:15:00
2026-05-01 13:30:00,230.88,13:30:00
2026-05-01 13:45:00,230.86,13:45:00
2026-05-01 14:00:00,218.68,14:00:00
2026-05-01 14:15:00,218.61,14:15:00
2026-05-01 14:30:00,226.38,14:30:00
2026-05-01 14:45:00,226.29,14:45:00
2026-05-01 15:00:00,224.06,15:00:00
2026-05-01 15:15:00,223.81,15:15:00
2026-05-01 15:30:00,226.97,15:30:00
2026-05-01 15:45:00,226.53,15:45:00
2026-05-01 16:00:00,241.67,16:00:00
2026-05-01 16:15:00,241.66,16:15:00
2026-05-01 16:30:00,260.99,16:30:00
2026-05-01 16:45:00,260.86,16:45:00
2026-05-01 18:00:00,272.3,18:00:00
2026-05-01 18:15:00,272.38,18:15:00
2026-05-01 18:30:00,275.42,18:30:00
2026-05-01 18:45:00,275.19,18:45:00
2026-05-01 19:00:00,284.51,19:00:00
2026-05-01 19:15:00,284.29,19:15:00
2026-05-01 19:30:00,290.24,19:30:00
2026-05-01 19:45:00,290.25,19:45:00
2026-05-01 20:00:00,292.03,20:00:00
2026-05-01 20:15:00,292.03,20:15:00
2026-05-01 20:30:00,302.07,20:30:00
2026-05-01 20:45:00,301.93,20:45:00
2026-05-01 21:00:00,297.83,21:00:00
2026-05-01 21:15:00,297.8,21:15:00
2026-05-01 21:30:00,299.38,21:30:00
2026-05-01 21:45:00,299.32,21:45:00
2026-05-01 22:00:00,300.64,22:00:00
2026-05-01 22:15:00,300.23,22:15:00
2026-05-01 22:30:00,302.44,22:30:00
2026-05-01 22:45:00,302.35,22:45:00
2026-05-01 23:00:00,310.4,23:00:00
2026-05-01 23:15:00,310.2,23:15:00
2026-05-01 23:30:00,312.69,23:30:00
2026-05-01 23:45:00,312.64,23:45:00
2026-05-02 00:00:00,313.95,00:00:00
2026-05-02 00:15:00,313.93,00:15:00
2026-05-02 00:30:00,312.69,00:30:00
2026-05-02 00:45:00,312.71,00:45:00
2026-05-02 01:00:00,314.45,01:00:00
2026-05-02 01:15:00,314.4,01:15:00
2026-05-02 01:30:00,309.29,01:30:00
2026-05-02 01:45:00,309.33,01:45:00
2026-05-02 02:00:00,309.83,02:00:00
2026-05-02 02:15:00,309.76,02:15:00
2026-05-02 02:30:00,311.95,02:30:00
2026-05-02 02:45:00,311.96,02:45:00
2026-05-02 03:00:00,320.66,03:00:00
2026-05-02 03:15:00,320.68,03:15:00
2026-05-02 03:30:00,321.49,03:30:00
2026-05-02 03:45:00,321.44,03:45:00
2026-05-02 04:00:00,322.93,04:00:00
2026-05-02 04:15:00,323.15,04:15:00
2026-05-02 04:30:00,319.07,04:30:00
2026-05-02 04:45:00,319.35,04:45:00
2026-05-02 05:00:00,321.57,05:00:00
2026-05-02 05:15:00,321.79,05:15:00
2026-05-02 05:30:00,318.28,05:30:00
2026-05-02 05:45:00,318.33,05:45:00
2026-05-02 07:00:00,304.22,07:00:00
2026-05-02 07:15:00,304.43,07:15:00
2026-05-02 07:30:00,305.18,07:30:00
2026-05-02 07:45:00,305.48,07:45:00
2026-05-02 08:00:00,303.14,08:00:00
2026-05-02 08:15:00,303.24,08:15:00
2026-05-02 08:30:00,305.82,08:30:00
2026-05-02 08:45:00,306.11,08:45:00
2026-05-02 09:00:00,304.29,09:00:00
2026-05-02 09:15:00,304.39,09:15:00
2026-05-02 09:30:00,309.59,09:30:00
2026-05-02 09:45:00,309.61,09:45:00
2026-05-02 10:00:00,306.17,10:00:00
2026-05-02 10:15:00,306.14,10:15:00
2026-05-02 10:30:00,304.92,10:30:00
2026-05-02 10:45:00,305.03,10:45:00
2026-05-02 11:00:00,298.68,11:00:00
2026-05-02 11:15:00,298.66,11:15:00
2026-05-02 11:30:00,296.39,11:30:00
2026-05-02 11:45:00,296.4,11:45:00
2026-05-02 12:00:00,286.6,12:00:00
2026-05-02 12:15:00,286.52,12:15:00
2026-05-02 12:30:00,285.36,12:30:00
2026-05-02 12:45:00,285.37,12:45:00
2026-05-02 13:00:00,285.97,13:00:00
2026-05-02 13:15:00,285.97,13:15:00
2026-05-02 13:30:00,293.12,13:30:00
2026-05-02 13:45:00,293.09,13:45:00
2026-05-02 14:00:00,302.42,14:00:00
2026-05-02 14:15:00,301.86,14:15:00
2026-05-02 14:30:00,306.79,14:30:00
2026-05-02 14:45:00,307.08,14:45:00
2026-05-02 15:00:00,309.9,15:00:00
2026-05-02 15:15:00,309.63,15:15:00
2026-05-02 15:30:00,314.8,15:30:00
2026-05-02 15:45:00,314.53,15:45:00
2026-05-02 16:00:00,315.81,16:00:00
2026-05-02 16:15:00,315.84,16:15:00
2026-05-02 16:30:00,321.81,16:30:00
2026-05-02 16:45:00,322.16,16:45:00
2026-05-02 17:00:00,323.93,17:00:00
2026-05-02 17:15:00,324.16,17:15:00
2026-05-02 17:30:00,324.3,17:30:00
2026-05-02 17:45:00,324.71,17:45:00
2026-05-02 19:00:00,310.97,19:00:00
2026-05-02 19:15:00,310.88,19:15:00
2026-05-02 19:30:00,319.4,19:30:00
2026-05-02 19:45:00,319.28,19:45:00
2026-05-02 20:00:00,316.54,20:00:00
2026-05-02 20:15:00,316.33,20:15:00
2026-05-02 20:30:00,317.7,20:30:00
2026-05-02 20:45:00,317.71,20:45:00
2026-05-02 21:00:00,315.15,21:00:00
2026-05-02 21:15:00,315.2,21:15:00
2026-05-02 21:30:00,314.91,21:30:00
2026-05-02 21:45:00,314.79,21:45:00
2026-05-02 22:00:00,316.53,22:00:00
2026-05-02 22:15:00,316.27,22:15:00
2026-05-02 22:30:00,315.7,22:30:00
2026-05-02 22:45:00,315.8,22:45:00
2026-05-02 23:00:00,314.74,23:00:00
2026-05-02 23:15:00,314.76,23:15:00
2026-05-02 23:30:00,315.23,23:30:00
2026-05-02 23:45:00,315.22,23:45:00
2026-05-03 00:00:00,319.87,00:00:00
2026-05-03 00:15:00,319.57,00:15:00
2026-05-03 00:30:00,318.99,00:30:00
2026-05-03 00:45:00,318.99,00:45:00
2026-05-03 01:00:00,317.47,01:00:00
2026-05-03 01:15:00,317.41,01:15:00
2026-05-03 01:30:00,313.48,01:30:00
2026-05-03 01:45:00,313.69,01:45:00
2026-05-03 02:00:00,310.55,02:00:00
2026-05-03 02:15:00,310.84,02:15:00
2026-05-03 02:30:00,305.86,02:30:00
2026-05-03 02:45:00,306.13,02:45:00
2026-05-03 03:00:00,303.65,03:00:00
2026-05-03 03:15:00,303.93,03:15:00
2026-05-03 03:30:00,294.9,03:30:00
2026-05-03 03:45:00,294.89,03:45:00
2026-05-03 04:00:00,286.99,04:00:00
2026-05-03 04:15:00,287.03,04:15:00
2026-05-03 04:30:00,285.09,04:30:00
2026-05-03 04:45:00,284.74,04:45:00
2026-05-03 06:00:00,271.57,06:00:00
2026-05-03 06:15:00,271.55,06:15:00
2026-05-03 06:30:00,261.75,06:30:00
2026-05-03 06:45:00,261.59,06:45:00
2026-05-03 07:00:00,252.86,07:00:00
2026-05-03 07:15:00,252.75,07:15:00
2026-05-03 07:30:00,258.66,07:30:00
2026-05-03 07:45:00,258.77,07:45:00
2026-05-03 08:00:00,248.97,08:00:00
2026-05-03 08:15:00,248.85,08:15:00
2026-05-03 08:30:00,250.04,08:30:00
2026-05-03 08:45:00,250.02,08:45:00
2026-05-03 09:00:00,258.28,09:00:00
2026-05-03 09:15:00,258.15,09:15:00
2026-05-03 09:30:00,265.69,09:30:00
2026-05-03 09:45:00,265.66,09:45:00
2026-05-03 10:00:00,272.42,10:00:00
2026-05-03 10:15:00,272.37,10:15:00
2026-05-03 10:30:00,274.98,10:30:00
2026-05-03 10:45:00,275.06,10:45:00
2026-05-03 11:00:00,266.49,11:00:00
2026-05-03 11:15:00,266.27,11:15:00
2026-05-03 11:30:00,256.94,11:30:00
2026-05-03 11:45:00,257.05,11:45:00
2026-05-03 12:00:00,256.01,12:00:00
2026-05-03 12:15:00,256.0,12:15:00
2026-05-03 12:30:00,254.8,12:30:00
2026-05-03 12:45:00,254.63,12:45:00
2026-05-03 13:00:00,258.32,13:00:00
2026-05-03 13:15:00,258.45,13:15:00
2026-05-03 13:30:00,263.32,13:30:00
2026-05-03 13:45:00,263.26,13:45:00
2026-05-03 14:00:00,267.25,14:00:00
2026-05-03 14:15:00,267.29,14:15:00
2026-05-03 14:30:00,272.1,14:30:00
2026-05-03 14:45:00,272.26,14:45:00
2026-05-03 15:00:00,278.99,15:00:00
2026-05-03 15:15:00,279.07,15:15:00
2026-05-03 15:30:00,284.43,15:30:00
2026-05-03 15:45:00,284.45,15:45:00
2026-05-03 16:00:00,283.82,16:00:00
2026-05-03 16:15:00,284.01,16:15:00
2026-05-03 16:30:00,279.34,16:30:00
2026-05-03 16:45:00,279.43,16:45:00
2026-05-03 17:00:00,279.78,17:00:00
2026-05-03 17:15:00,279.86,17:15:00
2026-05-03 17:30:00,277.86,17:30:00
2026-05-03 17:45:00,277.83,17:45:00
2026-05-03 18:00:00,281.79,18:00:00
2026-05-03 18:15:00,281.78,18:15:00
2026-05-03 18:30:00,277.44,18:30:00
2026-05-03 18:45:00,277.37,18:45:00
2026-05-03 19:00:00,273.76,19:00:00
2026-05-03 19:15:00,273.85,19:15:00
2026-05-03 19:30:00,282.14,19:30:00
2026-05-03 19:45:00,282.24,19:45:00
2026-05-03 20:00:00,271.91,20:00:00
2026-05-03 20:15:00,271.59,20:15:00
2026-05-03 20:30:00,264.16,20:30:00
2026-05-03 20:45:00,264.21,20:45:00
2026-05-03 21:00:00,269.17,21:00:00
2026-05-03 21:15:00,269.34,21:15:00
2026-05-03 21:30:00,274.16,21:30:00
2026-05-03 21:45:00,273.76,21:45:00
2026-05-03 22:00:00,270.76,22:00:00
2026-05-03 22:15:00,270.45,22:15:00
2026-05-03 22:30:00,270.06,22:30:00
2026-05-03 22:45:00,270.03,22:45:00
2026-05-03 23:00:00,275.64,23:00:00
2026-05-03 23:15:00,275.46,23:15:00
2026-05-03 23:30:00,277.36,23:30:00
2026-05-03 23:45:00,277.29,23:45:00
2026-05-04 00:00:00,286.02,00:00:00
2026-05-04 00:15:00,285.82,00:15:00
2026-05-04 00:30:00,288.54,00:30:00
2026-05-04 00:45:00,288.56,00:45:00
2026-05-04 01:00:00,297.52,01:00:00
2026-05-04 01:15:00,297.54,01:15:00
2026-05-04 01:30:00,297.68,01:30:00
2026-05-04 01:45:00,297.27,01:45:00
2026-05-04 02:00:00,292.44,02:00:00
2026-05-04 02:15:00,292.36,02:15:00
2026-05-04 02:30:00,288.82,02:30:00
2026-05-04 02:45:00,289.13,02:45:00
2026-05-04 03:00:00,280.27,03:00:00
2026-05-04 03:15:00,280.41,03:15:00
2026-05-04 03:30:00,276.75,03:30:00
2026-05-04 03:45:00,276.78,03:45:00
2026-05-04 04:00:00,280.58,04:00:00
2026-05-04 04:15:00,280.69,04:15:00
2026-05-04 04:30:00,286.22,04:30:00
2026-05-04 04:45:00,286.3,04:45:00
2026-05-04 05:00:00,273.73,05:00:00
2026-05-04 05:15:00,273.74,05:15:00
2026-05-04 05:30:00,272.29,05:30:00
2026-05-04 05:45:00,272.27,05:45:00
2026-05-04 06:00:00,272.32,06:00:00
2026-05-04 06:15:00,272.09,06:15:00
2026-05-04 06:30:00,277.58,06:30:00
2026-05-04 06:45:00,277.32,06:45:00
2026-05-04 07:00:00,270.66,07:00:00
2026-05-04 07:15:00,270.47,07:15:00
2026-05-04 07:30:00,260.3,07:30:00
2026-05-04 07:45:00,260.46,07:45:00
2026-05-04 08:00:00,252.45,08:00:00
2026-05-04 08:15:00,252.54,08:15:00
2026-05-04 08:30:00,248.22,08:30:00
2026-05-04 08:45:00,248.18,08:45:00
2026-05-04 09:00:00,247.74,09:00:00
2026-05-04 09:15:00,247.8,09:15:00
2026-05-04 09:30:00,240.42,09:30:00
2026-05-04 09:45:00,240.39,09:45:00
2026-05-04 10:00:00,239.53,10:00:00
2026-05-04 10:15:00,239.51,10:15:00
2026-05-04 10:30:00,249.37,10:30:00
2026-05-04 10:45:00,249.44,10:45:00
2026-05-04 11:00:00,255.28,11:00:00
2026-05-04 11:15:00,255.17,11:15:00
2026-05-04 11:30:00,254.92,11:30:00
2026-05-04 11:45:00,254.9,11:45:00
2026-05-04 12:00:00,255.78,12:00:00
2026-05-04 12:15:00,256.07,12:15:00
2026-05-04 12:30:00,256.97,12:30:00
2026-05-04 12:45:00,256.71,12:45:00
2026-05-04 13:00:00,258.34,13:00:00
2026-05-04 13:15:00,258.12,13:15:00
2026-05-04 13:30:00,261.81,13:30:00
2026-05-04 13:45:00,261.62,13:45:00
2026-05-04 14:00:00,266.52,14:00:00
2026-05-04 14:15:00,266.38,14:15:00
2026-05-04 14:30:00,266.57,14:30:00
2026-05-04 14:45:00,266.26,14:45:00
2026-05-04 15:00:00,262.35,15:00:00
2026-05-04 15:15:00,262.34,15:15:00
2026-05-04 15:30:00,257.33,15:30:00
2026-05-04 15:45:00,257.52,15:45:00
2026-05-04 16:00:00,260.89,16:00:00
2026-05-04 16:15:00,261.12,16:15:00
2026-05-04 16:30:00,262.81,16:30:00
2026-05-04 16:45:00,263.16,16:45:00
2026-05-04 17:00:00,266.74,17:00:00
2026-05-04 17:15:00,266.72,17:15:00
2026-05-04 17:30:00,280.47,17:30:00
2026-05-04 17:45:00,280.44,17:45:00
2026-05-04 18:00:00,275.39,18:00:00
2026-05-04 18:15:00,275.34,18:15:00
2026-05-04 18:30:00,279.62,18:30:00
2026-05-04 18:45:00,279.5,18:45:00
2026-05-04 19:00:00,281.38,19:00:00
2026-05-04 19:15:00,281.34,19:15:00
2026-05-04 19:30:00,279.27,19:30:00
2026-05-04 19:45:00,279.25,19:45:00
2026-05-04 20:00:00,270.25,20:00:00
2026-05-04 20:15:00,270.19,20:15:00
2026-05-04 20:30:00,271.39,20:30:00
2026-05-04 20:45:00,271.35,20:45:00
2026-05-04 21:00:00,273.27,21:00:00
2026-05-04 21:15:00,273.15,21:15:00
2026-05-04 21:30:00,276.92,21:30:00
2026-05-04 21:45:00,276.9,21:45:00
2026-05-04 22:00:00,276.52,22:00:00
2026-05-04 22:15:00,276.52,22:15:00
2026-05-04 22:30:00,274.31,22:30:00
2026-05-04 22:45:00,274.33,22:45:00
2026-05-04 23:00:00,277.44,23:00:00
2026-05-04 23:15:00,277.56,23:15:00
2026-05-04 23:30:00,286.61,23:30:00
2026-05-04 23:45:00,286.73,23:45:00
2026-05-05 00:00:00,296.41,00:00:00
2026-05-05 00:15:00,296.46,00:15:00
2026-05-05 00:30:00,299.22,00:30:00
2026-05-05 00:45:00,299.15,00:45:00
2026-05-05 02:00:00,310.05,02:00:00
2026-05-05 02:15:00,310.18,02:15:00
2026-05-05 02:30:00,309.78,02:30:00
2026-05-05 02:45:00,309.88,02:45:00
2026-05-05 03:00:00,312.59,03:00:00
2026-05-05 03:15:00,312.84,03:15:00
2026-05-05 03:30:00,310.68,03:30:00
2026-05-05 03:45:00,310.86,03:45:00
2026-05-05 04:00:00,315.62,04:00:00
2026-05-05 04:15:00,315.75,04:15:00
2026-05-05 04:30:00,318.24,04:30:00
2026-05-05 04:45:00,318.01,04:45:00
2026-05-05 05:00:00,316.09,05:00:00
2026-05-05 05:15:00,315.96,05:15:00
2026-05-05 05:30:00,319.07,05:30:00
2026-05-05 05:45:00,318.96,05:45:00
2026-05-05 06:00:00,311.2,06:00:00
2026-05-05 06:15:00,310.91,06:15:00
2026-05-05 06:30:00,308.82,06:30:00
2026-05-05 06:45:00,308.68,06:45:00
2026-05-05 07:00:00,307.77,07:00:00
2026-05-05 07:15:00,307.56,07:15:00
2026-05-05 07:30:00,301.65,07:30:00
2026-05-05 07:45:00,301.74,07:45:00
2026-05-05 08:00:00,298.78,08:00:00
2026-05-05 08:15:00,298.93,08:15:00
2026-05-05 08:30:00,294.84,08:30:00
2026-05-05 08:45:00,294.75,08:45:00
2026-05-05 09:00:00,287.12,09:00:00
2026-05-05 09:15:00,287.1,09:15:00
2026-05-05 09:30:00,280.88,09:30:00
2026-05-05 09:45:00,280.76,09:45:00
2026-05-05 10:00:00,283.5,10:00:00
2026-05-05 10:15:00,283.37,10:15:00
2026-05-05 10:30:00,279.65,10:30:00
2026-05-05 10:45:00,279.54,10:45:00
2026-05-05 11:00:00,283.2,11:00:00
2026-05-05 11:15:00,283.1,11:15:00
2026-05-05 11:30:00,278.72,11:30:00
2026-05-05 11:45:00,278.91,11:45:00
2026-05-05 12:00:00,277.84,12:00:00
2026-05-05 12:15:00,278.01,12:15:00
2026-05-05 12:30:00,281.07,12:30:00
2026-05-05 12:45:00,281.27,12:45:00
2026-05-05 13:00:00,284.19,13:00:00
2026-05-05 13:15:00,284.38,13:15:00
2026-05-05 13:30:00,279.85,13:30:00
2026-05-05 13:45:00,280.03,13:45:00
2026-05-05 14:00:00,278.23,14:00:00
2026-05-05 14:15:00,278.34,14:15:00
2026-05-05 14:30:00,283.23,14:30:00
2026-05-05 14:45:00,283.13,14:45:00
2026-05-05 15:00:00,283.34,15:00:00
2026-05-05 15:15:00,283.24,15:15:00
2026-05-05 15:30:00,286.75,15:30:00
2026-05-05 15:45:00,286.58,15:45:00
2026-05-05 16:00:00,285.09,16:00:00
2026-05-05 16:15:00,285.05,16:15:00
2026-05-05 16:30:00,283.42,16:30:00
2026-05-05 16:45:00,283.41,16:45:00
2026-05-05 17:00:00,283.79,17:00:00
2026-05-05 17:15:00,283.59,17:15:00
2026-05-05 17:30:00,285.78,17:30:00
2026-05-05 17:45:00,285.92,17:45:00
2026-05-05 18:00:00,286.35,18:00:00
2026-05-05 18:15:00,286.39,18:15:00
2026-05-05 18:30:00,281.76,18:30:00
2026-05-05 18:45:00,281.57,18:45:00
2026-05-05 19:00:00,278.25,19:00:00
2026-05-05 19:15:00,278.11,19:15:00
2026-05-05 19:30:00,278.77,19:30:00
2026-05-05 19:45:00,278.71,19:45:00
2026-05-05 20:00:00,278.55,20:00:00
2026-05-05 20:15:00,278.46,20:15:00
2026-05-05 20:30:00,279.52,20:30:00
2026-05-05 20:45:00,279.7,20:45:00
2026-05-05 22:00:00,270.5,22:00:00
2026-05-05 22:15:00,270.49,22:15:00
2026-05-05 22:30:00,260.76,22:30:00
2026-05-05 22:45:00,260.62,22:45:00
2026-05-05 23:00:00,265.27,23:00:00
2026-05-05 23:15:00,265.07,23:15:00
2026-05-05 23:30:00,271.9,23:30:00
2026-05-05 23:45:00,271.67,23:45:00
2026-05-06 00:00:00,281.45,00:00:00
2026-05-06 00:15:00,281.28,00:15:00
2026-05-06 00:30:00,284.68,00:30:00
2026-05-06 00:45:00,284.64,00:45:00
2026-05-06 01:00:00,286.56,01:00:00
2026-05-06 01:15:00,286.52,01:15:00
2026-05-06 01:30:00,290.62,01:30:00
2026-05-06 01:45:00,290.79,01:45:00
2026-05-06 02:00:00,293.1,02:00:00
2026-05-06 02:15:00,293.23,02:15:00
2026-05-06 02:30:00,297.01,02:30:00
2026-05-06 02:45:00,296.81,02:45:00
2026-05-06 03:00:00,301.07,03:00:00
2026-05-06 03:15:00,301.17,03:15:00
2026-05-06 03:30:00,307.65,03:30:00
2026-05-06 03:45:00,308.09,03:45:00
2026-05-06 04:00:00,316.92,04:00:00
2026-05-06 04:15:00,317.06,04:15:00
2026-05-06 04:30:00,322.93,04:30:00
2026-05-06 04:45:00,322.77,04:45:00
2026-05-06 05:00:00,323.76,05:00:00
2026-05-06 05:15:00,323.7,05:15:00
2026-05-06 05:30:00,325.7,05:30:00
2026-05-06 05:45:00,324.96,05:45:00
2026-05-06 06:00:00,322.84,06:00:00
2026-05-06 06:15:00,322.4,06:15:00
2026-05-06 06:30:00,323.68,06:30:00
2026-05-06 06:45:00,323.26,06:45:00
2026-05-06 07:00:00,315.21,07:00:00
2026-05-06 07:15:00,314.8,07:15:00
2026-05-06 07:30:00,313.87,07:30:00
2026-05-06 07:45:00,314.05,07:45:00
2026-05-06 08:00:00,313.28,08:00:00
2026-05-06 08:15:00,313.48,08:15:00
2026-05-06 08:30:00,305.8,08:30:00
2026-05-06 08:45:00,305.78,08:45:00
2026-05-06 09:00:00,300.7,09:00:00
2026-05-06 09:15:00,300.86,09:15:00
2026-05-06 09:30:00,297.27,09:30:00
2026-05-06 09:45:00,297.15,09:45:00
2026-05-06 10:00:00,293.8,10:00:00
2026-05-06 10:15:00,293.62,10:15:00
2026-05-06 10:30:00,291.19,10:30:00
2026-05-06 10:45:00,291.25,10:45:00
2026-05-06 11:00:00,288.79,11:00:00
2026-05-06 11:15:00,288.65,11:15:00
2026-05-06 11:30:00,286.58,11:30:00
2026-05-06 11:45:00,286.55,11:45:00
2026-05-06 12:00:00,288.66,12:00:00
2026-05-06 12:15:00,288.43,12:15:00
2026-05-06 12:30:00,289.85,12:30:00
2026-05-06 12:45:00,289.93,12:45:00
2026-05-06 13:00:00,294.23,13:00:00
2026-05-06 13:15:00,294.39,13:15:00
2026-05-06 13:30:00,295.92,13:30:00
2026-05-06 13:45:00,295.77,13:45:00
2026-05-06 14:00:00,300.16,14:00:00
2026-05-06 14:15:00,300.39,14:15:00
2026-05-06 14:30:00,298.18,14:30:00
2026-05-06 14:45:00,298.26,14:45:00
2026-05-06 15:00:00,301.71,15:00:00
2026-05-06 15:15:00,301.93,15:15:00
2026-05-06 15:30:00,299.93,15:30:00
2026-05-06 15:45:00,300.02,15:45:00
2026-05-06 16:00:00,301.36,16:00:00
2026-05-06 16:15:00,301.36,16:15:00
2026-05-06 16:30:00,304.08,16:30:00
2026-05-06 16:45:00,304.26,16:45:00
2026-05-06 17:00:00,307.14,17:00:00
2026-05-06 17:15:00,307.19,17:15:00
2026-05-06 17:30:00,305.83,17:30:00
2026-05-06 17:45:00,306.05,17:45:00
2026-05-06 18:00:00,310.48,18:00:00
2026-05-06 18:15:00,310.56,18:15:00
2026-05-06 18:30:00,313.41,18:30:00
2026-05-06 18:45:00,313.44,18:45:00
2026-05-06 19:00:00,322.03,19:00:00
2026-05-06 19:15:00,322.07,19:15:00
2026-05-06 19:30:00,319.53,19:30:00
2026-05-06 19:45:00,319.32,19:45:00
2026-05-06 20:00:00,311.89,20:00:00
2026-05-06 20:15:00,311.66,20:15:00
2026-05-06 20:30:00,316.36,20:30:00
2026-05-06 20:45:00,316.52,20:45:00
2026-05-06 21:00:00,316.63,21:00:00
2026-05-06 21:15:00,316.89,21:15:00
2026-05-06 21:30:00,320.62,21:30:00
2026-05-06 21:45:00,321.02,21:45:00
2026-05-06 22:00:00,324.81,22:00:00
2026-05-06 22:15:00,325.13,22:15:00
2026-05-06 22:30:00,329.08,22:30:00
2026-05-06 22:45:00,329.17,22:45:00
2026-05-06 23:00:00,329.08,23:00:00
2026-05-06 23:15:00,329.24,23:15:00
2026-05-06 23:30:00,331.01,23:30:00
2026-05-06 23:45:00,331.03,23:45:00
2026-05-07 00:00:00,330.76,00:00:00
2026-05-07 00:15:00,330.76,00:15:00
2026-05-07 00:30:00,328.49,00:30:00
2026-05-07 00:45:00,328.34,00:45:00
2026-05-07 01:00:00,321.63,01:00:00
2026-05-07 01:15:00,321.61,01:15:00
2026-05-07 01:30:00,322.28,01:30:00
2026-05-07 01:45:00,322.33,01:45:00
2026-05-07 02:00:00,320.21,02:00:00
2026-05-07 02:15:00,320.31,02:15:00
2026-05-07 02:30:00,320.06,02:30:00
2026-05-07 02:45:00,320.15,02:45:00
2026-05-07 03:00:00,315.11,03:00:00
2026-05-07 03:15:00,315.05,03:15:00
2026-05-07 03:30:00,304.77,03:30:00
2026-05-07 03:45:00,304.88,03:45:00
2026-05-07 04:00:00,307.45,04:00:00
2026-05-07 04:15:00,307.57,04:15:00
2026-05-07 04:30:00,301.41,04:30:00
2026-05-07 04:45:00,301.55,04:45:00
2026-05-07 05:00:00,296.75,05:00:00
2026-05-07 05:15:00,296.89,05:15:00
2026-05-07 05:30:00,298.13,05:30:00
2026-05-07 05:45:00,298.13,05:45:00
2026-05-07 06:00:00,301.35,06:00:00
2026-05-07 06:15:00,300.95,06:15:00
2026-05-07 06:30:00,292.71,06:30:00
2026-05-07 06:45:00,292.38,06:45:00
2026-05-07 07:00:00,291.95,07:00:00
2026-05-07 07:15:00,291.65,07:15:00
2026-05-07 07:30:00,293.17,07:30:00
2026-05-07 07:45:00,292.99,07:45:00
2026-05-07 08:00:00,288.67,08:00:00
2026-05-07 08:15:00,288.6,08:15:00
2026-05-07 08:30:00,269.78,08:30:00
2026-05-07 08:45:00,269.86,08:45:00
2026-05-07 09:00:00,250.09,09:00:00
2026-05-07 09:15:00,250.18,09:15:00
2026-05-07 09:30:00,231.67,09:30:00
2026-05-07 09:45:00,231.64,09:45:00
2026-05-07 10:00:00,228.1,10:00:00
2026-05-07 10:15:00,228.12,10:15:00
2026-05-07 10:30:00,202.96,10:30:00
2026-05-07 10:45:00,203.02,10:45:00
2026-05-07 11:00:00,196.19,11:00:00
2026-05-07 11:15:00,196.36,11:15:00
2026-05-07 11:30:00,205.88,11:30:00
2026-05-07 11:45:00,205.88,11:45:00
2026-05-07 12:00:00,221.35,12:00:00
2026-05-07 12:15:00,221.37,12:15:00
2026-05-07 12:30:00,204.2,12:30:00
2026-05-07 12:45:00,204.09,12:45:00
2026-05-07 13:00:00,210.19,13:00:00
2026-05-07 13:15:00,210.26,13:15:00
2026-05-07 13:30:00,222.44,13:30:00
2026-05-07 13:45:00,222.39,13:45:00
2026-05-07 14:00:00,208.88,14:00:00
2026-05-07 14:15:00,208.91,14:15:00
2026-05-07 14:30:00,218.83,14:30:00
2026-05-07 14:45:00,218.72,14:45:00
2026-05-07 15:00:00,205.16,15:00:00
2026-05-07 15:15:00,205.09,15:15:00
2026-05-07 15:30:00,205.03,15:30:00
2026-05-07 15:45:00,205.05,15:45:00
2026-05-07 16:00:00,227.63,16:00:00
2026-05-07 16:15:00,227.64,16:15:00
2026-05-07 16:30:00,242.82,16:30:00
2026-05-07 16:45:00,242.99,16:45:00
2026-05-07 17:00:00,259.34,17:00:00
2026-05-07 17:15:00,259.4,17:15:00
2026-05-07 17:30:00,265.93,17:30:00
2026-05-07 17:45:00,266.05,17:45:00
2026-05-07 18:00:00,279.47,18:00:00
2026-05-07 18:15:00,279.58,18:15:00
2026-05-07 18:30:00,289.95,18:30:00
2026-05-07 18:45:00,289.92,18:45:00
2026-05-07 19:00:00,293.6,19:00:00
2026-05-07 19:15:00,293.57,19:15:00
2026-05-07 19:30:00,296.31,19:30:00
2026-05-07 19:45:00,296.23,19:45:00
2026-05-07 20:00:00,299.2,20:00:00
2026-05-07 20:15:00,299.03,20:15:00
2026-05-07 20:30:00,305.5,20:30:00
2026-05-07 20:45:00,305.31,20:45:00
2026-05-07 21:00:00,303.65,21:00:00
2026-05-07 21:15:00,303.62,21:15:00
2026-05-07 21:30:00,315.32,21:30:00
2026-05-07 21:45:00,315.13,21:45:00
2026-05-07 22:00:00,320.11,22:00:00
2026-05-07 22:15:00,320.04,22:15:00
2026-05-07 22:30:00,325.33,22:30:00
2026-05-07 22:45:00,325.23,22:45:00
2026-05-07 23:00:00,329.29,23:00:00
2026-05-07 23:15:00,329.1,23:15:00
2026-05-07 23:30:00,324.79,23:30:00
2026-05-07 23:45:00,324.6,23:45:00
2026-05-08 00:00:00,326.07,00:00:00
2026-05-08 00:15:00,325.88,00:15:00
2026-05-08 00:30:00,328.79,00:30:00
2026-05-08 00:45:00,328.63,00:45:00
2026-05-08 01:00:00,332.55,01:00:00
2026-05-08 01:15:00,332.49,01:15:00
2026-05-08 01:30:00,334.12,01:30:00
2026-05-08 01:45:00,334.05,01:45:00
2026-05-08 02:00:00,334.54,02:00:00
2026-05-08 02:15:00,334.54,02:15:00
2026-05-08 02:30:00,335.16,02:30:00
2026-05-08 02:45:00,335.13,02:45:00
2026-05-08 03:00:00,335.51,03:00:00
2026-05-08 03:15:00,335.58,03:15:00
2026-05-08 03:30:00,335.57,03:30:00
2026-05-08 03:45:00,335.7,03:45:00
2026-05-08 04:00:00,340.97,04:00:00
2026-05-08 04:15:00,340.89,04:15:00
2026-05-08 04:30:00,338.92,04:30:00
2026-05-08 04:45:00,338.94,04:45:00
2026-05-08 05:00:00,342.04,05:00:00
2026-05-08 05:15:00,341.62,05:15:00
2026-05-08 05:30:00,341.95,05:30:00
2026-05-08 05:45:00,341.6,05:45:00
2026-05-08 06:00:00,331.82,06:00:00
2026-05-08 06:15:00,331.23,06:15:00
2026-05-08 06:30:00,330.53,06:30:00
2026-05-08 06:45:00,330.22,06:45:00
2026-05-08 07:00:00,323.65,07:00:00
2026-05-08 07:15:00,323.63,07:15:00
2026-05-08 07:30:00,319.19,07:30:00
2026-05-08 07:45:00,319.31,07:45:00
2026-05-08 08:00:00,311.38,08:00:00
2026-05-08 08:15:00,311.16,08:15:00
2026-05-08 08:30:00,309.6,08:30:00
2026-05-08 08:45:00,309.34,08:45:00
2026-05-08 09:00:00,305.69,09:00:00
2026-05-08 09:15:00,305.72,09:15:00
2026-05-08 09:30:00,305.71,09:30:00
2026-05-08 09:45:00,305.67,09:45:00
2026-05-08 10:00:00,301.86,10:00:00
2026-05-08 10:15:00,302.11,10:15:00
2026-05-08 10:30:00,299.62,10:30:00
2026-05-08 10:45:00,299.49,10:45:00
2026-05-08 11:00:00,297.0,11:00:00
2026-05-08 11:15:00,296.99,11:15:00
2026-05-08 11:30:00,295.22,11:30:00
2026-05-08 11:45:00,295.17,11:45:00
2026-05-08 12:00:00,292.09,12:00:00
2026-05-08 12:15:00,292.02,12:15:00
2026-05-08 12:30:00,289.53,12:30:00
2026-05-08 12:45:00,289.57,12:45:00
2026-05-08 13:00:00,287.12,13:00:00
2026-05-08 13:15:00,286.99,13:15:00
2026-05-08 13:30:00,280.77,13:30:00
2026-05-08 13:45:00,280.7,13:45:00
2026-05-08 14:00:00,281.99,14:00:00
2026-05-08 14:15:00,281.82,14:15:00
2026-05-08 14:30:00,279.65,14:30:00
2026-05-08 14:45:00,279.58,14:45:00
2026-05-08 15:00:00,279.87,15:00:00
2026-05-08 15:15:00,279.97,15:15:00
2026-05-08 15:30:00,278.38,15:30:00
2026-05-08 15:45:00,278.29,15:45:00
2026-05-08 16:00:00,273.8,16:00:00
2026-05-08 16:15:00,273.5,16:15:00
2026-05-08 16:30:00,265.38,16:30:00
2026-05-08 16:45:00,265.39,16:45:00
2026-05-08 17:00:00,265.08,17:00:00
2026-05-08 17:15:00,265.17,17:15:00
2026-05-08 17:30:00,261.25,17:30:00
2026-05-08 17:45:00,261.28,17:45:00
2026-05-08 18:00:00,259.49,18:00:00
2026-05-08 18:15:00,259.52,18:15:00
2026-05-08 18:30:00,258.87,18:30:00
2026-05-08 18:45:00,258.91,18:45:00
2026-05-08 19:00:00,255.65,19:00:00
2026-05-08 19:15:00,255.57,19:15:00
2026-05-08 19:30:00,246.27,19:30:00
2026-05-08 19:45:00,246.29,19:45:00
2026-05-08 20:00:00,241.54,20:00:00
2026-05-08 20:15:00,241.48,20:15:00
2026-05-08 20:30:00,234.05,20:30:00
2026-05-08 20:45:00,233.98,20:45:00
2026-05-08 21:00:00,220.75,21:00:00
2026-05-08 21:15:00,220.78,21:15:00
2026-05-08 21:30:00,210.78,21:30:00
2026-05-08 21:45:00,210.6,21:45:00
2026-05-08 22:00:00,200.36,22:00:00
2026-05-08 22:15:00,200.24,22:15:00
2026-05-08 22:30:00,191.39,22:30:00
2026-05-08 22:45:00,191.5,22:45:00
2026-05-09 00:00:00,168.23,00:00:00
2026-05-09 00:15:00,168.25,00:15:00
2026-05-09 00:30:00,173.85,00:30:00
2026-05-09 00:45:00,173.78,00:45:00
2026-05-09 01:00:00,170.86,01:00:00
2026-05-09 01:15:00,170.88,01:15:00
2026-05-09 01:30:00,165.65,01:30:00
2026-05-09 01:45:00,165.62,01:45:00
2026-05-09 02:00:00,162.97,02:00:00
2026-05-09 02:15:00,162.93,02:15:00
2026-05-09 02:30:00,134.92,02:30:00
2026-05-09 02:45:00,134.88,02:45:00
2026-05-09 03:00:00,119.33,03:00:00
2026-05-09 03:15:00,119.34,03:15:00
2026-05-09 03:30:00,113.32,03:30:00
2026-05-09 03:45:00,113.33,03:45:00
2026-05-09 04:00:00,112.5,04:00:00
2026-05-09 04:15:00,112.49,04:15:00
2026-05-09 04:30:00,111.8,04:30:00
2026-05-09 04:45:00,111.86,04:45:00
2026-05-09 05:00:00,94.65,05:00:00
2026-05-09 05:15:00,94.67,05:15:00
2026-05-09 05:30:00,94.1,05:30:00
2026-05-09 05:45:00,94.16,05:45:00
2026-05-09 06:00:00,86.07,06:00:00
2026-05-09 06:15:00,84.98,06:15:00
2026-05-09 06:30:00,78.24,06:30:00
2026-05-09 06:45:00,77.27,06:45:00
2026-05-09 07:00:00,78.99,07:00:00
2026-05-09 07:15:00,78.99,07:15:00
2026-05-09 07:30:00,80.06,07:30:00
2026-05-09 07:45:00,80.06,07:45:00
2026-05-09 08:00:00,78.92,08:00:00
2026-05-09 08:15:00,78.92,08:15:00
2026-05-09 08:30:00,83.43,08:30:00
2026-05-09 08:45:00,83.43,08:45:00
2026-05-09 09:00:00,91.88,09:00:00
2026-05-09 09:15:00,91.88,09:15:00
2026-05-09 09:30:00,102.61,09:30:00
2026-05-09 09:45:00,102.61,09:45:00
2026-05-09 11:00:00,101.25,11:00:00
2026-05-09 11:15:00,101.25,11:15:00
2026-05-09 11:30:00,101.73,11:30:00
2026-05-09 11:45:00,101.73,11:45:00
2026-05-09 12:00:00,101.54,12:00:00
2026-05-09 12:15:00,101.54,12:15:00
2026-05-09 12:30:00,105.87,12:30:00
2026-05-09 12:45:00,105.87,12:45:00
2026-05-09 13:00:00,106.67,13:00:00
2026-05-09 13:15:00,106.67,13:15:00
2026-05-09 13:30:00,105.31,13:30:00
2026-05-09 13:45:00,105.31,13:45:00
2026-05-09 14:00:00,105.29,14:00:00
2026-05-09 14:15:00,105.29,14:15:00
2026-05-09 14:30:00,105.63,14:30:00
2026-05-09 14:45:00,105.63,14:45:00
2026-05-09 15:00:00,106.16,15:00:00
2026-05-09 15:15:00,106.16,15:15:00
2026-05-09 15:30:00,110.43,15:30:00
2026-05-09 15:45:00,110.43,15:45:00
2026-05-09 16:00:00,106.11,16:00:00
2026-05-09 16:15:00,106.11,16:15:00
2026-05-09 16:30:00,103.08,16:30:00
2026-05-09 16:45:00,103.08,16:45:00
2026-05-09 17:00:00,108.27,17:00:00
2026-05-09 17:15:00,108.27,17:15:00
2026-05-09 17:30:00,105.31,17:30:00
2026-05-09 17:45:00,105.31,17:45:00
2026-05-09 18:00:00,114.86,18:00:00
2026-05-09 18:15:00,114.86,18:15:00
2026-05-09 18:30:00,108.38,18:30:00
2026-05-09 18:45:00,108.38,18:45:00
2026-05-09 20:00:00,115.47,20:00:00
2026-05-09 20:15:00,115.5,20:15:00
2026-05-09 20:30:00,97.95,20:30:00
2026-05-09 20:45:00,97.96,20:45:00
2026-05-09 21:00:00,98.95,21:00:00
2026-05-09 21:15:00,98.97,21:15:00
2026-05-09 21:30:00,91.15,21:30:00
2026-05-09 21:45:00,91.14,21:45:00
2026-05-09 22:00:00,79.97,22:00:00
2026-05-09 22:15:00,79.95,22:15:00
2026-05-09 22:30:00,80.9,22:30:00
2026-05-09 22:45:00,80.91,22:45:00
2026-05-09 23:00:00,79.21,23:00:00
2026-05-09 23:15:00,79.22,23:15:00
2026-05-09 23:30:00,78.24,23:30:00
2026-05-09 23:45:00,78.24,23:45:00
2026-05-10 00:00:00,70.65,00:00:00
2026-05-10 00:15:00,70.65,00:15:00
2026-05-10 00:30:00,70.9,00:30:00
2026-05-10 00:45:00,70.9,00:45:00
2026-05-10 01:00:00,82.84,01:00:00
2026-05-10 01:15:00,82.82,01:15:00
2026-05-10 01:30:00,87.98,01:30:00
2026-05-10 01:45:00,87.93,01:45:00
2026-05-10 02:00:00,97.74,02:00:00
2026-05-10 02:15:00,97.72,02:15:00
2026-05-10 02:30:00,115.13,02:30:00
2026-05-10 02:45:00,115.1,02:45:00
2026-05-10 03:00:00,118.55,03:00:00
2026-05-10 03:15:00,118.53,03:15:00
2026-05-10 03:30:00,126.25,03:30:00
2026-05-10 03:45:00,126.23,03:45:00
2026-05-10 04:00:00,129.31,04:00:00
2026-05-10 04:15:00,129.3,04:15:00
2026-05-10 04:30:00,130.99,04:30:00
2026-05-10 04:45:00,131.01,04:45:00
2026-05-10 05:00:00,127.96,05:00:00
2026-05-10 05:15:00,127.92,05:15:00
2026-05-10 05:30:00,120.58,05:30:00
2026-05-10 05:45:00,120.56,05:45:00
2026-05-10 06:00:00,123.21,06:00:00
2026-05-10 06:15:00,123.14,06:15:00
2026-05-10 06:30:00,111.72,06:30:00
2026-05-10 06:45:00,111.74,06:45:00
2026-05-10 07:00:00,118.43,07:00:00
2026-05-10 07:15:00,118.39,07:15:00
2026-05-10 07:30:00,111.45,07:30:00
2026-05-10 07:45:00,111.45,07:45:00
2026-05-10 08:00:00,110.97,08:00:00
2026-05-10 08:15:00,110.97,08:15:00
2026-05-10 08:30:00,109.85,08:30:00
2026-05-10 08:45:00,109.89,08:45:00
2026-05-10 09:00:00,104.32,09:00:00
2026-05-10 09:15:00,104.03,09:15:00
2026-05-10 09:30:00,110.63,09:30:00
2026-05-10 09:45:00,110.35,09:45:00
2026-05-10 10:00:00,112.95,10:00:00
2026-05-10 10:15:00,112.95,10:15:00
2026-05-10 10:30:00,119.84,10:30:00
2026-05-10 10:45:00,119.73,10:45:00
2026-05-10 11:00:00,123.93,11:00:00
2026-05-10 11:15:00,123.88,11:15:00
2026-05-10 11:30:00,127.36,11:30:00
2026-05-10 11:45:00,127.37,11:45:00
2026-05-10 12:00:00,125.86,12:00:00
2026-05-10 12:15:00,125.89,12:15:00
2026-05-10 12:30:00,122.53,12:30:00
2026-05-10 12:45:00,122.41,12:45:00
2026-05-10 14:00:00,127.67,14:00:00
2026-05-10 14:15:00,127.67,14:15:00
2026-05-10 14:30:00,121.97,14:30:00
2026-05-10 14:45:00,121.89,14:45:00
2026-05-10 15:00:00,127.26,15:00:00
2026-05-10 15:15:00,127.25,15:15:00
2026-05-10 15:30:00,121.73,15:30:00
2026-05-10 15:45:00,121.79,15:45:00
2026-05-10 16:00:00,116.0,16:00:00
2026-05-10 16:15:00,116.09,16:15:00
2026-05-10 16:30:00,117.04,16:30:00
2026-05-10 16:45:00,117.06,16:45:00
2026-05-10 17:00:00,123.13,17:00:00
2026-05-10 17:15:00,123.12,17:15:00
2026-05-10 17:30:00,123.84,17:30:00
2026-05-10 17:45:00,123.9,17:45:00
2026-05-10 18:00:00,148.75,18:00:00
2026-05-10 18:15:00,148.87,18:15:00
2026-05-10 18:30:00,164.4,18:30:00
2026-05-10 18:45:00,164.38,18:45:00
2026-05-10 19:00:00,160.77,19:00:00
2026-05-10 19:15:00,161.59,19:15:00
2026-05-10 19:30:00,169.58,19:30:00
2026-05-10 19:45:00,170.23,19:45:00
2026-05-10 20:00:00,183.15,20:00:00
2026-05-10 20:15:00,183.13,20:15:00
2026-05-10 20:30:00,193.95,20:30:00
2026-05-10 20:45:00,194.11,20:45:00
2026-05-10 21:00:00,199.81,21:00:00
2026-05-10 21:15:00,199.97,21:15:00
2026-05-10 21:30:00,189.0,21:30:00
2026-05-10 21:45:00,188.69,21:45:00
2026-05-10 22:00:00,187.15,22:00:00
2026-05-10 22:15:00,187.06,22:15:00
2026-05-10 22:30:00,197.48,22:30:00
2026-05-10 22:45:00,197.41,22:45:00
2026-05-10 23:00:00,193.67,23:00:00
2026-05-10 23:15:00,193.64,23:15:00
2026-05-10 23:30:00,202.95,23:30:00
2026-05-10 23:45:00,202.93,23:45:00
2026-05-11 00:00:00,211.5,00:00:00
2026-05-11 00:15:00,211.45,00:15:00
2026-05-11 00:30:00,214.65,00:30:00
2026-05-11 00:45:00,214.67,00:45:00
2026-05-11 01:00:00,207.56,01:00:00
2026-05-11 01:15:00,207.59,01:15:00
2026-05-11 01:30:00,221.26,01:30:00
2026-05-11 01:45:00,221.13,01:45:00
2026-05-11 02:00:00,221.69,02:00:00
2026-05-11 02:15:00,221.58,02:15:00
2026-05-11 02:30:00,219.2,02:30:00
2026-05-11 02:45:00,219.22,02:45:00
2026-05-11 03:00:00,202.91,03:00:00
2026-05-11 03:15:00,202.94,03:15:00
2026-05-11 03:30:00,212.89,03:30:00
2026-05-11 03:45:00,212.89,03:45:00
2026-05-11 04:00:00,223.72,04:00:00
2026-05-11 04:15:00,223.72,04:15:00
2026-05-11 04:30:00,217.5,04:30:00
2026-05-11 04:45:00,217.55,04:45:00
2026-05-11 05:00:00,227.46,05:00:00
2026-05-11 05:15:00,227.48,05:15:00
2026-05-11 05:30:00,223.42,05:30:00
2026-05-11 05:45:00,223.43,05:45:00
2026-05-11 06:00:00,222.45,06:00:00
2026-05-11 06:15:00,222.4,06:15:00
2026-05-11 06:30:00,227.49,06:30:00
2026-05-11 06:45:00,227.41,06:45:00
2026-05-11 07:00:00,211.99,07:00:00
2026-05-11 07:15:00,211.83,07:15:00
2026-05-11 07:30:00,209.42,07:30:00
2026-05-11 07:45:00,209.32,07:45:00
2026-05-11 08:00:00,208.83,08:00:00
2026-05-11 08:15:00,208.74,08:15:00
2026-05-11 08:30:00,207.5,08:30:00
2026-05-11 08:45:00,207.56,08:45:00
2026-05-11 09:00:00,209.83,09:00:00
2026-05-11 09:15:00,209.82,09:15:00
2026-05-11 09:30:00,207.31,09:30:00
2026-05-11 09:45:00,207.42,09:45:00
2026-05-11 10:00:00,211.48,10:00:00
2026-05-11 10:15:00,211.23,10:15:00
2026-05-11 10:30:00,216.43,10:30:00
2026-05-11 10:45:00,216.5,10:45:00
2026-05-11 11:00:00,221.83,11:00:00
2026-05-11 11:15:00,221.9,11:15:00
2026-05-11 11:30:00,216.17,11:30:00
2026-05-11 11:45:00,216.2,11:45:00
2026-05-11 12:00:00,222.71,12:00:00
2026-05-11 12:15:00,222.75,12:15:00
2026-05-11 12:30:00,219.45,12:30:00
2026-05-11 12:45:00,219.53,12:45:00
2026-05-11 13:00:00,213.62,13:00:00
2026-05-11 13:15:00,213.73,13:15:00
2026-05-11 13:30:00,206.74,13:30:00
2026-05-11 13:45:00,206.8,13:45:00
2026-05-11 14:00:00,187.93,14:00:00
2026-05-11 14:15:00,188.0,14:15:00
2026-05-11 14:30:00,179.93,14:30:00
2026-05-11 14:45:00,180.03,14:45:00
2026-05-11 15:00:00,188.23,15:00:00
2026-05-11 15:15:00,188.26,15:15:00
2026-05-11 15:30:00,211.64,15:30:00
2026-05-11 15:45:00,211.43,15:45:00
2026-05-11 16:00:00,205.09,16:00:00
2026-05-11 16:15:00,204.93,16:15:00
2026-05-11 16:30:00,206.97,16:30:00
2026-05-11 16:45:00,206.91,16:45:00
2026-05-11 17:00:00,209.87,17:00:00
2026-05-11 17:15:00,209.75,17:15:00
2026-05-11 17:30:00,217.98,17:30:00
2026-05-11 17:45:00,217.64,17:45:00
2026-05-11 18:00:00,222.26,18:00:00
2026-05-11 18:15:00,222.36,18:15:00
2026-05-11 18:30:00,229.89,18:30:00
2026-05-11 18:45:00,229.99,18:45:00
2026-05-11 19:00:00,232.3,19:00:00
2026-05-11 19:15:00,232.54,19:15:00
2026-05-11 19:30:00,233.87,19:30:00
2026-05-11 19:45:00,233.97,19:45:00
2026-05-11 20:00:00,236.08,20:00:00
2026-05-11 20:15:00,235.89,20:15:00
2026-05-11 20:30:00,237.62,20:30:00
2026-05-11 20:45:00,237.81,20:45:00
2026-05-11 21:00:00,231.21,21:00:00
2026-05-11 21:15:00,231.34,21:15:00
2026-05-11 21:30:00,231.85,21:30:00
2026-05-11 21:45:00,231.88,21:45:00
2026-05-11 22:00:00,222.22,22:00:00
2026-05-11 22:15:00,222.69,22:15:00
2026-05-11 22:30:00,218.06,22:30:00
2026-05-11 22:45:00,217.9,22:45:00
2026-05-11 23:00:00,218.35,23:00:00
2026-05-11 23:15:00,218.03,23:15:00
2026-05-11 23:30:00,218.19,23:30:00
2026-05-11 23:45:00,218.24,23:45:00
2026-05-12 00:00:00,220.78,00:00:00
2026-05-12 00:15:00,220.83,00:15:00
2026-05-12 00:30:00,221.57,00:30:00
2026-05-12 00:45:00,221.55,00:45:00
2026-05-12 01:00:00,193.36,01:00:00
2026-05-12 01:15:00,193.32,01:15:00
2026-05-12 01:30:00,170.91,01:30:00
2026-05-12 01:45:00,170.95,01:45:00
2026-05-12 02:00:00,166.46,02:00:00
2026-05-12 02:15:00,166.59,02:15:00
2026-05-12 02:30:00,153.71,02:30:00
2026-05-12 02:45:00,153.83,02:45:00
2026-05-12 03:00:00,150.43,03:00:00
2026-05-12 03:15:00,150.52,03:15:00
2026-05-12 03:30:00,151.34,03:30:00
2026-05-12 03:45:00,151.35,03:45:00
2026-05-12 04:00:00,147.34,04:00:00
2026-05-12 04:15:00,147.31,04:15:00
2026-05-12 04:30:00,173.21,04:30:00
2026-05-12 04:45:00,173.15,04:45:00
2026-05-12 05:00:00,161.33,05:00:00
2026-05-12 05:15:00,161.28,05:15:00
2026-05-12 05:30:00,162.69,05:30:00
2026-05-12 05:45:00,162.66,05:45:00
2026-05-12 06:00:00,156.44,06:00:00
2026-05-12 06:15:00,156.25,06:15:00
2026-05-12 06:30:00,158.25,06:30:00
2026-05-12 06:45:00,158.17,06:45:00
2026-05-12 07:00:00,146.97,07:00:00
2026-05-12 07:15:00,146.84,07:15:00
2026-05-12 07:30:00,111.27,07:30:00
2026-05-12 07:45:00,111.05,07:45:00
2026-05-12 09:00:00,82.4,09:00:00
2026-05-12 09:15:00,82.52,09:15:00
2026-05-12 09:30:00,88.92,09:30:00
2026-05-12 09:45:00,88.99,09:45:00
2026-05-12 10:00:00,125.04,10:00:00
2026-05-12 10:15:00,124.99,10:15:00
2026-05-12 10:30:00,124.74,10:30:00
2026-05-12 10:45:00,124.73,10:45:00
2026-05-12 11:00:00,126.56,11:00:00
2026-05-12 11:15:00,126.55,11:15:00
2026-05-12 11:30:00,90.25,11:30:00
2026-05-12 11:45:00,90.25,11:45:00
2026-05-12 12:00:00,85.83,12:00:00
2026-05-12 12:15:00,85.84,12:15:00
2026-05-12 12:30:00,86.54,12:30:00
2026-05-12 12:45:00,86.53,12:45:00
2026-05-12 13:00:00,86.21,13:00:00
2026-05-12 13:15:00,86.21,13:15:00
2026-05-12 13:30:00,85.58,13:30:00
2026-05-12 13:45:00,85.58,13:45:00
2026-05-12 14:00:00,86.89,14:00:00
2026-05-12 14:15:00,86.89,14:15:00
2026-05-12 14:30:00,81.29,14:30:00
2026-05-12 14:45:00,81.29,14:45:00
2026-05-12 15:00:00,80.86,15:00:00
2026-05-12 15:15:00,80.86,15:15:00
2026-05-12 15:30:00,80.29,15:30:00
2026-05-12 15:45:00,80.29,15:45:00
2026-05-12 16:00:00,85.34,16:00:00
2026-05-12 16:15:00,85.34,16:15:00
2026-05-12 16:30:00,93.33,16:30:00
2026-05-12 16:45:00,93.33,16:45:00
2026-05-12 17:00:00,92.03,17:00:00
2026-05-12 17:15:00,92.03,17:15:00
2026-05-12 17:30:00,92.18,17:30:00
2026-05-12 17:45:00,92.18,17:45:00
2026-05-12 18:00:00,90.71,18:00:00
2026-05-12 18:15:00,90.71,18:15:00
2026-05-12 18:30:00,92.18,18:30:00
2026-05-12 18:45:00,92.18,18:45:00
2026-05-12 19:00:00,95.87,19:00:00
2026-05-12 19:15:00,95.87,19:15:00
2026-05-12 19:30:00,104.01,19:30:00
2026-05-12 19:45:00,104.01,19:45:00
2026-05-12 20:00:00,115.47,20:00:00
2026-05-12 20:15:00,115.47,20:15:00
2026-05-12 20:30:00,119.03,20:30:00
2026-05-12 20:45:00,119.03,20:45:00
2026-05-12 21:00:00,110.14,21:00:00
2026-05-12 21:15:00,110.14,21:15:00
2026-05-12 21:30:00,113.93,21:30:00
2026-05-12 21:45:00,113.93,21:45:00
2026-05-12 22:00:00,108.04,22:00:00
2026-05-12 22:15:00,108.04,22:15:00
2026-05-12 22:30:00,83.38,22:30:00
2026-05-12 22:45:00,83.38,22:45:00
2026-05-12 23:00:00,93.13,23:00:00
2026-05-12 23:15:00,93.13,23:15:00
2026-05-12 23:30:00,92.77,23:30:00
2026-05-12 23:45:00,92.77,23:45:00
2026-05-13 00:00:00,86.58,00:00:00
2026-05-13 00:15:00,86.58,00:15:00
2026-05-13 00:30:00,82.75,00:30:00
2026-05-13 00:45:00,82.75,00:45:00
2026-05-13 01:00:00,79.72,01:00:00
2026-05-13 01:15:00,79.72,01:15:00
2026-05-13 01:30:00,78.48,01:30:00
2026-05-13 01:45:00,78.48,01:45:00
2026-05-13 02:00:00,74.81,02:00:00
2026-05-13 02:15:00,74.81,02:15:00
2026-05-13 02:30:00,75.49,02:30:00
2026-05-13 02:45:00,75.49,02:45:00
2026-05-13 03:00:00,75.12,03:00:00
2026-05-13 03:15:00,75.12,03:15:00
2026-05-13 03:30:00,76.99,03:30:00
2026-05-13 03:45:00,76.99,03:45:00
2026-05-13 04:00:00,75.93,04:00:00
2026-05-13 04:15:00,75.93,04:15:00
2026-05-13 04:30:00,97.67,04:30:00
2026-05-13 04:45:00,97.67,04:45:00
2026-05-13 05:00:00,87.64,05:00:00
2026-05-13 05:15:00,87.64,05:15:00
2026-05-13 05:30:00,91.41,05:30:00
2026-05-13 05:45:00,91.41,05:45:00
2026-05-13 06:00:00,95.71,06:00:00
2026-05-13 06:15:00,95.71,06:15:00
2026-05-13 06:30:00,95.56,06:30:00
2026-05-13 06:45:00,95.56,06:45:00
2026-05-13 07:00:00,95.85,07:00:00
2026-05-13 07:15:00,95.85,07:15:00
2026-05-13 07:30:00,89.81,07:30:00
2026-05-13 07:45:00,89.81,07:45:00
2026-05-13 08:00:00,87.1,08:00:00
2026-05-13 08:15:00,87.1,08:15:00
2026-05-13 08:30:00,102.54,08:30:00
2026-05-13 08:45:00,102.54,08:45:00
2026-05-13 09:00:00,98.86,09:00:00
2026-05-13 09:15:00,98.86,09:15:00
2026-05-13 09:30:00,101.85,09:30:00
2026-05-13 09:45:00,101.85,09:45:00
2026-05-13 10:00:00,103.45,10:00:00
2026-05-13 10:15:00,103.45,10:15:00
2026-05-13 10:30:00,102.09,10:30:00
2026-05-13 10:45:00,102.09,10:45:00
2026-05-13 12:00:00,106.24,12:00:00
2026-05-13 12:15:00,106.24,12:15:00
2026-05-13 12:30:00,104.8,12:30:00
2026-05-13 12:45:00,104.8,12:45:00
2026-05-13 13:00:00,106.88,13:00:00
2026-05-13 13:15:00,106.88,13:15:00
2026-05-13 13:30:00,109.4,13:30:00
2026-05-13 13:45:00,109.4,13:45:00
2026-05-13 14:00:00,107.92,14:00:00
2026-05-13 14:15:00,107.92,14:15:00
2026-05-13 14:30:00,108.81,14:30:00
2026-05-13 14:45:00,108.81,14:45:00
2026-05-13 15:00:00,110.58,15:00:00
2026-05-13 15:15:00,110.58,15:15:00
2026-05-13 15:30:00,114.59,15:30:00
2026-05-13 15:45:00,114.59,15:45:00
2026-05-13 16:00:00,118.86,16:00:00
2026-05-13 16:15:00,118.86,16:15:00
2026-05-13 16:30:00,126.57,16:30:00
2026-05-13 16:45:00,126.57,16:45:00
2026-05-13 17:00:00,130.71,17:00:00
2026-05-13 17:15:00,130.71,17:15:00
2026-05-13 17:30:00,115.49,17:30:00
2026-05-13 17:45:00,115.49,17:45:00
2026-05-13 18:00:00,100.93,18:00:00
2026-05-13 18:15:00,100.93,18:15:00
2026-05-13 18:30:00,100.08,18:30:00
2026-05-13 18:45:00,100.08,18:45:00
2026-05-13 19:00:00,112.51,19:00:00
2026-05-13 19:15:00,112.51,19:15:00
2026-05-13 19:30:00,112.39,19:30:00
2026-05-13 19:45:00,112.39,19:45:00
2026-05-13 20:00:00,116.57,20:00:00
2026-05-13 20:15:00,116.57,20:15:00
2026-05-13 20:30:00,109.83,20:30:00
2026-05-13 20:45:00,109.83,20:45:00
2026-05-13 21:00:00,113.36,21:00:00
2026-05-13 21:15:00,113.33,21:15:00
2026-05-13 21:30:00,89.85,21:30:00
2026-05-13 21:45:00,89.83,21:45:00
2026-05-13 22:00:00,83.18,22:00:00
2026-05-13 22:15:00,83.16,22:15:00
2026-05-13 22:30:00,84.23,22:30:00
2026-05-13 22:45:00,84.22,22:45:00
2026-05-13 23:00:00,77.55,23:00:00
2026-05-13 23:15:00,77.55,23:15:00
2026-05-13 23:30:00,88.46,23:30:00
2026-05-13 23:45:00,88.46,23:45:00
2026-05-14 01:00:00,104.13,01:00:00
2026-05-14 01:15:00,104.15,01:15:00
2026-05-14 01:30:00,106.18,01:30:00
2026-05-14 01:45:00,106.17,01:45:00
2026-05-14 02:00:00,102.58,02:00:00
2026-05-14 02:15:00,102.58,02:15:00
2026-05-14 02:30:00,103.04,02:30:00
2026-05-14 02:45:00,103.04,02:45:00
2026-05-14 03:00:00,106.13,03:00:00
2026-05-14 03:15:00,106.14,03:15:00
2026-05-14 03:30:00,105.03,03:30:00
2026-05-14 03:45:00,105.02,03:45:00
2026-05-14 04:00:00,103.15,04:00:00
2026-05-14 04:15:00,103.14,04:15:00
2026-05-14 04:30:00,104.13,04:30:00
2026-05-14 04:45:00,104.16,04:45:00
2026-05-14 05:00:00,104.89,05:00:00
2026-05-14 05:15:00,104.89,05:15:00
2026-05-14 05:30:00,119.52,05:30:00
2026-05-14 05:45:00,119.51,05:45:00
2026-05-14 06:00:00,118.03,06:00:00
2026-05-14 06:15:00,118.09,06:15:00
2026-05-14 06:30:00,129.46,06:30:00
2026-05-14 06:45:00,129.45,06:45:00
2026-05-14 07:00:00,130.03,07:00:00
2026-05-14 07:15:00,130.09,07:15:00
2026-05-14 07:30:00,135.42,07:30:00
2026-05-14 07:45:00,135.35,07:45:00
2026-05-14 08:00:00,139.83,08:00:00
2026-05-14 08:15:00,139.83,08:15:00
2026-05-14 08:30:00,139.52,08:30:00
2026-05-14 08:45:00,139.54,08:45:00
2026-05-14 09:00:00,133.7,09:00:00
2026-05-14 09:15:00,133.67,09:15:00
2026-05-14 09:30:00,117.07,09:30:00
2026-05-14 09:45:00,117.09,09:45:00
2026-05-14 10:00:00,126.03,10:00:00
2026-05-14 10:15:00,126.03,10:15:00
2026-05-14 10:30:00,119.76,10:30:00
2026-05-14 10:45:00,119.76,10:45:00
2026-05-14 11:00:00,101.38,11:00:00
2026-05-14 11:15:00,101.38,11:15:00
2026-05-14 11:30:00,74.32,11:30:00
2026-05-14 11:45:00,74.33,11:45:00
2026-05-14 12:00:00,91.37,12:00:00
2026-05-14 12:15:00,91.37,12:15:00
2026-05-14 12:30:00,92.2,12:30:00
2026-05-14 12:45:00,92.2,12:45:00
2026-05-14 13:00:00,87.44,13:00:00
2026-05-14 13:15:00,87.44,13:15:00
2026-05-14 13:30:00,88.78,13:30:00
2026-05-14 13:45:00,88.78,13:45:00
2026-05-14 14:00:00,88.11,14:00:00
2026-05-14 14:15:00,88.11,14:15:00
2026-05-14 14:30:00,81.98,14:30:00
2026-05-14 14:45:00,81.98,14:45:00
2026-05-14 15:00:00,88.1,15:00:00
2026-05-14 15:15:00,88.1,15:15:00
2026-05-14 15:30:00,88.9,15:30:00
2026-05-14 15:45:00,88.9,15:45:00
2026-05-14 16:00:00,94.32,16:00:00
2026-05-14 16:15:00,94.32,16:15:00
2026-05-14 16:30:00,100.26,16:30:00
2026-05-14 16:45:00,100.26,16:45:00
2026-05-14 17:00:00,100.13,17:00:00
2026-05-14 17:15:00,100.13,17:15:00
2026-05-14 17:30:00,100.57,17:30:00
2026-05-14 17:45:00,100.57,17:45:00
2026-05-14 18:00:00,101.32,18:00:00
2026-05-14 18:15:00,101.32,18:15:00
2026-05-14 18:30:00,102.75,18:30:00
2026-05-14 18:45:00,102.75,18:45:00
2026-05-14 19:00:00,112.69,19:00:00
2026-05-14 19:15:00,112.69,19:15:00
2026-05-14 19:30:00,116.64,19:30:00
2026-05-14 19:45:00,116.69,19:45:00
2026-05-14 20:00:00,129.9,20:00:00
2026-05-14 20:15:00,130.01,20:15:00
2026-05-14 20:30:00,134.29,20:30:00
2026-05-14 20:45:00,134.32,20:45:00
2026-05-14 21:00:00,145.39,21:00:00
2026-05-14 21:15:00,145.32,21:15:00
2026-05-14 21:30:00,147.44,21:30:00
2026-05-14 21:45:00,147.41,21:45:00
2026-05-14 22:00:00,141.68,22:00:00
2026-05-14 22:15:00,141.65,22:15:00
2026-05-14 22:30:00,148.27,22:30:00
2026-05-14 22:45:00,148.32,22:45:00
2026-05-14 23:00:00,149.53,23:00:00
2026-05-14 23:15:00,149.58,23:15:00
2026-05-14 23:30:00,179.71,23:30:00
2026-05-14 23:45:00,179.67,23:45:00
2026-05-15 00:00:00,191.71,00:00:00
2026-05-15 00:15:00,191.61,00:15:00
2026-05-15 00:30:00,181.85,00:30:00
2026-05-15 00:45:00,181.91,00:45:00
2026-05-15 01:00:00,181.62,01:00:00
2026-05-15 01:15:00,181.58,01:15:00
2026-05-15 01:30:00,185.58,01:30:00
2026-05-15 01:45:00,185.62,01:45:00
2026-05-15 02:00:00,188.99,02:00:00
2026-05-15 02:15:00,189.03,02:15:00
2026-05-15 02:30:00,206.03,02:30:00
2026-05-15 02:45:00,206.06,02:45:00
2026-05-15 03:00:00,194.0,03:00:00
2026-05-15 03:15:00,194.04,03:15:00
2026-05-15 03:30:00,211.68,03:30:00
2026-05-15 03:45:00,211.69,03:45:00
2026-05-15 04:00:00,201.21,04:00:00
2026-05-15 04:15:00,201.26,04:15:00
2026-05-15 04:30:00,200.12,04:30:00
2026-05-15 04:45:00,200.17,04:45:00
2026-05-15 05:00:00,213.03,05:00:00
2026-05-15 05:15:00,212.96,05:15:00
2026-05-15 05:30:00,222.49,05:30:00
2026-05-15 05:45:00,222.34,05:45:00
2026-05-15 06:00:00,233.97,06:00:00
2026-05-15 06:15:00,233.61,06:15:00
2026-05-15 06:30:00,239.69,06:30:00
2026-05-15 06:45:00,239.2,06:45:00
2026-05-15 07:00:00,239.61,07:00:00
2026-05-15 07:15:00,239.41,07:15:00
2026-05-15 07:30:00,236.53,07:30:00
2026-05-15 07:45:00,236.33,07:45:00
2026-05-15 08:00:00,225.2,08:00:00
2026-05-15 08:15:00,225.04,08:15:00
2026-05-15 08:30:00,214.13,08:30:00
2026-05-15 08:45:00,214.14,08:45:00
2026-05-15 09:00:00,209.92,09:00:00
2026-05-15 09:15:00,210.73,09:15:00
2026-05-15 09:30:00,208.44,09:30:00
2026-05-15 09:45:00,208.93,09:45:00
2026-05-15 10:00:00,205.5,10:00:00
2026-05-15 10:15:00,205.27,10:15:00
2026-05-15 10:30:00,205.19,10:30:00
2026-05-15 10:45:00,205.01,10:45:00
2026-05-15 11:00:00,209.09,11:00:00
2026-05-15 11:15:00,208.93,11:15:00
2026-05-15 11:30:00,200.75,11:30:00
2026-05-15 11:45:00,200.78,11:45:00
2026-05-15 12:00:00,201.0,12:00:00
2026-05-15 12:15:00,201.14,12:15:00
2026-05-15 12:30:00,193.45,12:30:00
2026-05-15 12:45:00,193.51,12:45:00
2026-05-15 14:00:00,192.84,14:00:00
2026-05-15 14:15:00,193.02,14:15:00
2026-05-15 14:30:00,199.59,14:30:00
2026-05-15 14:45:00,199.49,14:45:00
2026-05-15 15:00:00,210.91,15:00:00
2026-05-15 15:15:00,210.94,15:15:00
2026-05-15 15:30:00,230.31,15:30:00
2026-05-15 15:45:00,230.46,15:45:00
2026-05-15 17:00:00,259.65,17:00:00
2026-05-15 17:15:00,259.8,17:15:00
2026-05-15 17:30:00,248.01,17:30:00
2026-05-15 17:45:00,248.47,17:45:00
2026-05-15 18:00:00,253.25,18:00:00
2026-05-15 18:15:00,253.98,18:15:00
2026-05-15 18:30:00,268.29,18:30:00
2026-05-15 18:45:00,268.16,18:45:00
2026-05-15 19:00:00,275.66,19:00:00
2026-05-15 19:15:00,275.57,19:15:00
2026-05-15 19:30:00,278.47,19:30:00
2026-05-15 19:45:00,278.38,19:45:00
2026-05-15 20:00:00,277.32,20:00:00
2026-05-15 20:15:00,276.93,20:15:00
2026-05-15 20:30:00,278.01,20:30:00
2026-05-15 20:45:00,277.97,20:45:00
2026-05-15 21:00:00,276.58,21:00:00
2026-05-15 21:15:00,276.79,21:15:00
2026-05-15 21:30:00,278.36,21:30:00
2026-05-15 21:45:00,278.33,21:45:00
2026-05-15 22:00:00,274.28,22:00:00
2026-05-15 22:15:00,274.46,22:15:00
2026-05-15 22:30:00,274.71,22:30:00
2026-05-15 22:45:00,275.02,22:45:00
2026-05-15 23:00:00,281.04,23:00:00
2026-05-15 23:15:00,281.12,23:15:00
2026-05-15 23:30:00,283.63,23:30:00
2026-05-15 23:45:00,283.43,23:45:00
2026-05-16 00:00:00,284.88,00:00:00
2026-05-16 00:15:00,284.79,00:15:00
2026-05-16 00:30:00,282.18,00:30:00
2026-05-16 00:45:00,282.1,00:45:00
2026-05-16 01:00:00,279.41,01:00:00
2026-05-16 01:15:00,279.17,01:15:00
2026-05-16 01:30:00,281.52,01:30:00
2026-05-16 01:45:00,281.5,01:45:00
2026-05-16 02:00:00,284.2,02:00:00
2026-05-16 02:15:00,284.33,02:15:00
2026-05-16 02:30:00,280.61,02:30:00
2026-05-16 02:45:00,280.42,02:45:00
2026-05-16 03:00:00,273.98,03:00:00
2026-05-16 03:15:00,273.91,03:15:00
2026-05-16 03:30:00,270.76,03:30:00
2026-05-16 03:45:00,270.74,03:45:00
2026-05-16 04:00:00,266.04,04:00:00
2026-05-16 04:15:00,266.6,04:15:00
2026-05-16 04:30:00,266.64,04:30:00
2026-05-16 04:45:00,267.35,04:45:00
2026-05-16 05:00:00,269.8,05:00:00
2026-05-16 05:15:00,269.77,05:15:00
2026-05-16 05:30:00,270.0,05:30:00
2026-05-16 05:45:00,269.43,05:45:00
2026-05-16 06:00:00,268.02,06:00:00
2026-05-16 06:15:00,267.46,06:15:00
2026-05-16 06:30:00,265.44,06:30:00
2026-05-16 06:45:00,265.34,06:45:00
2026-05-16 09:00:00,184.25,09:00:00
2026-05-16 09:15:00,184.26,09:15:00
2026-05-16 09:30:00,174.31,09:30:00
2026-05-16 09:45:00,174.25,09:45:00
2026-05-16 10:00:00,158.93,10:00:00
2026-05-16 10:15:00,158.99,10:15:00
2026-05-16 10:30:00,152.66,10:30:00
2026-05-16 10:45:00,152.67,10:45:00
2026-05-16 11:00:00,148.06,11:00:00
2026-05-16 11:15:00,148.04,11:15:00
2026-05-16 11:30:00,130.76,11:30:00
2026-05-16 11:45:00,130.78,11:45:00
2026-05-16 12:00:00,103.03,12:00:00
2026-05-16 12:15:00,103.03,12:15:00
2026-05-16 12:30:00,104.16,12:30:00
2026-05-16 12:45:00,104.16,12:45:00
2026-05-16 13:00:00,114.67,13:00:00
2026-05-16 13:15:00,114.67,13:15:00
2026-05-16 13:30:00,118.23,13:30:00
2026-05-16 13:45:00,118.23,13:45:00
2026-05-16 14:00:00,106.09,14:00:00
2026-05-16 14:15:00,106.09,14:15:00
2026-05-16 14:30:00,110.57,14:30:00
2026-05-16 14:45:00,110.57,14:45:00
2026-05-16 15:00:00,104.42,15:00:00
2026-05-16 15:15:00,104.42,15:15:00
2026-05-16 15:30:00,116.02,15:30:00
2026-05-16 15:45:00,116.02,15:45:00
2026-05-16 16:00:00,114.81,16:00:00
2026-05-16 16:15:00,114.81,16:15:00
2026-05-16 16:30:00,118.22,16:30:00
2026-05-16 16:45:00,118.22,16:45:00
2026-05-16 17:00:00,118.15,17:00:00
2026-05-16 17:15:00,118.15,17:15:00
2026-05-16 17:30:00,123.3,17:30:00
2026-05-16 17:45:00,123.3,17:45:00
2026-05-16 18:00:00,126.8,18:00:00
2026-05-16 18:15:00,126.8,18:15:00
2026-05-16 18:30:00,130.28,18:30:00
2026-05-16 18:45:00,130.28,18:45:00
2026-05-16 19:00:00,147.08,19:00:00
2026-05-16 19:15:00,147.08,19:15:00
2026-05-16 19:30:00,169.81,19:30:00
2026-05-16 19:45:00,169.81,19:45:00
2026-05-16 20:00:00,180.55,20:00:00
2026-05-16 20:15:00,180.55,20:15:00
2026-05-16 20:30:00,179.87,20:30:00
2026-05-16 20:45:00,179.87,20:45:00
2026-05-16 21:00:00,190.3,21:00:00
2026-05-16 21:15:00,190.31,21:15:00
2026-05-16 21:30:00,188.86,21:30:00
2026-05-16 21:45:00,188.83,21:45:00
2026-05-16 22:00:00,188.03,22:00:00
2026-05-16 22:15:00,188.0,22:15:00
2026-05-16 22:30:00,184.9,22:30:00
2026-05-16 22:45:00,184.89,22:45:00
2026-05-16 23:00:00,176.09,23:00:00
2026-05-16 23:15:00,176.09,23:15:00
2026-05-16 23:30:00,176.99,23:30:00
2026-05-16 23:45:00,176.98,23:45:00
2026-05-17 00:00:00,184.13,00:00:00
2026-05-17 00:15:00,184.13,00:15:00
2026-05-17 00:30:00,185.43,00:30:00
2026-05-17 00:45:00,185.44,00:45:00
2026-05-17 01:00:00,181.17,01:00:00
2026-05-17 01:15:00,181.1,01:15:00
2026-05-17 01:30:00,182.04,01:30:00
2026-05-17 01:45:00,182.08,01:45:00
2026-05-17 02:00:00,183.26,02:00:00
2026-05-17 02:15:00,183.33,02:15:00
2026-05-17 02:30:00,183.01,02:30:00
2026-05-17 02:45:00,183.04,02:45:00
2026-05-17 03:00:00,172.84,03:00:00
2026-05-17 03:15:00,172.94,03:15:00
2026-05-17 03:30:00,169.78,03:30:00
2026-05-17 03:45:00,169.85,03:45:00
2026-05-17 04:00:00,166.42,04:00:00
2026-05-17 04:15:00,166.44,04:15:00
2026-05-17 04:30:00,144.04,04:30:00
2026-05-17 04:45:00,143.92,04:45:00
2026-05-17 05:00:00,156.91,05:00:00
2026-05-17 05:15:00,156.71,05:15:00
2026-05-17 05:30:00,139.22,05:30:00
2026-05-17 05:45:00,139.24,05:45:00
2026-05-17 06:00:00,141.47,06:00:00
2026-05-17 06:15:00,141.52,06:15:00
2026-05-17 06:30:00,151.58,06:30:00
2026-05-17 06:45:00,151.54,06:45:00
2026-05-17 07:00:00,163.68,07:00:00
2026-05-17 07:15:00,163.53,07:15:00
2026-05-17 07:30:00,158.59,07:30:00
2026-05-17 07:45:00,158.51,07:45:00
2026-05-17 08:00:00,150.25,08:00:00
2026-05-17 08:15:00,150.22,08:15:00
2026-05-17 08:30:00,138.47,08:30:00
2026-05-17 08:45:00,138.47,08:45:00
2026-05-17 09:00:00,138.69,09:00:00
2026-05-17 09:15:00,138.69,09:15:00
2026-05-17 09:30:00,137.93,09:30:00
2026-05-17 09:45:00,137.91,09:45:00
2026-05-17 10:00:00,124.17,10:00:00
2026-05-17 10:15:00,124.21,10:15:00
2026-05-17 10:30:00,141.55,10:30:00
2026-05-17 10:45:00,141.56,10:45:00
2026-05-17 11:00:00,161.43,11:00:00
2026-05-17 11:15:00,161.41,11:15:00
2026-05-17 11:30:00,146.04,11:30:00
2026-05-17 11:45:00,146.04,11:45:00
2026-05-17 13:00:00,128.85,13:00:00
2026-05-17 13:15:00,128.86,13:15:00
2026-05-17 13:30:00,135.25,13:30:00
2026-05-17 13:45:00,135.29,13:45:00
2026-05-17 14:00:00,155.78,14:00:00
2026-05-17 14:15:00,155.85,14:15:00
2026-05-17 14:30:00,176.38,14:30:00
2026-05-17 14:45:00,176.42,14:45:00
2026-05-17 15:00:00,172.09,15:00:00
2026-05-17 15:15:00,172.14,15:15:00
2026-05-17 15:30:00,178.6,15:30:00
2026-05-17 15:45:00,178.6,15:45:00
2026-05-17 16:00:00,172.69,16:00:00
2026-05-17 16:15:00,172.85,16:15:00
2026-05-17 16:30:00,174.76,16:30:00
2026-05-17 16:45:00,174.78,16:45:00
2026-05-17 17:00:00,185.86,17:00:00
2026-05-17 17:15:00,185.81,17:15:00
2026-05-17 17:30:00,188.55,17:30:00
2026-05-17 17:45:00,188.46,17:45:00
2026-05-17 18:00:00,198.26,18:00:00
2026-05-17 18:15:00,198.3,18:15:00
2026-05-17 18:30:00,202.22,18:30:00
2026-05-17 18:45:00,202.24,18:45:00
2026-05-17 19:00:00,203.35,19:00:00
2026-05-17 19:15:00,203.32,19:15:00
2026-05-17 19:30:00,200.52,19:30:00
2026-05-17 19:45:00,200.57,19:45:00
2026-05-17 20:00:00,216.73,20:00:00
2026-05-17 20:15:00,216.65,20:15:00
2026-05-17 20:30:00,212.24,20:30:00
2026-05-17 20:45:00,212.21,20:45:00
2026-05-17 21:00:00,216.43,21:00:00
2026-05-17 21:15:00,216.48,21:15:00
2026-05-17 21:30:00,234.16,21:30:00
2026-05-17 21:45:00,234.29,21:45:00
2026-05-17 22:00:00,249.71,22:00:00
2026-05-17 22:15:00,249.91,22:15:00
2026-05-17 22:30:00,262.35,22:30:00
2026-05-17 22:45:00,262.32,22:45:00
2026-05-17 23:00:00,263.6,23:00:00
2026-05-17 23:15:00,263.61,23:15:00
2026-05-17 23:30:00,276.95,23:30:00
2026-05-17 23:45:00,276.54,23:45:00
2026-05-18 01:00:00,301.66,01:00:00
2026-05-18 01:15:00,301.57,01:15:00
2026-05-18 01:30:00,306.83,01:30:00
2026-05-18 01:45:00,307.04,01:45:00
2026-05-18 02:00:00,308.56,02:00:00
2026-05-18 02:15:00,308.79,02:15:00
2026-05-18 02:30:00,315.36,02:30:00
2026-05-18 02:45:00,315.14,02:45:00
2026-05-18 03:00:00,323.01,03:00:00
2026-05-18 03:15:00,322.63,03:15:00
2026-05-18 03:30:00,325.79,03:30:00
2026-05-18 03:45:00,326.38,03:45:00
2026-05-18 04:00:00,335.15,04:00:00
2026-05-18 04:15:00,335.68,04:15:00
2026-05-18 04:30:00,341.09,04:30:00
2026-05-18 04:45:00,341.26,04:45:00
2026-05-18 05:00:00,338.0,05:00:00
2026-05-18 05:15:00,338.03,05:15:00
2026-05-18 05:30:00,339.7,05:30:00
2026-05-18 05:45:00,339.3,05:45:00
2026-05-18 06:00:00,339.69,06:00:00
2026-05-18 06:15:00,339.06,06:15:00
2026-05-18 06:30:00,332.45,06:30:00
2026-05-18 06:45:00,332.39,06:45:00
2026-05-18 07:00:00,328.77,07:00:00
2026-05-18 07:15:00,328.95,07:15:00
2026-05-18 07:30:00,324.25,07:30:00
2026-05-18 07:45:00,324.46,07:45:00
2026-05-18 08:00:00,317.24,08:00:00
2026-05-18 08:15:00,317.2,08:15:00
2026-05-18 08:30:00,306.14,08:30:00
2026-05-18 08:45:00,305.97,08:45:00
2026-05-18 09:00:00,299.83,09:00:00
2026-05-18 09:15:00,299.73,09:15:00
2026-05-18 09:30:00,284.84,09:30:00
2026-05-18 09:45:00,284.75,09:45:00
2026-05-18 10:00:00,276.19,10:00:00
2026-05-18 10:15:00,276.04,10:15:00
2026-05-18 10:30:00,256.0,10:30:00
2026-05-18 10:45:00,255.97,10:45:00
2026-05-18 11:00:00,226.36,11:00:00
2026-05-18 11:15:00,226.31,11:15:00
2026-05-18 11:30:00,204.08,11:30:00
2026-05-18 11:45:00,204.13,11:45:00
2026-05-18 12:00:00,177.59,12:00:00
2026-05-18 12:15:00,177.62,12:15:00
2026-05-18 12:30:00,157.43,12:30:00
2026-05-18 12:45:00,157.41,12:45:00
2026-05-18 13:00:00,145.5,13:00:00
2026-05-18 13:15:00,145.56,13:15:00
2026-05-18 13:30:00,126.18,13:30:00
2026-05-18 13:45:00,126.24,13:45:00
2026-05-18 14:00:00,127.79,14:00:00
2026-05-18 14:15:00,127.44,14:15:00
2026-05-18 14:30:00,128.14,14:30:00
2026-05-18 14:45:00,127.94,14:45:00
2026-05-18 15:00:00,128.57,15:00:00
2026-05-18 15:15:00,128.6,15:15:00
2026-05-18 15:30:00,127.47,15:30:00
2026-05-18 15:45:00,127.33,15:45:00
2026-05-18 16:00:00,119.91,16:00:00
2026-05-18 16:15:00,119.9,16:15:00
2026-05-18 16:30:00,120.1,16:30:00
2026-05-18 16:45:00,120.08,16:45:00
2026-05-18 17:00:00,121.36,17:00:00
2026-05-18 17:15:00,121.35,17:15:00
2026-05-18 17:30:00,130.43,17:30:00
2026-05-18 17:45:00,130.43,17:45:00
2026-05-18 19:00:00,147.61,19:00:00
2026-05-18 19:15:00,147.61,19:15:00
2026-05-18 19:30:00,153.67,19:30:00
2026-05-18 19:45:00,153.67,19:45:00
2026-05-18 20:00:00,156.8,20:00:00
2026-05-18 20:15:00,156.8,20:15:00
2026-05-18 20:30:00,163.38,20:30:00
2026-05-18 20:45:00,163.38,20:45:00
2026-05-18 21:00:00,162.04,21:00:00
2026-05-18 21:15:00,162.04,21:15:00
2026-05-18 21:30:00,158.96,21:30:00
2026-05-18 21:45:00,158.96,21:45:00
2026-05-18 22:00:00,158.5,22:00:00
2026-05-18 22:15:00,158.5,22:15:00
2026-05-18 22:30:00,151.51,22:30:00
2026-05-18 22:45:00,151.51,22:45:00
2026-05-19 00:00:00,154.63,00:00:00
2026-05-19 00:15:00,154.63,00:15:00
2026-05-19 00:30:00,146.52,00:30:00
2026-05-19 00:45:00,146.52,00:45:00
2026-05-19 01:00:00,152.03,01:00:00
2026-05-19 01:15:00,152.03,01:15:00
2026-05-19 01:30:00,150.82,01:30:00
2026-05-19 01:45:00,150.82,01:45:00
2026-05-19 02:00:00,130.92,02:00:00
2026-05-19 02:15:00,130.92,02:15:00
2026-05-19 02:30:00,116.17,02:30:00
2026-05-19 02:45:00,116.18,02:45:00
2026-05-19 03:00:00,116.21,03:00:00
2026-05-19 03:15:00,116.21,03:15:00
2026-05-19 03:30:00,114.09,03:30:00
2026-05-19 03:45:00,114.11,03:45:00
2026-05-19 04:00:00,93.98,04:00:00
2026-05-19 04:15:00,94.0,04:15:00
2026-05-19 04:30:00,94.51,04:30:00
2026-05-19 04:45:00,94.54,04:45:00
2026-05-19 05:00:00,101.27,05:00:00
2026-05-19 05:15:00,101.28,05:15:00
2026-05-19 05:30:00,115.71,05:30:00
2026-05-19 05:45:00,115.69,05:45:00
2026-05-19 06:00:00,101.8,06:00:00
2026-05-19 06:15:00,101.8,06:15:00
2026-05-19 06:30:00,116.87,06:30:00
2026-05-19 06:45:00,116.83,06:45:00
2026-05-19 07:00:00,129.05,07:00:00
2026-05-19 07:15:00,128.97,07:15:00
2026-05-19 07:30:00,127.8,07:30:00
2026-05-19 07:45:00,127.73,07:45:00
2026-05-19 08:00:00,122.5,08:00:00
2026-05-19 08:15:00,122.38,08:15:00
2026-05-19 08:30:00,112.36,08:30:00
2026-05-19 08:45:00,112.29,08:45:00
2026-05-19 09:00:00,102.28,09:00:00
2026-05-19 09:15:00,102.24,09:15:00
2026-05-19 09:30:00,102.12,09:30:00
2026-05-19 09:45:00,102.09,09:45:00
2026-05-19 10:00:00,98.4,10:00:00
2026-05-19 10:15:00,98.41,10:15:00
2026-05-19 10:30:00,95.98,10:30:00
2026-05-19 10:45:00,95.97,10:45:00
2026-05-19 11:00:00,98.77,11:00:00
2026-05-19 11:15:00,98.8,11:15:00
2026-05-19 11:30:00,98.58,11:30:00
2026-05-19 11:45:00,98.6,11:45:00
2026-05-19 12:00:00,96.0,12:00:00
2026-05-19 12:15:00,96.02,12:15:00
2026-05-19 12:30:00,99.38,12:30:00
2026-05-19 12:45:00,99.39,12:45:00
2026-05-19 13:00:00,104.13,13:00:00
2026-05-19 13:15:00,104.14,13:15:00
2026-05-19 13:30:00,90.01,13:30:00
2026-05-19 13:45:00,89.96,13:45:00
2026-05-19 14:00:00,88.58,14:00:00
2026-05-19 14:15:00,88.79,14:15:00
2026-05-19 14:30:00,87.1,14:30:00
2026-05-19 14:45:00,87.11,14:45:00
2026-05-19 15:00:00,111.14,15:00:00
2026-05-19 15:15:00,111.13,15:15:00
2026-05-19 15:30:00,133.92,15:30:00
2026-05-19 15:45:00,133.94,15:45:00
2026-05-19 16:00:00,131.77,16:00:00
2026-05-19 16:15:00,131.77,16:15:00
2026-05-19 16:30:00,132.27,16:30:00
2026-05-19 16:45:00,132.93,16:45:00
2026-05-19 17:00:00,135.88,17:00:00
2026-05-19 17:15:00,136.86,17:15:00
2026-05-19 17:30:00,138.68,17:30:00
2026-05-19 17:45:00,138.69,17:45:00
2026-05-19 18:00:00,143.96,18:00:00
2026-05-19 18:15:00,143.98,18:15:00
2026-05-19 18:30:00,147.49,18:30:00
2026-05-19 18:45:00,147.52,18:45:00
2026-05-19 19:00:00,139.19,19:00:00
2026-05-19 19:15:00,139.18,19:15:00
2026-05-19 19:30:00,131.6,19:30:00
2026-05-19 19:45:00,131.69,19:45:00
2026-05-19 20:00:00,110.61,20:00:00
2026-05-19 20:15:00,110.6,20:15:00
2026-05-19 20:30:00,106.95,20:30:00
2026-05-19 20:45:00,106.28,20:45:00
2026-05-19 21:00:00,107.28,21:00:00
2026-05-19 21:15:00,107.1,21:15:00
2026-05-19 21:30:00,107.22,21:30:00
2026-05-19 21:45:00,107.09,21:45:00
2026-05-19 22:00:00,108.3,22:00:00
2026-05-19 22:15:00,108.86,22:15:00
2026-05-19 22:30:00,107.82,22:30:00
2026-05-19 22:45:00,107.82,22:45:00
2026-05-19 23:00:00,95.05,23:00:00
2026-05-19 23:15:00,95.61,23:15:00
2026-05-19 23:30:00,93.91,23:30:00
2026-05-19 23:45:00,93.93,23:45:00
2026-05-20 00:00:00,96.54,00:00:00
2026-05-20 00:15:00,96.19,00:15:00
2026-05-20 00:30:00,95.57,00:30:00
2026-05-20 00:45:00,95.56,00:45:00
2026-05-20 01:00:00,91.61,01:00:00
2026-05-20 01:15:00,91.14,01:15:00
2026-05-20 01:30:00,92.47,01:30:00
2026-05-20 01:45:00,92.47,01:45:00
2026-05-20 02:00:00,99.97,02:00:00
2026-05-20 02:15:00,99.97,02:15:00
2026-05-20 02:30:00,97.39,02:30:00
2026-05-20 02:45:00,97.38,02:45:00
2026-05-20 03:00:00,90.68,03:00:00
2026-05-20 03:15:00,90.69,03:15:00
2026-05-20 03:30:00,86.43,03:30:00
2026-05-20 03:45:00,86.43,03:45:00
2026-05-20 04:00:00,96.99,04:00:00
2026-05-20 04:15:00,96.99,04:15:00
2026-05-20 04:30:00,106.78,04:30:00
2026-05-20 04:45:00,107.49,04:45:00
2026-05-20 05:00:00,102.31,05:00:00
2026-05-20 05:15:00,102.81,05:15:00
2026-05-20 05:30:00,113.81,05:30:00
2026-05-20 05:45:00,113.78,05:45:00
2026-05-20 06:00:00,105.09,06:00:00
2026-05-20 06:15:00,106.79,06:15:00
2026-05-20 06:30:00,122.94,06:30:00
2026-05-20 06:45:00,122.85,06:45:00
2026-05-20 07:00:00,137.79,07:00:00
2026-05-20 07:15:00,137.56,07:15:00
2026-05-20 07:30:00,132.65,07:30:00
2026-05-20 07:45:00,132.77,07:45:00
2026-05-20 08:00:00,133.02,08:00:00
2026-05-20 08:15:00,131.16,08:15:00
2026-05-20 08:30:00,130.72,08:30:00
2026-05-20 08:45:00,130.74,08:45:00
2026-05-20 09:00:00,137.54,09:00:00
2026-05-20 09:15:00,137.67,09:15:00
2026-05-20 09:30:00,129.66,09:30:00
2026-05-20 09:45:00,129.68,09:45:00
2026-05-20 10:00:00,122.49,10:00:00
2026-05-20 10:15:00,122.59,10:15:00
2026-05-20 10:30:00,122.6,10:30:00
2026-05-20 10:45:00,122.74,10:45:00
2026-05-20 11:00:00,119.88,11:00:00
2026-05-20 11:15:00,120.51,11:15:00
2026-05-20 11:30:00,118.77,11:30:00
2026-05-20 11:45:00,119.11,11:45:00
2026-05-20 14:00:00,123.31,14:00:00
2026-05-20 14:15:00,123.32,14:15:00
2026-05-20 14:30:00,114.98,14:30:00
2026-05-20 14:45:00,115.0,14:45:00
2026-05-20 15:00:00,114.18,15:00:00
2026-05-20 15:15:00,115.64,15:15:00
2026-05-20 15:30:00,123.86,15:30:00
2026-05-20 15:45:00,123.98,15:45:00
2026-05-20 16:00:00,129.41,16:00:00
2026-05-20 16:15:00,129.5,16:15:00
2026-05-20 16:30:00,137.16,16:30:00
2026-05-20 16:45:00,136.82,16:45:00
2026-05-20 17:00:00,150.85,17:00:00
2026-05-20 17:15:00,150.8,17:15:00
2026-05-20 17:30:00,156.94,17:30:00
2026-05-20 17:45:00,159.59,17:45:00
2026-05-20 18:00:00,177.13,18:00:00
2026-05-20 18:15:00,177.06,18:15:00
2026-05-20 18:30:00,190.34,18:30:00
2026-05-20 18:45:00,192.41,18:45:00
2026-05-20 19:00:00,189.73,19:00:00
2026-05-20 19:15:00,189.57,19:15:00
2026-05-20 19:30:00,197.09,19:30:00
2026-05-20 19:45:00,197.06,19:45:00
2026-05-20 20:00:00,188.04,20:00:00
2026-05-20 20:15:00,188.0,20:15:00
2026-05-20 20:30:00,183.24,20:30:00
2026-05-20 20:45:00,183.31,20:45:00
2026-05-20 21:00:00,172.02,21:00:00
2026-05-20 21:15:00,172.11,21:15:00
2026-05-20 21:30:00,157.74,21:30:00
2026-05-20 21:45:00,157.92,21:45:00
2026-05-20 22:00:00,151.45,22:00:00
2026-05-20 22:15:00,151.9,22:15:00
2026-05-20 22:30:00,135.6,22:30:00
2026-05-20 22:45:00,136.08,22:45:00
2026-05-20 23:00:00,116.12,23:00:00
2026-05-20 23:15:00,116.16,23:15:00
2026-05-20 23:30:00,133.35,23:30:00
2026-05-20 23:45:00,133.32,23:45:00
2026-05-21 00:00:00,134.64,00:00:00
2026-05-21 00:15:00,134.61,00:15:00
2026-05-21 00:30:00,130.25,00:30:00
2026-05-21 00:45:00,130.26,00:45:00
2026-05-21 01:00:00,116.93,01:00:00
2026-05-21 01:15:00,116.96,01:15:00
2026-05-21 01:30:00,116.1,01:30:00
2026-05-21 01:45:00,116.05,01:45:00
2026-05-21 02:00:00,108.98,02:00:00
2026-05-21 02:15:00,108.96,02:15:00
2026-05-21 02:30:00,113.11,02:30:00
2026-05-21 02:45:00,113.12,02:45:00
2026-05-21 03:00:00,119.67,03:00:00
2026-05-21 03:15:00,119.67,03:15:00
2026-05-21 03:30:00,118.95,03:30:00
2026-05-21 03:45:00,118.94,03:45:00
2026-05-21 04:00:00,116.29,04:00:00
2026-05-21 04:15:00,116.29,04:15:00
2026-05-21 04:30:00,117.37,04:30:00
2026-05-21 04:45:00,117.37,04:45:00
2026-05-21 05:00:00,117.53,05:00:00
2026-05-21 05:15:00,117.52,05:15:00
2026-05-21 05:30:00,130.03,05:30:00
2026-05-21 05:45:00,130.03,05:45:00
2026-05-21 06:00:00,152.79,06:00:00
2026-05-21 06:15:00,152.41,06:15:00
2026-05-21 06:30:00,150.82,06:30:00
2026-05-21 06:45:00,150.78,06:45:00
2026-05-21 07:00:00,163.58,07:00:00
2026-05-21 07:15:00,163.63,07:15:00
2026-05-21 07:30:00,158.08,07:30:00
2026-05-21 07:45:00,158.13,07:45:00
2026-05-21 08:00:00,149.01,08:00:00
2026-05-21 08:15:00,148.95,08:15:00
2026-05-21 08:30:00,139.12,08:30:00
2026-05-21 08:45:00,139.1,08:45:00
2026-05-21 09:00:00,141.33,09:00:00
2026-05-21 09:15:00,139.39,09:15:00
2026-05-21 09:30:00,145.66,09:30:00
2026-05-21 09:45:00,145.67,09:45:00
2026-05-21 10:00:00,124.09,10:00:00
2026-05-21 10:15:00,124.07,10:15:00
2026-05-21 10:30:00,129.6,10:30:00
2026-05-21 10:45:00,129.6,10:45:00
2026-05-21 11:00:00,130.47,11:00:00
2026-05-21 11:15:00,130.48,11:15:00
2026-05-21 11:30:00,138.84,11:30:00
2026-05-21 11:45:00,138.85,11:45:00
2026-05-21 12:00:00,103.37,12:00:00
2026-05-21 12:15:00,103.38,12:15:00
2026-05-21 12:30:00,117.37,12:30:00
2026-05-21 12:45:00,117.35,12:45:00
2026-05-21 13:00:00,142.18,13:00:00
2026-05-21 13:15:00,142.17,13:15:00
2026-05-21 13:30:00,156.99,13:30:00
2026-05-21 13:45:00,157.0,13:45:00
2026-05-21 14:00:00,151.89,14:00:00
2026-05-21 14:15:00,151.9,14:15:00
2026-05-21 14:30:00,149.78,14:30:00
2026-05-21 14:45:00,149.75,14:45:00
2026-05-21 15:00:00,151.68,15:00:00
2026-05-21 15:15:00,151.6,15:15:00
2026-05-21 15:30:00,132.57,15:30:00
2026-05-21 15:45:00,132.62,15:45:00
2026-05-21 16:00:00,130.95,16:00:00
2026-05-21 16:15:00,130.99,16:15:00
2026-05-21 16:30:00,163.55,16:30:00
2026-05-21 16:45:00,163.39,16:45:00
2026-05-21 17:00:00,151.91,17:00:00
2026-05-21 17:15:00,151.92,17:15:00
2026-05-21 17:30:00,169.01,17:30:00
2026-05-21 17:45:00,169.03,17:45:00
2026-05-21 18:00:00,163.97,18:00:00
2026-05-21 18:15:00,163.97,18:15:00
2026-05-21 18:30:00,154.55,18:30:00
2026-05-21 18:45:00,154.55,18:45:00
2026-05-21 19:00:00,149.1,19:00:00
2026-05-21 19:15:00,149.1,19:15:00
2026-05-21 19:30:00,153.86,19:30:00
2026-05-21 19:45:00,153.86,19:45:00
2026-05-21 20:00:00,147.85,20:00:00
2026-05-21 20:15:00,147.85,20:15:00
2026-05-21 20:30:00,136.54,20:30:00
2026-05-21 20:45:00,136.55,20:45:00
2026-05-21 21:00:00,135.3,21:00:00
2026-05-21 21:15:00,135.3,21:15:00
2026-05-21 21:30:00,138.56,21:30:00
2026-05-21 21:45:00,138.56,21:45:00
2026-05-21 22:00:00,142.82,22:00:00
2026-05-21 22:15:00,142.82,22:15:00
2026-05-21 22:30:00,144.37,22:30:00
2026-05-21 22:45:00,144.37,22:45:00
2026-05-21 23:00:00,143.07,23:00:00
2026-05-21 23:15:00,143.07,23:15:00
2026-05-21 23:30:00,149.32,23:30:00
2026-05-21 23:45:00,149.32,23:45:00
2026-05-22 00:00:00,153.96,00:00:00
2026-05-22 00:15:00,153.96,00:15:00
2026-05-22 00:30:00,163.61,00:30:00
2026-05-22 00:45:00,163.61,00:45:00
2026-05-22 01:00:00,154.84,01:00:00
2026-05-22 01:15:00,154.77,01:15:00
2026-05-22 01:30:00,150.41,01:30:00
2026-05-22 01:45:00,150.42,01:45:00
2026-05-22 02:00:00,151.44,02:00:00
2026-05-22 02:15:00,151.65,02:15:00
2026-05-22 02:30:00,152.44,02:30:00
2026-05-22 02:45:00,152.43,02:45:00
2026-05-22 03:00:00,148.2,03:00:00
2026-05-22 03:15:00,148.23,03:15:00
2026-05-22 03:30:00,153.03,03:30:00
2026-05-22 03:45:00,153.24,03:45:00
2026-05-22 04:00:00,159.12,04:00:00
2026-05-22 04:15:00,159.3,04:15:00
2026-05-22 04:30:00,160.01,04:30:00
2026-05-22 04:45:00,159.88,04:45:00
2026-05-22 05:00:00,143.76,05:00:00
2026-05-22 05:15:00,143.56,05:15:00
2026-05-22 05:30:00,158.51,05:30:00
2026-05-22 05:45:00,158.34,05:45:00
2026-05-22 06:00:00,158.56,06:00:00
2026-05-22 06:15:00,158.4,06:15:00
2026-05-22 06:30:00,166.1,06:30:00
2026-05-22 06:45:00,165.83,06:45:00
2026-05-22 07:00:00,171.79,07:00:00
2026-05-22 07:15:00,171.79,07:15:00
2026-05-22 07:30:00,165.59,07:30:00
2026-05-22 07:45:00,165.73,07:45:00
2026-05-22 08:00:00,154.9,08:00:00
2026-05-22 08:15:00,154.94,08:15:00
2026-05-22 08:30:00,159.08,08:30:00
2026-05-22 08:45:00,159.07,08:45:00
2026-05-22 09:00:00,149.13,09:00:00
2026-05-22 09:15:00,149.12,09:15:00
2026-05-22 09:30:00,133.81,09:30:00
2026-05-22 09:45:00,133.75,09:45:00
2026-05-22 10:00:00,124.53,10:00:00
2026-05-22 10:15:00,124.51,10:15:00
2026-05-22 10:30:00,117.71,10:30:00
2026-05-22 10:45:00,117.84,10:45:00
2026-05-22 11:00:00,125.15,11:00:00
2026-05-22 11:15:00,125.12,11:15:00
2026-05-22 11:30:00,154.51,11:30:00
2026-05-22 11:45:00,154.51,11:45:00
2026-05-22 12:00:00,172.26,12:00:00
2026-05-22 12:15:00,172.26,12:15:00
2026-05-22 12:30:00,176.82,12:30:00
2026-05-22 12:45:00,176.84,12:45:00
2026-05-22 13:00:00,177.04,13:00:00
2026-05-22 13:15:00,177.05,13:15:00
2026-05-22 13:30:00,170.38,13:30:00
2026-05-22 13:45:00,170.4,13:45:00
2026-05-22 14:00:00,145.19,14:00:00
2026-05-22 14:15:00,145.18,14:15:00
2026-05-22 14:30:00,123.7,14:30:00
2026-05-22 14:45:00,123.7,14:45:00
2026-05-22 15:00:00,115.68,15:00:00
2026-05-22 15:15:00,115.68,15:15:00
2026-05-22 15:30:00,105.51,15:30:00
2026-05-22 15:45:00,105.36,15:45:00
2026-05-22 16:00:00,142.2,16:00:00
2026-05-22 16:15:00,142.19,16:15:00
2026-05-22 16:30:00,158.68,16:30:00
2026-05-22 16:45:00,158.7,16:45:00
2026-05-22 17:00:00,156.02,17:00:00
2026-05-22 17:15:00,156.04,17:15:00
2026-05-22 17:30:00,138.34,17:30:00
2026-05-22 17:45:00,138.36,17:45:00
2026-05-22 18:00:00,155.56,18:00:00
2026-05-22 18:15:00,155.57,18:15:00
2026-05-22 18:30:00,169.09,18:30:00
2026-05-22 18:45:00,169.08,18:45:00
2026-05-22 19:00:00,183.06,19:00:00
2026-05-22 19:15:00,183.05,19:15:00
2026-05-22 19:30:00,178.88,19:30:00
2026-05-22 19:45:00,178.87,19:45:00
2026-05-22 20:00:00,197.6,20:00:00
2026-05-22 20:15:00,197.57,20:15:00
2026-05-22 20:30:00,194.07,20:30:00
2026-05-22 20:45:00,194.07,20:45:00
2026-05-22 21:00:00,207.48,21:00:00
2026-05-22 21:15:00,207.47,21:15:00
2026-05-22 21:30:00,215.69,21:30:00
2026-05-22 21:45:00,215.37,21:45:00
2026-05-22 22:00:00,215.0,22:00:00
2026-05-22 22:15:00,214.94,22:15:00
2026-05-22 22:30:00,209.03,22:30:00
2026-05-22 22:45:00,208.96,22:45:00
2026-05-22 23:00:00,205.13,23:00:00
2026-05-22 23:15:00,205.07,23:15:00
2026-05-22 23:30:00,203.18,23:30:00
2026-05-22 23:45:00,203.13,23:45:00
2026-05-23 00:00:00,199.08,00:00:00
2026-05-23 00:15:00,199.06,00:15:00
2026-05-23 00:30:00,199.41,00:30:00
2026-05-23 00:45:00,199.32,00:45:00
2026-05-23 01:00:00,194.58,01:00:00
2026-05-23 01:15:00,194.43,01:15:00
2026-05-23 01:30:00,201.76,01:30:00
2026-05-23 01:45:00,201.74,01:45:00
2026-05-23 02:00:00,201.09,02:00:00
2026-05-23 02:15:00,201.1,02:15:00
2026-05-23 02:30:00,202.86,02:30:00
2026-05-23 02:45:00,202.87,02:45:00
2026-05-23 03:00:00,194.74,03:00:00
2026-05-23 03:15:00,194.74,03:15:00
2026-05-23 03:30:00,197.97,03:30:00
2026-05-23 03:45:00,198.01,03:45:00
2026-05-23 04:00:00,200.62,04:00:00
2026-05-23 04:15:00,200.97,04:15:00
2026-05-23 04:30:00,197.03,04:30:00
2026-05-23 04:45:00,197.06,04:45:00
2026-05-23 05:00:00,190.64,05:00:00
2026-05-23 05:15:00,190.57,05:15:00
2026-05-23 05:30:00,178.49,05:30:00
2026-05-23 05:45:00,178.39,05:45:00
2026-05-23 06:00:00,172.93,06:00:00
2026-05-23 06:15:00,172.87,06:15:00
2026-05-23 06:30:00,178.98,06:30:00
2026-05-23 06:45:00,179.13,06:45:00
2026-05-23 07:00:00,186.32,07:00:00
2026-05-23 07:15:00,186.52,07:15:00
2026-05-23 07:30:00,177.83,07:30:00
2026-05-23 07:45:00,177.84,07:45:00
2026-05-23 08:00:00,159.94,08:00:00
2026-05-23 08:15:00,158.18,08:15:00
2026-05-23 08:30:00,130.9,08:30:00
2026-05-23 08:45:00,130.95,08:45:00
2026-05-23 09:00:00,123.41,09:00:00
2026-05-23 09:15:00,123.48,09:15:00
2026-05-23 09:30:00,123.83,09:30:00
2026-05-23 09:45:00,119.72,09:45:00
2026-05-23 10:00:00,118.55,10:00:00
2026-05-23 10:15:00,118.58,10:15:00
2026-05-23 10:30:00,116.34,10:30:00
2026-05-23 10:45:00,116.34,10:45:00
2026-05-23 11:00:00,114.21,11:00:00
2026-05-23 11:15:00,114.21,11:15:00
2026-05-23 11:30:00,116.24,11:30:00
2026-05-23 11:45:00,116.38,11:45:00
2026-05-23 12:00:00,115.64,12:00:00
2026-05-23 12:15:00,115.67,12:15:00
2026-05-23 12:30:00,114.58,12:30:00
2026-05-23 12:45:00,114.33,12:45:00
2026-05-23 13:00:00,112.66,13:00:00
2026-05-23 13:15:00,112.58,13:15:00
2026-05-23 13:30:00,113.26,13:30:00
2026-05-23 13:45:00,113.25,13:45:00
2026-05-23 14:00:00,117.22,14:00:00
2026-05-23 14:15:00,117.26,14:15:00
2026-05-23 14:30:00,117.2,14:30:00
2026-05-23 14:45:00,117.98,14:45:00
2026-05-23 15:00:00,113.38,15:00:00
2026-05-23 15:15:00,113.28,15:15:00
2026-05-23 15:30:00,111.29,15:30:00
2026-05-23 15:45:00,113.62,15:45:00
2026-05-23 16:00:00,108.6,16:00:00
2026-05-23 16:15:00,110.07,16:15:00
2026-05-23 16:30:00,153.06,16:30:00
2026-05-23 16:45:00,152.89,16:45:00
2026-05-23 17:00:00,157.92,17:00:00
2026-05-23 17:15:00,157.94,17:15:00
2026-05-23 17:30:00,177.29,17:30:00
2026-05-23 17:45:00,177.31,17:45:00
2026-05-23 18:00:00,189.39,18:00:00
2026-05-23 18:15:00,189.4,18:15:00
2026-05-23 18:30:00,196.54,18:30:00
2026-05-23 18:45:00,196.54,18:45:00
2026-05-23 19:00:00,209.89,19:00:00
2026-05-23 19:15:00,209.88,19:15:00
2026-05-23 19:30:00,210.39,19:30:00
2026-05-23 19:45:00,210.42,19:45:00
2026-05-23 20:00:00,213.46,20:00:00
2026-05-23 20:15:00,213.34,20:15:00
2026-05-23 20:30:00,209.06,20:30:00
2026-05-23 20:45:00,208.99,20:45:00
2026-05-23 21:00:00,208.84,21:00:00
2026-05-23 21:15:00,208.8,21:15:00
2026-05-23 21:30:00,197.72,21:30:00
2026-05-23 21:45:00,197.65,21:45:00
2026-05-23 22:00:00,188.66,22:00:00
2026-05-23 22:15:00,187.6,22:15:00
2026-05-23 22:30:00,189.92,22:30:00
2026-05-23 22:45:00,189.89,22:45:00
2026-05-23 23:00:00,204.72,23:00:00
2026-05-23 23:15:00,204.65,23:15:00
2026-05-23 23:30:00,221.63,23:30:00
2026-05-23 23:45:00,221.69,23:45:00
2026-05-24 00:00:00,226.96,00:00:00
2026-05-24 00:15:00,226.83,00:15:00
2026-05-24 00:30:00,233.81,00:30:00
2026-05-24 00:45:00,233.69,00:45:00
2026-05-24 01:00:00,234.49,01:00:00
2026-05-24 01:15:00,234.46,01:15:00
2026-05-24 01:30:00,239.97,01:30:00
2026-05-24 01:45:00,239.92,01:45:00
2026-05-24 02:00:00,240.25,02:00:00
2026-05-24 02:15:00,240.24,02:15:00
2026-05-24 02:30:00,246.92,02:30:00
2026-05-24 02:45:00,246.96,02:45:00
2026-05-24 03:00:00,249.73,03:00:00
2026-05-24 03:15:00,249.71,03:15:00
2026-05-24 03:30:00,252.74,03:30:00
2026-05-24 03:45:00,252.68,03:45:00
2026-05-24 04:00:00,260.38,04:00:00
2026-05-24 04:15:00,260.29,04:15:00
2026-05-24 04:30:00,259.27,04:30:00
2026-05-24 04:45:00,258.47,04:45:00
2026-05-24 05:00:00,253.98,05:00:00
2026-05-24 05:15:00,253.82,05:15:00
2026-05-24 05:30:00,248.62,05:30:00
2026-05-24 05:45:00,248.71,05:45:00
2026-05-24 06:00:00,240.77,06:00:00
2026-05-24 06:15:00,240.86,06:15:00
2026-05-24 06:30:00,244.66,06:30:00
2026-05-24 06:45:00,244.84,06:45:00
2026-05-24 07:00:00,239.45,07:00:00
2026-05-24 07:15:00,239.59,07:15:00
2026-05-24 07:30:00,210.23,07:30:00
2026-05-24 07:45:00,210.15,07:45:00
2026-05-24 08:00:00,177.54,08:00:00
2026-05-24 08:15:00,177.39,08:15:00
2026-05-24 08:30:00,167.32,08:30:00
2026-05-24 08:45:00,162.1,08:45:00
2026-05-24 09:00:00,161.35,09:00:00
2026-05-24 09:15:00,161.4,09:15:00
2026-05-24 09:30:00,152.69,09:30:00
2026-05-24 09:45:00,152.7,09:45:00
2026-05-24 10:00:00,158.67,10:00:00
2026-05-24 10:15:00,158.68,10:15:00
2026-05-24 10:30:00,148.67,10:30:00
2026-05-24 10:45:00,146.53,10:45:00
2026-05-24 11:00:00,146.7,11:00:00
2026-05-24 11:15:00,146.68,11:15:00
2026-05-24 11:30:00,146.11,11:30:00
2026-05-24 11:45:00,146.13,11:45:00
2026-05-24 12:00:00,143.99,12:00:00
2026-05-24 12:15:00,144.01,12:15:00
2026-05-24 12:30:00,143.2,12:30:00
2026-05-24 12:45:00,143.21,12:45:00
2026-05-24 13:00:00,147.88,13:00:00
2026-05-24 13:15:00,147.81,13:15:00
2026-05-24 13:30:00,153.61,13:30:00
2026-05-24 13:45:00,153.6,13:45:00
2026-05-24 14:00:00,156.02,14:00:00
2026-05-24 14:15:00,158.24,14:15:00
2026-05-24 14:30:00,164.6,14:30:00
2026-05-24 14:45:00,164.63,14:45:00
2026-05-24 15:00:00,171.29,15:00:00
2026-05-24 15:15:00,171.07,15:15:00
2026-05-24 15:30:00,167.18,15:30:00
2026-05-24 15:45:00,167.03,15:45:00
2026-05-24 16:00:00,190.14,16:00:00
2026-05-24 16:15:00,190.07,16:15:00
2026-05-24 16:30:00,233.42,16:30:00
2026-05-24 16:45:00,233.46,16:45:00
2026-05-24 17:00:00,239.93,17:00:00
2026-05-24 17:15:00,245.64,17:15:00
2026-05-24 17:30:00,257.24,17:30:00
2026-05-24 17:45:00,257.2,17:45:00
2026-05-24 18:00:00,268.31,18:00:00
2026-05-24 18:15:00,268.39,18:15:00
2026-05-24 18:30:00,282.17,18:30:00
2026-05-24 18:45:00,281.98,18:45:00
2026-05-24 19:00:00,294.87,19:00:00
2026-05-24 19:15:00,294.88,19:15:00
2026-05-24 19:30:00,292.82,19:30:00
2026-05-24 19:45:00,295.41,19:45:00
2026-05-24 20:00:00,297.76,20:00:00
2026-05-24 20:15:00,297.84,20:15:00
2026-05-24 20:30:00,290.8,20:30:00
2026-05-24 20:45:00,290.74,20:45:00
2026-05-24 21:00:00,279.65,21:00:00
2026-05-24 21:15:00,279.52,21:15:00
2026-05-24 21:30:00,290.43,21:30:00
2026-05-24 21:45:00,290.22,21:45:00
2026-05-24 22:00:00,286.73,22:00:00
2026-05-24 22:15:00,286.53,22:15:00
2026-05-24 22:30:00,284.45,22:30:00
2026-05-24 22:45:00,284.25,22:45:00
2026-05-24 23:00:00,282.25,23:00:00
2026-05-24 23:15:00,281.91,23:15:00
2026-05-24 23:30:00,280.37,23:30:00
2026-05-24 23:45:00,279.94,23:45:00
2026-05-25 04:30:00,313.54,04:30:00
2026-05-25 04:45:00,313.4,04:45:00
2026-05-25 05:00:00,307.61,05:00:00
2026-05-25 05:15:00,307.83,05:15:00
2026-05-25 05:30:00,303.49,05:30:00
2026-05-25 05:45:00,303.61,05:45:00
2026-05-25 06:00:00,300.01,06:00:00
2026-05-25 06:15:00,299.93,06:15:00
2026-05-25 06:30:00,298.37,06:30:00
2026-05-25 06:45:00,298.64,06:45:00
2026-05-25 07:00:00,292.93,07:00:00
2026-05-25 07:15:00,293.24,07:15:00
2026-05-25 07:30:00,288.11,07:30:00
2026-05-25 07:45:00,288.3,07:45:00
2026-05-25 08:00:00,276.61,08:00:00
2026-05-25 08:15:00,276.9,08:15:00
2026-05-25 08:30:00,267.63,08:30:00
2026-05-25 08:45:00,267.92,08:45:00
2026-05-25 09:00:00,271.85,09:00:00
2026-05-25 09:15:00,271.77,09:15:00
2026-05-25 09:30:00,269.71,09:30:00
2026-05-25 09:45:00,269.61,09:45:00
2026-05-25 10:00:00,269.33,10:00:00
2026-05-25 10:15:00,269.5,10:15:00
2026-05-25 10:30:00,271.38,10:30:00
2026-05-25 10:45:00,272.13,10:45:00
2026-05-25 11:00:00,292.31,11:00:00
2026-05-25 11:15:00,292.28,11:15:00
2026-05-25 11:30:00,295.92,11:30:00
2026-05-25 11:45:00,295.97,11:45:00
2026-05-25 12:00:00,303.17,12:00:00
2026-05-25 12:15:00,304.25,12:15:00
2026-05-25 12:30:00,300.89,12:30:00
2026-05-25 12:45:00,302.41,12:45:00
2026-05-25 13:00:00,306.42,13:00:00
2026-05-25 13:15:00,306.54,13:15:00
2026-05-25 13:30:00,314.75,13:30:00
2026-05-25 13:45:00,314.79,13:45:00
2026-05-25 14:00:00,304.92,14:00:00
2026-05-25 14:15:00,304.85,14:15:00
2026-05-25 14:30:00,303.83,14:30:00
2026-05-25 14:45:00,303.7,14:45:00
2026-05-25 15:00:00,306.91,15:00:00
2026-05-25 15:15:00,309.7,15:15:00
2026-05-25 15:30:00,312.55,15:30:00
2026-05-25 15:45:00,312.53,15:45:00
2026-05-25 16:00:00,308.43,16:00:00
2026-05-25 16:15:00,308.43,16:15:00
2026-05-25 16:30:00,317.58,16:30:00
2026-05-25 16:45:00,317.7,16:45:00
2026-05-25 17:00:00,322.98,17:00:00
2026-05-25 17:15:00,323.16,17:15:00
2026-05-25 17:30:00,328.01,17:30:00
2026-05-25 17:45:00,327.68,17:45:00
2026-05-25 18:00:00,330.26,18:00:00
2026-05-25 18:15:00,330.28,18:15:00
2026-05-25 18:30:00,334.63,18:30:00
2026-05-25 18:45:00,334.61,18:45:00
2026-05-25 19:00:00,337.81,19:00:00
2026-05-25 19:15:00,337.76,19:15:00
2026-05-25 19:30:00,339.2,19:30:00
2026-05-25 19:45:00,339.19,19:45:00
2026-05-25 20:00:00,337.27,20:00:00
2026-05-25 20:15:00,337.87,20:15:00
2026-05-25 20:30:00,337.87,20:30:00
2026-05-25 20:45:00,337.67,20:45:00
2026-05-25 21:00:00,333.41,21:00:00
2026-05-25 21:15:00,333.38,21:15:00
2026-05-25 21:30:00,322.25,21:30:00
2026-05-25 21:45:00,321.94,21:45:00
2026-05-25 22:00:00,320.53,22:00:00
2026-05-25 22:15:00,319.81,22:15:00
2026-05-25 22:30:00,315.99,22:30:00
2026-05-25 22:45:00,315.63,22:45:00
2026-05-25 23:00:00,317.85,23:00:00
2026-05-25 23:15:00,317.87,23:15:00
2026-05-25 23:30:00,317.16,23:30:00
2026-05-25 23:45:00,317.21,23:45:00
2026-05-26 00:00:00,320.28,00:00:00
2026-05-26 00:15:00,320.38,00:15:00
2026-05-26 00:30:00,325.65,00:30:00
2026-05-26 00:45:00,325.67,00:45:00
2026-05-26 01:00:00,325.59,01:00:00
2026-05-26 01:15:00,325.8,01:15:00
2026-05-26 01:30:00,325.47,01:30:00
2026-05-26 01:45:00,325.36,01:45:00
2026-05-26 02:00:00,327.82,02:00:00
2026-05-26 02:15:00,327.73,02:15:00
2026-05-26 02:30:00,331.62,02:30:00
2026-05-26 02:45:00,331.55,02:45:00
2026-05-26 03:00:00,332.76,03:00:00
2026-05-26 03:15:00,332.65,03:15:00
2026-05-26 03:30:00,334.81,03:30:00
2026-05-26 03:45:00,334.94,03:45:00
2026-05-26 04:00:00,337.3,04:00:00
2026-05-26 04:15:00,337.39,04:15:00
2026-05-26 04:30:00,338.69,04:30:00
2026-05-26 04:45:00,338.66,04:45:00
2026-05-26 05:00:00,332.77,05:00:00
2026-05-26 05:15:00,332.75,05:15:00
2026-05-26 05:30:00,330.25,05:30:00
2026-05-26 05:45:00,330.07,05:45:00
2026-05-26 06:00:00,328.01,06:00:00
2026-05-26 06:15:00,327.87,06:15:00
2026-05-26 06:30:00,326.43,06:30:00
2026-05-26 06:45:00,325.16,06:45:00
2026-05-26 07:00:00,327.21,07:00:00
2026-05-26 07:15:00,327.19,07:15:00
2026-05-26 07:30:00,327.83,07:30:00
2026-05-26 07:45:00,327.99,07:45:00
2026-05-26 08:00:00,324.81,08:00:00
2026-05-26 08:15:00,324.81,08:15:00
2026-05-26 08:30:00,325.97,08:30:00
2026-05-26 08:45:00,326.11,08:45:00
2026-05-26 09:00:00,321.3,09:00:00
2026-05-26 09:15:00,321.42,09:15:00
2026-05-26 09:30:00,313.8,09:30:00
2026-05-26 09:45:00,313.79,09:45:00
2026-05-26 10:00:00,314.72,10:00:00
2026-05-26 10:15:00,313.71,10:15:00
2026-05-26 10:30:00,313.97,10:30:00
2026-05-26 10:45:00,313.99,10:45:00
2026-05-26 11:00:00,308.87,11:00:00
2026-05-26 11:15:00,308.92,11:15:00
2026-05-26 11:30:00,306.92,11:30:00
2026-05-26 11:45:00,306.88,11:45:00
2026-05-26 12:00:00,302.46,12:00:00
2026-05-26 12:15:00,302.44,12:15:00
2026-05-26 12:30:00,298.09,12:30:00
2026-05-26 12:45:00,298.11,12:45:00
2026-05-26 13:00:00,298.05,13:00:00
2026-05-26 13:15:00,298.11,13:15:00
2026-05-26 13:30:00,301.41,13:30:00
2026-05-26 13:45:00,301.28,13:45:00
2026-05-26 14:00:00,304.11,14:00:00
2026-05-26 14:15:00,304.49,14:15:00
2026-05-26 14:30:00,305.05,14:30:00
2026-05-26 14:45:00,305.06,14:45:00
2026-05-26 15:00:00,306.6,15:00:00
2026-05-26 15:15:00,306.52,15:15:00
2026-05-26 15:30:00,306.62,15:30:00
2026-05-26 15:45:00,306.73,15:45:00
2026-05-26 16:00:00,306.81,16:00:00
2026-05-26 16:15:00,306.99,16:15:00
2026-05-26 16:30:00,307.24,16:30:00
2026-05-26 16:45:00,307.22,16:45:00
2026-05-26 17:00:00,312.0,17:00:00
2026-05-26 17:15:00,312.15,17:15:00
2026-05-26 17:30:00,308.86,17:30:00
2026-05-26 17:45:00,311.02,17:45:00
2026-05-26 18:00:00,300.49,18:00:00
2026-05-26 18:15:00,300.54,18:15:00
2026-05-26 18:30:00,298.52,18:30:00
2026-05-26 18:45:00,298.54,18:45:00
2026-05-26 20:00:00,286.42,20:00:00
2026-05-26 20:15:00,286.39,20:15:00
2026-05-26 20:30:00,272.26,20:30:00
2026-05-26 20:45:00,272.21,20:45:00
2026-05-26 21:00:00,262.03,21:00:00
2026-05-26 21:15:00,261.91,21:15:00
2026-05-26 21:30:00,247.61,21:30:00
2026-05-26 21:45:00,247.6,21:45:00
2026-05-26 22:00:00,232.72,22:00:00
2026-05-26 22:15:00,232.73,22:15:00
2026-05-26 22:30:00,228.49,22:30:00
2026-05-26 22:45:00,228.52,22:45:00
2026-05-26 23:00:00,223.2,23:00:00
2026-05-26 23:15:00,223.17,23:15:00
2026-05-26 23:30:00,223.22,23:30:00
2026-05-26 23:45:00,223.17,23:45:00
2026-05-27 00:00:00,217.45,00:00:00
2026-05-27 00:15:00,216.58,00:15:00
2026-05-27 00:30:00,211.94,00:30:00
2026-05-27 00:45:00,211.85,00:45:00
2026-05-27 01:00:00,211.16,01:00:00
2026-05-27 01:15:00,211.13,01:15:00
2026-05-27 01:30:00,198.8,01:30:00
2026-05-27 01:45:00,198.44,01:45:00
2026-05-27 02:00:00,192.28,02:00:00
2026-05-27 02:15:00,192.28,02:15:00
2026-05-27 02:30:00,189.84,02:30:00
2026-05-27 02:45:00,189.53,02:45:00
2026-05-27 03:00:00,194.47,03:00:00
2026-05-27 03:15:00,194.51,03:15:00
2026-05-27 03:30:00,194.43,03:30:00
2026-05-27 03:45:00,194.46,03:45:00
2026-05-27 04:00:00,196.64,04:00:00
2026-05-27 04:15:00,196.7,04:15:00
2026-05-27 04:30:00,202.84,04:30:00
2026-05-27 04:45:00,202.88,04:45:00
2026-05-27 05:00:00,199.21,05:00:00
2026-05-27 05:15:00,199.16,05:15:00
2026-05-27 05:30:00,198.89,05:30:00
2026-05-27 05:45:00,198.03,05:45:00
2026-05-27 06:00:00,197.66,06:00:00
2026-05-27 06:15:00,196.94,06:15:00
2026-05-27 06:30:00,202.61,06:30:00
2026-05-27 06:45:00,202.52,06:45:00
2026-05-27 07:00:00,207.09,07:00:00
2026-05-27 07:15:00,207.08,07:15:00
2026-05-27 07:30:00,210.76,07:30:00
2026-05-27 07:45:00,210.75,07:45:00
2026-05-27 08:00:00,205.42,08:00:00
2026-05-27 08:15:00,205.42,08:15:00
2026-05-27 08:30:00,193.54,08:30:00
2026-05-27 08:45:00,193.68,08:45:00
2026-05-27 09:00:00,182.6,09:00:00
2026-05-27 09:15:00,180.07,09:15:00
2026-05-27 09:30:00,168.99,09:30:00
2026-05-27 09:45:00,169.02,09:45:00
2026-05-27 10:00:00,180.49,10:00:00
2026-05-27 10:15:00,180.47,10:15:00
2026-05-27 10:30:00,182.11,10:30:00
2026-05-27 10:45:00,182.12,10:45:00
2026-05-27 11:00:00,181.61,11:00:00
2026-05-27 11:15:00,181.61,11:15:00
2026-05-27 11:30:00,168.32,11:30:00
2026-05-27 11:45:00,168.32,11:45:00
2026-05-27 13:00:00,163.33,13:00:00
2026-05-27 13:15:00,163.33,13:15:00
2026-05-27 13:30:00,158.96,13:30:00
2026-05-27 13:45:00,158.96,13:45:00
2026-05-27 14:00:00,158.09,14:00:00
2026-05-27 14:15:00,158.09,14:15:00
2026-05-27 14:30:00,168.16,14:30:00
2026-05-27 14:45:00,168.16,14:45:00
2026-05-27 15:00:00,177.88,15:00:00
2026-05-27 15:15:00,177.88,15:15:00
2026-05-27 15:30:00,156.55,15:30:00
2026-05-27 15:45:00,156.55,15:45:00
2026-05-27 16:00:00,142.94,16:00:00
2026-05-27 16:15:00,142.94,16:15:00
2026-05-27 16:30:00,150.46,16:30:00
2026-05-27 16:45:00,150.46,16:45:00
2026-05-27 17:00:00,127.85,17:00:00
2026-05-27 17:15:00,127.86,17:15:00
2026-05-27 17:30:00,153.84,17:30:00
2026-05-27 17:45:00,154.1,17:45:00
2026-05-27 18:00:00,156.67,18:00:00
2026-05-27 18:15:00,156.68,18:15:00
2026-05-27 18:30:00,160.89,18:30:00
2026-05-27 18:45:00,160.89,18:45:00
2026-05-27 19:00:00,163.48,19:00:00
2026-05-27 19:15:00,163.81,19:15:00
2026-05-27 19:30:00,178.66,19:30:00
2026-05-27 19:45:00,178.66,19:45:00
2026-05-27 20:00:00,179.91,20:00:00
2026-05-27 20:15:00,179.9,20:15:00
2026-05-27 20:30:00,172.22,20:30:00
2026-05-27 20:45:00,172.21,20:45:00
2026-05-27 21:00:00,151.13,21:00:00
2026-05-27 21:15:00,151.21,21:15:00
2026-05-27 21:30:00,154.07,21:30:00
2026-05-27 21:45:00,153.78,21:45:00
2026-05-27 22:00:00,161.64,22:00:00
2026-05-27 22:15:00,161.79,22:15:00
2026-05-27 22:30:00,168.87,22:30:00
2026-05-27 22:45:00,169.07,22:45:00
2026-05-27 23:00:00,177.32,23:00:00
2026-05-27 23:15:00,177.32,23:15:00
2026-05-27 23:30:00,174.4,23:30:00
2026-05-27 23:45:00,174.46,23:45:00
2026-05-28 00:00:00,179.52,00:00:00
2026-05-28 00:15:00,179.55,00:15:00
2026-05-28 00:30:00,189.98,00:30:00
2026-05-28 00:45:00,190.0,00:45:00
2026-05-28 01:00:00,199.06,01:00:00
2026-05-28 01:15:00,199.15,01:15:00
2026-05-28 01:30:00,195.16,01:30:00
2026-05-28 01:45:00,194.8,01:45:00
2026-05-28 02:00:00,184.29,02:00:00
2026-05-28 02:15:00,184.35,02:15:00
2026-05-28 02:30:00,177.24,02:30:00
2026-05-28 02:45:00,177.29,02:45:00
2026-05-28 03:00:00,180.13,03:00:00
2026-05-28 03:15:00,180.08,03:15:00
2026-05-28 03:30:00,194.31,03:30:00
2026-05-28 03:45:00,194.25,03:45:00
2026-05-28 04:00:00,193.38,04:00:00
2026-05-28 04:15:00,193.48,04:15:00
2026-05-28 04:30:00,191.27,04:30:00
2026-05-28 04:45:00,191.37,04:45:00
2026-05-28 05:00:00,203.58,05:00:00
2026-05-28 05:15:00,203.51,05:15:00
2026-05-28 05:30:00,200.02,05:30:00
2026-05-28 05:45:00,199.94,05:45:00
2026-05-28 06:00:00,201.55,06:00:00
2026-05-28 06:15:00,199.13,06:15:00
2026-05-28 06:30:00,196.03,06:30:00
2026-05-28 06:45:00,194.18,06:45:00
2026-05-28 07:00:00,189.13,07:00:00
2026-05-28 07:15:00,188.82,07:15:00
2026-05-28 07:30:00,185.09,07:30:00
2026-05-28 07:45:00,185.33,07:45:00
2026-05-28 08:00:00,188.46,08:00:00
2026-05-28 08:15:00,188.46,08:15:00
2026-05-28 08:30:00,181.25,08:30:00
2026-05-28 08:45:00,181.24,08:45:00
2026-05-28 09:00:00,157.39,09:00:00
2026-05-28 09:15:00,157.31,09:15:00
2026-05-28 09:30:00,124.63,09:30:00
2026-05-28 09:45:00,123.86,09:45:00
2026-05-28 10:00:00,121.88,10:00:00
2026-05-28 10:15:00,120.98,10:15:00
2026-05-28 10:30:00,132.67,10:30:00
2026-05-28 10:45:00,132.7,10:45:00
2026-05-28 11:00:00,135.48,11:00:00
2026-05-28 11:15:00,135.47,11:15:00
2026-05-28 11:30:00,153.16,11:30:00
2026-05-28 11:45:00,153.17,11:45:00
2026-05-28 12:00:00,153.41,12:00:00
2026-05-28 12:15:00,153.43,12:15:00
2026-05-28 12:30:00,143.71,12:30:00
2026-05-28 12:45:00,143.72,12:45:00
2026-05-28 13:00:00,136.92,13:00:00
2026-05-28 13:15:00,137.03,13:15:00
2026-05-28 13:30:00,146.24,13:30:00
2026-05-28 13:45:00,146.2,13:45:00
2026-05-28 14:00:00,144.94,14:00:00
2026-05-28 14:15:00,144.96,14:15:00
2026-05-28 14:30:00,146.56,14:30:00
2026-05-28 14:45:00,146.53,14:45:00
2026-05-28 15:00:00,141.32,15:00:00
2026-05-28 15:15:00,141.3,15:15:00
2026-05-28 15:30:00,139.56,15:30:00
2026-05-28 15:45:00,139.55,15:45:00
2026-05-28 16:00:00,134.43,16:00:00
2026-05-28 16:15:00,134.43,16:15:00
2026-05-28 16:30:00,137.19,16:30:00
2026-05-28 16:45:00,138.07,16:45:00
2026-05-28 17:00:00,148.59,17:00:00
2026-05-28 17:15:00,148.63,17:15:00
2026-05-28 17:30:00,151.52,17:30:00
2026-05-28 17:45:00,152.6,17:45:00
2026-05-28 18:00:00,148.26,18:00:00
2026-05-28 18:15:00,148.3,18:15:00
2026-05-28 18:30:00,156.98,18:30:00
2026-05-28 18:45:00,157.23,18:45:00
2026-05-28 19:00:00,152.69,19:00:00
2026-05-28 19:15:00,152.99,19:15:00
2026-05-28 19:30:00,158.99,19:30:00
2026-05-28 19:45:00,158.97,19:45:00
2026-05-28 20:00:00,163.82,20:00:00
2026-05-28 20:15:00,163.78,20:15:00
2026-05-28 20:30:00,158.17,20:30:00
2026-05-28 20:45:00,158.19,20:45:00
2026-05-28 21:00:00,157.51,21:00:00
2026-05-28 21:15:00,157.53,21:15:00
2026-05-28 21:30:00,145.87,21:30:00
2026-05-28 21:45:00,145.25,21:45:00
2026-05-28 22:00:00,141.47,22:00:00
2026-05-28 22:15:00,141.44,22:15:00
2026-05-28 22:30:00,131.73,22:30:00
2026-05-28 22:45:00,131.73,22:45:00
2026-05-28 23:00:00,141.01,23:00:00
2026-05-28 23:15:00,141.01,23:15:00
2026-05-28 23:30:00,142.84,23:30:00
2026-05-28 23:45:00,142.84,23:45:00
2026-05-29 00:00:00,156.56,00:00:00
2026-05-29 00:15:00,156.56,00:15:00
2026-05-29 00:30:00,141.4,00:30:00
2026-05-29 00:45:00,141.4,00:45:00
2026-05-29 01:00:00,143.58,01:00:00
2026-05-29 01:15:00,143.58,01:15:00
2026-05-29 01:30:00,130.19,01:30:00
2026-05-29 01:45:00,130.19,01:45:00
2026-05-29 02:00:00,125.76,02:00:00
2026-05-29 02:15:00,125.76,02:15:00
2026-05-29 02:30:00,126.39,02:30:00
2026-05-29 02:45:00,126.39,02:45:00
2026-05-29 03:00:00,111.42,03:00:00
2026-05-29 03:15:00,111.42,03:15:00
2026-05-29 03:30:00,113.38,03:30:00
2026-05-29 03:45:00,113.38,03:45:00
2026-05-29 04:00:00,113.62,04:00:00
2026-05-29 04:15:00,113.62,04:15:00
2026-05-29 04:30:00,118.39,04:30:00
2026-05-29 04:45:00,118.39,04:45:00
2026-05-29 05:00:00,130.17,05:00:00
2026-05-29 05:15:00,130.17,05:15:00
2026-05-29 05:30:00,142.56,05:30:00
2026-05-29 05:45:00,142.56,05:45:00
2026-05-29 06:00:00,152.47,06:00:00
2026-05-29 06:15:00,152.37,06:15:00
2026-05-29 06:30:00,161.8,06:30:00
2026-05-29 06:45:00,161.77,06:45:00
2026-05-29 07:00:00,151.55,07:00:00
2026-05-29 07:15:00,151.54,07:15:00
2026-05-29 07:30:00,148.6,07:30:00
2026-05-29 07:45:00,148.55,07:45:00
2026-05-29 08:00:00,145.36,08:00:00
2026-05-29 08:15:00,144.52,08:15:00
2026-05-29 08:30:00,134.37,08:30:00
2026-05-29 08:45:00,134.37,08:45:00
2026-05-29 09:00:00,115.1,09:00:00
2026-05-29 09:15:00,115.15,09:15:00
2026-05-29 09:30:00,113.26,09:30:00
2026-05-29 09:45:00,113.24,09:45:00
2026-05-29 10:00:00,117.25,10:00:00
2026-05-29 10:15:00,116.61,10:15:00
2026-05-29 10:30:00,121.8,10:30:00
2026-05-29 10:45:00,121.27,10:45:00
2026-05-29 11:00:00,117.31,11:00:00
2026-05-29 11:15:00,117.31,11:15:00
2026-05-29 11:30:00,117.73,11:30:00
2026-05-29 11:45:00,117.69,11:45:00
2026-05-29 12:00:00,121.86,12:00:00
2026-05-29 12:15:00,121.83,12:15:00
2026-05-29 12:30:00,126.94,12:30:00
2026-05-29 12:45:00,126.95,12:45:00
2026-05-29 13:00:00,126.95,13:00:00
2026-05-29 13:15:00,126.94,13:15:00
2026-05-29 13:30:00,128.08,13:30:00
2026-05-29 13:45:00,128.08,13:45:00
2026-05-29 14:00:00,132.99,14:00:00
2026-05-29 14:15:00,132.98,14:15:00
2026-05-29 14:30:00,132.06,14:30:00
2026-05-29 14:45:00,132.02,14:45:00
2026-05-29 15:00:00,132.33,15:00:00
2026-05-29 15:15:00,132.27,15:15:00
2026-05-29 15:30:00,129.59,15:30:00
2026-05-29 15:45:00,129.59,15:45:00
2026-05-29 16:00:00,129.38,16:00:00
2026-05-29 16:15:00,129.38,16:15:00
2026-05-29 16:30:00,132.28,16:30:00
2026-05-29 16:45:00,132.31,16:45:00
2026-05-29 17:00:00,162.73,17:00:00
2026-05-29 17:15:00,162.74,17:15:00
2026-05-29 17:30:00,176.81,17:30:00
2026-05-29 17:45:00,176.82,17:45:00
2026-05-29 18:00:00,187.69,18:00:00
2026-05-29 18:15:00,187.75,18:15:00
2026-05-29 18:30:00,199.25,18:30:00
2026-05-29 18:45:00,202.28,18:45:00
2026-05-29 19:00:00,226.75,19:00:00
2026-05-29 19:15:00,230.88,19:15:00
2026-05-29 19:30:00,241.95,19:30:00
2026-05-29 19:45:00,241.92,19:45:00
2026-05-29 20:00:00,251.83,20:00:00
2026-05-29 20:15:00,251.72,20:15:00
2026-05-29 20:30:00,262.96,20:30:00
2026-05-29 20:45:00,262.93,20:45:00
2026-05-29 21:00:00,261.36,21:00:00
2026-05-29 21:15:00,261.21,21:15:00
2026-05-29 21:30:00,252.63,21:30:00
2026-05-29 21:45:00,252.53,21:45:00
2026-05-29 22:00:00,238.11,22:00:00
2026-05-29 22:15:00,238.11,22:15:00
2026-05-29 22:30:00,229.76,22:30:00
2026-05-29 22:45:00,229.66,22:45:00
2026-05-29 23:00:00,227.83,23:00:00
2026-05-29 23:15:00,227.63,23:15:00
2026-05-29 23:30:00,236.58,23:30:00
2026-05-29 23:45:00,236.11,23:45:00
2026-05-30 00:00:00,238.47,00:00:00
2026-05-30 00:15:00,238.42,00:15:00
2026-05-30 00:30:00,233.86,00:30:00
2026-05-30 00:45:00,233.83,00:45:00
2026-05-30 01:00:00,241.4,01:00:00
2026-05-30 01:15:00,241.31,01:15:00
2026-05-30 01:30:00,240.17,01:30:00
2026-05-30 01:45:00,240.12,01:45:00
2026-05-30 02:00:00,233.19,02:00:00
2026-05-30 02:15:00,233.23,02:15:00
2026-05-30 02:30:00,212.18,02:30:00
2026-05-30 02:45:00,212.15,02:45:00
2026-05-30 03:00:00,202.18,03:00:00
2026-05-30 03:15:00,202.15,03:15:00
2026-05-30 03:30:00,195.84,03:30:00
2026-05-30 03:45:00,195.86,03:45:00
2026-05-30 04:00:00,184.1,04:00:00
2026-05-30 04:15:00,184.11,04:15:00
2026-05-30 04:30:00,172.91,04:30:00
2026-05-30 04:45:00,172.91,04:45:00
2026-05-30 06:00:00,152.4,06:00:00
2026-05-30 06:15:00,152.26,06:15:00
2026-05-30 06:30:00,156.81,06:30:00
2026-05-30 06:45:00,155.86,06:45:00
2026-05-30 07:00:00,151.79,07:00:00
2026-05-30 07:15:00,151.85,07:15:00
2026-05-30 07:30:00,166.93,07:30:00
2026-05-30 07:45:00,166.95,07:45:00
2026-05-30 08:00:00,147.31,08:00:00
2026-05-30 08:15:00,147.4,08:15:00
2026-05-30 08:30:00,146.08,08:30:00
2026-05-30 08:45:00,144.36,08:45:00
2026-05-30 09:00:00,145.94,09:00:00
2026-05-30 09:15:00,145.95,09:15:00
2026-05-30 09:30:00,138.6,09:30:00
2026-05-30 09:45:00,138.6,09:45:00
2026-05-30 10:00:00,129.67,10:00:00
2026-05-30 10:15:00,129.67,10:15:00
2026-05-30 10:30:00,141.03,10:30:00
2026-05-30 10:45:00,141.05,10:45:00
2026-05-30 11:00:00,114.43,11:00:00
2026-05-30 11:15:00,114.43,11:15:00
2026-05-30 11:30:00,123.59,11:30:00
2026-05-30 11:45:00,123.58,11:45:00
2026-05-30 12:00:00,116.3,12:00:00
2026-05-30 12:15:00,116.75,12:15:00
2026-05-30 12:30:00,121.62,12:30:00
2026-05-30 12:45:00,121.6,12:45:00
2026-05-30 13:00:00,131.79,13:00:00
2026-05-30 13:15:00,131.79,13:15:00
2026-05-30 13:30:00,126.57,13:30:00
2026-05-30 13:45:00,126.43,13:45:00
2026-05-30 14:00:00,122.12,14:00:00
2026-05-30 14:15:00,122.16,14:15:00
2026-05-30 14:30:00,132.82,14:30:00
2026-05-30 14:45:00,132.79,14:45:00
2026-05-30 15:00:00,142.02,15:00:00
2026-05-30 15:15:00,142.88,15:15:00
2026-05-30 15:30:00,146.85,15:30:00
2026-05-30 15:45:00,146.84,15:45:00
2026-05-30 16:00:00,152.03,16:00:00
2026-05-30 16:15:00,152.1,16:15:00
2026-05-30 16:30:00,159.69,16:30:00
2026-05-30 16:45:00,159.68,16:45:00
2026-05-30 17:00:00,172.44,17:00:00
2026-05-30 17:15:00,172.46,17:15:00
2026-05-30 17:30:00,175.29,17:30:00
2026-05-30 17:45:00,176.75,17:45:00
2026-05-30 18:00:00,188.98,18:00:00
2026-05-30 18:15:00,189.01,18:15:00
2026-05-30 18:30:00,198.25,18:30:00
2026-05-30 18:45:00,198.25,18:45:00
2026-05-30 19:00:00,202.98,19:00:00
2026-05-30 19:15:00,202.97,19:15:00
2026-05-30 19:30:00,214.49,19:30:00
2026-05-30 19:45:00,214.49,19:45:00
2026-05-30 20:00:00,224.53,20:00:00
2026-05-30 20:15:00,224.5,20:15:00
2026-05-30 20:30:00,228.65,20:30:00
2026-05-30 20:45:00,228.6,20:45:00
2026-05-30 21:00:00,209.38,21:00:00
2026-05-30 21:15:00,209.39,21:15:00
2026-05-30 21:30:00,207.15,21:30:00
2026-05-30 21:45:00,207.17,21:45:00
2026-05-30 22:00:00,217.66,22:00:00
2026-05-30 22:15:00,217.79,22:15:00
2026-05-30 22:30:00,215.86,22:30:00
2026-05-30 22:45:00,216.0,22:45:00
2026-05-30 23:00:00,199.42,23:00:00
2026-05-30 23:15:00,199.36,23:15:00
2026-05-30 23:30:00,209.65,23:30:00
2026-05-30 23:45:00,209.62,23:45:00
2026-05-31 00:00:00,201.13,00:00:00
2026-05-31 00:15:00,201.16,00:15:00
2026-05-31 00:30:00,204.36,00:30:00
2026-05-31 00:45:00,204.39,00:45:00
2026-05-31 01:00:00,205.95,01:00:00
2026-05-31 01:15:00,206.06,01:15:00
2026-05-31 01:30:00,205.82,01:30:00
2026-05-31 01:45:00,205.89,01:45:00
2026-05-31 02:00:00,211.41,02:00:00
2026-05-31 02:15:00,211.55,02:15:00
2026-05-31 02:30:00,216.7,02:30:00
2026-05-31 02:45:00,216.76,02:45:00
2026-05-31 03:00:00,211.17,03:00:00
2026-05-31 03:15:00,211.23,03:15:00
2026-05-31 03:30:00,198.33,03:30:00
2026-05-31 03:45:00,198.26,03:45:00
2026-05-31 04:00:00,213.97,04:00:00
2026-05-31 04:15:00,213.93,04:15:00
2026-05-31 04:30:00,224.9,04:30:00
2026-05-31 04:45:00,224.71,04:45:00
2026-05-31 05:00:00,227.15,05:00:00
2026-05-31 05:15:00,226.84,05:15:00
2026-05-31 05:30:00,226.66,05:30:00
2026-05-31 05:45:00,226.36,05:45:00
2026-05-31 06:00:00,232.69,06:00:00
2026-05-31 06:15:00,232.26,06:15:00
2026-05-31 06:30:00,226.82,06:30:00
2026-05-31 06:45:00,226.92,06:45:00
2026-05-31 07:00:00,219.12,07:00:00
2026-05-31 07:15:00,219.42,07:15:00
2026-05-31 07:30:00,220.58,07:30:00
2026-05-31 07:45:00,221.15,07:45:00
2026-05-31 08:00:00,218.05,08:00:00
2026-05-31 08:15:00,218.17,08:15:00
2026-05-31 08:30:00,208.61,08:30:00
2026-05-31 08:45:00,208.55,08:45:00
2026-05-31 09:00:00,204.69,09:00:00
2026-05-31 09:15:00,204.66,09:15:00
2026-05-31 09:30:00,201.59,09:30:00
2026-05-31 09:45:00,201.63,09:45:00
2026-05-31 10:00:00,192.11,10:00:00
2026-05-31 10:15:00,192.07,10:15:00
2026-05-31 10:30:00,171.21,10:30:00
2026-05-31 10:45:00,171.57,10:45:00
2026-05-31 11:00:00,166.52,11:00:00
2026-05-31 11:15:00,166.63,11:15:00
2026-05-31 11:30:00,157.5,11:30:00
2026-05-31 11:45:00,157.33,11:45:00
2026-05-31 12:00:00,138.41,12:00:00
2026-05-31 12:15:00,138.15,12:15:00
2026-05-31 12:30:00,117.9,12:30:00
2026-05-31 12:45:00,117.8,12:45:00
2026-05-31 13:00:00,147.99,13:00:00
2026-05-31 13:15:00,147.79,13:15:00
2026-05-31 13:30:00,144.08,13:30:00
2026-05-31 13:45:00,143.99,13:45:00
2026-05-31 14:00:00,141.31,14:00:00
2026-05-31 14:15:00,141.82,14:15:00
2026-05-31 14:30:00,134.63,14:30:00
2026-05-31 14:45:00,134.59,14:45:00
2026-05-31 15:00:00,157.59,15:00:00
2026-05-31 15:15:00,157.66,15:15:00
2026-05-31 15:30:00,152.58,15:30:00
2026-05-31 15:45:00,156.49,15:45:00
2026-05-31 16:00:00,178.27,16:00:00
2026-05-31 16:15:00,180.98,16:15:00
2026-05-31 16:30:00,196.58,16:30:00
2026-05-31 16:45:00,196.39,16:45:00
2026-05-31 17:00:00,198.97,17:00:00
2026-05-31 17:15:00,201.91,17:15:00
2026-05-31 17:30:00,206.31,17:30:00
2026-05-31 17:45:00,206.33,17:45:00
2026-05-31 18:00:00,213.74,18:00:00
2026-05-31 18:15:00,213.77,18:15:00
2026-05-31 18:30:00,216.16,18:30:00
2026-05-31 18:45:00,216.23,18:45:00
2026-05-31 19:00:00,212.1,19:00:00
2026-05-31 19:15:00,212.16,19:15:00
2026-05-31 19:30:00,181.25,19:30:00
2026-05-31 19:45:00,182.89,19:45:00
2026-05-31 20:00:00,171.59,20:00:00
2026-05-31 20:15:00,171.59,20:15:00
2026-05-31 20:30:00,165.11,20:30:00
2026-05-31 20:45:00,165.02,20:45:00
2026-05-31 22:00:00,117.44,22:00:00
2026-05-31 22:15:00,117.42,22:15:00
2026-05-31 22:30:00,155.35,22:30:00
2026-05-31 22:45:00,155.69,22:45:00
2026-05-31 23:00:00,147.95,23:00:00
2026-05-31 23:15:00,147.95,23:15:00
2026-05-31 23:30:00,153.17,23:30:00
2026-05-31 23:45:00,153.1,23:45:00
2026-06-01 00:00:00,152.67,00:00:00
2026-06-01 00:15:00,152.67,00:15:00
2026-06-01 00:30:00,154.9,00:30:00
2026-06-01 00:45:00,154.9,00:45:00
2026-06-01 01:00:00,167.82,01:00:00
2026-06-01 01:15:00,167.82,01:15:00
2026-06-01 01:30:00,171.66,01:30:00
2026-06-01 01:45:00,171.66,01:45:00
2026-06-01 02:00:00,171.88,02:00:00
2026-06-01 02:15:00,171.87,02:15:00
2026-06-01 02:30:00,169.44,02:30:00
2026-06-01 02:45:00,169.41,02:45:00
2026-06-01 03:00:00,165.39,03:00:00
2026-06-01 03:15:00,165.39,03:15:00
2026-06-01 03:30:00,155.18,03:30:00
2026-06-01 03:45:00,155.18,03:45:00
2026-06-01 08:30:00,191.7,08:30:00
2026-06-01 08:45:00,190.85,08:45:00
2026-06-01 09:00:00,208.77,09:00:00
2026-06-01 09:15:00,208.21,09:15:00
2026-06-01 09:30:00,206.97,09:30:00
2026-06-01 09:45:00,207.02,09:45:00
2026-06-01 10:00:00,184.03,10:00:00
2026-06-01 10:15:00,183.72,10:15:00
2026-06-01 10:30:00,180.0,10:30:00
2026-06-01 10:45:00,179.87,10:45:00
2026-06-01 11:00:00,178.63,11:00:00
2026-06-01 11:15:00,178.02,11:15:00
2026-06-01 11:30:00,175.67,11:30:00
2026-06-01 11:45:00,175.75,11:45:00
2026-06-01 12:00:00,169.69,12:00:00
2026-06-01 12:15:00,169.17,12:15:00
2026-06-01 12:30:00,131.41,12:30:00
2026-06-01 12:45:00,130.75,12:45:00
2026-06-01 13:00:00,147.78,13:00:00
2026-06-01 13:15:00,147.76,13:15:00
2026-06-01 13:30:00,141.19,13:30:00
2026-06-01 13:45:00,141.21,13:45:00
2026-06-01 14:00:00,134.71,14:00:00
2026-06-01 14:15:00,135.55,14:15:00
2026-06-01 14:30:00,149.37,14:30:00
2026-06-01 14:45:00,149.99,14:45:00
2026-06-01 15:00:00,155.29,15:00:00
2026-06-01 15:15:00,155.54,15:15:00
2026-06-01 15:30:00,170.04,15:30:00
2026-06-01 15:45:00,170.16,15:45:00
2026-06-01 16:00:00,176.95,16:00:00
2026-06-01 16:15:00,177.01,16:15:00
2026-06-01 16:30:00,189.18,16:30:00
2026-06-01 16:45:00,189.35,16:45:00
2026-06-01 17:00:00,215.93,17:00:00
2026-06-01 17:15:00,216.01,17:15:00
2026-06-01 17:30:00,214.69,17:30:00
2026-06-01 17:45:00,214.8,17:45:00
2026-06-01 18:00:00,220.02,18:00:00
2026-06-01 18:15:00,220.18,18:15:00
2026-06-01 18:30:00,253.28,18:30:00
2026-06-01 18:45:00,254.66,18:45:00
2026-06-01 19:00:00,263.55,19:00:00
2026-06-01 19:15:00,263.51,19:15:00
2026-06-01 19:30:00,268.08,19:30:00
2026-06-01 19:45:00,267.9,19:45:00
2026-06-01 20:00:00,266.31,20:00:00
2026-06-01 20:15:00,265.86,20:15:00
2026-06-01 20:30:00,259.4,20:30:00
2026-06-01 20:45:00,259.34,20:45:00
2026-06-01 21:00:00,260.0,21:00:00
2026-06-01 21:15:00,259.29,21:15:00
2026-06-01 21:30:00,270.46,21:30:00
2026-06-01 21:45:00,269.82,21:45:00
2026-06-01 22:00:00,271.61,22:00:00
2026-06-01 22:15:00,271.28,22:15:00
2026-06-01 22:30:00,275.61,22:30:00
2026-06-01 22:45:00,275.65,22:45:00
2026-06-01 23:00:00,277.53,23:00:00
2026-06-01 23:15:00,277.62,23:15:00
2026-06-01 23:30:00,275.83,23:30:00
2026-06-01 23:45:00,275.9,23:45:00
2026-06-02 01:00:00,250.41,01:00:00
2026-06-02 01:15:00,251.07,01:15:00
2026-06-02 01:30:00,250.21,01:30:00
2026-06-02 01:45:00,250.79,01:45:00
2026-06-02 02:00:00,251.93,02:00:00
2026-06-02 02:15:00,251.95,02:15:00
2026-06-02 02:30:00,242.88,02:30:00
2026-06-02 02:45:00,243.98,02:45:00
2026-06-02 03:00:00,237.4,03:00:00
2026-06-02 03:15:00,239.0,03:15:00
2026-06-02 03:30:00,238.44,03:30:00
2026-06-02 03:45:00,239.62,03:45:00
2026-06-02 04:00:00,238.29,04:00:00
2026-06-02 04:15:00,238.38,04:15:00
2026-06-02 04:30:00,242.13,04:30:00
2026-06-02 04:45:00,241.78,04:45:00
2026-06-02 05:00:00,249.25,05:00:00
2026-06-02 05:15:00,248.57,05:15:00
2026-06-02 05:30:00,248.66,05:30:00
2026-06-02 05:45:00,248.22,05:45:00
2026-06-02 06:00:00,234.25,06:00:00
2026-06-02 06:15:00,234.24,06:15:00
2026-06-02 06:30:00,214.28,06:30:00
2026-06-02 06:45:00,214.01,06:45:00
2026-06-02 07:00:00,171.25,07:00:00
2026-06-02 07:15:00,169.19,07:15:00
2026-06-02 07:30:00,193.11,07:30:00
2026-06-02 07:45:00,192.92,07:45:00
2026-06-02 08:00:00,189.05,08:00:00
2026-06-02 08:15:00,189.0,08:15:00
2026-06-02 08:30:00,198.77,08:30:00
2026-06-02 08:45:00,198.82,08:45:00
2026-06-02 09:00:00,195.61,09:00:00
2026-06-02 09:15:00,195.63,09:15:00
2026-06-02 09:30:00,194.56,09:30:00
2026-06-02 09:45:00,194.49,09:45:00
2026-06-02 11:00:00,163.04,11:00:00
2026-06-02 11:15:00,163.02,11:15:00
2026-06-02 11:30:00,146.35,11:30:00
2026-06-02 11:45:00,146.38,11:45:00
2026-06-02 12:00:00,136.89,12:00:00
2026-06-02 12:15:00,136.87,12:15:00
2026-06-02 12:30:00,138.85,12:30:00
2026-06-02 12:45:00,138.77,12:45:00
2026-06-02 13:00:00,107.21,13:00:00
2026-06-02 13:15:00,107.17,13:15:00
2026-06-02 13:30:00,115.92,13:30:00
2026-06-02 13:45:00,115.91,13:45:00
2026-06-02 14:00:00,121.62,14:00:00
2026-06-02 14:15:00,121.62,14:15:00
2026-06-02 14:30:00,113.94,14:30:00
2026-06-02 14:45:00,113.94,14:45:00
2026-06-02 15:00:00,110.23,15:00:00
2026-06-02 15:15:00,110.23,15:15:00
2026-06-02 15:30:00,134.82,15:30:00
2026-06-02 15:45:00,134.82,15:45:00
2026-06-02 16:00:00,137.25,16:00:00
2026-06-02 16:15:00,137.25,16:15:00
2026-06-02 16:30:00,146.83,16:30:00
2026-06-02 16:45:00,146.83,16:45:00
2026-06-02 17:00:00,158.97,17:00:00
2026-06-02 17:15:00,158.91,17:15:00
2026-06-02 17:30:00,168.52,17:30:00
2026-06-02 17:45:00,168.96,17:45:00
2026-06-02 18:00:00,182.9,18:00:00
2026-06-02 18:15:00,182.93,18:15:00
2026-06-02 18:30:00,190.33,18:30:00
2026-06-02 18:45:00,190.29,18:45:00
2026-06-02 19:00:00,204.18,19:00:00
2026-06-02 19:15:00,204.06,19:15:00
2026-06-02 19:30:00,222.09,19:30:00
2026-06-02 19:45:00,222.15,19:45:00
2026-06-02 20:00:00,230.55,20:00:00
2026-06-02 20:15:00,230.81,20:15:00
2026-06-02 20:30:00,245.92,20:30:00
2026-06-02 20:45:00,245.94,20:45:00
2026-06-02 21:00:00,244.29,21:00:00
2026-06-02 21:15:00,244.31,21:15:00
2026-06-02 21:30:00,249.97,21:30:00
2026-06-02 21:45:00,249.89,21:45:00
2026-06-02 22:00:00,244.6,22:00:00
2026-06-02 22:15:00,243.9,22:15:00
2026-06-02 22:30:00,225.75,22:30:00
2026-06-02 22:45:00,225.66,22:45:00
2026-06-02 23:00:00,211.78,23:00:00
2026-06-02 23:15:00,211.63,23:15:00
2026-06-02 23:30:00,215.61,23:30:00
2026-06-02 23:45:00,215.21,23:45:00
2026-06-03 00:00:00,205.36,00:00:00
2026-06-03 00:15:00,204.34,00:15:00
2026-06-03 00:30:00,173.86,00:30:00
2026-06-03 00:45:00,173.46,00:45:00
2026-06-03 01:00:00,159.14,01:00:00
2026-06-03 01:15:00,159.28,01:15:00
2026-06-03 01:30:00,143.77,01:30:00
2026-06-03 01:45:00,143.9,01:45:00
2026-06-03 02:00:00,120.14,02:00:00
2026-06-03 02:15:00,120.46,02:15:00
2026-06-03 02:30:00,120.75,02:30:00
2026-06-03 02:45:00,121.05,02:45:00
2026-06-03 03:00:00,100.7,03:00:00
2026-06-03 03:15:00,100.72,03:15:00
2026-06-03 03:30:00,116.93,03:30:00
2026-06-03 03:45:00,117.1,03:45:00
2026-06-03 04:00:00,120.76,04:00:00
2026-06-03 04:15:00,120.76,04:15:00
2026-06-03 04:30:00,131.0,04:30:00
2026-06-03 04:45:00,131.0,04:45:00
2026-06-03 05:00:00,124.16,05:00:00
2026-06-03 05:15:00,124.16,05:15:00
2026-06-03 05:30:00,117.76,05:30:00
2026-06-03 05:45:00,117.76,05:45:00
2026-06-03 06:00:00,113.92,06:00:00
2026-06-03 06:15:00,113.95,06:15:00
2026-06-03 06:30:00,114.43,06:30:00
2026-06-03 06:45:00,114.42,06:45:00
2026-06-03 07:00:00,117.72,07:00:00
2026-06-03 07:15:00,116.99,07:15:00
2026-06-03 07:30:00,116.18,07:30:00
2026-06-03 07:45:00,115.54,07:45:00
2026-06-03 08:00:00,112.38,08:00:00
2026-06-03 08:15:00,112.35,08:15:00
2026-06-03 08:30:00,115.65,08:30:00
2026-06-03 08:45:00,115.63,08:45:00
2026-06-03 09:00:00,113.15,09:00:00
2026-06-03 09:15:00,113.15,09:15:00
2026-06-03 09:30:00,100.67,09:30:00
2026-06-03 09:45:00,100.67,09:45:00
2026-06-03 10:00:00,91.36,10:00:00
2026-06-03 10:15:00,91.36,10:15:00
2026-06-03 10:30:00,96.45,10:30:00
2026-06-03 10:45:00,96.45,10:45:00
2026-06-03 11:00:00,91.17,11:00:00
2026-06-03 11:15:00,91.17,11:15:00
2026-06-03 11:30:00,86.63,11:30:00
2026-06-03 11:45:00,86.63,11:45:00
2026-06-03 12:00:00,96.42,12:00:00
2026-06-03 12:15:00,96.42,12:15:00
2026-06-03 12:30:00,91.8,12:30:00
2026-06-03 12:45:00,91.8,12:45:00
2026-06-03 14:00:00,116.98,14:00:00
2026-06-03 14:15:00,116.98,14:15:00
2026-06-03 14:30:00,117.28,14:30:00
2026-06-03 14:45:00,117.28,14:45:00
2026-06-03 15:00:00,111.79,15:00:00
2026-06-03 15:15:00,111.79,15:15:00
2026-06-03 15:30:00,109.74,15:30:00
2026-06-03 15:45:00,109.74,15:45:00
2026-06-03 16:00:00,116.92,16:00:00
2026-06-03 16:15:00,116.92,16:15:00
2026-06-03 16:30:00,128.36,16:30:00
2026-06-03 16:45:00,128.36,16:45:00
2026-06-03 17:00:00,137.35,17:00:00
2026-06-03 17:15:00,137.35,17:15:00
2026-06-03 17:30:00,132.52,17:30:00
2026-06-03 17:45:00,132.52,17:45:00
2026-06-03 18:00:00,113.06,18:00:00
2026-06-03 18:15:00,113.06,18:15:00
2026-06-03 18:30:00,91.94,18:30:00
2026-06-03 18:45:00,91.94,18:45:00
2026-06-03 19:00:00,85.47,19:00:00
2026-06-03 19:15:00,85.47,19:15:00
2026-06-03 19:30:00,97.16,19:30:00
2026-06-03 19:45:00,97.16,19:45:00
2026-06-03 20:00:00,102.11,20:00:00
2026-06-03 20:15:00,102.11,20:15:00
2026-06-03 20:30:00,95.16,20:30:00
2026-06-03 20:45:00,95.16,20:45:00
2026-06-03 21:00:00,92.67,21:00:00
2026-06-03 21:15:00,92.71,21:15:00
2026-06-03 21:30:00,75.38,21:30:00
2026-06-03 21:45:00,75.5,21:45:00
2026-06-03 23:00:00,85.44,23:00:00
2026-06-03 23:15:00,85.47,23:15:00
2026-06-03 23:30:00,87.71,23:30:00
2026-06-03 23:45:00,87.67,23:45:00
2026-06-04 00:00:00,86.49,00:00:00
2026-06-04 00:15:00,86.51,00:15:00
2026-06-04 00:30:00,87.8,00:30:00
2026-06-04 00:45:00,87.75,00:45:00
2026-06-04 01:00:00,89.4,01:00:00
2026-06-04 01:15:00,89.37,01:15:00
2026-06-04 01:30:00,91.7,01:30:00
2026-06-04 01:45:00,91.99,01:45:00
2026-06-04 02:00:00,87.83,02:00:00
2026-06-04 02:15:00,87.85,02:15:00
2026-06-04 02:30:00,91.07,02:30:00
2026-06-04 02:45:00,91.11,02:45:00
2026-06-04 03:00:00,94.64,03:00:00
2026-06-04 03:15:00,94.65,03:15:00
2026-06-04 03:30:00,97.18,03:30:00
2026-06-04 03:45:00,97.18,03:45:00
2026-06-04 04:00:00,98.77,04:00:00
2026-06-04 04:15:00,98.74,04:15:00
2026-06-04 04:30:00,94.91,04:30:00
2026-06-04 04:45:00,95.04,04:45:00
2026-06-04 05:00:00,97.22,05:00:00
2026-06-04 05:15:00,97.49,05:15:00
2026-06-04 05:30:00,97.61,05:30:00
2026-06-04 05:45:00,97.89,05:45:00
2026-06-04 06:00:00,119.54,06:00:00
2026-06-04 06:15:00,119.75,06:15:00
2026-06-04 06:30:00,120.79,06:30:00
2026-06-04 06:45:00,120.8,06:45:00
2026-06-04 07:00:00,118.1,07:00:00
2026-06-04 07:15:00,117.13,07:15:00
2026-06-04 07:30:00,114.82,07:30:00
2026-06-04 07:45:00,114.15,07:45:00
2026-06-04 08:00:00,114.35,08:00:00
2026-06-04 08:15:00,114.34,08:15:00
2026-06-04 08:30:00,111.9,08:30:00
2026-06-04 08:45:00,111.47,08:45:00
2026-06-04 09:00:00,109.46,09:00:00
2026-06-04 09:15:00,108.39,09:15:00
2026-06-04 09:30:00,111.8,09:30:00
2026-06-04 09:45:00,111.03,09:45:00
2026-06-04 10:00:00,110.95,10:00:00
2026-06-04 10:15:00,111.04,10:15:00
2026-06-04 10:30:00,113.35,10:30:00
2026-06-04 10:45:00,113.54,10:45:00
2026-06-04 11:00:00,113.51,11:00:00
2026-06-04 11:15:00,113.69,11:15:00
2026-06-04 11:30:00,114.03,11:30:00
2026-06-04 11:45:00,114.21,11:45:00
2026-06-04 12:00:00,115.59,12:00:00
2026-06-04 12:15:00,115.87,12:15:00
2026-06-04 12:30:00,118.12,12:30:00
2026-06-04 12:45:00,118.06,12:45:00
2026-06-04 14:00:00,124.26,14:00:00
2026-06-04 14:15:00,124.25,14:15:00
2026-06-04 14:30:00,114.21,14:30:00
2026-06-04 14:45:00,114.22,14:45:00
2026-06-04 15:00:00,106.68,15:00:00
2026-06-04 15:15:00,106.68,15:15:00
2026-06-04 15:30:00,104.76,15:30:00
2026-06-04 15:45:00,104.76,15:45:00
2026-06-04 16:00:00,101.82,16:00:00
2026-06-04 16:15:00,101.82,16:15:00
2026-06-04 16:30:00,100.05,16:30:00
2026-06-04 16:45:00,100.05,16:45:00
2026-06-04 17:00:00,90.38,17:00:00
2026-06-04 17:15:00,90.38,17:15:00
2026-06-04 17:30:00,81.0,17:30:00
2026-06-04 17:45:00,81.0,17:45:00
2026-06-04 18:00:00,78.0,18:00:00
2026-06-04 18:15:00,78.0,18:15:00
2026-06-04 18:30:00,70.56,18:30:00
2026-06-04 18:45:00,70.57,18:45:00
2026-06-04 19:00:00,71.81,19:00:00
2026-06-04 19:15:00,71.84,19:15:00
2026-06-04 19:30:00,74.68,19:30:00
2026-06-04 19:45:00,75.38,19:45:00
2026-06-04 20:00:00,81.42,20:00:00
2026-06-04 20:15:00,81.5,20:15:00
2026-06-04 20:30:00,89.18,20:30:00
2026-06-04 20:45:00,89.28,20:45:00
2026-06-04 21:00:00,94.07,21:00:00
2026-06-04 21:15:00,94.11,21:15:00
2026-06-04 21:30:00,95.07,21:30:00
2026-06-04 21:45:00,95.05,21:45:00
2026-06-04 22:00:00,98.84,22:00:00
2026-06-04 22:15:00,98.86,22:15:00
2026-06-04 22:30:00,98.12,22:30:00
2026-06-04 22:45:00,98.04,22:45:00
2026-06-04 23:00:00,100.63,23:00:00
2026-06-04 23:15:00,100.57,23:15:00
2026-06-04 23:30:00,104.42,23:30:00
2026-06-04 23:45:00,104.45,23:45:00
2026-06-05 00:00:00,102.8,00:00:00
2026-06-05 00:15:00,102.31,00:15:00
2026-06-05 00:30:00,104.95,00:30:00
2026-06-05 00:45:00,104.89,00:45:00
2026-06-05 01:00:00,106.2,01:00:00
2026-06-05 01:15:00,106.29,01:15:00
2026-06-05 01:30:00,115.58,01:30:00
2026-06-05 01:45:00,115.92,01:45:00
2026-06-05 02:00:00,121.32,02:00:00
2026-06-05 02:15:00,121.65,02:15:00
2026-06-05 02:30:00,125.88,02:30:00
2026-06-05 02:45:00,125.96,02:45:00
2026-06-05 03:00:00,126.52,03:00:00
2026-06-05 03:15:00,126.66,03:15:00
2026-06-05 03:30:00,134.93,03:30:00
2026-06-05 03:45:00,137.53,03:45:00
2026-06-05 05:00:00,150.63,05:00:00
2026-06-05 05:15:00,151.77,05:15:00
2026-06-05 05:30:00,168.28,05:30:00
2026-06-05 05:45:00,168.09,05:45:00
2026-06-05 06:00:00,190.83,06:00:00
2026-06-05 06:15:00,190.98,06:15:00
2026-06-05 06:30:00,214.16,06:30:00
2026-06-05 06:45:00,214.7,06:45:00
2026-06-05 07:00:00,213.79,07:00:00
2026-06-05 07:15:00,213.67,07:15:00
2026-06-05 07:30:00,209.03,07:30:00
2026-06-05 07:45:00,209.14,07:45:00
2026-06-05 08:00:00,197.57,08:00:00
2026-06-05 08:15:00,196.75,08:15:00
2026-06-05 08:30:00,170.29,08:30:00
2026-06-05 08:45:00,169.67,08:45:00
2026-06-05 09:00:00,150.77,09:00:00
2026-06-05 09:15:00,150.86,09:15:00
2026-06-05 09:30:00,133.82,09:30:00
2026-06-05 09:45:00,133.8,09:45:00
2026-06-05 10:00:00,125.5,10:00:00
2026-06-05 10:15:00,125.47,10:15:00
2026-06-05 10:30:00,127.37,10:30:00
2026-06-05 10:45:00,127.44,10:45:00
2026-06-05 11:00:00,139.17,11:00:00
2026-06-05 11:15:00,139.37,11:15:00
2026-06-05 11:30:00,123.34,11:30:00
2026-06-05 11:45:00,123.31,11:45:00
2026-06-05 12:00:00,125.78,12:00:00
2026-06-05 12:15:00,125.77,12:15:00
2026-06-05 12:30:00,134.56,12:30:00
2026-06-05 12:45:00,134.54,12:45:00
2026-06-05 13:00:00,118.82,13:00:00
2026-06-05 13:15:00,118.95,13:15:00
2026-06-05 13:30:00,107.26,13:30:00
2026-06-05 13:45:00,108.24,13:45:00
2026-06-05 14:00:00,102.83,14:00:00
2026-06-05 14:15:00,103.18,14:15:00
2026-06-05 14:30:00,115.66,14:30:00
2026-06-05 14:45:00,115.68,14:45:00
2026-06-05 15:00:00,115.27,15:00:00
2026-06-05 15:15:00,115.21,15:15:00
2026-06-05 15:30:00,108.6,15:30:00
2026-06-05 15:45:00,111.2,15:45:00
2026-06-05 16:00:00,117.69,16:00:00
2026-06-05 16:15:00,117.7,16:15:00
2026-06-05 16:30:00,114.86,16:30:00
2026-06-05 16:45:00,114.88,16:45:00
2026-06-05 17:00:00,115.29,17:00:00
2026-06-05 17:15:00,115.31,17:15:00
2026-06-05 17:30:00,124.43,17:30:00
2026-06-05 17:45:00,124.45,17:45:00
2026-06-05 18:00:00,117.24,18:00:00
2026-06-05 18:15:00,117.24,18:15:00
2026-06-05 18:30:00,127.46,18:30:00
2026-06-05 18:45:00,127.46,18:45:00
2026-06-05 19:00:00,133.15,19:00:00
2026-06-05 19:15:00,133.15,19:15:00
2026-06-05 19:30:00,131.77,19:30:00
2026-06-05 19:45:00,131.77,19:45:00
2026-06-05 20:00:00,133.53,20:00:00
2026-06-05 20:15:00,133.53,20:15:00
2026-06-05 20:30:00,133.2,20:30:00
2026-06-05 20:45:00,133.2,20:45:00
2026-06-05 21:00:00,130.56,21:00:00
2026-06-05 21:15:00,130.56,21:15:00
2026-06-05 21:30:00,129.94,21:30:00
2026-06-05 21:45:00,129.94,21:45:00
2026-06-05 22:00:00,112.79,22:00:00
2026-06-05 22:15:00,112.79,22:15:00
2026-06-05 22:30:00,108.95,22:30:00
2026-06-05 22:45:00,108.95,22:45:00
2026-06-05 23:00:00,95.01,23:00:00
2026-06-05 23:15:00,95.01,23:15:00
2026-06-05 23:30:00,104.83,23:30:00
2026-06-05 23:45:00,104.83,23:45:00
2026-06-06 00:00:00,109.9,00:00:00
2026-06-06 00:15:00,109.9,00:15:00
2026-06-06 00:30:00,114.05,00:30:00
2026-06-06 00:45:00,114.05,00:45:00
2026-06-06 01:00:00,140.61,01:00:00
2026-06-06 01:15:00,141.04,01:15:00
2026-06-06 01:30:00,124.71,01:30:00
2026-06-06 01:45:00,124.48,01:45:00
2026-06-06 02:00:00,109.2,02:00:00
2026-06-06 02:15:00,108.15,02:15:00
2026-06-06 02:30:00,103.36,02:30:00
2026-06-06 02:45:00,102.9,02:45:00
2026-06-06 03:00:00,110.12,03:00:00
2026-06-06 03:15:00,109.66,03:15:00
2026-06-06 03:30:00,116.69,03:30:00
2026-06-06 03:45:00,116.76,03:45:00
2026-06-06 04:00:00,116.03,04:00:00
2026-06-06 04:15:00,113.9,04:15:00
2026-06-06 04:30:00,131.63,04:30:00
2026-06-06 04:45:00,131.67,04:45:00
2026-06-06 05:00:00,125.36,05:00:00
2026-06-06 05:15:00,125.4,05:15:00
2026-06-06 05:30:00,109.8,05:30:00
2026-06-06 05:45:00,109.74,05:45:00
2026-06-06 06:00:00,116.76,06:00:00
2026-06-06 06:15:00,116.53,06:15:00
2026-06-06 06:30:00,117.13,06:30:00
2026-06-06 06:45:00,114.84,06:45:00
2026-06-06 07:00:00,116.46,07:00:00
2026-06-06 07:15:00,113.23,07:15:00
2026-06-06 07:30:00,109.17,07:30:00
2026-06-06 07:45:00,106.65,07:45:00
2026-06-06 08:00:00,106.41,08:00:00
2026-06-06 08:15:00,104.84,08:15:00
2026-06-06 08:30:00,98.65,08:30:00
2026-06-06 08:45:00,98.43,08:45:00
2026-06-06 09:00:00,107.39,09:00:00
2026-06-06 09:15:00,107.37,09:15:00
2026-06-06 09:30:00,106.77,09:30:00
2026-06-06 09:45:00,106.69,09:45:00
2026-06-06 10:00:00,109.88,10:00:00
2026-06-06 10:15:00,109.85,10:15:00
2026-06-06 10:30:00,107.29,10:30:00
2026-06-06 10:45:00,107.04,10:45:00
2026-06-06 11:00:00,103.26,11:00:00
2026-06-06 11:15:00,103.13,11:15:00
2026-06-06 11:30:00,101.45,11:30:00
2026-06-06 11:45:00,101.38,11:45:00
2026-06-06 12:00:00,101.7,12:00:00
2026-06-06 12:15:00,101.71,12:15:00
2026-06-06 12:30:00,95.55,12:30:00
2026-06-06 12:45:00,95.58,12:45:00
2026-06-06 13:00:00,98.48,13:00:00
2026-06-06 13:15:00,98.8,13:15:00
2026-06-06 13:30:00,96.9,13:30:00
2026-06-06 13:45:00,96.94,13:45:00
2026-06-06 15:00:00,101.38,15:00:00
2026-06-06 15:15:00,101.38,15:15:00
2026-06-06 15:30:00,119.64,15:30:00
2026-06-06 15:45:00,119.49,15:45:00
2026-06-06 16:00:00,119.38,16:00:00
2026-06-06 16:15:00,119.41,16:15:00
2026-06-06 16:30:00,124.24,16:30:00
2026-06-06 16:45:00,124.33,16:45:00
2026-06-06 17:00:00,127.12,17:00:00
2026-06-06 17:15:00,128.05,17:15:00
2026-06-06 17:30:00,130.5,17:30:00
2026-06-06 17:45:00,130.56,17:45:00
2026-06-06 18:00:00,132.42,18:00:00
2026-06-06 18:15:00,132.45,18:15:00
2026-06-06 18:30:00,132.01,18:30:00
2026-06-06 18:45:00,132.0,18:45:00
2026-06-06 20:00:00,148.6,20:00:00
2026-06-06 20:15:00,148.52,20:15:00
2026-06-06 20:30:00,114.5,20:30:00
2026-06-06 20:45:00,114.52,20:45:00
2026-06-06 21:00:00,106.1,21:00:00
2026-06-06 21:15:00,106.02,21:15:00
2026-06-06 21:30:00,108.33,21:30:00
2026-06-06 21:45:00,105.79,21:45:00
2026-06-06 22:00:00,107.73,22:00:00
2026-06-06 22:15:00,107.88,22:15:00
2026-06-06 22:30:00,103.57,22:30:00
2026-06-06 22:45:00,103.54,22:45:00
2026-06-06 23:00:00,98.3,23:00:00
2026-06-06 23:15:00,98.37,23:15:00
2026-06-06 23:30:00,96.83,23:30:00
2026-06-06 23:45:00,96.85,23:45:00
2026-06-07 00:00:00,92.46,00:00:00
2026-06-07 00:15:00,92.88,00:15:00
2026-06-07 00:30:00,95.76,00:30:00
2026-06-07 00:45:00,95.75,00:45:00
2026-06-07 01:00:00,87.83,01:00:00
2026-06-07 01:15:00,87.59,01:15:00
2026-06-07 01:30:00,88.55,01:30:00
2026-06-07 01:45:00,88.32,01:45:00
2026-06-07 02:00:00,90.27,02:00:00
2026-06-07 02:15:00,90.15,02:15:00
2026-06-07 02:30:00,92.5,02:30:00
2026-06-07 02:45:00,92.61,02:45:00
2026-06-07 03:00:00,89.7,03:00:00
2026-06-07 03:15:00,89.7,03:15:00
2026-06-07 03:30:00,88.66,03:30:00
2026-06-07 03:45:00,88.66,03:45:00
2026-06-07 04:00:00,84.24,04:00:00
2026-06-07 04:15:00,84.59,04:15:00
2026-06-07 04:30:00,85.56,04:30:00
2026-06-07 04:45:00,85.86,04:45:00
2026-06-07 05:00:00,87.89,05:00:00
2026-06-07 05:15:00,87.88,05:15:00
2026-06-07 05:30:00,91.63,05:30:00
2026-06-07 05:45:00,91.38,05:45:00
2026-06-07 06:00:00,94.07,06:00:00
2026-06-07 06:15:00,94.08,06:15:00
2026-06-07 06:30:00,93.9,06:30:00
2026-06-07 06:45:00,93.73,06:45:00
2026-06-07 07:00:00,93.48,07:00:00
2026-06-07 07:15:00,93.49,07:15:00
2026-06-07 07:30:00,97.78,07:30:00
2026-06-07 07:45:00,97.19,07:45:00
2026-06-07 08:00:00,96.35,08:00:00
2026-06-07 08:15:00,96.33,08:15:00
2026-06-07 08:30:00,92.6,08:30:00
2026-06-07 08:45:00,90.81,08:45:00
2026-06-07 09:00:00,85.94,09:00:00
2026-06-07 09:15:00,85.52,09:15:00
2026-06-07 09:30:00,85.91,09:30:00
2026-06-07 09:45:00,85.41,09:45:00
2026-06-07 10:00:00,90.65,10:00:00
2026-06-07 10:15:00,90.03,10:15:00
2026-06-07 10:30:00,94.34,10:30:00
2026-06-07 10:45:00,94.38,10:45:00
2026-06-07 11:00:00,93.28,11:00:00
2026-06-07 11:15:00,93.29,11:15:00
2026-06-07 11:30:00,92.46,11:30:00
2026-06-07 11:45:00,92.44,11:45:00
2026-06-07 12:00:00,93.35,12:00:00
2026-06-07 12:15:00,93.41,12:15:00
2026-06-07 12:30:00,91.99,12:30:00
2026-06-07 12:45:00,91.91,12:45:00
2026-06-07 13:00:00,93.69,13:00:00
2026-06-07 13:15:00,94.05,13:15:00
2026-06-07 13:30:00,95.91,13:30:00
2026-06-07 13:45:00,96.39,13:45:00
2026-06-07 14:00:00,97.0,14:00:00
2026-06-07 14:15:00,97.25,14:15:00
2026-06-07 14:30:00,99.05,14:30:00
2026-06-07 14:45:00,99.02,14:45:00
2026-06-07 15:00:00,97.15,15:00:00
2026-06-07 15:15:00,97.38,15:15:00
2026-06-07 15:30:00,98.99,15:30:00
2026-06-07 15:45:00,103.76,15:45:00
2026-06-07 16:00:00,107.31,16:00:00
2026-06-07 16:15:00,107.34,16:15:00
2026-06-07 16:30:00,108.15,16:30:00
2026-06-07 16:45:00,108.26,16:45:00
2026-06-07 17:00:00,108.95,17:00:00
2026-06-07 17:15:00,108.91,17:15:00
2026-06-07 17:30:00,116.5,17:30:00
2026-06-07 17:45:00,116.45,17:45:00
2026-06-07 18:00:00,120.85,18:00:00
2026-06-07 18:15:00,124.18,18:15:00
2026-06-07 18:30:00,141.41,18:30:00
2026-06-07 18:45:00,141.28,18:45:00
2026-06-07 19:00:00,124.49,19:00:00
2026-06-07 19:15:00,124.54,19:15:00
2026-06-07 19:30:00,135.31,19:30:00
2026-06-07 19:45:00,136.67,19:45:00
2026-06-07 20:00:00,139.44,20:00:00
2026-06-07 20:15:00,139.8,20:15:00
2026-06-07 20:30:00,143.05,20:30:00
2026-06-07 20:45:00,143.25,20:45:00
2026-06-07 21:00:00,144.94,21:00:00
2026-06-07 21:15:00,145.13,21:15:00
2026-06-07 21:30:00,157.08,21:30:00
2026-06-07 21:45:00,157.26,21:45:00
2026-06-07 22:00:00,158.84,22:00:00
2026-06-07 22:15:00,159.0,22:15:00
2026-06-07 22:30:00,189.9,22:30:00
2026-06-07 22:45:00,189.84,22:45:00
2026-06-07 23:00:00,181.48,23:00:00
2026-06-07 23:15:00,181.33,23:15:00
2026-06-07 23:30:00,196.77,23:30:00
2026-06-07 23:45:00,198.37,23:45:00
2026-06-08 00:00:00,193.15,00:00:00
2026-06-08 00:15:00,193.28,00:15:00
2026-06-08 00:30:00,181.21,00:30:00
2026-06-08 00:45:00,181.24,00:45:00
2026-06-08 01:00:00,169.26,01:00:00
2026-06-08 01:15:00,169.33,01:15:00
2026-06-08 01:30:00,177.0,01:30:00
2026-06-08 01:45:00,176.94,01:45:00
2026-06-08 02:00:00,179.44,02:00:00
2026-06-08 02:15:00,179.44,02:15:00
2026-06-08 02:30:00,180.51,02:30:00
2026-06-08 02:45:00,180.68,02:45:00
2026-06-08 03:00:00,177.97,03:00:00
2026-06-08 03:15:00,178.25,03:15:00
2026-06-08 03:30:00,185.51,03:30:00
2026-06-08 03:45:00,185.99,03:45:00
2026-06-08 04:00:00,181.05,04:00:00
2026-06-08 04:15:00,181.5,04:15:00
2026-06-08 04:30:00,181.7,04:30:00
2026-06-08 04:45:00,181.94,04:45:00
2026-06-08 05:00:00,180.98,05:00:00
2026-06-08 05:15:00,181.21,05:15:00
2026-06-08 05:30:00,180.08,05:30:00
2026-06-08 05:45:00,180.29,05:45:00
2026-06-08 06:00:00,180.59,06:00:00
2026-06-08 06:15:00,180.85,06:15:00
2026-06-08 06:30:00,189.35,06:30:00
2026-06-08 06:45:00,189.24,06:45:00
2026-06-08 07:00:00,182.06,07:00:00
2026-06-08 07:15:00,181.47,07:15:00
2026-06-08 07:30:00,166.62,07:30:00
2026-06-08 07:45:00,165.87,07:45:00
2026-06-08 08:00:00,142.94,08:00:00
2026-06-08 08:15:00,142.15,08:15:00
2026-06-08 08:30:00,140.43,08:30:00
2026-06-08 08:45:00,139.8,08:45:00
2026-06-08 09:00:00,123.71,09:00:00
2026-06-08 09:15:00,123.43,09:15:00
2026-06-08 09:30:00,127.38,09:30:00
2026-06-08 09:45:00,127.38,09:45:00
2026-06-08 10:00:00,143.52,10:00:00
2026-06-08 10:15:00,143.2,10:15:00
2026-06-08 10:30:00,120.29,10:30:00
2026-06-08 10:45:00,119.97,10:45:00
2026-06-08 11:00:00,144.48,11:00:00
2026-06-08 11:15:00,144.5,11:15:00
2026-06-08 11:30:00,133.79,11:30:00
2026-06-08 11:45:00,133.57,11:45:00
2026-06-08 12:00:00,122.41,12:00:00
2026-06-08 12:15:00,122.28,12:15:00
2026-06-08 12:30:00,100.01,12:30:00
2026-06-08 12:45:00,99.98,12:45:00
2026-06-08 13:00:00,114.0,13:00:00
2026-06-08 13:15:00,113.98,13:15:00
2026-06-08 13:30:00,96.12,13:30:00
2026-06-08 13:45:00,96.35,13:45:00
2026-06-08 14:00:00,101.29,14:00:00
2026-06-08 14:15:00,101.29,14:15:00
2026-06-08 14:30:00,109.15,14:30:00
2026-06-08 14:45:00,109.15,14:45:00
2026-06-08 15:00:00,124.17,15:00:00
2026-06-08 15:15:00,124.17,15:15:00
2026-06-08 15:30:00,152.21,15:30:00
2026-06-08 15:45:00,152.21,15:45:00
2026-06-08 16:00:00,150.78,16:00:00
2026-06-08 16:15:00,150.78,16:15:00
2026-06-08 16:30:00,149.91,16:30:00
2026-06-08 16:45:00,149.91,16:45:00
2026-06-08 17:00:00,133.67,17:00:00
2026-06-08 17:15:00,133.67,17:15:00
2026-06-08 17:30:00,147.54,17:30:00
2026-06-08 17:45:00,147.54,17:45:00
2026-06-08 18:00:00,143.79,18:00:00
2026-06-08 18:15:00,143.79,18:15:00
2026-06-08 18:30:00,144.91,18:30:00
2026-06-08 18:45:00,145.23,18:45:00
2026-06-08 19:00:00,146.14,19:00:00
2026-06-08 19:15:00,148.6,19:15:00
2026-06-08 19:30:00,157.56,19:30:00
2026-06-08 19:45:00,159.97,19:45:00
2026-06-08 20:00:00,161.08,20:00:00
2026-06-08 20:15:00,161.23,20:15:00
2026-06-08 20:30:00,150.46,20:30:00
2026-06-08 20:45:00,150.36,20:45:00
2026-06-08 21:00:00,156.65,21:00:00
2026-06-08 21:15:00,157.01,21:15:00
2026-06-08 21:30:00,143.46,21:30:00
2026-06-08 21:45:00,143.74,21:45:00
2026-06-08 22:00:00,133.15,22:00:00
2026-06-08 22:15:00,133.44,22:15:00
2026-06-08 22:30:00,124.91,22:30:00
2026-06-08 22:45:00,125.42,22:45:00
2026-06-08 23:00:00,133.3,23:00:00
2026-06-08 23:15:00,133.2,23:15:00
2026-06-08 23:30:00,146.61,23:30:00
2026-06-08 23:45:00,146.52,23:45:00
2026-06-09 00:00:00,150.1,00:00:00
2026-06-09 00:15:00,150.07,00:15:00
2026-06-09 00:30:00,164.93,00:30:00
2026-06-09 00:45:00,164.89,00:45:00
2026-06-09 01:00:00,161.11,01:00:00
2026-06-09 01:15:00,161.11,01:15:00
2026-06-09 01:30:00,155.95,01:30:00
2026-06-09 01:45:00,155.95,01:45:00
2026-06-09 02:00:00,148.89,02:00:00
2026-06-09 02:15:00,148.89,02:15:00
2026-06-09 02:30:00,139.01,02:30:00
2026-06-09 02:45:00,139.01,02:45:00
2026-06-09 03:00:00,123.29,03:00:00
2026-06-09 03:15:00,123.29,03:15:00
2026-06-09 03:30:00,123.14,03:30:00
2026-06-09 03:45:00,123.14,03:45:00
2026-06-09 04:00:00,117.1,04:00:00
2026-06-09 04:15:00,117.1,04:15:00
2026-06-09 04:30:00,121.49,04:30:00
2026-06-09 04:45:00,121.49,04:45:00
2026-06-09 05:00:00,122.12,05:00:00
2026-06-09 05:15:00,122.12,05:15:00
2026-06-09 05:30:00,134.13,05:30:00
2026-06-09 05:45:00,134.13,05:45:00
2026-06-09 06:00:00,131.04,06:00:00
2026-06-09 06:15:00,131.04,06:15:00
2026-06-09 06:30:00,130.32,06:30:00
2026-06-09 06:45:00,130.32,06:45:00
2026-06-09 07:00:00,105.76,07:00:00
2026-06-09 07:15:00,105.76,07:15:00
2026-06-09 07:30:00,100.45,07:30:00
2026-06-09 07:45:00,100.45,07:45:00
2026-06-09 08:00:00,93.64,08:00:00
2026-06-09 08:15:00,93.64,08:15:00
2026-06-09 08:30:00,92.79,08:30:00
2026-06-09 08:45:00,92.79,08:45:00
2026-06-09 09:00:00,93.92,09:00:00
2026-06-09 09:15:00,93.92,09:15:00
2026-06-09 09:30:00,92.59,09:30:00
2026-06-09 09:45:00,92.59,09:45:00
2026-06-09 11:00:00,98.68,11:00:00
2026-06-09 11:15:00,98.68,11:15:00
2026-06-09 11:30:00,96.95,11:30:00
2026-06-09 11:45:00,96.95,11:45:00
2026-06-09 12:00:00,98.65,12:00:00
2026-06-09 12:15:00,98.65,12:15:00
2026-06-09 12:30:00,96.82,12:30:00
2026-06-09 12:45:00,96.82,12:45:00
2026-06-09 14:00:00,111.04,14:00:00
2026-06-09 14:15:00,111.04,14:15:00
2026-06-09 14:30:00,106.78,14:30:00
2026-06-09 14:45:00,106.78,14:45:00
2026-06-09 15:00:00,98.18,15:00:00
2026-06-09 15:15:00,98.18,15:15:00
2026-06-09 15:30:00,102.48,15:30:00
2026-06-09 15:45:00,102.48,15:45:00
2026-06-09 16:00:00,133.55,16:00:00
2026-06-09 16:15:00,133.55,16:15:00
2026-06-09 16:30:00,154.09,16:30:00
2026-06-09 16:45:00,154.09,16:45:00
2026-06-09 17:00:00,145.86,17:00:00
2026-06-09 17:15:00,145.87,17:15:00
2026-06-09 17:30:00,156.09,17:30:00
2026-06-09 17:45:00,156.1,17:45:00
2026-06-09 18:00:00,165.68,18:00:00
2026-06-09 18:15:00,165.74,18:15:00
2026-06-09 18:30:00,185.74,18:30:00
2026-06-09 18:45:00,185.7,18:45:00
2026-06-09 19:00:00,183.28,19:00:00
2026-06-09 19:15:00,183.19,19:15:00
2026-06-09 19:30:00,197.05,19:30:00
2026-06-09 19:45:00,196.99,19:45:00
2026-06-09 20:00:00,215.91,20:00:00
2026-06-09 20:15:00,215.9,20:15:00
2026-06-09 20:30:00,213.56,20:30:00
2026-06-09 20:45:00,213.47,20:45:00
2026-06-09 21:00:00,218.48,21:00:00
2026-06-09 21:15:00,218.42,21:15:00
2026-06-09 21:30:00,217.81,21:30:00
2026-06-09 21:45:00,216.37,21:45:00
2026-06-09 22:00:00,218.42,22:00:00
2026-06-09 22:15:00,218.28,22:15:00
2026-06-09 22:30:00,225.95,22:30:00
2026-06-09 22:45:00,225.9,22:45:00
2026-06-09 23:00:00,231.63,23:00:00
2026-06-09 23:15:00,230.92,23:15:00
2026-06-09 23:30:00,232.1,23:30:00
2026-06-09 23:45:00,232.03,23:45:00
2026-06-10 00:00:00,218.4,00:00:00
2026-06-10 00:15:00,217.86,00:15:00
2026-06-10 00:30:00,221.41,00:30:00
2026-06-10 00:45:00,220.68,00:45:00
2026-06-10 01:00:00,217.79,01:00:00
2026-06-10 01:15:00,217.75,01:15:00
2026-06-10 01:30:00,217.04,01:30:00
2026-06-10 01:45:00,217.52,01:45:00
2026-06-10 02:00:00,217.71,02:00:00
2026-06-10 02:15:00,217.89,02:15:00
2026-06-10 02:30:00,217.62,02:30:00
2026-06-10 02:45:00,217.63,02:45:00
2026-06-10 03:00:00,219.3,03:00:00
2026-06-10 03:15:00,219.28,03:15:00
2026-06-10 03:30:00,222.37,03:30:00
2026-06-10 03:45:00,223.74,03:45:00
2026-06-10 04:00:00,231.41,04:00:00
2026-06-10 04:15:00,231.26,04:15:00
2026-06-10 04:30:00,232.7,04:30:00
2026-06-10 04:45:00,233.3,04:45:00
2026-06-10 05:00:00,224.86,05:00:00
2026-06-10 05:15:00,225.4,05:15:00
2026-06-10 05:30:00,228.77,05:30:00
2026-06-10 05:45:00,228.69,05:45:00
2026-06-10 06:00:00,231.48,06:00:00
2026-06-10 06:15:00,232.09,06:15:00
2026-06-10 06:30:00,236.48,06:30:00
2026-06-10 06:45:00,235.97,06:45:00
2026-06-10 07:00:00,240.87,07:00:00
2026-06-10 07:15:00,239.8,07:15:00
2026-06-10 07:30:00,228.52,07:30:00
2026-06-10 07:45:00,228.31,07:45:00
2026-06-10 08:00:00,198.86,08:00:00
2026-06-10 08:15:00,197.34,08:15:00
2026-06-10 08:30:00,191.23,08:30:00
2026-06-10 08:45:00,191.42,08:45:00
2026-06-10 09:00:00,179.06,09:00:00
2026-06-10 09:15:00,178.93,09:15:00
2026-06-10 09:30:00,178.38,09:30:00
2026-06-10 09:45:00,178.4,09:45:00
2026-06-10 10:00:00,171.89,10:00:00
2026-06-10 10:15:00,170.44,10:15:00
2026-06-10 10:30:00,136.33,10:30:00
2026-06-10 10:45:00,136.34,10:45:00
2026-06-10 11:00:00,163.53,11:00:00
2026-06-10 11:15:00,163.42,11:15:00
2026-06-10 11:30:00,167.63,11:30:00
2026-06-10 11:45:00,167.25,11:45:00
2026-06-10 12:00:00,175.78,12:00:00
2026-06-10 12:15:00,175.42,12:15:00
2026-06-10 12:30:00,178.4,12:30:00
2026-06-10 12:45:00,178.19,12:45:00
2026-06-10 13:00:00,186.72,13:00:00
2026-06-10 13:15:00,186.72,13:15:00
2026-06-10 13:30:00,185.79,13:30:00
2026-06-10 13:45:00,185.92,13:45:00
2026-06-10 14:00:00,183.61,14:00:00
2026-06-10 14:15:00,184.84,14:15:00
2026-06-10 14:30:00,163.61,14:30:00
2026-06-10 14:45:00,163.74,14:45:00
2026-06-10 15:00:00,136.44,15:00:00
2026-06-10 15:15:00,138.25,15:15:00
2026-06-10 15:30:00,122.8,15:30:00
2026-06-10 15:45:00,122.82,15:45:00
2026-06-10 16:00:00,129.48,16:00:00
2026-06-10 16:15:00,132.53,16:15:00
2026-06-10 16:30:00,131.79,16:30:00
2026-06-10 16:45:00,131.74,16:45:00
2026-06-10 17:00:00,145.95,17:00:00
2026-06-10 17:15:00,145.95,17:15:00
2026-06-10 17:30:00,145.7,17:30:00
2026-06-10 17:45:00,146.18,17:45:00
2026-06-10 18:00:00,156.19,18:00:00
2026-06-10 18:15:00,158.16,18:15:00
2026-06-10 18:30:00,188.83,18:30:00
2026-06-10 18:45:00,190.8,18:45:00
2026-06-10 19:00:00,216.91,19:00:00
2026-06-10 19:15:00,216.86,19:15:00
2026-06-10 19:30:00,225.07,19:30:00
2026-06-10 19:45:00,225.13,19:45:00
2026-06-10 20:00:00,244.44,20:00:00
2026-06-10 20:15:00,244.2,20:15:00
2026-06-10 20:30:00,243.39,20:30:00
2026-06-10 20:45:00,243.52,20:45:00
2026-06-10 21:00:00,245.61,21:00:00
2026-06-10 21:15:00,245.52,21:15:00
2026-06-10 21:30:00,235.15,21:30:00
2026-06-10 21:45:00,235.33,21:45:00
2026-06-10 22:00:00,222.48,22:00:00
2026-06-10 22:15:00,222.92,22:15:00
2026-06-10 22:30:00,206.68,22:30:00
2026-06-10 22:45:00,206.72,22:45:00
2026-06-10 23:00:00,191.44,23:00:00
2026-06-10 23:15:00,191.92,23:15:00
2026-06-10 23:30:00,186.11,23:30:00
2026-06-10 23:45:00,185.97,23:45:00
2026-06-11 00:00:00,174.02,00:00:00
2026-06-11 00:15:00,173.78,00:15:00
2026-06-11 00:30:00,159.12,00:30:00
2026-06-11 00:45:00,159.19,00:45:00
2026-06-11 01:00:00,139.78,01:00:00
2026-06-11 01:15:00,140.03,01:15:00
2026-06-11 01:30:00,135.95,01:30:00
2026-06-11 01:45:00,135.92,01:45:00
2026-06-11 02:00:00,116.08,02:00:00
2026-06-11 02:15:00,116.07,02:15:00
2026-06-11 02:30:00,111.84,02:30:00
2026-06-11 02:45:00,111.83,02:45:00
2026-06-11 03:00:00,107.92,03:00:00
2026-06-11 03:15:00,107.92,03:15:00
2026-06-11 03:30:00,89.7,03:30:00
2026-06-11 03:45:00,89.7,03:45:00
2026-06-11 04:00:00,89.65,04:00:00
2026-06-11 04:15:00,89.65,04:15:00
2026-06-11 04:30:00,93.97,04:30:00
2026-06-11 04:45:00,93.97,04:45:00
2026-06-11 05:00:00,97.48,05:00:00
2026-06-11 05:15:00,97.48,05:15:00
2026-06-11 05:30:00,103.03,05:30:00
2026-06-11 05:45:00,103.03,05:45:00
2026-06-11 06:00:00,127.47,06:00:00
2026-06-11 06:15:00,127.47,06:15:00
2026-06-11 06:30:00,142.18,06:30:00
2026-06-11 06:45:00,142.18,06:45:00
2026-06-11 07:00:00,146.85,07:00:00
2026-06-11 07:15:00,146.72,07:15:00
2026-06-11 07:30:00,148.16,07:30:00
2026-06-11 07:45:00,147.85,07:45:00
2026-06-11 08:00:00,147.6,08:00:00
2026-06-11 08:15:00,147.43,08:15:00
2026-06-11 08:30:00,144.61,08:30:00
2026-06-11 08:45:00,144.11,08:45:00
2026-06-11 09:00:00,144.29,09:00:00
2026-06-11 09:15:00,143.8,09:15:00
2026-06-11 09:30:00,142.64,09:30:00
2026-06-11 09:45:00,142.57,09:45:00
2026-06-11 10:00:00,134.92,10:00:00
2026-06-11 10:15:00,134.65,10:15:00
2026-06-11 10:30:00,132.46,10:30:00
2026-06-11 10:45:00,132.38,10:45:00
2026-06-11 11:00:00,123.23,11:00:00
2026-06-11 11:15:00,123.16,11:15:00
2026-06-11 11:30:00,112.65,11:30:00
2026-06-11 11:45:00,112.69,11:45:00
2026-06-11 12:00:00,113.33,12:00:00
2026-06-11 12:15:00,113.37,12:15:00
2026-06-11 12:30:00,116.43,12:30:00
2026-06-11 12:45:00,116.44,12:45:00
2026-06-11 13:00:00,125.78,13:00:00
2026-06-11 13:15:00,125.68,13:15:00
2026-06-11 13:30:00,116.55,13:30:00
2026-06-11 13:45:00,116.56,13:45:00
2026-06-11 14:00:00,104.73,14:00:00
2026-06-11 14:15:00,104.68,14:15:00
2026-06-11 14:30:00,119.3,14:30:00
2026-06-11 14:45:00,119.18,14:45:00
2026-06-11 15:00:00,118.51,15:00:00
2026-06-11 15:15:00,118.42,15:15:00
2026-06-11 15:30:00,129.3,15:30:00
2026-06-11 15:45:00,129.33,15:45:00
2026-06-11 16:00:00,129.82,16:00:00
2026-06-11 16:15:00,130.38,16:15:00
2026-06-11 16:30:00,100.85,16:30:00
2026-06-11 16:45:00,101.48,16:45:00
2026-06-11 17:00:00,83.43,17:00:00
2026-06-11 17:15:00,83.5,17:15:00
2026-06-11 17:30:00,83.91,17:30:00
2026-06-11 17:45:00,84.62,17:45:00
2026-06-11 18:00:00,90.29,18:00:00
2026-06-11 18:15:00,90.42,18:15:00
2026-06-11 18:30:00,96.45,18:30:00
2026-06-11 18:45:00,96.57,18:45:00
2026-06-11 19:00:00,92.68,19:00:00
2026-06-11 19:15:00,92.71,19:15:00
2026-06-11 19:30:00,89.97,19:30:00
2026-06-11 19:45:00,90.24,19:45:00
2026-06-11 21:00:00,119.16,21:00:00
2026-06-11 21:15:00,119.31,21:15:00
2026-06-11 21:30:00,111.94,21:30:00
2026-06-11 21:45:00,112.06,21:45:00
2026-06-11 22:00:00,99.26,22:00:00
2026-06-11 22:15:00,97.46,22:15:00
2026-06-11 22:30:00,110.18,22:30:00
2026-06-11 22:45:00,110.17,22:45:00
2026-06-11 23:00:00,91.33,23:00:00
2026-06-11 23:15:00,91.4,23:15:00
2026-06-11 23:30:00,108.76,23:30:00
2026-06-11 23:45:00,108.32,23:45:00
2026-06-12 00:00:00,112.36,00:00:00
2026-06-12 00:15:00,112.37,00:15:00
2026-06-12 00:30:00,101.7,00:30:00
2026-06-12 00:45:00,101.68,00:45:00
2026-06-12 01:00:00,84.79,01:00:00
2026-06-12 01:15:00,84.77,01:15:00
2026-06-12 01:30:00,83.74,01:30:00
2026-06-12 01:45:00,83.77,01:45:00
2026-06-12 02:00:00,91.09,02:00:00
2026-06-12 02:15:00,91.09,02:15:00
2026-06-12 02:30:00,96.38,02:30:00
2026-06-12 02:45:00,96.1,02:45:00
2026-06-12 03:00:00,92.67,03:00:00
2026-06-12 03:15:00,92.67,03:15:00
2026-06-12 03:30:00,103.76,03:30:00
2026-06-12 03:45:00,103.76,03:45:00
2026-06-12 04:00:00,120.07,04:00:00
2026-06-12 04:15:00,120.07,04:15:00
2026-06-12 04:30:00,115.62,04:30:00
2026-06-12 04:45:00,115.62,04:45:00
2026-06-12 05:00:00,119.53,05:00:00
2026-06-12 05:15:00,119.63,05:15:00
2026-06-12 05:30:00,98.23,05:30:00
2026-06-12 05:45:00,98.23,05:45:00
2026-06-12 06:00:00,94.8,06:00:00
2026-06-12 06:15:00,95.11,06:15:00
2026-06-12 06:30:00,84.92,06:30:00
2026-06-12 06:45:00,85.28,06:45:00
2026-06-12 07:00:00,79.0,07:00:00
2026-06-12 07:15:00,78.97,07:15:00
2026-06-12 07:30:00,75.19,07:30:00
2026-06-12 07:45:00,74.57,07:45:00
2026-06-12 08:00:00,76.61,08:00:00
2026-06-12 08:15:00,76.6,08:15:00
2026-06-12 08:30:00,75.01,08:30:00
2026-06-12 08:45:00,75.02,08:45:00
2026-06-12 09:00:00,75.26,09:00:00
2026-06-12 09:15:00,75.26,09:15:00
2026-06-12 09:30:00,74.97,09:30:00
2026-06-12 09:45:00,74.97,09:45:00
2026-06-12 10:00:00,75.31,10:00:00
2026-06-12 10:15:00,75.31,10:15:00
2026-06-12 10:30:00,80.84,10:30:00
2026-06-12 10:45:00,80.84,10:45:00
2026-06-12 11:00:00,69.72,11:00:00
2026-06-12 11:15:00,69.72,11:15:00
2026-06-12 11:30:00,68.67,11:30:00
2026-06-12 11:45:00,68.67,11:45:00
2026-06-12 12:00:00,69.52,12:00:00
2026-06-12 12:15:00,69.52,12:15:00
2026-06-12 12:30:00,71.27,12:30:00
2026-06-12 12:45:00,71.27,12:45:00
2026-06-12 13:00:00,74.54,13:00:00
2026-06-12 13:15:00,74.54,13:15:00
2026-06-12 13:30:00,71.35,13:30:00
2026-06-12 13:45:00,71.35,13:45:00
2026-06-12 14:00:00,73.3,14:00:00
2026-06-12 14:15:00,73.3,14:15:00
2026-06-12 14:30:00,74.37,14:30:00
2026-06-12 14:45:00,74.37,14:45:00
2026-06-12 15:00:00,76.77,15:00:00
2026-06-12 15:15:00,76.77,15:15:00
2026-06-12 15:30:00,79.01,15:30:00
2026-06-12 15:45:00,79.01,15:45:00
2026-06-12 16:00:00,80.14,16:00:00
2026-06-12 16:15:00,80.14,16:15:00
2026-06-12 16:30:00,74.97,16:30:00
2026-06-12 16:45:00,74.97,16:45:00
2026-06-12 18:00:00,68.85,18:00:00
2026-06-12 18:15:00,68.85,18:15:00
2026-06-12 18:30:00,70.58,18:30:00
2026-06-12 18:45:00,70.58,18:45:00
2026-06-12 19:00:00,80.12,19:00:00
2026-06-12 19:15:00,80.12,19:15:00
2026-06-12 19:30:00,85.07,19:30:00
2026-06-12 19:45:00,85.07,19:45:00
2026-06-12 20:00:00,107.22,20:00:00
2026-06-12 20:15:00,107.22,20:15:00
2026-06-12 20:30:00,111.0,20:30:00
2026-06-12 20:45:00,111.0,20:45:00
2026-06-12 21:00:00,128.41,21:00:00
2026-06-12 21:15:00,128.41,21:15:00
2026-06-12 21:30:00,135.49,21:30:00
2026-06-12 21:45:00,135.48,21:45:00
2026-06-12 22:00:00,119.59,22:00:00
2026-06-12 22:15:00,119.05,22:15:00
2026-06-12 22:30:00,109.61,22:30:00
2026-06-12 22:45:00,109.6,22:45:00
2026-06-12 23:00:00,105.17,23:00:00
2026-06-12 23:15:00,105.16,23:15:00
2026-06-12 23:30:00,114.87,23:30:00
2026-06-12 23:45:00,114.76,23:45:00
2026-06-13 00:00:00,111.96,00:00:00
2026-06-13 00:15:00,111.55,00:15:00
2026-06-13 00:30:00,116.32,00:30:00
2026-06-13 00:45:00,115.88,00:45:00
2026-06-13 01:00:00,118.79,01:00:00
2026-06-13 01:15:00,118.32,01:15:00
2026-06-13 01:30:00,120.08,01:30:00
2026-06-13 01:45:00,119.88,01:45:00
2026-06-13 02:00:00,125.22,02:00:00
2026-06-13 02:15:00,125.31,02:15:00
2026-06-13 02:30:00,123.81,02:30:00
2026-06-13 02:45:00,123.69,02:45:00
2026-06-13 03:00:00,124.19,03:00:00
2026-06-13 03:15:00,124.12,03:15:00
2026-06-13 03:30:00,120.78,03:30:00
2026-06-13 03:45:00,120.71,03:45:00
2026-06-13 04:00:00,122.09,04:00:00
2026-06-13 04:15:00,122.05,04:15:00
2026-06-13 04:30:00,128.85,04:30:00
2026-06-13 04:45:00,128.47,04:45:00
2026-06-13 05:00:00,134.19,05:00:00
2026-06-13 05:15:00,134.19,05:15:00
2026-06-13 05:30:00,140.2,05:30:00
2026-06-13 05:45:00,140.06,05:45:00
2026-06-13 06:00:00,155.61,06:00:00
2026-06-13 06:15:00,155.61,06:15:00
2026-06-13 06:30:00,180.65,06:30:00
2026-06-13 06:45:00,180.65,06:45:00
2026-06-13 07:00:00,207.13,07:00:00
2026-06-13 07:15:00,207.14,07:15:00
2026-06-13 07:30:00,203.7,07:30:00
2026-06-13 07:45:00,203.7,07:45:00
2026-06-13 08:00:00,200.79,08:00:00
2026-06-13 08:15:00,200.87,08:15:00
2026-06-13 08:30:00,202.54,08:30:00
2026-06-13 08:45:00,201.91,08:45:00
2026-06-13 09:00:00,159.23,09:00:00
2026-06-13 09:15:00,159.23,09:15:00
2026-06-13 09:30:00,149.31,09:30:00
2026-06-13 09:45:00,149.31,09:45:00
2026-06-13 10:00:00,151.23,10:00:00
2026-06-13 10:15:00,150.99,10:15:00
2026-06-13 10:30:00,157.44,10:30:00
2026-06-13 10:45:00,157.43,10:45:00
2026-06-13 11:00:00,158.71,11:00:00
2026-06-13 11:15:00,158.51,11:15:00
2026-06-13 11:30:00,163.9,11:30:00
2026-06-13 11:45:00,163.47,11:45:00
2026-06-13 12:00:00,172.0,12:00:00
2026-06-13 12:15:00,172.0,12:15:00
2026-06-13 12:30:00,176.87,12:30:00
2026-06-13 12:45:00,176.85,12:45:00
2026-06-13 13:00:00,179.74,13:00:00
2026-06-13 13:15:00,179.73,13:15:00
2026-06-13 13:30:00,182.4,13:30:00
2026-06-13 13:45:00,182.4,13:45:00
2026-06-13 14:00:00,196.76,14:00:00
2026-06-13 14:15:00,196.74,14:15:00
2026-06-13 14:30:00,197.81,14:30:00
2026-06-13 14:45:00,197.78,14:45:00
2026-06-13 15:00:00,202.1,15:00:00
2026-06-13 15:15:00,202.9,15:15:00
2026-06-13 15:30:00,205.46,15:30:00
2026-06-13 15:45:00,206.68,15:45:00
2026-06-13 16:00:00,219.81,16:00:00
2026-06-13 16:15:00,220.49,16:15:00
2026-06-13 16:30:00,229.24,16:30:00
2026-06-13 16:45:00,229.22,16:45:00
2026-06-13 17:00:00,253.58,17:00:00
2026-06-13 17:15:00,253.31,17:15:00
2026-06-13 17:30:00,272.04,17:30:00
2026-06-13 17:45:00,272.0,17:45:00
2026-06-13 18:00:00,284.4,18:00:00
2026-06-13 18:15:00,284.28,18:15:00
2026-06-13 18:30:00,299.96,18:30:00
2026-06-13 18:45:00,300.02,18:45:00
2026-06-13 19:00:00,314.73,19:00:00
2026-06-13 19:15:00,314.72,19:15:00
2026-06-13 19:30:00,319.18,19:30:00
2026-06-13 19:45:00,319.23,19:45:00
2026-06-13 20:00:00,327.05,20:00:00
2026-06-13 20:15:00,326.96,20:15:00
2026-06-13 20:30:00,323.0,20:30:00
2026-06-13 20:45:00,322.34,20:45:00
2026-06-13 21:00:00,325.44,21:00:00
2026-06-13 21:15:00,327.02,21:15:00
2026-06-13 21:30:00,330.25,21:30:00
2026-06-13 21:45:00,330.56,21:45:00
2026-06-13 22:00:00,324.43,22:00:00
2026-06-13 22:15:00,322.37,22:15:00
2026-06-13 22:30:00,314.13,22:30:00
2026-06-13 22:45:00,314.09,22:45:00
2026-06-13 23:00:00,312.52,23:00:00
2026-06-13 23:15:00,312.5,23:15:00
2026-06-13 23:30:00,310.38,23:30:00
2026-06-13 23:45:00,310.4,23:45:00
2026-06-14 00:00:00,278.39,00:00:00
2026-06-14 00:15:00,279.88,00:15:00
2026-06-14 00:30:00,249.5,00:30:00
2026-06-14 00:45:00,250.9,00:45:00
2026-06-14 01:00:00,234.75,01:00:00
2026-06-14 01:15:00,236.29,01:15:00
2026-06-14 01:30:00,236.12,01:30:00
2026-06-14 01:45:00,237.09,01:45:00
2026-06-14 02:00:00,227.49,02:00:00
2026-06-14 02:15:00,227.53,02:15:00
2026-06-14 02:30:00,214.82,02:30:00
2026-06-14 02:45:00,214.82,02:45:00
2026-06-14 03:00:00,236.21,03:00:00
2026-06-14 03:15:00,236.35,03:15:00
2026-06-14 03:30:00,200.98,03:30:00
2026-06-14 03:45:00,201.15,03:45:00
2026-06-14 04:00:00,203.53,04:00:00
2026-06-14 04:15:00,203.58,04:15:00
2026-06-14 04:30:00,209.83,04:30:00
2026-06-14 04:45:00,210.31,04:45:00
2026-06-14 05:00:00,213.85,05:00:00
2026-06-14 05:15:00,214.07,05:15:00
2026-06-14 05:30:00,214.31,05:30:00
2026-06-14 05:45:00,214.29,05:45:00
2026-06-14 06:00:00,232.07,06:00:00
2026-06-14 06:15:00,231.84,06:15:00
2026-06-14 06:30:00,217.99,06:30:00
2026-06-14 06:45:00,216.87,06:45:00
2026-06-14 07:00:00,207.15,07:00:00
2026-06-14 07:15:00,206.22,07:15:00
2026-06-14 07:30:00,200.03,07:30:00
2026-06-14 07:45:00,200.01,07:45:00
2026-06-14 08:00:00,199.32,08:00:00
2026-06-14 08:15:00,199.26,08:15:00
2026-06-14 08:30:00,195.11,08:30:00
2026-06-14 08:45:00,195.07,08:45:00
2026-06-14 09:00:00,203.81,09:00:00
2026-06-14 09:15:00,203.57,09:15:00
2026-06-14 09:30:00,189.98,09:30:00
2026-06-14 09:45:00,189.47,09:45:00
2026-06-14 10:00:00,189.63,10:00:00
2026-06-14 10:15:00,189.22,10:15:00
2026-06-14 10:30:00,192.83,10:30:00
2026-06-14 10:45:00,192.9,10:45:00
2026-06-14 11:00:00,204.25,11:00:00
2026-06-14 11:15:00,204.27,11:15:00
2026-06-14 11:30:00,199.97,11:30:00
2026-06-14 11:45:00,199.98,11:45:00
2026-06-14 12:00:00,201.34,12:00:00
2026-06-14 12:15:00,201.97,12:15:00
2026-06-14 12:30:00,201.82,12:30:00
2026-06-14 12:45:00,201.9,12:45:00
2026-06-14 13:00:00,217.22,13:00:00
2026-06-14 13:15:00,217.18,13:15:00
2026-06-14 13:30:00,219.17,13:30:00
2026-06-14 13:45:00,219.88,13:45:00
2026-06-14 14:00:00,227.59,14:00:00
2026-06-14 14:15:00,233.94,14:15:00
2026-06-14 14:30:00,248.21,14:30:00
2026-06-14 14:45:00,256.37,14:45:00
2026-06-14 15:00:00,262.74,15:00:00
2026-06-14 15:15:00,262.72,15:15:00
2026-06-14 15:30:00,281.57,15:30:00
2026-06-14 15:45:00,281.8,15:45:00
2026-06-14 17:00:00,271.45,17:00:00
2026-06-14 17:15:00,271.48,17:15:00
2026-06-14 17:30:00,251.06,17:30:00
2026-06-14 17:45:00,251.07,17:45:00
2026-06-14 18:00:00,240.75,18:00:00
2026-06-14 18:15:00,242.19,18:15:00
2026-06-14 18:30:00,212.21,18:30:00
2026-06-14 18:45:00,212.29,18:45:00
2026-06-14 19:00:00,207.35,19:00:00
2026-06-14 19:15:00,207.34,19:15:00
2026-06-14 19:30:00,208.96,19:30:00
2026-06-14 19:45:00,208.95,19:45:00
2026-06-14 20:00:00,215.59,20:00:00
2026-06-14 20:15:00,215.56,20:15:00
2026-06-14 20:30:00,231.4,20:30:00
2026-06-14 20:45:00,231.33,20:45:00
2026-06-14 21:00:00,216.34,21:00:00
2026-06-14 21:15:00,216.3,21:15:00
2026-06-14 21:30:00,185.55,21:30:00
2026-06-14 21:45:00,185.52,21:45:00
2026-06-14 22:00:00,178.75,22:00:00
2026-06-14 22:15:00,178.72,22:15:00
2026-06-14 22:30:00,172.43,22:30:00
2026-06-14 22:45:00,172.38,22:45:00
2026-06-14 23:00:00,189.08,23:00:00
2026-06-14 23:15:00,189.05,23:15:00
2026-06-14 23:30:00,179.82,23:30:00
2026-06-14 23:45:00,180.59,23:45:00
2026-06-15 00:00:00,188.11,00:00:00
2026-06-15 00:15:00,188.0,00:15:00
2026-06-15 00:30:00,200.46,00:30:00
2026-06-15 00:45:00,200.46,00:45:00
2026-06-15 01:00:00,208.79,01:00:00
2026-06-15 01:15:00,208.79,01:15:00
2026-06-15 01:30:00,214.23,01:30:00
2026-06-15 01:45:00,214.38,01:45:00
2026-06-15 02:00:00,212.92,02:00:00
2026-06-15 02:15:00,213.13,02:15:00
2026-06-15 02:30:00,220.57,02:30:00
2026-06-15 02:45:00,220.63,02:45:00
2026-06-15 03:00:00,216.89,03:00:00
2026-06-15 03:15:00,217.1,03:15:00
2026-06-15 03:30:00,215.71,03:30:00
2026-06-15 03:45:00,215.83,03:45:00
2026-06-15 04:00:00,215.7,04:00:00
2026-06-15 04:15:00,215.79,04:15:00
2026-06-15 04:30:00,225.79,04:30:00
2026-06-15 04:45:00,225.77,04:45:00
2026-06-15 05:00:00,231.78,05:00:00
2026-06-15 05:15:00,231.79,05:15:00
2026-06-15 05:30:00,248.23,05:30:00
2026-06-15 05:45:00,248.31,05:45:00
2026-06-15 06:00:00,286.38,06:00:00
2026-06-15 06:15:00,287.51,06:15:00
2026-06-15 06:30:00,322.22,06:30:00
2026-06-15 06:45:00,322.29,06:45:00
2026-06-15 07:00:00,328.73,07:00:00
2026-06-15 07:15:00,328.3,07:15:00
2026-06-15 07:30:00,332.51,07:30:00
2026-06-15 07:45:00,332.43,07:45:00
2026-06-15 08:00:00,325.57,08:00:00
2026-06-15 12:30:00,266.74,12:30:00
2026-06-15 12:45:00,266.76,12:45:00
2026-06-15 13:00:00,301.68,13:00:00
2026-06-15 13:15:00,301.79,13:15:00
2026-06-15 13:30:00,305.46,13:30:00
2026-06-15 13:45:00,305.43,13:45:00
2026-06-15 14:00:00,296.29,14:00:00
2026-06-15 14:15:00,296.11,14:15:00
2026-06-15 14:30:00,298.07,14:30:00
2026-06-15 14:45:00,297.92,14:45:00
2026-06-15 15:00:00,303.95,15:00:00
2026-06-15 15:15:00,306.24,15:15:00
2026-06-15 15:30:00,308.29,15:30:00
2026-06-15 15:45:00,310.75,15:45:00
2026-06-15 16:00:00,317.02,16:00:00
2026-06-15 16:15:00,317.15,16:15:00
2026-06-15 16:30:00,320.43,16:30:00
2026-06-15 16:45:00,325.21,16:45:00
2026-06-15 17:00:00,326.14,17:00:00
2026-06-15 17:15:00,326.56,17:15:00
2026-06-15 17:30:00,326.93,17:30:00
2026-06-15 17:45:00,326.97,17:45:00
2026-06-15 18:00:00,339.0,18:00:00
2026-06-15 18:15:00,339.12,18:15:00
2026-06-15 18:30:00,349.53,18:30:00
2026-06-15 18:45:00,349.41,18:45:00
2026-06-15 19:00:00,350.18,19:00:00
2026-06-15 19:15:00,350.25,19:15:00
2026-06-15 19:30:00,346.01,19:30:00
2026-06-15 19:45:00,344.85,19:45:00
2026-06-15 20:00:00,343.66,20:00:00
2026-06-15 20:15:00,342.66,20:15:00
2026-06-15 20:30:00,333.72,20:30:00
2026-06-15 20:45:00,333.25,20:45:00
2026-06-15 21:00:00,331.8,21:00:00
2026-06-15 21:15:00,330.76,21:15:00
2026-06-15 21:30:00,326.13,21:30:00
2026-06-15 21:45:00,325.25,21:45:00
2026-06-15 22:00:00,320.75,22:00:00
2026-06-15 22:15:00,321.18,22:15:00
2026-06-15 22:30:00,318.7,22:30:00
2026-06-15 22:45:00,317.52,22:45:00
2026-06-15 23:00:00,321.64,23:00:00
2026-06-15 23:15:00,321.6,23:15:00
2026-06-15 23:30:00,308.38,23:30:00
2026-06-15 23:45:00,308.23,23:45:00
2026-06-16 00:00:00,301.9,00:00:00
2026-06-16 00:15:00,301.93,00:15:00
2026-06-16 00:30:00,308.06,00:30:00
2026-06-16 00:45:00,308.47,00:45:00
2026-06-16 01:00:00,305.88,01:00:00
2026-06-16 01:15:00,306.33,01:15:00
2026-06-16 01:30:00,313.62,01:30:00
2026-06-16 06:00:00,302.32,06:00:00
2026-06-16 06:15:00,300.27,06:15:00
2026-06-16 06:30:00,304.42,06:30:00
2026-06-16 06:45:00,304.37,06:45:00
2026-06-16 07:00:00,318.68,07:00:00
2026-06-16 07:15:00,318.44,07:15:00
2026-06-16 07:30:00,317.5,07:30:00
2026-06-16 07:45:00,317.41,07:45:00
2026-06-16 08:00:00,318.32,08:00:00
2026-06-16 08:15:00,318.41,08:15:00
2026-06-16 08:45:00,317.86,08:45:00
2026-06-16 09:00:00,311.1,09:00:00
2026-06-16 09:15:00,308.98,09:15:00
2026-06-16 09:30:00,287.83,09:30:00
2026-06-16 09:45:00,287.82,09:45:00
2026-06-16 10:00:00,271.59,10:00:00
2026-06-16 10:15:00,269.21,10:15:00
2026-06-16 10:30:00,262.57,10:30:00
2026-06-16 10:45:00,262.48,10:45:00
2026-06-16 11:00:00,253.04,11:00:00
2026-06-16 11:15:00,253.06,11:15:00
2026-06-16 11:30:00,245.6,11:30:00
2026-06-16 11:45:00,245.47,11:45:00
2026-06-16 12:00:00,232.07,12:00:00
2026-06-16 12:15:00,231.55,12:15:00
2026-06-16 12:30:00,220.09,12:30:00
2026-06-16 12:45:00,220.09,12:45:00
2026-06-16 13:00:00,207.62,13:00:00
2026-06-16 13:15:00,207.52,13:15:00
2026-06-16 13:30:00,207.88,13:30:00
2026-06-16 13:45:00,207.93,13:45:00
2026-06-16 14:00:00,197.97,14:00:00
2026-06-16 14:15:00,199.46,14:15:00
2026-06-16 14:30:00,203.16,14:30:00
2026-06-16 14:45:00,203.05,14:45:00
2026-06-16 15:00:00,211.01,15:00:00
2026-06-16 15:15:00,210.98,15:15:00
2026-06-16 15:30:00,235.01,15:30:00
2026-06-16 15:45:00,235.11,15:45:00
2026-06-16 16:00:00,235.62,16:00:00
2026-06-16 16:15:00,237.3,16:15:00
2026-06-16 16:30:00,246.01,16:30:00
2026-06-16 16:45:00,247.72,16:45:00
2026-06-16 17:00:00,264.92,17:00:00
2026-06-16 17:15:00,265.14,17:15:00
2026-06-16 17:30:00,273.69,17:30:00
2026-06-16 17:45:00,273.97,17:45:00
2026-06-16 18:00:00,279.97,18:00:00
2026-06-16 18:15:00,280.56,18:15:00
2026-06-16 18:30:00,284.0,18:30:00
2026-06-16 18:45:00,283.98,18:45:00
2026-06-16 19:00:00,274.73,19:00:00
2026-06-16 19:15:00,274.57,19:15:00
2026-06-16 19:30:00,266.77,19:30:00
2026-06-16 19:45:00,266.61,19:45:00
2026-06-16 20:00:00,261.59,20:00:00
2026-06-16 20:15:00,261.38,20:15:00
2026-06-16 20:30:00,259.73,20:30:00
2026-06-16 20:45:00,259.72,20:45:00
2026-06-16 21:00:00,260.71,21:00:00
2026-06-16 21:15:00,260.73,21:15:00
2026-06-16 21:30:00,256.44,21:30:00
2026-06-16 21:45:00,256.6,21:45:00
2026-06-16 22:00:00,238.55,22:00:00
2026-06-16 22:15:00,238.68,22:15:00
2026-06-16 22:30:00,255.47,22:30:00
2026-06-16 22:45:00,255.35,22:45:00
2026-06-16 23:00:00,258.88,23:00:00
2026-06-16 23:15:00,258.75,23:15:00
2026-06-16 23:30:00,251.74,23:30:00
2026-06-16 23:45:00,251.84,23:45:00
2026-06-17 00:00:00,247.0,00:00:00
2026-06-17 00:15:00,247.04,00:15:00
2026-06-17 00:30:00,236.48,00:30:00
2026-06-17 00:45:00,237.02,00:45:00
2026-06-17 02:00:00,217.4,02:00:00
2026-06-17 02:15:00,217.41,02:15:00
2026-06-17 02:30:00,220.46,02:30:00
2026-06-17 02:45:00,220.44,02:45:00
2026-06-17 03:00:00,236.14,03:00:00
2026-06-17 03:15:00,236.14,03:15:00
2026-06-17 03:30:00,238.68,03:30:00
2026-06-17 03:45:00,238.77,03:45:00
2026-06-17 04:00:00,242.15,04:00:00
2026-06-17 04:15:00,242.17,04:15:00
2026-06-17 04:30:00,255.07,04:30:00
2026-06-17 04:45:00,254.98,04:45:00
2026-06-17 05:00:00,257.95,05:00:00
2026-06-17 05:15:00,257.86,05:15:00
2026-06-17 05:30:00,238.87,05:30:00
2026-06-17 05:45:00,237.91,05:45:00
2026-06-17 06:00:00,237.1,06:00:00
2026-06-17 06:15:00,236.8,06:15:00
2026-06-17 06:30:00,235.18,06:30:00
2026-06-17 06:45:00,235.39,06:45:00
2026-06-17 07:00:00,225.88,07:00:00
2026-06-17 07:15:00,223.49,07:15:00
2026-06-17 07:30:00,202.57,07:30:00
2026-06-17 07:45:00,202.45,07:45:00
2026-06-17 08:00:00,191.13,08:00:00
2026-06-17 08:15:00,191.18,08:15:00
2026-06-17 08:30:00,189.95,08:30:00
2026-06-17 08:45:00,188.02,08:45:00
2026-06-17 09:00:00,199.53,09:00:00
2026-06-17 09:15:00,199.02,09:15:00
2026-06-17 09:30:00,198.46,09:30:00
2026-06-17 09:45:00,198.42,09:45:00
2026-06-17 10:00:00,181.71,10:00:00
2026-06-17 10:15:00,181.64,10:15:00
2026-06-17 10:30:00,177.34,10:30:00
2026-06-17 10:45:00,176.73,10:45:00
2026-06-17 11:00:00,172.39,11:00:00
2026-06-17 11:15:00,172.28,11:15:00
2026-06-17 11:30:00,151.25,11:30:00
2026-06-17 11:45:00,151.26,11:45:00
2026-06-17 12:00:00,136.67,12:00:00
2026-06-17 12:15:00,139.36,12:15:00
2026-06-17 12:30:00,147.44,12:30:00
2026-06-17 12:45:00,147.45,12:45:00
2026-06-17 13:00:00,143.45,13:00:00
2026-06-17 13:15:00,143.69,13:15:00
2026-06-17 13:30:00,143.71,13:30:00
2026-06-17 13:45:00,143.74,13:45:00
2026-06-17 14:00:00,126.93,14:00:00
2026-06-17 14:15:00,127.08,14:15:00
2026-06-17 14:30:00,142.0,14:30:00
2026-06-17 14:45:00,142.06,14:45:00
2026-06-17 15:00:00,131.38,15:00:00
2026-06-17 15:15:00,131.38,15:15:00
2026-06-17 15:30:00,123.85,15:30:00
2026-06-17 15:45:00,123.85,15:45:00
2026-06-17 16:00:00,151.95,16:00:00
2026-06-17 16:15:00,151.95,16:15:00
2026-06-17 16:30:00,159.35,16:30:00
2026-06-17 16:45:00,159.35,16:45:00
2026-06-17 17:00:00,168.34,17:00:00
2026-06-17 17:15:00,168.37,17:15:00
2026-06-17 17:30:00,168.97,17:30:00
2026-06-17 17:45:00,168.95,17:45:00
2026-06-17 18:00:00,159.01,18:00:00
2026-06-17 18:15:00,158.97,18:15:00
2026-06-17 18:30:00,174.52,18:30:00
2026-06-17 18:45:00,174.54,18:45:00
2026-06-17 19:00:00,205.63,19:00:00
2026-06-17 19:15:00,205.64,19:15:00
2026-06-17 19:30:00,195.25,19:30:00
2026-06-17 19:45:00,195.23,19:45:00
2026-06-17 20:00:00,189.84,20:00:00
2026-06-17 20:15:00,189.69,20:15:00
2026-06-17 20:30:00,196.58,20:30:00
2026-06-17 20:45:00,196.39,20:45:00
2026-06-17 21:00:00,202.44,21:00:00
2026-06-17 21:15:00,202.19,21:15:00
2026-06-17 21:30:00,209.56,21:30:00
2026-06-17 21:45:00,209.77,21:45:00
2026-06-17 22:00:00,229.3,22:00:00
2026-06-17 22:15:00,229.44,22:15:00
2026-06-17 22:30:00,246.92,22:30:00
2026-06-17 22:45:00,246.98,22:45:00
2026-06-17 23:00:00,243.84,23:00:00
2026-06-17 23:15:00,243.93,23:15:00
2026-06-17 23:30:00,238.08,23:30:00
2026-06-17 23:45:00,238.1,23:45:00
2026-06-18 00:00:00,231.79,00:00:00
2026-06-18 00:15:00,231.89,00:15:00
2026-06-18 00:30:00,223.34,00:30:00
2026-06-18 00:45:00,223.04,00:45:00
2026-06-18 01:00:00,207.87,01:00:00
2026-06-18 01:15:00,207.85,01:15:00
2026-06-18 01:30:00,217.29,01:30:00
2026-06-18 01:45:00,217.33,01:45:00
2026-06-18 02:00:00,196.54,02:00:00
2026-06-18 02:15:00,196.22,02:15:00
2026-06-18 02:30:00,192.85,02:30:00
2026-06-18 02:45:00,192.85,02:45:00
2026-06-18 03:00:00,181.26,03:00:00
2026-06-18 03:15:00,181.27,03:15:00
2026-06-18 03:30:00,175.17,03:30:00
2026-06-18 03:45:00,175.17,03:45:00
2026-06-18 04:00:00,175.88,04:00:00
2026-06-18 04:15:00,175.89,04:15:00
2026-06-18 04:30:00,200.98,04:30:00
2026-06-18 04:45:00,201.04,04:45:00
2026-06-18 05:00:00,195.24,05:00:00
2026-06-18 05:15:00,195.24,05:15:00
2026-06-18 05:30:00,204.99,05:30:00
2026-06-18 05:45:00,204.99,05:45:00
2026-06-18 06:00:00,191.93,06:00:00
2026-06-18 06:15:00,191.8,06:15:00
2026-06-18 06:30:00,183.58,06:30:00
2026-06-18 06:45:00,183.46,06:45:00
2026-06-18 07:00:00,188.48,07:00:00
2026-06-18 07:15:00,188.03,07:15:00
2026-06-18 07:30:00,188.4,07:30:00
2026-06-18 07:45:00,186.06,07:45:00
2026-06-18 08:00:00,185.77,08:00:00
2026-06-18 08:15:00,185.78,08:15:00
2026-06-18 08:30:00,180.27,08:30:00
2026-06-18 08:45:00,180.09,08:45:00
2026-06-18 09:00:00,178.81,09:00:00
2026-06-18 09:15:00,178.76,09:15:00
2026-06-18 09:30:00,181.67,09:30:00
2026-06-18 09:45:00,181.69,09:45:00
2026-06-18 10:00:00,178.2,10:00:00
2026-06-18 10:15:00,178.09,10:15:00
2026-06-18 10:30:00,193.02,10:30:00
2026-06-18 10:45:00,190.8,10:45:00
2026-06-18 11:00:00,181.26,11:00:00
2026-06-18 11:15:00,181.29,11:15:00
2026-06-18 11:30:00,169.62,11:30:00
2026-06-18 11:45:00,169.59,11:45:00
2026-06-18 12:00:00,172.54,12:00:00
2026-06-18 12:15:00,172.59,12:15:00
2026-06-18 12:30:00,182.3,12:30:00
2026-06-18 12:45:00,182.31,12:45:00
2026-06-18 13:00:00,171.52,13:00:00
2026-06-18 13:15:00,171.46,13:15:00
2026-06-18 13:30:00,173.15,13:30:00
2026-06-18 13:45:00,173.1,13:45:00
2026-06-18 14:00:00,185.55,14:00:00
2026-06-18 14:15:00,186.26,14:15:00
2026-06-18 14:30:00,187.65,14:30:00
2026-06-18 14:45:00,187.86,14:45:00
2026-06-18 15:00:00,191.91,15:00:00
2026-06-18 15:15:00,192.23,15:15:00
2026-06-18 15:30:00,195.02,15:30:00
2026-06-18 15:45:00,194.96,15:45:00
2026-06-18 16:00:00,193.22,16:00:00
2026-06-18 16:15:00,193.38,16:15:00
2026-06-18 16:30:00,211.69,16:30:00
2026-06-18 16:45:00,211.77,16:45:00
2026-06-18 17:00:00,225.47,17:00:00
2026-06-18 17:15:00,227.34,17:15:00
2026-06-18 17:30:00,238.92,17:30:00
2026-06-18 17:45:00,238.95,17:45:00
2026-06-18 18:00:00,243.31,18:00:00
2026-06-18 18:15:00,243.32,18:15:00
2026-06-18 18:30:00,243.89,18:30:00
2026-06-18 18:45:00,243.88,18:45:00
2026-06-18 19:00:00,240.62,19:00:00
2026-06-18 19:15:00,240.63,19:15:00
2026-06-18 19:30:00,235.19,19:30:00
2026-06-18 19:45:00,235.18,19:45:00
2026-06-18 20:00:00,232.51,20:00:00
2026-06-18 20:15:00,232.82,20:15:00
2026-06-18 20:30:00,230.19,20:30:00
2026-06-18 20:45:00,230.12,20:45:00
2026-06-18 21:00:00,220.94,21:00:00
2026-06-18 21:15:00,220.83,21:15:00
2026-06-18 21:30:00,219.42,21:30:00
2026-06-18 21:45:00,219.35,21:45:00
2026-06-18 22:00:00,215.03,22:00:00
2026-06-18 22:15:00,214.97,22:15:00
2026-06-18 22:30:00,203.77,22:30:00
2026-06-18 22:45:00,203.76,22:45:00
2026-06-18 23:00:00,171.66,23:00:00
2026-06-18 23:15:00,171.65,23:15:00
2026-06-18 23:30:00,165.14,23:30:00
2026-06-18 23:45:00,165.14,23:45:00
2026-06-19 00:00:00,159.1,00:00:00
2026-06-19 00:15:00,159.09,00:15:00
2026-06-19 00:30:00,149.81,00:30:00
2026-06-19 00:45:00,149.8,00:45:00
2026-06-19 01:00:00,142.62,01:00:00
2026-06-19 01:15:00,142.64,01:15:00
2026-06-19 01:30:00,144.62,01:30:00
2026-06-19 01:45:00,144.76,01:45:00
2026-06-19 02:00:00,152.4,02:00:00
2026-06-19 02:15:00,152.45,02:15:00
2026-06-19 02:30:00,150.37,02:30:00
2026-06-19 02:45:00,150.43,02:45:00
2026-06-19 03:00:00,153.18,03:00:00
2026-06-19 03:15:00,153.21,03:15:00
2026-06-19 03:30:00,184.29,03:30:00
2026-06-19 03:45:00,184.29,03:45:00
2026-06-19 04:00:00,195.13,04:00:00
2026-06-19 04:15:00,195.15,04:15:00
2026-06-19 04:30:00,200.44,04:30:00
2026-06-19 04:45:00,200.46,04:45:00
2026-06-19 05:00:00,217.32,05:00:00
2026-06-19 05:15:00,217.2,05:15:00
2026-06-19 05:30:00,257.52,05:30:00
2026-06-19 05:45:00,257.33,05:45:00
2026-06-19 06:00:00,249.86,06:00:00
2026-06-19 06:15:00,249.43,06:15:00
2026-06-19 06:30:00,266.41,06:30:00
2026-06-19 06:45:00,266.15,06:45:00
2026-06-19 07:00:00,268.76,07:00:00
2026-06-19 07:15:00,263.74,07:15:00
2026-06-19 07:30:00,262.7,07:30:00
2026-06-19 07:45:00,258.18,07:45:00
2026-06-19 08:00:00,255.25,08:00:00
2026-06-19 08:15:00,254.99,08:15:00
2026-06-19 08:30:00,249.93,08:30:00
2026-06-19 08:45:00,246.17,08:45:00
2026-06-19 09:00:00,236.69,09:00:00
2026-06-19 09:15:00,233.27,09:15:00
2026-06-19 09:30:00,228.97,09:30:00
2026-06-19 09:45:00,229.28,09:45:00
2026-06-19 10:00:00,221.94,10:00:00
2026-06-19 10:15:00,221.84,10:15:00
2026-06-19 10:30:00,219.13,10:30:00
2026-06-19 10:45:00,219.25,10:45:00
2026-06-19 11:00:00,215.17,11:00:00
2026-06-19 11:15:00,215.57,11:15:00
2026-06-19 11:30:00,211.46,11:30:00
2026-06-19 11:45:00,211.72,11:45:00
2026-06-19 12:00:00,207.68,12:00:00
2026-06-19 12:15:00,207.77,12:15:00
2026-06-19 12:30:00,209.62,12:30:00
2026-06-19 12:45:00,209.58,12:45:00
2026-06-19 13:00:00,191.87,13:00:00
2026-06-19 13:15:00,191.78,13:15:00
2026-06-19 13:30:00,187.12,13:30:00
2026-06-19 13:45:00,187.22,13:45:00
2026-06-19 14:00:00,188.38,14:00:00
2026-06-19 14:15:00,188.21,14:15:00
2026-06-19 14:30:00,197.56,14:30:00
2026-06-19 14:45:00,197.68,14:45:00
2026-06-19 15:00:00,207.19,15:00:00
2026-06-19 15:15:00,207.42,15:15:00
2026-06-19 15:30:00,221.19,15:30:00
2026-06-19 15:45:00,221.04,15:45:00
2026-06-19 16:00:00,227.71,16:00:00
2026-06-19 16:15:00,228.36,16:15:00
2026-06-19 16:30:00,236.03,16:30:00
2026-06-19 16:45:00,242.58,16:45:00
2026-06-19 17:00:00,262.22,17:00:00
2026-06-19 17:15:00,262.28,17:15:00
2026-06-19 17:30:00,253.08,17:30:00
2026-06-19 17:45:00,253.14,17:45:00
2026-06-19 18:00:00,266.5,18:00:00
2026-06-19 18:15:00,266.56,18:15:00
2026-06-19 18:30:00,271.53,18:30:00
2026-06-19 18:45:00,271.51,18:45:00
2026-06-19 19:00:00,273.1,19:00:00
2026-06-19 19:15:00,273.07,19:15:00
2026-06-19 19:30:00,278.37,19:30:00
2026-06-19 19:45:00,278.33,19:45:00
2026-06-19 20:00:00,296.0,20:00:00
2026-06-19 20:15:00,296.77,20:15:00
2026-06-19 20:30:00,313.18,20:30:00
2026-06-19 20:45:00,313.85,20:45:00
2026-06-19 21:00:00,311.96,21:00:00
2026-06-19 21:15:00,311.86,21:15:00
2026-06-19 21:30:00,307.85,21:30:00
2026-06-19 21:45:00,307.8,21:45:00
2026-06-19 22:00:00,304.1,22:00:00
2026-06-19 22:15:00,304.04,22:15:00
2026-06-19 22:30:00,301.02,22:30:00
2026-06-19 22:45:00,301.04,22:45:00
2026-06-19 23:00:00,297.89,23:00:00
2026-06-19 23:15:00,298.1,23:15:00
2026-06-19 23:30:00,296.33,23:30:00
2026-06-19 23:45:00,296.45,23:45:00
2026-06-20 00:00:00,300.49,00:00:00
2026-06-20 00:15:00,300.3,00:15:00
2026-06-20 00:30:00,291.8,00:30:00
2026-06-20 00:45:00,291.92,00:45:00
2026-06-20 01:00:00,309.15,01:00:00
2026-06-20 01:15:00,310.83,01:15:00
2026-06-20 01:30:00,318.34,01:30:00
2026-06-20 01:45:00,320.35,01:45:00
2026-06-20 02:00:00,316.61,02:00:00
2026-06-20 02:15:00,316.71,02:15:00
2026-06-20 02:30:00,314.93,02:30:00
2026-06-20 02:45:00,315.04,02:45:00
2026-06-20 03:00:00,305.86,03:00:00
2026-06-20 03:15:00,305.83,03:15:00
2026-06-20 03:30:00,306.24,03:30:00
2026-06-20 03:45:00,305.54,03:45:00
2026-06-20 04:00:00,313.85,04:00:00
2026-06-20 04:15:00,313.44,04:15:00
2026-06-20 04:30:00,315.96,04:30:00
2026-06-20 04:45:00,315.16,04:45:00
2026-06-20 05:00:00,320.52,05:00:00
2026-06-20 05:15:00,317.97,05:15:00
2026-06-20 05:30:00,316.59,05:30:00
2026-06-20 05:45:00,316.75,05:45:00
2026-06-20 06:00:00,305.6,06:00:00
2026-06-20 06:15:00,305.61,06:15:00
2026-06-20 06:30:00,306.99,06:30:00
2026-06-20 06:45:00,307.01,06:45:00
2026-06-20 07:00:00,287.92,07:00:00
2026-06-20 07:15:00,287.97,07:15:00
2026-06-20 07:30:00,274.14,07:30:00
2026-06-20 07:45:00,271.92,07:45:00
2026-06-20 08:00:00,281.42,08:00:00
2026-06-20 08:15:00,281.36,08:15:00
2026-06-20 08:30:00,270.02,08:30:00
2026-06-20 08:45:00,270.21,08:45:00
2026-06-20 09:00:00,271.63,09:00:00
2026-06-20 09:15:00,269.95,09:15:00
2026-06-20 09:30:00,261.43,09:30:00
2026-06-20 09:45:00,261.73,09:45:00
2026-06-20 10:00:00,272.94,10:00:00
2026-06-20 10:15:00,271.95,10:15:00
2026-06-20 10:30:00,281.78,10:30:00
2026-06-20 10:45:00,281.89,10:45:00
2026-06-20 11:00:00,285.98,11:00:00
2026-06-20 11:15:00,286.29,11:15:00
2026-06-20 11:30:00,276.39,11:30:00
2026-06-20 11:45:00,276.35,11:45:00
2026-06-20 12:00:00,271.95,12:00:00
2026-06-20 12:15:00,272.01,12:15:00
2026-06-20 12:30:00,269.01,12:30:00
2026-06-20 12:45:00,269.17,12:45:00
2026-06-20 13:00:00,291.82,13:00:00
2026-06-20 13:15:00,291.77,13:15:00
2026-06-20 13:30:00,291.03,13:30:00
2026-06-20 13:45:00,290.97,13:45:00
2026-06-20 14:00:00,289.3,14:00:00
2026-06-20 14:15:00,289.14,14:15:00
2026-06-20 14:30:00,288.11,14:30:00
2026-06-20 14:45:00,289.04,14:45:00
2026-06-20 15:00:00,295.89,15:00:00
2026-06-20 15:15:00,295.58,15:15:00
2026-06-20 15:30:00,301.28,15:30:00
2026-06-20 15:45:00,303.91,15:45:00
2026-06-20 16:00:00,292.74,16:00:00
2026-06-20 16:15:00,296.52,16:15:00
2026-06-20 16:30:00,297.24,16:30:00
2026-06-20 16:45:00,296.97,16:45:00
2026-06-20 17:00:00,295.36,17:00:00
2026-06-20 17:15:00,301.49,17:15:00
2026-06-20 17:30:00,314.72,17:30:00
2026-06-20 17:45:00,314.85,17:45:00
2026-06-20 18:00:00,303.7,18:00:00
2026-06-20 18:15:00,303.78,18:15:00
2026-06-20 18:30:00,311.43,18:30:00
2026-06-20 18:45:00,315.66,18:45:00
2026-06-20 19:00:00,322.68,19:00:00
2026-06-20 19:15:00,322.67,19:15:00
2026-06-20 19:30:00,333.41,19:30:00
2026-06-20 19:45:00,333.43,19:45:00
2026-06-20 20:00:00,332.86,20:00:00
2026-06-20 20:15:00,332.59,20:15:00
2026-06-20 20:30:00,336.23,20:30:00
2026-06-20 20:45:00,335.89,20:45:00
2026-06-20 21:00:00,330.6,21:00:00
2026-06-20 21:15:00,330.4,21:15:00
2026-06-20 21:30:00,347.64,21:30:00
2026-06-20 21:45:00,347.43,21:45:00
2026-06-20 22:00:00,350.73,22:00:00
2026-06-20 22:15:00,350.67,22:15:00
2026-06-20 22:30:00,342.43,22:30:00
2026-06-20 22:45:00,342.31,22:45:00
2026-06-20 23:00:00,347.82,23:00:00
2026-06-20 23:15:00,347.77,23:15:00
2026-06-20 23:30:00,356.34,23:30:00
2026-06-20 23:45:00,356.44,23:45:00
2026-06-21 00:00:00,347.08,00:00:00
2026-06-21 00:15:00,346.78,00:15:00
2026-06-21 00:30:00,345.44,00:30:00
2026-06-21 00:45:00,345.23,00:45:00
2026-06-21 01:00:00,339.63,01:00:00
2026-06-21 01:15:00,339.42,01:15:00
2026-06-21 01:30:00,347.14,01:30:00
2026-06-21 01:45:00,346.47,01:45:00
2026-06-21 02:00:00,338.1,02:00:00
2026-06-21 02:15:00,338.11,02:15:00
2026-06-21 02:30:00,335.2,02:30:00
2026-06-21 02:45:00,335.19,02:45:00
2026-06-21 03:00:00,335.76,03:00:00
2026-06-21 03:15:00,337.47,03:15:00
2026-06-21 03:30:00,322.12,03:30:00
2026-06-21 03:45:00,323.4,03:45:00
2026-06-21 04:00:00,319.92,04:00:00
2026-06-21 04:15:00,318.27,04:15:00
2026-06-21 04:30:00,314.83,04:30:00
2026-06-21 04:45:00,312.63,04:45:00
2026-06-21 05:00:00,315.59,05:00:00
2026-06-21 05:15:00,314.58,05:15:00
2026-06-21 05:30:00,316.58,05:30:00
2026-06-21 05:45:00,316.73,05:45:00
2026-06-21 06:00:00,325.67,06:00:00
2026-06-21 06:15:00,326.55,06:15:00
2026-06-21 06:30:00,320.68,06:30:00
2026-06-21 06:45:00,315.87,06:45:00
2026-06-21 08:00:00,304.89,08:00:00
2026-06-21 08:15:00,305.14,08:15:00
2026-06-21 08:30:00,295.46,08:30:00
2026-06-21 08:45:00,295.11,08:45:00
2026-06-21 09:00:00,282.73,09:00:00
2026-06-21 09:15:00,282.65,09:15:00
2026-06-21 09:30:00,260.67,09:30:00
2026-06-21 09:45:00,260.87,09:45:00
2026-06-21 10:00:00,262.71,10:00:00
2026-06-21 10:15:00,262.67,10:15:00
2026-06-21 10:30:00,265.71,10:30:00
2026-06-21 10:45:00,265.71,10:45:00
2026-06-21 11:00:00,261.66,11:00:00
2026-06-21 11:15:00,261.72,11:15:00
2026-06-21 11:30:00,261.55,11:30:00
2026-06-21 11:45:00,261.55,11:45:00
2026-06-21 12:00:00,269.43,12:00:00
2026-06-21 12:15:00,269.39,12:15:00
2026-06-21 12:30:00,266.72,12:30:00
2026-06-21 12:45:00,266.12,12:45:00
2026-06-21 13:00:00,268.9,13:00:00
2026-06-21 13:15:00,268.83,13:15:00
2026-06-21 13:30:00,260.13,13:30:00
2026-06-21 13:45:00,260.22,13:45:00
2026-06-21 14:00:00,270.98,14:00:00
2026-06-21 14:15:00,273.15,14:15:00
2026-06-21 14:30:00,268.53,14:30:00
2026-06-21 14:45:00,271.24,14:45:00
2026-06-21 15:00:00,273.38,15:00:00
2026-06-21 15:15:00,273.29,15:15:00
2026-06-21 15:30:00,278.97,15:30:00
2026-06-21 15:45:00,278.95,15:45:00
2026-06-21 16:00:00,275.11,16:00:00
2026-06-21 16:15:00,275.43,16:15:00
2026-06-21 16:30:00,283.88,16:30:00
2026-06-21 16:45:00,284.18,16:45:00
2026-06-21 17:00:00,274.39,17:00:00
2026-06-21 17:15:00,274.45,17:15:00
2026-06-21 17:30:00,283.35,17:30:00
2026-06-21 17:45:00,283.36,17:45:00
2026-06-21 18:00:00,293.4,18:00:00
2026-06-21 18:15:00,293.49,18:15:00
2026-06-21 18:30:00,305.38,18:30:00
2026-06-21 18:45:00,305.54,18:45:00
2026-06-21 19:00:00,308.88,19:00:00
2026-06-21 19:15:00,308.86,19:15:00
2026-06-21 19:30:00,308.44,19:30:00
2026-06-21 19:45:00,308.47,19:45:00
2026-06-21 20:00:00,308.03,20:00:00
2026-06-21 20:15:00,307.87,20:15:00
2026-06-21 20:30:00,300.75,20:30:00
2026-06-21 20:45:00,300.56,20:45:00
2026-06-21 21:00:00,290.39,21:00:00
2026-06-21 21:15:00,290.3,21:15:00
2026-06-21 21:30:00,296.16,21:30:00
2026-06-21 21:45:00,296.24,21:45:00
2026-06-21 22:00:00,297.34,22:00:00
2026-06-21 22:15:00,297.39,22:15:00
2026-06-21 22:30:00,307.23,22:30:00
2026-06-21 22:45:00,307.37,22:45:00
2026-06-21 23:00:00,323.32,23:00:00
2026-06-21 23:15:00,323.56,23:15:00
2026-06-21 23:30:00,317.1,23:30:00
2026-06-21 23:45:00,316.99,23:45:00
2026-06-22 00:00:00,294.79,00:00:00
2026-06-22 00:15:00,294.61,00:15:00
2026-06-22 00:30:00,291.48,00:30:00
2026-06-22 00:45:00,291.71,00:45:00
2026-06-22 01:00:00,293.67,01:00:00
2026-06-22 01:15:00,293.75,01:15:00
2026-06-22 01:30:00,296.0,01:30:00
2026-06-22 01:45:00,296.24,01:45:00
2026-06-22 02:00:00,295.91,02:00:00
2026-06-22 02:15:00,296.4,02:15:00
2026-06-22 02:30:00,303.38,02:30:00
2026-06-22 02:45:00,303.36,02:45:00
2026-06-22 03:00:00,324.53,03:00:00
2026-06-22 03:15:00,324.52,03:15:00
2026-06-22 03:30:00,327.54,03:30:00
2026-06-22 03:45:00,327.53,03:45:00
2026-06-22 04:00:00,350.3,04:00:00
2026-06-22 04:15:00,350.16,04:15:00
2026-06-22 04:30:00,353.76,04:30:00
2026-06-22 04:45:00,353.54,04:45:00
2026-06-22 05:00:00,348.52,05:00:00
2026-06-22 05:15:00,348.13,05:15:00
2026-06-22 05:30:00,341.23,05:30:00
2026-06-22 05:45:00,341.01,05:45:00
2026-06-22 06:00:00,323.21,06:00:00
2026-06-22 06:15:00,322.93,06:15:00
2026-06-22 06:30:00,324.0,06:30:00
2026-06-22 06:45:00,323.91,06:45:00
2026-06-22 07:00:00,317.59,07:00:00
2026-06-22 07:15:00,317.6,07:15:00
2026-06-22 07:30:00,327.77,07:30:00
2026-06-22 07:45:00,327.79,07:45:00
2026-06-22 08:00:00,339.07,08:00:00
2026-06-22 08:15:00,339.09,08:15:00
2026-06-22 08:30:00,344.72,08:30:00
2026-06-22 08:45:00,344.82,08:45:00
2026-06-22 09:00:00,357.36,09:00:00
2026-06-22 09:15:00,356.45,09:15:00
2026-06-22 09:30:00,362.48,09:30:00
2026-06-22 09:45:00,361.47,09:45:00
2026-06-22 10:00:00,368.79,10:00:00
2026-06-22 10:15:00,368.78,10:15:00
2026-06-22 10:30:00,366.69,10:30:00
2026-06-22 10:45:00,366.71,10:45:00
2026-06-22 11:00:00,361.25,11:00:00
2026-06-22 11:15:00,361.22,11:15:00
2026-06-22 11:30:00,366.76,11:30:00
2026-06-22 11:45:00,366.74,11:45:00
2026-06-22 12:00:00,368.42,12:00:00
2026-06-22 12:15:00,367.28,12:15:00
2026-06-22 12:30:00,359.82,12:30:00
2026-06-22 12:45:00,359.83,12:45:00
2026-06-22 13:00:00,348.36,13:00:00
2026-06-22 13:15:00,348.3,13:15:00
2026-06-22 13:30:00,340.06,13:30:00
2026-06-22 13:45:00,340.07,13:45:00
2026-06-22 14:00:00,344.71,14:00:00
2026-06-22 14:15:00,344.63,14:15:00
2026-06-22 14:30:00,335.03,14:30:00
2026-06-22 14:45:00,339.01,14:45:00
2026-06-22 15:00:00,333.96,15:00:00
2026-06-22 15:15:00,334.16,15:15:00
2026-06-22 15:30:00,328.97,15:30:00
2026-06-22 15:45:00,329.11,15:45:00
2026-06-22 16:00:00,335.98,16:00:00
2026-06-22 16:15:00,335.98,16:15:00
2026-06-22 16:30:00,370.94,16:30:00
2026-06-22 16:45:00,374.11,16:45:00
2026-06-22 17:00:00,395.03,17:00:00
2026-06-22 17:15:00,395.07,17:15:00
2026-06-22 17:30:00,396.97,17:30:00
2026-06-22 17:45:00,398.66,17:45:00
2026-06-22 18:00:00,402.05,18:00:00
2026-06-22 18:15:00,402.06,18:15:00
2026-06-22 18:30:00,405.84,18:30:00
2026-06-22 18:45:00,405.89,18:45:00
2026-06-22 19:00:00,407.62,19:00:00
2026-06-22 19:15:00,407.68,19:15:00
2026-06-22 19:30:00,410.1,19:30:00
2026-06-22 19:45:00,410.03,19:45:00
2026-06-22 20:00:00,396.01,20:00:00
2026-06-22 20:15:00,395.83,20:15:00
2026-06-22 20:30:00,395.07,20:30:00
2026-06-22 20:45:00,394.73,20:45:00
2026-06-22 21:00:00,392.99,21:00:00
2026-06-22 21:15:00,393.39,21:15:00
2026-06-22 21:30:00,395.89,21:30:00
2026-06-22 21:45:00,396.04,21:45:00
2026-06-22 22:00:00,398.88,22:00:00
2026-06-22 22:15:00,398.94,22:15:00
2026-06-22 22:30:00,390.92,22:30:00
2026-06-22 22:45:00,391.14,22:45:00
2026-06-22 23:00:00,388.58,23:00:00
2026-06-22 23:15:00,388.77,23:15:00
2026-06-22 23:30:00,391.03,23:30:00
2026-06-22 23:45:00,391.08,23:45:00
2026-06-23 00:00:00,397.33,00:00:00
2026-06-23 00:15:00,397.3,00:15:00
2026-06-23 00:30:00,397.42,00:30:00
2026-06-23 00:45:00,397.53,00:45:00
2026-06-23 01:00:00,398.23,01:00:00
2026-06-23 01:15:00,398.32,01:15:00
2026-06-23 01:30:00,401.17,01:30:00
2026-06-23 01:45:00,402.03,01:45:00
2026-06-23 02:00:00,409.63,02:00:00
2026-06-23 02:15:00,409.77,02:15:00
2026-06-23 02:30:00,412.07,02:30:00
2026-06-23 02:45:00,412.1,02:45:00
2026-06-23 03:00:00,420.54,03:00:00
2026-06-23 03:15:00,420.46,03:15:00
2026-06-23 03:30:00,416.63,03:30:00
2026-06-23 03:45:00,416.88,03:45:00
2026-06-23 04:00:00,422.36,04:00:00
2026-06-23 04:15:00,422.38,04:15:00
2026-06-23 04:30:00,419.45,04:30:00
2026-06-23 04:45:00,419.33,04:45:00
2026-06-23 05:00:00,419.83,05:00:00
2026-06-23 05:15:00,419.7,05:15:00
2026-06-23 05:30:00,419.1,05:30:00
2026-06-23 05:45:00,418.99,05:45:00
2026-06-23 06:00:00,404.45,06:00:00
2026-06-23 06:15:00,404.26,06:15:00
2026-06-23 06:30:00,401.04,06:30:00
2026-06-23 06:45:00,400.84,06:45:00
2026-06-23 07:00:00,394.68,07:00:00
2026-06-23 07:15:00,394.3,07:15:00
2026-06-23 07:30:00,385.93,07:30:00
2026-06-23 07:45:00,385.88,07:45:00
2026-06-23 08:00:00,381.76,08:00:00
2026-06-23 08:15:00,381.97,08:15:00
2026-06-23 08:30:00,368.07,08:30:00
2026-06-23 08:45:00,368.13,08:45:00
2026-06-23 09:00:00,355.16,09:00:00
2026-06-23 09:15:00,352.89,09:15:00
2026-06-23 09:30:00,341.01,09:30:00
2026-06-23 09:45:00,340.72,09:45:00
2026-06-23 10:00:00,335.88,10:00:00
2026-06-23 10:15:00,334.52,10:15:00
2026-06-23 10:30:00,326.41,10:30:00
2026-06-23 10:45:00,326.41,10:45:00
2026-06-23 11:00:00,323.96,11:00:00
2026-06-23 11:15:00,324.0,11:15:00
2026-06-23 11:30:00,315.13,11:30:00
2026-06-23 11:45:00,315.2,11:45:00
2026-06-23 12:00:00,309.42,12:00:00
2026-06-23 12:15:00,309.41,12:15:00
2026-06-23 12:30:00,291.72,12:30:00
2026-06-23 12:45:00,291.73,12:45:00
2026-06-23 14:00:00,289.53,14:00:00
2026-06-23 14:15:00,292.02,14:15:00
2026-06-23 14:30:00,308.47,14:30:00
2026-06-23 14:45:00,310.98,14:45:00
2026-06-23 15:00:00,312.22,15:00:00
2026-06-23 15:15:00,312.31,15:15:00
2026-06-23 15:30:00,328.34,15:30:00
2026-06-23 15:45:00,328.29,15:45:00
2026-06-23 16:00:00,349.67,16:00:00
2026-06-23 16:15:00,349.65,16:15:00
2026-06-23 16:30:00,367.44,16:30:00
2026-06-23 16:45:00,368.06,16:45:00
2026-06-23 17:00:00,363.94,17:00:00
2026-06-23 17:15:00,363.94,17:15:00
2026-06-23 17:30:00,365.74,17:30:00
2026-06-23 17:45:00,365.74,17:45:00
2026-06-23 18:00:00,374.37,18:00:00
2026-06-23 18:15:00,374.37,18:15:00
2026-06-23 18:30:00,380.1,18:30:00
2026-06-23 18:45:00,380.1,18:45:00
2026-06-23 19:00:00,377.84,19:00:00
2026-06-23 19:15:00,377.84,19:15:00
2026-06-23 19:30:00,381.62,19:30:00
2026-06-23 19:45:00,381.62,19:45:00
2026-06-23 20:00:00,374.43,20:00:00
2026-06-23 20:15:00,374.42,20:15:00
2026-06-23 20:30:00,369.3,20:30:00
2026-06-23 20:45:00,369.29,20:45:00
2026-06-23 21:00:00,367.5,21:00:00
2026-06-23 21:15:00,367.35,21:15:00
2026-06-23 21:30:00,367.73,21:30:00
2026-06-23 21:45:00,367.68,21:45:00
2026-06-23 22:00:00,363.09,22:00:00
2026-06-23 22:15:00,362.69,22:15:00
2026-06-23 22:30:00,360.8,22:30:00
2026-06-23 22:45:00,360.84,22:45:00
2026-06-23 23:00:00,360.65,23:00:00
2026-06-23 23:15:00,360.72,23:15:00
2026-06-23 23:30:00,366.17,23:30:00
2026-06-23 23:45:00,366.26,23:45:00
2026-06-24 00:00:00,375.17,00:00:00
2026-06-24 00:15:00,375.24,00:15:00
2026-06-24 00:30:00,380.33,00:30:00
2026-06-24 00:45:00,380.28,00:45:00
2026-06-24 01:00:00,380.44,01:00:00
2026-06-24 01:15:00,380.44,01:15:00
2026-06-24 01:30:00,387.54,01:30:00
2026-06-24 01:45:00,387.47,01:45:00
2026-06-24 02:00:00,388.12,02:00:00
2026-06-24 02:15:00,388.45,02:15:00
2026-06-24 02:30:00,391.78,02:30:00
2026-06-24 02:45:00,391.83,02:45:00
2026-06-24 03:00:00,394.59,03:00:00
2026-06-24 03:15:00,394.66,03:15:00
2026-06-24 03:30:00,395.11,03:30:00
2026-06-24 03:45:00,395.18,03:45:00
2026-06-24 04:00:00,398.78,04:00:00
2026-06-24 04:15:00,399.31,04:15:00
2026-06-24 04:30:00,399.8,04:30:00
2026-06-24 04:45:00,399.7,04:45:00
2026-06-24 05:00:00,401.25,05:00:00
2026-06-24 05:15:00,400.82,05:15:00
2026-06-24 05:30:00,401.32,05:30:00
2026-06-24 05:45:00,401.16,05:45:00
2026-06-24 06:00:00,395.51,06:00:00
2026-06-24 06:15:00,392.91,06:15:00
2026-06-24 06:30:00,390.97,06:30:00
2026-06-24 06:45:00,390.84,06:45:00
2026-06-24 07:00:00,386.71,07:00:00
2026-06-24 07:15:00,386.69,07:15:00
2026-06-24 07:30:00,381.86,07:30:00
2026-06-24 07:45:00,381.81,07:45:00
2026-06-24 08:00:00,376.27,08:00:00
2026-06-24 08:15:00,376.08,08:15:00
2026-06-24 08:30:00,372.36,08:30:00
2026-06-24 08:45:00,372.58,08:45:00
2026-06-24 09:00:00,371.61,09:00:00
2026-06-24 09:15:00,371.47,09:15:00
2026-06-24 09:30:00,371.56,09:30:00
2026-06-24 09:45:00,369.82,09:45:00
2026-06-24 10:00:00,367.1,10:00:00
2026-06-24 10:15:00,367.21,10:15:00
2026-06-24 10:30:00,366.43,10:30:00
2026-06-24 10:45:00,366.33,10:45:00
2026-06-24 11:00:00,360.39,11:00:00
2026-06-24 11:15:00,360.31,11:15:00
2026-06-24 11:30:00,351.28,11:30:00
2026-06-24 11:45:00,351.22,11:45:00
2026-06-24 12:00:00,351.42,12:00:00
2026-06-24 12:15:00,351.45,12:15:00
2026-06-24 12:30:00,349.02,12:30:00
2026-06-24 12:45:00,349.07,12:45:00
2026-06-24 13:00:00,355.28,13:00:00
2026-06-24 13:15:00,355.23,13:15:00
2026-06-24 13:30:00,352.1,13:30:00
2026-06-24 13:45:00,352.0,13:45:00
2026-06-24 14:00:00,359.16,14:00:00
2026-06-24 14:15:00,359.19,14:15:00
2026-06-24 14:30:00,361.99,14:30:00
2026-06-24 14:45:00,361.97,14:45:00
2026-06-24 15:00:00,357.62,15:00:00
2026-06-24 15:15:00,361.83,15:15:00
2026-06-24 15:30:00,352.78,15:30:00
2026-06-24 15:45:00,356.89,15:45:00
2026-06-24 16:00:00,362.48,16:00:00
2026-06-24 16:15:00,362.53,16:15:00
2026-06-24 16:30:00,361.18,16:30:00
2026-06-24 16:45:00,361.23,16:45:00
2026-06-24 17:00:00,361.16,17:00:00
2026-06-24 17:15:00,361.17,17:15:00
2026-06-24 17:30:00,358.39,17:30:00
2026-06-24 17:45:00,358.39,17:45:00
2026-06-24 18:00:00,373.02,18:00:00
2026-06-24 18:15:00,373.02,18:15:00
2026-06-24 18:30:00,381.73,18:30:00
2026-06-24 18:45:00,382.08,18:45:00
2026-06-24 19:00:00,393.18,19:00:00
2026-06-24 19:15:00,393.18,19:15:00
2026-06-24 19:30:00,394.24,19:30:00
2026-06-24 19:45:00,394.24,19:45:00
2026-06-24 20:00:00,380.41,20:00:00
2026-06-24 20:15:00,380.4,20:15:00
2026-06-24 20:30:00,380.18,20:30:00
2026-06-24 20:45:00,380.16,20:45:00
2026-06-24 21:00:00,363.06,21:00:00
2026-06-24 21:15:00,363.02,21:15:00
2026-06-24 21:30:00,346.21,21:30:00
2026-06-24 21:45:00,346.04,21:45:00
2026-06-24 22:00:00,328.52,22:00:00
2026-06-24 22:15:00,328.54,22:15:00
2026-06-24 22:30:00,332.85,22:30:00
2026-06-24 22:45:00,332.84,22:45:00
2026-06-24 23:00:00,307.82,23:00:00
2026-06-24 23:15:00,307.81,23:15:00
2026-06-24 23:30:00,300.13,23:30:00
2026-06-24 23:45:00,300.13,23:45:00
2026-06-25 00:00:00,296.81,00:00:00
2026-06-25 00:15:00,296.83,00:15:00
2026-06-25 00:30:00,294.32,00:30:00
2026-06-25 00:45:00,294.31,00:45:00
2026-06-25 01:00:00,287.97,01:00:00
2026-06-25 01:15:00,287.97,01:15:00
2026-06-25 01:30:00,265.4,01:30:00
2026-06-25 01:45:00,265.41,01:45:00
2026-06-25 02:00:00,244.27,02:00:00
2026-06-25 02:15:00,244.27,02:15:00
2026-06-25 02:30:00,214.15,02:30:00
2026-06-25 02:45:00,214.15,02:45:00
2026-06-25 03:00:00,196.83,03:00:00
2026-06-25 03:15:00,196.83,03:15:00
2026-06-25 03:30:00,166.6,03:30:00
2026-06-25 03:45:00,166.6,03:45:00
2026-06-25 04:00:00,163.14,04:00:00
2026-06-25 04:15:00,163.14,04:15:00
2026-06-25 04:30:00,156.67,04:30:00
2026-06-25 04:45:00,156.67,04:45:00
2026-06-25 05:00:00,168.19,05:00:00
2026-06-25 05:15:00,168.19,05:15:00
2026-06-25 05:30:00,167.7,05:30:00
2026-06-25 05:45:00,167.7,05:45:00
2026-06-25 06:00:00,170.08,06:00:00
2026-06-25 06:15:00,169.97,06:15:00
2026-06-25 06:30:00,178.39,06:30:00
2026-06-25 06:45:00,178.37,06:45:00
2026-06-25 07:00:00,185.64,07:00:00
2026-06-25 07:15:00,185.62,07:15:00
2026-06-25 07:30:00,201.25,07:30:00
2026-06-25 07:45:00,201.24,07:45:00
2026-06-25 08:00:00,208.02,08:00:00
2026-06-25 08:15:00,208.02,08:15:00
2026-06-25 08:30:00,197.46,08:30:00
2026-06-25 08:45:00,197.45,08:45:00
2026-06-25 09:00:00,182.15,09:00:00
2026-06-25 09:15:00,182.15,09:15:00
2026-06-25 09:30:00,179.64,09:30:00
2026-06-25 09:45:00,179.64,09:45:00
2026-06-25 10:00:00,161.34,10:00:00
2026-06-25 10:15:00,161.35,10:15:00
2026-06-25 10:30:00,142.25,10:30:00
2026-06-25 10:45:00,142.25,10:45:00
2026-06-25 11:00:00,138.64,11:00:00
2026-06-25 11:15:00,138.65,11:15:00
2026-06-25 11:30:00,143.87,11:30:00
2026-06-25 11:45:00,143.81,11:45:00
2026-06-25 12:00:00,151.25,12:00:00
2026-06-25 12:15:00,151.16,12:15:00
2026-06-25 12:30:00,152.34,12:30:00
2026-06-25 12:45:00,152.34,12:45:00
2026-06-25 13:00:00,160.27,13:00:00
2026-06-25 13:15:00,160.26,13:15:00
2026-06-25 13:30:00,166.99,13:30:00
2026-06-25 13:45:00,166.98,13:45:00
2026-06-25 14:00:00,193.29,14:00:00
2026-06-25 14:15:00,193.29,14:15:00
2026-06-25 14:30:00,214.39,14:30:00
2026-06-25 14:45:00,214.39,14:45:00
2026-06-25 15:00:00,228.78,15:00:00
2026-06-25 15:15:00,228.76,15:15:00
2026-06-25 15:30:00,231.01,15:30:00
2026-06-25 15:45:00,231.01,15:45:00
2026-06-25 16:00:00,271.35,16:00:00
2026-06-25 16:15:00,271.3,16:15:00
2026-06-25 16:30:00,313.44,16:30:00
2026-06-25 16:45:00,314.2,16:45:00
2026-06-25 17:00:00,324.95,17:00:00
2026-06-25 17:15:00,324.96,17:15:00
2026-06-25 17:30:00,311.92,17:30:00
2026-06-25 17:45:00,312.17,17:45:00
2026-06-25 18:00:00,320.71,18:00:00
2026-06-25 18:15:00,320.91,18:15:00
2026-06-25 18:30:00,309.82,18:30:00
2026-06-25 18:45:00,309.62,18:45:00
2026-06-25 19:00:00,318.64,19:00:00
2026-06-25 19:15:00,323.98,19:15:00
2026-06-25 19:30:00,342.91,19:30:00
2026-06-25 19:45:00,330.45,19:45:00
2026-06-25 20:00:00,338.96,20:00:00
2026-06-25 20:15:00,338.68,20:15:00
2026-06-25 20:30:00,309.15,20:30:00
2026-06-25 20:45:00,308.73,20:45:00
2026-06-25 21:00:00,312.28,21:00:00
2026-06-25 21:15:00,312.42,21:15:00
2026-06-25 21:30:00,307.29,21:30:00
2026-06-25 21:45:00,307.27,21:45:00
2026-06-25 22:00:00,330.25,22:00:00
2026-06-25 22:15:00,330.42,22:15:00
2026-06-25 22:30:00,329.45,22:30:00
2026-06-25 22:45:00,329.55,22:45:00
2026-06-25 23:00:00,297.96,23:00:00
2026-06-25 23:15:00,298.1,23:15:00
2026-06-25 23:30:00,283.08,23:30:00
2026-06-25 23:45:00,283.16,23:45:00
2026-06-26 00:00:00,297.83,00:00:00
2026-06-26 00:15:00,298.14,00:15:00
2026-06-26 00:30:00,308.62,00:30:00
2026-06-26 00:45:00,308.62,00:45:00
2026-06-26 01:00:00,312.17,01:00:00
2026-06-26 01:15:00,312.51,01:15:00
2026-06-26 01:30:00,299.77,01:30:00
2026-06-26 01:45:00,299.76,01:45:00
2026-06-26 02:00:00,290.35,02:00:00
2026-06-26 02:15:00,290.35,02:15:00
2026-06-26 02:30:00,286.47,02:30:00
2026-06-26 02:45:00,286.47,02:45:00
2026-06-26 03:00:00,296.01,03:00:00
2026-06-26 03:15:00,296.01,03:15:00
2026-06-26 03:30:00,287.59,03:30:00
2026-06-26 03:45:00,287.53,03:45:00
2026-06-26 04:00:00,301.35,04:00:00
2026-06-26 04:15:00,301.34,04:15:00
2026-06-26 04:30:00,309.07,04:30:00
2026-06-26 04:45:00,309.1,04:45:00
2026-06-26 05:00:00,305.72,05:00:00
2026-06-26 05:15:00,305.66,05:15:00
2026-06-26 05:30:00,302.48,05:30:00
2026-06-26 05:45:00,302.51,05:45:00
2026-06-26 06:00:00,299.44,06:00:00
2026-06-26 06:15:00,299.19,06:15:00
2026-06-26 06:30:00,302.19,06:30:00
2026-06-26 06:45:00,302.07,06:45:00
2026-06-26 07:00:00,288.76,07:00:00
2026-06-26 07:15:00,288.54,07:15:00
2026-06-26 07:30:00,290.36,07:30:00
2026-06-26 07:45:00,288.47,07:45:00
2026-06-26 08:00:00,285.39,08:00:00
2026-06-26 08:15:00,283.6,08:15:00
2026-06-26 08:30:00,283.33,08:30:00
2026-06-26 08:45:00,283.31,08:45:00
2026-06-26 09:00:00,259.59,09:00:00
2026-06-26 09:15:00,259.56,09:15:00
2026-06-26 09:30:00,252.01,09:30:00
2026-06-26 09:45:00,251.99,09:45:00
2026-06-26 10:00:00,275.45,10:00:00
2026-06-26 10:15:00,276.34,10:15:00
2026-06-26 10:30:00,277.02,10:30:00
2026-06-26 10:45:00,278.41,10:45:00
2026-06-26 11:00:00,261.36,11:00:00
2026-06-26 11:15:00,262.47,11:15:00
2026-06-26 11:30:00,277.69,11:30:00
2026-06-26 11:45:00,278.82,11:45:00
2026-06-26 12:00:00,292.44,12:00:00
2026-06-26 12:15:00,292.42,12:15:00
2026-06-26 12:30:00,286.75,12:30:00
2026-06-26 12:45:00,286.47,12:45:00
2026-06-26 13:00:00,263.75,13:00:00
2026-06-26 13:15:00,263.79,13:15:00
2026-06-26 13:30:00,243.12,13:30:00
2026-06-26 13:45:00,243.11,13:45:00
2026-06-26 15:00:00,193.61,15:00:00
2026-06-26 15:15:00,193.62,15:15:00
2026-06-26 15:30:00,192.66,15:30:00
2026-06-26 15:45:00,192.67,15:45:00
2026-06-26 16:00:00,196.46,16:00:00
2026-06-26 16:15:00,196.46,16:15:00
2026-06-26 16:30:00,199.9,16:30:00
2026-06-26 16:45:00,199.9,16:45:00
2026-06-26 17:00:00,191.1,17:00:00
2026-06-26 17:15:00,191.1,17:15:00
2026-06-26 17:30:00,185.34,17:30:00
2026-06-26 17:45:00,185.34,17:45:00
2026-06-26 18:00:00,199.5,18:00:00
2026-06-26 18:15:00,199.5,18:15:00
2026-06-26 18:30:00,199.62,18:30:00
2026-06-26 18:45:00,199.62,18:45:00
2026-06-26 19:00:00,173.87,19:00:00
2026-06-26 19:15:00,173.87,19:15:00
2026-06-26 19:30:00,152.28,19:30:00
2026-06-26 19:45:00,152.28,19:45:00
2026-06-26 20:00:00,154.25,20:00:00
2026-06-26 20:15:00,154.25,20:15:00
2026-06-26 20:30:00,152.72,20:30:00
2026-06-26 20:45:00,152.72,20:45:00
2026-06-26 21:00:00,153.35,21:00:00
2026-06-26 21:15:00,153.35,21:15:00
2026-06-26 21:30:00,148.18,21:30:00
2026-06-26 21:45:00,148.18,21:45:00
2026-06-26 22:00:00,143.83,22:00:00
2026-06-26 22:15:00,143.83,22:15:00
2026-06-26 22:30:00,147.75,22:30:00
2026-06-26 22:45:00,147.75,22:45:00
2026-06-26 23:00:00,142.19,23:00:00
2026-06-26 23:15:00,142.19,23:15:00
2026-06-26 23:30:00,153.09,23:30:00
2026-06-26 23:45:00,153.15,23:45:00
2026-06-27 00:00:00,163.53,00:00:00
2026-06-27 00:15:00,163.53,00:15:00
2026-06-27 00:30:00,148.07,00:30:00
2026-06-27 00:45:00,148.07,00:45:00
2026-06-27 01:00:00,154.16,01:00:00
2026-06-27 01:15:00,154.16,01:15:00
2026-06-27 01:30:00,152.13,01:30:00
2026-06-27 01:45:00,152.13,01:45:00
2026-06-27 02:00:00,152.62,02:00:00
2026-06-27 02:15:00,152.62,02:15:00
2026-06-27 02:30:00,144.46,02:30:00
2026-06-27 02:45:00,144.46,02:45:00
2026-06-27 03:00:00,153.92,03:00:00
2026-06-27 03:15:00,153.92,03:15:00
2026-06-27 03:30:00,148.35,03:30:00
2026-06-27 03:45:00,148.35,03:45:00
2026-06-27 04:00:00,142.25,04:00:00
2026-06-27 04:15:00,142.25,04:15:00
2026-06-27 04:30:00,138.03,04:30:00
2026-06-27 04:45:00,138.03,04:45:00
2026-06-27 05:00:00,122.24,05:00:00
2026-06-27 05:15:00,122.24,05:15:00
2026-06-27 05:30:00,110.81,05:30:00
2026-06-27 05:45:00,110.81,05:45:00
2026-06-27 06:00:00,106.7,06:00:00
2026-06-27 06:15:00,106.7,06:15:00
2026-06-27 06:30:00,107.41,06:30:00
2026-06-27 06:45:00,107.41,06:45:00
2026-06-27 07:00:00,109.77,07:00:00
2026-06-27 07:15:00,109.77,07:15:00
2026-06-27 07:30:00,108.68,07:30:00
2026-06-27 07:45:00,108.68,07:45:00
2026-06-27 08:00:00,106.0,08:00:00
2026-06-27 08:15:00,105.94,08:15:00
2026-06-27 08:30:00,103.85,08:30:00
2026-06-27 08:45:00,103.92,08:45:00
2026-06-27 09:00:00,103.65,09:00:00
2026-06-27 09:15:00,103.65,09:15:00
2026-06-27 09:30:00,103.63,09:30:00
2026-06-27 09:45:00,103.63,09:45:00
2026-06-27 10:00:00,101.72,10:00:00
2026-06-27 10:15:00,101.7,10:15:00
2026-06-27 10:30:00,101.25,10:30:00
2026-06-27 10:45:00,101.25,10:45:00
2026-06-27 11:00:00,101.21,11:00:00
2026-06-27 11:15:00,101.22,11:15:00
2026-06-27 11:30:00,100.49,11:30:00
2026-06-27 11:45:00,100.49,11:45:00
2026-06-27 12:00:00,101.11,12:00:00
2026-06-27 12:15:00,101.12,12:15:00
2026-06-27 12:30:00,101.44,12:30:00
2026-06-27 12:45:00,101.41,12:45:00
2026-06-27 13:00:00,106.85,13:00:00
2026-06-27 13:15:00,106.85,13:15:00
2026-06-27 13:30:00,104.94,13:30:00
2026-06-27 13:45:00,104.94,13:45:00
2026-06-27 14:00:00,108.31,14:00:00
2026-06-27 14:15:00,108.31,14:15:00
2026-06-27 14:30:00,103.75,14:30:00
2026-06-27 14:45:00,103.75,14:45:00
2026-06-27 15:00:00,105.45,15:00:00
2026-06-27 15:15:00,105.45,15:15:00
2026-06-27 15:30:00,105.46,15:30:00
2026-06-27 15:45:00,105.46,15:45:00
2026-06-27 16:00:00,99.38,16:00:00
2026-06-27 16:15:00,99.38,16:15:00
2026-06-27 16:30:00,133.69,16:30:00
2026-06-27 16:45:00,133.69,16:45:00
2026-06-27 17:00:00,124.3,17:00:00
2026-06-27 17:15:00,124.3,17:15:00
2026-06-27 17:30:00,117.94,17:30:00
2026-06-27 17:45:00,117.94,17:45:00
2026-06-27 18:00:00,122.68,18:00:00
2026-06-27 18:15:00,122.68,18:15:00
2026-06-27 18:30:00,129.07,18:30:00
2026-06-27 18:45:00,129.07,18:45:00
2026-06-27 19:00:00,134.21,19:00:00
2026-06-27 19:15:00,134.21,19:15:00
2026-06-27 19:30:00,163.52,19:30:00
2026-06-27 19:45:00,163.52,19:45:00
2026-06-27 20:00:00,155.39,20:00:00
2026-06-27 20:15:00,155.39,20:15:00
2026-06-27 20:30:00,165.15,20:30:00
2026-06-27 20:45:00,165.15,20:45:00
2026-06-27 21:00:00,167.83,21:00:00
2026-06-27 21:15:00,167.83,21:15:00
2026-06-27 21:30:00,165.98,21:30:00
2026-06-27 21:45:00,166.0,21:45:00
2026-06-27 22:00:00,164.76,22:00:00
2026-06-27 22:15:00,164.77,22:15:00
2026-06-27 22:30:00,166.56,22:30:00
2026-06-27 22:45:00,166.4,22:45:00
2026-06-27 23:00:00,164.16,23:00:00
2026-06-27 23:15:00,164.16,23:15:00
2026-06-27 23:30:00,179.67,23:30:00
2026-06-27 23:45:00,179.67,23:45:00
2026-06-28 00:15:00,151.91,00:15:00
2026-06-28 00:30:00,155.5,00:30:00
2026-06-28 00:45:00,155.5,00:45:00
2026-06-28 01:00:00,174.68,01:00:00
2026-06-28 01:15:00,174.68,01:15:00
2026-06-28 01:30:00,183.56,01:30:00
2026-06-28 01:45:00,183.56,01:45:00
2026-06-28 02:00:00,192.21,02:00:00
2026-06-28 02:15:00,192.21,02:15:00
2026-06-28 02:30:00,193.24,02:30:00
2026-06-28 02:45:00,193.24,02:45:00
2026-06-28 03:00:00,182.79,03:00:00
2026-06-28 03:30:00,166.49,03:30:00
2026-06-28 03:45:00,166.49,03:45:00
2026-06-28 04:00:00,148.53,04:00:00
2026-06-28 04:15:00,148.53,04:15:00
2026-06-28 04:30:00,137.96,04:30:00
2026-06-28 04:45:00,137.96,04:45:00
2026-06-28 05:00:00,133.75,05:00:00
2026-06-28 05:15:00,133.75,05:15:00
2026-06-28 05:30:00,137.98,05:30:00
2026-06-28 05:45:00,137.98,05:45:00
2026-06-28 06:00:00,133.42,06:00:00
2026-06-28 06:15:00,133.42,06:15:00
2026-06-28 06:30:00,135.65,06:30:00
2026-06-28 06:45:00,135.65,06:45:00
2026-06-28 07:00:00,143.33,07:00:00
2026-06-28 07:15:00,143.33,07:15:00
2026-06-28 07:30:00,136.95,07:30:00
2026-06-28 07:45:00,136.94,07:45:00
2026-06-28 08:00:00,129.36,08:00:00
2026-06-28 08:15:00,129.36,08:15:00
2026-06-28 08:30:00,129.62,08:30:00
2026-06-28 08:45:00,129.62,08:45:00
2026-06-28 09:00:00,125.67,09:00:00
2026-06-28 09:15:00,125.68,09:15:00
2026-06-28 09:30:00,127.38,09:30:00
2026-06-28 09:45:00,127.36,09:45:00
2026-06-28 10:00:00,120.89,10:00:00
2026-06-28 10:15:00,120.92,10:15:00
2026-06-28 10:30:00,124.01,10:30:00
2026-06-28 10:45:00,123.81,10:45:00
2026-06-28 11:00:00,124.65,11:00:00
2026-06-28 11:15:00,124.66,11:15:00
2026-06-28 11:30:00,119.41,11:30:00
2026-06-28 11:45:00,119.41,11:45:00
2026-06-28 13:00:00,123.15,13:00:00
2026-06-28 13:15:00,123.18,13:15:00
2026-06-28 13:30:00,123.76,13:30:00
2026-06-28 13:45:00,123.79,13:45:00
2026-06-28 14:00:00,139.93,14:00:00
2026-06-28 14:15:00,139.94,14:15:00
2026-06-28 14:30:00,139.57,14:30:00
2026-06-28 14:45:00,139.58,14:45:00
2026-06-28 15:00:00,135.1,15:00:00
2026-06-28 15:15:00,135.1,15:15:00
2026-06-28 15:30:00,126.25,15:30:00
2026-06-28 15:45:00,126.25,15:45:00
2026-06-28 17:00:00,109.84,17:00:00
2026-06-28 17:15:00,109.84,17:15:00
2026-06-28 17:30:00,107.68,17:30:00
2026-06-28 17:45:00,107.68,17:45:00
2026-06-28 18:00:00,108.41,18:00:00
2026-06-28 18:15:00,108.41,18:15:00
2026-06-28 18:30:00,122.44,18:30:00
2026-06-28 18:45:00,122.44,18:45:00
2026-06-28 19:00:00,139.66,19:00:00
2026-06-28 19:15:00,139.66,19:15:00
2026-06-28 19:30:00,138.55,19:30:00
2026-06-28 19:45:00,138.55,19:45:00
2026-06-29 00:00:00,179.58,00:00:00
2026-06-29 00:15:00,179.58,00:15:00
2026-06-29 00:30:00,180.01,00:30:00
2026-06-29 00:45:00,180.01,00:45:00
2026-06-29 01:00:00,181.36,01:00:00
2026-06-29 01:15:00,181.37,01:15:00
2026-06-29 01:30:00,198.7,01:30:00
2026-06-29 01:45:00,198.7,01:45:00
2026-06-29 02:00:00,193.86,02:00:00
2026-06-29 02:15:00,193.86,02:15:00
2026-06-29 02:30:00,185.61,02:30:00
2026-06-29 02:45:00,185.62,02:45:00
2026-06-29 03:00:00,194.89,03:00:00
2026-06-29 03:15:00,195.26,03:15:00
2026-06-29 03:30:00,212.99,03:30:00
2026-06-29 03:45:00,212.98,03:45:00
2026-06-29 04:00:00,231.1,04:00:00
2026-06-29 04:15:00,231.1,04:15:00
2026-06-29 04:30:00,220.57,04:30:00
2026-06-29 04:45:00,220.47,04:45:00
2026-06-29 05:00:00,235.68,05:00:00
2026-06-29 05:15:00,235.64,05:15:00
2026-06-29 05:30:00,236.98,05:30:00
2026-06-29 05:45:00,236.93,05:45:00
2026-06-29 06:00:00,223.86,06:00:00
2026-06-29 06:15:00,223.71,06:15:00
2026-06-29 06:30:00,243.94,06:30:00
2026-06-29 06:45:00,243.55,06:45:00
2026-06-29 07:00:00,229.4,07:00:00
2026-06-29 07:15:00,229.42,07:15:00
2026-06-29 07:30:00,224.59,07:30:00
2026-06-29 07:45:00,224.88,07:45:00
2026-06-29 08:00:00,207.59,08:00:00
2026-06-29 08:15:00,210.06,08:15:00
2026-06-29 08:30:00,214.57,08:30:00
2026-06-29 08:45:00,214.6,08:45:00
2026-06-29 09:00:00,185.54,09:00:00
2026-06-29 09:15:00,185.48,09:15:00
2026-06-29 09:30:00,183.46,09:30:00
2026-06-29 09:45:00,183.43,09:45:00
2026-06-29 10:00:00,155.63,10:00:00
2026-06-29 10:15:00,155.52,10:15:00
2026-06-29 10:30:00,167.89,10:30:00
2026-06-29 10:45:00,167.67,10:45:00
2026-06-29 11:00:00,165.97,11:00:00
2026-06-29 11:15:00,165.74,11:15:00
2026-06-29 11:30:00,158.8,11:30:00
2026-06-29 11:45:00,158.74,11:45:00
2026-06-29 12:00:00,165.86,12:00:00
2026-06-29 12:15:00,165.89,12:15:00
2026-06-29 12:30:00,173.0,12:30:00
2026-06-29 12:45:00,173.07,12:45:00
2026-06-29 13:00:00,191.09,13:00:00
2026-06-29 13:15:00,191.11,13:15:00
2026-06-29 13:30:00,206.05,13:30:00
2026-06-29 13:45:00,206.01,13:45:00
2026-06-29 14:00:00,221.72,14:00:00
2026-06-29 14:15:00,221.89,14:15:00
2026-06-29 14:30:00,228.96,14:30:00
2026-06-29 14:45:00,228.97,14:45:00
2026-06-29 15:00:00,211.5,15:00:00
2026-06-29 15:15:00,211.6,15:15:00
2026-06-29 15:30:00,200.97,15:30:00
2026-06-29 15:45:00,200.97,15:45:00
2026-06-29 16:00:00,209.99,16:00:00
2026-06-29 16:15:00,209.98,16:15:00
2026-06-29 16:30:00,216.34,16:30:00
2026-06-29 16:45:00,216.33,16:45:00
2026-06-29 17:00:00,237.88,17:00:00
2026-06-29 17:15:00,238.29,17:15:00
2026-06-29 17:30:00,233.45,17:30:00
2026-06-29 17:45:00,233.46,17:45:00
2026-06-29 18:00:00,228.45,18:00:00
2026-06-29 18:15:00,228.45,18:15:00
2026-06-29 18:30:00,209.67,18:30:00
2026-06-29 18:45:00,209.67,18:45:00
2026-06-29 19:00:00,218.92,19:00:00
2026-06-29 19:15:00,218.92,19:15:00
2026-06-29 19:30:00,222.57,19:30:00
2026-06-29 19:45:00,222.57,19:45:00
2026-06-29 20:00:00,220.38,20:00:00
2026-06-29 20:15:00,220.38,20:15:00
2026-06-29 20:30:00,215.04,20:30:00
2026-06-29 20:45:00,215.04,20:45:00
2026-06-29 21:00:00,208.28,21:00:00
2026-06-29 21:15:00,208.28,21:15:00
2026-06-29 21:30:00,193.87,21:30:00
2026-06-29 21:45:00,193.87,21:45:00
2026-06-29 22:00:00,182.99,22:00:00
2026-06-29 22:15:00,182.99,22:15:00
2026-06-29 22:30:00,180.89,22:30:00
2026-06-29 22:45:00,180.89,22:45:00
2026-06-29 23:00:00,169.3,23:00:00
2026-06-29 23:15:00,169.3,23:15:00
2026-06-29 23:30:00,147.25,23:30:00
2026-06-29 23:45:00,147.25,23:45:00
2026-06-30 00:00:00,127.33,00:00:00
2026-06-30 00:15:00,127.33,00:15:00
2026-06-30 00:30:00,116.21,00:30:00
2026-06-30 00:45:00,116.21,00:45:00
2026-06-30 01:00:00,122.35,01:00:00
2026-06-30 01:15:00,122.35,01:15:00
2026-06-30 01:30:00,117.99,01:30:00
2026-06-30 01:45:00,117.99,01:45:00
2026-06-30 02:00:00,124.49,02:00:00
2026-06-30 02:15:00,124.49,02:15:00
2026-06-30 02:30:00,119.88,02:30:00
2026-06-30 02:45:00,119.88,02:45:00
2026-06-30 03:00:00,139.65,03:00:00
2026-06-30 03:15:00,139.65,03:15:00
2026-06-30 03:30:00,147.44,03:30:00
2026-06-30 03:45:00,147.44,03:45:00
2026-06-30 04:00:00,160.56,04:00:00
2026-06-30 04:15:00,160.56,04:15:00
2026-06-30 04:30:00,169.35,04:30:00
2026-06-30 04:45:00,169.35,04:45:00
2026-06-30 05:00:00,196.01,05:00:00
2026-06-30 05:15:00,195.97,05:15:00
2026-06-30 05:30:00,221.21,05:30:00
2026-06-30 05:45:00,221.18,05:45:00
2026-06-30 06:00:00,238.22,06:00:00
2026-06-30 06:15:00,238.05,06:15:00
2026-06-30 06:30:00,267.99,06:30:00
2026-06-30 06:45:00,267.66,06:45:00
2026-06-30 07:00:00,266.74,07:00:00
2026-06-30 07:15:00,264.83,07:15:00
2026-06-30 07:30:00,284.97,07:30:00
2026-06-30 07:45:00,284.75,07:45:00
2026-06-30 08:00:00,277.86,08:00:00
2026-06-30 08:15:00,277.78,08:15:00
2026-06-30 08:30:00,284.39,08:30:00
2026-06-30 08:45:00,285.12,08:45:00
2026-06-30 09:00:00,284.75,09:00:00
2026-06-30 09:15:00,284.55,09:15:00
2026-06-30 09:30:00,280.16,09:30:00
2026-06-30 09:45:00,279.8,09:45:00
2026-06-30 10:00:00,281.4,10:00:00
2026-06-30 10:15:00,281.13,10:15:00
2026-06-30 10:30:00,262.29,10:30:00
2026-06-30 10:45:00,262.12,10:45:00
2026-06-30 12:00:00,237.83,12:00:00
2026-06-30 12:15:00,237.91,12:15:00
2026-06-30 12:30:00,234.29,12:30:00
2026-06-30 12:45:00,234.43,12:45:00
2026-06-30 13:00:00,220.05,13:00:00
2026-06-30 13:15:00,220.37,13:15:00
2026-06-30 13:30:00,216.7,13:30:00
2026-06-30 13:45:00,216.85,13:45:00
2026-06-30 14:00:00,213.54,14:00:00
2026-06-30 14:15:00,213.92,14:15:00
2026-06-30 14:30:00,201.69,14:30:00
2026-06-30 14:45:00,201.82,14:45:00
2026-06-30 15:00:00,182.02,15:00:00
2026-06-30 15:15:00,182.02,15:15:00
2026-06-30 15:30:00,172.98,15:30:00
2026-06-30 15:45:00,172.98,15:45:00
2026-06-30 16:00:00,169.72,16:00:00
2026-06-30 16:15:00,169.72,16:15:00
2026-06-30 16:30:00,190.29,16:30:00
2026-06-30 16:45:00,190.29,16:45:00
2026-06-30 17:00:00,190.02,17:00:00
2026-06-30 17:15:00,190.02,17:15:00
2026-06-30 17:30:00,191.46,17:30:00
2026-06-30 17:45:00,191.46,17:45:00
2026-06-30 18:00:00,191.29,18:00:00
2026-06-30 18:15:00,191.29,18:15:00
2026-06-30 18:30:00,196.56,18:30:00
2026-06-30 18:45:00,196.56,18:45:00
2026-06-30 19:00:00,211.45,19:00:00
2026-06-30 19:15:00,211.45,19:15:00
2026-06-30 19:30:00,218.84,19:30:00
2026-06-30 19:45:00,218.84,19:45:00
