datetime,footprint (gCO2/kWh),time
2026-01-01 00:00:00,13.45,00:00:00
2026-01-01 00:15:00,13.3,00:15:00
2026-01-01 00:30:00,13.4,00:30:00
2026-01-01 00:45:00,13.47,00:45:00
2026-01-01 01:00:00,14.51,01:00:00
2026-01-01 01:15:00,14.48,01:15:00
2026-01-01 01:30:00,14.35,01:30:00
2026-01-01 01:45:00,14.27,01:45:00
2026-01-01 02:00:00,13.47,02:00:00
2026-01-01 02:15:00,13.6,02:15:00
2026-01-01 02:30:00,13.69,02:30:00
2026-01-01 02:45:00,13.8,02:45:00
2026-01-01 03:00:00,14.35,03:00:00
2026-01-01 03:15:00,14.19,03:15:00
2026-01-01 03:30:00,14.13,03:30:00
2026-01-01 03:45:00,14.06,03:45:00
2026-01-01 04:00:00,14.05,04:00:00
2026-01-01 04:15:00,14.03,04:15:00
2026-01-01 04:30:00,14.02,04:30:00
2026-01-01 04:45:00,14.1,04:45:00
2026-01-01 05:00:00,14.98,05:00:00
2026-01-01 05:15:00,14.97,05:15:00
2026-01-01 05:30:00,15.07,05:30:00
2026-01-01 05:45:00,15.12,05:45:00
2026-01-01 06:00:00,14.85,06:00:00
2026-01-01 06:15:00,14.83,06:15:00
2026-01-01 06:30:00,14.81,06:30:00
2026-01-01 06:45:00,14.77,06:45:00
2026-01-01 07:00:00,14.79,07:00:00
2026-01-01 07:15:00,14.89,07:15:00
2026-01-01 07:30:00,14.83,07:30:00
2026-01-01 07:45:00,14.79,07:45:00
2026-01-01 08:00:00,14.99,08:00:00
2026-01-01 08:15:00,14.95,08:15:00
2026-01-01 08:30:00,14.97,08:30:00
2026-01-01 08:45:00,14.91,08:45:00
2026-01-01 09:00:00,14.88,09:00:00
2026-01-01 09:15:00,14.91,09:15:00
2026-01-01 09:30:00,14.88,09:30:00
2026-01-01 09:45:00,14.9,09:45:00
2026-01-01 10:00:00,13.68,10:00:00
2026-01-01 10:15:00,13.64,10:15:00
2026-01-01 10:30:00,13.38,10:30:00
2026-01-01 10:45:00,13.3,10:45:00
2026-01-01 11:00:00,13.79,11:00:00
2026-01-01 11:15:00,13.54,11:15:00
2026-01-01 11:30:00,13.51,11:30:00
2026-01-01 11:45:00,13.45,11:45:00
2026-01-01 12:00:00,13.35,12:00:00
2026-01-01 12:15:00,13.36,12:15:00
2026-01-01 12:30:00,13.29,12:30:00
2026-01-01 12:45:00,13.35,12:45:00
2026-01-01 13:00:00,13.2,13:00:00
2026-01-01 13:15:00,13.03,13:15:00
2026-01-01 13:30:00,13.11,13:30:00
2026-01-01 13:45:00,13.14,13:45:00
2026-01-01 14:00:00,13.12,14:00:00
2026-01-01 14:15:00,13.13,14:15:00
2026-01-01 14:30:00,13.1,14:30:00
2026-01-01 14:45:00,13.11,14:45:00
2026-01-01 15:00:00,14.03,15:00:00
2026-01-01 15:15:00,13.89,15:15:00
2026-01-01 15:30:00,14.88,15:30:00
2026-01-01 15:45:00,14.81,15:45:00
2026-01-01 16:00:00,14.63,16:00:00
2026-01-01 16:15:00,14.61,16:15:00
2026-01-01 16:30:00,14.51,16:30:00
2026-01-01 16:45:00,14.57,16:45:00
2026-01-01 17:00:00,14.71,17:00:00
2026-01-01 17:15:00,14.65,17:15:00
2026-01-01 17:30:00,14.66,17:30:00
2026-01-01 17:45:00,14.71,17:45:00
2026-01-01 18:00:00,14.65,18:00:00
2026-01-01 18:15:00,14.71,18:15:00
2026-01-01 18:30:00,14.7,18:30:00
2026-01-01 18:45:00,14.78,18:45:00
2026-01-01 19:00:00,14.7,19:00:00
2026-01-01 19:15:00,14.79,19:15:00
2026-01-01 19:30:00,14.85,19:30:00
2026-01-01 19:45:00,14.89,19:45:00
2026-01-01 20:00:00,15.05,20:00:00
2026-01-01 20:15:00,15.06,20:15:00
2026-01-01 20:30:00,15.05,20:30:00
2026-01-01 20:45:00,15.13,20:45:00
2026-01-01 21:00:00,15.34,21:00:00
2026-01-01 21:15:00,15.44,21:15:00
2026-01-01 21:30:00,15.38,21:30:00
2026-01-01 21:45:00,15.41,21:45:00
2026-01-01 22:00:00,15.69,22:00:00
2026-01-01 22:15:00,15.74,22:15:00
2026-01-01 22:30:00,15.82,22:30:00
2026-01-01 22:45:00,15.98,22:45:00
2026-01-01 23:00:00,15.55,23:00:00
2026-01-01 23:15:00,15.59,23:15:00
2026-01-01 23:30:00,15.54,23:30:00
2026-01-01 23:45:00,15.44,23:45:00
2026-01-02 00:00:00,15.65,00:00:00
2026-01-02 00:15:00,15.67,00:15:00
2026-01-02 00:30:00,15.73,00:30:00
2026-01-02 00:45:00,15.64,00:45:00
2026-01-02 01:00:00,15.98,01:00:00
2026-01-02 01:15:00,16.01,01:15:00
2026-01-02 01:30:00,16.05,01:30:00
2026-01-02 01:45:00,16.68,01:45:00
2026-01-02 02:00:00,17.37,02:00:00
2026-01-02 02:15:00,17.33,02:15:00
2026-01-02 02:30:00,17.37,02:30:00
2026-01-02 02:45:00,17.38,02:45:00
2026-01-02 03:00:00,17.3,03:00:00
2026-01-02 03:15:00,17.27,03:15:00
2026-01-02 03:30:00,17.23,03:30:00
2026-01-02 03:45:00,17.13,03:45:00
2026-01-02 04:00:00,16.47,04:00:00
2026-01-02 04:15:00,16.41,04:15:00
2026-01-02 04:30:00,16.4,04:30:00
2026-01-02 04:45:00,16.41,04:45:00
2026-01-02 05:00:00,17.33,05:00:00
2026-01-02 05:15:00,17.09,05:15:00
2026-01-02 05:30:00,16.88,05:30:00
2026-01-02 05:45:00,16.68,05:45:00
2026-01-02 06:00:00,18.0,06:00:00
2026-01-02 06:15:00,18.05,06:15:00
2026-01-02 06:30:00,18.06,06:30:00
2026-01-02 06:45:00,18.13,06:45:00
2026-01-02 07:00:00,19.07,07:00:00
2026-01-02 07:15:00,19.33,07:15:00
2026-01-02 07:30:00,19.32,07:30:00
2026-01-02 07:45:00,19.08,07:45:00
2026-01-02 08:00:00,19.15,08:00:00
2026-01-02 08:15:00,19.25,08:15:00
2026-01-02 08:30:00,19.24,08:30:00
2026-01-02 08:45:00,19.33,08:45:00
2026-01-02 09:00:00,19.54,09:00:00
2026-01-02 09:15:00,19.3,09:15:00
2026-01-02 09:30:00,19.14,09:30:00
2026-01-02 09:45:00,19.39,09:45:00
2026-01-02 10:00:00,19.23,10:00:00
2026-01-02 10:15:00,19.06,10:15:00
2026-01-02 10:30:00,19.19,10:30:00
2026-01-02 10:45:00,19.28,10:45:00
2026-01-02 11:00:00,19.82,11:00:00
2026-01-02 11:15:00,19.81,11:15:00
2026-01-02 11:30:00,19.67,11:30:00
2026-01-02 11:45:00,19.54,11:45:00
2026-01-02 12:00:00,19.56,12:00:00
2026-01-02 12:15:00,19.43,12:15:00
2026-01-02 12:30:00,19.39,12:30:00
2026-01-02 12:45:00,19.46,12:45:00
2026-01-02 13:00:00,19.13,13:00:00
2026-01-02 13:15:00,19.09,13:15:00
2026-01-02 13:30:00,19.04,13:30:00
2026-01-02 13:45:00,19.24,13:45:00
2026-01-02 14:00:00,19.16,14:00:00
2026-01-02 14:15:00,19.27,14:15:00
2026-01-02 14:30:00,19.2,14:30:00
2026-01-02 14:45:00,19.1,14:45:00
2026-01-02 15:00:00,18.6,15:00:00
2026-01-02 15:15:00,18.69,15:15:00
2026-01-02 15:30:00,18.73,15:30:00
2026-01-02 15:45:00,18.64,15:45:00
2026-01-02 16:00:00,18.38,16:00:00
2026-01-02 16:15:00,18.38,16:15:00
2026-01-02 16:30:00,18.39,16:30:00
2026-01-02 17:00:00,18.67,17:00:00
2026-01-02 17:15:00,18.63,17:15:00
2026-01-02 17:30:00,18.57,17:30:00
2026-01-02 17:45:00,18.62,17:45:00
2026-01-02 18:00:00,18.34,18:00:00
2026-01-02 18:15:00,18.19,18:15:00
2026-01-02 18:30:00,18.12,18:30:00
2026-01-02 18:45:00,18.09,18:45:00
2026-01-02 19:00:00,18.05,19:00:00
2026-01-02 19:15:00,17.94,19:15:00
2026-01-02 19:30:00,17.88,19:30:00
2026-01-02 19:45:00,17.88,19:45:00
2026-01-02 20:00:00,17.88,20:00:00
2026-01-02 20:15:00,17.84,20:15:00
2026-01-02 20:30:00,17.85,20:30:00
2026-01-02 20:45:00,17.9,20:45:00
2026-01-02 21:00:00,17.72,21:00:00
2026-01-02 21:15:00,17.65,21:15:00
2026-01-02 21:30:00,17.71,21:30:00
2026-01-02 21:45:00,17.86,21:45:00
2026-01-02 22:00:00,16.93,22:00:00
2026-01-02 22:15:00,16.72,22:15:00
2026-01-02 22:30:00,16.7,22:30:00
2026-01-02 22:45:00,16.7,22:45:00
2026-01-02 23:00:00,14.74,23:00:00
2026-01-02 23:15:00,14.82,23:15:00
2026-01-02 23:30:00,14.87,23:30:00
2026-01-02 23:45:00,14.83,23:45:00
2026-01-03 00:00:00,15.09,00:00:00
2026-01-03 00:15:00,15.1,00:15:00
2026-01-03 00:30:00,15.09,00:30:00
2026-01-03 00:45:00,15.05,00:45:00
2026-01-03 01:00:00,14.96,01:00:00
2026-01-03 01:15:00,14.94,01:15:00
2026-01-03 01:30:00,14.95,01:30:00
2026-01-03 01:45:00,15.01,01:45:00
2026-01-03 02:00:00,14.9,02:00:00
2026-01-03 02:15:00,14.98,02:15:00
2026-01-03 02:30:00,15.08,02:30:00
2026-01-03 02:45:00,15.09,02:45:00
2026-01-03 03:00:00,14.95,03:00:00
2026-01-03 03:15:00,14.9,03:15:00
2026-01-03 03:30:00,14.83,03:30:00
2026-01-03 03:45:00,14.72,03:45:00
2026-01-03 04:00:00,14.96,04:00:00
2026-01-03 04:15:00,14.99,04:15:00
2026-01-03 04:30:00,14.97,04:30:00
2026-01-03 04:45:00,14.94,04:45:00
2026-01-03 05:00:00,15.21,05:00:00
2026-01-03 05:15:00,15.31,05:15:00
2026-01-03 05:30:00,15.36,05:30:00
2026-01-03 05:45:00,15.44,05:45:00
2026-01-03 06:00:00,16.26,06:00:00
2026-01-03 06:15:00,16.42,06:15:00
2026-01-03 06:30:00,16.35,06:30:00
2026-01-03 06:45:00,16.4,06:45:00
2026-01-03 07:00:00,18.27,07:00:00
2026-01-03 07:15:00,18.38,07:15:00
2026-01-03 07:30:00,18.37,07:30:00
2026-01-03 07:45:00,18.35,07:45:00
2026-01-03 08:00:00,19.94,08:00:00
2026-01-03 08:15:00,20.01,08:15:00
2026-01-03 08:30:00,19.96,08:30:00
2026-01-03 08:45:00,19.93,08:45:00
2026-01-03 09:00:00,19.59,09:00:00
2026-01-03 09:15:00,19.59,09:15:00
2026-01-03 09:30:00,19.68,09:30:00
2026-01-03 09:45:00,19.74,09:45:00
2026-01-03 10:00:00,20.66,10:00:00
2026-01-03 10:15:00,20.54,10:15:00
2026-01-03 10:30:00,20.55,10:30:00
2026-01-03 10:45:00,20.66,10:45:00
2026-01-03 11:00:00,20.8,11:00:00
2026-01-03 11:15:00,20.74,11:15:00
2026-01-03 11:30:00,20.65,11:30:00
2026-01-03 11:45:00,20.63,11:45:00
2026-01-03 12:00:00,21.42,12:00:00
2026-01-03 12:15:00,21.4,12:15:00
2026-01-03 12:30:00,21.38,12:30:00
2026-01-03 12:45:00,21.38,12:45:00
2026-01-03 13:00:00,21.44,13:00:00
2026-01-03 13:15:00,21.34,13:15:00
2026-01-03 13:30:00,21.31,13:30:00
2026-01-03 13:45:00,21.34,13:45:00
2026-01-03 14:00:00,21.62,14:00:00
2026-01-03 14:15:00,21.57,14:15:00
2026-01-03 14:30:00,21.5,14:30:00
2026-01-03 14:45:00,21.51,14:45:00
2026-01-03 15:00:00,21.79,15:00:00
2026-01-03 15:15:00,21.81,15:15:00
2026-01-03 15:30:00,21.83,15:30:00
2026-01-03 15:45:00,21.55,15:45:00
2026-01-03 16:00:00,21.59,16:00:00
2026-01-03 16:15:00,21.57,16:15:00
2026-01-03 16:30:00,21.6,16:30:00
2026-01-03 16:45:00,21.65,16:45:00
2026-01-03 17:00:00,21.71,17:00:00
2026-01-03 17:15:00,21.55,17:15:00
2026-01-03 17:30:00,21.61,17:30:00
2026-01-03 17:45:00,21.53,17:45:00
2026-01-03 18:00:00,21.54,18:00:00
2026-01-03 18:15:00,21.52,18:15:00
2026-01-03 18:30:00,21.44,18:30:00
2026-01-03 18:45:00,21.35,18:45:00
2026-01-03 19:00:00,21.35,19:00:00
2026-01-03 19:15:00,21.41,19:15:00
2026-01-03 19:30:00,21.4,19:30:00
2026-01-03 19:45:00,21.43,19:45:00
2026-01-03 20:00:00,20.71,20:00:00
2026-01-03 20:15:00,20.69,20:15:00
2026-01-03 20:30:00,20.64,20:30:00
2026-01-03 20:45:00,20.68,20:45:00
2026-01-03 21:00:00,20.44,21:00:00
2026-01-03 21:15:00,20.4,21:15:00
2026-01-03 21:30:00,20.51,21:30:00
2026-01-03 21:45:00,20.54,21:45:00
2026-01-03 22:00:00,20.75,22:00:00
2026-01-03 22:15:00,20.8,22:15:00
2026-01-03 22:30:00,20.81,22:30:00
2026-01-03 22:45:00,20.72,22:45:00
2026-01-03 23:00:00,21.3,23:00:00
2026-01-03 23:15:00,21.55,23:15:00
2026-01-03 23:30:00,21.54,23:30:00
2026-01-03 23:45:00,21.54,23:45:00
2026-01-04 00:00:00,23.09,00:00:00
2026-01-04 00:15:00,23.55,00:15:00
2026-01-04 00:30:00,22.86,00:30:00
2026-01-04 00:45:00,22.57,00:45:00
2026-01-04 01:00:00,23.45,01:00:00
2026-01-04 01:15:00,23.97,01:15:00
2026-01-04 01:30:00,24.17,01:30:00
2026-01-04 01:45:00,24.2,01:45:00
2026-01-04 02:15:00,24.99,02:15:00
2026-01-04 02:30:00,25.4,02:30:00
2026-01-04 02:45:00,25.59,02:45:00
2026-01-04 03:00:00,25.66,03:00:00
2026-01-04 03:15:00,26.52,03:15:00
2026-01-04 03:30:00,26.7,03:30:00
2026-01-04 03:45:00,26.81,03:45:00
2026-01-04 04:00:00,25.53,04:00:00
2026-01-04 04:15:00,24.72,04:15:00
2026-01-04 04:30:00,25.87,04:30:00
2026-01-04 04:45:00,25.74,04:45:00
2026-01-04 05:00:00,23.23,05:00:00
2026-01-04 05:15:00,23.71,05:15:00
2026-01-04 05:30:00,24.89,05:30:00
2026-01-04 05:45:00,25.62,05:45:00
2026-01-04 06:00:00,24.27,06:00:00
2026-01-04 06:15:00,23.98,06:15:00
2026-01-04 06:30:00,24.93,06:30:00
2026-01-04 06:45:00,26.09,06:45:00
2026-01-04 07:00:00,26.49,07:00:00
2026-01-04 07:15:00,26.57,07:15:00
2026-01-04 07:30:00,26.66,07:30:00
2026-01-04 07:45:00,25.85,07:45:00
2026-01-04 08:00:00,24.97,08:00:00
2026-01-04 08:15:00,23.68,08:15:00
2026-01-04 08:30:00,23.84,08:30:00
2026-01-04 08:45:00,24.17,08:45:00
2026-01-04 09:00:00,24.69,09:00:00
2026-01-04 09:15:00,23.47,09:15:00
2026-01-04 09:30:00,23.09,09:30:00
2026-01-04 09:45:00,22.95,09:45:00
2026-01-04 10:00:00,23.2,10:00:00
2026-01-04 10:15:00,23.25,10:15:00
2026-01-04 10:30:00,23.41,10:30:00
2026-01-04 10:45:00,23.56,10:45:00
2026-01-04 11:00:00,23.39,11:00:00
2026-01-04 11:15:00,23.34,11:15:00
2026-01-04 11:30:00,23.22,11:30:00
2026-01-04 11:45:00,23.36,11:45:00
2026-01-04 12:00:00,23.08,12:00:00
2026-01-04 12:15:00,23.35,12:15:00
2026-01-04 12:30:00,23.56,12:30:00
2026-01-04 12:45:00,23.8,12:45:00
2026-01-04 13:00:00,23.27,13:00:00
2026-01-04 13:15:00,23.17,13:15:00
2026-01-04 13:30:00,23.05,13:30:00
2026-01-04 13:45:00,23.27,13:45:00
2026-01-04 14:00:00,23.09,14:00:00
2026-01-04 14:15:00,23.0,14:15:00
2026-01-04 14:30:00,22.78,14:30:00
2026-01-04 14:45:00,22.94,14:45:00
2026-01-04 15:00:00,23.36,15:00:00
2026-01-04 15:15:00,23.28,15:15:00
2026-01-04 15:30:00,23.15,15:30:00
2026-01-04 15:45:00,22.97,15:45:00
2026-01-04 16:00:00,22.73,16:00:00
2026-01-04 16:15:00,22.79,16:15:00
2026-01-04 16:30:00,22.74,16:30:00
2026-01-04 16:45:00,22.73,16:45:00
2026-01-04 17:00:00,22.59,17:00:00
2026-01-04 17:15:00,22.39,17:15:00
2026-01-04 17:30:00,22.25,17:30:00
2026-01-04 17:45:00,22.26,17:45:00
2026-01-04 18:00:00,22.72,18:00:00
2026-01-04 18:15:00,22.61,18:15:00
2026-01-04 18:30:00,22.63,18:30:00
2026-01-04 18:45:00,22.51,18:45:00
2026-01-04 19:00:00,22.22,19:00:00
2026-01-04 19:15:00,22.08,19:15:00
2026-01-04 19:30:00,21.83,19:30:00
2026-01-04 19:45:00,21.82,19:45:00
2026-01-04 20:00:00,21.69,20:00:00
2026-01-04 20:15:00,21.68,20:15:00
2026-01-04 20:30:00,21.62,20:30:00
2026-01-04 20:45:00,21.7,20:45:00
2026-01-04 21:00:00,20.45,21:00:00
2026-01-04 21:15:00,20.24,21:15:00
2026-01-04 21:30:00,20.11,21:30:00
2026-01-04 21:45:00,20.22,21:45:00
2026-01-04 22:00:00,19.58,22:00:00
2026-01-04 22:15:00,19.58,22:15:00
2026-01-04 22:30:00,19.65,22:30:00
2026-01-04 22:45:00,19.68,22:45:00
2026-01-04 23:00:00,19.74,23:00:00
2026-01-04 23:15:00,19.82,23:15:00
2026-01-04 23:30:00,19.9,23:30:00
2026-01-04 23:45:00,20.05,23:45:00
2026-01-05 00:00:00,20.38,00:00:00
2026-01-05 00:15:00,20.4,00:15:00
2026-01-05 00:30:00,20.3,00:30:00
2026-01-05 00:45:00,20.22,00:45:00
2026-01-05 01:00:00,19.96,01:00:00
2026-01-05 01:15:00,19.92,01:15:00
2026-01-05 01:30:00,19.93,01:30:00
2026-01-05 01:45:00,19.86,01:45:00
2026-01-05 02:00:00,19.69,02:00:00
2026-01-05 02:15:00,19.69,02:15:00
2026-01-05 02:30:00,19.78,02:30:00
2026-01-05 02:45:00,19.75,02:45:00
2026-01-05 03:00:00,19.58,03:00:00
2026-01-05 03:15:00,19.61,03:15:00
2026-01-05 03:30:00,19.69,03:30:00
2026-01-05 03:45:00,19.79,03:45:00
2026-01-05 04:00:00,21.2,04:00:00
2026-01-05 04:15:00,21.32,04:15:00
2026-01-05 04:30:00,21.32,04:30:00
2026-01-05 04:45:00,21.63,04:45:00
2026-01-05 05:00:00,23.3,05:00:00
2026-01-05 05:15:00,23.16,05:15:00
2026-01-05 05:30:00,23.57,05:30:00
2026-01-05 05:45:00,23.62,05:45:00
2026-01-05 06:00:00,23.29,06:00:00
2026-01-05 06:15:00,23.21,06:15:00
2026-01-05 06:30:00,23.45,06:30:00
2026-01-05 06:45:00,23.8,06:45:00
2026-01-05 07:00:00,26.47,07:00:00
2026-01-05 07:15:00,24.25,07:15:00
2026-01-05 07:30:00,25.96,07:30:00
2026-01-05 07:45:00,25.81,07:45:00
2026-01-05 08:00:00,23.48,08:00:00
2026-01-05 08:15:00,23.83,08:15:00
2026-01-05 08:30:00,27.57,08:30:00
2026-01-05 08:45:00,27.84,08:45:00
2026-01-05 09:00:00,26.95,09:00:00
2026-01-05 09:15:00,30.01,09:15:00
2026-01-05 09:30:00,28.57,09:30:00
2026-01-05 09:45:00,29.54,09:45:00
2026-01-05 10:00:00,28.68,10:00:00
2026-01-05 10:15:00,29.01,10:15:00
2026-01-05 10:30:00,29.63,10:30:00
2026-01-05 10:45:00,30.79,10:45:00
2026-01-05 11:00:00,33.75,11:00:00
2026-01-05 11:15:00,34.43,11:15:00
2026-01-05 11:30:00,34.09,11:30:00
2026-01-05 11:45:00,33.62,11:45:00
2026-01-05 12:00:00,31.49,12:00:00
2026-01-05 12:15:00,32.43,12:15:00
2026-01-05 12:30:00,33.61,12:30:00
2026-01-05 12:45:00,33.56,12:45:00
2026-01-05 13:00:00,33.67,13:00:00
2026-01-05 13:15:00,33.48,13:15:00
2026-01-05 13:30:00,33.45,13:30:00
2026-01-05 13:45:00,32.43,13:45:00
2026-01-05 14:00:00,32.8,14:00:00
2026-01-05 14:15:00,33.84,14:15:00
2026-01-05 14:30:00,34.8,14:30:00
2026-01-05 14:45:00,35.19,14:45:00
2026-01-05 15:00:00,37.33,15:00:00
2026-01-05 15:15:00,37.5,15:15:00
2026-01-05 15:30:00,37.74,15:30:00
2026-01-05 15:45:00,37.72,15:45:00
2026-01-05 16:00:00,34.25,16:00:00
2026-01-05 16:15:00,37.01,16:15:00
2026-01-05 16:30:00,38.72,16:30:00
2026-01-05 16:45:00,37.82,16:45:00
2026-01-05 17:00:00,31.43,17:00:00
2026-01-05 17:15:00,30.12,17:15:00
2026-01-05 17:30:00,32.61,17:30:00
2026-01-05 17:45:00,32.0,17:45:00
2026-01-05 18:00:00,27.15,18:00:00
2026-01-05 18:15:00,27.89,18:15:00
2026-01-05 18:30:00,29.76,18:30:00
2026-01-05 18:45:00,31.16,18:45:00
2026-01-05 19:00:00,32.06,19:00:00
2026-01-05 19:15:00,32.89,19:15:00
2026-01-05 19:30:00,32.39,19:30:00
2026-01-05 19:45:00,29.52,19:45:00
2026-01-05 20:00:00,32.1,20:00:00
2026-01-05 20:15:00,32.01,20:15:00
2026-01-05 20:30:00,30.37,20:30:00
2026-01-05 20:45:00,29.2,20:45:00
2026-01-05 21:00:00,26.66,21:00:00
2026-01-05 21:15:00,25.95,21:15:00
2026-01-05 21:30:00,25.87,21:30:00
2026-01-05 21:45:00,25.68,21:45:00
2026-01-05 22:00:00,25.67,22:00:00
2026-01-05 22:15:00,25.12,22:15:00
2026-01-05 22:30:00,25.33,22:30:00
2026-01-05 22:45:00,26.52,22:45:00
2026-01-05 23:00:00,24.73,23:00:00
2026-01-05 23:15:00,24.47,23:15:00
2026-01-05 23:30:00,24.67,23:30:00
2026-01-05 23:45:00,22.89,23:45:00
2026-01-06 00:00:00,23.11,00:00:00
2026-01-06 00:15:00,23.02,00:15:00
2026-01-06 00:30:00,22.86,00:30:00
2026-01-06 00:45:00,26.36,00:45:00
2026-01-06 01:00:00,28.91,01:00:00
2026-01-06 01:15:00,28.65,01:15:00
2026-01-06 01:30:00,26.49,01:30:00
2026-01-06 01:45:00,25.75,01:45:00
2026-01-06 02:00:00,27.09,02:00:00
2026-01-06 02:15:00,27.93,02:15:00
2026-01-06 02:30:00,27.35,02:30:00
2026-01-06 02:45:00,28.14,02:45:00
2026-01-06 03:00:00,27.55,03:00:00
2026-01-06 03:15:00,27.42,03:15:00
2026-01-06 03:30:00,27.37,03:30:00
2026-01-06 03:45:00,28.23,03:45:00
2026-01-06 04:00:00,26.88,04:00:00
2026-01-06 04:15:00,24.7,04:15:00
2026-01-06 04:30:00,21.82,04:30:00
2026-01-06 04:45:00,25.36,04:45:00
2026-01-06 05:00:00,25.45,05:00:00
2026-01-06 05:15:00,22.25,05:15:00
2026-01-06 05:30:00,22.64,05:30:00
2026-01-06 05:45:00,22.92,05:45:00
2026-01-06 06:00:00,23.0,06:00:00
2026-01-06 06:15:00,23.1,06:15:00
2026-01-06 06:30:00,23.09,06:30:00
2026-01-06 06:45:00,23.14,06:45:00
2026-01-06 07:00:00,23.28,07:00:00
2026-01-06 07:15:00,23.19,07:15:00
2026-01-06 07:30:00,23.14,07:30:00
2026-01-06 07:45:00,23.03,07:45:00
2026-01-06 08:00:00,23.08,08:00:00
2026-01-06 08:15:00,23.05,08:15:00
2026-01-06 08:30:00,23.01,08:30:00
2026-01-06 08:45:00,22.84,08:45:00
2026-01-06 09:00:00,22.76,09:00:00
2026-01-06 09:15:00,22.56,09:15:00
2026-01-06 09:30:00,22.68,09:30:00
2026-01-06 09:45:00,22.76,09:45:00
2026-01-06 10:00:00,22.77,10:00:00
2026-01-06 10:15:00,22.75,10:15:00
2026-01-06 10:30:00,22.8,10:30:00
2026-01-06 10:45:00,22.74,10:45:00
2026-01-06 11:00:00,22.4,11:00:00
2026-01-06 11:15:00,22.23,11:15:00
2026-01-06 11:30:00,22.22,11:30:00
2026-01-06 11:45:00,22.21,11:45:00
2026-01-06 12:00:00,22.45,12:00:00
2026-01-06 12:15:00,22.32,12:15:00
2026-01-06 12:30:00,22.04,12:30:00
2026-01-06 12:45:00,21.93,12:45:00
2026-01-06 13:00:00,21.48,13:00:00
2026-01-06 13:15:00,21.26,13:15:00
2026-01-06 13:30:00,21.19,13:30:00
2026-01-06 13:45:00,21.13,13:45:00
2026-01-06 14:00:00,21.2,14:00:00
2026-01-06 14:15:00,21.21,14:15:00
2026-01-06 14:30:00,21.15,14:30:00
2026-01-06 14:45:00,21.09,14:45:00
2026-01-06 15:00:00,21.25,15:00:00
2026-01-06 15:15:00,21.24,15:15:00
2026-01-06 15:30:00,21.28,15:30:00
2026-01-06 15:45:00,21.32,15:45:00
2026-01-06 16:00:00,21.09,16:00:00
2026-01-06 16:15:00,21.02,16:15:00
2026-01-06 16:30:00,21.25,16:30:00
2026-01-06 16:45:00,21.44,16:45:00
2026-01-06 17:00:00,21.38,17:00:00
2026-01-06 17:15:00,21.24,17:15:00
2026-01-06 17:30:00,22.48,17:30:00
2026-01-06 17:45:00,21.21,17:45:00
2026-01-06 18:00:00,20.96,18:00:00
2026-01-06 18:15:00,21.16,18:15:00
2026-01-06 18:30:00,21.16,18:30:00
2026-01-06 18:45:00,20.94,18:45:00
2026-01-06 19:00:00,20.81,19:00:00
2026-01-06 19:15:00,20.7,19:15:00
2026-01-06 19:30:00,20.7,19:30:00
2026-01-06 19:45:00,20.71,19:45:00
2026-01-06 20:00:00,20.7,20:00:00
2026-01-06 20:15:00,20.9,20:15:00
2026-01-06 20:30:00,20.95,20:30:00
2026-01-06 20:45:00,20.98,20:45:00
2026-01-06 21:00:00,19.8,21:00:00
2026-01-06 21:15:00,19.36,21:15:00
2026-01-06 21:30:00,19.0,21:30:00
2026-01-06 21:45:00,18.78,21:45:00
2026-01-06 22:00:00,18.36,22:00:00
2026-01-06 22:15:00,18.39,22:15:00
2026-01-06 22:30:00,18.39,22:30:00
2026-01-06 22:45:00,18.45,22:45:00
2026-01-06 23:00:00,16.29,23:00:00
2026-01-06 23:15:00,16.08,23:15:00
2026-01-06 23:30:00,16.1,23:30:00
2026-01-06 23:45:00,16.07,23:45:00
2026-01-07 00:00:00,15.57,00:00:00
2026-01-07 00:15:00,15.68,00:15:00
2026-01-07 00:30:00,15.67,00:30:00
2026-01-07 00:45:00,15.73,00:45:00
2026-01-07 01:00:00,15.55,01:00:00
2026-01-07 01:15:00,15.68,01:15:00
2026-01-07 01:30:00,15.66,01:30:00
2026-01-07 01:45:00,15.63,01:45:00
2026-01-07 02:00:00,15.52,02:00:00
2026-01-07 02:15:00,15.55,02:15:00
2026-01-07 02:30:00,15.5,02:30:00
2026-01-07 02:45:00,15.46,02:45:00
2026-01-07 03:00:00,15.46,03:00:00
2026-01-07 03:15:00,15.45,03:15:00
2026-01-07 03:30:00,15.53,03:30:00
2026-01-07 03:45:00,15.53,03:45:00
2026-01-07 04:00:00,16.27,04:00:00
2026-01-07 04:15:00,16.4,04:15:00
2026-01-07 04:30:00,16.57,04:30:00
2026-01-07 04:45:00,16.75,04:45:00
2026-01-07 05:00:00,18.35,05:00:00
2026-01-07 05:15:00,18.4,05:15:00
2026-01-07 05:30:00,18.26,05:30:00
2026-01-07 05:45:00,18.54,05:45:00
2026-01-07 06:00:00,20.32,06:00:00
2026-01-07 06:15:00,20.57,06:15:00
2026-01-07 06:30:00,20.7,06:30:00
2026-01-07 06:45:00,20.85,06:45:00
2026-01-07 07:00:00,20.88,07:00:00
2026-01-07 07:15:00,20.86,07:15:00
2026-01-07 07:30:00,20.87,07:30:00
2026-01-07 07:45:00,20.81,07:45:00
2026-01-07 08:00:00,20.53,08:00:00
2026-01-07 08:15:00,20.58,08:15:00
2026-01-07 08:30:00,20.54,08:30:00
2026-01-07 08:45:00,20.46,08:45:00
2026-01-07 09:00:00,20.81,09:00:00
2026-01-07 09:15:00,22.17,09:15:00
2026-01-07 09:30:00,22.33,09:30:00
2026-01-07 09:45:00,22.89,09:45:00
2026-01-07 10:00:00,21.8,10:00:00
2026-01-07 10:15:00,21.46,10:15:00
2026-01-07 10:30:00,21.68,10:30:00
2026-01-07 10:45:00,22.19,10:45:00
2026-01-07 11:00:00,22.29,11:00:00
2026-01-07 11:15:00,22.17,11:15:00
2026-01-07 11:30:00,22.15,11:30:00
2026-01-07 11:45:00,22.1,11:45:00
2026-01-07 12:00:00,22.62,12:00:00
2026-01-07 12:15:00,22.59,12:15:00
2026-01-07 12:30:00,22.57,12:30:00
2026-01-07 12:45:00,22.51,12:45:00
2026-01-07 13:00:00,22.08,13:00:00
2026-01-07 13:15:00,22.16,13:15:00
2026-01-07 13:30:00,22.18,13:30:00
2026-01-07 13:45:00,22.17,13:45:00
2026-01-07 14:00:00,23.07,14:00:00
2026-01-07 14:15:00,22.88,14:15:00
2026-01-07 14:30:00,22.96,14:30:00
2026-01-07 14:45:00,22.88,14:45:00
2026-01-07 15:00:00,21.74,15:00:00
2026-01-07 15:15:00,23.54,15:15:00
2026-01-07 15:30:00,23.61,15:30:00
2026-01-07 15:45:00,23.2,15:45:00
2026-01-07 16:00:00,23.24,16:00:00
2026-01-07 16:15:00,23.96,16:15:00
2026-01-07 16:30:00,23.55,16:30:00
2026-01-07 16:45:00,22.33,16:45:00
2026-01-07 17:00:00,21.82,17:00:00
2026-01-07 17:15:00,21.67,17:15:00
2026-01-07 17:30:00,21.19,17:30:00
2026-01-07 17:45:00,21.21,17:45:00
2026-01-07 18:00:00,21.28,18:00:00
2026-01-07 18:15:00,21.27,18:15:00
2026-01-07 18:30:00,20.96,18:30:00
2026-01-07 18:45:00,20.83,18:45:00
2026-01-07 19:00:00,20.42,19:00:00
2026-01-07 19:15:00,20.4,19:15:00
2026-01-07 19:30:00,20.32,19:30:00
2026-01-07 19:45:00,19.99,19:45:00
2026-01-07 20:00:00,19.38,20:00:00
2026-01-07 20:15:00,19.26,20:15:00
2026-01-07 20:30:00,19.19,20:30:00
2026-01-07 20:45:00,19.21,20:45:00
2026-01-07 21:00:00,19.2,21:00:00
2026-01-07 21:15:00,19.16,21:15:00
2026-01-07 21:30:00,19.05,21:30:00
2026-01-07 21:45:00,19.05,21:45:00
2026-01-07 22:00:00,16.97,22:00:00
2026-01-07 22:15:00,16.99,22:15:00
2026-01-07 22:30:00,17.0,22:30:00
2026-01-07 22:45:00,16.96,22:45:00
2026-01-07 23:00:00,15.31,23:00:00
2026-01-07 23:15:00,15.29,23:15:00
2026-01-07 23:30:00,15.36,23:30:00
2026-01-07 23:45:00,15.36,23:45:00
2026-01-08 00:00:00,15.43,00:00:00
2026-01-08 00:15:00,15.43,00:15:00
2026-01-08 00:30:00,15.37,00:30:00
2026-01-08 00:45:00,15.4,00:45:00
2026-01-08 01:00:00,15.52,01:00:00
2026-01-08 01:15:00,15.6,01:15:00
2026-01-08 01:30:00,15.5,01:30:00
2026-01-08 01:45:00,15.45,01:45:00
2026-01-08 02:00:00,15.27,02:00:00
2026-01-08 02:15:00,15.22,02:15:00
2026-01-08 02:30:00,15.28,02:30:00
2026-01-08 02:45:00,15.34,02:45:00
2026-01-08 03:00:00,14.39,03:00:00
2026-01-08 03:15:00,14.51,03:15:00
2026-01-08 03:30:00,14.48,03:30:00
2026-01-08 03:45:00,14.44,03:45:00
2026-01-08 04:00:00,16.72,04:00:00
2026-01-08 04:15:00,16.72,04:15:00
2026-01-08 04:30:00,16.67,04:30:00
2026-01-08 04:45:00,16.66,04:45:00
2026-01-08 05:00:00,17.38,05:00:00
2026-01-08 05:15:00,17.48,05:15:00
2026-01-08 05:30:00,17.41,05:30:00
2026-01-08 05:45:00,17.25,05:45:00
2026-01-08 06:00:00,18.46,06:00:00
2026-01-08 06:15:00,18.49,06:15:00
2026-01-08 06:30:00,18.5,06:30:00
2026-01-08 06:45:00,18.59,06:45:00
2026-01-08 07:00:00,18.96,07:00:00
2026-01-08 07:15:00,19.04,07:15:00
2026-01-08 07:30:00,19.12,07:30:00
2026-01-08 07:45:00,19.18,07:45:00
2026-01-08 08:00:00,19.3,08:00:00
2026-01-08 08:15:00,19.27,08:15:00
2026-01-08 08:30:00,19.28,08:30:00
2026-01-08 08:45:00,19.29,08:45:00
2026-01-08 09:00:00,19.34,09:00:00
2026-01-08 09:15:00,19.54,09:15:00
2026-01-08 09:30:00,19.6,09:30:00
2026-01-08 09:45:00,19.59,09:45:00
2026-01-08 10:00:00,19.73,10:00:00
2026-01-08 10:15:00,19.8,10:15:00
2026-01-08 10:30:00,19.86,10:30:00
2026-01-08 10:45:00,19.83,10:45:00
2026-01-08 11:00:00,19.62,11:00:00
2026-01-08 11:15:00,19.65,11:15:00
2026-01-08 11:30:00,19.62,11:30:00
2026-01-08 11:45:00,19.62,11:45:00
2026-01-08 12:00:00,19.6,12:00:00
2026-01-08 12:15:00,19.64,12:15:00
2026-01-08 12:30:00,19.68,12:30:00
2026-01-08 12:45:00,19.7,12:45:00
2026-01-08 13:00:00,19.05,13:00:00
2026-01-08 13:15:00,19.09,13:15:00
2026-01-08 13:30:00,19.09,13:30:00
2026-01-08 13:45:00,19.24,13:45:00
2026-01-08 14:00:00,19.23,14:00:00
2026-01-08 14:15:00,19.37,14:15:00
2026-01-08 14:30:00,19.58,14:30:00
2026-01-08 14:45:00,19.46,14:45:00
2026-01-08 15:00:00,19.39,15:00:00
2026-01-08 15:15:00,19.43,15:15:00
2026-01-08 15:30:00,19.22,15:30:00
2026-01-08 15:45:00,19.05,15:45:00
2026-01-08 16:00:00,19.89,16:00:00
2026-01-08 16:15:00,19.92,16:15:00
2026-01-08 16:30:00,20.05,16:30:00
2026-01-08 16:45:00,20.11,16:45:00
2026-01-08 17:00:00,20.41,17:00:00
2026-01-08 17:15:00,20.53,17:15:00
2026-01-08 17:30:00,21.25,17:30:00
2026-01-08 17:45:00,21.88,17:45:00
2026-01-08 18:00:00,21.22,18:00:00
2026-01-08 18:15:00,22.98,18:15:00
2026-01-08 18:30:00,23.24,18:30:00
2026-01-08 18:45:00,24.3,18:45:00
2026-01-08 19:00:00,26.32,19:00:00
2026-01-08 19:15:00,26.09,19:15:00
2026-01-08 19:30:00,25.48,19:30:00
2026-01-08 19:45:00,22.66,19:45:00
2026-01-08 20:00:00,19.51,20:00:00
2026-01-08 20:15:00,19.27,20:15:00
2026-01-08 20:30:00,19.29,20:30:00
2026-01-08 20:45:00,19.17,20:45:00
2026-01-08 21:00:00,18.97,21:00:00
2026-01-08 21:15:00,18.76,21:15:00
2026-01-08 21:30:00,18.85,21:30:00
2026-01-08 21:45:00,18.66,21:45:00
2026-01-08 22:00:00,18.7,22:00:00
2026-01-08 22:15:00,18.87,22:15:00
2026-01-08 22:30:00,19.1,22:30:00
2026-01-08 22:45:00,19.19,22:45:00
2026-01-08 23:00:00,16.34,23:00:00
2026-01-08 23:15:00,16.34,23:15:00
2026-01-08 23:30:00,16.41,23:30:00
2026-01-08 23:45:00,16.29,23:45:00
2026-01-09 00:00:00,15.81,00:00:00
2026-01-09 00:15:00,15.73,00:15:00
2026-01-09 00:30:00,15.61,00:30:00
2026-01-09 00:45:00,15.85,00:45:00
2026-01-09 01:00:00,15.47,01:00:00
2026-01-09 01:15:00,15.61,01:15:00
2026-01-09 01:30:00,15.72,01:30:00
2026-01-09 01:45:00,15.83,01:45:00
2026-01-09 02:00:00,15.8,02:00:00
2026-01-09 02:15:00,15.88,02:15:00
2026-01-09 02:30:00,15.93,02:30:00
2026-01-09 02:45:00,15.9,02:45:00
2026-01-09 03:00:00,15.86,03:00:00
2026-01-09 03:15:00,15.76,03:15:00
2026-01-09 03:30:00,15.78,03:30:00
2026-01-09 03:45:00,15.9,03:45:00
2026-01-09 04:00:00,16.29,04:00:00
2026-01-09 04:15:00,16.21,04:15:00
2026-01-09 04:30:00,16.35,04:30:00
2026-01-09 04:45:00,16.38,04:45:00
2026-01-09 05:00:00,18.04,05:00:00
2026-01-09 05:15:00,17.85,05:15:00
2026-01-09 05:30:00,17.83,05:30:00
2026-01-09 05:45:00,17.8,05:45:00
2026-01-09 06:00:00,18.83,06:00:00
2026-01-09 06:15:00,19.07,06:15:00
2026-01-09 06:30:00,19.35,06:30:00
2026-01-09 06:45:00,18.93,06:45:00
2026-01-09 07:00:00,18.31,07:00:00
2026-01-09 07:15:00,18.2,07:15:00
2026-01-09 07:30:00,18.4,07:30:00
2026-01-09 07:45:00,18.5,07:45:00
2026-01-09 08:00:00,19.37,08:00:00
2026-01-09 08:15:00,19.69,08:15:00
2026-01-09 08:30:00,18.97,08:30:00
2026-01-09 08:45:00,18.91,08:45:00
2026-01-09 09:00:00,19.54,09:00:00
2026-01-09 09:15:00,19.59,09:15:00
2026-01-09 09:30:00,19.69,09:30:00
2026-01-09 09:45:00,19.88,09:45:00
2026-01-09 10:00:00,20.79,10:00:00
2026-01-09 10:15:00,20.87,10:15:00
2026-01-09 10:30:00,20.96,10:30:00
2026-01-09 10:45:00,21.02,10:45:00
2026-01-09 11:00:00,20.11,11:00:00
2026-01-09 11:15:00,20.58,11:15:00
2026-01-09 11:30:00,20.32,11:30:00
2026-01-09 11:45:00,20.11,11:45:00
2026-01-09 12:00:00,20.46,12:00:00
2026-01-09 12:15:00,20.46,12:15:00
2026-01-09 12:30:00,20.48,12:30:00
2026-01-09 12:45:00,20.84,12:45:00
2026-01-09 13:00:00,21.02,13:00:00
2026-01-09 13:15:00,20.1,13:15:00
2026-01-09 13:30:00,19.96,13:30:00
2026-01-09 13:45:00,19.99,13:45:00
2026-01-09 14:00:00,20.48,14:00:00
2026-01-09 14:15:00,20.44,14:15:00
2026-01-09 14:30:00,20.36,14:30:00
2026-01-09 14:45:00,20.4,14:45:00
2026-01-09 15:00:00,20.24,15:00:00
2026-01-09 15:15:00,20.07,15:15:00
2026-01-09 15:30:00,20.3,15:30:00
2026-01-09 15:45:00,20.1,15:45:00
2026-01-09 16:00:00,20.43,16:00:00
2026-01-09 16:15:00,20.21,16:15:00
2026-01-09 16:30:00,20.16,16:30:00
2026-01-09 16:45:00,20.11,16:45:00
2026-01-09 17:00:00,20.36,17:00:00
2026-01-09 17:15:00,20.4,17:15:00
2026-01-09 17:30:00,20.46,17:30:00
2026-01-09 17:45:00,20.3,17:45:00
2026-01-09 18:00:00,19.01,18:00:00
2026-01-09 18:15:00,19.24,18:15:00
2026-01-09 18:30:00,19.55,18:30:00
2026-01-09 18:45:00,19.6,18:45:00
2026-01-09 19:00:00,19.46,19:00:00
2026-01-09 19:15:00,19.3,19:15:00
2026-01-09 19:30:00,19.22,19:30:00
2026-01-09 19:45:00,19.33,19:45:00
2026-01-09 20:00:00,18.32,20:00:00
2026-01-09 20:15:00,18.22,20:15:00
2026-01-09 20:30:00,18.17,20:30:00
2026-01-09 20:45:00,17.99,20:45:00
2026-01-09 21:00:00,17.73,21:00:00
2026-01-09 21:15:00,17.48,21:15:00
2026-01-09 21:30:00,17.46,21:30:00
2026-01-09 21:45:00,17.46,21:45:00
2026-01-09 22:00:00,16.62,22:00:00
2026-01-09 22:15:00,16.58,22:15:00
2026-01-09 22:30:00,16.73,22:30:00
2026-01-09 22:45:00,16.78,22:45:00
2026-01-09 23:00:00,15.24,23:00:00
2026-01-09 23:15:00,15.18,23:15:00
2026-01-09 23:30:00,15.83,23:30:00
2026-01-09 23:45:00,15.83,23:45:00
2026-01-10 00:00:00,16.58,00:00:00
2026-01-10 00:15:00,16.36,00:15:00
2026-01-10 00:30:00,15.88,00:30:00
2026-01-10 00:45:00,16.17,00:45:00
2026-01-10 01:00:00,17.52,01:00:00
2026-01-10 01:15:00,17.62,01:15:00
2026-01-10 01:30:00,17.64,01:30:00
2026-01-10 01:45:00,18.01,01:45:00
2026-01-10 02:00:00,19.19,02:00:00
2026-01-10 02:15:00,20.33,02:15:00
2026-01-10 02:30:00,20.47,02:30:00
2026-01-10 02:45:00,20.26,02:45:00
2026-01-10 03:00:00,20.52,03:00:00
2026-01-10 03:15:00,20.32,03:15:00
2026-01-10 03:30:00,19.41,03:30:00
2026-01-10 03:45:00,19.81,03:45:00
2026-01-10 04:00:00,19.3,04:00:00
2026-01-10 04:15:00,19.45,04:15:00
2026-01-10 04:30:00,19.54,04:30:00
2026-01-10 04:45:00,19.34,04:45:00
2026-01-10 05:00:00,18.4,05:00:00
2026-01-10 05:15:00,18.5,05:15:00
2026-01-10 05:30:00,18.84,05:30:00
2026-01-10 05:45:00,20.37,05:45:00
2026-01-10 06:00:00,22.37,06:00:00
2026-01-10 06:15:00,23.17,06:15:00
2026-01-10 06:30:00,23.8,06:30:00
2026-01-10 06:45:00,22.48,06:45:00
2026-01-10 07:00:00,24.27,07:00:00
2026-01-10 07:15:00,24.33,07:15:00
2026-01-10 07:30:00,24.39,07:30:00
2026-01-10 07:45:00,24.35,07:45:00
2026-01-10 08:00:00,26.24,08:00:00
2026-01-10 08:15:00,26.71,08:15:00
2026-01-10 08:30:00,26.69,08:30:00
2026-01-10 08:45:00,26.69,08:45:00
2026-01-10 09:00:00,26.35,09:00:00
2026-01-10 09:15:00,26.55,09:15:00
2026-01-10 09:30:00,26.85,09:30:00
2026-01-10 09:45:00,27.39,09:45:00
2026-01-10 10:00:00,28.48,10:00:00
2026-01-10 10:15:00,28.67,10:15:00
2026-01-10 10:30:00,28.85,10:30:00
2026-01-10 10:45:00,29.36,10:45:00
2026-01-10 11:00:00,30.52,11:00:00
2026-01-10 11:15:00,30.41,11:15:00
2026-01-10 11:30:00,30.49,11:30:00
2026-01-10 11:45:00,30.53,11:45:00
2026-01-10 12:00:00,30.93,12:00:00
2026-01-10 12:15:00,31.06,12:15:00
2026-01-10 12:30:00,30.57,12:30:00
2026-01-10 12:45:00,30.75,12:45:00
2026-01-10 13:00:00,30.09,13:00:00
2026-01-10 13:15:00,30.66,13:15:00
2026-01-10 13:30:00,29.95,13:30:00
2026-01-10 13:45:00,28.98,13:45:00
2026-01-10 14:00:00,24.38,14:00:00
2026-01-10 14:15:00,23.13,14:15:00
2026-01-10 14:30:00,23.02,14:30:00
2026-01-10 14:45:00,23.05,14:45:00
2026-01-10 15:00:00,22.75,15:00:00
2026-01-10 15:15:00,22.46,15:15:00
2026-01-10 15:30:00,22.47,15:30:00
2026-01-10 15:45:00,22.46,15:45:00
2026-01-10 16:00:00,23.09,16:00:00
2026-01-10 16:15:00,23.07,16:15:00
2026-01-10 16:30:00,22.99,16:30:00
2026-01-10 16:45:00,22.92,16:45:00
2026-01-10 17:00:00,22.46,17:00:00
2026-01-10 17:15:00,22.69,17:15:00
2026-01-10 17:30:00,22.79,17:30:00
2026-01-10 17:45:00,22.66,17:45:00
2026-01-10 18:00:00,21.7,18:00:00
2026-01-10 18:15:00,21.62,18:15:00
2026-01-10 18:30:00,21.7,18:30:00
2026-01-10 18:45:00,22.23,18:45:00
2026-01-10 19:00:00,21.69,19:00:00
2026-01-10 19:15:00,21.57,19:15:00
2026-01-10 19:30:00,21.51,19:30:00
2026-01-10 19:45:00,21.5,19:45:00
2026-01-10 20:00:00,22.29,20:00:00
2026-01-10 20:15:00,22.62,20:15:00
2026-01-10 20:30:00,22.42,20:30:00
2026-01-10 20:45:00,22.11,20:45:00
2026-01-10 21:00:00,21.3,21:00:00
2026-01-10 21:15:00,21.1,21:15:00
2026-01-10 21:30:00,21.09,21:30:00
2026-01-10 21:45:00,21.0,21:45:00
2026-01-10 22:00:00,21.54,22:00:00
2026-01-10 22:15:00,22.7,22:15:00
2026-01-10 22:30:00,23.89,22:30:00
2026-01-10 22:45:00,24.63,22:45:00
2026-01-10 23:00:00,28.47,23:00:00
2026-01-10 23:15:00,28.77,23:15:00
2026-01-10 23:30:00,28.85,23:30:00
2026-01-10 23:45:00,28.82,23:45:00
2026-01-11 00:00:00,29.48,00:00:00
2026-01-11 00:15:00,29.45,00:15:00
2026-01-11 00:30:00,29.49,00:30:00
2026-01-11 00:45:00,29.48,00:45:00
2026-01-11 01:00:00,30.05,01:00:00
2026-01-11 01:15:00,30.12,01:15:00
2026-01-11 01:30:00,30.12,01:30:00
2026-01-11 01:45:00,30.21,01:45:00
2026-01-11 02:00:00,29.88,02:00:00
2026-01-11 02:15:00,29.83,02:15:00
2026-01-11 02:30:00,29.74,02:30:00
2026-01-11 02:45:00,29.71,02:45:00
2026-01-11 03:00:00,31.14,03:00:00
2026-01-11 03:15:00,31.16,03:15:00
2026-01-11 03:30:00,31.29,03:30:00
2026-01-11 03:45:00,31.33,03:45:00
2026-01-11 04:00:00,30.03,04:00:00
2026-01-11 04:15:00,28.68,04:15:00
2026-01-11 04:30:00,27.82,04:30:00
2026-01-11 04:45:00,27.68,04:45:00
2026-01-11 05:00:00,27.93,05:00:00
2026-01-11 05:15:00,26.9,05:15:00
2026-01-11 05:30:00,25.11,05:30:00
2026-01-11 05:45:00,26.15,05:45:00
2026-01-11 06:00:00,29.49,06:00:00
2026-01-11 06:15:00,28.81,06:15:00
2026-01-11 06:30:00,27.37,06:30:00
2026-01-11 06:45:00,25.8,06:45:00
2026-01-11 07:00:00,29.86,07:00:00
2026-01-11 07:15:00,29.48,07:15:00
2026-01-11 07:30:00,27.96,07:30:00
2026-01-11 07:45:00,27.81,07:45:00
2026-01-11 08:00:00,30.45,08:00:00
2026-01-11 08:15:00,29.07,08:15:00
2026-01-11 08:30:00,27.29,08:30:00
2026-01-11 08:45:00,26.55,08:45:00
2026-01-11 09:00:00,27.37,09:00:00
2026-01-11 09:15:00,25.88,09:15:00
2026-01-11 09:30:00,25.17,09:30:00
2026-01-11 09:45:00,24.63,09:45:00
2026-01-11 10:00:00,24.3,10:00:00
2026-01-11 10:15:00,24.0,10:15:00
2026-01-11 10:30:00,24.08,10:30:00
2026-01-11 10:45:00,24.03,10:45:00
2026-01-11 11:00:00,27.17,11:00:00
2026-01-11 11:15:00,27.81,11:15:00
2026-01-11 11:30:00,28.37,11:30:00
2026-01-11 11:45:00,28.17,11:45:00
2026-01-11 12:00:00,27.65,12:00:00
2026-01-11 12:15:00,26.95,12:15:00
2026-01-11 12:30:00,27.19,12:30:00
2026-01-11 12:45:00,27.7,12:45:00
2026-01-11 13:00:00,27.6,13:00:00
2026-01-11 13:15:00,27.47,13:15:00
2026-01-11 13:30:00,27.44,13:30:00
2026-01-11 13:45:00,27.54,13:45:00
2026-01-11 14:00:00,28.31,14:00:00
2026-01-11 14:15:00,29.72,14:15:00
2026-01-11 14:30:00,29.92,14:30:00
2026-01-11 14:45:00,28.36,14:45:00
2026-01-11 15:00:00,29.21,15:00:00
2026-01-11 15:15:00,30.87,15:15:00
2026-01-11 15:30:00,31.64,15:30:00
2026-01-11 15:45:00,31.97,15:45:00
2026-01-11 16:00:00,31.6,16:00:00
2026-01-11 16:15:00,32.46,16:15:00
2026-01-11 16:30:00,33.87,16:30:00
2026-01-11 16:45:00,33.66,16:45:00
2026-01-11 17:00:00,31.01,17:00:00
2026-01-11 17:15:00,30.89,17:15:00
2026-01-11 17:30:00,30.5,17:30:00
2026-01-11 17:45:00,30.24,17:45:00
2026-01-11 18:00:00,28.34,18:00:00
2026-01-11 18:15:00,28.39,18:15:00
2026-01-11 18:30:00,29.02,18:30:00
2026-01-11 18:45:00,28.74,18:45:00
2026-01-11 19:00:00,25.96,19:00:00
2026-01-11 19:15:00,24.92,19:15:00
2026-01-11 19:30:00,25.09,19:30:00
2026-01-11 19:45:00,25.11,19:45:00
2026-01-11 20:00:00,23.9,20:00:00
2026-01-11 20:15:00,22.62,20:15:00
2026-01-11 20:30:00,21.92,20:30:00
2026-01-11 20:45:00,21.1,20:45:00
2026-01-11 21:00:00,20.51,21:00:00
2026-01-11 21:15:00,20.3,21:15:00
2026-01-11 21:30:00,20.32,21:30:00
2026-01-11 21:45:00,20.42,21:45:00
2026-01-11 22:00:00,20.27,22:00:00
2026-01-11 22:15:00,20.28,22:15:00
2026-01-11 22:30:00,20.42,22:30:00
2026-01-11 22:45:00,20.74,22:45:00
2026-01-11 23:00:00,21.18,23:00:00
2026-01-11 23:15:00,21.42,23:15:00
2026-01-11 23:30:00,21.36,23:30:00
2026-01-11 23:45:00,21.26,23:45:00
2026-01-12 00:00:00,21.25,00:00:00
2026-01-12 00:15:00,22.02,00:15:00
2026-01-12 00:30:00,22.08,00:30:00
2026-01-12 00:45:00,22.28,00:45:00
2026-01-12 01:00:00,23.4,01:00:00
2026-01-12 01:15:00,23.3,01:15:00
2026-01-12 01:30:00,23.12,01:30:00
2026-01-12 01:45:00,23.31,01:45:00
2026-01-12 02:00:00,22.51,02:00:00
2026-01-12 02:15:00,22.59,02:15:00
2026-01-12 02:30:00,22.12,02:30:00
2026-01-12 02:45:00,22.91,02:45:00
2026-01-12 03:00:00,24.03,03:00:00
2026-01-12 03:15:00,23.36,03:15:00
2026-01-12 03:30:00,22.29,03:30:00
2026-01-12 03:45:00,22.27,03:45:00
2026-01-12 04:00:00,22.86,04:00:00
2026-01-12 04:15:00,23.97,04:15:00
2026-01-12 04:30:00,22.57,04:30:00
2026-01-12 04:45:00,22.14,04:45:00
2026-01-12 05:00:00,25.25,05:00:00
2026-01-12 05:15:00,26.95,05:15:00
2026-01-12 05:30:00,26.92,05:30:00
2026-01-12 05:45:00,27.17,05:45:00
2026-01-12 06:00:00,28.22,06:00:00
2026-01-12 06:15:00,29.0,06:15:00
2026-01-12 06:30:00,29.33,06:30:00
2026-01-12 06:45:00,29.51,06:45:00
2026-01-12 07:00:00,30.42,07:00:00
2026-01-12 07:15:00,30.85,07:15:00
2026-01-12 07:30:00,30.57,07:30:00
2026-01-12 07:45:00,30.81,07:45:00
2026-01-12 08:00:00,30.79,08:00:00
2026-01-12 08:15:00,30.96,08:15:00
2026-01-12 08:30:00,31.23,08:30:00
2026-01-12 08:45:00,31.32,08:45:00
2026-01-12 09:00:00,31.59,09:00:00
2026-01-12 09:15:00,32.3,09:15:00
2026-01-12 09:30:00,31.77,09:30:00
2026-01-12 09:45:00,31.99,09:45:00
2026-01-12 10:00:00,32.22,10:00:00
2026-01-12 10:15:00,32.67,10:15:00
2026-01-12 10:30:00,32.09,10:30:00
2026-01-12 10:45:00,32.31,10:45:00
2026-01-12 11:00:00,33.01,11:00:00
2026-01-12 11:15:00,34.27,11:15:00
2026-01-12 11:30:00,33.75,11:30:00
2026-01-12 11:45:00,33.83,11:45:00
2026-01-12 12:00:00,33.65,12:00:00
2026-01-12 12:15:00,32.61,12:15:00
2026-01-12 12:30:00,32.52,12:30:00
2026-01-12 12:45:00,31.97,12:45:00
2026-01-12 13:00:00,31.18,13:00:00
2026-01-12 13:15:00,29.55,13:15:00
2026-01-12 13:30:00,29.28,13:30:00
2026-01-12 13:45:00,29.42,13:45:00
2026-01-12 14:00:00,28.81,14:00:00
2026-01-12 14:15:00,28.43,14:15:00
2026-01-12 14:30:00,28.95,14:30:00
2026-01-12 14:45:00,28.94,14:45:00
2026-01-12 15:00:00,28.28,15:00:00
2026-01-12 15:15:00,28.64,15:15:00
2026-01-12 15:30:00,28.06,15:30:00
2026-01-12 15:45:00,27.37,15:45:00
2026-01-12 16:00:00,26.45,16:00:00
2026-01-12 16:15:00,26.04,16:15:00
2026-01-12 16:30:00,25.59,16:30:00
2026-01-12 16:45:00,25.73,16:45:00
2026-01-12 17:00:00,26.12,17:00:00
2026-01-12 17:15:00,25.95,17:15:00
2026-01-12 17:30:00,26.15,17:30:00
2026-01-12 17:45:00,26.31,17:45:00
2026-01-12 18:00:00,26.94,18:00:00
2026-01-12 18:15:00,26.85,18:15:00
2026-01-12 18:30:00,25.6,18:30:00
2026-01-12 18:45:00,25.43,18:45:00
2026-01-12 19:00:00,24.01,19:00:00
2026-01-12 19:15:00,23.66,19:15:00
2026-01-12 19:30:00,23.43,19:30:00
2026-01-12 19:45:00,23.2,19:45:00
2026-01-12 20:00:00,22.84,20:00:00
2026-01-12 20:15:00,22.86,20:15:00
2026-01-12 20:30:00,22.73,20:30:00
2026-01-12 20:45:00,22.45,20:45:00
2026-01-12 21:00:00,22.59,21:00:00
2026-01-12 21:15:00,22.59,21:15:00
2026-01-12 21:30:00,22.74,21:30:00
2026-01-12 21:45:00,22.96,21:45:00
2026-01-12 22:00:00,23.48,22:00:00
2026-01-12 22:15:00,23.67,22:15:00
2026-01-12 22:30:00,23.71,22:30:00
2026-01-12 22:45:00,23.97,22:45:00
2026-01-12 23:00:00,24.97,23:00:00
2026-01-12 23:15:00,25.28,23:15:00
2026-01-12 23:30:00,25.29,23:30:00
2026-01-12 23:45:00,25.61,23:45:00
2026-01-13 00:00:00,25.9,00:00:00
2026-01-13 00:15:00,25.75,00:15:00
2026-01-13 00:30:00,25.84,00:30:00
2026-01-13 00:45:00,26.02,00:45:00
2026-01-13 01:00:00,27.79,01:00:00
2026-01-13 01:15:00,29.41,01:15:00
2026-01-13 01:30:00,29.14,01:30:00
2026-01-13 01:45:00,29.39,01:45:00
2026-01-13 02:00:00,29.6,02:00:00
2026-01-13 02:15:00,29.74,02:15:00
2026-01-13 02:30:00,29.39,02:30:00
2026-01-13 02:45:00,28.56,02:45:00
2026-01-13 03:00:00,25.98,03:00:00
2026-01-13 03:15:00,25.5,03:15:00
2026-01-13 03:30:00,24.68,03:30:00
2026-01-13 03:45:00,24.48,03:45:00
2026-01-13 04:00:00,24.61,04:00:00
2026-01-13 04:15:00,24.57,04:15:00
2026-01-13 04:30:00,24.66,04:30:00
2026-01-13 04:45:00,24.6,04:45:00
2026-01-13 05:00:00,24.15,05:00:00
2026-01-13 05:15:00,23.91,05:15:00
2026-01-13 05:30:00,23.8,05:30:00
2026-01-13 05:45:00,23.83,05:45:00
2026-01-13 06:00:00,23.86,06:00:00
2026-01-13 06:15:00,23.83,06:15:00
2026-01-13 06:30:00,23.97,06:30:00
2026-01-13 06:45:00,23.9,06:45:00
2026-01-13 07:00:00,24.67,07:00:00
2026-01-13 07:15:00,24.74,07:15:00
2026-01-13 07:30:00,24.9,07:30:00
2026-01-13 07:45:00,24.91,07:45:00
2026-01-13 08:00:00,24.71,08:00:00
2026-01-13 08:15:00,24.67,08:15:00
2026-01-13 08:30:00,24.63,08:30:00
2026-01-13 08:45:00,24.55,08:45:00
2026-01-13 09:00:00,25.01,09:00:00
2026-01-13 09:15:00,25.01,09:15:00
2026-01-13 09:30:00,24.83,09:30:00
2026-01-13 09:45:00,24.79,09:45:00
2026-01-13 10:00:00,24.58,10:00:00
2026-01-13 10:15:00,24.64,10:15:00
2026-01-13 10:30:00,24.66,10:30:00
2026-01-13 10:45:00,24.63,10:45:00
2026-01-13 11:00:00,24.65,11:00:00
2026-01-13 11:15:00,24.8,11:15:00
2026-01-13 11:30:00,24.69,11:30:00
2026-01-13 11:45:00,24.58,11:45:00
2026-01-13 12:00:00,24.43,12:00:00
2026-01-13 12:15:00,24.47,12:15:00
2026-01-13 12:30:00,24.54,12:30:00
2026-01-13 12:45:00,24.61,12:45:00
2026-01-13 13:00:00,24.7,13:00:00
2026-01-13 13:15:00,24.5,13:15:00
2026-01-13 13:30:00,24.51,13:30:00
2026-01-13 13:45:00,24.46,13:45:00
2026-01-13 14:00:00,24.52,14:00:00
2026-01-13 14:15:00,24.5,14:15:00
2026-01-13 14:30:00,24.47,14:30:00
2026-01-13 14:45:00,24.51,14:45:00
2026-01-13 15:00:00,24.4,15:00:00
2026-01-13 15:15:00,24.55,15:15:00
2026-01-13 15:30:00,24.56,15:30:00
2026-01-13 15:45:00,24.44,15:45:00
2026-01-13 16:00:00,22.11,16:00:00
2026-01-13 16:15:00,22.14,16:15:00
2026-01-13 16:30:00,22.22,16:30:00
2026-01-13 16:45:00,22.18,16:45:00
2026-01-13 17:00:00,21.96,17:00:00
2026-01-13 17:15:00,21.96,17:15:00
2026-01-13 17:30:00,21.86,17:30:00
2026-01-13 17:45:00,22.04,17:45:00
2026-01-13 18:00:00,22.03,18:00:00
2026-01-13 18:15:00,22.12,18:15:00
2026-01-13 18:30:00,21.99,18:30:00
2026-01-13 18:45:00,22.06,18:45:00
2026-01-13 19:00:00,21.74,19:00:00
2026-01-13 19:15:00,21.6,19:15:00
2026-01-13 19:30:00,21.49,19:30:00
2026-01-13 19:45:00,21.43,19:45:00
2026-01-13 20:00:00,21.13,20:00:00
2026-01-13 20:15:00,21.18,20:15:00
2026-01-13 20:30:00,21.06,20:30:00
2026-01-13 20:45:00,20.98,20:45:00
2026-01-13 21:00:00,20.7,21:00:00
2026-01-13 21:15:00,20.67,21:15:00
2026-01-13 21:30:00,20.6,21:30:00
2026-01-13 21:45:00,20.69,21:45:00
2026-01-13 22:00:00,20.98,22:00:00
2026-01-13 22:15:00,21.05,22:15:00
2026-01-13 22:30:00,21.06,22:30:00
2026-01-13 22:45:00,21.08,22:45:00
2026-01-13 23:00:00,19.39,23:00:00
2026-01-13 23:15:00,19.4,23:15:00
2026-01-13 23:30:00,19.25,23:30:00
2026-01-13 23:45:00,19.08,23:45:00
2026-01-14 00:00:00,19.94,00:00:00
2026-01-14 00:15:00,19.81,00:15:00
2026-01-14 00:30:00,19.79,00:30:00
2026-01-14 00:45:00,19.84,00:45:00
2026-01-14 01:00:00,19.55,01:00:00
2026-01-14 01:15:00,19.6,01:15:00
2026-01-14 01:30:00,19.52,01:30:00
2026-01-14 01:45:00,19.32,01:45:00
2026-01-14 02:00:00,19.66,02:00:00
2026-01-14 02:15:00,19.64,02:15:00
2026-01-14 02:30:00,19.56,02:30:00
2026-01-14 02:45:00,19.57,02:45:00
2026-01-14 03:00:00,18.96,03:00:00
2026-01-14 03:15:00,18.96,03:15:00
2026-01-14 03:30:00,18.92,03:30:00
2026-01-14 03:45:00,18.93,03:45:00
2026-01-14 04:00:00,19.8,04:00:00
2026-01-14 04:15:00,19.78,04:15:00
2026-01-14 04:30:00,19.8,04:30:00
2026-01-14 04:45:00,19.97,04:45:00
2026-01-14 05:00:00,20.71,05:00:00
2026-01-14 05:15:00,20.6,05:15:00
2026-01-14 05:30:00,20.92,05:30:00
2026-01-14 05:45:00,21.23,05:45:00
2026-01-14 06:00:00,22.17,06:00:00
2026-01-14 06:15:00,22.17,06:15:00
2026-01-14 06:30:00,22.2,06:30:00
2026-01-14 06:45:00,22.04,06:45:00
2026-01-14 07:00:00,22.8,07:00:00
2026-01-14 07:15:00,22.82,07:15:00
2026-01-14 07:30:00,22.82,07:30:00
2026-01-14 07:45:00,22.97,07:45:00
2026-01-14 08:00:00,23.55,08:00:00
2026-01-14 08:15:00,23.59,08:15:00
2026-01-14 08:30:00,23.44,08:30:00
2026-01-14 08:45:00,23.39,08:45:00
2026-01-14 09:00:00,23.78,09:00:00
2026-01-14 09:15:00,23.97,09:15:00
2026-01-14 09:30:00,24.17,09:30:00
2026-01-14 09:45:00,24.25,09:45:00
2026-01-14 10:00:00,24.85,10:00:00
2026-01-14 10:15:00,24.73,10:15:00
2026-01-14 10:30:00,24.76,10:30:00
2026-01-14 10:45:00,24.78,10:45:00
2026-01-14 11:00:00,24.08,11:00:00
2026-01-14 11:15:00,24.23,11:15:00
2026-01-14 11:30:00,24.36,11:30:00
2026-01-14 11:45:00,24.41,11:45:00
2026-01-14 12:00:00,25.05,12:00:00
2026-01-14 12:15:00,24.92,12:15:00
2026-01-14 12:30:00,24.98,12:30:00
2026-01-14 12:45:00,25.06,12:45:00
2026-01-14 13:00:00,25.52,13:00:00
2026-01-14 13:15:00,25.67,13:15:00
2026-01-14 13:30:00,25.78,13:30:00
2026-01-14 13:45:00,25.87,13:45:00
2026-01-14 14:00:00,25.5,14:00:00
2026-01-14 14:15:00,25.41,14:15:00
2026-01-14 14:30:00,25.19,14:30:00
2026-01-14 14:45:00,25.19,14:45:00
2026-01-14 15:00:00,25.25,15:00:00
2026-01-14 15:15:00,25.23,15:15:00
2026-01-14 15:30:00,25.28,15:30:00
2026-01-14 15:45:00,25.08,15:45:00
2026-01-14 16:00:00,24.95,16:00:00
2026-01-14 16:15:00,24.8,16:15:00
2026-01-14 16:30:00,24.79,16:30:00
2026-01-14 16:45:00,24.83,16:45:00
2026-01-14 17:00:00,23.98,17:00:00
2026-01-14 17:15:00,24.15,17:15:00
2026-01-14 17:30:00,24.13,17:30:00
2026-01-14 17:45:00,24.19,17:45:00
2026-01-14 18:00:00,23.98,18:00:00
2026-01-14 18:15:00,23.98,18:15:00
2026-01-14 18:30:00,24.06,18:30:00
2026-01-14 18:45:00,24.06,18:45:00
2026-01-14 19:00:00,24.47,19:00:00
2026-01-14 19:15:00,24.41,19:15:00
2026-01-14 19:30:00,24.4,19:30:00
2026-01-14 19:45:00,24.63,19:45:00
2026-01-14 20:00:00,24.66,20:00:00
2026-01-14 20:15:00,24.87,20:15:00
2026-01-14 20:30:00,25.03,20:30:00
2026-01-14 20:45:00,25.62,20:45:00
2026-01-14 21:00:00,27.02,21:00:00
2026-01-14 21:15:00,27.44,21:15:00
2026-01-14 21:30:00,27.95,21:30:00
2026-01-14 21:45:00,27.68,21:45:00
2026-01-14 22:00:00,25.62,22:00:00
2026-01-14 22:15:00,25.86,22:15:00
2026-01-14 22:30:00,25.83,22:30:00
2026-01-14 22:45:00,25.88,22:45:00
2026-01-14 23:00:00,28.13,23:00:00
2026-01-14 23:15:00,30.73,23:15:00
2026-01-14 23:30:00,30.99,23:30:00
2026-01-14 23:45:00,31.12,23:45:00
2026-01-15 00:00:00,31.52,00:00:00
2026-01-15 00:15:00,31.45,00:15:00
2026-01-15 00:30:00,31.43,00:30:00
2026-01-15 00:45:00,31.21,00:45:00
2026-01-15 01:00:00,30.77,01:00:00
2026-01-15 01:15:00,30.63,01:15:00
2026-01-15 01:30:00,30.63,01:30:00
2026-01-15 01:45:00,30.5,01:45:00
2026-01-15 02:00:00,30.43,02:00:00
2026-01-15 02:15:00,30.7,02:15:00
2026-01-15 02:30:00,30.61,02:30:00
2026-01-15 02:45:00,30.83,02:45:00
2026-01-15 03:00:00,31.37,03:00:00
2026-01-15 03:15:00,31.76,03:15:00
2026-01-15 03:30:00,31.91,03:30:00
2026-01-15 03:45:00,31.91,03:45:00
2026-01-15 04:00:00,31.88,04:00:00
2026-01-15 04:15:00,31.57,04:15:00
2026-01-15 04:30:00,31.35,04:30:00
2026-01-15 04:45:00,30.3,04:45:00
2026-01-15 05:00:00,29.72,05:00:00
2026-01-15 05:15:00,30.02,05:15:00
2026-01-15 05:30:00,28.75,05:30:00
2026-01-15 05:45:00,29.75,05:45:00
2026-01-15 06:00:00,30.13,06:00:00
2026-01-15 06:15:00,30.01,06:15:00
2026-01-15 06:30:00,27.27,06:30:00
2026-01-15 06:45:00,25.67,06:45:00
2026-01-15 07:00:00,29.39,07:00:00
2026-01-15 07:15:00,30.62,07:15:00
2026-01-15 07:30:00,29.88,07:30:00
2026-01-15 07:45:00,29.2,07:45:00
2026-01-15 08:00:00,27.29,08:00:00
2026-01-15 08:15:00,26.42,08:15:00
2026-01-15 08:30:00,26.59,08:30:00
2026-01-15 08:45:00,27.11,08:45:00
2026-01-15 09:00:00,26.48,09:00:00
2026-01-15 09:15:00,26.39,09:15:00
2026-01-15 09:30:00,27.65,09:30:00
2026-01-15 09:45:00,28.21,09:45:00
2026-01-15 10:00:00,27.44,10:00:00
2026-01-15 10:15:00,27.1,10:15:00
2026-01-15 10:30:00,27.76,10:30:00
2026-01-15 10:45:00,27.7,10:45:00
2026-01-15 11:00:00,27.01,11:00:00
2026-01-15 11:15:00,26.45,11:15:00
2026-01-15 11:30:00,26.8,11:30:00
2026-01-15 11:45:00,26.74,11:45:00
2026-01-15 12:00:00,26.17,12:00:00
2026-01-15 12:15:00,25.86,12:15:00
2026-01-15 12:30:00,25.72,12:30:00
2026-01-15 12:45:00,25.65,12:45:00
2026-01-15 13:00:00,26.19,13:00:00
2026-01-15 13:15:00,26.48,13:15:00
2026-01-15 13:30:00,26.26,13:30:00
2026-01-15 13:45:00,26.05,13:45:00
2026-01-15 14:00:00,25.71,14:00:00
2026-01-15 14:15:00,25.93,14:15:00
2026-01-15 14:30:00,25.76,14:30:00
2026-01-15 14:45:00,25.75,14:45:00
2026-01-15 15:00:00,24.12,15:00:00
2026-01-15 15:15:00,24.11,15:15:00
2026-01-15 15:30:00,24.02,15:30:00
2026-01-15 15:45:00,24.12,15:45:00
2026-01-15 16:00:00,24.1,16:00:00
2026-01-15 16:15:00,24.08,16:15:00
2026-01-15 16:30:00,23.95,16:30:00
2026-01-15 16:45:00,24.06,16:45:00
2026-01-15 17:00:00,23.59,17:00:00
2026-01-15 17:15:00,23.51,17:15:00
2026-01-15 17:30:00,23.25,17:30:00
2026-01-15 17:45:00,23.3,17:45:00
2026-01-15 18:00:00,23.04,18:00:00
2026-01-15 18:15:00,22.87,18:15:00
2026-01-15 18:30:00,22.89,18:30:00
2026-01-15 18:45:00,22.9,18:45:00
2026-01-15 19:00:00,22.92,19:00:00
2026-01-15 19:15:00,23.22,19:15:00
2026-01-15 19:30:00,23.26,19:30:00
2026-01-15 19:45:00,23.33,19:45:00
2026-01-15 20:00:00,23.33,20:00:00
2026-01-15 20:15:00,23.33,20:15:00
2026-01-15 20:30:00,23.55,20:30:00
2026-01-15 20:45:00,23.66,20:45:00
2026-01-15 21:00:00,23.61,21:00:00
2026-01-15 21:15:00,23.81,21:15:00
2026-01-15 21:30:00,23.69,21:30:00
2026-01-15 21:45:00,23.44,21:45:00
2026-01-15 22:00:00,23.66,22:00:00
2026-01-15 22:15:00,23.5,22:15:00
2026-01-15 22:30:00,23.42,22:30:00
2026-01-15 22:45:00,23.73,22:45:00
2026-01-15 23:00:00,24.84,23:00:00
2026-01-15 23:15:00,24.81,23:15:00
2026-01-15 23:30:00,24.55,23:30:00
2026-01-15 23:45:00,24.47,23:45:00
2026-01-16 00:00:00,24.68,00:00:00
2026-01-16 00:15:00,24.75,00:15:00
2026-01-16 00:30:00,24.7,00:30:00
2026-01-16 00:45:00,24.56,00:45:00
2026-01-16 01:00:00,24.37,01:00:00
2026-01-16 01:15:00,24.27,01:15:00
2026-01-16 01:30:00,24.17,01:30:00
2026-01-16 01:45:00,24.22,01:45:00
2026-01-16 02:00:00,24.5,02:00:00
2026-01-16 02:15:00,24.43,02:15:00
2026-01-16 02:30:00,24.42,02:30:00
2026-01-16 02:45:00,24.45,02:45:00
2026-01-16 03:00:00,24.42,03:00:00
2026-01-16 03:15:00,24.28,03:15:00
2026-01-16 03:30:00,24.42,03:30:00
2026-01-16 03:45:00,24.49,03:45:00
2026-01-16 04:00:00,24.35,04:00:00
2026-01-16 04:15:00,24.23,04:15:00
2026-01-16 04:30:00,24.07,04:30:00
2026-01-16 04:45:00,24.12,04:45:00
2026-01-16 05:00:00,24.32,05:00:00
2026-01-16 05:15:00,24.38,05:15:00
2026-01-16 05:30:00,24.73,05:30:00
2026-01-16 05:45:00,24.44,05:45:00
2026-01-16 06:00:00,23.88,06:00:00
2026-01-16 06:15:00,23.92,06:15:00
2026-01-16 06:30:00,24.18,06:30:00
2026-01-16 06:45:00,24.56,06:45:00
2026-01-16 07:00:00,25.11,07:00:00
2026-01-16 07:15:00,24.97,07:15:00
2026-01-16 07:30:00,25.02,07:30:00
2026-01-16 07:45:00,25.04,07:45:00
2026-01-16 08:00:00,25.24,08:00:00
2026-01-16 08:15:00,25.12,08:15:00
2026-01-16 08:30:00,24.86,08:30:00
2026-01-16 08:45:00,25.16,08:45:00
2026-01-16 09:00:00,24.64,09:00:00
2026-01-16 09:15:00,24.78,09:15:00
2026-01-16 09:30:00,24.96,09:30:00
2026-01-16 09:45:00,24.85,09:45:00
2026-01-16 10:00:00,24.64,10:00:00
2026-01-16 10:15:00,24.85,10:15:00
2026-01-16 10:30:00,25.14,10:30:00
2026-01-16 10:45:00,25.47,10:45:00
2026-01-16 11:00:00,26.56,11:00:00
2026-01-16 11:15:00,26.35,11:15:00
2026-01-16 11:30:00,26.32,11:30:00
2026-01-16 11:45:00,26.68,11:45:00
2026-01-16 12:00:00,27.0,12:00:00
2026-01-16 12:15:00,26.8,12:15:00
2026-01-16 12:30:00,26.56,12:30:00
2026-01-16 12:45:00,26.66,12:45:00
2026-01-16 13:00:00,26.65,13:00:00
2026-01-16 13:15:00,26.44,13:15:00
2026-01-16 13:30:00,26.19,13:30:00
2026-01-16 13:45:00,26.2,13:45:00
2026-01-16 14:00:00,23.53,14:00:00
2026-01-16 14:15:00,23.15,14:15:00
2026-01-16 14:30:00,22.03,14:30:00
2026-01-16 14:45:00,21.41,14:45:00
2026-01-16 15:00:00,20.34,15:00:00
2026-01-16 15:15:00,20.12,15:15:00
2026-01-16 15:30:00,20.1,15:30:00
2026-01-16 15:45:00,20.11,15:45:00
2026-01-16 16:00:00,20.24,16:00:00
2026-01-16 16:15:00,20.65,16:15:00
2026-01-16 16:30:00,20.57,16:30:00
2026-01-16 16:45:00,20.4,16:45:00
2026-01-16 17:00:00,20.16,17:00:00
2026-01-16 17:15:00,20.11,17:15:00
2026-01-16 17:30:00,20.11,17:30:00
2026-01-16 17:45:00,20.22,17:45:00
2026-01-16 18:00:00,20.76,18:00:00
2026-01-16 18:15:00,21.26,18:15:00
2026-01-16 18:30:00,21.83,18:30:00
2026-01-16 18:45:00,21.62,18:45:00
2026-01-16 19:00:00,21.35,19:00:00
2026-01-16 19:15:00,21.73,19:15:00
2026-01-16 19:30:00,22.08,19:30:00
2026-01-16 19:45:00,22.06,19:45:00
2026-01-16 20:00:00,22.49,20:00:00
2026-01-16 20:15:00,22.44,20:15:00
2026-01-16 20:30:00,22.51,20:30:00
2026-01-16 20:45:00,22.67,20:45:00
2026-01-16 21:00:00,22.6,21:00:00
2026-01-16 21:15:00,22.84,21:15:00
2026-01-16 21:30:00,23.2,21:30:00
2026-01-16 21:45:00,23.63,21:45:00
2026-01-16 22:00:00,23.61,22:00:00
2026-01-16 22:15:00,23.99,22:15:00
2026-01-16 22:30:00,24.3,22:30:00
2026-01-16 22:45:00,24.24,22:45:00
2026-01-16 23:00:00,20.9,23:00:00
2026-01-16 23:15:00,20.37,23:15:00
2026-01-16 23:30:00,20.13,23:30:00
2026-01-16 23:45:00,20.04,23:45:00
2026-01-17 00:00:00,19.22,00:00:00
2026-01-17 00:15:00,19.64,00:15:00
2026-01-17 00:30:00,19.52,00:30:00
2026-01-17 00:45:00,19.62,00:45:00
2026-01-17 01:00:00,19.37,01:00:00
2026-01-17 01:15:00,19.44,01:15:00
2026-01-17 01:30:00,19.37,01:30:00
2026-01-17 01:45:00,19.44,01:45:00
2026-01-17 02:00:00,20.25,02:00:00
2026-01-17 02:15:00,20.45,02:15:00
2026-01-17 02:30:00,20.49,02:30:00
2026-01-17 02:45:00,20.42,02:45:00
2026-01-17 03:00:00,20.81,03:00:00
2026-01-17 03:15:00,21.01,03:15:00
2026-01-17 03:30:00,20.92,03:30:00
2026-01-17 03:45:00,20.94,03:45:00
2026-01-17 04:00:00,21.17,04:00:00
2026-01-17 04:15:00,21.39,04:15:00
2026-01-17 04:30:00,21.41,04:30:00
2026-01-17 04:45:00,21.48,04:45:00
2026-01-17 05:00:00,21.38,05:00:00
2026-01-17 05:15:00,21.32,05:15:00
2026-01-17 05:30:00,21.56,05:30:00
2026-01-17 05:45:00,21.36,05:45:00
2026-01-17 06:00:00,21.68,06:00:00
2026-01-17 06:15:00,21.75,06:15:00
2026-01-17 06:30:00,21.22,06:30:00
2026-01-17 06:45:00,21.53,06:45:00
2026-01-17 07:00:00,21.17,07:00:00
2026-01-17 07:15:00,21.18,07:15:00
2026-01-17 07:30:00,21.43,07:30:00
2026-01-17 07:45:00,21.37,07:45:00
2026-01-17 08:00:00,21.34,08:00:00
2026-01-17 08:15:00,21.53,08:15:00
2026-01-17 08:30:00,21.55,08:30:00
2026-01-17 08:45:00,21.61,08:45:00
2026-01-17 09:00:00,22.9,09:00:00
2026-01-17 09:15:00,22.94,09:15:00
2026-01-17 09:30:00,23.05,09:30:00
2026-01-17 09:45:00,22.83,09:45:00
2026-01-17 10:00:00,22.43,10:00:00
2026-01-17 10:15:00,22.34,10:15:00
2026-01-17 10:30:00,22.32,10:30:00
2026-01-17 10:45:00,22.15,10:45:00
2026-01-17 11:00:00,22.28,11:00:00
2026-01-17 11:15:00,22.22,11:15:00
2026-01-17 11:30:00,22.17,11:30:00
2026-01-17 11:45:00,22.27,11:45:00
2026-01-17 12:00:00,22.4,12:00:00
2026-01-17 12:15:00,22.39,12:15:00
2026-01-17 12:30:00,22.26,12:30:00
2026-01-17 12:45:00,22.31,12:45:00
2026-01-17 13:00:00,22.8,13:00:00
2026-01-17 13:15:00,22.85,13:15:00
2026-01-17 13:30:00,22.76,13:30:00
2026-01-17 13:45:00,22.88,13:45:00
2026-01-17 14:00:00,22.68,14:00:00
2026-01-17 14:15:00,22.83,14:15:00
2026-01-17 14:30:00,22.73,14:30:00
2026-01-17 14:45:00,22.6,14:45:00
2026-01-17 15:00:00,22.47,15:00:00
2026-01-17 15:15:00,22.44,15:15:00
2026-01-17 15:30:00,22.41,15:30:00
2026-01-17 15:45:00,22.38,15:45:00
2026-01-17 16:00:00,22.19,16:00:00
2026-01-17 16:15:00,22.26,16:15:00
2026-01-17 16:30:00,22.19,16:30:00
2026-01-17 16:45:00,22.35,16:45:00
2026-01-17 17:00:00,22.35,17:00:00
2026-01-17 17:15:00,22.4,17:15:00
2026-01-17 17:30:00,22.4,17:30:00
2026-01-17 17:45:00,22.45,17:45:00
2026-01-17 18:00:00,22.28,18:00:00
2026-01-17 18:15:00,22.26,18:15:00
2026-01-17 18:30:00,22.35,18:30:00
2026-01-17 18:45:00,22.35,18:45:00
2026-01-17 19:00:00,21.8,19:00:00
2026-01-17 19:15:00,22.23,19:15:00
2026-01-17 19:30:00,22.28,19:30:00
2026-01-17 19:45:00,22.55,19:45:00
2026-01-17 20:00:00,22.23,20:00:00
2026-01-17 20:15:00,22.54,20:15:00
2026-01-17 20:30:00,23.48,20:30:00
2026-01-17 20:45:00,23.32,20:45:00
2026-01-17 21:00:00,22.88,21:00:00
2026-01-17 21:15:00,23.12,21:15:00
2026-01-17 21:30:00,22.8,21:30:00
2026-01-17 21:45:00,22.48,21:45:00
2026-01-17 22:00:00,23.0,22:00:00
2026-01-17 22:15:00,23.15,22:15:00
2026-01-17 22:30:00,23.33,22:30:00
2026-01-17 22:45:00,23.37,22:45:00
2026-01-17 23:00:00,25.05,23:00:00
2026-01-17 23:15:00,25.29,23:15:00
2026-01-17 23:30:00,25.56,23:30:00
2026-01-17 23:45:00,25.82,23:45:00
2026-01-18 00:00:00,26.58,00:00:00
2026-01-18 00:15:00,26.55,00:15:00
2026-01-18 00:30:00,26.7,00:30:00
2026-01-18 00:45:00,27.11,00:45:00
2026-01-18 01:00:00,26.71,01:00:00
2026-01-18 01:15:00,26.55,01:15:00
2026-01-18 01:30:00,27.19,01:30:00
2026-01-18 01:45:00,27.02,01:45:00
2026-01-18 02:00:00,24.27,02:00:00
2026-01-18 02:15:00,24.37,02:15:00
2026-01-18 02:30:00,24.19,02:30:00
2026-01-18 02:45:00,24.17,02:45:00
2026-01-18 03:00:00,27.05,03:00:00
2026-01-18 03:15:00,27.48,03:15:00
2026-01-18 03:30:00,27.19,03:30:00
2026-01-18 03:45:00,26.79,03:45:00
2026-01-18 04:00:00,26.66,04:00:00
2026-01-18 04:15:00,26.19,04:15:00
2026-01-18 04:30:00,26.06,04:30:00
2026-01-18 04:45:00,26.41,04:45:00
2026-01-18 05:00:00,28.48,05:00:00
2026-01-18 05:15:00,28.72,05:15:00
2026-01-18 05:30:00,28.68,05:30:00
2026-01-18 05:45:00,28.07,05:45:00
2026-01-18 06:00:00,26.03,06:00:00
2026-01-18 06:15:00,25.09,06:15:00
2026-01-18 06:30:00,24.67,06:30:00
2026-01-18 06:45:00,24.19,06:45:00
2026-01-18 07:00:00,24.81,07:00:00
2026-01-18 07:15:00,24.55,07:15:00
2026-01-18 07:30:00,24.37,07:30:00
2026-01-18 07:45:00,24.2,07:45:00
2026-01-18 08:00:00,24.47,08:00:00
2026-01-18 08:15:00,24.38,08:15:00
2026-01-18 08:30:00,24.29,08:30:00
2026-01-18 08:45:00,24.2,08:45:00
2026-01-18 09:00:00,23.54,09:00:00
2026-01-18 09:15:00,23.38,09:15:00
2026-01-18 09:30:00,23.38,09:30:00
2026-01-18 09:45:00,23.5,09:45:00
2026-01-18 10:00:00,23.39,10:00:00
2026-01-18 10:15:00,23.37,10:15:00
2026-01-18 10:30:00,23.35,10:30:00
2026-01-18 10:45:00,23.44,10:45:00
2026-01-18 11:00:00,23.1,11:00:00
2026-01-18 11:15:00,23.1,11:15:00
2026-01-18 11:30:00,23.04,11:30:00
2026-01-18 11:45:00,23.04,11:45:00
2026-01-18 12:00:00,23.21,12:00:00
2026-01-18 12:15:00,22.98,12:15:00
2026-01-18 12:30:00,23.22,12:30:00
2026-01-18 12:45:00,23.36,12:45:00
2026-01-18 13:00:00,23.44,13:00:00
2026-01-18 13:15:00,22.96,13:15:00
2026-01-18 13:30:00,23.45,13:30:00
2026-01-18 13:45:00,23.48,13:45:00
2026-01-18 14:00:00,23.32,14:00:00
2026-01-18 14:15:00,23.0,14:15:00
2026-01-18 14:30:00,23.11,14:30:00
2026-01-18 14:45:00,23.19,14:45:00
2026-01-18 15:00:00,23.36,15:00:00
2026-01-18 15:15:00,23.96,15:15:00
2026-01-18 15:30:00,23.88,15:30:00
2026-01-18 15:45:00,23.73,15:45:00
2026-01-18 16:00:00,24.12,16:00:00
2026-01-18 16:15:00,24.21,16:15:00
2026-01-18 16:30:00,24.2,16:30:00
2026-01-18 16:45:00,24.11,16:45:00
2026-01-18 17:00:00,24.18,17:00:00
2026-01-18 17:15:00,24.34,17:15:00
2026-01-18 17:30:00,24.42,17:30:00
2026-01-18 17:45:00,24.54,17:45:00
2026-01-18 18:00:00,24.61,18:00:00
2026-01-18 18:15:00,24.54,18:15:00
2026-01-18 18:30:00,24.48,18:30:00
2026-01-18 18:45:00,24.65,18:45:00
2026-01-18 19:00:00,24.64,19:00:00
2026-01-18 19:15:00,24.5,19:15:00
2026-01-18 19:30:00,24.37,19:30:00
2026-01-18 19:45:00,24.53,19:45:00
2026-01-18 20:00:00,25.17,20:00:00
2026-01-18 20:15:00,25.29,20:15:00
2026-01-18 20:30:00,25.44,20:30:00
2026-01-18 20:45:00,25.84,20:45:00
2026-01-18 21:00:00,25.92,21:00:00
2026-01-18 21:15:00,25.9,21:15:00
2026-01-18 21:30:00,26.31,21:30:00
2026-01-18 21:45:00,26.62,21:45:00
2026-01-18 22:00:00,26.98,22:00:00
2026-01-18 22:15:00,26.93,22:15:00
2026-01-18 22:30:00,27.01,22:30:00
2026-01-18 22:45:00,26.81,22:45:00
2026-01-18 23:00:00,25.49,23:00:00
2026-01-18 23:15:00,25.62,23:15:00
2026-01-18 23:30:00,25.69,23:30:00
2026-01-18 23:45:00,25.59,23:45:00
2026-01-19 00:00:00,25.87,00:00:00
2026-01-19 00:15:00,26.05,00:15:00
2026-01-19 00:30:00,26.04,00:30:00
2026-01-19 00:45:00,25.97,00:45:00
2026-01-19 01:00:00,26.19,01:00:00
2026-01-19 01:15:00,26.49,01:15:00
2026-01-19 01:30:00,26.41,01:30:00
2026-01-19 01:45:00,26.08,01:45:00
2026-01-19 02:00:00,26.34,02:00:00
2026-01-19 02:15:00,26.3,02:15:00
2026-01-19 02:30:00,26.27,02:30:00
2026-01-19 02:45:00,26.12,02:45:00
2026-01-19 03:00:00,25.83,03:00:00
2026-01-19 03:15:00,25.79,03:15:00
2026-01-19 03:30:00,25.95,03:30:00
2026-01-19 03:45:00,25.87,03:45:00
2026-01-19 04:00:00,25.63,04:00:00
2026-01-19 04:15:00,25.25,04:15:00
2026-01-19 04:30:00,25.05,04:30:00
2026-01-19 04:45:00,24.22,04:45:00
2026-01-19 05:00:00,24.31,05:00:00
2026-01-19 05:15:00,24.19,05:15:00
2026-01-19 05:30:00,24.72,05:30:00
2026-01-19 05:45:00,24.49,05:45:00
2026-01-19 06:00:00,23.98,06:00:00
2026-01-19 06:15:00,23.89,06:15:00
2026-01-19 06:30:00,23.7,06:30:00
2026-01-19 06:45:00,23.66,06:45:00
2026-01-19 07:00:00,23.73,07:00:00
2026-01-19 07:15:00,23.7,07:15:00
2026-01-19 07:30:00,23.62,07:30:00
2026-01-19 07:45:00,23.95,07:45:00
2026-01-19 08:00:00,24.59,08:00:00
2026-01-19 08:15:00,25.83,08:15:00
2026-01-19 08:30:00,26.78,08:30:00
2026-01-19 08:45:00,26.7,08:45:00
2026-01-19 09:00:00,26.04,09:00:00
2026-01-19 09:15:00,26.16,09:15:00
2026-01-19 09:30:00,27.6,09:30:00
2026-01-19 09:45:00,29.33,09:45:00
2026-01-19 10:00:00,29.41,10:00:00
2026-01-19 10:15:00,28.97,10:15:00
2026-01-19 10:30:00,28.66,10:30:00
2026-01-19 10:45:00,28.66,10:45:00
2026-01-19 11:00:00,28.8,11:00:00
2026-01-19 11:15:00,28.34,11:15:00
2026-01-19 11:30:00,28.12,11:30:00
2026-01-19 11:45:00,27.08,11:45:00
2026-01-19 12:00:00,27.84,12:00:00
2026-01-19 12:15:00,28.76,12:15:00
2026-01-19 12:30:00,28.38,12:30:00
2026-01-19 12:45:00,28.89,12:45:00
2026-01-19 13:00:00,25.98,13:00:00
2026-01-19 13:15:00,26.1,13:15:00
2026-01-19 13:30:00,26.55,13:30:00
2026-01-19 13:45:00,27.18,13:45:00
2026-01-19 14:00:00,28.99,14:00:00
2026-01-19 14:15:00,29.21,14:15:00
2026-01-19 14:30:00,29.15,14:30:00
2026-01-19 14:45:00,29.37,14:45:00
2026-01-19 15:00:00,29.99,15:00:00
2026-01-19 15:15:00,29.19,15:15:00
2026-01-19 15:30:00,30.36,15:30:00
2026-01-19 15:45:00,31.17,15:45:00
2026-01-19 16:00:00,33.26,16:00:00
2026-01-19 16:15:00,33.56,16:15:00
2026-01-19 16:30:00,33.52,16:30:00
2026-01-19 16:45:00,33.16,16:45:00
2026-01-19 17:00:00,30.63,17:00:00
2026-01-19 17:15:00,29.92,17:15:00
2026-01-19 17:30:00,28.3,17:30:00
2026-01-19 17:45:00,27.62,17:45:00
2026-01-19 18:00:00,29.14,18:00:00
2026-01-19 18:15:00,29.45,18:15:00
2026-01-19 18:30:00,27.84,18:30:00
2026-01-19 18:45:00,28.02,18:45:00
2026-01-19 19:00:00,25.57,19:00:00
2026-01-19 19:15:00,25.54,19:15:00
2026-01-19 19:30:00,25.56,19:30:00
2026-01-19 19:45:00,25.86,19:45:00
2026-01-19 20:00:00,26.47,20:00:00
2026-01-19 20:15:00,26.39,20:15:00
2026-01-19 20:30:00,26.46,20:30:00
2026-01-19 20:45:00,26.53,20:45:00
2026-01-19 21:00:00,26.72,21:00:00
2026-01-19 21:15:00,26.5,21:15:00
2026-01-19 21:30:00,26.41,21:30:00
2026-01-19 21:45:00,26.41,21:45:00
2026-01-19 22:00:00,26.27,22:00:00
2026-01-19 22:15:00,26.34,22:15:00
2026-01-19 22:30:00,26.29,22:30:00
2026-01-19 22:45:00,26.5,22:45:00
2026-01-19 23:00:00,26.77,23:00:00
2026-01-19 23:15:00,26.96,23:15:00
2026-01-19 23:30:00,26.77,23:30:00
2026-01-19 23:45:00,26.7,23:45:00
2026-01-20 00:00:00,26.75,00:00:00
2026-01-20 00:15:00,27.11,00:15:00
2026-01-20 00:30:00,27.14,00:30:00
2026-01-20 00:45:00,27.21,00:45:00
2026-01-20 01:00:00,27.17,01:00:00
2026-01-20 01:15:00,26.74,01:15:00
2026-01-20 01:30:00,26.88,01:30:00
2026-01-20 01:45:00,26.92,01:45:00
2026-01-20 02:00:00,26.92,02:00:00
2026-01-20 02:15:00,27.0,02:15:00
2026-01-20 02:30:00,27.0,02:30:00
2026-01-20 02:45:00,27.1,02:45:00
2026-01-20 03:00:00,26.71,03:00:00
2026-01-20 03:15:00,26.83,03:15:00
2026-01-20 03:30:00,26.93,03:30:00
2026-01-20 03:45:00,26.98,03:45:00
2026-01-20 04:00:00,27.31,04:00:00
2026-01-20 04:15:00,27.27,04:15:00
2026-01-20 04:30:00,27.19,04:30:00
2026-01-20 04:45:00,27.05,04:45:00
2026-01-20 05:00:00,27.16,05:00:00
2026-01-20 05:15:00,27.05,05:15:00
2026-01-20 05:30:00,28.1,05:30:00
2026-01-20 05:45:00,29.47,05:45:00
2026-01-20 06:00:00,26.45,06:00:00
2026-01-20 06:15:00,26.28,06:15:00
2026-01-20 06:30:00,26.51,06:30:00
2026-01-20 06:45:00,26.53,06:45:00
2026-01-20 07:00:00,26.52,07:00:00
2026-01-20 07:15:00,26.67,07:15:00
2026-01-20 07:30:00,26.47,07:30:00
2026-01-20 07:45:00,26.67,07:45:00
2026-01-20 08:00:00,26.84,08:00:00
2026-01-20 08:15:00,27.4,08:15:00
2026-01-20 08:30:00,27.6,08:30:00
2026-01-20 08:45:00,27.52,08:45:00
2026-01-20 09:00:00,26.92,09:00:00
2026-01-20 09:15:00,27.03,09:15:00
2026-01-20 09:30:00,27.31,09:30:00
2026-01-20 09:45:00,27.34,09:45:00
2026-01-20 10:00:00,30.78,10:00:00
2026-01-20 10:15:00,33.7,10:15:00
2026-01-20 10:30:00,33.19,10:30:00
2026-01-20 10:45:00,30.6,10:45:00
2026-01-20 11:00:00,29.6,11:00:00
2026-01-20 11:15:00,27.83,11:15:00
2026-01-20 11:30:00,28.07,11:30:00
2026-01-20 11:45:00,28.18,11:45:00
2026-01-20 12:00:00,28.13,12:00:00
2026-01-20 12:15:00,28.12,12:15:00
2026-01-20 12:30:00,28.25,12:30:00
2026-01-20 12:45:00,28.82,12:45:00
2026-01-20 13:00:00,30.55,13:00:00
2026-01-20 13:15:00,28.8,13:15:00
2026-01-20 13:30:00,28.97,13:30:00
2026-01-20 13:45:00,29.33,13:45:00
2026-01-20 14:00:00,28.6,14:00:00
2026-01-20 14:15:00,28.71,14:15:00
2026-01-20 14:30:00,29.32,14:30:00
2026-01-20 14:45:00,28.62,14:45:00
2026-01-20 15:00:00,29.51,15:00:00
2026-01-20 15:15:00,31.2,15:15:00
2026-01-20 15:30:00,32.32,15:30:00
2026-01-20 15:45:00,32.8,15:45:00
2026-01-20 16:00:00,29.87,16:00:00
2026-01-20 16:15:00,27.29,16:15:00
2026-01-20 16:30:00,29.01,16:30:00
2026-01-20 16:45:00,28.86,16:45:00
2026-01-20 17:00:00,26.84,17:00:00
2026-01-20 17:15:00,26.67,17:15:00
2026-01-20 17:30:00,26.46,17:30:00
2026-01-20 17:45:00,27.82,17:45:00
2026-01-20 18:00:00,29.35,18:00:00
2026-01-20 18:15:00,31.78,18:15:00
2026-01-20 18:30:00,31.65,18:30:00
2026-01-20 18:45:00,31.02,18:45:00
2026-01-20 19:00:00,28.38,19:00:00
2026-01-20 19:15:00,26.31,19:15:00
2026-01-20 19:30:00,25.22,19:30:00
2026-01-20 19:45:00,24.7,19:45:00
2026-01-20 20:00:00,24.83,20:00:00
2026-01-20 20:15:00,24.8,20:15:00
2026-01-20 20:30:00,25.05,20:30:00
2026-01-20 20:45:00,25.7,20:45:00
2026-01-20 21:00:00,25.27,21:00:00
2026-01-20 21:15:00,24.49,21:15:00
2026-01-20 21:30:00,24.28,21:30:00
2026-01-20 21:45:00,24.25,21:45:00
2026-01-20 22:00:00,24.46,22:00:00
2026-01-20 22:15:00,24.43,22:15:00
2026-01-20 22:30:00,24.29,22:30:00
2026-01-20 22:45:00,24.42,22:45:00
2026-01-20 23:00:00,23.0,23:00:00
2026-01-20 23:15:00,22.55,23:15:00
2026-01-20 23:30:00,22.91,23:30:00
2026-01-20 23:45:00,22.91,23:45:00
2026-01-21 00:00:00,23.78,00:00:00
2026-01-21 00:15:00,23.75,00:15:00
2026-01-21 00:30:00,23.83,00:30:00
2026-01-21 00:45:00,23.71,00:45:00
2026-01-21 01:00:00,23.65,01:00:00
2026-01-21 01:15:00,23.87,01:15:00
2026-01-21 01:30:00,23.83,01:30:00
2026-01-21 01:45:00,23.79,01:45:00
2026-01-21 02:00:00,23.98,02:00:00
2026-01-21 02:15:00,23.91,02:15:00
2026-01-21 02:30:00,23.92,02:30:00
2026-01-21 02:45:00,23.8,02:45:00
2026-01-21 03:00:00,23.86,03:00:00
2026-01-21 03:15:00,23.66,03:15:00
2026-01-21 03:30:00,23.71,03:30:00
2026-01-21 03:45:00,23.77,03:45:00
2026-01-21 04:00:00,23.45,04:00:00
2026-01-21 04:15:00,23.27,04:15:00
2026-01-21 04:30:00,23.54,04:30:00
2026-01-21 04:45:00,23.45,04:45:00
2026-01-21 05:00:00,24.09,05:00:00
2026-01-21 05:15:00,24.17,05:15:00
2026-01-21 05:30:00,25.1,05:30:00
2026-01-21 05:45:00,26.52,05:45:00
2026-01-21 06:00:00,27.54,06:00:00
2026-01-21 06:15:00,26.82,06:15:00
2026-01-21 06:30:00,26.97,06:30:00
2026-01-21 06:45:00,27.03,06:45:00
2026-01-21 07:00:00,28.72,07:00:00
2026-01-21 07:15:00,28.81,07:15:00
2026-01-21 07:30:00,28.53,07:30:00
2026-01-21 07:45:00,27.9,07:45:00
2026-01-21 08:00:00,27.0,08:00:00
2026-01-21 08:15:00,27.13,08:15:00
2026-01-21 08:30:00,27.67,08:30:00
2026-01-21 08:45:00,27.23,08:45:00
2026-01-21 09:00:00,26.42,09:00:00
2026-01-21 09:15:00,24.63,09:15:00
2026-01-21 09:30:00,25.02,09:30:00
2026-01-21 09:45:00,25.0,09:45:00
2026-01-21 10:00:00,25.19,10:00:00
2026-01-21 10:15:00,25.07,10:15:00
2026-01-21 10:30:00,25.4,10:30:00
2026-01-21 10:45:00,25.43,10:45:00
2026-01-21 11:00:00,25.32,11:00:00
2026-01-21 11:15:00,25.51,11:15:00
2026-01-21 11:30:00,25.54,11:30:00
2026-01-21 11:45:00,24.67,11:45:00
2026-01-21 12:00:00,24.04,12:00:00
2026-01-21 12:15:00,24.16,12:15:00
2026-01-21 12:30:00,24.26,12:30:00
2026-01-21 12:45:00,23.84,12:45:00
2026-01-21 13:00:00,24.01,13:00:00
2026-01-21 13:15:00,23.61,13:15:00
2026-01-21 13:30:00,23.54,13:30:00
2026-01-21 13:45:00,24.06,13:45:00
2026-01-21 14:00:00,24.26,14:00:00
2026-01-21 14:15:00,24.73,14:15:00
2026-01-21 14:30:00,24.93,14:30:00
2026-01-21 14:45:00,26.76,14:45:00
2026-01-21 15:00:00,29.03,15:00:00
2026-01-21 15:15:00,29.33,15:15:00
2026-01-21 15:30:00,29.02,15:30:00
2026-01-21 15:45:00,27.81,15:45:00
2026-01-21 16:00:00,28.17,16:00:00
2026-01-21 16:15:00,28.08,16:15:00
2026-01-21 16:30:00,27.88,16:30:00
2026-01-21 16:45:00,27.82,16:45:00
2026-01-21 17:00:00,27.38,17:00:00
2026-01-21 17:15:00,26.78,17:15:00
2026-01-21 17:30:00,26.35,17:30:00
2026-01-21 17:45:00,26.36,17:45:00
2026-01-21 18:00:00,26.49,18:00:00
2026-01-21 18:15:00,25.47,18:15:00
2026-01-21 18:30:00,25.93,18:30:00
2026-01-21 18:45:00,26.44,18:45:00
2026-01-21 19:00:00,27.81,19:00:00
2026-01-21 19:15:00,28.49,19:15:00
2026-01-21 19:30:00,28.84,19:30:00
2026-01-21 19:45:00,29.05,19:45:00
2026-01-21 20:00:00,28.02,20:00:00
2026-01-21 20:15:00,28.16,20:15:00
2026-01-21 20:30:00,28.31,20:30:00
2026-01-21 20:45:00,28.78,20:45:00
2026-01-21 21:00:00,29.14,21:00:00
2026-01-21 21:15:00,29.55,21:15:00
2026-01-21 21:30:00,29.02,21:30:00
2026-01-21 21:45:00,28.9,21:45:00
2026-01-21 22:00:00,29.1,22:00:00
2026-01-21 22:15:00,29.47,22:15:00
2026-01-21 22:30:00,29.59,22:30:00
2026-01-21 22:45:00,29.39,22:45:00
2026-01-21 23:00:00,29.94,23:00:00
2026-01-21 23:15:00,30.14,23:15:00
2026-01-21 23:30:00,29.58,23:30:00
2026-01-21 23:45:00,28.98,23:45:00
2026-01-22 00:00:00,29.21,00:00:00
2026-01-22 00:15:00,29.35,00:15:00
2026-01-22 00:30:00,28.57,00:30:00
2026-01-22 00:45:00,27.78,00:45:00
2026-01-22 01:00:00,26.75,01:00:00
2026-01-22 01:15:00,26.39,01:15:00
2026-01-22 01:30:00,25.84,01:30:00
2026-01-22 01:45:00,26.06,01:45:00
2026-01-22 02:00:00,27.31,02:00:00
2026-01-22 02:15:00,28.05,02:15:00
2026-01-22 02:30:00,28.51,02:30:00
2026-01-22 02:45:00,29.09,02:45:00
2026-01-22 03:00:00,29.41,03:00:00
2026-01-22 03:15:00,28.98,03:15:00
2026-01-22 03:30:00,28.43,03:30:00
2026-01-22 03:45:00,28.06,03:45:00
2026-01-22 04:00:00,28.07,04:00:00
2026-01-22 04:15:00,28.23,04:15:00
2026-01-22 04:30:00,28.34,04:30:00
2026-01-22 04:45:00,28.13,04:45:00
2026-01-22 05:00:00,28.11,05:00:00
2026-01-22 05:15:00,28.84,05:15:00
2026-01-22 05:30:00,28.13,05:30:00
2026-01-22 05:45:00,27.18,05:45:00
2026-01-22 06:00:00,26.02,06:00:00
2026-01-22 06:15:00,25.76,06:15:00
2026-01-22 06:30:00,25.03,06:30:00
2026-01-22 06:45:00,25.49,06:45:00
2026-01-22 07:00:00,25.16,07:00:00
2026-01-22 07:15:00,25.05,07:15:00
2026-01-22 07:30:00,25.55,07:30:00
2026-01-22 07:45:00,25.33,07:45:00
2026-01-22 08:00:00,25.68,08:00:00
2026-01-22 08:15:00,26.09,08:15:00
2026-01-22 08:30:00,25.21,08:30:00
2026-01-22 08:45:00,25.17,08:45:00
2026-01-22 09:00:00,24.75,09:00:00
2026-01-22 09:15:00,24.5,09:15:00
2026-01-22 09:30:00,25.45,09:30:00
2026-01-22 09:45:00,25.17,09:45:00
2026-01-22 10:00:00,26.41,10:00:00
2026-01-22 10:15:00,27.65,10:15:00
2026-01-22 10:30:00,27.18,10:30:00
2026-01-22 10:45:00,28.51,10:45:00
2026-01-22 11:00:00,27.35,11:00:00
2026-01-22 11:15:00,27.7,11:15:00
2026-01-22 11:30:00,28.22,11:30:00
2026-01-22 11:45:00,28.64,11:45:00
2026-01-22 12:00:00,28.68,12:00:00
2026-01-22 12:15:00,29.21,12:15:00
2026-01-22 12:30:00,28.99,12:30:00
2026-01-22 12:45:00,29.02,12:45:00
2026-01-22 13:00:00,28.43,13:00:00
2026-01-22 13:15:00,27.28,13:15:00
2026-01-22 13:30:00,27.51,13:30:00
2026-01-22 13:45:00,25.22,13:45:00
2026-01-22 14:00:00,26.55,14:00:00
2026-01-22 14:15:00,25.89,14:15:00
2026-01-22 14:30:00,26.07,14:30:00
2026-01-22 14:45:00,27.01,14:45:00
2026-01-22 15:00:00,27.72,15:00:00
2026-01-22 15:15:00,27.88,15:15:00
2026-01-22 15:30:00,27.89,15:30:00
2026-01-22 15:45:00,27.55,15:45:00
2026-01-22 16:00:00,27.29,16:00:00
2026-01-22 16:15:00,27.21,16:15:00
2026-01-22 16:30:00,27.14,16:30:00
2026-01-22 16:45:00,27.14,16:45:00
2026-01-22 17:00:00,27.81,17:00:00
2026-01-22 17:15:00,27.55,17:15:00
2026-01-22 17:30:00,26.99,17:30:00
2026-01-22 17:45:00,27.15,17:45:00
2026-01-22 18:00:00,26.82,18:00:00
2026-01-22 18:15:00,26.64,18:15:00
2026-01-22 18:30:00,26.36,18:30:00
2026-01-22 18:45:00,26.44,18:45:00
2026-01-22 19:00:00,26.27,19:00:00
2026-01-22 19:15:00,26.18,19:15:00
2026-01-22 19:30:00,25.85,19:30:00
2026-01-22 19:45:00,25.5,19:45:00
2026-01-22 20:00:00,25.82,20:00:00
2026-01-22 20:15:00,27.23,20:15:00
2026-01-22 20:30:00,27.68,20:30:00
2026-01-22 20:45:00,29.12,20:45:00
2026-01-22 21:00:00,28.88,21:00:00
2026-01-22 21:15:00,29.3,21:15:00
2026-01-22 21:30:00,29.02,21:30:00
2026-01-22 21:45:00,29.29,21:45:00
2026-01-22 22:00:00,28.86,22:00:00
2026-01-22 22:15:00,30.28,22:15:00
2026-01-22 22:30:00,30.54,22:30:00
2026-01-22 22:45:00,30.59,22:45:00
2026-01-22 23:00:00,31.39,23:00:00
2026-01-22 23:15:00,31.97,23:15:00
2026-01-22 23:30:00,32.14,23:30:00
2026-01-22 23:45:00,32.11,23:45:00
2026-01-23 00:00:00,31.75,00:00:00
2026-01-23 00:15:00,31.94,00:15:00
2026-01-23 00:30:00,31.84,00:30:00
2026-01-23 00:45:00,31.78,00:45:00
2026-01-23 01:00:00,32.14,01:00:00
2026-01-23 01:15:00,32.26,01:15:00
2026-01-23 01:30:00,32.03,01:30:00
2026-01-23 01:45:00,31.68,01:45:00
2026-01-23 02:00:00,30.08,02:00:00
2026-01-23 02:15:00,31.25,02:15:00
2026-01-23 02:30:00,31.41,02:30:00
2026-01-23 02:45:00,31.25,02:45:00
2026-01-23 03:00:00,30.3,03:00:00
2026-01-23 03:15:00,30.92,03:15:00
2026-01-23 03:30:00,31.12,03:30:00
2026-01-23 03:45:00,31.33,03:45:00
2026-01-23 04:00:00,30.59,04:00:00
2026-01-23 04:15:00,30.07,04:15:00
2026-01-23 04:30:00,30.52,04:30:00
2026-01-23 04:45:00,30.8,04:45:00
2026-01-23 05:00:00,30.04,05:00:00
2026-01-23 05:15:00,29.57,05:15:00
2026-01-23 05:30:00,29.9,05:30:00
2026-01-23 05:45:00,28.9,05:45:00
2026-01-23 06:00:00,27.79,06:00:00
2026-01-23 06:15:00,27.11,06:15:00
2026-01-23 06:30:00,27.64,06:30:00
2026-01-23 06:45:00,28.65,06:45:00
2026-01-23 07:00:00,29.5,07:00:00
2026-01-23 07:15:00,29.55,07:15:00
2026-01-23 07:30:00,29.4,07:30:00
2026-01-23 07:45:00,29.49,07:45:00
2026-01-23 08:00:00,30.99,08:00:00
2026-01-23 08:15:00,30.93,08:15:00
2026-01-23 08:30:00,30.81,08:30:00
2026-01-23 08:45:00,29.74,08:45:00
2026-01-23 09:00:00,27.83,09:00:00
2026-01-23 09:15:00,26.14,09:15:00
2026-01-23 09:30:00,26.25,09:30:00
2026-01-23 09:45:00,26.6,09:45:00
2026-01-23 10:00:00,27.36,10:00:00
2026-01-23 10:15:00,27.86,10:15:00
2026-01-23 10:30:00,27.94,10:30:00
2026-01-23 10:45:00,27.99,10:45:00
2026-01-23 11:00:00,28.25,11:00:00
2026-01-23 11:15:00,28.43,11:15:00
2026-01-23 11:30:00,28.45,11:30:00
2026-01-23 11:45:00,28.49,11:45:00
2026-01-23 12:00:00,29.44,12:00:00
2026-01-23 12:15:00,29.13,12:15:00
2026-01-23 12:30:00,29.6,12:30:00
2026-01-23 12:45:00,29.69,12:45:00
2026-01-23 13:00:00,27.1,13:00:00
2026-01-23 13:15:00,26.8,13:15:00
2026-01-23 13:30:00,26.65,13:30:00
2026-01-23 13:45:00,26.84,13:45:00
2026-01-23 14:00:00,28.38,14:00:00
2026-01-23 14:15:00,28.2,14:15:00
2026-01-23 14:30:00,28.45,14:30:00
2026-01-23 14:45:00,28.88,14:45:00
2026-01-23 15:00:00,29.56,15:00:00
2026-01-23 15:15:00,29.67,15:15:00
2026-01-23 15:30:00,29.56,15:30:00
2026-01-23 15:45:00,29.58,15:45:00
2026-01-23 16:00:00,30.28,16:00:00
2026-01-23 16:15:00,30.71,16:15:00
2026-01-23 16:30:00,30.45,16:30:00
2026-01-23 16:45:00,30.44,16:45:00
2026-01-23 17:00:00,30.48,17:00:00
2026-01-23 17:15:00,30.41,17:15:00
2026-01-23 17:30:00,30.43,17:30:00
2026-01-23 17:45:00,30.0,17:45:00
2026-01-23 18:00:00,30.77,18:00:00
2026-01-23 18:15:00,30.54,18:15:00
2026-01-23 18:30:00,30.77,18:30:00
2026-01-23 18:45:00,31.05,18:45:00
2026-01-23 19:00:00,30.82,19:00:00
2026-01-23 19:15:00,30.8,19:15:00
2026-01-23 19:30:00,30.96,19:30:00
2026-01-23 19:45:00,30.94,19:45:00
2026-01-23 20:00:00,30.7,20:00:00
2026-01-23 20:15:00,31.35,20:15:00
2026-01-23 20:30:00,31.33,20:30:00
2026-01-23 20:45:00,31.31,20:45:00
2026-01-23 21:00:00,31.73,21:00:00
2026-01-23 21:15:00,31.86,21:15:00
2026-01-23 21:30:00,31.79,21:30:00
2026-01-23 21:45:00,31.63,21:45:00
2026-01-23 22:00:00,30.69,22:00:00
2026-01-23 22:15:00,30.8,22:15:00
2026-01-23 22:30:00,31.47,22:30:00
2026-01-23 22:45:00,31.26,22:45:00
2026-01-23 23:00:00,30.85,23:00:00
2026-01-23 23:15:00,30.54,23:15:00
2026-01-23 23:30:00,30.07,23:30:00
2026-01-23 23:45:00,28.87,23:45:00
2026-01-24 00:00:00,28.71,00:00:00
2026-01-24 00:15:00,28.23,00:15:00
2026-01-24 00:30:00,27.23,00:30:00
2026-01-24 00:45:00,27.44,00:45:00
2026-01-24 01:00:00,26.9,01:00:00
2026-01-24 01:15:00,27.33,01:15:00
2026-01-24 01:30:00,29.7,01:30:00
2026-01-24 01:45:00,31.0,01:45:00
2026-01-24 02:00:00,32.63,02:00:00
2026-01-24 02:15:00,32.69,02:15:00
2026-01-24 02:30:00,32.6,02:30:00
2026-01-24 02:45:00,32.46,02:45:00
2026-01-24 03:00:00,31.39,03:00:00
2026-01-24 03:15:00,30.32,03:15:00
2026-01-24 03:30:00,30.47,03:30:00
2026-01-24 03:45:00,30.74,03:45:00
2026-01-24 04:00:00,31.68,04:00:00
2026-01-24 04:15:00,31.94,04:15:00
2026-01-24 04:30:00,31.37,04:30:00
2026-01-24 04:45:00,29.9,04:45:00
2026-01-24 05:00:00,27.59,05:00:00
2026-01-24 05:15:00,27.28,05:15:00
2026-01-24 05:30:00,27.19,05:30:00
2026-01-24 05:45:00,27.63,05:45:00
2026-01-24 06:00:00,29.21,06:00:00
2026-01-24 06:15:00,30.37,06:15:00
2026-01-24 06:30:00,29.91,06:30:00
2026-01-24 06:45:00,29.05,06:45:00
2026-01-24 07:00:00,27.64,07:00:00
2026-01-24 07:15:00,27.1,07:15:00
2026-01-24 07:30:00,27.01,07:30:00
2026-01-24 07:45:00,26.84,07:45:00
2026-01-24 08:00:00,27.75,08:00:00
2026-01-24 08:15:00,27.5,08:15:00
2026-01-24 08:30:00,27.41,08:30:00
2026-01-24 08:45:00,27.19,08:45:00
2026-01-24 09:00:00,27.23,09:00:00
2026-01-24 09:15:00,26.9,09:15:00
2026-01-24 09:30:00,26.9,09:30:00
2026-01-24 09:45:00,26.96,09:45:00
2026-01-24 10:00:00,27.12,10:00:00
2026-01-24 10:15:00,27.21,10:15:00
2026-01-24 10:30:00,27.26,10:30:00
2026-01-24 10:45:00,27.54,10:45:00
2026-01-24 11:00:00,27.72,11:00:00
2026-01-24 11:15:00,27.82,11:15:00
2026-01-24 11:30:00,28.01,11:30:00
2026-01-24 11:45:00,28.21,11:45:00
2026-01-24 12:00:00,28.67,12:00:00
2026-01-24 12:15:00,28.91,12:15:00
2026-01-24 12:30:00,28.44,12:30:00
2026-01-24 12:45:00,28.48,12:45:00
2026-01-24 13:00:00,28.25,13:00:00
2026-01-24 13:15:00,28.24,13:15:00
2026-01-24 13:30:00,27.67,13:30:00
2026-01-24 13:45:00,27.34,13:45:00
2026-01-24 14:00:00,27.26,14:00:00
2026-01-24 14:15:00,27.09,14:15:00
2026-01-24 14:30:00,27.32,14:30:00
2026-01-24 14:45:00,27.3,14:45:00
2026-01-24 15:00:00,27.25,15:00:00
2026-01-24 15:15:00,27.14,15:15:00
2026-01-24 15:30:00,27.16,15:30:00
2026-01-24 15:45:00,27.04,15:45:00
2026-01-24 16:00:00,25.37,16:00:00
2026-01-24 16:15:00,25.15,16:15:00
2026-01-24 16:30:00,24.96,16:30:00
2026-01-24 16:45:00,25.11,16:45:00
2026-01-24 17:00:00,25.16,17:00:00
2026-01-24 17:15:00,25.25,17:15:00
2026-01-24 17:30:00,25.36,17:30:00
2026-01-24 17:45:00,25.49,17:45:00
2026-01-24 18:00:00,24.84,18:00:00
2026-01-24 18:15:00,24.77,18:15:00
2026-01-24 18:30:00,24.68,18:30:00
2026-01-24 18:45:00,24.84,18:45:00
2026-01-24 19:00:00,24.57,19:00:00
2026-01-24 19:15:00,24.67,19:15:00
2026-01-24 19:30:00,24.49,19:30:00
2026-01-24 19:45:00,24.44,19:45:00
2026-01-24 20:00:00,25.17,20:00:00
2026-01-24 20:15:00,25.51,20:15:00
2026-01-24 20:30:00,25.51,20:30:00
2026-01-24 20:45:00,25.31,20:45:00
2026-01-24 21:00:00,25.22,21:00:00
2026-01-24 21:15:00,24.86,21:15:00
2026-01-24 21:30:00,24.84,21:30:00
2026-01-24 21:45:00,25.02,21:45:00
2026-01-24 22:00:00,25.98,22:00:00
2026-01-24 22:15:00,26.07,22:15:00
2026-01-24 22:30:00,26.17,22:30:00
2026-01-24 22:45:00,26.31,22:45:00
2026-01-24 23:00:00,24.66,23:00:00
2026-01-24 23:15:00,24.68,23:15:00
2026-01-24 23:30:00,24.58,23:30:00
2026-01-24 23:45:00,24.51,23:45:00
2026-01-25 00:00:00,25.36,00:00:00
2026-01-25 00:15:00,25.9,00:15:00
2026-01-25 00:30:00,25.86,00:30:00
2026-01-25 00:45:00,26.05,00:45:00
2026-01-25 01:00:00,25.95,01:00:00
2026-01-25 01:15:00,27.61,01:15:00
2026-01-25 01:30:00,26.69,01:30:00
2026-01-25 01:45:00,26.41,01:45:00
2026-01-25 02:00:00,26.48,02:00:00
2026-01-25 02:15:00,28.07,02:15:00
2026-01-25 02:30:00,29.68,02:30:00
2026-01-25 02:45:00,29.38,02:45:00
2026-01-25 03:00:00,27.68,03:00:00
2026-01-25 03:15:00,26.97,03:15:00
2026-01-25 03:30:00,28.44,03:30:00
2026-01-25 03:45:00,28.7,03:45:00
2026-01-25 04:00:00,28.5,04:00:00
2026-01-25 04:15:00,29.09,04:15:00
2026-01-25 04:30:00,29.62,04:30:00
2026-01-25 04:45:00,27.42,04:45:00
2026-01-25 05:00:00,26.4,05:00:00
2026-01-25 05:15:00,26.25,05:15:00
2026-01-25 05:30:00,26.1,05:30:00
2026-01-25 05:45:00,26.15,05:45:00
2026-01-25 06:00:00,25.98,06:00:00
2026-01-25 06:15:00,25.85,06:15:00
2026-01-25 06:30:00,26.12,06:30:00
2026-01-25 06:45:00,25.98,06:45:00
2026-01-25 07:00:00,25.98,07:00:00
2026-01-25 07:15:00,25.9,07:15:00
2026-01-25 07:30:00,25.73,07:30:00
2026-01-25 07:45:00,25.49,07:45:00
2026-01-25 08:00:00,25.44,08:00:00
2026-01-25 08:15:00,25.27,08:15:00
2026-01-25 08:30:00,25.26,08:30:00
2026-01-25 08:45:00,25.13,08:45:00
2026-01-25 09:00:00,25.2,09:00:00
2026-01-25 09:15:00,25.04,09:15:00
2026-01-25 09:30:00,25.1,09:30:00
2026-01-25 09:45:00,24.9,09:45:00
2026-01-25 10:00:00,24.93,10:00:00
2026-01-25 10:15:00,24.74,10:15:00
2026-01-25 10:30:00,24.78,10:30:00
2026-01-25 10:45:00,24.74,10:45:00
2026-01-25 11:00:00,24.57,11:00:00
2026-01-25 11:15:00,24.82,11:15:00
2026-01-25 11:30:00,25.24,11:30:00
2026-01-25 11:45:00,26.34,11:45:00
2026-01-25 12:00:00,25.49,12:00:00
2026-01-25 12:15:00,26.74,12:15:00
2026-01-25 12:30:00,27.89,12:30:00
2026-01-25 12:45:00,28.56,12:45:00
2026-01-25 13:00:00,27.62,13:00:00
2026-01-25 13:15:00,27.89,13:15:00
2026-01-25 13:30:00,28.27,13:30:00
2026-01-25 13:45:00,29.18,13:45:00
2026-01-25 14:00:00,31.59,14:00:00
2026-01-25 14:15:00,29.52,14:15:00
2026-01-25 14:30:00,27.45,14:30:00
2026-01-25 14:45:00,27.77,14:45:00
2026-01-25 15:00:00,30.17,15:00:00
2026-01-25 15:15:00,28.0,15:15:00
2026-01-25 15:30:00,27.67,15:30:00
2026-01-25 15:45:00,27.85,15:45:00
2026-01-25 16:00:00,29.76,16:00:00
2026-01-25 16:15:00,30.7,16:15:00
2026-01-25 16:30:00,30.14,16:30:00
2026-01-25 16:45:00,30.04,16:45:00
2026-01-25 17:00:00,29.37,17:00:00
2026-01-25 17:15:00,28.36,17:15:00
2026-01-25 17:30:00,26.95,17:30:00
2026-01-25 17:45:00,26.84,17:45:00
2026-01-25 18:00:00,27.34,18:00:00
2026-01-25 18:15:00,27.4,18:15:00
2026-01-25 18:30:00,27.16,18:30:00
2026-01-25 18:45:00,27.96,18:45:00
2026-01-25 19:00:00,27.17,19:00:00
2026-01-25 19:15:00,27.13,19:15:00
2026-01-25 19:30:00,27.87,19:30:00
2026-01-25 19:45:00,27.41,19:45:00
2026-01-25 20:00:00,26.26,20:00:00
2026-01-25 20:15:00,26.46,20:15:00
2026-01-25 20:30:00,26.93,20:30:00
2026-01-25 20:45:00,27.07,20:45:00
2026-01-25 21:00:00,26.57,21:00:00
2026-01-25 21:15:00,26.13,21:15:00
2026-01-25 21:30:00,26.23,21:30:00
2026-01-25 21:45:00,26.43,21:45:00
2026-01-25 22:00:00,27.68,22:00:00
2026-01-25 22:15:00,28.05,22:15:00
2026-01-25 22:30:00,27.94,22:30:00
2026-01-25 22:45:00,27.63,22:45:00
2026-01-25 23:00:00,26.67,23:00:00
2026-01-25 23:15:00,26.64,23:15:00
2026-01-25 23:30:00,27.08,23:30:00
2026-01-25 23:45:00,27.19,23:45:00
2026-01-26 00:00:00,25.58,00:00:00
2026-01-26 00:15:00,25.78,00:15:00
2026-01-26 00:30:00,25.89,00:30:00
2026-01-26 00:45:00,25.93,00:45:00
2026-01-26 01:00:00,25.78,01:00:00
2026-01-26 01:15:00,26.15,01:15:00
2026-01-26 01:30:00,26.11,01:30:00
2026-01-26 01:45:00,26.05,01:45:00
2026-01-26 02:00:00,26.07,02:00:00
2026-01-26 02:15:00,26.01,02:15:00
2026-01-26 02:30:00,25.85,02:30:00
2026-01-26 02:45:00,25.84,02:45:00
2026-01-26 03:00:00,25.75,03:00:00
2026-01-26 03:15:00,25.82,03:15:00
2026-01-26 03:30:00,25.54,03:30:00
2026-01-26 03:45:00,25.6,03:45:00
2026-01-26 04:00:00,25.38,04:00:00
2026-01-26 04:15:00,25.21,04:15:00
2026-01-26 04:30:00,25.1,04:30:00
2026-01-26 04:45:00,24.95,04:45:00
2026-01-26 05:00:00,27.31,05:00:00
2026-01-26 05:15:00,27.5,05:15:00
2026-01-26 05:30:00,26.47,05:30:00
2026-01-26 05:45:00,28.3,05:45:00
2026-01-26 06:00:00,28.63,06:00:00
2026-01-26 06:15:00,29.69,06:15:00
2026-01-26 06:30:00,30.28,06:30:00
2026-01-26 06:45:00,31.29,06:45:00
2026-01-26 07:00:00,31.65,07:00:00
2026-01-26 07:15:00,31.63,07:15:00
2026-01-26 07:30:00,31.53,07:30:00
2026-01-26 07:45:00,31.4,07:45:00
2026-01-26 08:00:00,32.15,08:00:00
2026-01-26 08:15:00,32.31,08:15:00
2026-01-26 08:30:00,32.45,08:30:00
2026-01-26 08:45:00,32.36,08:45:00
2026-01-26 09:00:00,32.44,09:00:00
2026-01-26 09:15:00,32.59,09:15:00
2026-01-26 09:30:00,32.52,09:30:00
2026-01-26 09:45:00,31.9,09:45:00
2026-01-26 10:00:00,32.9,10:00:00
2026-01-26 10:15:00,32.89,10:15:00
2026-01-26 10:30:00,32.59,10:30:00
2026-01-26 10:45:00,32.59,10:45:00
2026-01-26 11:00:00,31.0,11:00:00
2026-01-26 11:15:00,29.66,11:15:00
2026-01-26 11:30:00,28.29,11:30:00
2026-01-26 11:45:00,28.28,11:45:00
2026-01-26 12:00:00,30.66,12:00:00
2026-01-26 12:15:00,31.87,12:15:00
2026-01-26 12:30:00,31.91,12:30:00
2026-01-26 12:45:00,30.84,12:45:00
2026-01-26 13:00:00,29.43,13:00:00
2026-01-26 13:15:00,28.98,13:15:00
2026-01-26 13:30:00,28.69,13:30:00
2026-01-26 13:45:00,28.54,13:45:00
2026-01-26 14:00:00,26.99,14:00:00
2026-01-26 14:15:00,26.89,14:15:00
2026-01-26 14:30:00,26.95,14:30:00
2026-01-26 14:45:00,26.99,14:45:00
2026-01-26 15:00:00,24.61,15:00:00
2026-01-26 15:15:00,25.62,15:15:00
2026-01-26 15:30:00,25.51,15:30:00
2026-01-26 15:45:00,24.79,15:45:00
2026-01-26 16:00:00,25.26,16:00:00
2026-01-26 16:15:00,25.34,16:15:00
2026-01-26 16:30:00,25.68,16:30:00
2026-01-26 16:45:00,25.81,16:45:00
2026-01-26 17:00:00,25.56,17:00:00
2026-01-26 17:15:00,25.51,17:15:00
2026-01-26 17:30:00,25.48,17:30:00
2026-01-26 17:45:00,25.46,17:45:00
2026-01-26 18:00:00,26.1,18:00:00
2026-01-26 18:15:00,25.96,18:15:00
2026-01-26 18:30:00,26.08,18:30:00
2026-01-26 18:45:00,26.36,18:45:00
2026-01-26 19:00:00,28.58,19:00:00
2026-01-26 19:15:00,28.61,19:15:00
2026-01-26 19:30:00,27.52,19:30:00
2026-01-26 19:45:00,27.82,19:45:00
2026-01-26 20:00:00,26.27,20:00:00
2026-01-26 20:15:00,26.06,20:15:00
2026-01-26 20:30:00,25.95,20:30:00
2026-01-26 20:45:00,25.94,20:45:00
2026-01-26 21:00:00,25.7,21:00:00
2026-01-26 21:15:00,25.61,21:15:00
2026-01-26 21:30:00,25.73,21:30:00
2026-01-26 21:45:00,25.9,21:45:00
2026-01-26 22:00:00,25.57,22:00:00
2026-01-26 22:15:00,25.61,22:15:00
2026-01-26 22:30:00,25.71,22:30:00
2026-01-26 22:45:00,25.9,22:45:00
2026-01-26 23:00:00,24.27,23:00:00
2026-01-26 23:15:00,24.51,23:15:00
2026-01-26 23:30:00,24.84,23:30:00
2026-01-26 23:45:00,25.13,23:45:00
2026-01-27 00:00:00,24.81,00:00:00
2026-01-27 00:15:00,24.74,00:15:00
2026-01-27 00:30:00,24.95,00:30:00
2026-01-27 00:45:00,25.41,00:45:00
2026-01-27 01:00:00,24.83,01:00:00
2026-01-27 01:15:00,24.81,01:15:00
2026-01-27 01:30:00,25.17,01:30:00
2026-01-27 01:45:00,25.13,01:45:00
2026-01-27 02:00:00,26.07,02:00:00
2026-01-27 02:15:00,25.3,02:15:00
2026-01-27 02:30:00,25.13,02:30:00
2026-01-27 02:45:00,25.24,02:45:00
2026-01-27 03:00:00,25.41,03:00:00
2026-01-27 03:15:00,25.31,03:15:00
2026-01-27 03:30:00,25.47,03:30:00
2026-01-27 03:45:00,25.46,03:45:00
2026-01-27 04:00:00,26.18,04:00:00
2026-01-27 04:15:00,26.59,04:15:00
2026-01-27 04:30:00,27.01,04:30:00
2026-01-27 04:45:00,28.64,04:45:00
2026-01-27 05:00:00,30.7,05:00:00
2026-01-27 05:15:00,31.24,05:15:00
2026-01-27 05:30:00,31.37,05:30:00
2026-01-27 05:45:00,31.49,05:45:00
2026-01-27 06:00:00,32.94,06:00:00
2026-01-27 06:15:00,32.91,06:15:00
2026-01-27 06:30:00,33.3,06:30:00
2026-01-27 06:45:00,33.09,06:45:00
2026-01-27 07:00:00,34.5,07:00:00
2026-01-27 07:15:00,34.83,07:15:00
2026-01-27 07:30:00,34.81,07:30:00
2026-01-27 07:45:00,34.59,07:45:00
2026-01-27 08:00:00,34.63,08:00:00
2026-01-27 08:15:00,34.03,08:15:00
2026-01-27 08:30:00,34.33,08:30:00
2026-01-27 08:45:00,34.42,08:45:00
2026-01-27 09:00:00,33.71,09:00:00
2026-01-27 09:15:00,34.11,09:15:00
2026-01-27 09:30:00,34.47,09:30:00
2026-01-27 09:45:00,34.65,09:45:00
2026-01-27 10:00:00,34.66,10:00:00
2026-01-27 10:15:00,33.9,10:15:00
2026-01-27 10:30:00,33.89,10:30:00
2026-01-27 10:45:00,34.13,10:45:00
2026-01-27 11:00:00,34.08,11:00:00
2026-01-27 11:15:00,33.88,11:15:00
2026-01-27 11:30:00,33.8,11:30:00
2026-01-27 11:45:00,33.8,11:45:00
2026-01-27 12:00:00,33.95,12:00:00
2026-01-27 12:15:00,34.01,12:15:00
2026-01-27 12:30:00,33.98,12:30:00
2026-01-27 12:45:00,34.12,12:45:00
2026-01-27 13:00:00,34.41,13:00:00
2026-01-27 13:15:00,34.07,13:15:00
2026-01-27 13:30:00,33.65,13:30:00
2026-01-27 13:45:00,33.8,13:45:00
2026-01-27 14:00:00,33.84,14:00:00
2026-01-27 14:15:00,33.1,14:15:00
2026-01-27 14:30:00,33.72,14:30:00
2026-01-27 14:45:00,33.2,14:45:00
2026-01-27 15:00:00,33.31,15:00:00
2026-01-27 15:15:00,33.14,15:15:00
2026-01-27 15:30:00,32.98,15:30:00
2026-01-27 15:45:00,33.1,15:45:00
2026-01-27 16:00:00,32.64,16:00:00
2026-01-27 16:15:00,32.39,16:15:00
2026-01-27 16:30:00,31.98,16:30:00
2026-01-27 16:45:00,31.88,16:45:00
2026-01-27 17:00:00,31.46,17:00:00
2026-01-27 17:15:00,31.89,17:15:00
2026-01-27 17:30:00,31.8,17:30:00
2026-01-27 17:45:00,31.58,17:45:00
2026-01-27 18:00:00,30.37,18:00:00
2026-01-27 18:15:00,28.02,18:15:00
2026-01-27 18:30:00,27.22,18:30:00
2026-01-27 18:45:00,26.4,18:45:00
2026-01-27 19:00:00,25.26,19:00:00
2026-01-27 19:15:00,25.11,19:15:00
2026-01-27 19:30:00,25.08,19:30:00
2026-01-27 19:45:00,25.48,19:45:00
2026-01-27 20:00:00,27.16,20:00:00
2026-01-27 20:15:00,27.65,20:15:00
2026-01-27 20:30:00,28.14,20:30:00
2026-01-27 20:45:00,29.87,20:45:00
2026-01-27 21:00:00,29.16,21:00:00
2026-01-27 21:15:00,29.04,21:15:00
2026-01-27 21:30:00,30.24,21:30:00
2026-01-27 21:45:00,28.52,21:45:00
2026-01-27 22:00:00,26.68,22:00:00
2026-01-27 22:15:00,26.95,22:15:00
2026-01-27 22:30:00,25.64,22:30:00
2026-01-27 22:45:00,27.63,22:45:00
2026-01-27 23:00:00,28.13,23:00:00
2026-01-27 23:15:00,28.55,23:15:00
2026-01-27 23:30:00,27.14,23:30:00
2026-01-27 23:45:00,26.74,23:45:00
2026-01-28 00:00:00,25.19,00:00:00
2026-01-28 00:15:00,25.47,00:15:00
2026-01-28 00:30:00,25.53,00:30:00
2026-01-28 00:45:00,25.58,00:45:00
2026-01-28 01:00:00,25.26,01:00:00
2026-01-28 01:15:00,25.68,01:15:00
2026-01-28 01:30:00,25.61,01:30:00
2026-01-28 01:45:00,25.55,01:45:00
2026-01-28 02:00:00,25.23,02:00:00
2026-01-28 02:15:00,25.31,02:15:00
2026-01-28 02:30:00,25.52,02:30:00
2026-01-28 02:45:00,25.71,02:45:00
2026-01-28 03:00:00,25.99,03:00:00
2026-01-28 03:15:00,26.88,03:15:00
2026-01-28 03:30:00,26.86,03:30:00
2026-01-28 03:45:00,28.55,03:45:00
2026-01-28 04:00:00,28.27,04:00:00
2026-01-28 04:15:00,28.1,04:15:00
2026-01-28 04:30:00,28.56,04:30:00
2026-01-28 04:45:00,28.18,04:45:00
2026-01-28 05:00:00,26.97,05:00:00
2026-01-28 05:15:00,26.15,05:15:00
2026-01-28 05:30:00,25.97,05:30:00
2026-01-28 05:45:00,27.69,05:45:00
2026-01-28 06:00:00,28.86,06:00:00
2026-01-28 06:15:00,27.23,06:15:00
2026-01-28 06:30:00,26.05,06:30:00
2026-01-28 06:45:00,26.04,06:45:00
2026-01-28 07:00:00,27.08,07:00:00
2026-01-28 07:15:00,27.25,07:15:00
2026-01-28 07:30:00,27.25,07:30:00
2026-01-28 07:45:00,26.87,07:45:00
2026-01-28 08:00:00,28.36,08:00:00
2026-01-28 08:15:00,28.34,08:15:00
2026-01-28 08:30:00,28.12,08:30:00
2026-01-28 08:45:00,28.12,08:45:00
2026-01-28 09:00:00,28.25,09:00:00
2026-01-28 09:15:00,28.4,09:15:00
2026-01-28 09:30:00,28.47,09:30:00
2026-01-28 09:45:00,28.64,09:45:00
2026-01-28 10:00:00,28.68,10:00:00
2026-01-28 10:15:00,29.43,10:15:00
2026-01-28 10:30:00,28.46,10:30:00
2026-01-28 10:45:00,28.55,10:45:00
2026-01-28 11:00:00,29.63,11:00:00
2026-01-28 11:15:00,30.0,11:15:00
2026-01-28 11:30:00,29.89,11:30:00
2026-01-28 11:45:00,31.31,11:45:00
2026-01-28 12:00:00,31.81,12:00:00
2026-01-28 12:15:00,31.67,12:15:00
2026-01-28 12:30:00,32.0,12:30:00
2026-01-28 12:45:00,32.16,12:45:00
2026-01-28 13:00:00,30.08,13:00:00
2026-01-28 13:15:00,30.04,13:15:00
2026-01-28 13:30:00,29.97,13:30:00
2026-01-28 13:45:00,30.5,13:45:00
2026-01-28 14:00:00,28.55,14:00:00
2026-01-28 14:15:00,27.21,14:15:00
2026-01-28 14:30:00,27.05,14:30:00
2026-01-28 14:45:00,27.09,14:45:00
2026-01-28 15:00:00,26.09,15:00:00
2026-01-28 15:15:00,25.94,15:15:00
2026-01-28 15:30:00,26.06,15:30:00
2026-01-28 15:45:00,26.25,15:45:00
2026-01-28 16:00:00,26.89,16:00:00
2026-01-28 16:15:00,26.8,16:15:00
2026-01-28 16:30:00,26.76,16:30:00
2026-01-28 16:45:00,27.04,16:45:00
2026-01-28 17:00:00,25.95,17:00:00
2026-01-28 17:15:00,25.83,17:15:00
2026-01-28 17:30:00,26.32,17:30:00
2026-01-28 17:45:00,26.09,17:45:00
2026-01-28 18:00:00,26.37,18:00:00
2026-01-28 18:15:00,26.2,18:15:00
2026-01-28 18:30:00,26.52,18:30:00
2026-01-28 18:45:00,25.77,18:45:00
2026-01-28 19:00:00,25.75,19:00:00
2026-01-28 19:15:00,25.95,19:15:00
2026-01-28 19:30:00,25.64,19:30:00
2026-01-28 19:45:00,25.65,19:45:00
2026-01-28 20:00:00,25.18,20:00:00
2026-01-28 20:15:00,25.09,20:15:00
2026-01-28 20:30:00,25.24,20:30:00
2026-01-28 20:45:00,25.42,20:45:00
2026-01-28 21:00:00,24.61,21:00:00
2026-01-28 21:15:00,24.48,21:15:00
2026-01-28 21:30:00,24.29,21:30:00
2026-01-28 21:45:00,24.5,21:45:00
2026-01-28 22:00:00,24.46,22:00:00
2026-01-28 22:15:00,24.61,22:15:00
2026-01-28 22:30:00,24.8,22:30:00
2026-01-28 22:45:00,25.85,22:45:00
2026-01-28 23:00:00,24.68,23:00:00
2026-01-28 23:15:00,24.78,23:15:00
2026-01-28 23:30:00,24.75,23:30:00
2026-01-28 23:45:00,25.01,23:45:00
2026-01-29 00:00:00,25.79,00:00:00
2026-01-29 00:15:00,24.34,00:15:00
2026-01-29 00:30:00,24.37,00:30:00
2026-01-29 00:45:00,26.35,00:45:00
2026-01-29 01:00:00,24.98,01:00:00
2026-01-29 01:15:00,25.95,01:15:00
2026-01-29 01:30:00,26.57,01:30:00
2026-01-29 01:45:00,26.43,01:45:00
2026-01-29 02:00:00,26.08,02:00:00
2026-01-29 02:15:00,26.12,02:15:00
2026-01-29 02:30:00,26.35,02:30:00
2026-01-29 02:45:00,26.32,02:45:00
2026-01-29 03:00:00,26.91,03:00:00
2026-01-29 03:15:00,26.76,03:15:00
2026-01-29 03:30:00,26.71,03:30:00
2026-01-29 03:45:00,26.96,03:45:00
2026-01-29 04:00:00,27.09,04:00:00
2026-01-29 04:15:00,26.6,04:15:00
2026-01-29 04:30:00,26.74,04:30:00
2026-01-29 04:45:00,26.88,04:45:00
2026-01-29 05:00:00,27.82,05:00:00
2026-01-29 05:15:00,29.51,05:15:00
2026-01-29 05:30:00,30.63,05:30:00
2026-01-29 05:45:00,31.8,05:45:00
2026-01-29 06:00:00,31.64,06:00:00
2026-01-29 06:15:00,30.73,06:15:00
2026-01-29 06:30:00,30.88,06:30:00
2026-01-29 06:45:00,31.0,06:45:00
2026-01-29 07:00:00,32.23,07:00:00
2026-01-29 07:15:00,32.27,07:15:00
2026-01-29 07:30:00,32.0,07:30:00
2026-01-29 07:45:00,31.53,07:45:00
2026-01-29 08:00:00,32.78,08:00:00
2026-01-29 08:15:00,33.03,08:15:00
2026-01-29 08:30:00,33.06,08:30:00
2026-01-29 08:45:00,32.86,08:45:00
2026-01-29 09:00:00,33.98,09:00:00
2026-01-29 09:15:00,33.95,09:15:00
2026-01-29 09:30:00,34.1,09:30:00
2026-01-29 09:45:00,34.1,09:45:00
2026-01-29 10:00:00,34.02,10:00:00
2026-01-29 10:15:00,33.7,10:15:00
2026-01-29 10:30:00,33.67,10:30:00
2026-01-29 10:45:00,33.84,10:45:00
2026-01-29 11:00:00,32.16,11:00:00
2026-01-29 11:15:00,32.0,11:15:00
2026-01-29 11:30:00,31.94,11:30:00
2026-01-29 11:45:00,31.82,11:45:00
2026-01-29 12:00:00,31.49,12:00:00
2026-01-29 12:15:00,31.61,12:15:00
2026-01-29 12:30:00,31.42,12:30:00
2026-01-29 12:45:00,31.3,12:45:00
2026-01-29 13:00:00,31.57,13:00:00
2026-01-29 13:15:00,31.5,13:15:00
2026-01-29 13:30:00,31.4,13:30:00
2026-01-29 13:45:00,31.58,13:45:00
2026-01-29 14:00:00,32.66,14:00:00
2026-01-29 14:15:00,32.64,14:15:00
2026-01-29 14:30:00,32.69,14:30:00
2026-01-29 14:45:00,32.81,14:45:00
2026-01-29 15:00:00,32.44,15:00:00
2026-01-29 15:15:00,32.04,15:15:00
2026-01-29 15:30:00,32.07,15:30:00
2026-01-29 15:45:00,32.08,15:45:00
2026-01-29 16:00:00,32.82,16:00:00
2026-01-29 16:15:00,32.63,16:15:00
2026-01-29 16:30:00,32.56,16:30:00
2026-01-29 16:45:00,32.5,16:45:00
2026-01-29 17:00:00,30.68,17:00:00
2026-01-29 17:15:00,30.97,17:15:00
2026-01-29 17:30:00,30.58,17:30:00
2026-01-29 17:45:00,30.13,17:45:00
2026-01-29 18:00:00,29.36,18:00:00
2026-01-29 18:15:00,29.54,18:15:00
2026-01-29 18:30:00,29.72,18:30:00
2026-01-29 18:45:00,29.74,18:45:00
2026-01-29 19:00:00,29.61,19:00:00
2026-01-29 19:15:00,29.09,19:15:00
2026-01-29 19:30:00,27.71,19:30:00
2026-01-29 19:45:00,27.57,19:45:00
2026-01-29 20:00:00,26.48,20:00:00
2026-01-29 20:15:00,25.41,20:15:00
2026-01-29 20:30:00,25.92,20:30:00
2026-01-29 20:45:00,27.21,20:45:00
2026-01-29 21:00:00,25.51,21:00:00
2026-01-29 21:15:00,25.53,21:15:00
2026-01-29 21:30:00,25.54,21:30:00
2026-01-29 21:45:00,26.06,21:45:00
2026-01-29 22:00:00,24.97,22:00:00
2026-01-29 22:15:00,26.38,22:15:00
2026-01-29 22:30:00,25.82,22:30:00
2026-01-29 22:45:00,26.17,22:45:00
2026-01-29 23:00:00,24.77,23:00:00
2026-01-29 23:15:00,24.76,23:15:00
2026-01-29 23:30:00,24.7,23:30:00
2026-01-29 23:45:00,24.66,23:45:00
2026-01-30 00:00:00,24.72,00:00:00
2026-01-30 00:15:00,25.18,00:15:00
2026-01-30 00:30:00,24.08,00:30:00
2026-01-30 00:45:00,24.04,00:45:00
2026-01-30 01:00:00,24.35,01:00:00
2026-01-30 01:15:00,24.25,01:15:00
2026-01-30 01:30:00,24.5,01:30:00
2026-01-30 01:45:00,24.77,01:45:00
2026-01-30 02:00:00,24.6,02:00:00
2026-01-30 02:15:00,24.92,02:15:00
2026-01-30 02:30:00,25.01,02:30:00
2026-01-30 02:45:00,26.07,02:45:00
2026-01-30 03:00:00,27.67,03:00:00
2026-01-30 03:15:00,28.53,03:15:00
2026-01-30 03:30:00,28.14,03:30:00
2026-01-30 03:45:00,28.2,03:45:00
2026-01-30 04:00:00,27.51,04:00:00
2026-01-30 04:15:00,28.08,04:15:00
2026-01-30 04:30:00,28.57,04:30:00
2026-01-30 04:45:00,28.77,04:45:00
2026-01-30 05:00:00,28.78,05:00:00
2026-01-30 05:15:00,28.27,05:15:00
2026-01-30 05:30:00,28.61,05:30:00
2026-01-30 05:45:00,28.51,05:45:00
2026-01-30 06:00:00,28.09,06:00:00
2026-01-30 06:15:00,28.14,06:15:00
2026-01-30 06:30:00,28.1,06:30:00
2026-01-30 06:45:00,28.38,06:45:00
2026-01-30 07:00:00,29.05,07:00:00
2026-01-30 07:15:00,28.73,07:15:00
2026-01-30 07:30:00,28.17,07:30:00
2026-01-30 07:45:00,28.92,07:45:00
2026-01-30 08:00:00,29.72,08:00:00
2026-01-30 08:15:00,29.67,08:15:00
2026-01-30 08:30:00,29.65,08:30:00
2026-01-30 08:45:00,29.69,08:45:00
2026-01-30 09:00:00,29.61,09:00:00
2026-01-30 09:15:00,29.94,09:15:00
2026-01-30 09:30:00,30.14,09:30:00
2026-01-30 09:45:00,30.2,09:45:00
2026-01-30 10:00:00,30.63,10:00:00
2026-01-30 10:15:00,30.21,10:15:00
2026-01-30 10:30:00,29.56,10:30:00
2026-01-30 10:45:00,30.07,10:45:00
2026-01-30 11:00:00,27.55,11:00:00
2026-01-30 11:15:00,27.18,11:15:00
2026-01-30 11:30:00,26.53,11:30:00
2026-01-30 11:45:00,26.38,11:45:00
2026-01-30 12:00:00,26.85,12:00:00
2026-01-30 12:15:00,26.95,12:15:00
2026-01-30 12:30:00,26.98,12:30:00
2026-01-30 12:45:00,26.66,12:45:00
2026-01-30 13:00:00,26.85,13:00:00
2026-01-30 13:15:00,26.9,13:15:00
2026-01-30 13:30:00,26.44,13:30:00
2026-01-30 13:45:00,26.36,13:45:00
2026-01-30 14:00:00,25.22,14:00:00
2026-01-30 14:15:00,26.04,14:15:00
2026-01-30 14:30:00,26.64,14:30:00
2026-01-30 14:45:00,26.76,14:45:00
2026-01-30 15:00:00,27.67,15:00:00
2026-01-30 15:15:00,27.35,15:15:00
2026-01-30 15:30:00,27.77,15:30:00
2026-01-30 15:45:00,27.46,15:45:00
2026-01-30 16:00:00,26.27,16:00:00
2026-01-30 16:15:00,26.51,16:15:00
2026-01-30 16:30:00,26.57,16:30:00
2026-01-30 16:45:00,26.63,16:45:00
2026-01-30 17:00:00,26.84,17:00:00
2026-01-30 17:15:00,26.39,17:15:00
2026-01-30 17:30:00,26.07,17:30:00
2026-01-30 17:45:00,25.53,17:45:00
2026-01-30 18:00:00,26.15,18:00:00
2026-01-30 18:15:00,25.66,18:15:00
2026-01-30 18:30:00,25.59,18:30:00
2026-01-30 18:45:00,25.37,18:45:00
2026-01-30 19:00:00,25.58,19:00:00
2026-01-30 19:15:00,25.07,19:15:00
2026-01-30 19:30:00,24.89,19:30:00
2026-01-30 19:45:00,24.13,19:45:00
2026-01-30 20:00:00,26.41,20:00:00
2026-01-30 20:15:00,26.06,20:15:00
2026-01-30 20:30:00,24.74,20:30:00
2026-01-30 20:45:00,22.87,20:45:00
2026-01-30 21:00:00,22.64,21:00:00
2026-01-30 21:15:00,22.47,21:15:00
2026-01-30 21:30:00,22.23,21:30:00
2026-01-30 21:45:00,22.2,21:45:00
2026-01-30 22:00:00,22.28,22:00:00
2026-01-30 22:15:00,22.23,22:15:00
2026-01-30 22:30:00,22.24,22:30:00
2026-01-30 22:45:00,22.1,22:45:00
2026-01-30 23:00:00,20.81,23:00:00
2026-01-30 23:15:00,20.83,23:15:00
2026-01-30 23:30:00,20.91,23:30:00
2026-01-30 23:45:00,20.92,23:45:00
2026-01-31 00:00:00,20.53,00:00:00
2026-01-31 00:15:00,20.54,00:15:00
2026-01-31 00:30:00,20.65,00:30:00
2026-01-31 00:45:00,20.64,00:45:00
2026-01-31 01:00:00,20.34,01:00:00
2026-01-31 01:15:00,20.25,01:15:00
2026-01-31 01:30:00,20.19,01:30:00
2026-01-31 01:45:00,20.23,01:45:00
2026-01-31 02:00:00,20.52,02:00:00
2026-01-31 02:15:00,20.45,02:15:00
2026-01-31 02:30:00,20.32,02:30:00
2026-01-31 02:45:00,20.26,02:45:00
2026-01-31 03:00:00,20.54,03:00:00
2026-01-31 03:15:00,20.54,03:15:00
2026-01-31 03:30:00,20.39,03:30:00
2026-01-31 03:45:00,20.33,03:45:00
2026-01-31 04:00:00,20.24,04:00:00
2026-01-31 04:15:00,20.11,04:15:00
2026-01-31 04:30:00,20.04,04:30:00
2026-01-31 04:45:00,19.94,04:45:00
2026-01-31 05:00:00,20.3,05:00:00
2026-01-31 05:15:00,20.17,05:15:00
2026-01-31 05:30:00,20.22,05:30:00
2026-01-31 05:45:00,20.28,05:45:00
2026-01-31 06:00:00,21.32,06:00:00
2026-01-31 06:15:00,21.19,06:15:00
2026-01-31 06:30:00,21.06,06:30:00
2026-01-31 06:45:00,20.99,06:45:00
2026-01-31 07:00:00,22.57,07:00:00
2026-01-31 07:15:00,22.39,07:15:00
2026-01-31 07:30:00,22.4,07:30:00
2026-01-31 07:45:00,21.81,07:45:00
2026-01-31 08:00:00,22.44,08:00:00
2026-01-31 08:15:00,22.41,08:15:00
2026-01-31 08:30:00,22.59,08:30:00
2026-01-31 08:45:00,22.71,08:45:00
2026-01-31 09:00:00,22.84,09:00:00
2026-01-31 09:15:00,22.95,09:15:00
2026-01-31 09:30:00,23.21,09:30:00
2026-01-31 09:45:00,23.32,09:45:00
2026-01-31 10:00:00,22.35,10:00:00
2026-01-31 10:15:00,22.66,10:15:00
2026-01-31 10:30:00,22.63,10:30:00
2026-01-31 10:45:00,22.89,10:45:00
2026-01-31 11:00:00,22.78,11:00:00
2026-01-31 11:15:00,22.85,11:15:00
2026-01-31 11:30:00,22.96,11:30:00
2026-01-31 11:45:00,22.61,11:45:00
2026-01-31 12:00:00,22.3,12:00:00
2026-01-31 12:15:00,22.41,12:15:00
2026-01-31 12:30:00,22.39,12:30:00
2026-01-31 12:45:00,22.38,12:45:00
2026-01-31 13:00:00,22.09,13:00:00
2026-01-31 13:15:00,22.13,13:15:00
2026-01-31 13:30:00,22.0,13:30:00
2026-01-31 13:45:00,21.85,13:45:00
2026-01-31 14:00:00,20.92,14:00:00
2026-01-31 14:15:00,20.71,14:15:00
2026-01-31 14:30:00,20.66,14:30:00
2026-01-31 14:45:00,21.15,14:45:00
2026-01-31 15:00:00,21.64,15:00:00
2026-01-31 15:15:00,22.87,15:15:00
2026-01-31 15:30:00,22.86,15:30:00
2026-01-31 15:45:00,22.45,15:45:00
2026-01-31 16:00:00,23.24,16:00:00
2026-01-31 16:15:00,22.23,16:15:00
2026-01-31 16:30:00,20.7,16:30:00
2026-01-31 16:45:00,20.7,16:45:00
2026-01-31 17:00:00,20.68,17:00:00
2026-01-31 17:15:00,20.47,17:15:00
2026-01-31 17:30:00,20.27,17:30:00
2026-01-31 17:45:00,20.24,17:45:00
2026-01-31 18:00:00,19.79,18:00:00
2026-01-31 18:15:00,20.05,18:15:00
2026-01-31 18:30:00,20.01,18:30:00
2026-01-31 18:45:00,20.08,18:45:00
2026-01-31 19:00:00,18.97,19:00:00
2026-01-31 19:15:00,19.12,19:15:00
2026-01-31 19:30:00,19.22,19:30:00
2026-01-31 19:45:00,19.5,19:45:00
2026-01-31 20:00:00,19.12,20:00:00
2026-01-31 20:15:00,19.01,20:15:00
2026-01-31 20:30:00,19.05,20:30:00
2026-01-31 20:45:00,18.98,20:45:00
2026-01-31 21:00:00,18.75,21:00:00
2026-01-31 21:15:00,18.73,21:15:00
2026-01-31 21:30:00,18.79,21:30:00
2026-01-31 21:45:00,19.06,21:45:00
2026-01-31 22:00:00,19.17,22:00:00
2026-01-31 22:15:00,19.22,22:15:00
2026-01-31 22:30:00,19.06,22:30:00
2026-01-31 22:45:00,18.92,22:45:00
2026-01-31 23:00:00,17.49,23:00:00
2026-01-31 23:15:00,17.65,23:15:00
2026-01-31 23:30:00,17.6,23:30:00
2026-01-31 23:45:00,17.59,23:45:00
2026-02-01 00:00:00,17.51,00:00:00
2026-02-01 00:15:00,17.59,00:15:00
2026-02-01 00:30:00,17.6,00:30:00
2026-02-01 00:45:00,17.61,00:45:00
2026-02-01 01:00:00,19.04,01:00:00
2026-02-01 01:15:00,18.71,01:15:00
2026-02-01 01:30:00,18.63,01:30:00
2026-02-01 01:45:00,18.69,01:45:00
2026-02-01 02:00:00,18.95,02:00:00
2026-02-01 02:15:00,18.92,02:15:00
2026-02-01 02:30:00,19.0,02:30:00
2026-02-01 02:45:00,19.01,02:45:00
2026-02-01 03:00:00,19.04,03:00:00
2026-02-01 03:15:00,19.03,03:15:00
2026-02-01 03:30:00,19.07,03:30:00
2026-02-01 03:45:00,19.07,03:45:00
2026-02-01 04:00:00,19.3,04:00:00
2026-02-01 04:15:00,19.21,04:15:00
2026-02-01 04:30:00,19.12,04:30:00
2026-02-01 04:45:00,19.21,04:45:00
2026-02-01 05:00:00,19.22,05:00:00
2026-02-01 05:15:00,19.22,05:15:00
2026-02-01 05:30:00,19.24,05:30:00
2026-02-01 05:45:00,19.12,05:45:00
2026-02-01 06:00:00,19.24,06:00:00
2026-02-01 06:15:00,19.28,06:15:00
2026-02-01 06:30:00,19.24,06:30:00
2026-02-01 06:45:00,19.27,06:45:00
2026-02-01 07:00:00,19.89,07:00:00
2026-02-01 07:15:00,19.96,07:15:00
2026-02-01 07:30:00,19.97,07:30:00
2026-02-01 07:45:00,19.84,07:45:00
2026-02-01 08:00:00,21.1,08:00:00
2026-02-01 08:15:00,21.13,08:15:00
2026-02-01 08:30:00,21.31,08:30:00
2026-02-01 08:45:00,21.41,08:45:00
2026-02-01 09:00:00,22.96,09:00:00
2026-02-01 09:15:00,23.14,09:15:00
2026-02-01 09:30:00,23.74,09:30:00
2026-02-01 09:45:00,23.36,09:45:00
2026-02-01 10:00:00,23.32,10:00:00
2026-02-01 10:15:00,23.03,10:15:00
2026-02-01 10:30:00,23.01,10:30:00
2026-02-01 10:45:00,23.15,10:45:00
2026-02-01 11:00:00,23.59,11:00:00
2026-02-01 11:15:00,24.0,11:15:00
2026-02-01 11:30:00,24.19,11:30:00
2026-02-01 11:45:00,24.29,11:45:00
2026-02-01 12:00:00,24.09,12:00:00
2026-02-01 12:15:00,24.02,12:15:00
2026-02-01 12:30:00,24.13,12:30:00
2026-02-01 12:45:00,24.17,12:45:00
2026-02-01 13:00:00,24.53,13:00:00
2026-02-01 13:15:00,24.42,13:15:00
2026-02-01 13:30:00,24.42,13:30:00
2026-02-01 13:45:00,24.64,13:45:00
2026-02-01 14:00:00,24.82,14:00:00
2026-02-01 14:15:00,24.9,14:15:00
2026-02-01 14:30:00,25.48,14:30:00
2026-02-01 14:45:00,26.48,14:45:00
2026-02-01 15:00:00,25.47,15:00:00
2026-02-01 15:15:00,24.98,15:15:00
2026-02-01 15:30:00,25.15,15:30:00
2026-02-01 15:45:00,26.27,15:45:00
2026-02-01 16:00:00,26.87,16:00:00
2026-02-01 16:15:00,26.69,16:15:00
2026-02-01 16:30:00,26.89,16:30:00
2026-02-01 16:45:00,26.6,16:45:00
2026-02-01 17:00:00,25.88,17:00:00
2026-02-01 17:15:00,25.62,17:15:00
2026-02-01 17:30:00,26.24,17:30:00
2026-02-01 17:45:00,26.08,17:45:00
2026-02-01 18:00:00,25.64,18:00:00
2026-02-01 18:15:00,24.56,18:15:00
2026-02-01 18:30:00,24.35,18:30:00
2026-02-01 18:45:00,24.51,18:45:00
2026-02-01 19:00:00,24.41,19:00:00
2026-02-01 19:15:00,24.36,19:15:00
2026-02-01 19:30:00,24.06,19:30:00
2026-02-01 19:45:00,24.11,19:45:00
2026-02-01 20:00:00,25.05,20:00:00
2026-02-01 20:15:00,25.61,20:15:00
2026-02-01 20:30:00,25.7,20:30:00
2026-02-01 20:45:00,25.75,20:45:00
2026-02-01 21:00:00,23.91,21:00:00
2026-02-01 21:15:00,23.67,21:15:00
2026-02-01 21:30:00,23.34,21:30:00
2026-02-01 21:45:00,23.62,21:45:00
2026-02-01 22:00:00,23.1,22:00:00
2026-02-01 22:15:00,22.71,22:15:00
2026-02-01 22:30:00,22.79,22:30:00
2026-02-01 22:45:00,23.63,22:45:00
2026-02-01 23:00:00,22.5,23:00:00
2026-02-01 23:15:00,22.34,23:15:00
2026-02-01 23:30:00,22.48,23:30:00
2026-02-01 23:45:00,22.65,23:45:00
2026-02-02 00:00:00,22.29,00:00:00
2026-02-02 00:15:00,22.15,00:15:00
2026-02-02 00:30:00,22.49,00:30:00
2026-02-02 00:45:00,22.31,00:45:00
2026-02-02 01:00:00,21.86,01:00:00
2026-02-02 01:15:00,21.76,01:15:00
2026-02-02 01:30:00,22.07,01:30:00
2026-02-02 01:45:00,22.12,01:45:00
2026-02-02 02:00:00,22.29,02:00:00
2026-02-02 02:15:00,22.51,02:15:00
2026-02-02 02:30:00,22.49,02:30:00
2026-02-02 02:45:00,22.56,02:45:00
2026-02-02 03:00:00,24.05,03:00:00
2026-02-02 03:15:00,24.79,03:15:00
2026-02-02 03:30:00,24.86,03:30:00
2026-02-02 03:45:00,25.31,03:45:00
2026-02-02 04:00:00,25.4,04:00:00
2026-02-02 04:15:00,25.68,04:15:00
2026-02-02 04:30:00,25.86,04:30:00
2026-02-02 04:45:00,26.38,04:45:00
2026-02-02 05:00:00,26.32,05:00:00
2026-02-02 05:15:00,28.34,05:15:00
2026-02-02 05:30:00,30.34,05:30:00
2026-02-02 05:45:00,30.21,05:45:00
2026-02-02 06:00:00,28.17,06:00:00
2026-02-02 06:15:00,28.65,06:15:00
2026-02-02 06:30:00,30.18,06:30:00
2026-02-02 06:45:00,29.0,06:45:00
2026-02-02 07:00:00,30.41,07:00:00
2026-02-02 07:15:00,30.81,07:15:00
2026-02-02 07:30:00,30.9,07:30:00
2026-02-02 07:45:00,30.97,07:45:00
2026-02-02 08:00:00,31.42,08:00:00
2026-02-02 08:15:00,31.12,08:15:00
2026-02-02 08:30:00,30.9,08:30:00
2026-02-02 08:45:00,31.25,08:45:00
2026-02-02 09:00:00,29.63,09:00:00
2026-02-02 09:15:00,28.15,09:15:00
2026-02-02 09:30:00,27.9,09:30:00
2026-02-02 09:45:00,27.3,09:45:00
2026-02-02 10:00:00,27.78,10:00:00
2026-02-02 10:15:00,27.85,10:15:00
2026-02-02 10:30:00,28.05,10:30:00
2026-02-02 10:45:00,29.28,10:45:00
2026-02-02 11:00:00,29.93,11:00:00
2026-02-02 11:15:00,31.14,11:15:00
2026-02-02 11:30:00,31.09,11:30:00
2026-02-02 11:45:00,31.4,11:45:00
2026-02-02 12:00:00,32.46,12:00:00
2026-02-02 12:15:00,33.25,12:15:00
2026-02-02 12:30:00,33.6,12:30:00
2026-02-02 12:45:00,33.48,12:45:00
2026-02-02 13:00:00,33.34,13:00:00
2026-02-02 13:15:00,34.09,13:15:00
2026-02-02 13:30:00,34.6,13:30:00
2026-02-02 13:45:00,34.71,13:45:00
2026-02-02 14:00:00,34.82,14:00:00
2026-02-02 14:15:00,34.71,14:15:00
2026-02-02 14:30:00,34.58,14:30:00
2026-02-02 14:45:00,34.41,14:45:00
2026-02-02 15:00:00,34.27,15:00:00
2026-02-02 15:15:00,33.72,15:15:00
2026-02-02 15:30:00,33.02,15:30:00
2026-02-02 15:45:00,32.51,15:45:00
2026-02-02 16:00:00,31.45,16:00:00
2026-02-02 16:15:00,31.84,16:15:00
2026-02-02 16:30:00,31.79,16:30:00
2026-02-02 16:45:00,31.49,16:45:00
2026-02-02 17:00:00,31.25,17:00:00
2026-02-02 17:15:00,31.6,17:15:00
2026-02-02 17:30:00,32.17,17:30:00
2026-02-02 17:45:00,31.8,17:45:00
2026-02-02 18:00:00,30.1,18:00:00
2026-02-02 18:15:00,29.72,18:15:00
2026-02-02 18:30:00,29.21,18:30:00
2026-02-02 18:45:00,28.75,18:45:00
2026-02-02 19:00:00,28.85,19:00:00
2026-02-02 19:15:00,29.08,19:15:00
2026-02-02 19:30:00,31.13,19:30:00
2026-02-02 19:45:00,31.36,19:45:00
2026-02-02 20:00:00,30.14,20:00:00
2026-02-02 20:15:00,29.78,20:15:00
2026-02-02 20:30:00,29.69,20:30:00
2026-02-02 20:45:00,30.1,20:45:00
2026-02-02 21:00:00,29.94,21:00:00
2026-02-02 21:15:00,30.16,21:15:00
2026-02-02 21:30:00,29.24,21:30:00
2026-02-02 21:45:00,28.97,21:45:00
2026-02-02 22:00:00,28.64,22:00:00
2026-02-02 22:15:00,28.49,22:15:00
2026-02-02 22:30:00,28.14,22:30:00
2026-02-02 22:45:00,27.96,22:45:00
2026-02-02 23:00:00,27.86,23:00:00
2026-02-02 23:15:00,28.38,23:15:00
2026-02-02 23:30:00,27.68,23:30:00
2026-02-02 23:45:00,27.7,23:45:00
2026-02-03 00:00:00,27.44,00:00:00
2026-02-03 00:15:00,27.06,00:15:00
2026-02-03 00:30:00,27.25,00:30:00
2026-02-03 00:45:00,27.69,00:45:00
2026-02-03 01:00:00,27.16,01:00:00
2026-02-03 01:15:00,27.26,01:15:00
2026-02-03 01:30:00,26.97,01:30:00
2026-02-03 01:45:00,27.3,01:45:00
2026-02-03 02:00:00,27.98,02:00:00
2026-02-03 02:15:00,27.85,02:15:00
2026-02-03 02:30:00,27.99,02:30:00
2026-02-03 02:45:00,27.51,02:45:00
2026-02-03 03:00:00,27.64,03:00:00
2026-02-03 03:15:00,27.62,03:15:00
2026-02-03 03:30:00,27.61,03:30:00
2026-02-03 03:45:00,27.68,03:45:00
2026-02-03 04:00:00,27.89,04:00:00
2026-02-03 04:15:00,27.97,04:15:00
2026-02-03 04:30:00,28.22,04:30:00
2026-02-03 04:45:00,28.52,04:45:00
2026-02-03 05:00:00,27.54,05:00:00
2026-02-03 05:15:00,27.34,05:15:00
2026-02-03 05:30:00,28.1,05:30:00
2026-02-03 05:45:00,28.0,05:45:00
2026-02-03 06:00:00,28.11,06:00:00
2026-02-03 06:15:00,28.13,06:15:00
2026-02-03 06:30:00,28.15,06:30:00
2026-02-03 06:45:00,28.28,06:45:00
2026-02-03 07:00:00,28.88,07:00:00
2026-02-03 07:15:00,28.01,07:15:00
2026-02-03 07:30:00,27.85,07:30:00
2026-02-03 07:45:00,27.86,07:45:00
2026-02-03 08:00:00,28.98,08:00:00
2026-02-03 08:15:00,29.18,08:15:00
2026-02-03 08:30:00,28.54,08:30:00
2026-02-03 08:45:00,28.78,08:45:00
2026-02-03 09:00:00,29.58,09:00:00
2026-02-03 09:15:00,29.54,09:15:00
2026-02-03 09:30:00,29.74,09:30:00
2026-02-03 09:45:00,29.83,09:45:00
2026-02-03 10:00:00,30.07,10:00:00
2026-02-03 10:15:00,29.92,10:15:00
2026-02-03 10:30:00,29.95,10:30:00
2026-02-03 10:45:00,29.96,10:45:00
2026-02-03 11:00:00,30.21,11:00:00
2026-02-03 11:15:00,30.33,11:15:00
2026-02-03 11:30:00,30.45,11:30:00
2026-02-03 11:45:00,30.49,11:45:00
2026-02-03 12:00:00,27.81,12:00:00
2026-02-03 12:15:00,27.73,12:15:00
2026-02-03 12:30:00,27.63,12:30:00
2026-02-03 12:45:00,27.58,12:45:00
2026-02-03 13:00:00,27.33,13:00:00
2026-02-03 13:15:00,27.49,13:15:00
2026-02-03 13:30:00,26.98,13:30:00
2026-02-03 13:45:00,26.71,13:45:00
2026-02-03 14:00:00,28.58,14:00:00
2026-02-03 14:15:00,28.84,14:15:00
2026-02-03 14:30:00,29.06,14:30:00
2026-02-03 14:45:00,29.5,14:45:00
2026-02-03 15:00:00,31.29,15:00:00
2026-02-03 15:15:00,31.45,15:15:00
2026-02-03 15:30:00,31.23,15:30:00
2026-02-03 15:45:00,31.05,15:45:00
2026-02-03 16:00:00,30.83,16:00:00
2026-02-03 16:15:00,30.72,16:15:00
2026-02-03 16:30:00,30.55,16:30:00
2026-02-03 16:45:00,30.54,16:45:00
2026-02-03 17:00:00,27.35,17:00:00
2026-02-03 17:15:00,27.09,17:15:00
2026-02-03 17:30:00,27.29,17:30:00
2026-02-03 17:45:00,27.32,17:45:00
2026-02-03 18:00:00,27.17,18:00:00
2026-02-03 18:15:00,26.76,18:15:00
2026-02-03 18:30:00,26.6,18:30:00
2026-02-03 18:45:00,26.4,18:45:00
2026-02-03 19:00:00,25.57,19:00:00
2026-02-03 19:15:00,25.23,19:15:00
2026-02-03 19:30:00,25.28,19:30:00
2026-02-03 19:45:00,25.51,19:45:00
2026-02-03 20:00:00,25.69,20:00:00
2026-02-03 20:15:00,26.17,20:15:00
2026-02-03 20:30:00,26.33,20:30:00
2026-02-03 20:45:00,25.88,20:45:00
2026-02-03 21:00:00,25.38,21:00:00
2026-02-03 21:15:00,25.03,21:15:00
2026-02-03 21:30:00,24.13,21:30:00
2026-02-03 21:45:00,23.7,21:45:00
2026-02-03 22:00:00,24.78,22:00:00
2026-02-03 22:15:00,24.35,22:15:00
2026-02-03 22:30:00,23.77,22:30:00
2026-02-03 22:45:00,23.64,22:45:00
2026-02-03 23:00:00,24.61,23:00:00
2026-02-03 23:15:00,25.47,23:15:00
2026-02-03 23:30:00,25.34,23:30:00
2026-02-03 23:45:00,24.62,23:45:00
2026-02-04 00:00:00,23.71,00:00:00
2026-02-04 00:15:00,23.24,00:15:00
2026-02-04 00:30:00,22.75,00:30:00
2026-02-04 00:45:00,23.26,00:45:00
2026-02-04 01:00:00,24.24,01:00:00
2026-02-04 01:15:00,25.06,01:15:00
2026-02-04 01:30:00,25.19,01:30:00
2026-02-04 01:45:00,25.66,01:45:00
2026-02-04 02:00:00,25.75,02:00:00
2026-02-04 02:15:00,25.19,02:15:00
2026-02-04 02:30:00,24.87,02:30:00
2026-02-04 02:45:00,24.64,02:45:00
2026-02-04 03:00:00,24.72,03:00:00
2026-02-04 03:15:00,24.95,03:15:00
2026-02-04 03:30:00,25.29,03:30:00
2026-02-04 03:45:00,25.0,03:45:00
2026-02-04 04:00:00,25.02,04:00:00
2026-02-04 04:15:00,24.62,04:15:00
2026-02-04 04:30:00,24.59,04:30:00
2026-02-04 04:45:00,24.82,04:45:00
2026-02-04 05:00:00,24.29,05:00:00
2026-02-04 05:15:00,24.1,05:15:00
2026-02-04 05:30:00,24.54,05:30:00
2026-02-04 05:45:00,24.87,05:45:00
2026-02-04 06:00:00,26.49,06:00:00
2026-02-04 06:15:00,26.38,06:15:00
2026-02-04 06:30:00,26.23,06:30:00
2026-02-04 06:45:00,26.25,06:45:00
2026-02-04 07:00:00,26.4,07:00:00
2026-02-04 07:15:00,25.95,07:15:00
2026-02-04 07:30:00,25.52,07:30:00
2026-02-04 07:45:00,25.51,07:45:00
2026-02-04 08:00:00,25.77,08:00:00
2026-02-04 08:15:00,26.16,08:15:00
2026-02-04 08:30:00,25.95,08:30:00
2026-02-04 08:45:00,27.02,08:45:00
2026-02-04 09:00:00,27.64,09:00:00
2026-02-04 09:15:00,28.04,09:15:00
2026-02-04 09:30:00,28.38,09:30:00
2026-02-04 09:45:00,28.8,09:45:00
2026-02-04 10:00:00,29.38,10:00:00
2026-02-04 10:15:00,28.56,10:15:00
2026-02-04 10:30:00,27.21,10:30:00
2026-02-04 10:45:00,27.39,10:45:00
2026-02-04 11:00:00,28.23,11:00:00
2026-02-04 11:15:00,28.6,11:15:00
2026-02-04 11:30:00,28.75,11:30:00
2026-02-04 11:45:00,28.97,11:45:00
2026-02-04 12:00:00,29.78,12:00:00
2026-02-04 12:15:00,30.11,12:15:00
2026-02-04 12:30:00,30.21,12:30:00
2026-02-04 12:45:00,30.44,12:45:00
2026-02-04 13:00:00,30.62,13:00:00
2026-02-04 13:15:00,30.41,13:15:00
2026-02-04 13:30:00,30.34,13:30:00
2026-02-04 13:45:00,29.99,13:45:00
2026-02-04 14:00:00,29.33,14:00:00
2026-02-04 14:15:00,29.46,14:15:00
2026-02-04 14:30:00,29.17,14:30:00
2026-02-04 14:45:00,28.71,14:45:00
2026-02-04 15:00:00,27.72,15:00:00
2026-02-04 15:15:00,27.8,15:15:00
2026-02-04 15:30:00,28.03,15:30:00
2026-02-04 15:45:00,28.09,15:45:00
2026-02-04 16:00:00,28.91,16:00:00
2026-02-04 16:15:00,28.61,16:15:00
2026-02-04 16:30:00,28.71,16:30:00
2026-02-04 16:45:00,28.75,16:45:00
2026-02-04 17:00:00,28.48,17:00:00
2026-02-04 17:15:00,28.73,17:15:00
2026-02-04 17:30:00,28.51,17:30:00
2026-02-04 17:45:00,28.51,17:45:00
2026-02-04 18:00:00,26.9,18:00:00
2026-02-04 18:15:00,27.03,18:15:00
2026-02-04 18:30:00,26.4,18:30:00
2026-02-04 18:45:00,25.91,18:45:00
2026-02-04 19:00:00,26.52,19:00:00
2026-02-04 19:15:00,25.31,19:15:00
2026-02-04 19:30:00,26.86,19:30:00
2026-02-04 19:45:00,25.54,19:45:00
2026-02-04 20:00:00,23.54,20:00:00
2026-02-04 20:15:00,23.1,20:15:00
2026-02-04 20:30:00,23.24,20:30:00
2026-02-04 20:45:00,23.16,20:45:00
2026-02-04 21:00:00,23.26,21:00:00
2026-02-04 21:15:00,22.94,21:15:00
2026-02-04 21:30:00,22.9,21:30:00
2026-02-04 21:45:00,23.05,21:45:00
2026-02-04 22:00:00,23.84,22:00:00
2026-02-04 22:15:00,23.8,22:15:00
2026-02-04 22:30:00,23.91,22:30:00
2026-02-04 22:45:00,24.25,22:45:00
2026-02-04 23:00:00,22.94,23:00:00
2026-02-04 23:15:00,23.42,23:15:00
2026-02-04 23:30:00,22.54,23:30:00
2026-02-04 23:45:00,22.59,23:45:00
2026-02-05 00:00:00,23.01,00:00:00
2026-02-05 00:15:00,23.04,00:15:00
2026-02-05 00:30:00,22.83,00:30:00
2026-02-05 00:45:00,22.73,00:45:00
2026-02-05 01:00:00,23.08,01:00:00
2026-02-05 01:15:00,23.04,01:15:00
2026-02-05 01:30:00,23.09,01:30:00
2026-02-05 01:45:00,23.46,01:45:00
2026-02-05 02:00:00,24.18,02:00:00
2026-02-05 02:15:00,24.46,02:15:00
2026-02-05 02:30:00,24.23,02:30:00
2026-02-05 02:45:00,24.21,02:45:00
2026-02-05 03:00:00,23.61,03:00:00
2026-02-05 03:15:00,23.6,03:15:00
2026-02-05 03:30:00,24.06,03:30:00
2026-02-05 03:45:00,24.8,03:45:00
2026-02-05 04:00:00,24.41,04:00:00
2026-02-05 04:15:00,24.45,04:15:00
2026-02-05 04:30:00,24.65,04:30:00
2026-02-05 04:45:00,25.4,04:45:00
2026-02-05 05:00:00,26.01,05:00:00
2026-02-05 05:15:00,26.45,05:15:00
2026-02-05 05:30:00,26.64,05:30:00
2026-02-05 05:45:00,26.72,05:45:00
2026-02-05 06:00:00,27.3,06:00:00
2026-02-05 06:15:00,28.31,06:15:00
2026-02-05 06:30:00,28.49,06:30:00
2026-02-05 06:45:00,28.65,06:45:00
2026-02-05 07:00:00,29.05,07:00:00
2026-02-05 07:15:00,29.26,07:15:00
2026-02-05 07:30:00,28.98,07:30:00
2026-02-05 07:45:00,29.25,07:45:00
2026-02-05 08:00:00,30.21,08:00:00
2026-02-05 08:15:00,30.68,08:15:00
2026-02-05 08:30:00,31.28,08:30:00
2026-02-05 08:45:00,31.12,08:45:00
2026-02-05 09:00:00,28.93,09:00:00
2026-02-05 09:15:00,29.22,09:15:00
2026-02-05 09:30:00,30.14,09:30:00
2026-02-05 09:45:00,30.49,09:45:00
2026-02-05 10:00:00,30.13,10:00:00
2026-02-05 10:15:00,30.14,10:15:00
2026-02-05 10:30:00,30.15,10:30:00
2026-02-05 10:45:00,30.47,10:45:00
2026-02-05 11:00:00,30.62,11:00:00
2026-02-05 11:15:00,30.71,11:15:00
2026-02-05 11:30:00,30.93,11:30:00
2026-02-05 11:45:00,30.95,11:45:00
2026-02-05 12:00:00,30.71,12:00:00
2026-02-05 12:15:00,30.67,12:15:00
2026-02-05 12:30:00,30.51,12:30:00
2026-02-05 12:45:00,30.65,12:45:00
2026-02-05 13:00:00,30.55,13:00:00
2026-02-05 13:15:00,30.51,13:15:00
2026-02-05 13:30:00,29.94,13:30:00
2026-02-05 13:45:00,29.53,13:45:00
2026-02-05 14:00:00,29.53,14:00:00
2026-02-05 14:15:00,29.58,14:15:00
2026-02-05 14:30:00,29.43,14:30:00
2026-02-05 14:45:00,29.93,14:45:00
2026-02-05 15:00:00,29.44,15:00:00
2026-02-05 15:15:00,29.31,15:15:00
2026-02-05 15:30:00,29.34,15:30:00
2026-02-05 15:45:00,29.09,15:45:00
2026-02-05 16:00:00,28.67,16:00:00
2026-02-05 16:15:00,28.79,16:15:00
2026-02-05 16:30:00,28.73,16:30:00
2026-02-05 16:45:00,28.87,16:45:00
2026-02-05 17:00:00,27.81,17:00:00
2026-02-05 17:15:00,27.95,17:15:00
2026-02-05 17:30:00,27.77,17:30:00
2026-02-05 17:45:00,28.07,17:45:00
2026-02-05 18:00:00,28.01,18:00:00
2026-02-05 18:15:00,28.44,18:15:00
2026-02-05 18:30:00,28.48,18:30:00
2026-02-05 18:45:00,28.55,18:45:00
2026-02-05 19:00:00,28.39,19:00:00
2026-02-05 19:15:00,28.59,19:15:00
2026-02-05 19:30:00,28.5,19:30:00
2026-02-05 19:45:00,27.28,19:45:00
2026-02-05 20:00:00,28.05,20:00:00
2026-02-05 20:15:00,27.95,20:15:00
2026-02-05 20:30:00,27.91,20:30:00
2026-02-05 20:45:00,27.85,20:45:00
2026-02-05 21:00:00,26.4,21:00:00
2026-02-05 21:15:00,26.45,21:15:00
2026-02-05 21:30:00,26.94,21:30:00
2026-02-05 21:45:00,27.37,21:45:00
2026-02-05 22:00:00,25.2,22:00:00
2026-02-05 22:15:00,25.88,22:15:00
2026-02-05 22:30:00,26.56,22:30:00
2026-02-05 22:45:00,25.7,22:45:00
2026-02-05 23:00:00,24.74,23:00:00
2026-02-05 23:15:00,24.52,23:15:00
2026-02-05 23:30:00,24.29,23:30:00
2026-02-05 23:45:00,24.26,23:45:00
2026-02-06 00:00:00,21.33,00:00:00
2026-02-06 00:15:00,21.18,00:15:00
2026-02-06 00:30:00,21.18,00:30:00
2026-02-06 00:45:00,21.3,00:45:00
2026-02-06 01:00:00,23.06,01:00:00
2026-02-06 01:15:00,23.05,01:15:00
2026-02-06 01:30:00,22.9,01:30:00
2026-02-06 01:45:00,22.3,01:45:00
2026-02-06 02:00:00,24.56,02:00:00
2026-02-06 02:15:00,24.29,02:15:00
2026-02-06 02:30:00,24.33,02:30:00
2026-02-06 02:45:00,24.48,02:45:00
2026-02-06 03:00:00,25.31,03:00:00
2026-02-06 03:15:00,27.17,03:15:00
2026-02-06 03:30:00,27.49,03:30:00
2026-02-06 03:45:00,27.24,03:45:00
2026-02-06 04:00:00,25.76,04:00:00
2026-02-06 04:15:00,26.49,04:15:00
2026-02-06 04:30:00,26.25,04:30:00
2026-02-06 04:45:00,26.17,04:45:00
2026-02-06 05:00:00,25.79,05:00:00
2026-02-06 05:15:00,24.55,05:15:00
2026-02-06 05:30:00,23.51,05:30:00
2026-02-06 05:45:00,23.6,05:45:00
2026-02-06 06:00:00,24.39,06:00:00
2026-02-06 06:15:00,25.0,06:15:00
2026-02-06 06:30:00,26.26,06:30:00
2026-02-06 06:45:00,26.56,06:45:00
2026-02-06 07:00:00,25.46,07:00:00
2026-02-06 07:15:00,25.49,07:15:00
2026-02-06 07:30:00,25.69,07:30:00
2026-02-06 07:45:00,26.09,07:45:00
2026-02-06 08:00:00,26.59,08:00:00
2026-02-06 08:15:00,26.21,08:15:00
2026-02-06 08:30:00,25.09,08:30:00
2026-02-06 08:45:00,24.75,08:45:00
2026-02-06 09:00:00,25.7,09:00:00
2026-02-06 09:15:00,25.73,09:15:00
2026-02-06 09:30:00,25.71,09:30:00
2026-02-06 09:45:00,25.62,09:45:00
2026-02-06 10:00:00,23.96,10:00:00
2026-02-06 10:15:00,23.95,10:15:00
2026-02-06 10:30:00,24.19,10:30:00
2026-02-06 10:45:00,24.62,10:45:00
2026-02-06 11:00:00,23.59,11:00:00
2026-02-06 11:15:00,23.54,11:15:00
2026-02-06 11:30:00,23.53,11:30:00
2026-02-06 11:45:00,23.56,11:45:00
2026-02-06 12:00:00,23.3,12:00:00
2026-02-06 12:15:00,23.32,12:15:00
2026-02-06 12:30:00,23.4,12:30:00
2026-02-06 12:45:00,23.27,12:45:00
2026-02-06 13:00:00,23.57,13:00:00
2026-02-06 13:15:00,23.59,13:15:00
2026-02-06 13:30:00,23.51,13:30:00
2026-02-06 13:45:00,23.49,13:45:00
2026-02-06 14:00:00,24.49,14:00:00
2026-02-06 14:15:00,24.49,14:15:00
2026-02-06 14:30:00,24.6,14:30:00
2026-02-06 14:45:00,24.54,14:45:00
2026-02-06 15:00:00,24.76,15:00:00
2026-02-06 15:15:00,24.57,15:15:00
2026-02-06 15:30:00,24.43,15:30:00
2026-02-06 15:45:00,24.24,15:45:00
2026-02-06 16:00:00,23.53,16:00:00
2026-02-06 16:15:00,23.34,16:15:00
2026-02-06 16:30:00,23.32,16:30:00
2026-02-06 16:45:00,23.36,16:45:00
2026-02-06 17:00:00,24.0,17:00:00
2026-02-06 17:15:00,23.97,17:15:00
2026-02-06 17:30:00,24.01,17:30:00
2026-02-06 17:45:00,24.09,17:45:00
2026-02-06 18:00:00,22.78,18:00:00
2026-02-06 18:15:00,22.83,18:15:00
2026-02-06 18:30:00,22.9,18:30:00
2026-02-06 18:45:00,22.98,18:45:00
2026-02-06 19:00:00,23.11,19:00:00
2026-02-06 19:15:00,23.23,19:15:00
2026-02-06 19:30:00,23.23,19:30:00
2026-02-06 19:45:00,23.34,19:45:00
2026-02-06 20:00:00,22.81,20:00:00
2026-02-06 20:15:00,22.81,20:15:00
2026-02-06 20:30:00,23.06,20:30:00
2026-02-06 20:45:00,23.37,20:45:00
2026-02-06 21:00:00,23.05,21:00:00
2026-02-06 21:15:00,23.15,21:15:00
2026-02-06 21:30:00,23.75,21:30:00
2026-02-06 21:45:00,24.03,21:45:00
2026-02-06 22:00:00,24.21,22:00:00
2026-02-06 22:15:00,24.18,22:15:00
2026-02-06 22:30:00,24.28,22:30:00
2026-02-06 22:45:00,25.55,22:45:00
2026-02-06 23:00:00,24.76,23:00:00
2026-02-06 23:15:00,25.14,23:15:00
2026-02-06 23:30:00,25.0,23:30:00
2026-02-06 23:45:00,24.95,23:45:00
2026-02-07 00:00:00,25.66,00:00:00
2026-02-07 00:15:00,26.39,00:15:00
2026-02-07 00:30:00,26.37,00:30:00
2026-02-07 00:45:00,26.58,00:45:00
2026-02-07 01:00:00,26.76,01:00:00
2026-02-07 01:15:00,26.65,01:15:00
2026-02-07 01:30:00,26.54,01:30:00
2026-02-07 01:45:00,26.2,01:45:00
2026-02-07 02:00:00,25.59,02:00:00
2026-02-07 02:15:00,26.31,02:15:00
2026-02-07 02:30:00,25.86,02:30:00
2026-02-07 02:45:00,25.68,02:45:00
2026-02-07 03:00:00,26.45,03:00:00
2026-02-07 03:15:00,26.54,03:15:00
2026-02-07 03:30:00,26.43,03:30:00
2026-02-07 03:45:00,26.06,03:45:00
2026-02-07 04:00:00,24.97,04:00:00
2026-02-07 04:15:00,24.92,04:15:00
2026-02-07 04:30:00,24.76,04:30:00
2026-02-07 04:45:00,24.78,04:45:00
2026-02-07 05:00:00,24.13,05:00:00
2026-02-07 05:15:00,24.06,05:15:00
2026-02-07 05:30:00,24.15,05:30:00
2026-02-07 05:45:00,24.08,05:45:00
2026-02-07 06:00:00,23.87,06:00:00
2026-02-07 06:15:00,23.67,06:15:00
2026-02-07 06:30:00,23.47,06:30:00
2026-02-07 06:45:00,23.41,06:45:00
2026-02-07 07:00:00,22.99,07:00:00
2026-02-07 07:15:00,22.97,07:15:00
2026-02-07 07:30:00,22.78,07:30:00
2026-02-07 07:45:00,22.45,07:45:00
2026-02-07 08:00:00,22.59,08:00:00
2026-02-07 08:15:00,22.45,08:15:00
2026-02-07 08:30:00,22.84,08:30:00
2026-02-07 08:45:00,22.98,08:45:00
2026-02-07 09:00:00,22.78,09:00:00
2026-02-07 09:15:00,23.24,09:15:00
2026-02-07 09:30:00,23.79,09:30:00
2026-02-07 09:45:00,24.1,09:45:00
2026-02-07 10:00:00,24.55,10:00:00
2026-02-07 10:15:00,24.85,10:15:00
2026-02-07 10:30:00,25.08,10:30:00
2026-02-07 10:45:00,24.85,10:45:00
2026-02-07 11:00:00,25.41,11:00:00
2026-02-07 11:15:00,25.39,11:15:00
2026-02-07 11:30:00,25.49,11:30:00
2026-02-07 11:45:00,26.11,11:45:00
2026-02-07 12:00:00,27.56,12:00:00
2026-02-07 12:15:00,29.4,12:15:00
2026-02-07 12:30:00,29.81,12:30:00
2026-02-07 12:45:00,29.91,12:45:00
2026-02-07 13:00:00,26.91,13:00:00
2026-02-07 13:15:00,24.97,13:15:00
2026-02-07 13:30:00,24.68,13:30:00
2026-02-07 13:45:00,24.65,13:45:00
2026-02-07 14:00:00,24.95,14:00:00
2026-02-07 14:15:00,24.68,14:15:00
2026-02-07 14:30:00,26.1,14:30:00
2026-02-07 14:45:00,24.83,14:45:00
2026-02-07 15:00:00,25.03,15:00:00
2026-02-07 15:15:00,25.15,15:15:00
2026-02-07 15:30:00,25.4,15:30:00
2026-02-07 15:45:00,24.65,15:45:00
2026-02-07 16:00:00,23.53,16:00:00
2026-02-07 16:15:00,23.68,16:15:00
2026-02-07 16:30:00,24.54,16:30:00
2026-02-07 16:45:00,23.97,16:45:00
2026-02-07 17:00:00,23.77,17:00:00
2026-02-07 17:15:00,23.04,17:15:00
2026-02-07 17:30:00,22.94,17:30:00
2026-02-07 17:45:00,23.37,17:45:00
2026-02-07 18:00:00,24.82,18:00:00
2026-02-07 18:15:00,25.05,18:15:00
2026-02-07 18:30:00,24.88,18:30:00
2026-02-07 18:45:00,25.11,18:45:00
2026-02-07 19:00:00,25.27,19:00:00
2026-02-07 19:15:00,25.16,19:15:00
2026-02-07 19:30:00,26.08,19:30:00
2026-02-07 19:45:00,25.58,19:45:00
2026-02-07 20:00:00,24.45,20:00:00
2026-02-07 20:15:00,26.62,20:15:00
2026-02-07 20:30:00,26.34,20:30:00
2026-02-07 20:45:00,27.22,20:45:00
2026-02-07 21:00:00,25.94,21:00:00
2026-02-07 21:15:00,27.39,21:15:00
2026-02-07 21:30:00,28.35,21:30:00
2026-02-07 21:45:00,27.36,21:45:00
2026-02-07 22:00:00,28.34,22:00:00
2026-02-07 22:15:00,28.46,22:15:00
2026-02-07 22:30:00,26.9,22:30:00
2026-02-07 22:45:00,27.21,22:45:00
2026-02-07 23:00:00,26.77,23:00:00
2026-02-07 23:15:00,27.15,23:15:00
2026-02-07 23:30:00,27.99,23:30:00
2026-02-07 23:45:00,27.87,23:45:00
2026-02-08 00:00:00,28.98,00:00:00
2026-02-08 00:15:00,29.04,00:15:00
2026-02-08 00:30:00,28.04,00:30:00
2026-02-08 00:45:00,27.55,00:45:00
2026-02-08 01:00:00,27.86,01:00:00
2026-02-08 01:15:00,28.06,01:15:00
2026-02-08 01:30:00,27.6,01:30:00
2026-02-08 01:45:00,27.7,01:45:00
2026-02-08 02:00:00,27.65,02:00:00
2026-02-08 02:15:00,27.7,02:15:00
2026-02-08 02:30:00,27.71,02:30:00
2026-02-08 02:45:00,27.55,02:45:00
2026-02-08 03:00:00,27.75,03:00:00
2026-02-08 03:15:00,27.75,03:15:00
2026-02-08 03:30:00,27.49,03:30:00
2026-02-08 03:45:00,27.39,03:45:00
2026-02-08 04:00:00,27.53,04:00:00
2026-02-08 04:15:00,27.4,04:15:00
2026-02-08 04:30:00,27.41,04:30:00
2026-02-08 04:45:00,27.49,04:45:00
2026-02-08 05:00:00,27.58,05:00:00
2026-02-08 05:15:00,27.66,05:15:00
2026-02-08 05:30:00,28.11,05:30:00
2026-02-08 05:45:00,27.5,05:45:00
2026-02-08 06:00:00,28.32,06:00:00
2026-02-08 06:15:00,28.65,06:15:00
2026-02-08 06:30:00,28.58,06:30:00
2026-02-08 06:45:00,29.06,06:45:00
2026-02-08 07:00:00,28.9,07:00:00
2026-02-08 07:15:00,28.98,07:15:00
2026-02-08 07:30:00,28.95,07:30:00
2026-02-08 07:45:00,29.58,07:45:00
2026-02-08 08:00:00,29.2,08:00:00
2026-02-08 08:15:00,30.87,08:15:00
2026-02-08 08:30:00,33.1,08:30:00
2026-02-08 08:45:00,33.06,08:45:00
2026-02-08 09:00:00,33.47,09:00:00
2026-02-08 09:15:00,33.33,09:15:00
2026-02-08 09:30:00,33.99,09:30:00
2026-02-08 09:45:00,34.97,09:45:00
2026-02-08 10:00:00,34.64,10:00:00
2026-02-08 10:15:00,34.04,10:15:00
2026-02-08 10:30:00,33.2,10:30:00
2026-02-08 10:45:00,33.21,10:45:00
2026-02-08 11:00:00,32.91,11:00:00
2026-02-08 11:15:00,33.17,11:15:00
2026-02-08 11:30:00,33.43,11:30:00
2026-02-08 11:45:00,34.1,11:45:00
2026-02-08 12:00:00,33.31,12:00:00
2026-02-08 12:15:00,33.63,12:15:00
2026-02-08 12:30:00,34.62,12:30:00
2026-02-08 12:45:00,35.28,12:45:00
2026-02-08 13:00:00,36.89,13:00:00
2026-02-08 13:15:00,36.76,13:15:00
2026-02-08 13:30:00,34.21,13:30:00
2026-02-08 13:45:00,29.64,13:45:00
2026-02-08 14:00:00,31.23,14:00:00
2026-02-08 14:15:00,30.32,14:15:00
2026-02-08 14:30:00,28.94,14:30:00
2026-02-08 14:45:00,30.01,14:45:00
2026-02-08 15:00:00,28.83,15:00:00
2026-02-08 15:15:00,28.0,15:15:00
2026-02-08 15:30:00,27.0,15:30:00
2026-02-08 15:45:00,26.4,15:45:00
2026-02-08 16:00:00,26.11,16:00:00
2026-02-08 16:15:00,26.37,16:15:00
2026-02-08 16:30:00,26.82,16:30:00
2026-02-08 16:45:00,26.95,16:45:00
2026-02-08 17:00:00,26.68,17:00:00
2026-02-08 17:15:00,26.44,17:15:00
2026-02-08 17:30:00,26.31,17:30:00
2026-02-08 17:45:00,26.02,17:45:00
2026-02-08 18:00:00,26.11,18:00:00
2026-02-08 18:15:00,26.0,18:15:00
2026-02-08 18:30:00,25.84,18:30:00
2026-02-08 18:45:00,25.76,18:45:00
2026-02-08 19:00:00,25.97,19:00:00
2026-02-08 19:15:00,26.11,19:15:00
2026-02-08 19:30:00,26.73,19:30:00
2026-02-08 19:45:00,30.48,19:45:00
2026-02-08 20:00:00,27.46,20:00:00
2026-02-08 20:15:00,27.38,20:15:00
2026-02-08 20:30:00,29.3,20:30:00
2026-02-08 20:45:00,32.97,20:45:00
2026-02-08 21:00:00,33.73,21:00:00
2026-02-08 21:15:00,33.89,21:15:00
2026-02-08 21:30:00,32.12,21:30:00
2026-02-08 21:45:00,31.9,21:45:00
2026-02-08 22:00:00,29.88,22:00:00
2026-02-08 22:15:00,27.86,22:15:00
2026-02-08 22:30:00,29.82,22:30:00
2026-02-08 22:45:00,30.11,22:45:00
2026-02-08 23:00:00,29.47,23:00:00
2026-02-08 23:15:00,32.72,23:15:00
2026-02-08 23:30:00,34.86,23:30:00
2026-02-08 23:45:00,34.74,23:45:00
2026-02-09 00:00:00,32.46,00:00:00
2026-02-09 00:15:00,33.56,00:15:00
2026-02-09 00:30:00,33.62,00:30:00
2026-02-09 00:45:00,33.27,00:45:00
2026-02-09 01:00:00,30.51,01:00:00
2026-02-09 01:15:00,29.9,01:15:00
2026-02-09 01:30:00,28.37,01:30:00
2026-02-09 01:45:00,27.91,01:45:00
2026-02-09 02:00:00,26.93,02:00:00
2026-02-09 02:15:00,28.37,02:15:00
2026-02-09 02:30:00,26.9,02:30:00
2026-02-09 02:45:00,27.0,02:45:00
2026-02-09 03:00:00,30.33,03:00:00
2026-02-09 03:15:00,28.99,03:15:00
2026-02-09 03:30:00,27.51,03:30:00
2026-02-09 03:45:00,27.54,03:45:00
2026-02-09 04:00:00,27.57,04:00:00
2026-02-09 04:15:00,27.8,04:15:00
2026-02-09 04:30:00,31.29,04:30:00
2026-02-09 04:45:00,31.65,04:45:00
2026-02-09 05:00:00,31.87,05:00:00
2026-02-09 05:15:00,26.63,05:15:00
2026-02-09 05:30:00,25.97,05:30:00
2026-02-09 05:45:00,26.39,05:45:00
2026-02-09 06:00:00,27.73,06:00:00
2026-02-09 06:15:00,27.8,06:15:00
2026-02-09 06:30:00,27.84,06:30:00
2026-02-09 06:45:00,27.98,06:45:00
2026-02-09 07:00:00,28.47,07:00:00
2026-02-09 07:15:00,28.88,07:15:00
2026-02-09 07:30:00,28.77,07:30:00
2026-02-09 07:45:00,28.88,07:45:00
2026-02-09 08:00:00,29.15,08:00:00
2026-02-09 08:15:00,29.25,08:15:00
2026-02-09 08:30:00,30.95,08:30:00
2026-02-09 08:45:00,31.81,08:45:00
2026-02-09 09:00:00,31.81,09:00:00
2026-02-09 09:15:00,32.18,09:15:00
2026-02-09 09:30:00,32.85,09:30:00
2026-02-09 09:45:00,35.0,09:45:00
2026-02-09 10:00:00,36.79,10:00:00
2026-02-09 10:15:00,37.37,10:15:00
2026-02-09 10:30:00,38.14,10:30:00
2026-02-09 10:45:00,39.61,10:45:00
2026-02-09 11:00:00,40.88,11:00:00
2026-02-09 11:15:00,41.13,11:15:00
2026-02-09 11:30:00,41.22,11:30:00
2026-02-09 11:45:00,41.44,11:45:00
2026-02-09 12:00:00,41.91,12:00:00
2026-02-09 12:15:00,42.19,12:15:00
2026-02-09 12:30:00,42.39,12:30:00
2026-02-09 12:45:00,42.6,12:45:00
2026-02-09 13:00:00,42.89,13:00:00
2026-02-09 13:15:00,42.9,13:15:00
2026-02-09 13:30:00,43.01,13:30:00
2026-02-09 13:45:00,42.98,13:45:00
2026-02-09 14:00:00,41.71,14:00:00
2026-02-09 14:15:00,41.06,14:15:00
2026-02-09 14:30:00,39.47,14:30:00
2026-02-09 14:45:00,40.62,14:45:00
2026-02-09 15:00:00,42.51,15:00:00
2026-02-09 15:15:00,42.56,15:15:00
2026-02-09 15:30:00,42.5,15:30:00
2026-02-09 15:45:00,42.34,15:45:00
2026-02-09 16:00:00,41.75,16:00:00
2026-02-09 16:15:00,41.96,16:15:00
2026-02-09 16:30:00,42.14,16:30:00
2026-02-09 16:45:00,41.95,16:45:00
2026-02-09 17:00:00,41.48,17:00:00
2026-02-09 17:15:00,41.73,17:15:00
2026-02-09 17:30:00,41.52,17:30:00
2026-02-09 17:45:00,41.19,17:45:00
2026-02-09 18:00:00,41.23,18:00:00
2026-02-09 18:15:00,40.88,18:15:00
2026-02-09 18:30:00,40.5,18:30:00
2026-02-09 18:45:00,40.74,18:45:00
2026-02-09 19:00:00,41.69,19:00:00
2026-02-09 19:15:00,41.8,19:15:00
2026-02-09 19:30:00,41.72,19:30:00
2026-02-09 19:45:00,41.86,19:45:00
2026-02-09 20:00:00,41.36,20:00:00
2026-02-09 20:15:00,41.53,20:15:00
2026-02-09 20:30:00,41.8,20:30:00
2026-02-09 20:45:00,42.22,20:45:00
2026-02-09 21:00:00,42.57,21:00:00
2026-02-09 21:15:00,42.35,21:15:00
2026-02-09 21:30:00,41.99,21:30:00
2026-02-09 21:45:00,42.8,21:45:00
2026-02-09 22:00:00,42.65,22:00:00
2026-02-09 22:15:00,43.17,22:15:00
2026-02-09 22:30:00,43.77,22:30:00
2026-02-09 22:45:00,44.78,22:45:00
2026-02-09 23:00:00,43.74,23:00:00
2026-02-09 23:15:00,44.0,23:15:00
2026-02-09 23:30:00,42.59,23:30:00
2026-02-09 23:45:00,42.75,23:45:00
2026-02-10 00:00:00,43.73,00:00:00
2026-02-10 00:15:00,44.03,00:15:00
2026-02-10 00:30:00,44.21,00:30:00
2026-02-10 00:45:00,44.68,00:45:00
2026-02-10 01:00:00,45.72,01:00:00
2026-02-10 01:15:00,46.31,01:15:00
2026-02-10 01:30:00,45.18,01:30:00
2026-02-10 01:45:00,45.21,01:45:00
2026-02-10 02:00:00,45.61,02:00:00
2026-02-10 02:15:00,45.3,02:15:00
2026-02-10 02:30:00,44.18,02:30:00
2026-02-10 02:45:00,44.02,02:45:00
2026-02-10 03:00:00,44.56,03:00:00
2026-02-10 03:15:00,44.83,03:15:00
2026-02-10 03:30:00,44.97,03:30:00
2026-02-10 03:45:00,44.05,03:45:00
2026-02-10 04:00:00,43.11,04:00:00
2026-02-10 04:15:00,43.03,04:15:00
2026-02-10 04:30:00,42.19,04:30:00
2026-02-10 04:45:00,41.59,04:45:00
2026-02-10 05:00:00,40.64,05:00:00
2026-02-10 05:15:00,39.89,05:15:00
2026-02-10 05:30:00,39.3,05:30:00
2026-02-10 05:45:00,39.32,05:45:00
2026-02-10 06:00:00,39.47,06:00:00
2026-02-10 06:15:00,39.75,06:15:00
2026-02-10 06:30:00,40.56,06:30:00
2026-02-10 06:45:00,41.61,06:45:00
2026-02-10 07:00:00,41.71,07:00:00
2026-02-10 07:15:00,41.69,07:15:00
2026-02-10 07:30:00,41.99,07:30:00
2026-02-10 07:45:00,41.67,07:45:00
2026-02-10 08:00:00,40.93,08:00:00
2026-02-10 08:15:00,41.15,08:15:00
2026-02-10 08:30:00,41.13,08:30:00
2026-02-10 08:45:00,40.79,08:45:00
2026-02-10 09:00:00,40.69,09:00:00
2026-02-10 09:15:00,40.9,09:15:00
2026-02-10 09:30:00,40.67,09:30:00
2026-02-10 09:45:00,40.68,09:45:00
2026-02-10 10:00:00,41.41,10:00:00
2026-02-10 10:15:00,41.28,10:15:00
2026-02-10 10:30:00,41.65,10:30:00
2026-02-10 10:45:00,42.02,10:45:00
2026-02-10 11:00:00,42.33,11:00:00
2026-02-10 11:15:00,42.8,11:15:00
2026-02-10 11:30:00,42.56,11:30:00
2026-02-10 11:45:00,41.88,11:45:00
2026-02-10 12:00:00,40.57,12:00:00
2026-02-10 12:15:00,40.8,12:15:00
2026-02-10 12:30:00,42.39,12:30:00
2026-02-10 12:45:00,42.29,12:45:00
2026-02-10 13:00:00,42.06,13:00:00
2026-02-10 13:15:00,41.57,13:15:00
2026-02-10 13:30:00,41.38,13:30:00
2026-02-10 13:45:00,41.21,13:45:00
2026-02-10 14:00:00,38.54,14:00:00
2026-02-10 14:15:00,38.76,14:15:00
2026-02-10 14:30:00,38.82,14:30:00
2026-02-10 14:45:00,39.05,14:45:00
2026-02-10 15:00:00,40.31,15:00:00
2026-02-10 15:15:00,40.59,15:15:00
2026-02-10 15:30:00,40.81,15:30:00
2026-02-10 15:45:00,40.71,15:45:00
2026-02-10 16:00:00,41.08,16:00:00
2026-02-10 16:15:00,40.89,16:15:00
2026-02-10 16:30:00,40.6,16:30:00
2026-02-10 16:45:00,40.23,16:45:00
2026-02-10 17:00:00,39.46,17:00:00
2026-02-10 17:15:00,39.51,17:15:00
2026-02-10 17:30:00,39.76,17:30:00
2026-02-10 17:45:00,39.62,17:45:00
2026-02-10 18:00:00,38.61,18:00:00
2026-02-10 18:15:00,37.47,18:15:00
2026-02-10 18:30:00,37.43,18:30:00
2026-02-10 18:45:00,37.37,18:45:00
2026-02-10 19:00:00,37.46,19:00:00
2026-02-10 19:15:00,38.15,19:15:00
2026-02-10 19:30:00,38.46,19:30:00
2026-02-10 19:45:00,37.87,19:45:00
2026-02-10 20:00:00,36.34,20:00:00
2026-02-10 20:15:00,35.75,20:15:00
2026-02-10 20:30:00,37.02,20:30:00
2026-02-10 20:45:00,37.58,20:45:00
2026-02-10 21:00:00,39.17,21:00:00
2026-02-10 21:15:00,39.2,21:15:00
2026-02-10 21:30:00,39.68,21:30:00
2026-02-10 21:45:00,39.52,21:45:00
2026-02-10 22:00:00,38.15,22:00:00
2026-02-10 22:15:00,37.13,22:15:00
2026-02-10 22:30:00,36.63,22:30:00
2026-02-10 22:45:00,38.93,22:45:00
2026-02-10 23:00:00,40.4,23:00:00
2026-02-10 23:15:00,40.77,23:15:00
2026-02-10 23:30:00,40.48,23:30:00
2026-02-10 23:45:00,40.6,23:45:00
2026-02-11 00:00:00,41.07,00:00:00
2026-02-11 00:15:00,41.19,00:15:00
2026-02-11 00:30:00,41.17,00:30:00
2026-02-11 00:45:00,41.06,00:45:00
2026-02-11 01:00:00,41.23,01:00:00
2026-02-11 01:15:00,41.65,01:15:00
2026-02-11 01:30:00,41.4,01:30:00
2026-02-11 01:45:00,41.1,01:45:00
2026-02-11 02:00:00,40.54,02:00:00
2026-02-11 02:15:00,40.01,02:15:00
2026-02-11 02:30:00,40.07,02:30:00
2026-02-11 02:45:00,40.21,02:45:00
2026-02-11 03:00:00,40.09,03:00:00
2026-02-11 03:15:00,40.07,03:15:00
2026-02-11 03:30:00,39.57,03:30:00
2026-02-11 03:45:00,39.17,03:45:00
2026-02-11 04:00:00,38.86,04:00:00
2026-02-11 04:15:00,39.2,04:15:00
2026-02-11 04:30:00,39.33,04:30:00
2026-02-11 04:45:00,38.97,04:45:00
2026-02-11 05:00:00,37.46,05:00:00
2026-02-11 05:15:00,36.8,05:15:00
2026-02-11 05:30:00,36.45,05:30:00
2026-02-11 05:45:00,36.08,05:45:00
2026-02-11 06:00:00,36.64,06:00:00
2026-02-11 06:15:00,36.29,06:15:00
2026-02-11 06:30:00,36.3,06:30:00
2026-02-11 06:45:00,36.29,06:45:00
2026-02-11 07:00:00,36.75,07:00:00
2026-02-11 07:15:00,37.14,07:15:00
2026-02-11 07:30:00,37.92,07:30:00
2026-02-11 07:45:00,38.17,07:45:00
2026-02-11 08:00:00,38.62,08:00:00
2026-02-11 08:15:00,38.61,08:15:00
2026-02-11 08:30:00,38.8,08:30:00
2026-02-11 08:45:00,38.72,08:45:00
2026-02-11 09:00:00,39.32,09:00:00
2026-02-11 09:15:00,39.21,09:15:00
2026-02-11 09:30:00,38.78,09:30:00
2026-02-11 09:45:00,39.13,09:45:00
2026-02-11 10:00:00,38.9,10:00:00
2026-02-11 10:15:00,38.85,10:15:00
2026-02-11 10:30:00,38.74,10:30:00
2026-02-11 10:45:00,38.69,10:45:00
2026-02-11 11:00:00,38.63,11:00:00
2026-02-11 11:15:00,39.28,11:15:00
2026-02-11 11:30:00,39.05,11:30:00
2026-02-11 11:45:00,38.65,11:45:00
2026-02-11 12:00:00,38.75,12:00:00
2026-02-11 12:15:00,38.71,12:15:00
2026-02-11 12:30:00,39.04,12:30:00
2026-02-11 12:45:00,38.49,12:45:00
2026-02-11 13:00:00,38.9,13:00:00
2026-02-11 13:15:00,39.11,13:15:00
2026-02-11 13:30:00,39.08,13:30:00
2026-02-11 13:45:00,39.05,13:45:00
2026-02-11 14:00:00,38.38,14:00:00
2026-02-11 14:15:00,38.59,14:15:00
2026-02-11 14:30:00,38.51,14:30:00
2026-02-11 14:45:00,38.32,14:45:00
2026-02-11 15:00:00,39.09,15:00:00
2026-02-11 15:15:00,39.15,15:15:00
2026-02-11 15:30:00,39.16,15:30:00
2026-02-11 15:45:00,39.0,15:45:00
2026-02-11 16:00:00,37.61,16:00:00
2026-02-11 16:15:00,37.27,16:15:00
2026-02-11 16:30:00,36.84,16:30:00
2026-02-11 16:45:00,36.53,16:45:00
2026-02-11 17:00:00,35.8,17:00:00
2026-02-11 17:15:00,35.62,17:15:00
2026-02-11 17:30:00,35.47,17:30:00
2026-02-11 17:45:00,35.31,17:45:00
2026-02-11 18:00:00,34.71,18:00:00
2026-02-11 18:15:00,34.54,18:15:00
2026-02-11 18:30:00,34.74,18:30:00
2026-02-11 18:45:00,35.38,18:45:00
2026-02-11 19:00:00,36.06,19:00:00
2026-02-11 19:15:00,36.08,19:15:00
2026-02-11 19:30:00,35.97,19:30:00
2026-02-11 19:45:00,36.32,19:45:00
2026-02-11 20:00:00,36.12,20:00:00
2026-02-11 20:15:00,36.19,20:15:00
2026-02-11 20:30:00,36.45,20:30:00
2026-02-11 20:45:00,36.44,20:45:00
2026-02-11 21:00:00,36.1,21:00:00
2026-02-11 21:15:00,36.38,21:15:00
2026-02-11 21:30:00,36.55,21:30:00
2026-02-11 21:45:00,36.39,21:45:00
2026-02-11 22:00:00,34.56,22:00:00
2026-02-11 22:15:00,36.0,22:15:00
2026-02-11 22:30:00,36.17,22:30:00
2026-02-11 22:45:00,35.88,22:45:00
2026-02-11 23:00:00,35.61,23:00:00
2026-02-11 23:15:00,35.67,23:15:00
2026-02-11 23:30:00,35.43,23:30:00
2026-02-11 23:45:00,34.79,23:45:00
2026-02-12 00:00:00,36.21,00:00:00
2026-02-12 00:15:00,36.51,00:15:00
2026-02-12 00:30:00,37.1,00:30:00
2026-02-12 00:45:00,37.0,00:45:00
2026-02-12 01:00:00,37.06,01:00:00
2026-02-12 01:15:00,37.12,01:15:00
2026-02-12 01:30:00,35.35,01:30:00
2026-02-12 01:45:00,34.71,01:45:00
2026-02-12 02:00:00,34.24,02:00:00
2026-02-12 02:15:00,34.35,02:15:00
2026-02-12 02:30:00,33.91,02:30:00
2026-02-12 02:45:00,33.72,02:45:00
2026-02-12 03:00:00,34.5,03:00:00
2026-02-12 03:15:00,34.29,03:15:00
2026-02-12 03:30:00,34.1,03:30:00
2026-02-12 03:45:00,34.26,03:45:00
2026-02-12 04:00:00,33.77,04:00:00
2026-02-12 04:15:00,33.24,04:15:00
2026-02-12 04:30:00,32.9,04:30:00
2026-02-12 04:45:00,32.14,04:45:00
2026-02-12 05:00:00,32.81,05:00:00
2026-02-12 05:15:00,32.66,05:15:00
2026-02-12 05:30:00,32.19,05:30:00
2026-02-12 05:45:00,32.09,05:45:00
2026-02-12 06:00:00,31.82,06:00:00
2026-02-12 06:15:00,31.67,06:15:00
2026-02-12 06:30:00,31.98,06:30:00
2026-02-12 06:45:00,32.16,06:45:00
2026-02-12 07:00:00,33.07,07:00:00
2026-02-12 07:15:00,32.73,07:15:00
2026-02-12 07:30:00,32.73,07:30:00
2026-02-12 07:45:00,32.83,07:45:00
2026-02-12 08:00:00,33.74,08:00:00
2026-02-12 08:15:00,33.47,08:15:00
2026-02-12 08:30:00,33.51,08:30:00
2026-02-12 08:45:00,33.22,08:45:00
2026-02-12 09:00:00,33.44,09:00:00
2026-02-12 09:15:00,35.29,09:15:00
2026-02-12 09:30:00,35.66,09:30:00
2026-02-12 09:45:00,35.86,09:45:00
2026-02-12 10:00:00,36.06,10:00:00
2026-02-12 10:15:00,36.32,10:15:00
2026-02-12 10:30:00,36.57,10:30:00
2026-02-12 10:45:00,36.46,10:45:00
2026-02-12 11:00:00,36.08,11:00:00
2026-02-12 11:15:00,36.12,11:15:00
2026-02-12 11:30:00,36.21,11:30:00
2026-02-12 11:45:00,36.36,11:45:00
2026-02-12 12:00:00,36.17,12:00:00
2026-02-12 12:15:00,36.52,12:15:00
2026-02-12 12:30:00,36.72,12:30:00
2026-02-12 12:45:00,36.59,12:45:00
2026-02-12 13:00:00,36.18,13:00:00
2026-02-12 13:15:00,35.71,13:15:00
2026-02-12 13:30:00,35.29,13:30:00
2026-02-12 13:45:00,35.77,13:45:00
2026-02-12 14:00:00,36.2,14:00:00
2026-02-12 14:15:00,35.76,14:15:00
2026-02-12 14:30:00,35.11,14:30:00
2026-02-12 14:45:00,35.01,14:45:00
2026-02-12 15:00:00,34.57,15:00:00
2026-02-12 15:15:00,34.55,15:15:00
2026-02-12 15:30:00,34.47,15:30:00
2026-02-12 15:45:00,34.32,15:45:00
2026-02-12 16:00:00,34.58,16:00:00
2026-02-12 16:15:00,34.31,16:15:00
2026-02-12 16:30:00,34.39,16:30:00
2026-02-12 16:45:00,34.37,16:45:00
2026-02-12 17:00:00,33.31,17:00:00
2026-02-12 17:15:00,33.16,17:15:00
2026-02-12 17:30:00,33.34,17:30:00
2026-02-12 17:45:00,33.9,17:45:00
2026-02-12 18:00:00,32.3,18:00:00
2026-02-12 18:15:00,32.01,18:15:00
2026-02-12 18:30:00,31.89,18:30:00
2026-02-12 18:45:00,31.33,18:45:00
2026-02-12 19:00:00,30.7,19:00:00
2026-02-12 19:15:00,30.14,19:15:00
2026-02-12 19:30:00,29.82,19:30:00
2026-02-12 19:45:00,30.25,19:45:00
2026-02-12 20:00:00,31.11,20:00:00
2026-02-12 20:15:00,31.91,20:15:00
2026-02-12 20:30:00,31.9,20:30:00
2026-02-12 20:45:00,32.35,20:45:00
2026-02-12 21:00:00,32.23,21:00:00
2026-02-12 21:15:00,33.23,21:15:00
2026-02-12 21:30:00,33.36,21:30:00
2026-02-12 21:45:00,33.2,21:45:00
2026-02-12 22:00:00,34.35,22:00:00
2026-02-12 22:15:00,34.26,22:15:00
2026-02-12 22:30:00,33.45,22:30:00
2026-02-12 22:45:00,33.92,22:45:00
2026-02-12 23:00:00,32.91,23:00:00
2026-02-12 23:15:00,32.02,23:15:00
2026-02-12 23:30:00,31.26,23:30:00
2026-02-12 23:45:00,31.26,23:45:00
2026-02-13 00:00:00,31.27,00:00:00
2026-02-13 00:15:00,31.35,00:15:00
2026-02-13 00:30:00,30.97,00:30:00
2026-02-13 00:45:00,31.67,00:45:00
2026-02-13 01:00:00,34.04,01:00:00
2026-02-13 01:15:00,34.15,01:15:00
2026-02-13 01:30:00,33.91,01:30:00
2026-02-13 01:45:00,34.18,01:45:00
2026-02-13 02:00:00,35.8,02:00:00
2026-02-13 02:15:00,36.11,02:15:00
2026-02-13 02:30:00,36.14,02:30:00
2026-02-13 02:45:00,36.19,02:45:00
2026-02-13 03:00:00,34.9,03:00:00
2026-02-13 03:15:00,33.31,03:15:00
2026-02-13 03:30:00,34.72,03:30:00
2026-02-13 03:45:00,34.79,03:45:00
2026-02-13 04:00:00,33.67,04:00:00
2026-02-13 04:15:00,33.37,04:15:00
2026-02-13 04:30:00,34.16,04:30:00
2026-02-13 04:45:00,34.42,04:45:00
2026-02-13 05:00:00,35.11,05:00:00
2026-02-13 05:15:00,35.21,05:15:00
2026-02-13 05:30:00,35.82,05:30:00
2026-02-13 05:45:00,35.52,05:45:00
2026-02-13 06:00:00,34.9,06:00:00
2026-02-13 06:15:00,34.37,06:15:00
2026-02-13 06:30:00,34.09,06:30:00
2026-02-13 06:45:00,34.36,06:45:00
2026-02-13 07:00:00,35.1,07:00:00
2026-02-13 07:15:00,35.24,07:15:00
2026-02-13 07:30:00,35.09,07:30:00
2026-02-13 07:45:00,35.09,07:45:00
2026-02-13 08:00:00,35.12,08:00:00
2026-02-13 08:15:00,34.88,08:15:00
2026-02-13 08:30:00,35.0,08:30:00
2026-02-13 08:45:00,34.66,08:45:00
2026-02-13 09:00:00,35.99,09:00:00
2026-02-13 09:15:00,35.95,09:15:00
2026-02-13 09:30:00,36.0,09:30:00
2026-02-13 09:45:00,35.65,09:45:00
2026-02-13 10:00:00,36.08,10:00:00
2026-02-13 10:15:00,36.45,10:15:00
2026-02-13 10:30:00,37.02,10:30:00
2026-02-13 10:45:00,36.88,10:45:00
2026-02-13 11:00:00,36.72,11:00:00
2026-02-13 11:15:00,36.7,11:15:00
2026-02-13 11:30:00,37.26,11:30:00
2026-02-13 11:45:00,37.58,11:45:00
2026-02-13 12:00:00,35.68,12:00:00
2026-02-13 12:15:00,35.6,12:15:00
2026-02-13 12:30:00,35.58,12:30:00
2026-02-13 12:45:00,35.53,12:45:00
2026-02-13 13:00:00,36.2,13:00:00
2026-02-13 13:15:00,35.63,13:15:00
2026-02-13 13:30:00,35.16,13:30:00
2026-02-13 13:45:00,34.97,13:45:00
2026-02-13 14:00:00,36.41,14:00:00
2026-02-13 14:15:00,36.17,14:15:00
2026-02-13 14:30:00,36.04,14:30:00
2026-02-13 14:45:00,36.4,14:45:00
2026-02-13 15:00:00,36.85,15:00:00
2026-02-13 15:15:00,36.85,15:15:00
2026-02-13 15:30:00,37.04,15:30:00
2026-02-13 15:45:00,37.18,15:45:00
2026-02-13 16:00:00,36.31,16:00:00
2026-02-13 16:15:00,35.82,16:15:00
2026-02-13 16:30:00,36.03,16:30:00
2026-02-13 16:45:00,35.94,16:45:00
2026-02-13 17:00:00,35.5,17:00:00
2026-02-13 17:15:00,35.47,17:15:00
2026-02-13 17:30:00,35.37,17:30:00
2026-02-13 17:45:00,35.32,17:45:00
2026-02-13 18:00:00,34.23,18:00:00
2026-02-13 18:15:00,33.81,18:15:00
2026-02-13 18:30:00,33.75,18:30:00
2026-02-13 18:45:00,33.77,18:45:00
2026-02-13 19:00:00,34.74,19:00:00
2026-02-13 19:15:00,33.98,19:15:00
2026-02-13 19:30:00,35.19,19:30:00
2026-02-13 19:45:00,35.97,19:45:00
2026-02-13 20:00:00,33.61,20:00:00
2026-02-13 20:15:00,32.27,20:15:00
2026-02-13 20:30:00,32.73,20:30:00
2026-02-13 20:45:00,35.34,20:45:00
2026-02-13 21:00:00,35.45,21:00:00
2026-02-13 21:15:00,35.19,21:15:00
2026-02-13 21:30:00,35.03,21:30:00
2026-02-13 21:45:00,34.74,21:45:00
2026-02-13 22:00:00,33.15,22:00:00
2026-02-13 22:15:00,35.69,22:15:00
2026-02-13 22:30:00,37.93,22:30:00
2026-02-13 22:45:00,38.53,22:45:00
2026-02-13 23:00:00,33.64,23:00:00
2026-02-13 23:15:00,36.72,23:15:00
2026-02-13 23:30:00,37.05,23:30:00
2026-02-13 23:45:00,35.17,23:45:00
2026-02-14 00:00:00,32.81,00:00:00
2026-02-14 00:15:00,33.59,00:15:00
2026-02-14 00:30:00,33.7,00:30:00
2026-02-14 00:45:00,34.32,00:45:00
2026-02-14 01:00:00,34.58,01:00:00
2026-02-14 01:15:00,33.72,01:15:00
2026-02-14 01:30:00,33.46,01:30:00
2026-02-14 01:45:00,33.62,01:45:00
2026-02-14 02:00:00,32.51,02:00:00
2026-02-14 02:15:00,32.6,02:15:00
2026-02-14 02:30:00,33.51,02:30:00
2026-02-14 02:45:00,32.74,02:45:00
2026-02-14 03:00:00,34.17,03:00:00
2026-02-14 03:15:00,33.53,03:15:00
2026-02-14 03:30:00,33.06,03:30:00
2026-02-14 03:45:00,32.75,03:45:00
2026-02-14 04:00:00,32.99,04:00:00
2026-02-14 04:15:00,34.51,04:15:00
2026-02-14 04:30:00,34.13,04:30:00
2026-02-14 04:45:00,33.81,04:45:00
2026-02-14 05:00:00,33.65,05:00:00
2026-02-14 05:15:00,34.62,05:15:00
2026-02-14 05:30:00,33.35,05:30:00
2026-02-14 05:45:00,35.58,05:45:00
2026-02-14 06:00:00,34.61,06:00:00
2026-02-14 06:15:00,34.97,06:15:00
2026-02-14 06:30:00,34.76,06:30:00
2026-02-14 06:45:00,35.88,06:45:00
2026-02-14 07:00:00,37.74,07:00:00
2026-02-14 07:15:00,38.21,07:15:00
2026-02-14 07:30:00,37.63,07:30:00
2026-02-14 07:45:00,36.42,07:45:00
2026-02-14 08:00:00,33.91,08:00:00
2026-02-14 08:15:00,33.59,08:15:00
2026-02-14 08:30:00,34.25,08:30:00
2026-02-14 08:45:00,34.52,08:45:00
2026-02-14 09:00:00,33.71,09:00:00
2026-02-14 09:15:00,31.93,09:15:00
2026-02-14 09:30:00,31.67,09:30:00
2026-02-14 09:45:00,29.7,09:45:00
2026-02-14 10:00:00,31.29,10:00:00
2026-02-14 10:15:00,29.23,10:15:00
2026-02-14 10:30:00,28.93,10:30:00
2026-02-14 10:45:00,28.75,10:45:00
2026-02-14 11:00:00,29.16,11:00:00
2026-02-14 11:15:00,31.3,11:15:00
2026-02-14 11:30:00,31.97,11:30:00
2026-02-14 11:45:00,34.52,11:45:00
2026-02-14 12:00:00,38.74,12:00:00
2026-02-14 12:15:00,38.18,12:15:00
2026-02-14 12:30:00,39.73,12:30:00
2026-02-14 12:45:00,40.06,12:45:00
2026-02-14 13:00:00,33.46,13:00:00
2026-02-14 13:15:00,32.69,13:15:00
2026-02-14 13:30:00,31.18,13:30:00
2026-02-14 13:45:00,28.56,13:45:00
2026-02-14 14:00:00,30.74,14:00:00
2026-02-14 14:15:00,30.62,14:15:00
2026-02-14 14:30:00,30.06,14:30:00
2026-02-14 14:45:00,32.83,14:45:00
2026-02-14 15:00:00,28.69,15:00:00
2026-02-14 15:15:00,30.55,15:15:00
2026-02-14 15:30:00,31.89,15:30:00
2026-02-14 15:45:00,32.8,15:45:00
2026-02-14 16:00:00,30.78,16:00:00
2026-02-14 16:15:00,30.03,16:15:00
2026-02-14 16:30:00,26.54,16:30:00
2026-02-14 16:45:00,26.22,16:45:00
2026-02-14 17:00:00,24.98,17:00:00
2026-02-14 17:15:00,24.68,17:15:00
2026-02-14 17:30:00,23.92,17:30:00
2026-02-14 17:45:00,25.43,17:45:00
2026-02-14 18:00:00,24.77,18:00:00
2026-02-14 18:15:00,24.78,18:15:00
2026-02-14 18:30:00,24.44,18:30:00
2026-02-14 18:45:00,24.32,18:45:00
2026-02-14 19:00:00,23.67,19:00:00
2026-02-14 19:15:00,23.67,19:15:00
2026-02-14 19:30:00,23.77,19:30:00
2026-02-14 19:45:00,23.8,19:45:00
2026-02-14 20:00:00,23.4,20:00:00
2026-02-14 20:15:00,23.08,20:15:00
2026-02-14 20:30:00,23.12,20:30:00
2026-02-14 20:45:00,23.24,20:45:00
2026-02-14 21:00:00,20.98,21:00:00
2026-02-14 21:15:00,20.97,21:15:00
2026-02-14 21:30:00,21.21,21:30:00
2026-02-14 21:45:00,21.45,21:45:00
2026-02-14 22:00:00,21.34,22:00:00
2026-02-14 22:15:00,21.11,22:15:00
2026-02-14 22:30:00,21.21,22:30:00
2026-02-14 22:45:00,23.25,22:45:00
2026-02-14 23:00:00,19.89,23:00:00
2026-02-14 23:15:00,20.25,23:15:00
2026-02-14 23:30:00,22.7,23:30:00
2026-02-14 23:45:00,22.89,23:45:00
2026-02-15 00:00:00,20.92,00:00:00
2026-02-15 00:15:00,21.2,00:15:00
2026-02-15 00:30:00,21.22,00:30:00
2026-02-15 00:45:00,22.97,00:45:00
2026-02-15 01:00:00,21.18,01:00:00
2026-02-15 01:15:00,22.16,01:15:00
2026-02-15 01:30:00,21.77,01:30:00
2026-02-15 01:45:00,22.75,01:45:00
2026-02-15 02:00:00,24.56,02:00:00
2026-02-15 02:15:00,24.28,02:15:00
2026-02-15 02:30:00,23.43,02:30:00
2026-02-15 02:45:00,23.57,02:45:00
2026-02-15 03:00:00,25.25,03:00:00
2026-02-15 03:15:00,24.84,03:15:00
2026-02-15 03:30:00,24.0,03:30:00
2026-02-15 03:45:00,23.79,03:45:00
2026-02-15 04:00:00,24.49,04:00:00
2026-02-15 04:15:00,23.92,04:15:00
2026-02-15 04:30:00,25.68,04:30:00
2026-02-15 04:45:00,25.47,04:45:00
2026-02-15 05:00:00,25.23,05:00:00
2026-02-15 05:15:00,23.58,05:15:00
2026-02-15 05:30:00,21.89,05:30:00
2026-02-15 05:45:00,21.13,05:45:00
2026-02-15 06:00:00,20.95,06:00:00
2026-02-15 06:15:00,22.04,06:15:00
2026-02-15 06:30:00,20.91,06:30:00
2026-02-15 06:45:00,20.69,06:45:00
2026-02-15 07:00:00,21.09,07:00:00
2026-02-15 07:15:00,21.14,07:15:00
2026-02-15 07:30:00,21.73,07:30:00
2026-02-15 07:45:00,23.89,07:45:00
2026-02-15 08:00:00,21.89,08:00:00
2026-02-15 08:15:00,22.68,08:15:00
2026-02-15 08:30:00,22.95,08:30:00
2026-02-15 08:45:00,24.87,08:45:00
2026-02-15 09:00:00,24.74,09:00:00
2026-02-15 09:15:00,25.94,09:15:00
2026-02-15 09:30:00,26.89,09:30:00
2026-02-15 09:45:00,27.2,09:45:00
2026-02-15 10:00:00,27.56,10:00:00
2026-02-15 10:15:00,28.52,10:15:00
2026-02-15 10:30:00,28.79,10:30:00
2026-02-15 10:45:00,29.0,10:45:00
2026-02-15 11:00:00,28.97,11:00:00
2026-02-15 11:15:00,29.14,11:15:00
2026-02-15 11:30:00,29.21,11:30:00
2026-02-15 11:45:00,28.35,11:45:00
2026-02-15 12:00:00,29.64,12:00:00
2026-02-15 12:15:00,29.34,12:15:00
2026-02-15 12:30:00,29.13,12:30:00
2026-02-15 12:45:00,28.95,12:45:00
2026-02-15 13:00:00,27.52,13:00:00
2026-02-15 13:15:00,26.93,13:15:00
2026-02-15 13:30:00,26.75,13:30:00
2026-02-15 13:45:00,26.2,13:45:00
2026-02-15 14:00:00,26.28,14:00:00
2026-02-15 14:15:00,26.19,14:15:00
2026-02-15 14:30:00,26.08,14:30:00
2026-02-15 14:45:00,26.06,14:45:00
2026-02-15 15:00:00,25.99,15:00:00
2026-02-15 15:15:00,25.67,15:15:00
2026-02-15 15:30:00,25.11,15:30:00
2026-02-15 15:45:00,25.8,15:45:00
2026-02-15 16:00:00,25.55,16:00:00
2026-02-15 16:15:00,25.32,16:15:00
2026-02-15 16:30:00,24.89,16:30:00
2026-02-15 16:45:00,24.25,16:45:00
2026-02-15 17:00:00,23.19,17:00:00
2026-02-15 17:15:00,22.61,17:15:00
2026-02-15 17:30:00,20.66,17:30:00
2026-02-15 17:45:00,22.46,17:45:00
2026-02-15 18:00:00,21.41,18:00:00
2026-02-15 18:15:00,21.4,18:15:00
2026-02-15 18:30:00,21.49,18:30:00
2026-02-15 18:45:00,21.51,18:45:00
2026-02-15 19:00:00,20.54,19:00:00
2026-02-15 19:15:00,20.47,19:15:00
2026-02-15 19:30:00,20.5,19:30:00
2026-02-15 19:45:00,20.48,19:45:00
2026-02-15 20:00:00,20.72,20:00:00
2026-02-15 20:15:00,20.76,20:15:00
2026-02-15 20:30:00,20.94,20:30:00
2026-02-15 20:45:00,21.14,20:45:00
2026-02-15 21:00:00,20.72,21:00:00
2026-02-15 21:15:00,20.61,21:15:00
2026-02-15 21:30:00,20.89,21:30:00
2026-02-15 21:45:00,21.22,21:45:00
2026-02-15 22:00:00,20.99,22:00:00
2026-02-15 22:15:00,21.15,22:15:00
2026-02-15 22:30:00,21.57,22:30:00
2026-02-15 22:45:00,21.53,22:45:00
2026-02-15 23:00:00,19.81,23:00:00
2026-02-15 23:15:00,20.87,23:15:00
2026-02-15 23:30:00,21.1,23:30:00
2026-02-15 23:45:00,21.15,23:45:00
2026-02-16 00:00:00,21.25,00:00:00
2026-02-16 00:15:00,21.21,00:15:00
2026-02-16 00:30:00,21.12,00:30:00
2026-02-16 00:45:00,21.08,00:45:00
2026-02-16 01:00:00,21.21,01:00:00
2026-02-16 01:15:00,21.11,01:15:00
2026-02-16 01:30:00,21.09,01:30:00
2026-02-16 01:45:00,21.24,01:45:00
2026-02-16 02:00:00,21.2,02:00:00
2026-02-16 02:15:00,21.31,02:15:00
2026-02-16 02:30:00,21.28,02:30:00
2026-02-16 02:45:00,21.21,02:45:00
2026-02-16 03:00:00,21.24,03:00:00
2026-02-16 03:15:00,21.44,03:15:00
2026-02-16 03:30:00,21.24,03:30:00
2026-02-16 03:45:00,21.26,03:45:00
2026-02-16 04:00:00,21.16,04:00:00
2026-02-16 04:15:00,21.08,04:15:00
2026-02-16 04:30:00,21.52,04:30:00
2026-02-16 04:45:00,21.88,04:45:00
2026-02-16 05:00:00,22.64,05:00:00
2026-02-16 05:15:00,22.54,05:15:00
2026-02-16 05:30:00,22.81,05:30:00
2026-02-16 05:45:00,21.36,05:45:00
2026-02-16 06:00:00,23.31,06:00:00
2026-02-16 06:15:00,21.88,06:15:00
2026-02-16 06:30:00,21.68,06:30:00
2026-02-16 06:45:00,21.55,06:45:00
2026-02-16 07:00:00,22.38,07:00:00
2026-02-16 07:15:00,21.92,07:15:00
2026-02-16 07:30:00,21.68,07:30:00
2026-02-16 07:45:00,21.76,07:45:00
2026-02-16 08:00:00,25.83,08:00:00
2026-02-16 08:15:00,26.09,08:15:00
2026-02-16 08:30:00,23.83,08:30:00
2026-02-16 08:45:00,23.04,08:45:00
2026-02-16 09:00:00,23.39,09:00:00
2026-02-16 09:15:00,23.9,09:15:00
2026-02-16 09:30:00,23.96,09:30:00
2026-02-16 09:45:00,25.09,09:45:00
2026-02-16 10:00:00,25.63,10:00:00
2026-02-16 10:15:00,27.03,10:15:00
2026-02-16 10:30:00,27.19,10:30:00
2026-02-16 10:45:00,27.68,10:45:00
2026-02-16 11:00:00,28.15,11:00:00
2026-02-16 11:15:00,27.89,11:15:00
2026-02-16 11:30:00,27.68,11:30:00
2026-02-16 11:45:00,27.73,11:45:00
2026-02-16 12:00:00,27.89,12:00:00
2026-02-16 12:15:00,27.95,12:15:00
2026-02-16 12:30:00,28.08,12:30:00
2026-02-16 12:45:00,28.16,12:45:00
2026-02-16 13:00:00,27.95,13:00:00
2026-02-16 13:15:00,28.2,13:15:00
2026-02-16 13:30:00,27.94,13:30:00
2026-02-16 13:45:00,28.06,13:45:00
2026-02-16 14:00:00,27.69,14:00:00
2026-02-16 14:15:00,27.3,14:15:00
2026-02-16 14:30:00,27.12,14:30:00
2026-02-16 14:45:00,26.07,14:45:00
2026-02-16 15:00:00,26.06,15:00:00
2026-02-16 15:15:00,26.16,15:15:00
2026-02-16 15:30:00,25.25,15:30:00
2026-02-16 15:45:00,22.99,15:45:00
2026-02-16 16:00:00,21.61,16:00:00
2026-02-16 16:15:00,20.33,16:15:00
2026-02-16 16:30:00,20.15,16:30:00
2026-02-16 16:45:00,20.19,16:45:00
2026-02-16 17:00:00,18.4,17:00:00
2026-02-16 17:15:00,18.32,17:15:00
2026-02-16 17:30:00,18.16,17:30:00
2026-02-16 17:45:00,18.04,17:45:00
2026-02-16 18:00:00,16.36,18:00:00
2026-02-16 18:15:00,16.31,18:15:00
2026-02-16 18:30:00,16.32,18:30:00
2026-02-16 18:45:00,16.44,18:45:00
2026-02-16 19:00:00,16.01,19:00:00
2026-02-16 19:15:00,16.21,19:15:00
2026-02-16 19:30:00,16.35,19:30:00
2026-02-16 19:45:00,16.53,19:45:00
2026-02-16 20:00:00,16.32,20:00:00
2026-02-16 20:15:00,16.48,20:15:00
2026-02-16 20:30:00,16.35,20:30:00
2026-02-16 20:45:00,16.4,20:45:00
2026-02-16 21:00:00,16.44,21:00:00
2026-02-16 21:15:00,16.62,21:15:00
2026-02-16 21:30:00,16.66,21:30:00
2026-02-16 21:45:00,16.52,21:45:00
2026-02-16 22:00:00,16.67,22:00:00
2026-02-16 22:15:00,16.71,22:15:00
2026-02-16 22:30:00,16.75,22:30:00
2026-02-16 22:45:00,16.65,22:45:00
2026-02-16 23:00:00,16.14,23:00:00
2026-02-16 23:15:00,16.07,23:15:00
2026-02-16 23:30:00,16.2,23:30:00
2026-02-16 23:45:00,16.19,23:45:00
2026-02-17 00:00:00,16.0,00:00:00
2026-02-17 00:15:00,16.14,00:15:00
2026-02-17 00:30:00,16.3,00:30:00
2026-02-17 00:45:00,16.37,00:45:00
2026-02-17 01:00:00,16.39,01:00:00
2026-02-17 01:15:00,16.4,01:15:00
2026-02-17 01:30:00,16.47,01:30:00
2026-02-17 01:45:00,16.6,01:45:00
2026-02-17 02:00:00,16.54,02:00:00
2026-02-17 02:15:00,16.6,02:15:00
2026-02-17 02:30:00,16.65,02:30:00
2026-02-17 02:45:00,16.66,02:45:00
2026-02-17 03:00:00,16.99,03:00:00
2026-02-17 03:15:00,17.05,03:15:00
2026-02-17 03:30:00,16.89,03:30:00
2026-02-17 03:45:00,16.91,03:45:00
2026-02-17 04:00:00,17.56,04:00:00
2026-02-17 04:15:00,17.46,04:15:00
2026-02-17 04:30:00,17.53,04:30:00
2026-02-17 04:45:00,17.36,04:45:00
2026-02-17 05:00:00,19.16,05:00:00
2026-02-17 05:15:00,19.32,05:15:00
2026-02-17 05:30:00,19.39,05:30:00
2026-02-17 05:45:00,20.89,05:45:00
2026-02-17 06:00:00,27.13,06:00:00
2026-02-17 06:15:00,29.87,06:15:00
2026-02-17 06:30:00,30.62,06:30:00
2026-02-17 06:45:00,30.75,06:45:00
2026-02-17 07:00:00,31.46,07:00:00
2026-02-17 07:15:00,31.82,07:15:00
2026-02-17 07:30:00,32.09,07:30:00
2026-02-17 07:45:00,31.88,07:45:00
2026-02-17 08:00:00,32.57,08:00:00
2026-02-17 08:15:00,32.89,08:15:00
2026-02-17 08:30:00,32.86,08:30:00
2026-02-17 08:45:00,32.66,08:45:00
2026-02-17 09:00:00,31.84,09:00:00
2026-02-17 09:15:00,32.06,09:15:00
2026-02-17 09:30:00,31.9,09:30:00
2026-02-17 09:45:00,31.87,09:45:00
2026-02-17 10:00:00,31.72,10:00:00
2026-02-17 10:15:00,31.98,10:15:00
2026-02-17 10:30:00,32.23,10:30:00
2026-02-17 10:45:00,32.27,10:45:00
2026-02-17 11:00:00,31.8,11:00:00
2026-02-17 11:15:00,32.0,11:15:00
2026-02-17 11:30:00,32.32,11:30:00
2026-02-17 11:45:00,32.36,11:45:00
2026-02-17 12:00:00,33.12,12:00:00
2026-02-17 12:15:00,33.32,12:15:00
2026-02-17 12:30:00,33.84,12:30:00
2026-02-17 12:45:00,34.19,12:45:00
2026-02-17 13:00:00,34.28,13:00:00
2026-02-17 13:15:00,34.41,13:15:00
2026-02-17 13:30:00,34.45,13:30:00
2026-02-17 13:45:00,34.91,13:45:00
2026-02-17 14:00:00,35.23,14:00:00
2026-02-17 14:15:00,35.18,14:15:00
2026-02-17 14:30:00,35.07,14:30:00
2026-02-17 14:45:00,35.0,14:45:00
2026-02-17 15:00:00,36.32,15:00:00
2026-02-17 15:15:00,36.41,15:15:00
2026-02-17 15:30:00,36.33,15:30:00
2026-02-17 15:45:00,36.29,15:45:00
2026-02-17 16:00:00,35.89,16:00:00
2026-02-17 16:15:00,35.53,16:15:00
2026-02-17 16:30:00,35.93,16:30:00
2026-02-17 16:45:00,35.51,16:45:00
2026-02-17 17:00:00,35.89,17:00:00
2026-02-17 17:15:00,36.34,17:15:00
2026-02-17 17:30:00,35.99,17:30:00
2026-02-17 17:45:00,35.24,17:45:00
2026-02-17 18:00:00,34.08,18:00:00
2026-02-17 18:15:00,33.84,18:15:00
2026-02-17 18:30:00,34.61,18:30:00
2026-02-17 18:45:00,35.43,18:45:00
2026-02-17 19:00:00,34.9,19:00:00
2026-02-17 19:15:00,36.21,19:15:00
2026-02-17 19:30:00,37.03,19:30:00
2026-02-17 19:45:00,37.21,19:45:00
2026-02-17 20:00:00,36.58,20:00:00
2026-02-17 20:15:00,36.29,20:15:00
2026-02-17 20:30:00,35.95,20:30:00
2026-02-17 20:45:00,36.47,20:45:00
2026-02-17 21:00:00,35.51,21:00:00
2026-02-17 21:15:00,33.34,21:15:00
2026-02-17 21:30:00,30.47,21:30:00
2026-02-17 21:45:00,25.44,21:45:00
2026-02-17 22:00:00,25.0,22:00:00
2026-02-17 22:15:00,25.29,22:15:00
2026-02-17 22:30:00,25.75,22:30:00
2026-02-17 22:45:00,26.36,22:45:00
2026-02-17 23:00:00,26.43,23:00:00
2026-02-17 23:15:00,26.55,23:15:00
2026-02-17 23:30:00,26.43,23:30:00
2026-02-17 23:45:00,26.73,23:45:00
2026-02-18 00:00:00,27.98,00:00:00
2026-02-18 00:15:00,28.53,00:15:00
2026-02-18 00:30:00,28.93,00:30:00
2026-02-18 00:45:00,33.5,00:45:00
2026-02-18 01:00:00,32.0,01:00:00
2026-02-18 01:15:00,31.34,01:15:00
2026-02-18 01:30:00,30.15,01:30:00
2026-02-18 01:45:00,29.91,01:45:00
2026-02-18 02:00:00,30.61,02:00:00
2026-02-18 02:15:00,31.79,02:15:00
2026-02-18 02:30:00,33.79,02:30:00
2026-02-18 02:45:00,34.52,02:45:00
2026-02-18 03:00:00,37.19,03:00:00
2026-02-18 03:15:00,35.47,03:15:00
2026-02-18 03:30:00,34.37,03:30:00
2026-02-18 03:45:00,35.48,03:45:00
2026-02-18 04:00:00,35.86,04:00:00
2026-02-18 04:15:00,37.41,04:15:00
2026-02-18 04:30:00,37.77,04:30:00
2026-02-18 04:45:00,34.43,04:45:00
2026-02-18 05:00:00,39.06,05:00:00
2026-02-18 05:15:00,35.49,05:15:00
2026-02-18 05:30:00,36.05,05:30:00
2026-02-18 05:45:00,40.74,05:45:00
2026-02-18 06:00:00,43.25,06:00:00
2026-02-18 06:15:00,44.67,06:15:00
2026-02-18 06:30:00,44.5,06:30:00
2026-02-18 06:45:00,44.51,06:45:00
2026-02-18 07:00:00,41.65,07:00:00
2026-02-18 07:15:00,44.42,07:15:00
2026-02-18 07:30:00,44.3,07:30:00
2026-02-18 07:45:00,44.12,07:45:00
2026-02-18 08:00:00,43.45,08:00:00
2026-02-18 08:15:00,44.15,08:15:00
2026-02-18 08:30:00,45.05,08:30:00
2026-02-18 08:45:00,45.5,08:45:00
2026-02-18 09:00:00,46.88,09:00:00
2026-02-18 09:15:00,46.95,09:15:00
2026-02-18 09:30:00,48.15,09:30:00
2026-02-18 09:45:00,47.02,09:45:00
2026-02-18 10:00:00,44.26,10:00:00
2026-02-18 10:15:00,44.56,10:15:00
2026-02-18 10:30:00,44.58,10:30:00
2026-02-18 10:45:00,44.46,10:45:00
2026-02-18 11:00:00,45.01,11:00:00
2026-02-18 11:15:00,45.27,11:15:00
2026-02-18 11:30:00,45.3,11:30:00
2026-02-18 11:45:00,43.73,11:45:00
2026-02-18 12:00:00,39.78,12:00:00
2026-02-18 12:15:00,40.48,12:15:00
2026-02-18 12:30:00,40.6,12:30:00
2026-02-18 12:45:00,40.63,12:45:00
2026-02-18 13:00:00,41.83,13:00:00
2026-02-18 13:15:00,41.72,13:15:00
2026-02-18 13:30:00,41.75,13:30:00
2026-02-18 13:45:00,42.18,13:45:00
2026-02-18 14:00:00,39.63,14:00:00
2026-02-18 14:15:00,40.36,14:15:00
2026-02-18 14:30:00,40.45,14:30:00
2026-02-18 14:45:00,39.79,14:45:00
2026-02-18 15:00:00,37.02,15:00:00
2026-02-18 15:15:00,37.27,15:15:00
2026-02-18 15:30:00,38.0,15:30:00
2026-02-18 15:45:00,39.53,15:45:00
2026-02-18 16:00:00,39.81,16:00:00
2026-02-18 16:15:00,41.59,16:15:00
2026-02-18 16:30:00,41.85,16:30:00
2026-02-18 16:45:00,42.12,16:45:00
2026-02-18 17:00:00,42.21,17:00:00
2026-02-18 17:15:00,41.74,17:15:00
2026-02-18 17:30:00,42.26,17:30:00
2026-02-18 17:45:00,41.39,17:45:00
2026-02-18 18:00:00,41.34,18:00:00
2026-02-18 18:15:00,42.19,18:15:00
2026-02-18 18:30:00,41.37,18:30:00
2026-02-18 18:45:00,41.68,18:45:00
2026-02-18 19:00:00,41.38,19:00:00
2026-02-18 19:15:00,40.36,19:15:00
2026-02-18 19:30:00,41.93,19:30:00
2026-02-18 19:45:00,42.98,19:45:00
2026-02-18 20:00:00,42.07,20:00:00
2026-02-18 20:15:00,42.26,20:15:00
2026-02-18 20:30:00,43.13,20:30:00
2026-02-18 20:45:00,43.16,20:45:00
2026-02-18 21:00:00,44.13,21:00:00
2026-02-18 21:15:00,42.97,21:15:00
2026-02-18 21:30:00,42.11,21:30:00
2026-02-18 21:45:00,42.12,21:45:00
2026-02-18 22:00:00,42.02,22:00:00
2026-02-18 22:15:00,42.2,22:15:00
2026-02-18 22:30:00,41.94,22:30:00
2026-02-18 22:45:00,40.4,22:45:00
2026-02-18 23:00:00,34.4,23:00:00
2026-02-18 23:15:00,36.0,23:15:00
2026-02-18 23:30:00,32.9,23:30:00
2026-02-18 23:45:00,34.28,23:45:00
2026-02-19 00:00:00,34.64,00:00:00
2026-02-19 00:15:00,35.99,00:15:00
2026-02-19 00:30:00,35.44,00:30:00
2026-02-19 00:45:00,36.49,00:45:00
2026-02-19 01:00:00,34.97,01:00:00
2026-02-19 01:15:00,35.24,01:15:00
2026-02-19 01:30:00,35.03,01:30:00
2026-02-19 01:45:00,36.01,01:45:00
2026-02-19 02:00:00,35.61,02:00:00
2026-02-19 02:15:00,35.52,02:15:00
2026-02-19 02:30:00,36.27,02:30:00
2026-02-19 02:45:00,37.0,02:45:00
2026-02-19 03:00:00,37.11,03:00:00
2026-02-19 03:15:00,37.25,03:15:00
2026-02-19 03:30:00,37.0,03:30:00
2026-02-19 03:45:00,36.67,03:45:00
2026-02-19 04:00:00,37.9,04:00:00
2026-02-19 04:15:00,37.59,04:15:00
2026-02-19 04:30:00,36.19,04:30:00
2026-02-19 04:45:00,36.94,04:45:00
2026-02-19 05:00:00,38.35,05:00:00
2026-02-19 05:15:00,38.14,05:15:00
2026-02-19 05:30:00,38.56,05:30:00
2026-02-19 05:45:00,38.26,05:45:00
2026-02-19 06:00:00,39.03,06:00:00
2026-02-19 06:15:00,38.9,06:15:00
2026-02-19 06:30:00,38.61,06:30:00
2026-02-19 06:45:00,38.17,06:45:00
2026-02-19 07:00:00,38.02,07:00:00
2026-02-19 07:15:00,37.93,07:15:00
2026-02-19 07:30:00,38.01,07:30:00
2026-02-19 07:45:00,37.67,07:45:00
2026-02-19 08:00:00,37.34,08:00:00
2026-02-19 08:15:00,37.11,08:15:00
2026-02-19 08:30:00,37.1,08:30:00
2026-02-19 08:45:00,37.1,08:45:00
2026-02-19 09:00:00,36.5,09:00:00
2026-02-19 09:15:00,36.43,09:15:00
2026-02-19 09:30:00,37.01,09:30:00
2026-02-19 09:45:00,37.19,09:45:00
2026-02-19 10:00:00,35.9,10:00:00
2026-02-19 10:15:00,36.29,10:15:00
2026-02-19 10:30:00,36.38,10:30:00
2026-02-19 10:45:00,36.67,10:45:00
2026-02-19 11:00:00,36.34,11:00:00
2026-02-19 11:15:00,37.13,11:15:00
2026-02-19 11:30:00,37.27,11:30:00
2026-02-19 11:45:00,36.81,11:45:00
2026-02-19 12:00:00,36.7,12:00:00
2026-02-19 12:15:00,36.65,12:15:00
2026-02-19 12:30:00,36.94,12:30:00
2026-02-19 12:45:00,36.97,12:45:00
2026-02-19 13:00:00,36.56,13:00:00
2026-02-19 13:15:00,35.75,13:15:00
2026-02-19 13:30:00,34.89,13:30:00
2026-02-19 13:45:00,34.62,13:45:00
2026-02-19 14:00:00,37.3,14:00:00
2026-02-19 14:15:00,37.5,14:15:00
2026-02-19 14:30:00,36.93,14:30:00
2026-02-19 14:45:00,36.64,14:45:00
2026-02-19 15:00:00,37.02,15:00:00
2026-02-19 15:15:00,36.59,15:15:00
2026-02-19 15:30:00,36.09,15:30:00
2026-02-19 15:45:00,35.71,15:45:00
2026-02-19 16:00:00,35.46,16:00:00
2026-02-19 16:15:00,35.29,16:15:00
2026-02-19 16:30:00,34.55,16:30:00
2026-02-19 16:45:00,32.13,16:45:00
2026-02-19 17:00:00,33.89,17:00:00
2026-02-19 17:15:00,31.54,17:15:00
2026-02-19 17:30:00,30.18,17:30:00
2026-02-19 17:45:00,31.0,17:45:00
2026-02-19 18:00:00,34.38,18:00:00
2026-02-19 18:15:00,34.58,18:15:00
2026-02-19 18:30:00,34.81,18:30:00
2026-02-19 18:45:00,34.1,18:45:00
2026-02-19 19:00:00,32.84,19:00:00
2026-02-19 19:15:00,32.79,19:15:00
2026-02-19 19:30:00,32.55,19:30:00
2026-02-19 19:45:00,33.1,19:45:00
2026-02-19 20:00:00,31.93,20:00:00
2026-02-19 20:15:00,31.4,20:15:00
2026-02-19 20:30:00,30.97,20:30:00
2026-02-19 20:45:00,31.5,20:45:00
2026-02-19 21:00:00,29.77,21:00:00
2026-02-19 21:15:00,29.99,21:15:00
2026-02-19 21:30:00,30.42,21:30:00
2026-02-19 21:45:00,30.0,21:45:00
2026-02-19 22:00:00,28.55,22:00:00
2026-02-19 22:15:00,28.61,22:15:00
2026-02-19 22:30:00,27.54,22:30:00
2026-02-19 22:45:00,26.86,22:45:00
2026-02-19 23:00:00,27.6,23:00:00
2026-02-19 23:15:00,27.2,23:15:00
2026-02-19 23:30:00,26.43,23:30:00
2026-02-19 23:45:00,25.52,23:45:00
2026-02-20 00:00:00,24.82,00:00:00
2026-02-20 00:15:00,24.98,00:15:00
2026-02-20 00:30:00,25.98,00:30:00
2026-02-20 00:45:00,25.87,00:45:00
2026-02-20 01:00:00,25.48,01:00:00
2026-02-20 01:15:00,25.21,01:15:00
2026-02-20 01:30:00,24.97,01:30:00
2026-02-20 01:45:00,24.32,01:45:00
2026-02-20 02:00:00,22.06,02:00:00
2026-02-20 02:15:00,23.38,02:15:00
2026-02-20 02:30:00,22.62,02:30:00
2026-02-20 02:45:00,23.31,02:45:00
2026-02-20 03:00:00,23.2,03:00:00
2026-02-20 03:15:00,22.88,03:15:00
2026-02-20 03:30:00,22.88,03:30:00
2026-02-20 03:45:00,21.73,03:45:00
2026-02-20 04:00:00,19.67,04:00:00
2026-02-20 04:15:00,20.86,04:15:00
2026-02-20 04:30:00,19.91,04:30:00
2026-02-20 04:45:00,22.18,04:45:00
2026-02-20 05:00:00,22.99,05:00:00
2026-02-20 05:15:00,22.73,05:15:00
2026-02-20 05:30:00,23.67,05:30:00
2026-02-20 05:45:00,22.46,05:45:00
2026-02-20 06:00:00,22.54,06:00:00
2026-02-20 06:15:00,22.04,06:15:00
2026-02-20 06:30:00,22.15,06:30:00
2026-02-20 06:45:00,21.92,06:45:00
2026-02-20 07:00:00,22.12,07:00:00
2026-02-20 07:15:00,22.35,07:15:00
2026-02-20 07:30:00,22.37,07:30:00
2026-02-20 07:45:00,22.53,07:45:00
2026-02-20 08:00:00,21.84,08:00:00
2026-02-20 08:15:00,20.31,08:15:00
2026-02-20 08:30:00,19.89,08:30:00
2026-02-20 08:45:00,21.12,08:45:00
2026-02-20 09:00:00,20.55,09:00:00
2026-02-20 09:15:00,22.03,09:15:00
2026-02-20 09:30:00,23.59,09:30:00
2026-02-20 09:45:00,23.74,09:45:00
2026-02-20 10:00:00,23.29,10:00:00
2026-02-20 10:15:00,23.5,10:15:00
2026-02-20 10:30:00,23.55,10:30:00
2026-02-20 10:45:00,23.14,10:45:00
2026-02-20 11:00:00,22.82,11:00:00
2026-02-20 11:15:00,22.71,11:15:00
2026-02-20 11:30:00,22.61,11:30:00
2026-02-20 11:45:00,22.52,11:45:00
2026-02-20 12:00:00,22.05,12:00:00
2026-02-20 12:15:00,21.6,12:15:00
2026-02-20 12:30:00,21.33,12:30:00
2026-02-20 12:45:00,21.16,12:45:00
2026-02-20 13:00:00,17.95,13:00:00
2026-02-20 13:15:00,17.24,13:15:00
2026-02-20 13:30:00,16.36,13:30:00
2026-02-20 13:45:00,16.2,13:45:00
2026-02-20 14:00:00,16.19,14:00:00
2026-02-20 14:15:00,16.05,14:15:00
2026-02-20 14:30:00,15.88,14:30:00
2026-02-20 14:45:00,15.9,14:45:00
2026-02-20 15:00:00,16.02,15:00:00
2026-02-20 15:15:00,16.1,15:15:00
2026-02-20 15:30:00,15.9,15:30:00
2026-02-20 15:45:00,15.8,15:45:00
2026-02-20 16:00:00,16.24,16:00:00
2026-02-20 16:15:00,16.2,16:15:00
2026-02-20 16:30:00,16.21,16:30:00
2026-02-20 16:45:00,16.14,16:45:00
2026-02-20 17:00:00,16.11,17:00:00
2026-02-20 17:15:00,16.13,17:15:00
2026-02-20 17:30:00,16.27,17:30:00
2026-02-20 17:45:00,16.31,17:45:00
2026-02-20 18:00:00,16.54,18:00:00
2026-02-20 18:15:00,16.66,18:15:00
2026-02-20 18:30:00,16.74,18:30:00
2026-02-20 18:45:00,16.81,18:45:00
2026-02-20 19:00:00,16.53,19:00:00
2026-02-20 19:15:00,16.55,19:15:00
2026-02-20 19:30:00,16.68,19:30:00
2026-02-20 19:45:00,16.98,19:45:00
2026-02-20 20:00:00,16.7,20:00:00
2026-02-20 20:15:00,16.78,20:15:00
2026-02-20 20:30:00,16.85,20:30:00
2026-02-20 20:45:00,17.22,20:45:00
2026-02-20 21:00:00,18.59,21:00:00
2026-02-20 21:15:00,19.01,21:15:00
2026-02-20 21:30:00,19.95,21:30:00
2026-02-20 21:45:00,20.32,21:45:00
2026-02-20 22:00:00,21.53,22:00:00
2026-02-20 22:15:00,22.31,22:15:00
2026-02-20 22:30:00,22.81,22:30:00
2026-02-20 22:45:00,22.74,22:45:00
2026-02-20 23:00:00,18.7,23:00:00
2026-02-20 23:15:00,17.76,23:15:00
2026-02-20 23:30:00,17.87,23:30:00
2026-02-20 23:45:00,19.29,23:45:00
2026-02-21 00:00:00,21.34,00:00:00
2026-02-21 00:15:00,21.64,00:15:00
2026-02-21 00:30:00,21.65,00:30:00
2026-02-21 00:45:00,21.68,00:45:00
2026-02-21 01:00:00,21.85,01:00:00
2026-02-21 01:15:00,21.95,01:15:00
2026-02-21 01:30:00,22.14,01:30:00
2026-02-21 01:45:00,22.26,01:45:00
2026-02-21 02:00:00,22.14,02:00:00
2026-02-21 02:15:00,22.06,02:15:00
2026-02-21 02:30:00,22.05,02:30:00
2026-02-21 02:45:00,22.06,02:45:00
2026-02-21 03:00:00,22.29,03:00:00
2026-02-21 03:15:00,22.41,03:15:00
2026-02-21 03:30:00,22.59,03:30:00
2026-02-21 03:45:00,22.94,03:45:00
2026-02-21 04:00:00,23.22,04:00:00
2026-02-21 04:15:00,23.23,04:15:00
2026-02-21 04:30:00,23.41,04:30:00
2026-02-21 04:45:00,23.28,04:45:00
2026-02-21 05:00:00,23.22,05:00:00
2026-02-21 05:15:00,24.26,05:15:00
2026-02-21 05:30:00,24.48,05:30:00
2026-02-21 05:45:00,24.35,05:45:00
2026-02-21 06:00:00,24.84,06:00:00
2026-02-21 06:15:00,24.49,06:15:00
2026-02-21 06:30:00,24.45,06:30:00
2026-02-21 06:45:00,24.64,06:45:00
2026-02-21 07:00:00,25.01,07:00:00
2026-02-21 07:15:00,24.9,07:15:00
2026-02-21 07:30:00,24.94,07:30:00
2026-02-21 07:45:00,25.95,07:45:00
2026-02-21 08:00:00,27.27,08:00:00
2026-02-21 08:15:00,27.2,08:15:00
2026-02-21 08:30:00,27.04,08:30:00
2026-02-21 08:45:00,27.64,08:45:00
2026-02-21 09:00:00,27.89,09:00:00
2026-02-21 09:15:00,26.54,09:15:00
2026-02-21 09:30:00,26.59,09:30:00
2026-02-21 09:45:00,27.15,09:45:00
2026-02-21 10:00:00,25.71,10:00:00
2026-02-21 10:15:00,24.28,10:15:00
2026-02-21 10:30:00,25.92,10:30:00
2026-02-21 10:45:00,25.87,10:45:00
2026-02-21 11:00:00,28.62,11:00:00
2026-02-21 11:15:00,30.23,11:15:00
2026-02-21 11:30:00,30.63,11:30:00
2026-02-21 11:45:00,30.06,11:45:00
2026-02-21 12:00:00,30.78,12:00:00
2026-02-21 12:15:00,28.72,12:15:00
2026-02-21 12:30:00,29.09,12:30:00
2026-02-21 12:45:00,27.39,12:45:00
2026-02-21 13:00:00,25.85,13:00:00
2026-02-21 13:15:00,26.25,13:15:00
2026-02-21 13:30:00,25.41,13:30:00
2026-02-21 13:45:00,23.63,13:45:00
2026-02-21 14:00:00,20.84,14:00:00
2026-02-21 14:15:00,20.65,14:15:00
2026-02-21 14:30:00,20.36,14:30:00
2026-02-21 14:45:00,20.09,14:45:00
2026-02-21 15:00:00,20.23,15:00:00
2026-02-21 15:15:00,20.21,15:15:00
2026-02-21 15:30:00,20.07,15:30:00
2026-02-21 15:45:00,19.82,15:45:00
2026-02-21 16:00:00,19.75,16:00:00
2026-02-21 16:15:00,19.43,16:15:00
2026-02-21 16:30:00,19.18,16:30:00
2026-02-21 16:45:00,19.15,16:45:00
2026-02-21 17:00:00,19.1,17:00:00
2026-02-21 17:15:00,19.0,17:15:00
2026-02-21 17:30:00,18.99,17:30:00
2026-02-21 17:45:00,19.1,17:45:00
2026-02-21 18:00:00,18.94,18:00:00
2026-02-21 18:15:00,18.9,18:15:00
2026-02-21 18:30:00,18.81,18:30:00
2026-02-21 18:45:00,18.83,18:45:00
2026-02-21 19:00:00,18.98,19:00:00
2026-02-21 19:15:00,19.02,19:15:00
2026-02-21 19:30:00,19.03,19:30:00
2026-02-21 19:45:00,19.11,19:45:00
2026-02-21 20:00:00,18.69,20:00:00
2026-02-21 20:15:00,18.69,20:15:00
2026-02-21 20:30:00,18.71,20:30:00
2026-02-21 20:45:00,18.75,20:45:00
2026-02-21 21:00:00,17.79,21:00:00
2026-02-21 21:15:00,17.67,21:15:00
2026-02-21 21:30:00,17.72,21:30:00
2026-02-21 21:45:00,17.73,21:45:00
2026-02-21 22:00:00,17.85,22:00:00
2026-02-21 22:15:00,17.87,22:15:00
2026-02-21 22:30:00,17.88,22:30:00
2026-02-21 22:45:00,17.97,22:45:00
2026-02-21 23:00:00,17.8,23:00:00
2026-02-21 23:15:00,17.89,23:15:00
2026-02-21 23:30:00,18.04,23:30:00
2026-02-21 23:45:00,18.04,23:45:00
2026-02-22 00:00:00,18.36,00:00:00
2026-02-22 00:15:00,18.35,00:15:00
2026-02-22 00:30:00,18.33,00:30:00
2026-02-22 00:45:00,18.33,00:45:00
2026-02-22 01:00:00,18.45,01:00:00
2026-02-22 01:15:00,18.43,01:15:00
2026-02-22 01:30:00,18.5,01:30:00
2026-02-22 01:45:00,18.57,01:45:00
2026-02-22 02:00:00,18.61,02:00:00
2026-02-22 02:15:00,21.26,02:15:00
2026-02-22 02:30:00,22.48,02:30:00
2026-02-22 02:45:00,23.16,02:45:00
2026-02-22 03:00:00,25.03,03:00:00
2026-02-22 03:15:00,25.73,03:15:00
2026-02-22 03:30:00,25.78,03:30:00
2026-02-22 03:45:00,25.82,03:45:00
2026-02-22 04:00:00,25.47,04:00:00
2026-02-22 04:15:00,25.47,04:15:00
2026-02-22 04:30:00,25.65,04:30:00
2026-02-22 04:45:00,25.65,04:45:00
2026-02-22 05:00:00,25.08,05:00:00
2026-02-22 05:15:00,24.85,05:15:00
2026-02-22 05:30:00,24.89,05:30:00
2026-02-22 05:45:00,24.85,05:45:00
2026-02-22 06:00:00,24.58,06:00:00
2026-02-22 06:15:00,24.69,06:15:00
2026-02-22 06:30:00,24.76,06:30:00
2026-02-22 06:45:00,24.75,06:45:00
2026-02-22 07:00:00,25.11,07:00:00
2026-02-22 07:15:00,25.27,07:15:00
2026-02-22 07:30:00,25.21,07:30:00
2026-02-22 07:45:00,24.91,07:45:00
2026-02-22 08:00:00,24.58,08:00:00
2026-02-22 08:15:00,24.83,08:15:00
2026-02-22 08:30:00,24.97,08:30:00
2026-02-22 08:45:00,25.23,08:45:00
2026-02-22 09:00:00,25.62,09:00:00
2026-02-22 09:15:00,26.62,09:15:00
2026-02-22 09:30:00,27.17,09:30:00
2026-02-22 09:45:00,25.48,09:45:00
2026-02-22 10:00:00,27.21,10:00:00
2026-02-22 10:15:00,27.92,10:15:00
2026-02-22 10:30:00,28.08,10:30:00
2026-02-22 10:45:00,26.19,10:45:00
2026-02-22 11:00:00,27.32,11:00:00
2026-02-22 11:15:00,27.75,11:15:00
2026-02-22 11:30:00,28.17,11:30:00
2026-02-22 11:45:00,26.83,11:45:00
2026-02-22 12:00:00,28.23,12:00:00
2026-02-22 12:15:00,27.8,12:15:00
2026-02-22 12:30:00,27.42,12:30:00
2026-02-22 12:45:00,28.22,12:45:00
2026-02-22 13:00:00,29.1,13:00:00
2026-02-22 13:15:00,28.29,13:15:00
2026-02-22 13:30:00,27.32,13:30:00
2026-02-22 13:45:00,27.98,13:45:00
2026-02-22 14:00:00,27.04,14:00:00
2026-02-22 14:15:00,26.85,14:15:00
2026-02-22 14:30:00,26.67,14:30:00
2026-02-22 14:45:00,26.85,14:45:00
2026-02-22 15:00:00,28.73,15:00:00
2026-02-22 15:15:00,28.66,15:15:00
2026-02-22 15:30:00,28.31,15:30:00
2026-02-22 15:45:00,27.08,15:45:00
2026-02-22 16:00:00,27.41,16:00:00
2026-02-22 16:15:00,27.53,16:15:00
2026-02-22 16:30:00,27.56,16:30:00
2026-02-22 16:45:00,27.58,16:45:00
2026-02-22 17:00:00,28.49,17:00:00
2026-02-22 17:15:00,28.25,17:15:00
2026-02-22 17:30:00,27.41,17:30:00
2026-02-22 17:45:00,28.15,17:45:00
2026-02-22 18:00:00,27.48,18:00:00
2026-02-22 18:15:00,27.89,18:15:00
2026-02-22 18:30:00,27.56,18:30:00
2026-02-22 18:45:00,27.18,18:45:00
2026-02-22 19:00:00,24.34,19:00:00
2026-02-22 19:15:00,24.2,19:15:00
2026-02-22 19:30:00,25.55,19:30:00
2026-02-22 19:45:00,24.77,19:45:00
2026-02-22 20:00:00,26.36,20:00:00
2026-02-22 20:15:00,28.09,20:15:00
2026-02-22 20:30:00,28.58,20:30:00
2026-02-22 20:45:00,29.4,20:45:00
2026-02-22 21:00:00,27.97,21:00:00
2026-02-22 21:15:00,28.56,21:15:00
2026-02-22 21:30:00,28.76,21:30:00
2026-02-22 21:45:00,29.04,21:45:00
2026-02-22 22:00:00,27.76,22:00:00
2026-02-22 22:15:00,27.38,22:15:00
2026-02-22 22:30:00,26.93,22:30:00
2026-02-22 22:45:00,26.92,22:45:00
2026-02-22 23:00:00,26.24,23:00:00
2026-02-22 23:15:00,26.4,23:15:00
2026-02-22 23:30:00,26.54,23:30:00
2026-02-22 23:45:00,26.66,23:45:00
2026-02-23 00:00:00,26.74,00:00:00
2026-02-23 00:15:00,26.72,00:15:00
2026-02-23 00:30:00,26.54,00:30:00
2026-02-23 00:45:00,26.72,00:45:00
2026-02-23 01:00:00,26.47,01:00:00
2026-02-23 01:15:00,25.96,01:15:00
2026-02-23 01:30:00,25.81,01:30:00
2026-02-23 01:45:00,25.9,01:45:00
2026-02-23 02:00:00,27.5,02:00:00
2026-02-23 02:15:00,27.52,02:15:00
2026-02-23 02:30:00,27.25,02:30:00
2026-02-23 02:45:00,26.77,02:45:00
2026-02-23 03:00:00,26.41,03:00:00
2026-02-23 03:15:00,27.06,03:15:00
2026-02-23 03:30:00,26.77,03:30:00
2026-02-23 03:45:00,26.24,03:45:00
2026-02-23 04:00:00,28.05,04:00:00
2026-02-23 04:15:00,28.08,04:15:00
2026-02-23 04:30:00,28.03,04:30:00
2026-02-23 04:45:00,27.03,04:45:00
2026-02-23 05:00:00,28.69,05:00:00
2026-02-23 05:15:00,26.01,05:15:00
2026-02-23 05:30:00,24.48,05:30:00
2026-02-23 05:45:00,24.3,05:45:00
2026-02-23 06:00:00,27.15,06:00:00
2026-02-23 06:15:00,25.32,06:15:00
2026-02-23 06:30:00,25.02,06:30:00
2026-02-23 06:45:00,24.91,06:45:00
2026-02-23 07:00:00,25.2,07:00:00
2026-02-23 07:15:00,26.13,07:15:00
2026-02-23 07:30:00,28.41,07:30:00
2026-02-23 07:45:00,30.54,07:45:00
2026-02-23 08:00:00,29.0,08:00:00
2026-02-23 08:15:00,29.05,08:15:00
2026-02-23 08:30:00,30.62,08:30:00
2026-02-23 08:45:00,31.32,08:45:00
2026-02-23 09:00:00,29.95,09:00:00
2026-02-23 09:15:00,30.18,09:15:00
2026-02-23 09:30:00,29.43,09:30:00
2026-02-23 09:45:00,29.08,09:45:00
2026-02-23 10:00:00,29.49,10:00:00
2026-02-23 10:15:00,29.32,10:15:00
2026-02-23 10:30:00,29.13,10:30:00
2026-02-23 10:45:00,29.23,10:45:00
2026-02-23 11:00:00,29.74,11:00:00
2026-02-23 11:15:00,29.76,11:15:00
2026-02-23 11:30:00,30.29,11:30:00
2026-02-23 11:45:00,30.78,11:45:00
2026-02-23 12:00:00,32.36,12:00:00
2026-02-23 12:15:00,32.55,12:15:00
2026-02-23 12:30:00,32.67,12:30:00
2026-02-23 12:45:00,32.37,12:45:00
2026-02-23 13:00:00,33.31,13:00:00
2026-02-23 13:15:00,33.26,13:15:00
2026-02-23 13:30:00,33.21,13:30:00
2026-02-23 13:45:00,33.44,13:45:00
2026-02-23 14:00:00,34.92,14:00:00
2026-02-23 14:15:00,34.84,14:15:00
2026-02-23 14:30:00,35.09,14:30:00
2026-02-23 14:45:00,35.25,14:45:00
2026-02-23 15:00:00,38.13,15:00:00
2026-02-23 15:15:00,38.42,15:15:00
2026-02-23 15:30:00,38.13,15:30:00
2026-02-23 15:45:00,37.3,15:45:00
2026-02-23 16:00:00,38.89,16:00:00
2026-02-23 16:15:00,38.46,16:15:00
2026-02-23 16:30:00,37.56,16:30:00
2026-02-23 16:45:00,36.08,16:45:00
2026-02-23 17:00:00,36.58,17:00:00
2026-02-23 17:15:00,36.44,17:15:00
2026-02-23 17:30:00,37.0,17:30:00
2026-02-23 17:45:00,36.96,17:45:00
2026-02-23 18:00:00,36.74,18:00:00
2026-02-23 18:15:00,37.04,18:15:00
2026-02-23 18:30:00,36.94,18:30:00
2026-02-23 18:45:00,36.5,18:45:00
2026-02-23 19:00:00,36.95,19:00:00
2026-02-23 19:15:00,36.08,19:15:00
2026-02-23 19:30:00,38.42,19:30:00
2026-02-23 19:45:00,35.84,19:45:00
2026-02-23 20:00:00,38.0,20:00:00
2026-02-23 20:15:00,38.48,20:15:00
2026-02-23 20:30:00,39.19,20:30:00
2026-02-23 20:45:00,39.51,20:45:00
2026-02-23 21:00:00,37.85,21:00:00
2026-02-23 21:15:00,38.06,21:15:00
2026-02-23 21:30:00,37.42,21:30:00
2026-02-23 21:45:00,39.15,21:45:00
2026-02-23 22:00:00,40.02,22:00:00
2026-02-23 22:15:00,38.79,22:15:00
2026-02-23 22:30:00,38.86,22:30:00
2026-02-23 22:45:00,36.95,22:45:00
2026-02-23 23:00:00,35.22,23:00:00
2026-02-23 23:15:00,34.3,23:15:00
2026-02-23 23:30:00,31.22,23:30:00
2026-02-23 23:45:00,30.15,23:45:00
2026-02-24 00:00:00,31.2,00:00:00
2026-02-24 00:15:00,31.36,00:15:00
2026-02-24 00:30:00,30.6,00:30:00
2026-02-24 00:45:00,30.93,00:45:00
2026-02-24 01:00:00,32.59,01:00:00
2026-02-24 01:15:00,34.0,01:15:00
2026-02-24 01:30:00,34.51,01:30:00
2026-02-24 01:45:00,31.69,01:45:00
2026-02-24 02:00:00,37.23,02:00:00
2026-02-24 02:15:00,36.31,02:15:00
2026-02-24 02:30:00,36.28,02:30:00
2026-02-24 02:45:00,35.04,02:45:00
2026-02-24 03:00:00,36.07,03:00:00
2026-02-24 03:15:00,35.57,03:15:00
2026-02-24 03:30:00,33.11,03:30:00
2026-02-24 03:45:00,33.51,03:45:00
2026-02-24 04:00:00,31.4,04:00:00
2026-02-24 04:15:00,30.78,04:15:00
2026-02-24 04:30:00,28.57,04:30:00
2026-02-24 04:45:00,31.89,04:45:00
2026-02-24 05:00:00,31.84,05:00:00
2026-02-24 05:15:00,28.37,05:15:00
2026-02-24 05:30:00,29.39,05:30:00
2026-02-24 05:45:00,32.69,05:45:00
2026-02-24 06:00:00,34.88,06:00:00
2026-02-24 06:15:00,35.63,06:15:00
2026-02-24 06:30:00,37.98,06:30:00
2026-02-24 06:45:00,39.03,06:45:00
2026-02-24 07:00:00,36.75,07:00:00
2026-02-24 07:15:00,36.6,07:15:00
2026-02-24 07:30:00,36.91,07:30:00
2026-02-24 07:45:00,36.29,07:45:00
2026-02-24 08:00:00,32.81,08:00:00
2026-02-24 08:15:00,34.24,08:15:00
2026-02-24 08:30:00,37.46,08:30:00
2026-02-24 08:45:00,37.43,08:45:00
2026-02-24 09:00:00,39.85,09:00:00
2026-02-24 09:15:00,40.63,09:15:00
2026-02-24 09:30:00,40.69,09:30:00
2026-02-24 09:45:00,41.33,09:45:00
2026-02-24 10:00:00,42.15,10:00:00
2026-02-24 10:15:00,41.22,10:15:00
2026-02-24 10:30:00,40.17,10:30:00
2026-02-24 10:45:00,39.87,10:45:00
2026-02-24 11:00:00,37.98,11:00:00
2026-02-24 11:15:00,38.56,11:15:00
2026-02-24 11:30:00,39.35,11:30:00
2026-02-24 11:45:00,39.7,11:45:00
2026-02-24 12:00:00,38.56,12:00:00
2026-02-24 12:15:00,38.75,12:15:00
2026-02-24 12:30:00,39.41,12:30:00
2026-02-24 12:45:00,38.76,12:45:00
2026-02-24 13:00:00,37.15,13:00:00
2026-02-24 13:15:00,36.27,13:15:00
2026-02-24 13:30:00,37.19,13:30:00
2026-02-24 13:45:00,37.47,13:45:00
2026-02-24 14:00:00,37.83,14:00:00
2026-02-24 14:15:00,38.06,14:15:00
2026-02-24 14:30:00,38.57,14:30:00
2026-02-24 14:45:00,39.5,14:45:00
2026-02-24 15:00:00,40.43,15:00:00
2026-02-24 15:15:00,39.98,15:15:00
2026-02-24 15:30:00,40.12,15:30:00
2026-02-24 15:45:00,39.95,15:45:00
2026-02-24 16:00:00,38.22,16:00:00
2026-02-24 16:15:00,36.04,16:15:00
2026-02-24 16:30:00,34.21,16:30:00
2026-02-24 16:45:00,32.99,16:45:00
2026-02-24 17:00:00,33.92,17:00:00
2026-02-24 17:15:00,33.03,17:15:00
2026-02-24 17:30:00,33.01,17:30:00
2026-02-24 17:45:00,33.51,17:45:00
2026-02-24 18:00:00,34.34,18:00:00
2026-02-24 18:15:00,35.34,18:15:00
2026-02-24 18:30:00,35.75,18:30:00
2026-02-24 18:45:00,35.84,18:45:00
2026-02-24 19:00:00,34.83,19:00:00
2026-02-24 19:15:00,32.58,19:15:00
2026-02-24 19:30:00,31.23,19:30:00
2026-02-24 19:45:00,31.14,19:45:00
2026-02-24 20:00:00,31.0,20:00:00
2026-02-24 20:15:00,31.68,20:15:00
2026-02-24 20:30:00,32.45,20:30:00
2026-02-24 20:45:00,33.08,20:45:00
2026-02-24 21:00:00,32.34,21:00:00
2026-02-24 21:15:00,32.83,21:15:00
2026-02-24 21:30:00,33.38,21:30:00
2026-02-24 21:45:00,32.99,21:45:00
2026-02-24 22:00:00,30.92,22:00:00
2026-02-24 22:15:00,30.06,22:15:00
2026-02-24 22:30:00,32.14,22:30:00
2026-02-24 22:45:00,31.82,22:45:00
2026-02-24 23:00:00,30.93,23:00:00
2026-02-24 23:15:00,30.89,23:15:00
2026-02-24 23:30:00,30.98,23:30:00
2026-02-24 23:45:00,30.91,23:45:00
2026-02-25 00:00:00,29.46,00:00:00
2026-02-25 00:15:00,29.5,00:15:00
2026-02-25 00:30:00,29.33,00:30:00
2026-02-25 00:45:00,29.12,00:45:00
2026-02-25 01:00:00,28.75,01:00:00
2026-02-25 01:15:00,28.58,01:15:00
2026-02-25 01:30:00,28.85,01:30:00
2026-02-25 01:45:00,28.76,01:45:00
2026-02-25 02:00:00,28.94,02:00:00
2026-02-25 02:15:00,29.07,02:15:00
2026-02-25 02:30:00,29.07,02:30:00
2026-02-25 02:45:00,28.87,02:45:00
2026-02-25 03:00:00,28.98,03:00:00
2026-02-25 03:15:00,28.71,03:15:00
2026-02-25 03:30:00,28.79,03:30:00
2026-02-25 03:45:00,28.78,03:45:00
2026-02-25 04:00:00,28.97,04:00:00
2026-02-25 04:15:00,28.89,04:15:00
2026-02-25 04:30:00,29.02,04:30:00
2026-02-25 04:45:00,30.2,04:45:00
2026-02-25 05:00:00,32.56,05:00:00
2026-02-25 05:15:00,33.35,05:15:00
2026-02-25 05:30:00,32.57,05:30:00
2026-02-25 05:45:00,32.26,05:45:00
2026-02-25 06:00:00,32.13,06:00:00
2026-02-25 06:15:00,31.73,06:15:00
2026-02-25 06:30:00,30.85,06:30:00
2026-02-25 06:45:00,30.73,06:45:00
2026-02-25 07:00:00,33.32,07:00:00
2026-02-25 07:15:00,33.66,07:15:00
2026-02-25 07:30:00,34.83,07:30:00
2026-02-25 07:45:00,34.97,07:45:00
2026-02-25 08:00:00,35.78,08:00:00
2026-02-25 08:15:00,35.65,08:15:00
2026-02-25 08:30:00,35.03,08:30:00
2026-02-25 08:45:00,34.45,08:45:00
2026-02-25 09:00:00,35.86,09:00:00
2026-02-25 09:15:00,37.2,09:15:00
2026-02-25 09:30:00,37.5,09:30:00
2026-02-25 09:45:00,37.82,09:45:00
2026-02-25 10:00:00,37.63,10:00:00
2026-02-25 10:15:00,37.29,10:15:00
2026-02-25 10:30:00,36.74,10:30:00
2026-02-25 10:45:00,36.16,10:45:00
2026-02-25 11:00:00,33.79,11:00:00
2026-02-25 11:15:00,33.0,11:15:00
2026-02-25 11:30:00,32.84,11:30:00
2026-02-25 11:45:00,31.78,11:45:00
2026-02-25 12:00:00,31.14,12:00:00
2026-02-25 12:15:00,30.79,12:15:00
2026-02-25 12:30:00,30.94,12:30:00
2026-02-25 12:45:00,30.78,12:45:00
2026-02-25 13:00:00,30.21,13:00:00
2026-02-25 13:15:00,30.39,13:15:00
2026-02-25 13:30:00,30.22,13:30:00
2026-02-25 13:45:00,30.34,13:45:00
2026-02-25 14:00:00,30.25,14:00:00
2026-02-25 14:15:00,30.05,14:15:00
2026-02-25 14:30:00,29.66,14:30:00
2026-02-25 14:45:00,29.51,14:45:00
2026-02-25 15:00:00,29.81,15:00:00
2026-02-25 15:15:00,29.39,15:15:00
2026-02-25 15:30:00,29.44,15:30:00
2026-02-25 15:45:00,28.79,15:45:00
2026-02-25 16:00:00,28.3,16:00:00
2026-02-25 16:15:00,28.37,16:15:00
2026-02-25 16:30:00,28.12,16:30:00
2026-02-25 16:45:00,27.75,16:45:00
2026-02-25 17:00:00,28.79,17:00:00
2026-02-25 17:15:00,28.95,17:15:00
2026-02-25 17:30:00,27.89,17:30:00
2026-02-25 17:45:00,27.05,17:45:00
2026-02-25 18:00:00,26.82,18:00:00
2026-02-25 18:15:00,27.03,18:15:00
2026-02-25 18:30:00,27.5,18:30:00
2026-02-25 18:45:00,27.48,18:45:00
2026-02-25 19:00:00,27.04,19:00:00
2026-02-25 19:15:00,27.74,19:15:00
2026-02-25 19:30:00,29.61,19:30:00
2026-02-25 19:45:00,32.5,19:45:00
2026-02-25 20:00:00,31.35,20:00:00
2026-02-25 20:15:00,31.35,20:15:00
2026-02-25 20:30:00,31.56,20:30:00
2026-02-25 20:45:00,31.56,20:45:00
2026-02-25 21:00:00,30.17,21:00:00
2026-02-25 21:15:00,33.28,21:15:00
2026-02-25 21:30:00,34.34,21:30:00
2026-02-25 21:45:00,34.54,21:45:00
2026-02-25 22:00:00,33.58,22:00:00
2026-02-25 22:15:00,33.43,22:15:00
2026-02-25 22:30:00,33.49,22:30:00
2026-02-25 22:45:00,33.71,22:45:00
2026-02-25 23:00:00,30.96,23:00:00
2026-02-25 23:15:00,30.96,23:15:00
2026-02-25 23:30:00,30.96,23:30:00
2026-02-25 23:45:00,31.02,23:45:00
2026-02-26 00:00:00,32.04,00:00:00
2026-02-26 00:15:00,32.54,00:15:00
2026-02-26 00:30:00,33.07,00:30:00
2026-02-26 00:45:00,33.93,00:45:00
2026-02-26 01:00:00,33.94,01:00:00
2026-02-26 01:15:00,34.25,01:15:00
2026-02-26 01:30:00,34.4,01:30:00
2026-02-26 01:45:00,34.75,01:45:00
2026-02-26 02:00:00,35.02,02:00:00
2026-02-26 02:15:00,35.14,02:15:00
2026-02-26 02:30:00,35.45,02:30:00
2026-02-26 02:45:00,35.66,02:45:00
2026-02-26 03:00:00,35.46,03:00:00
2026-02-26 03:15:00,35.86,03:15:00
2026-02-26 03:30:00,36.09,03:30:00
2026-02-26 03:45:00,36.39,03:45:00
2026-02-26 04:00:00,37.11,04:00:00
2026-02-26 04:15:00,35.5,04:15:00
2026-02-26 04:30:00,35.27,04:30:00
2026-02-26 04:45:00,34.26,04:45:00
2026-02-26 05:00:00,32.4,05:00:00
2026-02-26 05:15:00,31.99,05:15:00
2026-02-26 05:30:00,32.49,05:30:00
2026-02-26 05:45:00,32.89,05:45:00
2026-02-26 06:00:00,31.95,06:00:00
2026-02-26 06:15:00,32.36,06:15:00
2026-02-26 06:30:00,29.63,06:30:00
2026-02-26 06:45:00,27.31,06:45:00
2026-02-26 07:00:00,27.23,07:00:00
2026-02-26 07:15:00,27.74,07:15:00
2026-02-26 07:30:00,29.99,07:30:00
2026-02-26 07:45:00,31.1,07:45:00
2026-02-26 08:00:00,31.86,08:00:00
2026-02-26 08:15:00,31.74,08:15:00
2026-02-26 08:30:00,32.16,08:30:00
2026-02-26 08:45:00,31.94,08:45:00
2026-02-26 09:00:00,32.12,09:00:00
2026-02-26 09:15:00,31.31,09:15:00
2026-02-26 09:30:00,31.21,09:30:00
2026-02-26 09:45:00,31.72,09:45:00
2026-02-26 10:00:00,31.62,10:00:00
2026-02-26 10:15:00,33.36,10:15:00
2026-02-26 10:30:00,34.66,10:30:00
2026-02-26 10:45:00,35.05,10:45:00
2026-02-26 11:00:00,35.64,11:00:00
2026-02-26 11:15:00,35.77,11:15:00
2026-02-26 11:30:00,35.54,11:30:00
2026-02-26 11:45:00,35.57,11:45:00
2026-02-26 12:00:00,35.87,12:00:00
2026-02-26 12:15:00,35.51,12:15:00
2026-02-26 12:30:00,35.54,12:30:00
2026-02-26 12:45:00,35.17,12:45:00
2026-02-26 13:00:00,33.53,13:00:00
2026-02-26 13:15:00,33.46,13:15:00
2026-02-26 13:30:00,33.36,13:30:00
2026-02-26 13:45:00,32.72,13:45:00
2026-02-26 14:00:00,32.32,14:00:00
2026-02-26 14:15:00,31.06,14:15:00
2026-02-26 14:30:00,30.1,14:30:00
2026-02-26 14:45:00,29.85,14:45:00
2026-02-26 15:00:00,30.1,15:00:00
2026-02-26 15:15:00,29.7,15:15:00
2026-02-26 15:30:00,28.4,15:30:00
2026-02-26 15:45:00,28.36,15:45:00
2026-02-26 16:00:00,28.57,16:00:00
2026-02-26 16:15:00,29.19,16:15:00
2026-02-26 16:30:00,27.56,16:30:00
2026-02-26 16:45:00,27.55,16:45:00
2026-02-26 17:00:00,27.26,17:00:00
2026-02-26 17:15:00,27.21,17:15:00
2026-02-26 17:30:00,27.21,17:30:00
2026-02-26 17:45:00,27.55,17:45:00
2026-02-26 18:00:00,26.89,18:00:00
2026-02-26 18:15:00,27.91,18:15:00
2026-02-26 18:30:00,28.44,18:30:00
2026-02-26 18:45:00,28.46,18:45:00
2026-02-26 19:00:00,28.79,19:00:00
2026-02-26 19:15:00,28.84,19:15:00
2026-02-26 19:30:00,28.38,19:30:00
2026-02-26 19:45:00,29.32,19:45:00
2026-02-26 20:00:00,29.65,20:00:00
2026-02-26 20:15:00,28.87,20:15:00
2026-02-26 20:30:00,27.99,20:30:00
2026-02-26 20:45:00,28.07,20:45:00
2026-02-26 21:00:00,28.13,21:00:00
2026-02-26 21:15:00,27.98,21:15:00
2026-02-26 21:30:00,28.08,21:30:00
2026-02-26 21:45:00,28.08,21:45:00
2026-02-26 22:00:00,28.25,22:00:00
2026-02-26 22:15:00,28.33,22:15:00
2026-02-26 22:30:00,28.96,22:30:00
2026-02-26 22:45:00,29.18,22:45:00
2026-02-26 23:00:00,27.74,23:00:00
2026-02-26 23:15:00,27.58,23:15:00
2026-02-26 23:30:00,27.62,23:30:00
2026-02-26 23:45:00,27.52,23:45:00
2026-02-27 00:00:00,27.45,00:00:00
2026-02-27 00:15:00,27.26,00:15:00
2026-02-27 00:30:00,27.23,00:30:00
2026-02-27 00:45:00,27.3,00:45:00
2026-02-27 01:00:00,27.5,01:00:00
2026-02-27 01:15:00,27.35,01:15:00
2026-02-27 01:30:00,27.4,01:30:00
2026-02-27 01:45:00,27.49,01:45:00
2026-02-27 02:00:00,27.17,02:00:00
2026-02-27 02:15:00,26.99,02:15:00
2026-02-27 02:30:00,26.84,02:30:00
2026-02-27 02:45:00,26.75,02:45:00
2026-02-27 03:00:00,27.1,03:00:00
2026-02-27 03:15:00,26.91,03:15:00
2026-02-27 03:30:00,26.79,03:30:00
2026-02-27 03:45:00,26.71,03:45:00
2026-02-27 04:00:00,26.42,04:00:00
2026-02-27 04:15:00,26.23,04:15:00
2026-02-27 04:30:00,25.97,04:30:00
2026-02-27 04:45:00,26.09,04:45:00
2026-02-27 05:00:00,26.37,05:00:00
2026-02-27 05:15:00,26.18,05:15:00
2026-02-27 05:30:00,25.75,05:30:00
2026-02-27 05:45:00,25.61,05:45:00
2026-02-27 06:00:00,25.88,06:00:00
2026-02-27 06:15:00,25.7,06:15:00
2026-02-27 06:30:00,25.68,06:30:00
2026-02-27 06:45:00,25.59,06:45:00
2026-02-27 07:00:00,26.45,07:00:00
2026-02-27 07:15:00,26.68,07:15:00
2026-02-27 07:30:00,27.01,07:30:00
2026-02-27 07:45:00,27.33,07:45:00
2026-02-27 08:00:00,27.65,08:00:00
2026-02-27 08:15:00,27.96,08:15:00
2026-02-27 08:30:00,28.25,08:30:00
2026-02-27 08:45:00,28.6,08:45:00
2026-02-27 09:00:00,28.57,09:00:00
2026-02-27 09:15:00,28.66,09:15:00
2026-02-27 09:30:00,28.77,09:30:00
2026-02-27 09:45:00,28.88,09:45:00
2026-02-27 10:00:00,28.31,10:00:00
2026-02-27 10:15:00,27.97,10:15:00
2026-02-27 10:30:00,26.07,10:30:00
2026-02-27 10:45:00,26.27,10:45:00
2026-02-27 11:00:00,26.56,11:00:00
2026-02-27 11:15:00,26.74,11:15:00
2026-02-27 11:30:00,26.92,11:30:00
2026-02-27 11:45:00,26.97,11:45:00
2026-02-27 12:00:00,26.42,12:00:00
2026-02-27 12:15:00,26.26,12:15:00
2026-02-27 12:30:00,26.12,12:30:00
2026-02-27 12:45:00,26.07,12:45:00
2026-02-27 13:00:00,25.86,13:00:00
2026-02-27 13:15:00,25.77,13:15:00
2026-02-27 13:30:00,25.75,13:30:00
2026-02-27 13:45:00,25.7,13:45:00
2026-02-27 14:00:00,25.98,14:00:00
2026-02-27 14:15:00,25.94,14:15:00
2026-02-27 14:30:00,25.74,14:30:00
2026-02-27 14:45:00,25.68,14:45:00
2026-02-27 15:00:00,24.98,15:00:00
2026-02-27 15:15:00,24.76,15:15:00
2026-02-27 15:30:00,24.18,15:30:00
2026-02-27 15:45:00,23.82,15:45:00
2026-02-27 16:00:00,24.81,16:00:00
2026-02-27 16:15:00,24.51,16:15:00
2026-02-27 16:30:00,24.62,16:30:00
2026-02-27 16:45:00,24.65,16:45:00
2026-02-27 17:00:00,24.42,17:00:00
2026-02-27 17:15:00,24.31,17:15:00
2026-02-27 17:30:00,24.3,17:30:00
2026-02-27 17:45:00,24.31,17:45:00
2026-02-27 18:00:00,24.5,18:00:00
2026-02-27 18:15:00,24.56,18:15:00
2026-02-27 18:30:00,24.63,18:30:00
2026-02-27 18:45:00,24.64,18:45:00
2026-02-27 19:00:00,24.33,19:00:00
2026-02-27 19:15:00,24.4,19:15:00
2026-02-27 19:30:00,24.42,19:30:00
2026-02-27 19:45:00,24.43,19:45:00
2026-02-27 20:00:00,24.42,20:00:00
2026-02-27 20:15:00,24.1,20:15:00
2026-02-27 20:30:00,24.09,20:30:00
2026-02-27 20:45:00,24.07,20:45:00
2026-02-27 21:00:00,24.81,21:00:00
2026-02-27 21:15:00,24.75,21:15:00
2026-02-27 21:30:00,24.63,21:30:00
2026-02-27 21:45:00,24.78,21:45:00
2026-02-27 22:00:00,24.95,22:00:00
2026-02-27 22:15:00,25.01,22:15:00
2026-02-27 22:30:00,24.94,22:30:00
2026-02-27 22:45:00,25.06,22:45:00
2026-02-27 23:00:00,24.82,23:00:00
2026-02-27 23:15:00,24.53,23:15:00
2026-02-27 23:30:00,24.37,23:30:00
2026-02-27 23:45:00,24.28,23:45:00
2026-02-28 00:00:00,23.51,00:00:00
2026-02-28 00:15:00,23.45,00:15:00
2026-02-28 00:30:00,23.46,00:30:00
2026-02-28 00:45:00,23.46,00:45:00
2026-02-28 01:00:00,23.74,01:00:00
2026-02-28 01:15:00,23.77,01:15:00
2026-02-28 01:30:00,23.75,01:30:00
2026-02-28 01:45:00,23.86,01:45:00
2026-02-28 02:00:00,24.18,02:00:00
2026-02-28 02:15:00,24.2,02:15:00
2026-02-28 02:30:00,24.22,02:30:00
2026-02-28 02:45:00,24.37,02:45:00
2026-02-28 03:00:00,24.63,03:00:00
2026-02-28 03:15:00,24.68,03:15:00
2026-02-28 03:30:00,24.72,03:30:00
2026-02-28 03:45:00,24.7,03:45:00
2026-02-28 04:00:00,25.55,04:00:00
2026-02-28 04:15:00,25.63,04:15:00
2026-02-28 04:30:00,25.7,04:30:00
2026-02-28 04:45:00,25.85,04:45:00
2026-02-28 05:00:00,25.7,05:00:00
2026-02-28 05:15:00,25.75,05:15:00
2026-02-28 05:30:00,26.32,05:30:00
2026-02-28 05:45:00,26.29,05:45:00
2026-02-28 06:00:00,27.08,06:00:00
2026-02-28 06:15:00,27.2,06:15:00
2026-02-28 06:30:00,27.32,06:30:00
2026-02-28 06:45:00,27.04,06:45:00
2026-02-28 07:00:00,27.55,07:00:00
2026-02-28 07:15:00,27.68,07:15:00
2026-02-28 07:30:00,27.67,07:30:00
2026-02-28 07:45:00,27.87,07:45:00
2026-02-28 08:00:00,27.81,08:00:00
2026-02-28 08:15:00,28.05,08:15:00
2026-02-28 08:30:00,28.14,08:30:00
2026-02-28 08:45:00,28.14,08:45:00
2026-02-28 09:00:00,27.73,09:00:00
2026-02-28 09:15:00,27.83,09:15:00
2026-02-28 09:30:00,28.0,09:30:00
2026-02-28 09:45:00,28.03,09:45:00
2026-02-28 10:00:00,27.8,10:00:00
2026-02-28 10:15:00,27.89,10:15:00
2026-02-28 10:30:00,27.95,10:30:00
2026-02-28 10:45:00,27.99,10:45:00
2026-02-28 11:00:00,27.94,11:00:00
2026-02-28 11:15:00,28.12,11:15:00
2026-02-28 11:30:00,28.06,11:30:00
2026-02-28 11:45:00,27.95,11:45:00
2026-02-28 12:00:00,28.05,12:00:00
2026-02-28 12:15:00,28.12,12:15:00
2026-02-28 12:30:00,28.14,12:30:00
2026-02-28 12:45:00,28.11,12:45:00
2026-02-28 13:00:00,28.15,13:00:00
2026-02-28 13:15:00,28.2,13:15:00
2026-02-28 13:30:00,28.16,13:30:00
2026-02-28 13:45:00,28.19,13:45:00
2026-02-28 14:00:00,28.13,14:00:00
2026-02-28 14:15:00,28.1,14:15:00
2026-02-28 14:30:00,28.33,14:30:00
2026-02-28 14:45:00,28.45,14:45:00
2026-02-28 15:00:00,28.98,15:00:00
2026-02-28 15:15:00,28.45,15:15:00
2026-02-28 15:30:00,28.17,15:30:00
2026-02-28 15:45:00,28.11,15:45:00
2026-02-28 16:00:00,28.35,16:00:00
2026-02-28 16:15:00,28.23,16:15:00
2026-02-28 16:30:00,28.2,16:30:00
2026-02-28 16:45:00,28.11,16:45:00
2026-02-28 17:00:00,27.96,17:00:00
2026-02-28 17:15:00,27.87,17:15:00
2026-02-28 17:30:00,28.06,17:30:00
2026-02-28 17:45:00,28.13,17:45:00
2026-02-28 18:00:00,28.27,18:00:00
2026-02-28 18:15:00,28.23,18:15:00
2026-02-28 18:30:00,28.19,18:30:00
2026-02-28 18:45:00,27.97,18:45:00
2026-02-28 19:00:00,28.14,19:00:00
2026-02-28 19:15:00,28.25,19:15:00
2026-02-28 19:30:00,29.75,19:30:00
2026-02-28 19:45:00,30.38,19:45:00
2026-02-28 20:00:00,29.07,20:00:00
2026-02-28 20:15:00,29.15,20:15:00
2026-02-28 20:30:00,29.19,20:30:00
2026-02-28 20:45:00,29.88,20:45:00
2026-02-28 21:00:00,29.14,21:00:00
2026-02-28 21:15:00,28.94,21:15:00
2026-02-28 21:30:00,28.86,21:30:00
2026-02-28 21:45:00,29.33,21:45:00
2026-02-28 22:00:00,28.7,22:00:00
2026-02-28 22:15:00,28.51,22:15:00
2026-02-28 22:30:00,28.87,22:30:00
2026-02-28 22:45:00,29.46,22:45:00
2026-02-28 23:00:00,31.35,23:00:00
2026-02-28 23:15:00,31.75,23:15:00
2026-02-28 23:30:00,31.91,23:30:00
2026-02-28 23:45:00,32.02,23:45:00
2026-03-01 00:00:00,32.06,00:00:00
2026-03-01 00:15:00,31.48,00:15:00
2026-03-01 00:30:00,31.08,00:30:00
2026-03-01 00:45:00,30.58,00:45:00
2026-03-01 01:00:00,28.77,01:00:00
2026-03-01 01:15:00,27.56,01:15:00
2026-03-01 01:30:00,27.0,01:30:00
2026-03-01 01:45:00,27.0,01:45:00
2026-03-01 02:00:00,26.95,02:00:00
2026-03-01 02:15:00,26.89,02:15:00
2026-03-01 02:30:00,26.85,02:30:00
2026-03-01 02:45:00,26.96,02:45:00
2026-03-01 03:00:00,25.32,03:00:00
2026-03-01 03:15:00,25.34,03:15:00
2026-03-01 03:30:00,25.37,03:30:00
2026-03-01 03:45:00,25.31,03:45:00
2026-03-01 04:00:00,25.29,04:00:00
2026-03-01 04:15:00,25.34,04:15:00
2026-03-01 04:30:00,25.01,04:30:00
2026-03-01 04:45:00,24.68,04:45:00
2026-03-01 05:00:00,24.59,05:00:00
2026-03-01 05:15:00,24.5,05:15:00
2026-03-01 05:30:00,24.44,05:30:00
2026-03-01 05:45:00,24.67,05:45:00
2026-03-01 06:00:00,24.69,06:00:00
2026-03-01 06:15:00,24.52,06:15:00
2026-03-01 06:30:00,24.33,06:30:00
2026-03-01 06:45:00,24.65,06:45:00
2026-03-01 07:00:00,23.42,07:00:00
2026-03-01 07:15:00,23.64,07:15:00
2026-03-01 07:30:00,24.21,07:30:00
2026-03-01 07:45:00,25.7,07:45:00
2026-03-01 08:00:00,25.9,08:00:00
2026-03-01 08:15:00,26.17,08:15:00
2026-03-01 08:30:00,26.53,08:30:00
2026-03-01 08:45:00,28.2,08:45:00
2026-03-01 09:00:00,28.77,09:00:00
2026-03-01 09:15:00,29.63,09:15:00
2026-03-01 09:30:00,29.81,09:30:00
2026-03-01 09:45:00,30.42,09:45:00
2026-03-01 10:00:00,31.38,10:00:00
2026-03-01 10:15:00,32.37,10:15:00
2026-03-01 10:30:00,32.55,10:30:00
2026-03-01 10:45:00,32.73,10:45:00
2026-03-01 11:00:00,33.21,11:00:00
2026-03-01 11:15:00,32.34,11:15:00
2026-03-01 11:30:00,31.53,11:30:00
2026-03-01 11:45:00,31.8,11:45:00
2026-03-01 12:00:00,32.78,12:00:00
2026-03-01 12:15:00,32.59,12:15:00
2026-03-01 12:30:00,32.69,12:30:00
2026-03-01 12:45:00,32.75,12:45:00
2026-03-01 13:00:00,31.08,13:00:00
2026-03-01 13:15:00,30.86,13:15:00
2026-03-01 13:30:00,30.2,13:30:00
2026-03-01 13:45:00,30.03,13:45:00
2026-03-01 14:00:00,27.36,14:00:00
2026-03-01 14:15:00,26.81,14:15:00
2026-03-01 14:30:00,27.64,14:30:00
2026-03-01 14:45:00,25.76,14:45:00
2026-03-01 15:00:00,27.7,15:00:00
2026-03-01 15:15:00,26.74,15:15:00
2026-03-01 15:30:00,26.21,15:30:00
2026-03-01 15:45:00,25.87,15:45:00
2026-03-01 16:00:00,25.45,16:00:00
2026-03-01 16:15:00,25.36,16:15:00
2026-03-01 16:30:00,25.04,16:30:00
2026-03-01 16:45:00,24.98,16:45:00
2026-03-01 17:00:00,25.23,17:00:00
2026-03-01 17:15:00,25.09,17:15:00
2026-03-01 17:30:00,25.15,17:30:00
2026-03-01 17:45:00,25.2,17:45:00
2026-03-01 18:00:00,25.17,18:00:00
2026-03-01 18:15:00,25.02,18:15:00
2026-03-01 18:30:00,25.12,18:30:00
2026-03-01 18:45:00,25.11,18:45:00
2026-03-01 19:00:00,25.36,19:00:00
2026-03-01 19:15:00,25.45,19:15:00
2026-03-01 19:30:00,25.55,19:30:00
2026-03-01 19:45:00,25.65,19:45:00
2026-03-01 20:00:00,26.14,20:00:00
2026-03-01 20:15:00,26.17,20:15:00
2026-03-01 20:30:00,26.21,20:30:00
2026-03-01 20:45:00,26.4,20:45:00
2026-03-01 21:00:00,26.98,21:00:00
2026-03-01 21:15:00,27.08,21:15:00
2026-03-01 21:30:00,27.16,21:30:00
2026-03-01 21:45:00,27.16,21:45:00
2026-03-01 22:00:00,27.12,22:00:00
2026-03-01 22:15:00,27.15,22:15:00
2026-03-01 22:30:00,27.15,22:30:00
2026-03-01 22:45:00,27.2,22:45:00
2026-03-01 23:00:00,26.03,23:00:00
2026-03-01 23:15:00,25.89,23:15:00
2026-03-01 23:30:00,26.11,23:30:00
2026-03-01 23:45:00,26.19,23:45:00
2026-03-02 00:00:00,26.53,00:00:00
2026-03-02 00:15:00,26.58,00:15:00
2026-03-02 00:30:00,26.89,00:30:00
2026-03-02 00:45:00,26.96,00:45:00
2026-03-02 01:00:00,26.62,01:00:00
2026-03-02 01:15:00,26.7,01:15:00
2026-03-02 01:30:00,26.99,01:30:00
2026-03-02 01:45:00,27.09,01:45:00
2026-03-02 02:00:00,27.08,02:00:00
2026-03-02 02:15:00,27.09,02:15:00
2026-03-02 02:30:00,27.17,02:30:00
2026-03-02 02:45:00,27.18,02:45:00
2026-03-02 03:00:00,27.44,03:00:00
2026-03-02 03:15:00,27.6,03:15:00
2026-03-02 03:30:00,27.78,03:30:00
2026-03-02 03:45:00,27.6,03:45:00
2026-03-02 04:00:00,27.96,04:00:00
2026-03-02 04:15:00,28.13,04:15:00
2026-03-02 04:30:00,27.08,04:30:00
2026-03-02 04:45:00,26.39,04:45:00
2026-03-02 05:00:00,26.81,05:00:00
2026-03-02 05:15:00,26.35,05:15:00
2026-03-02 05:30:00,26.01,05:30:00
2026-03-02 05:45:00,27.6,05:45:00
2026-03-02 06:00:00,30.4,06:00:00
2026-03-02 06:15:00,31.8,06:15:00
2026-03-02 06:30:00,31.79,06:30:00
2026-03-02 06:45:00,31.09,06:45:00
2026-03-02 07:00:00,30.38,07:00:00
2026-03-02 07:15:00,31.93,07:15:00
2026-03-02 07:30:00,34.38,07:30:00
2026-03-02 07:45:00,35.58,07:45:00
2026-03-02 08:00:00,33.79,08:00:00
2026-03-02 08:15:00,35.1,08:15:00
2026-03-02 08:30:00,36.16,08:30:00
2026-03-02 08:45:00,36.03,08:45:00
2026-03-02 09:00:00,35.85,09:00:00
2026-03-02 09:15:00,36.61,09:15:00
2026-03-02 09:30:00,36.84,09:30:00
2026-03-02 09:45:00,36.48,09:45:00
2026-03-02 10:00:00,35.05,10:00:00
2026-03-02 10:15:00,33.99,10:15:00
2026-03-02 10:30:00,34.55,10:30:00
2026-03-02 10:45:00,35.17,10:45:00
2026-03-02 11:00:00,34.01,11:00:00
2026-03-02 11:15:00,34.24,11:15:00
2026-03-02 11:30:00,34.16,11:30:00
2026-03-02 11:45:00,34.02,11:45:00
2026-03-02 12:00:00,36.13,12:00:00
2026-03-02 12:15:00,36.45,12:15:00
2026-03-02 12:30:00,36.07,12:30:00
2026-03-02 12:45:00,35.58,12:45:00
2026-03-02 13:00:00,34.96,13:00:00
2026-03-02 13:15:00,35.13,13:15:00
2026-03-02 13:30:00,34.95,13:30:00
2026-03-02 13:45:00,33.1,13:45:00
2026-03-02 14:00:00,34.44,14:00:00
2026-03-02 14:15:00,33.61,14:15:00
2026-03-02 14:30:00,30.75,14:30:00
2026-03-02 14:45:00,28.27,14:45:00
2026-03-02 15:00:00,30.21,15:00:00
2026-03-02 15:15:00,27.15,15:15:00
2026-03-02 15:30:00,24.85,15:30:00
2026-03-02 15:45:00,24.53,15:45:00
2026-03-02 16:00:00,27.08,16:00:00
2026-03-02 16:15:00,28.33,16:15:00
2026-03-02 16:30:00,30.26,16:30:00
2026-03-02 16:45:00,30.25,16:45:00
2026-03-02 17:00:00,28.76,17:00:00
2026-03-02 17:15:00,27.92,17:15:00
2026-03-02 17:30:00,26.99,17:30:00
2026-03-02 17:45:00,25.96,17:45:00
2026-03-02 18:00:00,25.94,18:00:00
2026-03-02 18:15:00,25.97,18:15:00
2026-03-02 18:30:00,26.24,18:30:00
2026-03-02 18:45:00,26.95,18:45:00
2026-03-02 19:00:00,26.12,19:00:00
2026-03-02 19:15:00,26.05,19:15:00
2026-03-02 19:30:00,25.85,19:30:00
2026-03-02 19:45:00,25.81,19:45:00
2026-03-02 20:00:00,25.26,20:00:00
2026-03-02 20:15:00,24.93,20:15:00
2026-03-02 20:30:00,25.07,20:30:00
2026-03-02 20:45:00,24.97,20:45:00
2026-03-02 21:00:00,24.36,21:00:00
2026-03-02 21:15:00,24.4,21:15:00
2026-03-02 21:30:00,24.49,21:30:00
2026-03-02 21:45:00,24.3,21:45:00
2026-03-02 22:00:00,24.31,22:00:00
2026-03-02 22:15:00,24.19,22:15:00
2026-03-02 22:30:00,24.26,22:30:00
2026-03-02 22:45:00,24.28,22:45:00
2026-03-02 23:00:00,22.18,23:00:00
2026-03-02 23:15:00,21.9,23:15:00
2026-03-02 23:30:00,22.03,23:30:00
2026-03-02 23:45:00,22.07,23:45:00
2026-03-03 00:00:00,21.99,00:00:00
2026-03-03 00:15:00,21.98,00:15:00
2026-03-03 00:30:00,22.05,00:30:00
2026-03-03 00:45:00,22.2,00:45:00
2026-03-03 01:00:00,21.94,01:00:00
2026-03-03 01:15:00,21.8,01:15:00
2026-03-03 01:30:00,21.85,01:30:00
2026-03-03 01:45:00,21.87,01:45:00
2026-03-03 02:00:00,21.76,02:00:00
2026-03-03 02:15:00,21.78,02:15:00
2026-03-03 02:30:00,21.8,02:30:00
2026-03-03 02:45:00,21.78,02:45:00
2026-03-03 03:00:00,21.67,03:00:00
2026-03-03 03:15:00,21.67,03:15:00
2026-03-03 03:30:00,21.71,03:30:00
2026-03-03 03:45:00,21.64,03:45:00
2026-03-03 04:00:00,21.53,04:00:00
2026-03-03 04:15:00,21.52,04:15:00
2026-03-03 04:30:00,21.46,04:30:00
2026-03-03 04:45:00,21.73,04:45:00
2026-03-03 05:00:00,21.9,05:00:00
2026-03-03 05:15:00,21.68,05:15:00
2026-03-03 05:30:00,21.54,05:30:00
2026-03-03 05:45:00,21.7,05:45:00
2026-03-03 06:00:00,21.4,06:00:00
2026-03-03 06:15:00,21.97,06:15:00
2026-03-03 06:30:00,22.07,06:30:00
2026-03-03 06:45:00,21.7,06:45:00
2026-03-03 07:00:00,21.74,07:00:00
2026-03-03 07:15:00,21.88,07:15:00
2026-03-03 07:30:00,22.06,07:30:00
2026-03-03 07:45:00,22.18,07:45:00
2026-03-03 08:00:00,20.77,08:00:00
2026-03-03 08:15:00,20.94,08:15:00
2026-03-03 08:30:00,21.42,08:30:00
2026-03-03 08:45:00,21.75,08:45:00
2026-03-03 09:00:00,21.04,09:00:00
2026-03-03 09:15:00,21.24,09:15:00
2026-03-03 09:30:00,21.46,09:30:00
2026-03-03 09:45:00,21.51,09:45:00
2026-03-03 10:00:00,19.89,10:00:00
2026-03-03 10:15:00,19.5,10:15:00
2026-03-03 10:30:00,19.76,10:30:00
2026-03-03 10:45:00,20.08,10:45:00
2026-03-03 11:00:00,19.11,11:00:00
2026-03-03 11:15:00,19.13,11:15:00
2026-03-03 11:30:00,19.12,11:30:00
2026-03-03 11:45:00,18.99,11:45:00
2026-03-03 12:00:00,18.45,12:00:00
2026-03-03 12:15:00,18.84,12:15:00
2026-03-03 12:30:00,18.74,12:30:00
2026-03-03 12:45:00,19.13,12:45:00
2026-03-03 13:00:00,20.37,13:00:00
2026-03-03 13:15:00,20.9,13:15:00
2026-03-03 13:30:00,20.61,13:30:00
2026-03-03 13:45:00,20.52,13:45:00
2026-03-03 14:00:00,22.65,14:00:00
2026-03-03 14:15:00,22.91,14:15:00
2026-03-03 14:30:00,22.41,14:30:00
2026-03-03 14:45:00,22.34,14:45:00
2026-03-03 15:00:00,22.26,15:00:00
2026-03-03 15:15:00,21.44,15:15:00
2026-03-03 15:30:00,19.65,15:30:00
2026-03-03 15:45:00,19.47,15:45:00
2026-03-03 16:00:00,19.64,16:00:00
2026-03-03 16:15:00,19.17,16:15:00
2026-03-03 16:30:00,18.74,16:30:00
2026-03-03 16:45:00,18.71,16:45:00
2026-03-03 17:00:00,18.93,17:00:00
2026-03-03 17:15:00,18.9,17:15:00
2026-03-03 17:30:00,18.82,17:30:00
2026-03-03 17:45:00,18.79,17:45:00
2026-03-03 18:00:00,18.98,18:00:00
2026-03-03 18:15:00,19.33,18:15:00
2026-03-03 18:30:00,19.35,18:30:00
2026-03-03 18:45:00,19.61,18:45:00
2026-03-03 19:00:00,19.45,19:00:00
2026-03-03 19:15:00,19.33,19:15:00
2026-03-03 19:30:00,19.32,19:30:00
2026-03-03 19:45:00,19.39,19:45:00
2026-03-03 20:00:00,18.78,20:00:00
2026-03-03 20:15:00,18.58,20:15:00
2026-03-03 20:30:00,18.89,20:30:00
2026-03-03 20:45:00,18.9,20:45:00
2026-03-03 21:00:00,18.92,21:00:00
2026-03-03 21:15:00,18.97,21:15:00
2026-03-03 21:30:00,19.14,21:30:00
2026-03-03 21:45:00,19.21,21:45:00
2026-03-03 22:00:00,18.97,22:00:00
2026-03-03 22:15:00,19.14,22:15:00
2026-03-03 22:30:00,19.18,22:30:00
2026-03-03 22:45:00,19.33,22:45:00
2026-03-03 23:00:00,23.03,23:00:00
2026-03-03 23:15:00,24.48,23:15:00
2026-03-03 23:30:00,25.03,23:30:00
2026-03-03 23:45:00,25.08,23:45:00
2026-03-04 00:00:00,25.73,00:00:00
2026-03-04 00:15:00,25.77,00:15:00
2026-03-04 00:30:00,25.98,00:30:00
2026-03-04 00:45:00,25.9,00:45:00
2026-03-04 01:00:00,25.82,01:00:00
2026-03-04 01:15:00,26.17,01:15:00
2026-03-04 01:30:00,25.93,01:30:00
2026-03-04 01:45:00,25.51,01:45:00
2026-03-04 02:00:00,22.63,02:00:00
2026-03-04 02:15:00,20.42,02:15:00
2026-03-04 02:30:00,20.07,02:30:00
2026-03-04 02:45:00,20.09,02:45:00
2026-03-04 03:00:00,19.95,03:00:00
2026-03-04 03:15:00,19.96,03:15:00
2026-03-04 03:30:00,19.92,03:30:00
2026-03-04 03:45:00,20.02,03:45:00
2026-03-04 04:00:00,20.69,04:00:00
2026-03-04 04:15:00,20.72,04:15:00
2026-03-04 04:30:00,20.57,04:30:00
2026-03-04 04:45:00,20.62,04:45:00
2026-03-04 05:00:00,20.94,05:00:00
2026-03-04 05:15:00,20.86,05:15:00
2026-03-04 05:30:00,20.85,05:30:00
2026-03-04 05:45:00,20.85,05:45:00
2026-03-04 06:00:00,21.04,06:00:00
2026-03-04 06:15:00,21.11,06:15:00
2026-03-04 06:30:00,21.04,06:30:00
2026-03-04 06:45:00,21.11,06:45:00
2026-03-04 07:00:00,21.22,07:00:00
2026-03-04 07:15:00,21.25,07:15:00
2026-03-04 07:30:00,21.29,07:30:00
2026-03-04 07:45:00,21.44,07:45:00
2026-03-04 08:00:00,21.44,08:00:00
2026-03-04 08:15:00,21.92,08:15:00
2026-03-04 08:30:00,22.18,08:30:00
2026-03-04 08:45:00,22.45,08:45:00
2026-03-04 09:00:00,22.14,09:00:00
2026-03-04 09:15:00,22.36,09:15:00
2026-03-04 09:30:00,22.6,09:30:00
2026-03-04 09:45:00,23.06,09:45:00
2026-03-04 10:00:00,20.5,10:00:00
2026-03-04 10:15:00,20.42,10:15:00
2026-03-04 10:30:00,20.47,10:30:00
2026-03-04 10:45:00,20.4,10:45:00
2026-03-04 11:00:00,19.08,11:00:00
2026-03-04 11:15:00,18.57,11:15:00
2026-03-04 11:30:00,18.55,11:30:00
2026-03-04 11:45:00,18.75,11:45:00
2026-03-04 12:00:00,18.16,12:00:00
2026-03-04 12:15:00,17.98,12:15:00
2026-03-04 12:30:00,18.0,12:30:00
2026-03-04 12:45:00,18.48,12:45:00
2026-03-04 13:00:00,19.01,13:00:00
2026-03-04 13:15:00,19.17,13:15:00
2026-03-04 13:30:00,19.21,13:30:00
2026-03-04 13:45:00,19.28,13:45:00
2026-03-04 14:00:00,19.86,14:00:00
2026-03-04 14:15:00,19.31,14:15:00
2026-03-04 14:30:00,18.77,14:30:00
2026-03-04 14:45:00,18.46,14:45:00
2026-03-04 15:00:00,20.15,15:00:00
2026-03-04 15:15:00,19.9,15:15:00
2026-03-04 15:30:00,19.63,15:30:00
2026-03-04 15:45:00,19.31,15:45:00
2026-03-04 16:00:00,19.52,16:00:00
2026-03-04 16:15:00,19.61,16:15:00
2026-03-04 16:30:00,19.48,16:30:00
2026-03-04 16:45:00,19.15,16:45:00
2026-03-04 17:00:00,19.84,17:00:00
2026-03-04 17:15:00,20.03,17:15:00
2026-03-04 17:30:00,20.08,17:30:00
2026-03-04 17:45:00,19.99,17:45:00
2026-03-04 18:00:00,20.35,18:00:00
2026-03-04 18:15:00,20.38,18:15:00
2026-03-04 18:30:00,20.4,18:30:00
2026-03-04 18:45:00,20.42,18:45:00
2026-03-04 19:00:00,19.86,19:00:00
2026-03-04 19:15:00,19.93,19:15:00
2026-03-04 19:30:00,19.94,19:30:00
2026-03-04 19:45:00,20.08,19:45:00
2026-03-04 20:00:00,20.21,20:00:00
2026-03-04 20:15:00,20.39,20:15:00
2026-03-04 20:30:00,20.46,20:30:00
2026-03-04 20:45:00,20.51,20:45:00
2026-03-04 21:00:00,20.83,21:00:00
2026-03-04 21:15:00,20.87,21:15:00
2026-03-04 21:30:00,20.92,21:30:00
2026-03-04 21:45:00,21.11,21:45:00
2026-03-04 22:00:00,21.35,22:00:00
2026-03-04 22:15:00,21.48,22:15:00
2026-03-04 22:30:00,21.53,22:30:00
2026-03-04 22:45:00,21.51,22:45:00
2026-03-04 23:00:00,21.95,23:00:00
2026-03-04 23:15:00,22.04,23:15:00
2026-03-04 23:30:00,22.11,23:30:00
2026-03-04 23:45:00,22.22,23:45:00
2026-03-05 00:00:00,22.09,00:00:00
2026-03-05 00:15:00,22.16,00:15:00
2026-03-05 00:30:00,21.97,00:30:00
2026-03-05 00:45:00,21.93,00:45:00
2026-03-05 01:00:00,21.98,01:00:00
2026-03-05 01:15:00,22.05,01:15:00
2026-03-05 01:30:00,22.21,01:30:00
2026-03-05 01:45:00,22.26,01:45:00
2026-03-05 02:00:00,21.63,02:00:00
2026-03-05 02:15:00,21.58,02:15:00
2026-03-05 02:30:00,21.39,02:30:00
2026-03-05 02:45:00,21.4,02:45:00
2026-03-05 03:00:00,21.8,03:00:00
2026-03-05 03:15:00,21.8,03:15:00
2026-03-05 03:30:00,21.7,03:30:00
2026-03-05 03:45:00,21.67,03:45:00
2026-03-05 04:00:00,21.62,04:00:00
2026-03-05 04:15:00,21.49,04:15:00
2026-03-05 04:30:00,21.62,04:30:00
2026-03-05 04:45:00,21.74,04:45:00
2026-03-05 05:00:00,22.82,05:00:00
2026-03-05 05:15:00,22.84,05:15:00
2026-03-05 05:30:00,23.0,05:30:00
2026-03-05 05:45:00,23.07,05:45:00
2026-03-05 06:00:00,23.28,06:00:00
2026-03-05 06:15:00,23.48,06:15:00
2026-03-05 06:30:00,23.59,06:30:00
2026-03-05 06:45:00,24.37,06:45:00
2026-03-05 07:00:00,24.57,07:00:00
2026-03-05 07:15:00,24.98,07:15:00
2026-03-05 07:30:00,25.28,07:30:00
2026-03-05 07:45:00,25.55,07:45:00
2026-03-05 08:00:00,25.31,08:00:00
2026-03-05 08:15:00,25.82,08:15:00
2026-03-05 08:30:00,26.62,08:30:00
2026-03-05 08:45:00,29.33,08:45:00
2026-03-05 09:00:00,27.6,09:00:00
2026-03-05 09:15:00,30.91,09:15:00
2026-03-05 09:30:00,33.33,09:30:00
2026-03-05 09:45:00,33.22,09:45:00
2026-03-05 10:00:00,31.83,10:00:00
2026-03-05 10:15:00,31.87,10:15:00
2026-03-05 10:30:00,31.67,10:30:00
2026-03-05 10:45:00,31.95,10:45:00
2026-03-05 11:00:00,32.22,11:00:00
2026-03-05 11:15:00,32.83,11:15:00
2026-03-05 11:30:00,33.29,11:30:00
2026-03-05 11:45:00,33.39,11:45:00
2026-03-05 12:00:00,33.62,12:00:00
2026-03-05 12:15:00,33.83,12:15:00
2026-03-05 12:30:00,34.14,12:30:00
2026-03-05 12:45:00,34.01,12:45:00
2026-03-05 13:00:00,34.0,13:00:00
2026-03-05 13:15:00,33.72,13:15:00
2026-03-05 13:30:00,34.08,13:30:00
2026-03-05 13:45:00,33.86,13:45:00
2026-03-05 14:00:00,32.86,14:00:00
2026-03-05 14:15:00,28.28,14:15:00
2026-03-05 14:30:00,24.58,14:30:00
2026-03-05 14:45:00,24.54,14:45:00
2026-03-05 15:00:00,25.62,15:00:00
2026-03-05 15:15:00,24.51,15:15:00
2026-03-05 15:30:00,23.2,15:30:00
2026-03-05 15:45:00,22.67,15:45:00
2026-03-05 16:00:00,23.84,16:00:00
2026-03-05 16:15:00,22.94,16:15:00
2026-03-05 16:30:00,22.86,16:30:00
2026-03-05 16:45:00,23.22,16:45:00
2026-03-05 17:00:00,23.82,17:00:00
2026-03-05 17:15:00,23.93,17:15:00
2026-03-05 17:30:00,23.99,17:30:00
2026-03-05 17:45:00,24.06,17:45:00
2026-03-05 18:00:00,24.23,18:00:00
2026-03-05 18:15:00,24.35,18:15:00
2026-03-05 18:30:00,24.6,18:30:00
2026-03-05 18:45:00,24.79,18:45:00
2026-03-05 19:00:00,24.49,19:00:00
2026-03-05 19:15:00,24.75,19:15:00
2026-03-05 19:30:00,24.6,19:30:00
2026-03-05 19:45:00,24.42,19:45:00
2026-03-05 20:00:00,24.37,20:00:00
2026-03-05 20:15:00,24.35,20:15:00
2026-03-05 20:30:00,24.26,20:30:00
2026-03-05 20:45:00,24.1,20:45:00
2026-03-05 21:00:00,23.76,21:00:00
2026-03-05 21:15:00,23.72,21:15:00
2026-03-05 21:30:00,23.6,21:30:00
2026-03-05 21:45:00,23.54,21:45:00
2026-03-05 22:00:00,23.65,22:00:00
2026-03-05 22:15:00,23.79,22:15:00
2026-03-05 22:30:00,23.78,22:30:00
2026-03-05 22:45:00,23.95,22:45:00
2026-03-05 23:00:00,23.57,23:00:00
2026-03-05 23:15:00,23.44,23:15:00
2026-03-05 23:30:00,23.01,23:30:00
2026-03-05 23:45:00,22.87,23:45:00
2026-03-06 00:00:00,22.79,00:00:00
2026-03-06 00:15:00,22.7,00:15:00
2026-03-06 00:30:00,22.65,00:30:00
2026-03-06 00:45:00,22.27,00:45:00
2026-03-06 01:00:00,22.17,01:00:00
2026-03-06 01:15:00,22.09,01:15:00
2026-03-06 01:30:00,22.11,01:30:00
2026-03-06 01:45:00,22.02,01:45:00
2026-03-06 02:00:00,22.15,02:00:00
2026-03-06 02:15:00,22.15,02:15:00
2026-03-06 02:30:00,22.12,02:30:00
2026-03-06 02:45:00,22.02,02:45:00
2026-03-06 03:00:00,22.22,03:00:00
2026-03-06 03:15:00,22.2,03:15:00
2026-03-06 03:30:00,22.25,03:30:00
2026-03-06 03:45:00,22.25,03:45:00
2026-03-06 04:00:00,22.95,04:00:00
2026-03-06 04:15:00,23.11,04:15:00
2026-03-06 04:30:00,23.04,04:30:00
2026-03-06 04:45:00,22.81,04:45:00
2026-03-06 05:00:00,23.26,05:00:00
2026-03-06 05:15:00,23.09,05:15:00
2026-03-06 05:30:00,22.95,05:30:00
2026-03-06 05:45:00,22.99,05:45:00
2026-03-06 06:00:00,24.1,06:00:00
2026-03-06 06:15:00,22.87,06:15:00
2026-03-06 06:30:00,23.24,06:30:00
2026-03-06 06:45:00,23.55,06:45:00
2026-03-06 07:00:00,24.01,07:00:00
2026-03-06 07:15:00,24.83,07:15:00
2026-03-06 07:30:00,24.41,07:30:00
2026-03-06 07:45:00,24.7,07:45:00
2026-03-06 08:00:00,24.58,08:00:00
2026-03-06 08:15:00,25.93,08:15:00
2026-03-06 08:30:00,27.35,08:30:00
2026-03-06 08:45:00,27.84,08:45:00
2026-03-06 09:00:00,25.91,09:00:00
2026-03-06 09:15:00,26.47,09:15:00
2026-03-06 09:30:00,27.47,09:30:00
2026-03-06 09:45:00,30.29,09:45:00
2026-03-06 10:00:00,27.93,10:00:00
2026-03-06 10:15:00,28.19,10:15:00
2026-03-06 10:30:00,27.45,10:30:00
2026-03-06 10:45:00,27.25,10:45:00
2026-03-06 11:00:00,26.7,11:00:00
2026-03-06 11:15:00,27.09,11:15:00
2026-03-06 11:30:00,27.3,11:30:00
2026-03-06 11:45:00,26.64,11:45:00
2026-03-06 12:00:00,26.03,12:00:00
2026-03-06 12:15:00,26.04,12:15:00
2026-03-06 12:30:00,26.14,12:30:00
2026-03-06 12:45:00,26.25,12:45:00
2026-03-06 13:00:00,26.15,13:00:00
2026-03-06 13:15:00,25.89,13:15:00
2026-03-06 13:30:00,25.79,13:30:00
2026-03-06 13:45:00,25.7,13:45:00
2026-03-06 14:00:00,25.97,14:00:00
2026-03-06 14:15:00,25.78,14:15:00
2026-03-06 14:30:00,25.63,14:30:00
2026-03-06 14:45:00,25.12,14:45:00
2026-03-06 15:00:00,25.55,15:00:00
2026-03-06 15:15:00,25.52,15:15:00
2026-03-06 15:30:00,25.58,15:30:00
2026-03-06 15:45:00,24.86,15:45:00
2026-03-06 16:00:00,25.56,16:00:00
2026-03-06 16:15:00,25.56,16:15:00
2026-03-06 16:30:00,24.88,16:30:00
2026-03-06 16:45:00,24.81,16:45:00
2026-03-06 17:00:00,25.21,17:00:00
2026-03-06 17:15:00,25.21,17:15:00
2026-03-06 17:30:00,25.31,17:30:00
2026-03-06 17:45:00,25.43,17:45:00
2026-03-06 18:00:00,25.54,18:00:00
2026-03-06 18:15:00,25.47,18:15:00
2026-03-06 18:30:00,25.44,18:30:00
2026-03-06 18:45:00,25.76,18:45:00
2026-03-06 19:00:00,26.42,19:00:00
2026-03-06 19:15:00,26.65,19:15:00
2026-03-06 19:30:00,27.02,19:30:00
2026-03-06 19:45:00,27.42,19:45:00
2026-03-06 20:00:00,27.21,20:00:00
2026-03-06 20:15:00,27.26,20:15:00
2026-03-06 20:30:00,27.25,20:30:00
2026-03-06 20:45:00,27.54,20:45:00
2026-03-06 21:00:00,27.82,21:00:00
2026-03-06 21:15:00,27.96,21:15:00
2026-03-06 21:30:00,28.23,21:30:00
2026-03-06 21:45:00,28.48,21:45:00
2026-03-06 22:00:00,28.15,22:00:00
2026-03-06 22:15:00,28.23,22:15:00
2026-03-06 22:30:00,28.43,22:30:00
2026-03-06 22:45:00,28.44,22:45:00
2026-03-06 23:00:00,26.68,23:00:00
2026-03-06 23:15:00,26.35,23:15:00
2026-03-06 23:30:00,25.98,23:30:00
2026-03-06 23:45:00,25.68,23:45:00
2026-03-07 00:00:00,26.54,00:00:00
2026-03-07 00:15:00,26.67,00:15:00
2026-03-07 00:30:00,26.79,00:30:00
2026-03-07 00:45:00,26.87,00:45:00
2026-03-07 01:00:00,27.13,01:00:00
2026-03-07 01:15:00,27.28,01:15:00
2026-03-07 01:30:00,27.75,01:30:00
2026-03-07 01:45:00,27.84,01:45:00
2026-03-07 02:00:00,27.36,02:00:00
2026-03-07 02:15:00,27.1,02:15:00
2026-03-07 02:30:00,26.87,02:30:00
2026-03-07 02:45:00,26.56,02:45:00
2026-03-07 03:00:00,26.1,03:00:00
2026-03-07 03:15:00,25.78,03:15:00
2026-03-07 03:30:00,25.65,03:30:00
2026-03-07 03:45:00,25.52,03:45:00
2026-03-07 04:00:00,25.03,04:00:00
2026-03-07 04:15:00,25.24,04:15:00
2026-03-07 04:30:00,25.26,04:30:00
2026-03-07 04:45:00,25.19,04:45:00
2026-03-07 05:00:00,25.01,05:00:00
2026-03-07 05:15:00,25.17,05:15:00
2026-03-07 05:30:00,25.42,05:30:00
2026-03-07 05:45:00,25.34,05:45:00
2026-03-07 06:00:00,25.02,06:00:00
2026-03-07 06:15:00,24.79,06:15:00
2026-03-07 06:30:00,24.86,06:30:00
2026-03-07 06:45:00,25.24,06:45:00
2026-03-07 07:00:00,24.15,07:00:00
2026-03-07 07:15:00,24.41,07:15:00
2026-03-07 07:30:00,24.89,07:30:00
2026-03-07 07:45:00,25.05,07:45:00
2026-03-07 08:00:00,23.53,08:00:00
2026-03-07 08:15:00,24.12,08:15:00
2026-03-07 08:30:00,24.01,08:30:00
2026-03-07 08:45:00,24.17,08:45:00
2026-03-07 09:00:00,23.26,09:00:00
2026-03-07 09:15:00,23.3,09:15:00
2026-03-07 09:30:00,24.13,09:30:00
2026-03-07 09:45:00,24.83,09:45:00
2026-03-07 10:00:00,24.48,10:00:00
2026-03-07 10:15:00,24.2,10:15:00
2026-03-07 10:30:00,24.1,10:30:00
2026-03-07 10:45:00,24.03,10:45:00
2026-03-07 11:00:00,23.31,11:00:00
2026-03-07 11:15:00,23.37,11:15:00
2026-03-07 11:30:00,23.38,11:30:00
2026-03-07 11:45:00,23.2,11:45:00
2026-03-07 12:00:00,22.59,12:00:00
2026-03-07 12:15:00,22.6,12:15:00
2026-03-07 12:30:00,22.89,12:30:00
2026-03-07 12:45:00,22.83,12:45:00
2026-03-07 13:00:00,23.38,13:00:00
2026-03-07 13:15:00,23.38,13:15:00
2026-03-07 13:30:00,23.22,13:30:00
2026-03-07 13:45:00,23.33,13:45:00
2026-03-07 14:00:00,23.88,14:00:00
2026-03-07 14:15:00,26.07,14:15:00
2026-03-07 14:30:00,23.47,14:30:00
2026-03-07 14:45:00,23.73,14:45:00
2026-03-07 15:00:00,24.65,15:00:00
2026-03-07 15:15:00,24.48,15:15:00
2026-03-07 15:30:00,24.14,15:30:00
2026-03-07 15:45:00,23.89,15:45:00
2026-03-07 16:00:00,24.97,16:00:00
2026-03-07 16:15:00,24.71,16:15:00
2026-03-07 16:30:00,24.16,16:30:00
2026-03-07 16:45:00,24.08,16:45:00
2026-03-07 17:00:00,24.58,17:00:00
2026-03-07 17:15:00,24.6,17:15:00
2026-03-07 17:30:00,24.55,17:30:00
2026-03-07 17:45:00,24.76,17:45:00
2026-03-07 18:00:00,25.59,18:00:00
2026-03-07 18:15:00,25.63,18:15:00
2026-03-07 18:30:00,25.78,18:30:00
2026-03-07 18:45:00,25.7,18:45:00
2026-03-07 19:00:00,25.93,19:00:00
2026-03-07 19:15:00,26.24,19:15:00
2026-03-07 19:30:00,26.48,19:30:00
2026-03-07 19:45:00,26.58,19:45:00
2026-03-07 20:00:00,26.36,20:00:00
2026-03-07 20:15:00,26.13,20:15:00
2026-03-07 20:30:00,26.32,20:30:00
2026-03-07 20:45:00,26.08,20:45:00
2026-03-07 21:00:00,25.7,21:00:00
2026-03-07 21:15:00,25.7,21:15:00
2026-03-07 21:30:00,26.21,21:30:00
2026-03-07 21:45:00,26.5,21:45:00
2026-03-07 22:00:00,27.47,22:00:00
2026-03-07 22:15:00,27.57,22:15:00
2026-03-07 22:30:00,27.7,22:30:00
2026-03-07 22:45:00,27.92,22:45:00
2026-03-07 23:00:00,27.91,23:00:00
2026-03-07 23:15:00,27.68,23:15:00
2026-03-07 23:30:00,28.18,23:30:00
2026-03-07 23:45:00,28.3,23:45:00
2026-03-08 00:00:00,28.44,00:00:00
2026-03-08 00:15:00,28.15,00:15:00
2026-03-08 00:30:00,28.22,00:30:00
2026-03-08 00:45:00,28.05,00:45:00
2026-03-08 01:00:00,27.6,01:00:00
2026-03-08 01:15:00,27.57,01:15:00
2026-03-08 01:30:00,27.39,01:30:00
2026-03-08 01:45:00,27.3,01:45:00
2026-03-08 02:00:00,26.76,02:00:00
2026-03-08 02:15:00,26.84,02:15:00
2026-03-08 02:30:00,26.26,02:30:00
2026-03-08 02:45:00,25.8,02:45:00
2026-03-08 03:00:00,26.06,03:00:00
2026-03-08 03:15:00,26.28,03:15:00
2026-03-08 03:30:00,26.54,03:30:00
2026-03-08 03:45:00,26.81,03:45:00
2026-03-08 04:00:00,27.0,04:00:00
2026-03-08 04:15:00,26.84,04:15:00
2026-03-08 04:30:00,26.82,04:30:00
2026-03-08 04:45:00,26.81,04:45:00
2026-03-08 05:00:00,26.97,05:00:00
2026-03-08 05:15:00,26.36,05:15:00
2026-03-08 05:30:00,25.99,05:30:00
2026-03-08 05:45:00,25.46,05:45:00
2026-03-08 06:00:00,25.03,06:00:00
2026-03-08 06:15:00,25.62,06:15:00
2026-03-08 06:30:00,26.02,06:30:00
2026-03-08 06:45:00,26.35,06:45:00
2026-03-08 07:00:00,25.94,07:00:00
2026-03-08 07:15:00,26.09,07:15:00
2026-03-08 07:30:00,26.75,07:30:00
2026-03-08 07:45:00,27.05,07:45:00
2026-03-08 08:00:00,26.19,08:00:00
2026-03-08 08:15:00,26.08,08:15:00
2026-03-08 08:30:00,26.17,08:30:00
2026-03-08 08:45:00,26.11,08:45:00
2026-03-08 09:00:00,25.35,09:00:00
2026-03-08 09:15:00,25.44,09:15:00
2026-03-08 09:30:00,25.5,09:30:00
2026-03-08 09:45:00,26.08,09:45:00
2026-03-08 10:00:00,25.67,10:00:00
2026-03-08 10:15:00,25.81,10:15:00
2026-03-08 10:30:00,25.95,10:30:00
2026-03-08 10:45:00,26.16,10:45:00
2026-03-08 11:00:00,26.33,11:00:00
2026-03-08 11:15:00,26.35,11:15:00
2026-03-08 11:30:00,26.17,11:30:00
2026-03-08 11:45:00,26.52,11:45:00
2026-03-08 12:00:00,27.35,12:00:00
2026-03-08 12:15:00,27.35,12:15:00
2026-03-08 12:30:00,27.57,12:30:00
2026-03-08 12:45:00,27.3,12:45:00
2026-03-08 13:00:00,26.44,13:00:00
2026-03-08 13:15:00,26.17,13:15:00
2026-03-08 13:30:00,25.9,13:30:00
2026-03-08 13:45:00,25.7,13:45:00
2026-03-08 14:00:00,26.1,14:00:00
2026-03-08 14:15:00,26.12,14:15:00
2026-03-08 14:30:00,25.88,14:30:00
2026-03-08 14:45:00,25.33,14:45:00
2026-03-08 15:00:00,26.52,15:00:00
2026-03-08 15:15:00,25.76,15:15:00
2026-03-08 15:30:00,24.7,15:30:00
2026-03-08 15:45:00,24.27,15:45:00
2026-03-08 16:00:00,25.09,16:00:00
2026-03-08 16:15:00,24.9,16:15:00
2026-03-08 16:30:00,24.55,16:30:00
2026-03-08 16:45:00,24.35,16:45:00
2026-03-08 17:00:00,24.53,17:00:00
2026-03-08 17:15:00,24.5,17:15:00
2026-03-08 17:30:00,24.41,17:30:00
2026-03-08 17:45:00,24.5,17:45:00
2026-03-08 18:00:00,24.91,18:00:00
2026-03-08 18:15:00,25.07,18:15:00
2026-03-08 18:30:00,24.94,18:30:00
2026-03-08 18:45:00,24.95,18:45:00
2026-03-08 19:00:00,24.69,19:00:00
2026-03-08 19:15:00,24.77,19:15:00
2026-03-08 19:30:00,24.7,19:30:00
2026-03-08 19:45:00,25.12,19:45:00
2026-03-08 20:00:00,25.43,20:00:00
2026-03-08 20:15:00,25.55,20:15:00
2026-03-08 20:30:00,25.51,20:30:00
2026-03-08 20:45:00,25.5,20:45:00
2026-03-08 21:00:00,25.38,21:00:00
2026-03-08 21:15:00,25.42,21:15:00
2026-03-08 21:30:00,25.58,21:30:00
2026-03-08 21:45:00,25.52,21:45:00
2026-03-08 22:00:00,25.2,22:00:00
2026-03-08 22:15:00,25.14,22:15:00
2026-03-08 22:30:00,25.31,22:30:00
2026-03-08 22:45:00,25.33,22:45:00
2026-03-08 23:00:00,26.13,23:00:00
2026-03-08 23:15:00,26.5,23:15:00
2026-03-08 23:30:00,26.35,23:30:00
2026-03-08 23:45:00,25.98,23:45:00
2026-03-09 00:00:00,25.07,00:00:00
2026-03-09 00:15:00,25.17,00:15:00
2026-03-09 00:30:00,25.07,00:30:00
2026-03-09 00:45:00,24.72,00:45:00
2026-03-09 01:00:00,24.55,01:00:00
2026-03-09 01:15:00,25.24,01:15:00
2026-03-09 01:30:00,25.37,01:30:00
2026-03-09 01:45:00,25.41,01:45:00
2026-03-09 02:00:00,25.78,02:00:00
2026-03-09 02:15:00,26.28,02:15:00
2026-03-09 02:30:00,26.06,02:30:00
2026-03-09 02:45:00,25.88,02:45:00
2026-03-09 03:00:00,26.14,03:00:00
2026-03-09 03:15:00,26.08,03:15:00
2026-03-09 03:30:00,26.07,03:30:00
2026-03-09 03:45:00,25.87,03:45:00
2026-03-09 04:00:00,25.68,04:00:00
2026-03-09 04:15:00,25.35,04:15:00
2026-03-09 04:30:00,24.86,04:30:00
2026-03-09 04:45:00,24.85,04:45:00
2026-03-09 05:00:00,24.89,05:00:00
2026-03-09 05:15:00,24.81,05:15:00
2026-03-09 05:30:00,25.15,05:30:00
2026-03-09 05:45:00,25.32,05:45:00
2026-03-09 06:00:00,25.98,06:00:00
2026-03-09 06:15:00,26.06,06:15:00
2026-03-09 06:30:00,25.95,06:30:00
2026-03-09 06:45:00,25.97,06:45:00
2026-03-09 07:00:00,26.19,07:00:00
2026-03-09 07:15:00,26.4,07:15:00
2026-03-09 07:30:00,26.45,07:30:00
2026-03-09 07:45:00,27.11,07:45:00
2026-03-09 08:00:00,27.11,08:00:00
2026-03-09 08:15:00,27.43,08:15:00
2026-03-09 08:30:00,27.69,08:30:00
2026-03-09 08:45:00,27.75,08:45:00
2026-03-09 09:00:00,27.78,09:00:00
2026-03-09 09:15:00,27.84,09:15:00
2026-03-09 09:30:00,28.34,09:30:00
2026-03-09 09:45:00,28.78,09:45:00
2026-03-09 10:00:00,28.5,10:00:00
2026-03-09 10:15:00,28.64,10:15:00
2026-03-09 10:30:00,28.73,10:30:00
2026-03-09 10:45:00,28.96,10:45:00
2026-03-09 11:00:00,30.21,11:00:00
2026-03-09 11:15:00,30.4,11:15:00
2026-03-09 11:30:00,30.41,11:30:00
2026-03-09 11:45:00,30.58,11:45:00
2026-03-09 12:00:00,29.3,12:00:00
2026-03-09 12:15:00,29.16,12:15:00
2026-03-09 12:30:00,29.2,12:30:00
2026-03-09 12:45:00,29.13,12:45:00
2026-03-09 13:00:00,29.34,13:00:00
2026-03-09 13:15:00,29.0,13:15:00
2026-03-09 13:30:00,28.79,13:30:00
2026-03-09 13:45:00,28.67,13:45:00
2026-03-09 14:00:00,29.69,14:00:00
2026-03-09 14:15:00,28.82,14:15:00
2026-03-09 14:30:00,27.93,14:30:00
2026-03-09 14:45:00,27.73,14:45:00
2026-03-09 15:00:00,29.4,15:00:00
2026-03-09 15:15:00,28.77,15:15:00
2026-03-09 15:30:00,28.62,15:30:00
2026-03-09 15:45:00,28.33,15:45:00
2026-03-09 16:00:00,29.72,16:00:00
2026-03-09 16:15:00,29.36,16:15:00
2026-03-09 16:30:00,29.25,16:30:00
2026-03-09 16:45:00,28.61,16:45:00
2026-03-09 17:00:00,28.63,17:00:00
2026-03-09 17:15:00,28.17,17:15:00
2026-03-09 17:30:00,28.14,17:30:00
2026-03-09 17:45:00,27.98,17:45:00
2026-03-09 18:00:00,27.08,18:00:00
2026-03-09 18:15:00,27.55,18:15:00
2026-03-09 18:30:00,27.6,18:30:00
2026-03-09 18:45:00,27.73,18:45:00
2026-03-09 19:00:00,25.7,19:00:00
2026-03-09 19:15:00,25.88,19:15:00
2026-03-09 19:30:00,25.86,19:30:00
2026-03-09 19:45:00,25.69,19:45:00
2026-03-09 20:00:00,26.18,20:00:00
2026-03-09 20:15:00,26.06,20:15:00
2026-03-09 20:30:00,25.95,20:30:00
2026-03-09 20:45:00,25.8,20:45:00
2026-03-09 21:00:00,25.43,21:00:00
2026-03-09 21:15:00,25.49,21:15:00
2026-03-09 21:30:00,25.37,21:30:00
2026-03-09 21:45:00,25.51,21:45:00
2026-03-09 22:00:00,24.52,22:00:00
2026-03-09 22:15:00,24.72,22:15:00
2026-03-09 22:30:00,24.88,22:30:00
2026-03-09 22:45:00,25.05,22:45:00
2026-03-09 23:00:00,26.65,23:00:00
2026-03-09 23:15:00,27.47,23:15:00
2026-03-09 23:30:00,27.96,23:30:00
2026-03-09 23:45:00,28.4,23:45:00
2026-03-10 00:00:00,28.2,00:00:00
2026-03-10 00:15:00,28.0,00:15:00
2026-03-10 00:30:00,28.31,00:30:00
2026-03-10 00:45:00,28.22,00:45:00
2026-03-10 01:00:00,28.81,01:00:00
2026-03-10 01:15:00,28.72,01:15:00
2026-03-10 01:30:00,28.5,01:30:00
2026-03-10 01:45:00,28.56,01:45:00
2026-03-10 02:00:00,28.81,02:00:00
2026-03-10 02:15:00,28.92,02:15:00
2026-03-10 02:30:00,28.99,02:30:00
2026-03-10 02:45:00,29.3,02:45:00
2026-03-10 03:00:00,28.42,03:00:00
2026-03-10 03:15:00,28.4,03:15:00
2026-03-10 03:30:00,28.91,03:30:00
2026-03-10 03:45:00,28.67,03:45:00
2026-03-10 04:00:00,28.01,04:00:00
2026-03-10 04:15:00,27.59,04:15:00
2026-03-10 04:30:00,26.96,04:30:00
2026-03-10 04:45:00,26.15,04:45:00
2026-03-10 05:00:00,24.61,05:00:00
2026-03-10 05:15:00,24.42,05:15:00
2026-03-10 05:30:00,24.42,05:30:00
2026-03-10 05:45:00,24.21,05:45:00
2026-03-10 06:00:00,24.5,06:00:00
2026-03-10 06:15:00,24.84,06:15:00
2026-03-10 06:30:00,25.12,06:30:00
2026-03-10 06:45:00,25.23,06:45:00
2026-03-10 07:00:00,25.24,07:00:00
2026-03-10 07:15:00,25.64,07:15:00
2026-03-10 07:30:00,25.98,07:30:00
2026-03-10 07:45:00,26.5,07:45:00
2026-03-10 08:00:00,27.06,08:00:00
2026-03-10 08:15:00,27.55,08:15:00
2026-03-10 08:30:00,27.97,08:30:00
2026-03-10 08:45:00,28.16,08:45:00
2026-03-10 09:00:00,28.06,09:00:00
2026-03-10 09:15:00,28.78,09:15:00
2026-03-10 09:30:00,28.99,09:30:00
2026-03-10 09:45:00,29.02,09:45:00
2026-03-10 10:00:00,28.86,10:00:00
2026-03-10 10:15:00,28.8,10:15:00
2026-03-10 10:30:00,29.09,10:30:00
2026-03-10 10:45:00,29.46,10:45:00
2026-03-10 11:00:00,31.4,11:00:00
2026-03-10 11:15:00,31.98,11:15:00
2026-03-10 11:30:00,32.67,11:30:00
2026-03-10 11:45:00,26.74,11:45:00
2026-03-10 12:00:00,28.65,12:00:00
2026-03-10 12:15:00,29.45,12:15:00
2026-03-10 12:30:00,29.5,12:30:00
2026-03-10 12:45:00,29.35,12:45:00
2026-03-10 13:00:00,29.61,13:00:00
2026-03-10 13:15:00,29.37,13:15:00
2026-03-10 13:30:00,28.93,13:30:00
2026-03-10 13:45:00,28.79,13:45:00
2026-03-10 14:00:00,28.57,14:00:00
2026-03-10 14:15:00,28.05,14:15:00
2026-03-10 14:30:00,27.34,14:30:00
2026-03-10 14:45:00,27.3,14:45:00
2026-03-10 15:00:00,28.35,15:00:00
2026-03-10 15:15:00,27.75,15:15:00
2026-03-10 15:30:00,27.35,15:30:00
2026-03-10 15:45:00,27.05,15:45:00
2026-03-10 16:00:00,26.71,16:00:00
2026-03-10 16:15:00,26.36,16:15:00
2026-03-10 16:30:00,26.13,16:30:00
2026-03-10 16:45:00,25.94,16:45:00
2026-03-10 17:00:00,25.91,17:00:00
2026-03-10 17:15:00,25.84,17:15:00
2026-03-10 17:30:00,26.01,17:30:00
2026-03-10 17:45:00,26.06,17:45:00
2026-03-10 18:00:00,26.44,18:00:00
2026-03-10 18:15:00,26.37,18:15:00
2026-03-10 18:30:00,26.07,18:30:00
2026-03-10 18:45:00,26.08,18:45:00
2026-03-10 19:00:00,26.28,19:00:00
2026-03-10 19:15:00,26.49,19:15:00
2026-03-10 19:30:00,25.98,19:30:00
2026-03-10 19:45:00,26.01,19:45:00
2026-03-10 20:00:00,27.01,20:00:00
2026-03-10 20:15:00,27.16,20:15:00
2026-03-10 20:30:00,27.35,20:30:00
2026-03-10 20:45:00,27.62,20:45:00
2026-03-10 21:00:00,27.1,21:00:00
2026-03-10 21:15:00,27.41,21:15:00
2026-03-10 21:30:00,27.54,21:30:00
2026-03-10 21:45:00,27.55,21:45:00
2026-03-10 22:00:00,27.82,22:00:00
2026-03-10 22:15:00,28.12,22:15:00
2026-03-10 22:30:00,28.2,22:30:00
2026-03-10 22:45:00,29.0,22:45:00
2026-03-10 23:00:00,29.79,23:00:00
2026-03-10 23:15:00,29.56,23:15:00
2026-03-10 23:30:00,29.53,23:30:00
2026-03-10 23:45:00,29.44,23:45:00
2026-03-11 00:00:00,29.88,00:00:00
2026-03-11 00:15:00,30.07,00:15:00
2026-03-11 00:30:00,30.2,00:30:00
2026-03-11 00:45:00,29.92,00:45:00
2026-03-11 01:00:00,29.86,01:00:00
2026-03-11 01:15:00,29.86,01:15:00
2026-03-11 01:30:00,29.92,01:30:00
2026-03-11 01:45:00,30.17,01:45:00
2026-03-11 02:00:00,30.24,02:00:00
2026-03-11 02:15:00,30.2,02:15:00
2026-03-11 02:30:00,30.09,02:30:00
2026-03-11 02:45:00,30.18,02:45:00
2026-03-11 03:00:00,29.63,03:00:00
2026-03-11 03:15:00,29.84,03:15:00
2026-03-11 03:30:00,29.83,03:30:00
2026-03-11 03:45:00,29.63,03:45:00
2026-03-11 04:00:00,27.82,04:00:00
2026-03-11 04:15:00,27.06,04:15:00
2026-03-11 04:30:00,26.75,04:30:00
2026-03-11 04:45:00,26.05,04:45:00
2026-03-11 05:00:00,25.85,05:00:00
2026-03-11 05:15:00,25.51,05:15:00
2026-03-11 05:30:00,25.41,05:30:00
2026-03-11 05:45:00,25.48,05:45:00
2026-03-11 06:00:00,25.71,06:00:00
2026-03-11 06:15:00,25.83,06:15:00
2026-03-11 06:30:00,25.86,06:30:00
2026-03-11 06:45:00,25.67,06:45:00
2026-03-11 07:00:00,25.85,07:00:00
2026-03-11 07:15:00,25.87,07:15:00
2026-03-11 07:30:00,26.17,07:30:00
2026-03-11 07:45:00,26.56,07:45:00
2026-03-11 08:00:00,25.42,08:00:00
2026-03-11 08:15:00,25.23,08:15:00
2026-03-11 08:30:00,25.81,08:30:00
2026-03-11 08:45:00,27.01,08:45:00
2026-03-11 09:00:00,27.15,09:00:00
2026-03-11 09:15:00,28.37,09:15:00
2026-03-11 09:30:00,26.78,09:30:00
2026-03-11 09:45:00,25.51,09:45:00
2026-03-11 10:00:00,25.87,10:00:00
2026-03-11 10:15:00,26.36,10:15:00
2026-03-11 10:30:00,25.73,10:30:00
2026-03-11 10:45:00,26.2,10:45:00
2026-03-11 11:00:00,27.67,11:00:00
2026-03-11 11:15:00,27.5,11:15:00
2026-03-11 11:30:00,26.96,11:30:00
2026-03-11 11:45:00,26.21,11:45:00
2026-03-11 12:00:00,21.13,12:00:00
2026-03-11 12:15:00,20.19,12:15:00
2026-03-11 12:30:00,20.42,12:30:00
2026-03-11 12:45:00,21.39,12:45:00
2026-03-11 13:00:00,20.8,13:00:00
2026-03-11 13:15:00,21.64,13:15:00
2026-03-11 13:30:00,21.13,13:30:00
2026-03-11 13:45:00,20.16,13:45:00
2026-03-11 14:00:00,22.5,14:00:00
2026-03-11 14:15:00,21.73,14:15:00
2026-03-11 14:30:00,21.48,14:30:00
2026-03-11 14:45:00,21.66,14:45:00
2026-03-11 15:00:00,23.41,15:00:00
2026-03-11 15:15:00,23.32,15:15:00
2026-03-11 15:30:00,23.56,15:30:00
2026-03-11 15:45:00,23.34,15:45:00
2026-03-11 16:00:00,24.8,16:00:00
2026-03-11 16:15:00,24.91,16:15:00
2026-03-11 16:30:00,24.9,16:30:00
2026-03-11 16:45:00,24.68,16:45:00
2026-03-11 17:00:00,24.64,17:00:00
2026-03-11 17:15:00,24.82,17:15:00
2026-03-11 17:30:00,24.8,17:30:00
2026-03-11 17:45:00,24.79,17:45:00
2026-03-11 18:00:00,22.51,18:00:00
2026-03-11 18:15:00,22.58,18:15:00
2026-03-11 18:30:00,22.8,18:30:00
2026-03-11 18:45:00,22.96,18:45:00
2026-03-11 19:00:00,23.09,19:00:00
2026-03-11 19:15:00,23.25,19:15:00
2026-03-11 19:30:00,23.35,19:30:00
2026-03-11 19:45:00,23.73,19:45:00
2026-03-11 20:00:00,24.0,20:00:00
2026-03-11 20:15:00,24.34,20:15:00
2026-03-11 20:30:00,24.71,20:30:00
2026-03-11 20:45:00,25.3,20:45:00
2026-03-11 21:00:00,25.75,21:00:00
2026-03-11 21:15:00,26.15,21:15:00
2026-03-11 21:30:00,26.81,21:30:00
2026-03-11 21:45:00,27.42,21:45:00
2026-03-11 22:00:00,27.48,22:00:00
2026-03-11 22:15:00,27.49,22:15:00
2026-03-11 22:30:00,27.5,22:30:00
2026-03-11 22:45:00,27.93,22:45:00
2026-03-11 23:00:00,27.87,23:00:00
2026-03-11 23:15:00,27.4,23:15:00
2026-03-11 23:30:00,27.26,23:30:00
2026-03-11 23:45:00,27.47,23:45:00
2026-03-12 00:00:00,27.09,00:00:00
2026-03-12 00:15:00,27.11,00:15:00
2026-03-12 00:30:00,26.99,00:30:00
2026-03-12 00:45:00,27.02,00:45:00
2026-03-12 01:00:00,25.45,01:00:00
2026-03-12 01:15:00,25.22,01:15:00
2026-03-12 01:30:00,25.08,01:30:00
2026-03-12 01:45:00,25.35,01:45:00
2026-03-12 02:00:00,24.76,02:00:00
2026-03-12 02:15:00,25.14,02:15:00
2026-03-12 02:30:00,25.2,02:30:00
2026-03-12 02:45:00,25.25,02:45:00
2026-03-12 03:00:00,25.54,03:00:00
2026-03-12 03:15:00,25.35,03:15:00
2026-03-12 03:30:00,25.36,03:30:00
2026-03-12 03:45:00,25.09,03:45:00
2026-03-12 04:00:00,24.92,04:00:00
2026-03-12 04:15:00,24.67,04:15:00
2026-03-12 04:30:00,24.55,04:30:00
2026-03-12 04:45:00,22.88,04:45:00
2026-03-12 05:00:00,25.22,05:00:00
2026-03-12 05:15:00,25.18,05:15:00
2026-03-12 05:30:00,24.87,05:30:00
2026-03-12 05:45:00,24.48,05:45:00
2026-03-12 06:00:00,24.66,06:00:00
2026-03-12 06:15:00,24.76,06:15:00
2026-03-12 06:30:00,25.09,06:30:00
2026-03-12 06:45:00,25.1,06:45:00
2026-03-12 07:00:00,24.6,07:00:00
2026-03-12 07:15:00,24.66,07:15:00
2026-03-12 07:30:00,24.72,07:30:00
2026-03-12 07:45:00,24.72,07:45:00
2026-03-12 08:00:00,24.15,08:00:00
2026-03-12 08:15:00,24.27,08:15:00
2026-03-12 08:30:00,24.31,08:30:00
2026-03-12 08:45:00,24.08,08:45:00
2026-03-12 09:00:00,22.28,09:00:00
2026-03-12 09:15:00,20.0,09:15:00
2026-03-12 09:30:00,19.94,09:30:00
2026-03-12 09:45:00,20.09,09:45:00
2026-03-12 10:00:00,17.68,10:00:00
2026-03-12 10:15:00,17.69,10:15:00
2026-03-12 10:30:00,17.45,10:30:00
2026-03-12 10:45:00,17.17,10:45:00
2026-03-12 11:00:00,16.61,11:00:00
2026-03-12 11:15:00,16.43,11:15:00
2026-03-12 11:30:00,16.39,11:30:00
2026-03-12 11:45:00,16.32,11:45:00
2026-03-12 12:00:00,16.17,12:00:00
2026-03-12 12:15:00,15.94,12:15:00
2026-03-12 12:30:00,15.89,12:30:00
2026-03-12 12:45:00,15.77,12:45:00
2026-03-12 13:00:00,15.76,13:00:00
2026-03-12 13:15:00,15.9,13:15:00
2026-03-12 13:30:00,16.05,13:30:00
2026-03-12 13:45:00,16.18,13:45:00
2026-03-12 14:00:00,16.46,14:00:00
2026-03-12 14:15:00,16.7,14:15:00
2026-03-12 14:30:00,16.36,14:30:00
2026-03-12 14:45:00,16.77,14:45:00
2026-03-12 15:00:00,17.03,15:00:00
2026-03-12 15:15:00,16.9,15:15:00
2026-03-12 15:30:00,18.78,15:30:00
2026-03-12 15:45:00,19.27,15:45:00
2026-03-12 16:00:00,20.38,16:00:00
2026-03-12 16:15:00,20.43,16:15:00
2026-03-12 16:30:00,20.5,16:30:00
2026-03-12 16:45:00,20.32,16:45:00
2026-03-12 17:00:00,20.41,17:00:00
2026-03-12 17:15:00,21.22,17:15:00
2026-03-12 17:30:00,21.12,17:30:00
2026-03-12 17:45:00,21.27,17:45:00
2026-03-12 18:00:00,20.56,18:00:00
2026-03-12 18:15:00,20.07,18:15:00
2026-03-12 18:30:00,20.1,18:30:00
2026-03-12 18:45:00,20.2,18:45:00
2026-03-12 19:00:00,19.17,19:00:00
2026-03-12 19:15:00,18.82,19:15:00
2026-03-12 19:30:00,18.89,19:30:00
2026-03-12 19:45:00,18.81,19:45:00
2026-03-12 20:00:00,16.12,20:00:00
2026-03-12 20:15:00,16.22,20:15:00
2026-03-12 20:30:00,16.31,20:30:00
2026-03-12 20:45:00,16.47,20:45:00
2026-03-12 21:00:00,15.53,21:00:00
2026-03-12 21:15:00,15.74,21:15:00
2026-03-12 21:30:00,16.03,21:30:00
2026-03-12 21:45:00,17.04,21:45:00
2026-03-12 22:00:00,16.62,22:00:00
2026-03-12 22:15:00,16.5,22:15:00
2026-03-12 22:30:00,17.07,22:30:00
2026-03-12 22:45:00,17.45,22:45:00
2026-03-12 23:00:00,16.87,23:00:00
2026-03-12 23:15:00,17.11,23:15:00
2026-03-12 23:30:00,17.04,23:30:00
2026-03-12 23:45:00,17.12,23:45:00
2026-03-13 00:00:00,16.25,00:00:00
2026-03-13 00:15:00,16.03,00:15:00
2026-03-13 00:30:00,16.24,00:30:00
2026-03-13 00:45:00,16.16,00:45:00
2026-03-13 01:00:00,15.39,01:00:00
2026-03-13 01:15:00,15.33,01:15:00
2026-03-13 01:30:00,15.38,01:30:00
2026-03-13 01:45:00,15.58,01:45:00
2026-03-13 02:00:00,16.52,02:00:00
2026-03-13 02:15:00,16.24,02:15:00
2026-03-13 02:30:00,16.09,02:30:00
2026-03-13 02:45:00,16.26,02:45:00
2026-03-13 03:00:00,16.49,03:00:00
2026-03-13 03:15:00,16.4,03:15:00
2026-03-13 03:30:00,16.81,03:30:00
2026-03-13 03:45:00,16.52,03:45:00
2026-03-13 04:00:00,16.22,04:00:00
2026-03-13 04:15:00,15.85,04:15:00
2026-03-13 04:30:00,15.07,04:30:00
2026-03-13 04:45:00,14.58,04:45:00
2026-03-13 05:00:00,15.43,05:00:00
2026-03-13 05:15:00,15.37,05:15:00
2026-03-13 05:30:00,14.79,05:30:00
2026-03-13 05:45:00,14.98,05:45:00
2026-03-13 06:00:00,16.12,06:00:00
2026-03-13 06:15:00,15.89,06:15:00
2026-03-13 06:30:00,15.75,06:30:00
2026-03-13 06:45:00,15.67,06:45:00
2026-03-13 07:00:00,15.73,07:00:00
2026-03-13 07:15:00,15.57,07:15:00
2026-03-13 07:30:00,15.99,07:30:00
2026-03-13 07:45:00,16.8,07:45:00
2026-03-13 08:00:00,15.89,08:00:00
2026-03-13 08:15:00,15.54,08:15:00
2026-03-13 08:30:00,15.82,08:30:00
2026-03-13 08:45:00,16.29,08:45:00
2026-03-13 09:00:00,15.9,09:00:00
2026-03-13 09:15:00,15.64,09:15:00
2026-03-13 09:30:00,15.57,09:30:00
2026-03-13 09:45:00,15.75,09:45:00
2026-03-13 10:00:00,15.57,10:00:00
2026-03-13 10:15:00,15.59,10:15:00
2026-03-13 10:30:00,15.64,10:30:00
2026-03-13 10:45:00,15.55,10:45:00
2026-03-13 11:00:00,15.82,11:00:00
2026-03-13 11:15:00,15.83,11:15:00
2026-03-13 11:30:00,15.81,11:30:00
2026-03-13 11:45:00,16.13,11:45:00
2026-03-13 12:00:00,16.13,12:00:00
2026-03-13 12:15:00,15.91,12:15:00
2026-03-13 12:30:00,15.99,12:30:00
2026-03-13 12:45:00,16.23,12:45:00
2026-03-13 13:00:00,15.95,13:00:00
2026-03-13 13:15:00,15.73,13:15:00
2026-03-13 13:30:00,15.76,13:30:00
2026-03-13 13:45:00,15.72,13:45:00
2026-03-13 14:00:00,17.85,14:00:00
2026-03-13 14:15:00,17.65,14:15:00
2026-03-13 14:30:00,17.43,14:30:00
2026-03-13 14:45:00,17.32,14:45:00
2026-03-13 15:00:00,20.02,15:00:00
2026-03-13 15:15:00,20.11,15:15:00
2026-03-13 15:30:00,21.34,15:30:00
2026-03-13 15:45:00,21.59,15:45:00
2026-03-13 16:00:00,23.08,16:00:00
2026-03-13 16:15:00,22.99,16:15:00
2026-03-13 16:30:00,23.02,16:30:00
2026-03-13 16:45:00,23.12,16:45:00
2026-03-13 17:00:00,24.11,17:00:00
2026-03-13 17:15:00,24.38,17:15:00
2026-03-13 17:30:00,24.89,17:30:00
2026-03-13 17:45:00,25.13,17:45:00
2026-03-13 18:00:00,26.23,18:00:00
2026-03-13 18:15:00,26.35,18:15:00
2026-03-13 18:30:00,26.65,18:30:00
2026-03-13 18:45:00,27.21,18:45:00
2026-03-13 19:00:00,27.33,19:00:00
2026-03-13 19:15:00,27.38,19:15:00
2026-03-13 19:30:00,27.61,19:30:00
2026-03-13 19:45:00,28.13,19:45:00
2026-03-13 20:00:00,27.39,20:00:00
2026-03-13 20:15:00,27.42,20:15:00
2026-03-13 20:30:00,27.77,20:30:00
2026-03-13 20:45:00,28.19,20:45:00
2026-03-13 21:00:00,28.0,21:00:00
2026-03-13 21:15:00,28.23,21:15:00
2026-03-13 21:30:00,28.83,21:30:00
2026-03-13 21:45:00,29.33,21:45:00
2026-03-13 22:00:00,29.41,22:00:00
2026-03-13 22:15:00,29.77,22:15:00
2026-03-13 22:30:00,30.26,22:30:00
2026-03-13 22:45:00,30.44,22:45:00
2026-03-13 23:00:00,28.86,23:00:00
2026-03-13 23:15:00,29.74,23:15:00
2026-03-13 23:30:00,30.24,23:30:00
2026-03-13 23:45:00,30.65,23:45:00
2026-03-14 00:00:00,31.14,00:00:00
2026-03-14 00:15:00,31.35,00:15:00
2026-03-14 00:30:00,31.77,00:30:00
2026-03-14 00:45:00,32.14,00:45:00
2026-03-14 01:00:00,31.85,01:00:00
2026-03-14 01:15:00,32.19,01:15:00
2026-03-14 01:30:00,32.07,01:30:00
2026-03-14 01:45:00,32.27,01:45:00
2026-03-14 02:00:00,32.57,02:00:00
2026-03-14 02:15:00,32.8,02:15:00
2026-03-14 02:30:00,32.79,02:30:00
2026-03-14 02:45:00,32.48,02:45:00
2026-03-14 03:00:00,32.79,03:00:00
2026-03-14 03:15:00,32.87,03:15:00
2026-03-14 03:30:00,32.67,03:30:00
2026-03-14 03:45:00,32.85,03:45:00
2026-03-14 04:00:00,32.12,04:00:00
2026-03-14 04:15:00,31.91,04:15:00
2026-03-14 04:30:00,32.2,04:30:00
2026-03-14 04:45:00,31.64,04:45:00
2026-03-14 05:00:00,30.97,05:00:00
2026-03-14 05:15:00,30.42,05:15:00
2026-03-14 05:30:00,30.65,05:30:00
2026-03-14 05:45:00,30.47,05:45:00
2026-03-14 06:00:00,31.7,06:00:00
2026-03-14 06:15:00,32.66,06:15:00
2026-03-14 06:30:00,32.98,06:30:00
2026-03-14 06:45:00,33.02,06:45:00
2026-03-14 07:00:00,32.36,07:00:00
2026-03-14 07:15:00,32.67,07:15:00
2026-03-14 07:30:00,33.0,07:30:00
2026-03-14 07:45:00,32.66,07:45:00
2026-03-14 08:00:00,32.46,08:00:00
2026-03-14 08:15:00,32.23,08:15:00
2026-03-14 08:30:00,31.84,08:30:00
2026-03-14 08:45:00,31.77,08:45:00
2026-03-14 09:00:00,32.02,09:00:00
2026-03-14 09:15:00,31.97,09:15:00
2026-03-14 09:30:00,32.14,09:30:00
2026-03-14 09:45:00,32.12,09:45:00
2026-03-14 10:00:00,31.82,10:00:00
2026-03-14 10:15:00,31.64,10:15:00
2026-03-14 10:30:00,31.44,10:30:00
2026-03-14 10:45:00,31.6,10:45:00
2026-03-14 11:00:00,30.98,11:00:00
2026-03-14 11:15:00,30.73,11:15:00
2026-03-14 11:30:00,30.64,11:30:00
2026-03-14 11:45:00,30.61,11:45:00
2026-03-14 12:00:00,29.82,12:00:00
2026-03-14 12:15:00,30.06,12:15:00
2026-03-14 12:30:00,30.16,12:30:00
2026-03-14 12:45:00,30.59,12:45:00
2026-03-14 13:00:00,30.54,13:00:00
2026-03-14 13:15:00,30.75,13:15:00
2026-03-14 13:30:00,30.76,13:30:00
2026-03-14 13:45:00,30.85,13:45:00
2026-03-14 14:00:00,30.48,14:00:00
2026-03-14 14:15:00,30.39,14:15:00
2026-03-14 14:30:00,30.35,14:30:00
2026-03-14 14:45:00,30.27,14:45:00
2026-03-14 15:00:00,31.12,15:00:00
2026-03-14 15:15:00,31.16,15:15:00
2026-03-14 15:30:00,30.91,15:30:00
2026-03-14 15:45:00,30.66,15:45:00
2026-03-14 16:00:00,30.64,16:00:00
2026-03-14 16:15:00,30.46,16:15:00
2026-03-14 16:30:00,30.12,16:30:00
2026-03-14 16:45:00,29.85,16:45:00
2026-03-14 17:00:00,29.81,17:00:00
2026-03-14 17:15:00,29.65,17:15:00
2026-03-14 17:30:00,29.71,17:30:00
2026-03-14 17:45:00,29.57,17:45:00
2026-03-14 18:00:00,29.69,18:00:00
2026-03-14 18:15:00,29.74,18:15:00
2026-03-14 18:30:00,29.46,18:30:00
2026-03-14 18:45:00,29.38,18:45:00
2026-03-14 19:00:00,29.65,19:00:00
2026-03-14 19:15:00,29.43,19:15:00
2026-03-14 19:30:00,29.3,19:30:00
2026-03-14 19:45:00,29.48,19:45:00
2026-03-14 20:00:00,29.88,20:00:00
2026-03-14 20:15:00,30.14,20:15:00
2026-03-14 20:30:00,29.87,20:30:00
2026-03-14 20:45:00,30.1,20:45:00
2026-03-14 21:00:00,30.31,21:00:00
2026-03-14 21:15:00,30.37,21:15:00
2026-03-14 21:30:00,30.48,21:30:00
2026-03-14 21:45:00,30.55,21:45:00
2026-03-14 22:00:00,30.68,22:00:00
2026-03-14 22:15:00,30.8,22:15:00
2026-03-14 22:30:00,30.88,22:30:00
2026-03-14 22:45:00,31.39,22:45:00
2026-03-14 23:00:00,32.73,23:00:00
2026-03-14 23:15:00,31.73,23:15:00
2026-03-14 23:30:00,32.03,23:30:00
2026-03-14 23:45:00,31.84,23:45:00
2026-03-15 00:00:00,32.12,00:00:00
2026-03-15 00:15:00,32.16,00:15:00
2026-03-15 00:30:00,31.96,00:30:00
2026-03-15 00:45:00,31.75,00:45:00
2026-03-15 01:00:00,31.92,01:00:00
2026-03-15 01:15:00,31.81,01:15:00
2026-03-15 01:30:00,31.86,01:30:00
2026-03-15 01:45:00,31.91,01:45:00
2026-03-15 02:00:00,31.64,02:00:00
2026-03-15 02:15:00,31.97,02:15:00
2026-03-15 02:30:00,32.5,02:30:00
2026-03-15 02:45:00,32.67,02:45:00
2026-03-15 03:00:00,32.54,03:00:00
2026-03-15 03:15:00,32.49,03:15:00
2026-03-15 03:30:00,32.61,03:30:00
2026-03-15 03:45:00,32.79,03:45:00
2026-03-15 04:00:00,32.5,04:00:00
2026-03-15 04:15:00,32.52,04:15:00
2026-03-15 04:30:00,32.53,04:30:00
2026-03-15 04:45:00,32.41,04:45:00
2026-03-15 05:00:00,31.75,05:00:00
2026-03-15 05:15:00,31.89,05:15:00
2026-03-15 05:30:00,32.1,05:30:00
2026-03-15 05:45:00,31.85,05:45:00
2026-03-15 06:00:00,30.78,06:00:00
2026-03-15 06:15:00,30.15,06:15:00
2026-03-15 06:30:00,30.13,06:30:00
2026-03-15 06:45:00,30.41,06:45:00
2026-03-15 07:00:00,29.37,07:00:00
2026-03-15 07:15:00,29.88,07:15:00
2026-03-15 07:30:00,30.16,07:30:00
2026-03-15 07:45:00,29.91,07:45:00
2026-03-15 08:00:00,28.48,08:00:00
2026-03-15 08:15:00,28.41,08:15:00
2026-03-15 08:30:00,28.02,08:30:00
2026-03-15 08:45:00,28.64,08:45:00
2026-03-15 09:00:00,27.99,09:00:00
2026-03-15 09:15:00,28.0,09:15:00
2026-03-15 09:30:00,27.46,09:30:00
2026-03-15 09:45:00,27.49,09:45:00
2026-03-15 10:00:00,26.08,10:00:00
2026-03-15 10:15:00,25.99,10:15:00
2026-03-15 10:30:00,26.34,10:30:00
2026-03-15 10:45:00,26.85,10:45:00
2026-03-15 11:00:00,26.66,11:00:00
2026-03-15 11:15:00,26.61,11:15:00
2026-03-15 11:30:00,26.91,11:30:00
2026-03-15 11:45:00,27.25,11:45:00
2026-03-15 12:00:00,28.47,12:00:00
2026-03-15 12:15:00,27.54,12:15:00
2026-03-15 12:30:00,26.71,12:30:00
2026-03-15 12:45:00,27.36,12:45:00
2026-03-15 13:00:00,27.19,13:00:00
2026-03-15 13:15:00,27.83,13:15:00
2026-03-15 13:30:00,27.54,13:30:00
2026-03-15 13:45:00,26.18,13:45:00
2026-03-15 14:00:00,25.35,14:00:00
2026-03-15 14:15:00,25.16,14:15:00
2026-03-15 14:30:00,25.22,14:30:00
2026-03-15 14:45:00,24.95,14:45:00
2026-03-15 15:00:00,25.68,15:00:00
2026-03-15 15:15:00,25.73,15:15:00
2026-03-15 15:30:00,25.26,15:30:00
2026-03-15 15:45:00,25.15,15:45:00
2026-03-15 16:00:00,25.64,16:00:00
2026-03-15 16:15:00,25.2,16:15:00
2026-03-15 16:30:00,24.87,16:30:00
2026-03-15 16:45:00,24.3,16:45:00
2026-03-15 17:00:00,24.09,17:00:00
2026-03-15 17:15:00,23.86,17:15:00
2026-03-15 17:30:00,23.73,17:30:00
2026-03-15 17:45:00,23.38,17:45:00
2026-03-15 18:00:00,23.56,18:00:00
2026-03-15 18:15:00,23.37,18:15:00
2026-03-15 18:30:00,23.37,18:30:00
2026-03-15 18:45:00,22.82,18:45:00
2026-03-15 19:00:00,23.14,19:00:00
2026-03-15 19:15:00,23.13,19:15:00
2026-03-15 19:30:00,23.08,19:30:00
2026-03-15 19:45:00,23.04,19:45:00
2026-03-15 20:00:00,22.71,20:00:00
2026-03-15 20:15:00,22.68,20:15:00
2026-03-15 20:30:00,22.86,20:30:00
2026-03-15 20:45:00,22.77,20:45:00
2026-03-15 21:00:00,22.02,21:00:00
2026-03-15 21:15:00,22.29,21:15:00
2026-03-15 21:30:00,22.56,21:30:00
2026-03-15 21:45:00,22.63,21:45:00
2026-03-15 22:00:00,22.07,22:00:00
2026-03-15 22:15:00,22.14,22:15:00
2026-03-15 22:30:00,22.2,22:30:00
2026-03-15 22:45:00,22.22,22:45:00
2026-03-15 23:00:00,19.93,23:00:00
2026-03-15 23:15:00,19.73,23:15:00
2026-03-15 23:30:00,19.74,23:30:00
2026-03-15 23:45:00,19.61,23:45:00
2026-03-16 00:00:00,14.8,00:00:00
2026-03-16 00:15:00,14.75,00:15:00
2026-03-16 00:30:00,14.89,00:30:00
2026-03-16 00:45:00,15.06,00:45:00
2026-03-16 01:00:00,14.89,01:00:00
2026-03-16 01:15:00,14.66,01:15:00
2026-03-16 01:30:00,14.73,01:30:00
2026-03-16 01:45:00,14.73,01:45:00
2026-03-16 02:00:00,14.57,02:00:00
2026-03-16 02:15:00,14.56,02:15:00
2026-03-16 02:30:00,14.49,02:30:00
2026-03-16 02:45:00,14.5,02:45:00
2026-03-16 03:00:00,14.93,03:00:00
2026-03-16 03:15:00,15.19,03:15:00
2026-03-16 03:30:00,15.21,03:30:00
2026-03-16 03:45:00,15.22,03:45:00
2026-03-16 04:00:00,15.76,04:00:00
2026-03-16 04:15:00,15.85,04:15:00
2026-03-16 04:30:00,15.93,04:30:00
2026-03-16 04:45:00,15.97,04:45:00
2026-03-16 05:00:00,17.21,05:00:00
2026-03-16 05:15:00,17.29,05:15:00
2026-03-16 05:30:00,17.45,05:30:00
2026-03-16 05:45:00,17.3,05:45:00
2026-03-16 06:00:00,17.99,06:00:00
2026-03-16 06:15:00,18.13,06:15:00
2026-03-16 06:30:00,18.11,06:30:00
2026-03-16 06:45:00,18.15,06:45:00
2026-03-16 07:00:00,18.27,07:00:00
2026-03-16 07:15:00,18.45,07:15:00
2026-03-16 07:30:00,18.76,07:30:00
2026-03-16 07:45:00,18.67,07:45:00
2026-03-16 08:00:00,18.48,08:00:00
2026-03-16 08:15:00,18.32,08:15:00
2026-03-16 08:30:00,18.48,08:30:00
2026-03-16 08:45:00,18.44,08:45:00
2026-03-16 09:00:00,18.1,09:00:00
2026-03-16 09:15:00,17.97,09:15:00
2026-03-16 09:30:00,17.78,09:30:00
2026-03-16 09:45:00,17.86,09:45:00
2026-03-16 10:00:00,23.23,10:00:00
2026-03-16 10:15:00,23.28,10:15:00
2026-03-16 10:30:00,23.27,10:30:00
2026-03-16 10:45:00,23.19,10:45:00
2026-03-16 11:00:00,23.12,11:00:00
2026-03-16 11:15:00,23.07,11:15:00
2026-03-16 11:30:00,23.12,11:30:00
2026-03-16 11:45:00,23.3,11:45:00
2026-03-16 12:00:00,23.33,12:00:00
2026-03-16 12:15:00,23.35,12:15:00
2026-03-16 12:30:00,23.42,12:30:00
2026-03-16 12:45:00,23.44,12:45:00
2026-03-16 13:00:00,23.11,13:00:00
2026-03-16 13:15:00,22.9,13:15:00
2026-03-16 13:30:00,22.85,13:30:00
2026-03-16 13:45:00,23.18,13:45:00
2026-03-16 14:00:00,23.56,14:00:00
2026-03-16 14:15:00,23.83,14:15:00
2026-03-16 14:30:00,24.31,14:30:00
2026-03-16 14:45:00,24.49,14:45:00
2026-03-16 15:00:00,26.95,15:00:00
2026-03-16 15:15:00,26.43,15:15:00
2026-03-16 15:30:00,25.92,15:30:00
2026-03-16 15:45:00,25.04,15:45:00
2026-03-16 16:00:00,27.14,16:00:00
2026-03-16 16:15:00,26.84,16:15:00
2026-03-16 16:30:00,25.41,16:30:00
2026-03-16 16:45:00,26.72,16:45:00
2026-03-16 17:00:00,26.11,17:00:00
2026-03-16 17:15:00,26.35,17:15:00
2026-03-16 17:30:00,27.14,17:30:00
2026-03-16 17:45:00,27.33,17:45:00
2026-03-16 18:00:00,27.59,18:00:00
2026-03-16 18:15:00,27.6,18:15:00
2026-03-16 18:30:00,27.24,18:30:00
2026-03-16 18:45:00,27.24,18:45:00
2026-03-16 19:00:00,27.05,19:00:00
2026-03-16 19:15:00,26.85,19:15:00
2026-03-16 19:30:00,25.6,19:30:00
2026-03-16 19:45:00,25.17,19:45:00
2026-03-16 20:00:00,25.29,20:00:00
2026-03-16 20:15:00,25.38,20:15:00
2026-03-16 20:30:00,25.47,20:30:00
2026-03-16 20:45:00,25.96,20:45:00
2026-03-16 21:00:00,25.07,21:00:00
2026-03-16 21:15:00,24.82,21:15:00
2026-03-16 21:30:00,25.11,21:30:00
2026-03-16 21:45:00,26.26,21:45:00
2026-03-16 22:00:00,25.9,22:00:00
2026-03-16 22:15:00,26.33,22:15:00
2026-03-16 22:30:00,26.89,22:30:00
2026-03-16 22:45:00,26.59,22:45:00
2026-03-16 23:00:00,26.93,23:00:00
2026-03-16 23:15:00,27.73,23:15:00
2026-03-16 23:30:00,28.31,23:30:00
2026-03-16 23:45:00,28.2,23:45:00
2026-03-17 00:00:00,27.78,00:00:00
2026-03-17 00:15:00,27.77,00:15:00
2026-03-17 00:30:00,27.76,00:30:00
2026-03-17 00:45:00,27.77,00:45:00
2026-03-17 01:00:00,27.74,01:00:00
2026-03-17 01:15:00,27.71,01:15:00
2026-03-17 01:30:00,27.6,01:30:00
2026-03-17 01:45:00,27.45,01:45:00
2026-03-17 02:00:00,27.85,02:00:00
2026-03-17 02:15:00,28.24,02:15:00
2026-03-17 02:30:00,28.33,02:30:00
2026-03-17 02:45:00,28.47,02:45:00
2026-03-17 03:00:00,28.64,03:00:00
2026-03-17 03:15:00,28.53,03:15:00
2026-03-17 03:30:00,28.37,03:30:00
2026-03-17 03:45:00,27.66,03:45:00
2026-03-17 04:00:00,26.62,04:00:00
2026-03-17 04:15:00,26.16,04:15:00
2026-03-17 04:30:00,25.73,04:30:00
2026-03-17 04:45:00,26.11,04:45:00
2026-03-17 05:00:00,26.53,05:00:00
2026-03-17 05:15:00,27.58,05:15:00
2026-03-17 05:30:00,27.32,05:30:00
2026-03-17 05:45:00,27.83,05:45:00
2026-03-17 06:00:00,28.39,06:00:00
2026-03-17 06:15:00,28.2,06:15:00
2026-03-17 06:30:00,28.08,06:30:00
2026-03-17 06:45:00,28.01,06:45:00
2026-03-17 07:00:00,28.21,07:00:00
2026-03-17 07:15:00,28.48,07:15:00
2026-03-17 07:30:00,28.55,07:30:00
2026-03-17 07:45:00,28.71,07:45:00
2026-03-17 08:00:00,28.52,08:00:00
2026-03-17 08:15:00,28.32,08:15:00
2026-03-17 08:30:00,28.2,08:30:00
2026-03-17 08:45:00,27.96,08:45:00
2026-03-17 09:00:00,27.68,09:00:00
2026-03-17 09:15:00,27.49,09:15:00
2026-03-17 09:30:00,27.42,09:30:00
2026-03-17 09:45:00,27.25,09:45:00
2026-03-17 10:00:00,25.96,10:00:00
2026-03-17 10:15:00,26.04,10:15:00
2026-03-17 10:30:00,26.31,10:30:00
2026-03-17 10:45:00,26.12,10:45:00
2026-03-17 11:00:00,25.3,11:00:00
2026-03-17 11:15:00,24.99,11:15:00
2026-03-17 11:30:00,25.34,11:30:00
2026-03-17 11:45:00,24.91,11:45:00
2026-03-17 12:00:00,24.78,12:00:00
2026-03-17 12:15:00,24.94,12:15:00
2026-03-17 12:30:00,24.92,12:30:00
2026-03-17 12:45:00,24.91,12:45:00
2026-03-17 13:00:00,24.9,13:00:00
2026-03-17 13:15:00,24.65,13:15:00
2026-03-17 13:30:00,24.68,13:30:00
2026-03-17 13:45:00,24.54,13:45:00
2026-03-17 14:00:00,24.68,14:00:00
2026-03-17 14:15:00,24.62,14:15:00
2026-03-17 14:30:00,24.68,14:30:00
2026-03-17 14:45:00,24.64,14:45:00
2026-03-17 15:00:00,25.76,15:00:00
2026-03-17 15:15:00,25.83,15:15:00
2026-03-17 15:30:00,25.84,15:30:00
2026-03-17 15:45:00,25.94,15:45:00
2026-03-17 16:00:00,26.13,16:00:00
2026-03-17 16:15:00,26.28,16:15:00
2026-03-17 16:30:00,26.23,16:30:00
2026-03-17 16:45:00,26.17,16:45:00
2026-03-17 17:00:00,26.11,17:00:00
2026-03-17 17:15:00,25.8,17:15:00
2026-03-17 17:30:00,25.7,17:30:00
2026-03-17 17:45:00,25.59,17:45:00
2026-03-17 18:00:00,25.84,18:00:00
2026-03-17 18:15:00,25.45,18:15:00
2026-03-17 18:30:00,24.75,18:30:00
2026-03-17 18:45:00,23.83,18:45:00
2026-03-17 19:00:00,22.99,19:00:00
2026-03-17 19:15:00,22.9,19:15:00
2026-03-17 19:30:00,24.91,19:30:00
2026-03-17 19:45:00,25.19,19:45:00
2026-03-17 20:00:00,24.71,20:00:00
2026-03-17 20:15:00,24.53,20:15:00
2026-03-17 20:30:00,24.7,20:30:00
2026-03-17 20:45:00,24.53,20:45:00
2026-03-17 21:00:00,23.64,21:00:00
2026-03-17 21:15:00,23.17,21:15:00
2026-03-17 21:30:00,22.81,21:30:00
2026-03-17 21:45:00,22.84,21:45:00
2026-03-17 22:00:00,21.96,22:00:00
2026-03-17 22:15:00,21.89,22:15:00
2026-03-17 22:30:00,21.97,22:30:00
2026-03-17 22:45:00,22.38,22:45:00
2026-03-17 23:00:00,21.38,23:00:00
2026-03-17 23:15:00,21.31,23:15:00
2026-03-17 23:30:00,21.35,23:30:00
2026-03-17 23:45:00,21.41,23:45:00
2026-03-18 00:00:00,20.4,00:00:00
2026-03-18 00:15:00,20.51,00:15:00
2026-03-18 00:30:00,20.64,00:30:00
2026-03-18 00:45:00,20.62,00:45:00
2026-03-18 01:00:00,19.51,01:00:00
2026-03-18 01:15:00,19.81,01:15:00
2026-03-18 01:30:00,19.74,01:30:00
2026-03-18 01:45:00,19.75,01:45:00
2026-03-18 02:00:00,20.03,02:00:00
2026-03-18 02:15:00,20.36,02:15:00
2026-03-18 02:30:00,20.64,02:30:00
2026-03-18 02:45:00,20.7,02:45:00
2026-03-18 03:00:00,21.17,03:00:00
2026-03-18 03:15:00,21.35,03:15:00
2026-03-18 03:30:00,21.42,03:30:00
2026-03-18 03:45:00,21.86,03:45:00
2026-03-18 04:00:00,23.62,04:00:00
2026-03-18 04:15:00,23.45,04:15:00
2026-03-18 04:30:00,23.31,04:30:00
2026-03-18 04:45:00,22.88,04:45:00
2026-03-18 05:00:00,23.24,05:00:00
2026-03-18 05:15:00,24.06,05:15:00
2026-03-18 05:30:00,24.66,05:30:00
2026-03-18 05:45:00,24.39,05:45:00
2026-03-18 06:00:00,25.43,06:00:00
2026-03-18 06:15:00,25.64,06:15:00
2026-03-18 06:30:00,25.9,06:30:00
2026-03-18 06:45:00,25.9,06:45:00
2026-03-18 07:00:00,26.13,07:00:00
2026-03-18 07:15:00,26.11,07:15:00
2026-03-18 07:30:00,26.45,07:30:00
2026-03-18 07:45:00,28.08,07:45:00
2026-03-18 08:00:00,25.26,08:00:00
2026-03-18 08:15:00,24.4,08:15:00
2026-03-18 08:30:00,24.21,08:30:00
2026-03-18 08:45:00,23.22,08:45:00
2026-03-18 09:00:00,19.79,09:00:00
2026-03-18 09:15:00,18.57,09:15:00
2026-03-18 09:30:00,18.62,09:30:00
2026-03-18 09:45:00,18.83,09:45:00
2026-03-18 10:00:00,15.59,10:00:00
2026-03-18 10:15:00,18.14,10:15:00
2026-03-18 10:30:00,19.43,10:30:00
2026-03-18 10:45:00,18.74,10:45:00
2026-03-18 11:00:00,19.09,11:00:00
2026-03-18 11:15:00,19.21,11:15:00
2026-03-18 11:30:00,19.7,11:30:00
2026-03-18 11:45:00,19.52,11:45:00
2026-03-18 12:00:00,19.49,12:00:00
2026-03-18 12:15:00,19.1,12:15:00
2026-03-18 12:30:00,19.25,12:30:00
2026-03-18 12:45:00,19.27,12:45:00
2026-03-18 13:00:00,20.36,13:00:00
2026-03-18 13:15:00,20.31,13:15:00
2026-03-18 13:30:00,18.83,13:30:00
2026-03-18 13:45:00,15.59,13:45:00
2026-03-18 14:00:00,19.69,14:00:00
2026-03-18 14:15:00,20.44,14:15:00
2026-03-18 14:30:00,21.65,14:30:00
2026-03-18 14:45:00,22.75,14:45:00
2026-03-18 15:00:00,25.57,15:00:00
2026-03-18 15:15:00,25.57,15:15:00
2026-03-18 15:30:00,24.91,15:30:00
2026-03-18 15:45:00,25.57,15:45:00
2026-03-18 16:00:00,25.3,16:00:00
2026-03-18 16:15:00,24.82,16:15:00
2026-03-18 16:30:00,24.5,16:30:00
2026-03-18 16:45:00,24.51,16:45:00
2026-03-18 17:00:00,24.66,17:00:00
2026-03-18 17:15:00,24.72,17:15:00
2026-03-18 17:30:00,24.65,17:30:00
2026-03-18 17:45:00,24.63,17:45:00
2026-03-18 18:00:00,25.3,18:00:00
2026-03-18 18:15:00,25.2,18:15:00
2026-03-18 18:30:00,24.96,18:30:00
2026-03-18 18:45:00,25.12,18:45:00
2026-03-18 19:00:00,25.05,19:00:00
2026-03-18 19:15:00,25.12,19:15:00
2026-03-18 19:30:00,25.21,19:30:00
2026-03-18 19:45:00,24.94,19:45:00
2026-03-18 20:00:00,25.07,20:00:00
2026-03-18 20:15:00,25.35,20:15:00
2026-03-18 20:30:00,25.44,20:30:00
2026-03-18 20:45:00,25.05,20:45:00
2026-03-18 21:00:00,25.27,21:00:00
2026-03-18 21:15:00,25.1,21:15:00
2026-03-18 21:30:00,25.49,21:30:00
2026-03-18 21:45:00,25.33,21:45:00
2026-03-18 22:00:00,24.57,22:00:00
2026-03-18 22:15:00,24.18,22:15:00
2026-03-18 22:30:00,23.94,22:30:00
2026-03-18 22:45:00,24.12,22:45:00
2026-03-18 23:00:00,24.03,23:00:00
2026-03-18 23:15:00,23.86,23:15:00
2026-03-18 23:30:00,23.98,23:30:00
2026-03-18 23:45:00,24.05,23:45:00
2026-03-19 00:00:00,24.35,00:00:00
2026-03-19 00:15:00,24.25,00:15:00
2026-03-19 00:30:00,23.98,00:30:00
2026-03-19 00:45:00,24.05,00:45:00
2026-03-19 01:00:00,24.03,01:00:00
2026-03-19 01:15:00,24.27,01:15:00
2026-03-19 01:30:00,24.35,01:30:00
2026-03-19 01:45:00,24.32,01:45:00
2026-03-19 02:00:00,23.89,02:00:00
2026-03-19 02:15:00,23.87,02:15:00
2026-03-19 02:30:00,24.04,02:30:00
2026-03-19 02:45:00,23.96,02:45:00
2026-03-19 03:00:00,24.17,03:00:00
2026-03-19 03:15:00,24.16,03:15:00
2026-03-19 03:30:00,24.58,03:30:00
2026-03-19 03:45:00,24.95,03:45:00
2026-03-19 04:00:00,25.4,04:00:00
2026-03-19 04:15:00,25.4,04:15:00
2026-03-19 04:30:00,25.46,04:30:00
2026-03-19 04:45:00,25.93,04:45:00
2026-03-19 05:00:00,26.9,05:00:00
2026-03-19 05:15:00,27.05,05:15:00
2026-03-19 05:30:00,27.3,05:30:00
2026-03-19 05:45:00,27.04,05:45:00
2026-03-19 06:00:00,27.17,06:00:00
2026-03-19 06:15:00,27.18,06:15:00
2026-03-19 06:30:00,27.15,06:30:00
2026-03-19 06:45:00,30.11,06:45:00
2026-03-19 07:00:00,27.41,07:00:00
2026-03-19 07:15:00,27.23,07:15:00
2026-03-19 07:30:00,27.24,07:30:00
2026-03-19 07:45:00,27.39,07:45:00
2026-03-19 08:00:00,27.59,08:00:00
2026-03-19 08:15:00,27.25,08:15:00
2026-03-19 08:30:00,27.2,08:30:00
2026-03-19 08:45:00,27.45,08:45:00
2026-03-19 09:00:00,26.62,09:00:00
2026-03-19 09:15:00,26.87,09:15:00
2026-03-19 09:30:00,27.03,09:30:00
2026-03-19 09:45:00,26.94,09:45:00
2026-03-19 10:00:00,26.03,10:00:00
2026-03-19 10:15:00,25.89,10:15:00
2026-03-19 10:30:00,26.09,10:30:00
2026-03-19 10:45:00,26.21,10:45:00
2026-03-19 11:00:00,26.28,11:00:00
2026-03-19 11:15:00,26.1,11:15:00
2026-03-19 11:30:00,26.34,11:30:00
2026-03-19 11:45:00,26.43,11:45:00
2026-03-19 12:00:00,25.53,12:00:00
2026-03-19 12:15:00,25.37,12:15:00
2026-03-19 12:30:00,25.6,12:30:00
2026-03-19 12:45:00,26.07,12:45:00
2026-03-19 13:00:00,26.49,13:00:00
2026-03-19 13:15:00,26.82,13:15:00
2026-03-19 13:30:00,26.77,13:30:00
2026-03-19 13:45:00,26.89,13:45:00
2026-03-19 14:00:00,28.31,14:00:00
2026-03-19 14:15:00,27.69,14:15:00
2026-03-19 14:30:00,27.55,14:30:00
2026-03-19 14:45:00,27.53,14:45:00
2026-03-19 15:00:00,28.23,15:00:00
2026-03-19 15:15:00,28.72,15:15:00
2026-03-19 15:30:00,28.85,15:30:00
2026-03-19 15:45:00,28.73,15:45:00
2026-03-19 16:00:00,29.27,16:00:00
2026-03-19 16:15:00,28.78,16:15:00
2026-03-19 16:30:00,28.31,16:30:00
2026-03-19 16:45:00,27.76,16:45:00
2026-03-19 17:00:00,27.58,17:00:00
2026-03-19 17:15:00,27.59,17:15:00
2026-03-19 17:30:00,27.99,17:30:00
2026-03-19 17:45:00,28.41,17:45:00
2026-03-19 18:00:00,28.34,18:00:00
2026-03-19 18:15:00,28.23,18:15:00
2026-03-19 18:30:00,27.71,18:30:00
2026-03-19 18:45:00,27.76,18:45:00
2026-03-19 19:00:00,27.97,19:00:00
2026-03-19 19:15:00,27.72,19:15:00
2026-03-19 19:30:00,27.82,19:30:00
2026-03-19 19:45:00,27.79,19:45:00
2026-03-19 20:00:00,27.85,20:00:00
2026-03-19 20:15:00,27.92,20:15:00
2026-03-19 20:30:00,28.03,20:30:00
2026-03-19 20:45:00,27.99,20:45:00
2026-03-19 21:00:00,27.84,21:00:00
2026-03-19 21:15:00,27.93,21:15:00
2026-03-19 21:30:00,28.25,21:30:00
2026-03-19 21:45:00,28.15,21:45:00
2026-03-19 22:00:00,28.98,22:00:00
2026-03-19 22:15:00,29.08,22:15:00
2026-03-19 22:30:00,29.19,22:30:00
2026-03-19 22:45:00,29.59,22:45:00
2026-03-19 23:00:00,28.99,23:00:00
2026-03-19 23:15:00,29.18,23:15:00
2026-03-19 23:30:00,29.3,23:30:00
2026-03-19 23:45:00,29.23,23:45:00
2026-03-20 00:00:00,28.97,00:00:00
2026-03-20 00:15:00,29.07,00:15:00
2026-03-20 00:30:00,29.27,00:30:00
2026-03-20 00:45:00,29.33,00:45:00
2026-03-20 01:00:00,29.41,01:00:00
2026-03-20 01:15:00,29.67,01:15:00
2026-03-20 01:30:00,30.25,01:30:00
2026-03-20 01:45:00,30.48,01:45:00
2026-03-20 02:00:00,30.18,02:00:00
2026-03-20 02:15:00,30.24,02:15:00
2026-03-20 02:30:00,29.98,02:30:00
2026-03-20 02:45:00,29.76,02:45:00
2026-03-20 03:00:00,29.6,03:00:00
2026-03-20 03:15:00,29.37,03:15:00
2026-03-20 03:30:00,29.26,03:30:00
2026-03-20 03:45:00,29.75,03:45:00
2026-03-20 04:00:00,31.04,04:00:00
2026-03-20 04:15:00,30.75,04:15:00
2026-03-20 04:30:00,29.78,04:30:00
2026-03-20 04:45:00,29.72,04:45:00
2026-03-20 05:00:00,32.44,05:00:00
2026-03-20 05:15:00,30.42,05:15:00
2026-03-20 05:30:00,30.06,05:30:00
2026-03-20 05:45:00,31.58,05:45:00
2026-03-20 06:00:00,34.1,06:00:00
2026-03-20 06:15:00,33.81,06:15:00
2026-03-20 06:30:00,36.73,06:30:00
2026-03-20 06:45:00,38.84,06:45:00
2026-03-20 07:00:00,35.87,07:00:00
2026-03-20 07:15:00,36.79,07:15:00
2026-03-20 07:30:00,37.99,07:30:00
2026-03-20 07:45:00,32.59,07:45:00
2026-03-20 08:00:00,26.66,08:00:00
2026-03-20 08:15:00,26.65,08:15:00
2026-03-20 08:30:00,27.06,08:30:00
2026-03-20 08:45:00,28.91,08:45:00
2026-03-20 09:00:00,27.48,09:00:00
2026-03-20 09:15:00,27.58,09:15:00
2026-03-20 09:30:00,27.19,09:30:00
2026-03-20 09:45:00,27.18,09:45:00
2026-03-20 10:00:00,26.99,10:00:00
2026-03-20 10:15:00,26.75,10:15:00
2026-03-20 10:30:00,26.55,10:30:00
2026-03-20 10:45:00,26.63,10:45:00
2026-03-20 11:00:00,26.34,11:00:00
2026-03-20 11:15:00,26.3,11:15:00
2026-03-20 11:30:00,26.19,11:30:00
2026-03-20 11:45:00,25.97,11:45:00
2026-03-20 12:00:00,25.77,12:00:00
2026-03-20 12:15:00,25.76,12:15:00
2026-03-20 12:30:00,25.82,12:30:00
2026-03-20 12:45:00,25.89,12:45:00
2026-03-20 13:00:00,26.3,13:00:00
2026-03-20 13:15:00,26.19,13:15:00
2026-03-20 13:30:00,26.19,13:30:00
2026-03-20 13:45:00,26.3,13:45:00
2026-03-20 14:00:00,27.57,14:00:00
2026-03-20 14:15:00,27.75,14:15:00
2026-03-20 14:30:00,28.04,14:30:00
2026-03-20 14:45:00,28.05,14:45:00
2026-03-20 15:00:00,28.05,15:00:00
2026-03-20 15:15:00,28.4,15:15:00
2026-03-20 15:30:00,28.3,15:30:00
2026-03-20 15:45:00,28.45,15:45:00
2026-03-20 16:00:00,28.11,16:00:00
2026-03-20 16:15:00,27.78,16:15:00
2026-03-20 16:30:00,27.47,16:30:00
2026-03-20 16:45:00,27.14,16:45:00
2026-03-20 17:00:00,27.06,17:00:00
2026-03-20 17:15:00,26.81,17:15:00
2026-03-20 17:30:00,26.72,17:30:00
2026-03-20 17:45:00,26.83,17:45:00
2026-03-20 18:00:00,27.16,18:00:00
2026-03-20 18:15:00,27.11,18:15:00
2026-03-20 18:30:00,27.05,18:30:00
2026-03-20 18:45:00,26.91,18:45:00
2026-03-20 19:00:00,27.11,19:00:00
2026-03-20 19:15:00,27.03,19:15:00
2026-03-20 19:30:00,26.75,19:30:00
2026-03-20 19:45:00,25.99,19:45:00
2026-03-20 20:00:00,26.23,20:00:00
2026-03-20 20:15:00,25.86,20:15:00
2026-03-20 20:30:00,25.17,20:30:00
2026-03-20 20:45:00,24.79,20:45:00
2026-03-20 21:00:00,25.0,21:00:00
2026-03-20 21:15:00,25.88,21:15:00
2026-03-20 21:30:00,26.05,21:30:00
2026-03-20 21:45:00,26.16,21:45:00
2026-03-20 22:00:00,26.37,22:00:00
2026-03-20 22:15:00,26.41,22:15:00
2026-03-20 22:30:00,26.3,22:30:00
2026-03-20 22:45:00,26.37,22:45:00
2026-03-20 23:00:00,26.32,23:00:00
2026-03-20 23:15:00,26.49,23:15:00
2026-03-20 23:30:00,26.41,23:30:00
2026-03-20 23:45:00,26.41,23:45:00
2026-03-21 00:00:00,27.36,00:00:00
2026-03-21 00:15:00,27.3,00:15:00
2026-03-21 00:30:00,27.01,00:30:00
2026-03-21 00:45:00,27.13,00:45:00
2026-03-21 01:00:00,27.13,01:00:00
2026-03-21 01:15:00,27.07,01:15:00
2026-03-21 01:30:00,27.44,01:30:00
2026-03-21 01:45:00,27.46,01:45:00
2026-03-21 02:00:00,27.63,02:00:00
2026-03-21 02:15:00,27.6,02:15:00
2026-03-21 02:30:00,27.61,02:30:00
2026-03-21 02:45:00,27.76,02:45:00
2026-03-21 03:00:00,27.73,03:00:00
2026-03-21 03:15:00,27.65,03:15:00
2026-03-21 03:30:00,27.57,03:30:00
2026-03-21 03:45:00,27.28,03:45:00
2026-03-21 04:00:00,26.51,04:00:00
2026-03-21 04:15:00,26.3,04:15:00
2026-03-21 04:30:00,26.24,04:30:00
2026-03-21 04:45:00,26.54,04:45:00
2026-03-21 05:00:00,26.89,05:00:00
2026-03-21 05:15:00,27.18,05:15:00
2026-03-21 05:30:00,27.22,05:30:00
2026-03-21 05:45:00,27.29,05:45:00
2026-03-21 06:00:00,26.08,06:00:00
2026-03-21 06:15:00,26.4,06:15:00
2026-03-21 06:30:00,26.25,06:30:00
2026-03-21 06:45:00,26.4,06:45:00
2026-03-21 07:00:00,25.63,07:00:00
2026-03-21 07:15:00,25.41,07:15:00
2026-03-21 07:30:00,25.25,07:30:00
2026-03-21 07:45:00,25.26,07:45:00
2026-03-21 08:00:00,24.62,08:00:00
2026-03-21 08:15:00,24.84,08:15:00
2026-03-21 08:30:00,25.47,08:30:00
2026-03-21 08:45:00,26.12,08:45:00
2026-03-21 09:00:00,25.62,09:00:00
2026-03-21 09:15:00,25.56,09:15:00
2026-03-21 09:30:00,25.49,09:30:00
2026-03-21 09:45:00,25.54,09:45:00
2026-03-21 10:00:00,23.82,10:00:00
2026-03-21 10:15:00,23.44,10:15:00
2026-03-21 10:30:00,23.15,10:30:00
2026-03-21 10:45:00,22.54,10:45:00
2026-03-21 11:00:00,21.51,11:00:00
2026-03-21 11:15:00,21.72,11:15:00
2026-03-21 11:30:00,20.01,11:30:00
2026-03-21 11:45:00,20.02,11:45:00
2026-03-21 12:00:00,21.32,12:00:00
2026-03-21 12:15:00,21.03,12:15:00
2026-03-21 12:30:00,20.9,12:30:00
2026-03-21 12:45:00,20.63,12:45:00
2026-03-21 13:00:00,20.84,13:00:00
2026-03-21 13:15:00,20.84,13:15:00
2026-03-21 13:30:00,21.22,13:30:00
2026-03-21 13:45:00,21.15,13:45:00
2026-03-21 14:00:00,20.84,14:00:00
2026-03-21 14:15:00,21.0,14:15:00
2026-03-21 14:30:00,22.0,14:30:00
2026-03-21 14:45:00,21.82,14:45:00
2026-03-21 15:00:00,22.7,15:00:00
2026-03-21 15:15:00,22.64,15:15:00
2026-03-21 15:30:00,22.85,15:30:00
2026-03-21 15:45:00,23.12,15:45:00
2026-03-21 16:00:00,25.7,16:00:00
2026-03-21 16:15:00,25.75,16:15:00
2026-03-21 16:30:00,25.75,16:30:00
2026-03-21 16:45:00,25.43,16:45:00
2026-03-21 17:00:00,25.52,17:00:00
2026-03-21 17:15:00,25.52,17:15:00
2026-03-21 17:30:00,25.78,17:30:00
2026-03-21 17:45:00,25.92,17:45:00
2026-03-21 18:00:00,25.75,18:00:00
2026-03-21 18:15:00,25.42,18:15:00
2026-03-21 18:30:00,25.43,18:30:00
2026-03-21 18:45:00,25.75,18:45:00
2026-03-21 19:00:00,25.52,19:00:00
2026-03-21 19:15:00,24.73,19:15:00
2026-03-21 19:30:00,25.24,19:30:00
2026-03-21 19:45:00,24.42,19:45:00
2026-03-21 20:00:00,26.08,20:00:00
2026-03-21 20:15:00,26.63,20:15:00
2026-03-21 20:30:00,26.83,20:30:00
2026-03-21 20:45:00,27.16,20:45:00
2026-03-21 21:00:00,26.95,21:00:00
2026-03-21 21:15:00,26.96,21:15:00
2026-03-21 21:30:00,27.08,21:30:00
2026-03-21 21:45:00,27.32,21:45:00
2026-03-21 22:00:00,27.66,22:00:00
2026-03-21 22:15:00,27.77,22:15:00
2026-03-21 22:30:00,27.97,22:30:00
2026-03-21 22:45:00,28.41,22:45:00
2026-03-21 23:00:00,26.41,23:00:00
2026-03-21 23:15:00,25.21,23:15:00
2026-03-21 23:30:00,25.04,23:30:00
2026-03-21 23:45:00,24.7,23:45:00
2026-03-22 00:00:00,24.18,00:00:00
2026-03-22 00:15:00,23.85,00:15:00
2026-03-22 00:30:00,23.69,00:30:00
2026-03-22 00:45:00,23.81,00:45:00
2026-03-22 01:00:00,23.29,01:00:00
2026-03-22 01:15:00,23.2,01:15:00
2026-03-22 01:30:00,23.37,01:30:00
2026-03-22 01:45:00,23.56,01:45:00
2026-03-22 02:00:00,23.81,02:00:00
2026-03-22 02:15:00,23.88,02:15:00
2026-03-22 02:30:00,23.72,02:30:00
2026-03-22 02:45:00,23.78,02:45:00
2026-03-22 03:00:00,23.18,03:00:00
2026-03-22 03:15:00,22.82,03:15:00
2026-03-22 03:30:00,22.77,03:30:00
2026-03-22 03:45:00,22.36,03:45:00
2026-03-22 04:00:00,21.07,04:00:00
2026-03-22 04:15:00,20.59,04:15:00
2026-03-22 04:30:00,20.62,04:30:00
2026-03-22 04:45:00,22.1,04:45:00
2026-03-22 05:00:00,22.24,05:00:00
2026-03-22 05:15:00,22.14,05:15:00
2026-03-22 05:30:00,22.1,05:30:00
2026-03-22 05:45:00,22.21,05:45:00
2026-03-22 06:00:00,21.17,06:00:00
2026-03-22 06:15:00,21.13,06:15:00
2026-03-22 06:30:00,21.41,06:30:00
2026-03-22 06:45:00,21.32,06:45:00
2026-03-22 07:00:00,20.02,07:00:00
2026-03-22 07:15:00,19.55,07:15:00
2026-03-22 07:30:00,18.48,07:30:00
2026-03-22 07:45:00,15.98,07:45:00
2026-03-22 08:00:00,17.57,08:00:00
2026-03-22 08:15:00,16.91,08:15:00
2026-03-22 08:30:00,14.74,08:30:00
2026-03-22 08:45:00,14.86,08:45:00
2026-03-22 09:00:00,14.08,09:00:00
2026-03-22 09:15:00,14.17,09:15:00
2026-03-22 09:30:00,14.32,09:30:00
2026-03-22 09:45:00,14.74,09:45:00
2026-03-22 10:00:00,15.64,10:00:00
2026-03-22 10:15:00,15.88,10:15:00
2026-03-22 10:30:00,16.56,10:30:00
2026-03-22 10:45:00,16.69,10:45:00
2026-03-22 11:00:00,17.12,11:00:00
2026-03-22 11:15:00,17.22,11:15:00
2026-03-22 11:30:00,17.52,11:30:00
2026-03-22 11:45:00,17.77,11:45:00
2026-03-22 12:00:00,18.58,12:00:00
2026-03-22 12:15:00,18.54,12:15:00
2026-03-22 12:30:00,18.87,12:30:00
2026-03-22 12:45:00,19.15,12:45:00
2026-03-22 13:00:00,18.65,13:00:00
2026-03-22 13:15:00,18.29,13:15:00
2026-03-22 13:30:00,18.27,13:30:00
2026-03-22 13:45:00,17.6,13:45:00
2026-03-22 14:00:00,18.86,14:00:00
2026-03-22 14:15:00,17.73,14:15:00
2026-03-22 14:30:00,16.94,14:30:00
2026-03-22 14:45:00,17.41,14:45:00
2026-03-22 15:00:00,19.9,15:00:00
2026-03-22 15:15:00,20.24,15:15:00
2026-03-22 15:30:00,20.17,15:30:00
2026-03-22 15:45:00,20.26,15:45:00
2026-03-22 16:00:00,22.86,16:00:00
2026-03-22 16:15:00,23.12,16:15:00
2026-03-22 16:30:00,22.74,16:30:00
2026-03-22 16:45:00,22.49,16:45:00
2026-03-22 17:00:00,23.34,17:00:00
2026-03-22 17:15:00,23.31,17:15:00
2026-03-22 17:30:00,23.21,17:30:00
2026-03-22 17:45:00,23.25,17:45:00
2026-03-22 18:00:00,24.6,18:00:00
2026-03-22 18:15:00,25.04,18:15:00
2026-03-22 18:30:00,25.1,18:30:00
2026-03-22 18:45:00,25.02,18:45:00
2026-03-22 19:00:00,25.46,19:00:00
2026-03-22 19:15:00,25.72,19:15:00
2026-03-22 19:30:00,25.61,19:30:00
2026-03-22 19:45:00,25.72,19:45:00
2026-03-22 20:00:00,24.85,20:00:00
2026-03-22 20:15:00,24.48,20:15:00
2026-03-22 20:30:00,24.59,20:30:00
2026-03-22 20:45:00,24.65,20:45:00
2026-03-22 21:00:00,24.67,21:00:00
2026-03-22 21:15:00,24.58,21:15:00
2026-03-22 21:30:00,24.58,21:30:00
2026-03-22 21:45:00,25.26,21:45:00
2026-03-22 22:00:00,24.28,22:00:00
2026-03-22 22:15:00,24.28,22:15:00
2026-03-22 22:30:00,23.29,22:30:00
2026-03-22 22:45:00,22.63,22:45:00
2026-03-22 23:00:00,20.24,23:00:00
2026-03-22 23:15:00,20.56,23:15:00
2026-03-22 23:30:00,20.71,23:30:00
2026-03-22 23:45:00,21.34,23:45:00
2026-03-23 00:00:00,20.31,00:00:00
2026-03-23 00:15:00,20.44,00:15:00
2026-03-23 00:30:00,21.02,00:30:00
2026-03-23 00:45:00,21.03,00:45:00
2026-03-23 01:00:00,20.35,01:00:00
2026-03-23 01:15:00,20.76,01:15:00
2026-03-23 01:30:00,20.72,01:30:00
2026-03-23 01:45:00,20.89,01:45:00
2026-03-23 02:00:00,20.87,02:00:00
2026-03-23 02:15:00,20.84,02:15:00
2026-03-23 02:30:00,20.41,02:30:00
2026-03-23 02:45:00,20.94,02:45:00
2026-03-23 03:00:00,22.65,03:00:00
2026-03-23 03:15:00,22.9,03:15:00
2026-03-23 03:30:00,23.86,03:30:00
2026-03-23 03:45:00,24.0,03:45:00
2026-03-23 04:00:00,25.08,04:00:00
2026-03-23 04:15:00,25.11,04:15:00
2026-03-23 04:30:00,24.86,04:30:00
2026-03-23 04:45:00,24.52,04:45:00
2026-03-23 05:00:00,23.07,05:00:00
2026-03-23 05:15:00,22.74,05:15:00
2026-03-23 05:30:00,22.83,05:30:00
2026-03-23 05:45:00,22.9,05:45:00
2026-03-23 06:00:00,22.8,06:00:00
2026-03-23 06:15:00,22.51,06:15:00
2026-03-23 06:30:00,22.43,06:30:00
2026-03-23 06:45:00,22.05,06:45:00
2026-03-23 07:00:00,21.92,07:00:00
2026-03-23 07:15:00,21.61,07:15:00
2026-03-23 07:30:00,21.72,07:30:00
2026-03-23 07:45:00,21.55,07:45:00
2026-03-23 08:00:00,20.18,08:00:00
2026-03-23 08:15:00,20.13,08:15:00
2026-03-23 08:30:00,19.98,08:30:00
2026-03-23 08:45:00,19.93,08:45:00
2026-03-23 09:00:00,18.55,09:00:00
2026-03-23 09:15:00,18.72,09:15:00
2026-03-23 09:30:00,18.96,09:30:00
2026-03-23 09:45:00,18.29,09:45:00
2026-03-23 10:00:00,17.36,10:00:00
2026-03-23 10:15:00,17.14,10:15:00
2026-03-23 10:30:00,17.3,10:30:00
2026-03-23 10:45:00,17.61,10:45:00
2026-03-23 11:00:00,17.64,11:00:00
2026-03-23 11:15:00,17.77,11:15:00
2026-03-23 11:30:00,16.97,11:30:00
2026-03-23 11:45:00,17.04,11:45:00
2026-03-23 12:00:00,19.14,12:00:00
2026-03-23 12:15:00,18.52,12:15:00
2026-03-23 12:30:00,18.26,12:30:00
2026-03-23 12:45:00,17.85,12:45:00
2026-03-23 13:00:00,17.61,13:00:00
2026-03-23 13:15:00,17.68,13:15:00
2026-03-23 13:30:00,17.84,13:30:00
2026-03-23 13:45:00,18.12,13:45:00
2026-03-23 14:00:00,19.6,14:00:00
2026-03-23 14:15:00,19.55,14:15:00
2026-03-23 14:30:00,19.56,14:30:00
2026-03-23 14:45:00,19.55,14:45:00
2026-03-23 15:00:00,20.67,15:00:00
2026-03-23 15:15:00,20.67,15:15:00
2026-03-23 15:30:00,21.0,15:30:00
2026-03-23 15:45:00,21.51,15:45:00
2026-03-23 16:00:00,21.81,16:00:00
2026-03-23 16:15:00,21.52,16:15:00
2026-03-23 16:30:00,21.33,16:30:00
2026-03-23 16:45:00,21.3,16:45:00
2026-03-23 17:00:00,21.46,17:00:00
2026-03-23 17:15:00,21.66,17:15:00
2026-03-23 17:30:00,21.85,17:30:00
2026-03-23 17:45:00,21.86,17:45:00
2026-03-23 18:00:00,21.88,18:00:00
2026-03-23 18:15:00,22.06,18:15:00
2026-03-23 18:30:00,21.89,18:30:00
2026-03-23 18:45:00,21.95,18:45:00
2026-03-23 19:00:00,22.31,19:00:00
2026-03-23 19:15:00,22.91,19:15:00
2026-03-23 19:30:00,23.45,19:30:00
2026-03-23 19:45:00,23.88,19:45:00
2026-03-23 20:00:00,23.37,20:00:00
2026-03-23 20:15:00,23.71,20:15:00
2026-03-23 20:30:00,23.74,20:30:00
2026-03-23 20:45:00,23.84,20:45:00
2026-03-23 21:00:00,24.12,21:00:00
2026-03-23 21:15:00,23.74,21:15:00
2026-03-23 21:30:00,23.69,21:30:00
2026-03-23 21:45:00,23.7,21:45:00
2026-03-23 22:00:00,22.92,22:00:00
2026-03-23 22:15:00,23.22,22:15:00
2026-03-23 22:30:00,23.44,22:30:00
2026-03-23 22:45:00,23.46,22:45:00
2026-03-23 23:00:00,20.75,23:00:00
2026-03-23 23:15:00,20.62,23:15:00
2026-03-23 23:30:00,20.68,23:30:00
2026-03-23 23:45:00,20.62,23:45:00
2026-03-24 00:00:00,19.4,00:00:00
2026-03-24 00:15:00,18.74,00:15:00
2026-03-24 00:30:00,18.63,00:30:00
2026-03-24 00:45:00,18.68,00:45:00
2026-03-24 01:00:00,18.16,01:00:00
2026-03-24 01:15:00,17.81,01:15:00
2026-03-24 01:30:00,17.92,01:30:00
2026-03-24 01:45:00,18.03,01:45:00
2026-03-24 02:00:00,17.91,02:00:00
2026-03-24 02:15:00,17.74,02:15:00
2026-03-24 02:30:00,17.43,02:30:00
2026-03-24 02:45:00,17.35,02:45:00
2026-03-24 03:00:00,17.21,03:00:00
2026-03-24 03:15:00,17.08,03:15:00
2026-03-24 03:30:00,17.2,03:30:00
2026-03-24 03:45:00,17.23,03:45:00
2026-03-24 04:00:00,18.22,04:00:00
2026-03-24 04:15:00,18.14,04:15:00
2026-03-24 04:30:00,18.28,04:30:00
2026-03-24 04:45:00,18.62,04:45:00
2026-03-24 05:00:00,19.88,05:00:00
2026-03-24 05:15:00,19.64,05:15:00
2026-03-24 05:30:00,19.49,05:30:00
2026-03-24 05:45:00,19.65,05:45:00
2026-03-24 06:00:00,19.2,06:00:00
2026-03-24 06:15:00,19.62,06:15:00
2026-03-24 06:30:00,19.88,06:30:00
2026-03-24 06:45:00,19.75,06:45:00
2026-03-24 07:00:00,18.96,07:00:00
2026-03-24 07:15:00,19.15,07:15:00
2026-03-24 07:30:00,19.16,07:30:00
2026-03-24 07:45:00,19.2,07:45:00
2026-03-24 08:00:00,19.41,08:00:00
2026-03-24 08:15:00,19.11,08:15:00
2026-03-24 08:30:00,18.79,08:30:00
2026-03-24 08:45:00,18.38,08:45:00
2026-03-24 09:00:00,15.93,09:00:00
2026-03-24 09:15:00,15.33,09:15:00
2026-03-24 09:30:00,14.92,09:30:00
2026-03-24 09:45:00,15.03,09:45:00
2026-03-24 10:00:00,14.25,10:00:00
2026-03-24 10:15:00,15.28,10:15:00
2026-03-24 10:30:00,15.01,10:30:00
2026-03-24 10:45:00,14.96,10:45:00
2026-03-24 11:00:00,15.57,11:00:00
2026-03-24 11:15:00,15.67,11:15:00
2026-03-24 11:30:00,15.92,11:30:00
2026-03-24 11:45:00,15.73,11:45:00
2026-03-24 12:00:00,16.27,12:00:00
2026-03-24 12:15:00,16.28,12:15:00
2026-03-24 12:30:00,16.25,12:30:00
2026-03-24 12:45:00,16.38,12:45:00
2026-03-24 13:00:00,17.42,13:00:00
2026-03-24 13:15:00,17.24,13:15:00
2026-03-24 13:30:00,17.02,13:30:00
2026-03-24 13:45:00,16.96,13:45:00
2026-03-24 14:00:00,16.53,14:00:00
2026-03-24 14:15:00,16.44,14:15:00
2026-03-24 14:30:00,16.61,14:30:00
2026-03-24 14:45:00,16.46,14:45:00
2026-03-24 15:00:00,16.49,15:00:00
2026-03-24 15:15:00,16.87,15:15:00
2026-03-24 15:30:00,17.24,15:30:00
2026-03-24 15:45:00,17.0,15:45:00
2026-03-24 16:00:00,20.09,16:00:00
2026-03-24 16:15:00,20.16,16:15:00
2026-03-24 16:30:00,20.12,16:30:00
2026-03-24 16:45:00,19.77,16:45:00
2026-03-24 17:00:00,18.67,17:00:00
2026-03-24 17:15:00,18.95,17:15:00
2026-03-24 17:30:00,19.18,17:30:00
2026-03-24 17:45:00,19.13,17:45:00
2026-03-24 18:00:00,19.13,18:00:00
2026-03-24 18:15:00,19.03,18:15:00
2026-03-24 18:30:00,18.77,18:30:00
2026-03-24 18:45:00,18.82,18:45:00
2026-03-24 19:00:00,18.3,19:00:00
2026-03-24 19:15:00,18.1,19:15:00
2026-03-24 19:30:00,18.25,19:30:00
2026-03-24 19:45:00,18.66,19:45:00
2026-03-24 20:00:00,16.86,20:00:00
2026-03-24 20:15:00,16.15,20:15:00
2026-03-24 20:30:00,16.11,20:30:00
2026-03-24 20:45:00,16.42,20:45:00
2026-03-24 21:00:00,15.11,21:00:00
2026-03-24 21:15:00,14.93,21:15:00
2026-03-24 21:30:00,14.42,21:30:00
2026-03-24 21:45:00,15.12,21:45:00
2026-03-24 22:00:00,13.95,22:00:00
2026-03-24 22:15:00,13.64,22:15:00
2026-03-24 22:30:00,13.77,22:30:00
2026-03-24 22:45:00,14.21,22:45:00
2026-03-24 23:00:00,13.27,23:00:00
2026-03-24 23:15:00,13.5,23:15:00
2026-03-24 23:30:00,13.8,23:30:00
2026-03-24 23:45:00,14.15,23:45:00
2026-03-25 00:00:00,13.47,00:00:00
2026-03-25 00:15:00,13.49,00:15:00
2026-03-25 00:30:00,13.59,00:30:00
2026-03-25 00:45:00,13.87,00:45:00
2026-03-25 01:00:00,13.73,01:00:00
2026-03-25 01:15:00,13.9,01:15:00
2026-03-25 01:30:00,14.01,01:30:00
2026-03-25 01:45:00,14.09,01:45:00
2026-03-25 02:00:00,13.9,02:00:00
2026-03-25 02:15:00,13.87,02:15:00
2026-03-25 02:30:00,13.45,02:30:00
2026-03-25 02:45:00,13.34,02:45:00
2026-03-25 03:00:00,12.95,03:00:00
2026-03-25 03:15:00,13.0,03:15:00
2026-03-25 03:30:00,13.04,03:30:00
2026-03-25 03:45:00,13.2,03:45:00
2026-03-25 04:00:00,12.59,04:00:00
2026-03-25 04:15:00,12.77,04:15:00
2026-03-25 04:30:00,12.76,04:30:00
2026-03-25 04:45:00,13.05,04:45:00
2026-03-25 05:00:00,12.26,05:00:00
2026-03-25 05:15:00,12.6,05:15:00
2026-03-25 05:30:00,12.89,05:30:00
2026-03-25 05:45:00,13.52,05:45:00
2026-03-25 06:00:00,14.06,06:00:00
2026-03-25 06:15:00,14.14,06:15:00
2026-03-25 06:30:00,14.19,06:30:00
2026-03-25 06:45:00,14.04,06:45:00
2026-03-25 07:00:00,13.47,07:00:00
2026-03-25 07:15:00,13.98,07:15:00
2026-03-25 07:30:00,13.41,07:30:00
2026-03-25 07:45:00,13.68,07:45:00
2026-03-25 08:00:00,13.96,08:00:00
2026-03-25 08:15:00,13.84,08:15:00
2026-03-25 08:30:00,13.63,08:30:00
2026-03-25 08:45:00,13.71,08:45:00
2026-03-25 09:00:00,15.24,09:00:00
2026-03-25 09:15:00,14.58,09:15:00
2026-03-25 09:30:00,15.69,09:30:00
2026-03-25 09:45:00,16.28,09:45:00
2026-03-25 10:00:00,15.23,10:00:00
2026-03-25 10:15:00,15.85,10:15:00
2026-03-25 10:30:00,15.98,10:30:00
2026-03-25 10:45:00,16.27,10:45:00
2026-03-25 11:00:00,15.57,11:00:00
2026-03-25 11:15:00,15.56,11:15:00
2026-03-25 11:30:00,15.58,11:30:00
2026-03-25 11:45:00,15.75,11:45:00
2026-03-25 12:00:00,16.09,12:00:00
2026-03-25 12:15:00,16.47,12:15:00
2026-03-25 12:30:00,16.75,12:30:00
2026-03-25 12:45:00,16.55,12:45:00
2026-03-25 13:00:00,17.21,13:00:00
2026-03-25 13:15:00,16.33,13:15:00
2026-03-25 13:30:00,16.01,13:30:00
2026-03-25 13:45:00,14.58,13:45:00
2026-03-25 14:00:00,15.36,14:00:00
2026-03-25 14:15:00,15.55,14:15:00
2026-03-25 14:30:00,15.93,14:30:00
2026-03-25 14:45:00,16.27,14:45:00
2026-03-25 15:00:00,18.48,15:00:00
2026-03-25 15:15:00,17.9,15:15:00
2026-03-25 15:30:00,17.78,15:30:00
2026-03-25 15:45:00,18.53,15:45:00
2026-03-25 16:00:00,19.3,16:00:00
2026-03-25 16:15:00,19.17,16:15:00
2026-03-25 16:30:00,19.14,16:30:00
2026-03-25 16:45:00,19.04,16:45:00
2026-03-25 17:00:00,18.8,17:00:00
2026-03-25 17:15:00,18.57,17:15:00
2026-03-25 17:30:00,18.34,17:30:00
2026-03-25 17:45:00,18.56,17:45:00
2026-03-25 18:00:00,18.29,18:00:00
2026-03-25 18:15:00,18.02,18:15:00
2026-03-25 18:30:00,18.25,18:30:00
2026-03-25 18:45:00,18.43,18:45:00
2026-03-25 19:00:00,18.29,19:00:00
2026-03-25 19:15:00,18.08,19:15:00
2026-03-25 19:30:00,18.28,19:30:00
2026-03-25 19:45:00,18.58,19:45:00
2026-03-25 20:00:00,19.42,20:00:00
2026-03-25 20:15:00,19.43,20:15:00
2026-03-25 20:30:00,19.39,20:30:00
2026-03-25 20:45:00,19.54,20:45:00
2026-03-25 21:00:00,19.58,21:00:00
2026-03-25 21:15:00,20.0,21:15:00
2026-03-25 21:30:00,20.29,21:30:00
2026-03-25 21:45:00,20.19,21:45:00
2026-03-25 22:00:00,19.1,22:00:00
2026-03-25 22:15:00,19.16,22:15:00
2026-03-25 22:30:00,19.3,22:30:00
2026-03-25 22:45:00,18.85,22:45:00
2026-03-25 23:00:00,17.98,23:00:00
2026-03-25 23:15:00,18.28,23:15:00
2026-03-25 23:30:00,18.45,23:30:00
2026-03-25 23:45:00,18.26,23:45:00
2026-03-26 00:00:00,18.24,00:00:00
2026-03-26 00:15:00,18.39,00:15:00
2026-03-26 00:30:00,18.22,00:30:00
2026-03-26 00:45:00,18.15,00:45:00
2026-03-26 01:00:00,18.95,01:00:00
2026-03-26 01:15:00,18.85,01:15:00
2026-03-26 01:30:00,19.03,01:30:00
2026-03-26 01:45:00,19.22,01:45:00
2026-03-26 02:00:00,19.17,02:00:00
2026-03-26 02:15:00,19.12,02:15:00
2026-03-26 02:30:00,19.02,02:30:00
2026-03-26 02:45:00,19.07,02:45:00
2026-03-26 03:00:00,18.9,03:00:00
2026-03-26 03:15:00,19.08,03:15:00
2026-03-26 03:30:00,18.49,03:30:00
2026-03-26 03:45:00,18.68,03:45:00
2026-03-26 04:00:00,20.39,04:00:00
2026-03-26 04:15:00,20.19,04:15:00
2026-03-26 04:30:00,20.0,04:30:00
2026-03-26 04:45:00,19.89,04:45:00
2026-03-26 05:00:00,21.85,05:00:00
2026-03-26 05:15:00,22.19,05:15:00
2026-03-26 05:30:00,22.82,05:30:00
2026-03-26 05:45:00,23.69,05:45:00
2026-03-26 06:00:00,24.36,06:00:00
2026-03-26 06:15:00,24.4,06:15:00
2026-03-26 06:30:00,23.96,06:30:00
2026-03-26 06:45:00,23.01,06:45:00
2026-03-26 07:00:00,23.09,07:00:00
2026-03-26 07:15:00,23.08,07:15:00
2026-03-26 07:30:00,23.12,07:30:00
2026-03-26 07:45:00,22.9,07:45:00
2026-03-26 08:00:00,22.92,08:00:00
2026-03-26 08:15:00,22.85,08:15:00
2026-03-26 08:30:00,22.59,08:30:00
2026-03-26 08:45:00,22.88,08:45:00
2026-03-26 09:00:00,21.45,09:00:00
2026-03-26 09:15:00,21.26,09:15:00
2026-03-26 09:30:00,21.48,09:30:00
2026-03-26 09:45:00,21.76,09:45:00
2026-03-26 10:00:00,19.24,10:00:00
2026-03-26 10:15:00,18.61,10:15:00
2026-03-26 10:30:00,18.55,10:30:00
2026-03-26 10:45:00,18.52,10:45:00
2026-03-26 11:00:00,19.34,11:00:00
2026-03-26 11:15:00,19.31,11:15:00
2026-03-26 11:30:00,19.07,11:30:00
2026-03-26 11:45:00,19.0,11:45:00
2026-03-26 12:00:00,19.3,12:00:00
2026-03-26 12:15:00,19.68,12:15:00
2026-03-26 12:30:00,19.3,12:30:00
2026-03-26 12:45:00,19.12,12:45:00
2026-03-26 13:00:00,20.06,13:00:00
2026-03-26 13:15:00,19.06,13:15:00
2026-03-26 13:30:00,18.81,13:30:00
2026-03-26 13:45:00,18.77,13:45:00
2026-03-26 14:00:00,20.75,14:00:00
2026-03-26 14:15:00,20.59,14:15:00
2026-03-26 14:30:00,20.67,14:30:00
2026-03-26 14:45:00,20.65,14:45:00
2026-03-26 15:00:00,19.08,15:00:00
2026-03-26 15:15:00,19.14,15:15:00
2026-03-26 15:30:00,19.14,15:30:00
2026-03-26 15:45:00,19.26,15:45:00
2026-03-26 16:00:00,20.9,16:00:00
2026-03-26 16:15:00,21.03,16:15:00
2026-03-26 16:30:00,20.97,16:30:00
2026-03-26 16:45:00,21.15,16:45:00
2026-03-26 17:00:00,22.59,17:00:00
2026-03-26 17:15:00,22.92,17:15:00
2026-03-26 17:30:00,22.82,17:30:00
2026-03-26 17:45:00,22.71,17:45:00
2026-03-26 18:00:00,22.56,18:00:00
2026-03-26 18:15:00,22.51,18:15:00
2026-03-26 18:30:00,22.57,18:30:00
2026-03-26 18:45:00,22.78,18:45:00
2026-03-26 19:00:00,23.51,19:00:00
2026-03-26 19:15:00,23.64,19:15:00
2026-03-26 19:30:00,23.59,19:30:00
2026-03-26 19:45:00,23.62,19:45:00
2026-03-26 20:00:00,23.21,20:00:00
2026-03-26 20:15:00,22.83,20:15:00
2026-03-26 20:30:00,23.09,20:30:00
2026-03-26 20:45:00,23.29,20:45:00
2026-03-26 21:00:00,23.47,21:00:00
2026-03-26 21:15:00,23.77,21:15:00
2026-03-26 21:30:00,23.71,21:30:00
2026-03-26 21:45:00,23.86,21:45:00
2026-03-26 22:00:00,23.77,22:00:00
2026-03-26 22:15:00,24.04,22:15:00
2026-03-26 22:30:00,24.42,22:30:00
2026-03-26 22:45:00,24.29,22:45:00
2026-03-26 23:00:00,23.01,23:00:00
2026-03-26 23:15:00,23.06,23:15:00
2026-03-26 23:30:00,23.14,23:30:00
2026-03-26 23:45:00,23.24,23:45:00
2026-03-27 00:00:00,23.53,00:00:00
2026-03-27 00:15:00,23.38,00:15:00
2026-03-27 00:30:00,23.21,00:30:00
2026-03-27 00:45:00,23.24,00:45:00
2026-03-27 01:00:00,22.97,01:00:00
2026-03-27 01:15:00,22.81,01:15:00
2026-03-27 01:30:00,22.52,01:30:00
2026-03-27 01:45:00,22.3,01:45:00
2026-03-27 02:00:00,22.21,02:00:00
2026-03-27 02:15:00,21.94,02:15:00
2026-03-27 02:30:00,21.9,02:30:00
2026-03-27 02:45:00,21.76,02:45:00
2026-03-27 03:00:00,22.27,03:00:00
2026-03-27 03:15:00,22.11,03:15:00
2026-03-27 03:30:00,22.06,03:30:00
2026-03-27 03:45:00,22.2,03:45:00
2026-03-27 04:00:00,22.91,04:00:00
2026-03-27 04:15:00,22.95,04:15:00
2026-03-27 04:30:00,22.91,04:30:00
2026-03-27 04:45:00,22.8,04:45:00
2026-03-27 05:00:00,24.15,05:00:00
2026-03-27 05:15:00,23.78,05:15:00
2026-03-27 05:30:00,24.03,05:30:00
2026-03-27 05:45:00,24.12,05:45:00
2026-03-27 06:00:00,24.38,06:00:00
2026-03-27 06:15:00,24.47,06:15:00
2026-03-27 06:30:00,24.73,06:30:00
2026-03-27 06:45:00,24.93,06:45:00
2026-03-27 07:00:00,24.67,07:00:00
2026-03-27 07:15:00,24.9,07:15:00
2026-03-27 07:30:00,24.93,07:30:00
2026-03-27 07:45:00,24.87,07:45:00
2026-03-27 08:00:00,24.56,08:00:00
2026-03-27 08:15:00,24.44,08:15:00
2026-03-27 08:30:00,24.08,08:30:00
2026-03-27 08:45:00,23.94,08:45:00
2026-03-27 09:00:00,22.85,09:00:00
2026-03-27 09:15:00,22.67,09:15:00
2026-03-27 09:30:00,22.46,09:30:00
2026-03-27 09:45:00,22.47,09:45:00
2026-03-27 10:00:00,21.01,10:00:00
2026-03-27 10:15:00,20.71,10:15:00
2026-03-27 10:30:00,20.68,10:30:00
2026-03-27 10:45:00,20.92,10:45:00
2026-03-27 11:00:00,20.87,11:00:00
2026-03-27 11:15:00,20.76,11:15:00
2026-03-27 11:30:00,20.71,11:30:00
2026-03-27 11:45:00,20.87,11:45:00
2026-03-27 12:00:00,20.21,12:00:00
2026-03-27 12:15:00,20.07,12:15:00
2026-03-27 12:30:00,20.05,12:30:00
2026-03-27 12:45:00,20.05,12:45:00
2026-03-27 13:00:00,19.72,13:00:00
2026-03-27 13:15:00,19.73,13:15:00
2026-03-27 13:30:00,19.78,13:30:00
2026-03-27 13:45:00,19.76,13:45:00
2026-03-27 14:00:00,20.71,14:00:00
2026-03-27 14:15:00,20.48,14:15:00
2026-03-27 14:30:00,20.49,14:30:00
2026-03-27 14:45:00,20.39,14:45:00
2026-03-27 15:00:00,20.7,15:00:00
2026-03-27 15:15:00,20.67,15:15:00
2026-03-27 15:30:00,20.51,15:30:00
2026-03-27 15:45:00,20.29,15:45:00
2026-03-27 16:00:00,20.29,16:00:00
2026-03-27 16:15:00,20.43,16:15:00
2026-03-27 16:30:00,20.21,16:30:00
2026-03-27 16:45:00,19.95,16:45:00
2026-03-27 17:00:00,20.67,17:00:00
2026-03-27 17:15:00,20.9,17:15:00
2026-03-27 17:30:00,20.77,17:30:00
2026-03-27 17:45:00,20.76,17:45:00
2026-03-27 18:00:00,20.8,18:00:00
2026-03-27 18:15:00,20.81,18:15:00
2026-03-27 18:30:00,20.81,18:30:00
2026-03-27 18:45:00,20.9,18:45:00
2026-03-27 19:00:00,20.94,19:00:00
2026-03-27 19:15:00,20.73,19:15:00
2026-03-27 19:30:00,20.63,19:30:00
2026-03-27 19:45:00,20.77,19:45:00
2026-03-27 20:00:00,20.07,20:00:00
2026-03-27 20:15:00,20.1,20:15:00
2026-03-27 20:30:00,20.26,20:30:00
2026-03-27 20:45:00,20.25,20:45:00
2026-03-27 21:00:00,19.61,21:00:00
2026-03-27 21:15:00,19.62,21:15:00
2026-03-27 21:30:00,19.76,21:30:00
2026-03-27 21:45:00,19.64,21:45:00
2026-03-27 22:00:00,18.89,22:00:00
2026-03-27 22:15:00,19.18,22:15:00
2026-03-27 22:30:00,19.38,22:30:00
2026-03-27 22:45:00,19.82,22:45:00
2026-03-27 23:00:00,18.83,23:00:00
2026-03-27 23:15:00,18.84,23:15:00
2026-03-27 23:30:00,18.82,23:30:00
2026-03-27 23:45:00,18.8,23:45:00
2026-03-28 00:00:00,16.45,00:00:00
2026-03-28 00:15:00,16.31,00:15:00
2026-03-28 00:30:00,16.19,00:30:00
2026-03-28 00:45:00,15.86,00:45:00
2026-03-28 01:00:00,15.62,01:00:00
2026-03-28 01:15:00,15.34,01:15:00
2026-03-28 01:30:00,15.25,01:30:00
2026-03-28 01:45:00,15.08,01:45:00
2026-03-28 02:00:00,14.74,02:00:00
2026-03-28 02:15:00,14.38,02:15:00
2026-03-28 02:30:00,14.38,02:30:00
2026-03-28 02:45:00,14.69,02:45:00
2026-03-28 03:00:00,14.91,03:00:00
2026-03-28 03:15:00,15.04,03:15:00
2026-03-28 03:30:00,15.09,03:30:00
2026-03-28 03:45:00,15.52,03:45:00
2026-03-28 04:00:00,17.05,04:00:00
2026-03-28 04:15:00,17.13,04:15:00
2026-03-28 04:30:00,17.36,04:30:00
2026-03-28 04:45:00,17.6,04:45:00
2026-03-28 05:00:00,17.94,05:00:00
2026-03-28 05:15:00,18.46,05:15:00
2026-03-28 05:30:00,18.52,05:30:00
2026-03-28 05:45:00,18.53,05:45:00
2026-03-28 06:00:00,18.73,06:00:00
2026-03-28 06:15:00,18.84,06:15:00
2026-03-28 06:30:00,18.85,06:30:00
2026-03-28 06:45:00,19.0,06:45:00
2026-03-28 07:00:00,19.73,07:00:00
2026-03-28 07:15:00,19.85,07:15:00
2026-03-28 07:30:00,19.96,07:30:00
2026-03-28 07:45:00,20.08,07:45:00
2026-03-28 08:00:00,19.52,08:00:00
2026-03-28 08:15:00,19.62,08:15:00
2026-03-28 08:30:00,19.84,08:30:00
2026-03-28 08:45:00,19.8,08:45:00
2026-03-28 09:00:00,19.5,09:00:00
2026-03-28 09:15:00,21.71,09:15:00
2026-03-28 09:30:00,20.6,09:30:00
2026-03-28 09:45:00,20.32,09:45:00
2026-03-28 10:00:00,24.15,10:00:00
2026-03-28 10:15:00,23.9,10:15:00
2026-03-28 10:30:00,23.55,10:30:00
2026-03-28 10:45:00,24.05,10:45:00
2026-03-28 11:00:00,24.74,11:00:00
2026-03-28 11:15:00,24.98,11:15:00
2026-03-28 11:30:00,25.37,11:30:00
2026-03-28 11:45:00,25.46,11:45:00
2026-03-28 12:00:00,25.18,12:00:00
2026-03-28 12:15:00,25.07,12:15:00
2026-03-28 12:30:00,24.73,12:30:00
2026-03-28 12:45:00,25.14,12:45:00
2026-03-28 13:00:00,24.01,13:00:00
2026-03-28 13:15:00,24.53,13:15:00
2026-03-28 13:30:00,22.92,13:30:00
2026-03-28 13:45:00,21.75,13:45:00
2026-03-28 14:00:00,24.76,14:00:00
2026-03-28 14:15:00,24.5,14:15:00
2026-03-28 14:30:00,24.66,14:30:00
2026-03-28 14:45:00,24.58,14:45:00
2026-03-28 15:00:00,27.07,15:00:00
2026-03-28 15:15:00,26.54,15:15:00
2026-03-28 15:30:00,26.45,15:30:00
2026-03-28 15:45:00,26.36,15:45:00
2026-03-28 16:00:00,27.98,16:00:00
2026-03-28 16:15:00,26.93,16:15:00
2026-03-28 16:30:00,26.99,16:30:00
2026-03-28 16:45:00,27.14,16:45:00
2026-03-28 17:00:00,27.34,17:00:00
2026-03-28 17:15:00,27.01,17:15:00
2026-03-28 17:30:00,26.81,17:30:00
2026-03-28 17:45:00,26.66,17:45:00
2026-03-28 18:00:00,26.86,18:00:00
2026-03-28 18:15:00,26.7,18:15:00
2026-03-28 18:30:00,26.64,18:30:00
2026-03-28 18:45:00,26.6,18:45:00
2026-03-28 19:00:00,26.64,19:00:00
2026-03-28 19:15:00,26.6,19:15:00
2026-03-28 19:30:00,26.52,19:30:00
2026-03-28 19:45:00,26.51,19:45:00
2026-03-28 20:00:00,26.47,20:00:00
2026-03-28 20:15:00,26.47,20:15:00
2026-03-28 20:30:00,26.5,20:30:00
2026-03-28 20:45:00,26.62,20:45:00
2026-03-28 21:00:00,26.59,21:00:00
2026-03-28 21:15:00,26.59,21:15:00
2026-03-28 21:30:00,26.59,21:30:00
2026-03-28 21:45:00,26.64,21:45:00
2026-03-28 22:00:00,26.85,22:00:00
2026-03-28 22:15:00,26.93,22:15:00
2026-03-28 22:30:00,26.91,22:30:00
2026-03-28 22:45:00,27.03,22:45:00
2026-03-28 23:00:00,23.0,23:00:00
2026-03-28 23:15:00,23.03,23:15:00
2026-03-28 23:30:00,22.92,23:30:00
2026-03-28 23:45:00,23.01,23:45:00
2026-03-29 00:00:00,22.35,00:00:00
2026-03-29 00:15:00,22.52,00:15:00
2026-03-29 00:30:00,22.72,00:30:00
2026-03-29 00:45:00,22.91,00:45:00
2026-03-29 01:00:00,22.58,01:00:00
2026-03-29 01:15:00,22.82,01:15:00
2026-03-29 01:30:00,22.61,01:30:00
2026-03-29 01:45:00,22.19,01:45:00
2026-03-29 02:00:00,22.0,02:00:00
2026-03-29 02:15:00,22.02,02:15:00
2026-03-29 02:30:00,22.06,02:30:00
2026-03-29 02:45:00,22.0,02:45:00
2026-03-29 03:00:00,21.47,03:00:00
2026-03-29 03:15:00,21.5,03:15:00
2026-03-29 03:30:00,21.41,03:30:00
2026-03-29 03:45:00,21.45,03:45:00
2026-03-29 04:00:00,21.68,04:00:00
2026-03-29 04:15:00,21.55,04:15:00
2026-03-29 04:30:00,21.35,04:30:00
2026-03-29 04:45:00,21.53,04:45:00
2026-03-29 05:00:00,21.66,05:00:00
2026-03-29 05:15:00,21.76,05:15:00
2026-03-29 05:30:00,21.69,05:30:00
2026-03-29 05:45:00,21.45,05:45:00
2026-03-29 06:00:00,20.63,06:00:00
2026-03-29 06:15:00,20.28,06:15:00
2026-03-29 06:30:00,20.15,06:30:00
2026-03-29 06:45:00,20.06,06:45:00
2026-03-29 07:00:00,18.03,07:00:00
2026-03-29 07:15:00,17.73,07:15:00
2026-03-29 07:30:00,17.67,07:30:00
2026-03-29 07:45:00,17.68,07:45:00
2026-03-29 08:00:00,17.82,08:00:00
2026-03-29 08:15:00,18.03,08:15:00
2026-03-29 08:30:00,17.94,08:30:00
2026-03-29 08:45:00,18.11,08:45:00
2026-03-29 09:00:00,17.08,09:00:00
2026-03-29 09:15:00,16.61,09:15:00
2026-03-29 09:30:00,16.67,09:30:00
2026-03-29 09:45:00,16.47,09:45:00
2026-03-29 10:00:00,16.23,10:00:00
2026-03-29 10:15:00,16.43,10:15:00
2026-03-29 10:30:00,16.59,10:30:00
2026-03-29 10:45:00,16.82,10:45:00
2026-03-29 11:00:00,18.23,11:00:00
2026-03-29 11:15:00,18.68,11:15:00
2026-03-29 11:30:00,18.4,11:30:00
2026-03-29 11:45:00,18.37,11:45:00
2026-03-29 12:00:00,20.86,12:00:00
2026-03-29 12:15:00,21.1,12:15:00
2026-03-29 12:30:00,17.91,12:30:00
2026-03-29 12:45:00,18.64,12:45:00
2026-03-29 13:00:00,20.65,13:00:00
2026-03-29 13:15:00,20.31,13:15:00
2026-03-29 13:30:00,20.97,13:30:00
2026-03-29 13:45:00,20.93,13:45:00
2026-03-29 14:00:00,18.54,14:00:00
2026-03-29 14:15:00,18.15,14:15:00
2026-03-29 14:30:00,16.57,14:30:00
2026-03-29 14:45:00,16.31,14:45:00
2026-03-29 15:00:00,16.41,15:00:00
2026-03-29 15:15:00,16.48,15:15:00
2026-03-29 15:30:00,16.5,15:30:00
2026-03-29 15:45:00,16.26,15:45:00
2026-03-29 16:00:00,18.74,16:00:00
2026-03-29 16:15:00,18.44,16:15:00
2026-03-29 16:30:00,18.26,16:30:00
2026-03-29 16:45:00,18.03,16:45:00
2026-03-29 17:00:00,19.07,17:00:00
2026-03-29 17:15:00,18.42,17:15:00
2026-03-29 17:30:00,18.09,17:30:00
2026-03-29 17:45:00,18.07,17:45:00
2026-03-29 18:00:00,17.94,18:00:00
2026-03-29 18:15:00,17.9,18:15:00
2026-03-29 18:30:00,17.95,18:30:00
2026-03-29 18:45:00,18.07,18:45:00
2026-03-29 19:00:00,18.32,19:00:00
2026-03-29 19:15:00,18.2,19:15:00
2026-03-29 19:30:00,18.22,19:30:00
2026-03-29 19:45:00,18.26,19:45:00
2026-03-29 20:00:00,17.64,20:00:00
2026-03-29 20:15:00,17.68,20:15:00
2026-03-29 20:30:00,17.7,20:30:00
2026-03-29 20:45:00,18.12,20:45:00
2026-03-29 21:00:00,17.06,21:00:00
2026-03-29 21:15:00,17.02,21:15:00
2026-03-29 21:30:00,17.13,21:30:00
2026-03-29 21:45:00,17.69,21:45:00
2026-03-29 22:00:00,15.18,22:00:00
2026-03-29 22:15:00,15.25,22:15:00
2026-03-29 22:30:00,15.0,22:30:00
2026-03-29 22:45:00,15.26,22:45:00
2026-03-29 23:00:00,15.45,23:00:00
2026-03-29 23:15:00,15.59,23:15:00
2026-03-29 23:30:00,15.8,23:30:00
2026-03-29 23:45:00,15.72,23:45:00
2026-03-30 00:00:00,15.57,00:00:00
2026-03-30 00:15:00,15.54,00:15:00
2026-03-30 00:30:00,15.57,00:30:00
2026-03-30 00:45:00,15.55,00:45:00
2026-03-30 01:00:00,16.42,01:00:00
2026-03-30 01:15:00,16.39,01:15:00
2026-03-30 01:30:00,16.56,01:30:00
2026-03-30 01:45:00,16.47,01:45:00
2026-03-30 02:00:00,16.42,02:00:00
2026-03-30 02:15:00,16.21,02:15:00
2026-03-30 02:30:00,16.09,02:30:00
2026-03-30 02:45:00,15.88,02:45:00
2026-03-30 03:00:00,17.66,03:00:00
2026-03-30 03:15:00,17.37,03:15:00
2026-03-30 03:30:00,17.42,03:30:00
2026-03-30 03:45:00,17.51,03:45:00
2026-03-30 04:00:00,20.24,04:00:00
2026-03-30 04:15:00,20.58,04:15:00
2026-03-30 04:30:00,20.64,04:30:00
2026-03-30 04:45:00,20.22,04:45:00
2026-03-30 05:00:00,20.89,05:00:00
2026-03-30 05:15:00,20.92,05:15:00
2026-03-30 05:30:00,20.93,05:30:00
2026-03-30 05:45:00,20.93,05:45:00
2026-03-30 06:00:00,21.77,06:00:00
2026-03-30 06:15:00,21.75,06:15:00
2026-03-30 06:30:00,21.7,06:30:00
2026-03-30 06:45:00,21.79,06:45:00
2026-03-30 07:00:00,22.4,07:00:00
2026-03-30 07:15:00,22.38,07:15:00
2026-03-30 07:30:00,22.27,07:30:00
2026-03-30 07:45:00,22.48,07:45:00
2026-03-30 08:00:00,21.8,08:00:00
2026-03-30 08:15:00,21.9,08:15:00
2026-03-30 08:30:00,21.9,08:30:00
2026-03-30 08:45:00,21.78,08:45:00
2026-03-30 09:00:00,22.15,09:00:00
2026-03-30 09:15:00,22.57,09:15:00
2026-03-30 09:30:00,23.97,09:30:00
2026-03-30 09:45:00,25.2,09:45:00
2026-03-30 10:00:00,23.16,10:00:00
2026-03-30 10:15:00,22.13,10:15:00
2026-03-30 10:30:00,20.97,10:30:00
2026-03-30 10:45:00,20.84,10:45:00
2026-03-30 11:00:00,17.86,11:00:00
2026-03-30 11:15:00,18.57,11:15:00
2026-03-30 11:30:00,19.89,11:30:00
2026-03-30 11:45:00,20.92,11:45:00
2026-03-30 12:00:00,19.52,12:00:00
2026-03-30 12:15:00,19.84,12:15:00
2026-03-30 12:30:00,20.42,12:30:00
2026-03-30 12:45:00,20.38,12:45:00
2026-03-30 13:00:00,20.86,13:00:00
2026-03-30 13:15:00,19.77,13:15:00
2026-03-30 13:30:00,19.58,13:30:00
2026-03-30 13:45:00,20.21,13:45:00
2026-03-30 14:00:00,20.98,14:00:00
2026-03-30 14:15:00,20.94,14:15:00
2026-03-30 14:30:00,21.1,14:30:00
2026-03-30 14:45:00,20.24,14:45:00
2026-03-30 15:00:00,22.46,15:00:00
2026-03-30 15:15:00,22.26,15:15:00
2026-03-30 15:30:00,22.24,15:30:00
2026-03-30 15:45:00,22.08,15:45:00
2026-03-30 16:00:00,22.27,16:00:00
2026-03-30 16:15:00,21.98,16:15:00
2026-03-30 16:30:00,22.23,16:30:00
2026-03-30 16:45:00,22.18,16:45:00
2026-03-30 17:00:00,22.11,17:00:00
2026-03-30 17:15:00,22.03,17:15:00
2026-03-30 17:30:00,21.9,17:30:00
2026-03-30 17:45:00,21.75,17:45:00
2026-03-30 18:00:00,21.44,18:00:00
2026-03-30 18:15:00,21.48,18:15:00
2026-03-30 18:30:00,21.51,18:30:00
2026-03-30 18:45:00,21.67,18:45:00
2026-03-30 19:00:00,21.54,19:00:00
2026-03-30 19:15:00,21.69,19:15:00
2026-03-30 19:30:00,21.71,19:30:00
2026-03-30 19:45:00,21.47,19:45:00
2026-03-30 20:00:00,21.67,20:00:00
2026-03-30 20:15:00,21.82,20:15:00
2026-03-30 20:30:00,21.94,20:30:00
2026-03-30 20:45:00,22.06,20:45:00
2026-03-30 21:00:00,22.31,21:00:00
2026-03-30 21:15:00,22.78,21:15:00
2026-03-30 21:30:00,22.58,21:30:00
2026-03-30 21:45:00,22.67,21:45:00
2026-03-30 22:00:00,21.95,22:00:00
2026-03-30 22:15:00,21.82,22:15:00
2026-03-30 22:30:00,21.8,22:30:00
2026-03-30 22:45:00,21.72,22:45:00
2026-03-30 23:00:00,21.7,23:00:00
2026-03-30 23:15:00,21.88,23:15:00
2026-03-30 23:30:00,22.02,23:30:00
2026-03-30 23:45:00,22.05,23:45:00
2026-03-31 00:00:00,21.9,00:00:00
2026-03-31 00:15:00,22.18,00:15:00
2026-03-31 00:30:00,22.38,00:30:00
2026-03-31 00:45:00,22.62,00:45:00
2026-03-31 01:00:00,22.34,01:00:00
2026-03-31 01:15:00,22.54,01:15:00
2026-03-31 01:30:00,22.63,01:30:00
2026-03-31 01:45:00,22.7,01:45:00
2026-03-31 02:00:00,23.52,02:00:00
2026-03-31 02:15:00,23.75,02:15:00
2026-03-31 02:30:00,23.89,02:30:00
2026-03-31 02:45:00,24.14,02:45:00
2026-03-31 03:00:00,25.62,03:00:00
2026-03-31 03:15:00,26.04,03:15:00
2026-03-31 03:30:00,26.57,03:30:00
2026-03-31 03:45:00,27.07,03:45:00
2026-03-31 04:00:00,30.28,04:00:00
2026-03-31 04:15:00,31.87,04:15:00
2026-03-31 04:30:00,31.16,04:30:00
2026-03-31 04:45:00,32.32,04:45:00
2026-03-31 05:00:00,32.05,05:00:00
2026-03-31 05:15:00,30.16,05:15:00
2026-03-31 05:30:00,29.76,05:30:00
2026-03-31 05:45:00,29.39,05:45:00
2026-03-31 06:00:00,30.52,06:00:00
2026-03-31 06:15:00,30.35,06:15:00
2026-03-31 06:30:00,30.74,06:30:00
2026-03-31 06:45:00,31.26,06:45:00
2026-03-31 07:00:00,29.89,07:00:00
2026-03-31 07:15:00,29.71,07:15:00
2026-03-31 07:30:00,29.93,07:30:00
2026-03-31 07:45:00,29.98,07:45:00
2026-03-31 08:00:00,28.02,08:00:00
2026-03-31 08:15:00,27.51,08:15:00
2026-03-31 08:30:00,27.29,08:30:00
2026-03-31 08:45:00,27.05,08:45:00
2026-03-31 09:00:00,27.15,09:00:00
2026-03-31 09:15:00,27.25,09:15:00
2026-03-31 09:30:00,27.27,09:30:00
2026-03-31 09:45:00,27.39,09:45:00
2026-03-31 10:00:00,26.53,10:00:00
2026-03-31 10:15:00,26.41,10:15:00
2026-03-31 10:30:00,26.21,10:30:00
2026-03-31 10:45:00,25.94,10:45:00
2026-03-31 11:00:00,26.81,11:00:00
2026-03-31 11:15:00,27.01,11:15:00
2026-03-31 11:30:00,26.72,11:30:00
2026-03-31 11:45:00,26.76,11:45:00
2026-03-31 12:00:00,26.2,12:00:00
2026-03-31 12:15:00,26.25,12:15:00
2026-03-31 12:30:00,26.23,12:30:00
2026-03-31 12:45:00,26.26,12:45:00
2026-03-31 13:00:00,23.55,13:00:00
2026-03-31 13:15:00,23.69,13:15:00
2026-03-31 13:30:00,24.04,13:30:00
2026-03-31 13:45:00,24.26,13:45:00
2026-03-31 14:00:00,24.82,14:00:00
2026-03-31 14:15:00,25.08,14:15:00
2026-03-31 14:30:00,25.26,14:30:00
2026-03-31 14:45:00,25.16,14:45:00
2026-03-31 15:00:00,28.26,15:00:00
2026-03-31 15:15:00,26.4,15:15:00
2026-03-31 15:30:00,26.27,15:30:00
2026-03-31 15:45:00,25.27,15:45:00
2026-03-31 16:00:00,26.44,16:00:00
2026-03-31 16:15:00,25.88,16:15:00
2026-03-31 16:30:00,25.38,16:30:00
2026-03-31 16:45:00,25.54,16:45:00
2026-03-31 17:00:00,25.71,17:00:00
2026-03-31 17:15:00,25.55,17:15:00
2026-03-31 17:30:00,25.54,17:30:00
2026-03-31 17:45:00,25.68,17:45:00
2026-03-31 18:00:00,25.44,18:00:00
2026-03-31 18:15:00,25.25,18:15:00
2026-03-31 18:30:00,25.24,18:30:00
2026-03-31 18:45:00,25.0,18:45:00
2026-03-31 19:00:00,24.83,19:00:00
2026-03-31 19:15:00,24.52,19:15:00
2026-03-31 19:30:00,23.93,19:30:00
2026-03-31 19:45:00,23.39,19:45:00
2026-03-31 20:00:00,23.42,20:00:00
2026-03-31 20:15:00,23.23,20:15:00
2026-03-31 20:30:00,23.22,20:30:00
2026-03-31 20:45:00,23.25,20:45:00
2026-03-31 21:00:00,22.79,21:00:00
2026-03-31 21:15:00,22.72,21:15:00
2026-03-31 21:30:00,22.69,21:30:00
2026-03-31 21:45:00,22.64,21:45:00
2026-03-31 22:00:00,21.07,22:00:00
2026-03-31 22:15:00,21.29,22:15:00
2026-03-31 22:30:00,21.22,22:30:00
2026-03-31 22:45:00,20.81,22:45:00
2026-03-31 23:00:00,19.93,23:00:00
2026-03-31 23:15:00,20.0,23:15:00
2026-03-31 23:30:00,20.16,23:30:00
2026-03-31 23:45:00,20.78,23:45:00
2026-04-01 00:00:00,20.35,00:00:00
2026-04-01 00:15:00,20.38,00:15:00
2026-04-01 00:30:00,20.43,00:30:00
2026-04-01 00:45:00,20.5,00:45:00
2026-04-01 01:00:00,19.98,01:00:00
2026-04-01 01:15:00,19.95,01:15:00
2026-04-01 01:30:00,20.12,01:30:00
2026-04-01 01:45:00,20.07,01:45:00
2026-04-01 02:00:00,19.88,02:00:00
2026-04-01 02:15:00,19.91,02:15:00
2026-04-01 02:30:00,19.93,02:30:00
2026-04-01 02:45:00,19.77,02:45:00
2026-04-01 03:00:00,19.7,03:00:00
2026-04-01 03:15:00,19.7,03:15:00
2026-04-01 03:30:00,19.66,03:30:00
2026-04-01 03:45:00,19.54,03:45:00
2026-04-01 04:00:00,20.11,04:00:00
2026-04-01 04:15:00,19.97,04:15:00
2026-04-01 04:30:00,19.87,04:30:00
2026-04-01 04:45:00,19.38,04:45:00
2026-04-01 05:00:00,19.32,05:00:00
2026-04-01 05:15:00,19.24,05:15:00
2026-04-01 05:30:00,19.52,05:30:00
2026-04-01 05:45:00,19.95,05:45:00
2026-04-01 06:00:00,20.48,06:00:00
2026-04-01 06:15:00,20.55,06:15:00
2026-04-01 06:30:00,20.42,06:30:00
2026-04-01 06:45:00,20.55,06:45:00
2026-04-01 07:00:00,19.99,07:00:00
2026-04-01 07:15:00,20.08,07:15:00
2026-04-01 07:30:00,20.22,07:30:00
2026-04-01 07:45:00,20.36,07:45:00
2026-04-01 08:00:00,19.7,08:00:00
2026-04-01 08:15:00,19.55,08:15:00
2026-04-01 08:30:00,19.75,08:30:00
2026-04-01 08:45:00,20.36,08:45:00
2026-04-01 09:00:00,20.67,09:00:00
2026-04-01 09:15:00,20.68,09:15:00
2026-04-01 09:30:00,20.71,09:30:00
2026-04-01 09:45:00,20.89,09:45:00
2026-04-01 10:00:00,20.14,10:00:00
2026-04-01 10:15:00,19.96,10:15:00
2026-04-01 10:30:00,20.08,10:30:00
2026-04-01 10:45:00,20.36,10:45:00
2026-04-01 11:00:00,18.86,11:00:00
2026-04-01 11:15:00,17.9,11:15:00
2026-04-01 11:30:00,18.06,11:30:00
2026-04-01 11:45:00,18.15,11:45:00
2026-04-01 12:00:00,18.23,12:00:00
2026-04-01 12:15:00,18.15,12:15:00
2026-04-01 12:30:00,18.03,12:30:00
2026-04-01 12:45:00,18.0,12:45:00
2026-04-01 13:00:00,18.61,13:00:00
2026-04-01 13:15:00,18.76,13:15:00
2026-04-01 13:30:00,18.4,13:30:00
2026-04-01 13:45:00,18.55,13:45:00
2026-04-01 14:00:00,18.91,14:00:00
2026-04-01 14:15:00,19.22,14:15:00
2026-04-01 14:30:00,19.41,14:30:00
2026-04-01 14:45:00,19.6,14:45:00
2026-04-01 15:00:00,21.62,15:00:00
2026-04-01 15:15:00,22.22,15:15:00
2026-04-01 15:30:00,20.81,15:30:00
2026-04-01 15:45:00,20.79,15:45:00
2026-04-01 16:00:00,22.0,16:00:00
2026-04-01 16:15:00,21.89,16:15:00
2026-04-01 16:30:00,22.89,16:30:00
2026-04-01 16:45:00,22.4,16:45:00
2026-04-01 17:00:00,23.34,17:00:00
2026-04-01 17:15:00,23.62,17:15:00
2026-04-01 17:30:00,23.92,17:30:00
2026-04-01 17:45:00,23.87,17:45:00
2026-04-01 18:00:00,23.86,18:00:00
2026-04-01 18:15:00,24.48,18:15:00
2026-04-01 18:30:00,24.31,18:30:00
2026-04-01 18:45:00,24.3,18:45:00
2026-04-01 19:00:00,24.13,19:00:00
2026-04-01 19:15:00,24.2,19:15:00
2026-04-01 19:30:00,24.53,19:30:00
2026-04-01 19:45:00,24.85,19:45:00
2026-04-01 20:00:00,24.56,20:00:00
2026-04-01 20:15:00,24.71,20:15:00
2026-04-01 20:30:00,24.88,20:30:00
2026-04-01 20:45:00,24.88,20:45:00
2026-04-01 21:00:00,25.12,21:00:00
2026-04-01 21:15:00,25.46,21:15:00
2026-04-01 21:30:00,25.54,21:30:00
2026-04-01 21:45:00,25.69,21:45:00
2026-04-01 22:00:00,25.08,22:00:00
2026-04-01 22:15:00,25.21,22:15:00
2026-04-01 22:30:00,25.31,22:30:00
2026-04-01 22:45:00,25.64,22:45:00
2026-04-01 23:00:00,26.07,23:00:00
2026-04-01 23:15:00,25.91,23:15:00
2026-04-01 23:30:00,26.02,23:30:00
2026-04-01 23:45:00,25.98,23:45:00
2026-04-02 00:00:00,25.98,00:00:00
2026-04-02 00:15:00,25.97,00:15:00
2026-04-02 00:30:00,24.83,00:30:00
2026-04-02 00:45:00,24.58,00:45:00
2026-04-02 01:00:00,24.06,01:00:00
2026-04-02 01:15:00,23.8,01:15:00
2026-04-02 01:30:00,23.67,01:30:00
2026-04-02 01:45:00,23.05,01:45:00
2026-04-02 02:00:00,22.47,02:00:00
2026-04-02 02:15:00,22.44,02:15:00
2026-04-02 02:30:00,23.83,02:30:00
2026-04-02 02:45:00,24.13,02:45:00
2026-04-02 03:00:00,23.91,03:00:00
2026-04-02 03:15:00,22.75,03:15:00
2026-04-02 03:30:00,21.13,03:30:00
2026-04-02 03:45:00,20.86,03:45:00
2026-04-02 04:00:00,21.54,04:00:00
2026-04-02 04:15:00,21.64,04:15:00
2026-04-02 04:30:00,21.67,04:30:00
2026-04-02 04:45:00,21.72,04:45:00
2026-04-02 05:00:00,21.55,05:00:00
2026-04-02 05:15:00,21.67,05:15:00
2026-04-02 05:30:00,21.71,05:30:00
2026-04-02 05:45:00,21.5,05:45:00
2026-04-02 06:00:00,21.46,06:00:00
2026-04-02 06:15:00,21.56,06:15:00
2026-04-02 06:30:00,21.45,06:30:00
2026-04-02 06:45:00,21.58,06:45:00
2026-04-02 07:00:00,21.49,07:00:00
2026-04-02 07:15:00,21.58,07:15:00
2026-04-02 07:30:00,21.84,07:30:00
2026-04-02 07:45:00,21.92,07:45:00
2026-04-02 08:00:00,21.4,08:00:00
2026-04-02 08:15:00,21.31,08:15:00
2026-04-02 08:30:00,20.84,08:30:00
2026-04-02 08:45:00,20.18,08:45:00
2026-04-02 09:00:00,18.61,09:00:00
2026-04-02 09:15:00,18.61,09:15:00
2026-04-02 09:30:00,18.62,09:30:00
2026-04-02 09:45:00,18.64,09:45:00
2026-04-02 10:00:00,18.5,10:00:00
2026-04-02 10:15:00,18.57,10:15:00
2026-04-02 10:30:00,18.43,10:30:00
2026-04-02 10:45:00,18.27,10:45:00
2026-04-02 11:00:00,17.96,11:00:00
2026-04-02 11:15:00,17.88,11:15:00
2026-04-02 11:30:00,17.78,11:30:00
2026-04-02 11:45:00,17.89,11:45:00
2026-04-02 12:00:00,18.0,12:00:00
2026-04-02 12:15:00,18.05,12:15:00
2026-04-02 12:30:00,18.29,12:30:00
2026-04-02 12:45:00,18.55,12:45:00
2026-04-02 13:00:00,19.59,13:00:00
2026-04-02 13:15:00,19.72,13:15:00
2026-04-02 13:30:00,19.63,13:30:00
2026-04-02 13:45:00,19.86,13:45:00
2026-04-02 14:00:00,21.18,14:00:00
2026-04-02 14:15:00,21.18,14:15:00
2026-04-02 14:30:00,21.27,14:30:00
2026-04-02 14:45:00,21.56,14:45:00
2026-04-02 15:00:00,21.47,15:00:00
2026-04-02 15:15:00,21.58,15:15:00
2026-04-02 15:30:00,21.48,15:30:00
2026-04-02 15:45:00,21.39,15:45:00
2026-04-02 16:00:00,22.27,16:00:00
2026-04-02 16:15:00,22.28,16:15:00
2026-04-02 16:30:00,22.38,16:30:00
2026-04-02 16:45:00,22.31,16:45:00
2026-04-02 17:00:00,22.62,17:00:00
2026-04-02 17:15:00,22.49,17:15:00
2026-04-02 17:30:00,22.31,17:30:00
2026-04-02 17:45:00,22.42,17:45:00
2026-04-02 18:00:00,22.23,18:00:00
2026-04-02 18:15:00,22.09,18:15:00
2026-04-02 18:30:00,21.92,18:30:00
2026-04-02 18:45:00,22.04,18:45:00
2026-04-02 19:00:00,22.44,19:00:00
2026-04-02 19:15:00,22.36,19:15:00
2026-04-02 19:30:00,22.16,19:30:00
2026-04-02 19:45:00,22.08,19:45:00
2026-04-02 20:00:00,22.2,20:00:00
2026-04-02 20:15:00,21.97,20:15:00
2026-04-02 20:30:00,21.84,20:30:00
2026-04-02 20:45:00,21.77,20:45:00
2026-04-02 21:00:00,21.53,21:00:00
2026-04-02 21:15:00,21.69,21:15:00
2026-04-02 21:30:00,21.67,21:30:00
2026-04-02 21:45:00,21.58,21:45:00
2026-04-02 22:00:00,21.66,22:00:00
2026-04-02 22:15:00,21.69,22:15:00
2026-04-02 22:30:00,21.74,22:30:00
2026-04-02 22:45:00,21.75,22:45:00
2026-04-02 23:00:00,21.63,23:00:00
2026-04-02 23:15:00,21.8,23:15:00
2026-04-02 23:30:00,21.86,23:30:00
2026-04-02 23:45:00,21.89,23:45:00
2026-04-03 00:00:00,22.08,00:00:00
2026-04-03 00:15:00,22.17,00:15:00
2026-04-03 00:30:00,22.2,00:30:00
2026-04-03 00:45:00,22.09,00:45:00
2026-04-03 01:00:00,22.16,01:00:00
2026-04-03 01:15:00,22.36,01:15:00
2026-04-03 01:30:00,22.38,01:30:00
2026-04-03 01:45:00,22.47,01:45:00
2026-04-03 02:00:00,22.17,02:00:00
2026-04-03 02:15:00,22.2,02:15:00
2026-04-03 02:30:00,22.23,02:30:00
2026-04-03 02:45:00,22.3,02:45:00
2026-04-03 03:00:00,22.82,03:00:00
2026-04-03 03:15:00,22.79,03:15:00
2026-04-03 03:30:00,22.54,03:30:00
2026-04-03 03:45:00,22.67,03:45:00
2026-04-03 04:00:00,23.12,04:00:00
2026-04-03 04:15:00,23.37,04:15:00
2026-04-03 04:30:00,23.74,04:30:00
2026-04-03 04:45:00,23.99,04:45:00
2026-04-03 05:00:00,24.13,05:00:00
2026-04-03 05:15:00,24.07,05:15:00
2026-04-03 05:30:00,24.18,05:30:00
2026-04-03 05:45:00,24.25,05:45:00
2026-04-03 06:00:00,24.04,06:00:00
2026-04-03 06:15:00,24.53,06:15:00
2026-04-03 06:30:00,25.28,06:30:00
2026-04-03 06:45:00,25.61,06:45:00
2026-04-03 07:00:00,25.8,07:00:00
2026-04-03 07:15:00,25.89,07:15:00
2026-04-03 07:30:00,26.01,07:30:00
2026-04-03 07:45:00,26.48,07:45:00
2026-04-03 08:00:00,26.72,08:00:00
2026-04-03 08:15:00,26.85,08:15:00
2026-04-03 08:30:00,26.99,08:30:00
2026-04-03 08:45:00,27.68,08:45:00
2026-04-03 09:00:00,24.88,09:00:00
2026-04-03 09:15:00,24.42,09:15:00
2026-04-03 09:30:00,24.53,09:30:00
2026-04-03 09:45:00,24.42,09:45:00
2026-04-03 10:00:00,27.1,10:00:00
2026-04-03 10:15:00,28.09,10:15:00
2026-04-03 10:30:00,26.9,10:30:00
2026-04-03 10:45:00,28.48,10:45:00
2026-04-03 11:00:00,31.25,11:00:00
2026-04-03 11:15:00,31.54,11:15:00
2026-04-03 11:30:00,31.97,11:30:00
2026-04-03 11:45:00,30.67,11:45:00
2026-04-03 12:00:00,30.1,12:00:00
2026-04-03 12:15:00,29.92,12:15:00
2026-04-03 12:30:00,29.79,12:30:00
2026-04-03 12:45:00,29.72,12:45:00
2026-04-03 13:00:00,29.69,13:00:00
2026-04-03 13:15:00,28.96,13:15:00
2026-04-03 13:30:00,28.6,13:30:00
2026-04-03 13:45:00,28.34,13:45:00
2026-04-03 14:00:00,27.16,14:00:00
2026-04-03 14:15:00,27.15,14:15:00
2026-04-03 14:30:00,27.46,14:30:00
2026-04-03 14:45:00,26.74,14:45:00
2026-04-03 15:00:00,28.02,15:00:00
2026-04-03 15:15:00,26.75,15:15:00
2026-04-03 15:30:00,26.74,15:30:00
2026-04-03 15:45:00,27.12,15:45:00
2026-04-03 16:00:00,28.67,16:00:00
2026-04-03 16:15:00,27.43,16:15:00
2026-04-03 16:30:00,26.22,16:30:00
2026-04-03 16:45:00,25.75,16:45:00
2026-04-03 17:00:00,24.9,17:00:00
2026-04-03 17:15:00,24.71,17:15:00
2026-04-03 17:30:00,24.38,17:30:00
2026-04-03 17:45:00,24.14,17:45:00
2026-04-03 18:00:00,24.07,18:00:00
2026-04-03 18:15:00,24.16,18:15:00
2026-04-03 18:30:00,24.26,18:30:00
2026-04-03 18:45:00,23.94,18:45:00
2026-04-03 19:00:00,23.18,19:00:00
2026-04-03 19:15:00,23.0,19:15:00
2026-04-03 19:30:00,22.68,19:30:00
2026-04-03 19:45:00,22.76,19:45:00
2026-04-03 20:00:00,22.79,20:00:00
2026-04-03 20:15:00,22.39,20:15:00
2026-04-03 20:30:00,22.35,20:30:00
2026-04-03 20:45:00,22.6,20:45:00
2026-04-03 21:00:00,22.04,21:00:00
2026-04-03 21:15:00,22.21,21:15:00
2026-04-03 21:30:00,22.12,21:30:00
2026-04-03 21:45:00,22.65,21:45:00
2026-04-03 22:00:00,23.15,22:00:00
2026-04-03 22:15:00,24.01,22:15:00
2026-04-03 22:30:00,24.93,22:30:00
2026-04-03 22:45:00,26.13,22:45:00
2026-04-03 23:00:00,25.86,23:00:00
2026-04-03 23:15:00,25.8,23:15:00
2026-04-03 23:30:00,26.0,23:30:00
2026-04-03 23:45:00,25.9,23:45:00
2026-04-04 00:00:00,24.23,00:00:00
2026-04-04 00:15:00,23.99,00:15:00
2026-04-04 00:30:00,22.81,00:30:00
2026-04-04 00:45:00,21.6,00:45:00
2026-04-04 01:00:00,19.1,01:00:00
2026-04-04 01:15:00,18.38,01:15:00
2026-04-04 01:30:00,17.87,01:30:00
2026-04-04 01:45:00,17.75,01:45:00
2026-04-04 02:00:00,17.3,02:00:00
2026-04-04 02:15:00,16.81,02:15:00
2026-04-04 02:30:00,16.32,02:30:00
2026-04-04 02:45:00,15.82,02:45:00
2026-04-04 03:00:00,15.17,03:00:00
2026-04-04 03:15:00,15.19,03:15:00
2026-04-04 03:30:00,15.21,03:30:00
2026-04-04 03:45:00,15.28,03:45:00
2026-04-04 04:00:00,15.02,04:00:00
2026-04-04 04:15:00,15.01,04:15:00
2026-04-04 04:30:00,15.29,04:30:00
2026-04-04 04:45:00,15.34,04:45:00
2026-04-04 05:00:00,14.32,05:00:00
2026-04-04 05:15:00,14.32,05:15:00
2026-04-04 05:30:00,14.32,05:30:00
2026-04-04 05:45:00,14.37,05:45:00
2026-04-04 06:00:00,14.32,06:00:00
2026-04-04 06:15:00,14.2,06:15:00
2026-04-04 06:30:00,14.2,06:30:00
2026-04-04 06:45:00,14.09,06:45:00
2026-04-04 07:00:00,14.31,07:00:00
2026-04-04 07:15:00,14.99,07:15:00
2026-04-04 07:30:00,15.42,07:30:00
2026-04-04 07:45:00,15.3,07:45:00
2026-04-04 08:00:00,14.71,08:00:00
2026-04-04 08:15:00,13.67,08:15:00
2026-04-04 08:30:00,13.46,08:30:00
2026-04-04 08:45:00,13.44,08:45:00
2026-04-04 09:00:00,13.18,09:00:00
2026-04-04 09:15:00,13.18,09:15:00
2026-04-04 09:30:00,13.41,09:30:00
2026-04-04 09:45:00,13.19,09:45:00
2026-04-04 10:00:00,12.94,10:00:00
2026-04-04 10:15:00,12.5,10:15:00
2026-04-04 10:30:00,12.47,10:30:00
2026-04-04 10:45:00,12.39,10:45:00
2026-04-04 11:00:00,13.45,11:00:00
2026-04-04 11:15:00,13.36,11:15:00
2026-04-04 11:30:00,13.75,11:30:00
2026-04-04 11:45:00,13.73,11:45:00
2026-04-04 12:00:00,13.57,12:00:00
2026-04-04 12:15:00,13.51,12:15:00
2026-04-04 12:30:00,13.8,12:30:00
2026-04-04 12:45:00,13.84,12:45:00
2026-04-04 13:00:00,14.32,13:00:00
2026-04-04 13:15:00,14.17,13:15:00
2026-04-04 13:30:00,14.87,13:30:00
2026-04-04 13:45:00,15.02,13:45:00
2026-04-04 14:00:00,13.51,14:00:00
2026-04-04 14:15:00,13.95,14:15:00
2026-04-04 14:30:00,14.23,14:30:00
2026-04-04 14:45:00,14.17,14:45:00
2026-04-04 15:00:00,14.07,15:00:00
2026-04-04 15:15:00,14.45,15:15:00
2026-04-04 15:30:00,14.54,15:30:00
2026-04-04 15:45:00,14.81,15:45:00
2026-04-04 16:00:00,15.63,16:00:00
2026-04-04 16:15:00,15.92,16:15:00
2026-04-04 16:30:00,16.0,16:30:00
2026-04-04 16:45:00,15.98,16:45:00
2026-04-04 17:00:00,16.22,17:00:00
2026-04-04 17:15:00,16.26,17:15:00
2026-04-04 17:30:00,16.13,17:30:00
2026-04-04 17:45:00,16.12,17:45:00
2026-04-04 18:00:00,16.37,18:00:00
2026-04-04 18:15:00,16.36,18:15:00
2026-04-04 18:30:00,16.46,18:30:00
2026-04-04 18:45:00,16.48,18:45:00
2026-04-04 19:00:00,15.26,19:00:00
2026-04-04 19:15:00,15.65,19:15:00
2026-04-04 19:30:00,15.78,19:30:00
2026-04-04 19:45:00,15.84,19:45:00
2026-04-04 20:00:00,16.43,20:00:00
2026-04-04 20:15:00,16.58,20:15:00
2026-04-04 20:30:00,16.67,20:30:00
2026-04-04 20:45:00,16.75,20:45:00
2026-04-04 21:00:00,16.45,21:00:00
2026-04-04 21:15:00,16.42,21:15:00
2026-04-04 21:30:00,16.43,21:30:00
2026-04-04 21:45:00,16.33,21:45:00
2026-04-04 22:00:00,14.41,22:00:00
2026-04-04 22:15:00,15.0,22:15:00
2026-04-04 22:30:00,14.39,22:30:00
2026-04-04 22:45:00,14.47,22:45:00
2026-04-04 23:00:00,16.18,23:00:00
2026-04-04 23:15:00,17.62,23:15:00
2026-04-04 23:30:00,16.84,23:30:00
2026-04-04 23:45:00,17.28,23:45:00
2026-04-05 00:00:00,15.26,00:00:00
2026-04-05 00:15:00,15.71,00:15:00
2026-04-05 00:30:00,16.08,00:30:00
2026-04-05 00:45:00,17.85,00:45:00
2026-04-05 01:00:00,17.68,01:00:00
2026-04-05 01:15:00,18.16,01:15:00
2026-04-05 01:30:00,18.65,01:30:00
2026-04-05 01:45:00,19.76,01:45:00
2026-04-05 02:00:00,22.1,02:00:00
2026-04-05 02:15:00,21.31,02:15:00
2026-04-05 02:30:00,22.12,02:30:00
2026-04-05 02:45:00,22.14,02:45:00
2026-04-05 03:00:00,22.51,03:00:00
2026-04-05 03:15:00,22.1,03:15:00
2026-04-05 03:30:00,22.24,03:30:00
2026-04-05 03:45:00,22.0,03:45:00
2026-04-05 04:00:00,21.8,04:00:00
2026-04-05 04:15:00,21.2,04:15:00
2026-04-05 04:30:00,21.2,04:30:00
2026-04-05 04:45:00,20.14,04:45:00
2026-04-05 05:00:00,18.34,05:00:00
2026-04-05 05:15:00,18.59,05:15:00
2026-04-05 05:30:00,19.14,05:30:00
2026-04-05 05:45:00,18.95,05:45:00
2026-04-05 06:00:00,16.53,06:00:00
2026-04-05 06:15:00,15.01,06:15:00
2026-04-05 06:30:00,16.0,06:30:00
2026-04-05 06:45:00,15.7,06:45:00
2026-04-05 07:00:00,15.79,07:00:00
2026-04-05 07:15:00,16.8,07:15:00
2026-04-05 07:30:00,16.65,07:30:00
2026-04-05 07:45:00,16.42,07:45:00
2026-04-05 08:00:00,15.6,08:00:00
2026-04-05 08:15:00,15.97,08:15:00
2026-04-05 08:30:00,16.45,08:30:00
2026-04-05 08:45:00,16.69,08:45:00
2026-04-05 09:00:00,16.01,09:00:00
2026-04-05 09:15:00,16.49,09:15:00
2026-04-05 09:30:00,17.05,09:30:00
2026-04-05 09:45:00,17.61,09:45:00
2026-04-05 10:00:00,16.73,10:00:00
2026-04-05 10:15:00,16.67,10:15:00
2026-04-05 10:30:00,16.45,10:30:00
2026-04-05 10:45:00,16.66,10:45:00
2026-04-05 11:00:00,16.75,11:00:00
2026-04-05 11:15:00,16.74,11:15:00
2026-04-05 11:30:00,16.82,11:30:00
2026-04-05 11:45:00,16.71,11:45:00
2026-04-05 12:00:00,15.94,12:00:00
2026-04-05 12:15:00,15.88,12:15:00
2026-04-05 12:30:00,15.82,12:30:00
2026-04-05 12:45:00,15.8,12:45:00
2026-04-05 13:00:00,15.74,13:00:00
2026-04-05 13:15:00,15.93,13:15:00
2026-04-05 13:30:00,16.3,13:30:00
2026-04-05 13:45:00,16.35,13:45:00
2026-04-05 14:00:00,16.38,14:00:00
2026-04-05 14:15:00,16.19,14:15:00
2026-04-05 14:30:00,15.22,14:30:00
2026-04-05 14:45:00,12.79,14:45:00
2026-04-05 15:00:00,12.97,15:00:00
2026-04-05 15:15:00,14.23,15:15:00
2026-04-05 15:30:00,13.42,15:30:00
2026-04-05 15:45:00,12.3,15:45:00
2026-04-05 16:00:00,11.41,16:00:00
2026-04-05 16:15:00,11.54,16:15:00
2026-04-05 16:30:00,10.95,16:30:00
2026-04-05 16:45:00,10.77,16:45:00
2026-04-05 17:00:00,11.24,17:00:00
2026-04-05 17:15:00,11.41,17:15:00
2026-04-05 17:30:00,11.94,17:30:00
2026-04-05 17:45:00,12.07,17:45:00
2026-04-05 18:00:00,13.13,18:00:00
2026-04-05 18:15:00,13.54,18:15:00
2026-04-05 18:30:00,13.97,18:30:00
2026-04-05 18:45:00,14.73,18:45:00
2026-04-05 19:00:00,14.07,19:00:00
2026-04-05 19:15:00,14.13,19:15:00
2026-04-05 19:30:00,14.19,19:30:00
2026-04-05 19:45:00,14.13,19:45:00
2026-04-05 20:00:00,14.29,20:00:00
2026-04-05 20:15:00,14.29,20:15:00
2026-04-05 20:30:00,13.9,20:30:00
2026-04-05 20:45:00,13.6,20:45:00
2026-04-05 21:00:00,13.39,21:00:00
2026-04-05 21:15:00,13.02,21:15:00
2026-04-05 21:30:00,12.89,21:30:00
2026-04-05 21:45:00,12.45,21:45:00
2026-04-05 22:00:00,14.11,22:00:00
2026-04-05 22:15:00,13.94,22:15:00
2026-04-05 22:30:00,13.81,22:30:00
2026-04-05 22:45:00,13.75,22:45:00
2026-04-05 23:00:00,13.42,23:00:00
2026-04-05 23:15:00,13.54,23:15:00
2026-04-05 23:30:00,13.35,23:30:00
2026-04-05 23:45:00,13.18,23:45:00
2026-04-06 00:00:00,12.68,00:00:00
2026-04-06 00:15:00,12.86,00:15:00
2026-04-06 00:30:00,12.67,00:30:00
2026-04-06 00:45:00,12.45,00:45:00
2026-04-06 01:00:00,12.35,01:00:00
2026-04-06 01:15:00,12.37,01:15:00
2026-04-06 01:30:00,12.53,01:30:00
2026-04-06 01:45:00,12.16,01:45:00
2026-04-06 02:00:00,11.58,02:00:00
2026-04-06 02:15:00,11.51,02:15:00
2026-04-06 02:30:00,11.32,02:30:00
2026-04-06 02:45:00,10.93,02:45:00
2026-04-06 03:00:00,9.92,03:00:00
2026-04-06 03:15:00,9.84,03:15:00
2026-04-06 03:30:00,9.75,03:30:00
2026-04-06 03:45:00,9.52,03:45:00
2026-04-06 04:00:00,8.62,04:00:00
2026-04-06 04:15:00,8.26,04:15:00
2026-04-06 04:30:00,7.92,04:30:00
2026-04-06 04:45:00,7.93,04:45:00
2026-04-06 05:00:00,7.96,05:00:00
2026-04-06 05:15:00,7.98,05:15:00
2026-04-06 05:30:00,7.93,05:30:00
2026-04-06 05:45:00,7.98,05:45:00
2026-04-06 06:00:00,7.86,06:00:00
2026-04-06 06:15:00,7.84,06:15:00
2026-04-06 06:30:00,7.82,06:30:00
2026-04-06 06:45:00,7.81,06:45:00
2026-04-06 07:00:00,7.82,07:00:00
2026-04-06 07:15:00,7.77,07:15:00
2026-04-06 07:30:00,7.47,07:30:00
2026-04-06 07:45:00,7.46,07:45:00
2026-04-06 08:00:00,7.54,08:00:00
2026-04-06 08:15:00,7.6,08:15:00
2026-04-06 08:30:00,7.56,08:30:00
2026-04-06 08:45:00,7.68,08:45:00
2026-04-06 09:00:00,7.76,09:00:00
2026-04-06 09:15:00,8.38,09:15:00
2026-04-06 09:30:00,8.35,09:30:00
2026-04-06 09:45:00,7.69,09:45:00
2026-04-06 10:00:00,7.64,10:00:00
2026-04-06 10:15:00,7.66,10:15:00
2026-04-06 10:30:00,7.64,10:30:00
2026-04-06 10:45:00,7.58,10:45:00
2026-04-06 11:00:00,7.55,11:00:00
2026-04-06 11:15:00,7.49,11:15:00
2026-04-06 11:30:00,7.46,11:30:00
2026-04-06 11:45:00,7.49,11:45:00
2026-04-06 12:00:00,7.39,12:00:00
2026-04-06 12:15:00,7.34,12:15:00
2026-04-06 12:30:00,7.3,12:30:00
2026-04-06 12:45:00,7.24,12:45:00
2026-04-06 13:00:00,7.19,13:00:00
2026-04-06 13:15:00,7.54,13:15:00
2026-04-06 13:30:00,7.55,13:30:00
2026-04-06 13:45:00,7.57,13:45:00
2026-04-06 14:00:00,7.96,14:00:00
2026-04-06 14:15:00,8.19,14:15:00
2026-04-06 14:30:00,7.66,14:30:00
2026-04-06 14:45:00,7.77,14:45:00
2026-04-06 15:00:00,8.8,15:00:00
2026-04-06 15:15:00,8.81,15:15:00
2026-04-06 15:30:00,8.74,15:30:00
2026-04-06 15:45:00,9.06,15:45:00
2026-04-06 16:00:00,10.4,16:00:00
2026-04-06 16:15:00,10.33,16:15:00
2026-04-06 16:30:00,10.25,16:30:00
2026-04-06 16:45:00,10.12,16:45:00
2026-04-06 17:00:00,10.09,17:00:00
2026-04-06 17:15:00,9.98,17:15:00
2026-04-06 17:30:00,9.95,17:30:00
2026-04-06 17:45:00,9.96,17:45:00
2026-04-06 18:00:00,9.97,18:00:00
2026-04-06 18:15:00,9.9,18:15:00
2026-04-06 18:30:00,9.96,18:30:00
2026-04-06 18:45:00,9.99,18:45:00
2026-04-06 19:00:00,9.97,19:00:00
2026-04-06 19:15:00,10.02,19:15:00
2026-04-06 19:30:00,10.08,19:30:00
2026-04-06 19:45:00,10.08,19:45:00
2026-04-06 20:00:00,10.07,20:00:00
2026-04-06 20:15:00,10.07,20:15:00
2026-04-06 20:30:00,10.16,20:30:00
2026-04-06 20:45:00,10.18,20:45:00
2026-04-06 21:00:00,9.67,21:00:00
2026-04-06 21:15:00,9.67,21:15:00
2026-04-06 21:30:00,9.67,21:30:00
2026-04-06 21:45:00,9.68,21:45:00
2026-04-06 22:00:00,9.15,22:00:00
2026-04-06 22:15:00,9.22,22:15:00
2026-04-06 22:30:00,9.33,22:30:00
2026-04-06 22:45:00,9.29,22:45:00
2026-04-06 23:00:00,9.71,23:00:00
2026-04-06 23:15:00,9.7,23:15:00
2026-04-06 23:30:00,9.72,23:30:00
2026-04-06 23:45:00,9.76,23:45:00
2026-04-07 00:00:00,10.16,00:00:00
2026-04-07 00:15:00,10.17,00:15:00
2026-04-07 00:30:00,10.17,00:30:00
2026-04-07 00:45:00,10.24,00:45:00
2026-04-07 01:00:00,10.39,01:00:00
2026-04-07 01:15:00,10.4,01:15:00
2026-04-07 01:30:00,10.36,01:30:00
2026-04-07 01:45:00,10.42,01:45:00
2026-04-07 02:00:00,10.49,02:00:00
2026-04-07 02:15:00,10.5,02:15:00
2026-04-07 02:30:00,10.45,02:30:00
2026-04-07 02:45:00,10.46,02:45:00
2026-04-07 03:00:00,12.08,03:00:00
2026-04-07 03:15:00,12.08,03:15:00
2026-04-07 03:30:00,12.18,03:30:00
2026-04-07 03:45:00,12.33,03:45:00
2026-04-07 04:00:00,14.75,04:00:00
2026-04-07 04:15:00,14.93,04:15:00
2026-04-07 04:30:00,14.99,04:30:00
2026-04-07 04:45:00,14.96,04:45:00
2026-04-07 05:00:00,16.97,05:00:00
2026-04-07 05:15:00,16.96,05:15:00
2026-04-07 05:30:00,16.56,05:30:00
2026-04-07 05:45:00,16.67,05:45:00
2026-04-07 06:00:00,14.7,06:00:00
2026-04-07 06:15:00,14.67,06:15:00
2026-04-07 06:30:00,14.59,06:30:00
2026-04-07 06:45:00,14.6,06:45:00
2026-04-07 07:00:00,14.84,07:00:00
2026-04-07 07:15:00,15.02,07:15:00
2026-04-07 07:30:00,15.16,07:30:00
2026-04-07 07:45:00,15.37,07:45:00
2026-04-07 08:00:00,14.77,08:00:00
2026-04-07 08:15:00,15.15,08:15:00
2026-04-07 08:30:00,15.57,08:30:00
2026-04-07 08:45:00,15.59,08:45:00
2026-04-07 09:00:00,14.62,09:00:00
2026-04-07 09:15:00,14.46,09:15:00
2026-04-07 09:30:00,14.4,09:30:00
2026-04-07 09:45:00,14.49,09:45:00
2026-04-07 10:00:00,14.06,10:00:00
2026-04-07 10:15:00,14.44,10:15:00
2026-04-07 10:30:00,14.19,10:30:00
2026-04-07 10:45:00,14.66,10:45:00
2026-04-07 11:00:00,17.02,11:00:00
2026-04-07 11:15:00,17.59,11:15:00
2026-04-07 11:30:00,17.37,11:30:00
2026-04-07 11:45:00,19.33,11:45:00
2026-04-07 12:00:00,23.07,12:00:00
2026-04-07 12:15:00,23.15,12:15:00
2026-04-07 12:30:00,21.61,12:30:00
2026-04-07 12:45:00,21.29,12:45:00
2026-04-07 13:00:00,20.73,13:00:00
2026-04-07 13:15:00,21.71,13:15:00
2026-04-07 13:30:00,22.23,13:30:00
2026-04-07 13:45:00,21.79,13:45:00
2026-04-07 14:00:00,23.44,14:00:00
2026-04-07 14:15:00,25.06,14:15:00
2026-04-07 14:30:00,27.79,14:30:00
2026-04-07 14:45:00,24.36,14:45:00
2026-04-07 15:00:00,22.32,15:00:00
2026-04-07 15:15:00,20.67,15:15:00
2026-04-07 15:30:00,20.17,15:30:00
2026-04-07 15:45:00,20.49,15:45:00
2026-04-07 16:00:00,21.87,16:00:00
2026-04-07 16:15:00,21.88,16:15:00
2026-04-07 16:30:00,21.53,16:30:00
2026-04-07 16:45:00,21.47,16:45:00
2026-04-07 17:00:00,22.2,17:00:00
2026-04-07 17:15:00,22.21,17:15:00
2026-04-07 17:30:00,22.08,17:30:00
2026-04-07 17:45:00,22.29,17:45:00
2026-04-07 18:00:00,22.67,18:00:00
2026-04-07 18:15:00,22.76,18:15:00
2026-04-07 18:30:00,22.7,18:30:00
2026-04-07 18:45:00,22.77,18:45:00
2026-04-07 19:00:00,22.45,19:00:00
2026-04-07 19:15:00,22.3,19:15:00
2026-04-07 19:30:00,22.26,19:30:00
2026-04-07 19:45:00,22.43,19:45:00
2026-04-07 20:00:00,23.59,20:00:00
2026-04-07 20:15:00,23.47,20:15:00
2026-04-07 20:30:00,23.64,20:30:00
2026-04-07 20:45:00,24.47,20:45:00
2026-04-07 21:00:00,26.04,21:00:00
2026-04-07 21:15:00,26.23,21:15:00
2026-04-07 21:30:00,26.32,21:30:00
2026-04-07 21:45:00,26.22,21:45:00
2026-04-07 22:00:00,24.48,22:00:00
2026-04-07 22:15:00,24.34,22:15:00
2026-04-07 22:30:00,24.89,22:30:00
2026-04-07 22:45:00,25.14,22:45:00
2026-04-07 23:00:00,22.65,23:00:00
2026-04-07 23:15:00,22.79,23:15:00
2026-04-07 23:30:00,22.79,23:30:00
2026-04-07 23:45:00,22.97,23:45:00
2026-04-08 00:00:00,22.48,00:00:00
2026-04-08 00:15:00,22.42,00:15:00
2026-04-08 00:30:00,22.45,00:30:00
2026-04-08 00:45:00,22.66,00:45:00
2026-04-08 01:00:00,23.31,01:00:00
2026-04-08 01:15:00,23.22,01:15:00
2026-04-08 01:30:00,23.07,01:30:00
2026-04-08 01:45:00,22.91,01:45:00
2026-04-08 02:00:00,23.45,02:00:00
2026-04-08 02:15:00,23.13,02:15:00
2026-04-08 02:30:00,23.24,02:30:00
2026-04-08 02:45:00,23.19,02:45:00
2026-04-08 03:00:00,22.01,03:00:00
2026-04-08 03:15:00,21.73,03:15:00
2026-04-08 03:30:00,21.37,03:30:00
2026-04-08 03:45:00,21.17,03:45:00
2026-04-08 04:00:00,22.0,04:00:00
2026-04-08 04:15:00,21.71,04:15:00
2026-04-08 04:30:00,21.77,04:30:00
2026-04-08 04:45:00,21.56,04:45:00
2026-04-08 05:00:00,22.86,05:00:00
2026-04-08 05:15:00,22.76,05:15:00
2026-04-08 05:30:00,22.99,05:30:00
2026-04-08 05:45:00,22.22,05:45:00
2026-04-08 06:00:00,22.89,06:00:00
2026-04-08 06:15:00,22.87,06:15:00
2026-04-08 06:30:00,22.79,06:30:00
2026-04-08 06:45:00,23.0,06:45:00
2026-04-08 07:00:00,22.16,07:00:00
2026-04-08 07:15:00,22.47,07:15:00
2026-04-08 07:30:00,23.02,07:30:00
2026-04-08 07:45:00,23.88,07:45:00
2026-04-08 08:00:00,23.15,08:00:00
2026-04-08 08:15:00,24.13,08:15:00
2026-04-08 08:30:00,27.46,08:30:00
2026-04-08 08:45:00,28.76,08:45:00
2026-04-08 09:00:00,28.96,09:00:00
2026-04-08 09:15:00,29.5,09:15:00
2026-04-08 09:30:00,28.89,09:30:00
2026-04-08 09:45:00,28.04,09:45:00
2026-04-08 10:00:00,29.99,10:00:00
2026-04-08 10:15:00,30.02,10:15:00
2026-04-08 10:30:00,29.88,10:30:00
2026-04-08 10:45:00,30.1,10:45:00
2026-04-08 11:00:00,30.75,11:00:00
2026-04-08 11:15:00,31.36,11:15:00
2026-04-08 11:30:00,30.41,11:30:00
2026-04-08 11:45:00,31.08,11:45:00
2026-04-08 12:00:00,31.46,12:00:00
2026-04-08 12:15:00,31.18,12:15:00
2026-04-08 12:30:00,29.89,12:30:00
2026-04-08 12:45:00,29.74,12:45:00
2026-04-08 13:00:00,29.69,13:00:00
2026-04-08 13:15:00,30.09,13:15:00
2026-04-08 13:30:00,30.87,13:30:00
2026-04-08 13:45:00,31.17,13:45:00
2026-04-08 14:00:00,32.23,14:00:00
2026-04-08 14:15:00,32.0,14:15:00
2026-04-08 14:30:00,30.5,14:30:00
2026-04-08 14:45:00,26.87,14:45:00
2026-04-08 15:00:00,25.32,15:00:00
2026-04-08 15:15:00,24.79,15:15:00
2026-04-08 15:30:00,24.33,15:30:00
2026-04-08 15:45:00,23.82,15:45:00
2026-04-08 16:00:00,24.87,16:00:00
2026-04-08 16:15:00,24.85,16:15:00
2026-04-08 16:30:00,24.83,16:30:00
2026-04-08 16:45:00,24.69,16:45:00
2026-04-08 17:00:00,24.97,17:00:00
2026-04-08 17:15:00,24.77,17:15:00
2026-04-08 17:30:00,24.78,17:30:00
2026-04-08 17:45:00,24.79,17:45:00
2026-04-08 18:00:00,24.54,18:00:00
2026-04-08 18:15:00,24.56,18:15:00
2026-04-08 18:30:00,24.48,18:30:00
2026-04-08 18:45:00,24.38,18:45:00
2026-04-08 19:00:00,24.07,19:00:00
2026-04-08 19:15:00,24.13,19:15:00
2026-04-08 19:30:00,23.96,19:30:00
2026-04-08 19:45:00,24.09,19:45:00
2026-04-08 20:00:00,23.42,20:00:00
2026-04-08 20:15:00,23.22,20:15:00
2026-04-08 20:30:00,23.41,20:30:00
2026-04-08 20:45:00,23.86,20:45:00
2026-04-08 21:00:00,24.32,21:00:00
2026-04-08 21:15:00,24.01,21:15:00
2026-04-08 21:30:00,24.1,21:30:00
2026-04-08 21:45:00,24.29,21:45:00
2026-04-08 22:00:00,22.4,22:00:00
2026-04-08 22:15:00,22.2,22:15:00
2026-04-08 22:30:00,22.33,22:30:00
2026-04-08 22:45:00,22.37,22:45:00
2026-04-08 23:00:00,21.65,23:00:00
2026-04-08 23:15:00,21.67,23:15:00
2026-04-08 23:30:00,21.45,23:30:00
2026-04-08 23:45:00,21.59,23:45:00
2026-04-09 00:00:00,21.44,00:00:00
2026-04-09 00:15:00,21.46,00:15:00
2026-04-09 00:30:00,21.42,00:30:00
2026-04-09 00:45:00,21.47,00:45:00
2026-04-09 01:00:00,22.3,01:00:00
2026-04-09 01:15:00,22.32,01:15:00
2026-04-09 01:30:00,22.27,01:30:00
2026-04-09 01:45:00,22.24,01:45:00
2026-04-09 02:00:00,23.07,02:00:00
2026-04-09 02:15:00,22.59,02:15:00
2026-04-09 02:30:00,22.77,02:30:00
2026-04-09 02:45:00,22.8,02:45:00
2026-04-09 03:00:00,23.58,03:00:00
2026-04-09 03:15:00,26.25,03:15:00
2026-04-09 03:30:00,24.0,03:30:00
2026-04-09 03:45:00,23.67,03:45:00
2026-04-09 04:00:00,27.37,04:00:00
2026-04-09 04:15:00,27.63,04:15:00
2026-04-09 04:30:00,28.87,04:30:00
2026-04-09 04:45:00,29.9,04:45:00
2026-04-09 05:00:00,31.26,05:00:00
2026-04-09 05:15:00,27.88,05:15:00
2026-04-09 05:30:00,25.86,05:30:00
2026-04-09 05:45:00,25.05,05:45:00
2026-04-09 06:00:00,24.57,06:00:00
2026-04-09 06:15:00,24.2,06:15:00
2026-04-09 06:30:00,24.07,06:30:00
2026-04-09 06:45:00,24.31,06:45:00
2026-04-09 07:00:00,23.89,07:00:00
2026-04-09 07:15:00,24.48,07:15:00
2026-04-09 07:30:00,24.73,07:30:00
2026-04-09 07:45:00,26.28,07:45:00
2026-04-09 08:00:00,23.58,08:00:00
2026-04-09 08:15:00,23.03,08:15:00
2026-04-09 08:30:00,24.54,08:30:00
2026-04-09 08:45:00,26.98,08:45:00
2026-04-09 09:00:00,22.67,09:00:00
2026-04-09 09:15:00,22.53,09:15:00
2026-04-09 09:30:00,23.02,09:30:00
2026-04-09 09:45:00,22.89,09:45:00
2026-04-09 10:00:00,19.34,10:00:00
2026-04-09 10:15:00,18.94,10:15:00
2026-04-09 10:30:00,19.15,10:30:00
2026-04-09 10:45:00,19.51,10:45:00
2026-04-09 11:00:00,19.38,11:00:00
2026-04-09 11:15:00,19.48,11:15:00
2026-04-09 11:30:00,18.14,11:30:00
2026-04-09 11:45:00,18.09,11:45:00
2026-04-09 12:00:00,17.82,12:00:00
2026-04-09 12:15:00,17.73,12:15:00
2026-04-09 12:30:00,17.93,12:30:00
2026-04-09 12:45:00,18.18,12:45:00
2026-04-09 13:00:00,19.01,13:00:00
2026-04-09 13:15:00,19.32,13:15:00
2026-04-09 13:30:00,19.84,13:30:00
2026-04-09 13:45:00,19.98,13:45:00
2026-04-09 14:00:00,23.46,14:00:00
2026-04-09 14:15:00,21.31,14:15:00
2026-04-09 14:30:00,19.93,14:30:00
2026-04-09 14:45:00,19.34,14:45:00
2026-04-09 15:00:00,23.72,15:00:00
2026-04-09 15:15:00,23.89,15:15:00
2026-04-09 15:30:00,23.67,15:30:00
2026-04-09 15:45:00,23.05,15:45:00
2026-04-09 16:00:00,25.56,16:00:00
2026-04-09 16:15:00,24.32,16:15:00
2026-04-09 16:30:00,25.01,16:30:00
2026-04-09 16:45:00,26.32,16:45:00
2026-04-09 17:00:00,29.52,17:00:00
2026-04-09 17:15:00,29.42,17:15:00
2026-04-09 17:30:00,29.26,17:30:00
2026-04-09 17:45:00,28.42,17:45:00
2026-04-09 18:00:00,28.49,18:00:00
2026-04-09 18:15:00,28.23,18:15:00
2026-04-09 18:30:00,28.17,18:30:00
2026-04-09 18:45:00,27.68,18:45:00
2026-04-09 19:00:00,27.56,19:00:00
2026-04-09 19:15:00,27.11,19:15:00
2026-04-09 19:30:00,26.6,19:30:00
2026-04-09 19:45:00,26.06,19:45:00
2026-04-09 20:00:00,23.66,20:00:00
2026-04-09 20:15:00,23.23,20:15:00
2026-04-09 20:30:00,23.03,20:30:00
2026-04-09 20:45:00,22.47,20:45:00
2026-04-09 21:00:00,18.38,21:00:00
2026-04-09 21:15:00,18.33,21:15:00
2026-04-09 21:30:00,18.45,21:30:00
2026-04-09 21:45:00,18.45,21:45:00
2026-04-09 22:00:00,17.15,22:00:00
2026-04-09 22:15:00,16.72,22:15:00
2026-04-09 22:30:00,16.78,22:30:00
2026-04-09 22:45:00,17.03,22:45:00
2026-04-09 23:00:00,16.27,23:00:00
2026-04-09 23:15:00,16.14,23:15:00
2026-04-09 23:30:00,16.11,23:30:00
2026-04-09 23:45:00,16.13,23:45:00
2026-04-10 00:00:00,15.76,00:00:00
2026-04-10 00:15:00,15.72,00:15:00
2026-04-10 00:30:00,15.71,00:30:00
2026-04-10 00:45:00,15.8,00:45:00
2026-04-10 01:00:00,15.66,01:00:00
2026-04-10 01:15:00,15.6,01:15:00
2026-04-10 01:30:00,15.65,01:30:00
2026-04-10 01:45:00,15.65,01:45:00
2026-04-10 02:00:00,17.65,02:00:00
2026-04-10 02:15:00,17.77,02:15:00
2026-04-10 02:30:00,18.0,02:30:00
2026-04-10 02:45:00,18.11,02:45:00
2026-04-10 03:00:00,20.44,03:00:00
2026-04-10 03:15:00,20.53,03:15:00
2026-04-10 03:30:00,20.81,03:30:00
2026-04-10 03:45:00,20.96,03:45:00
2026-04-10 04:00:00,22.53,04:00:00
2026-04-10 04:15:00,22.67,04:15:00
2026-04-10 04:30:00,22.62,04:30:00
2026-04-10 04:45:00,23.46,04:45:00
2026-04-10 05:00:00,23.53,05:00:00
2026-04-10 05:15:00,23.58,05:15:00
2026-04-10 05:30:00,23.56,05:30:00
2026-04-10 05:45:00,23.57,05:45:00
2026-04-10 06:00:00,23.2,06:00:00
2026-04-10 06:15:00,23.08,06:15:00
2026-04-10 06:30:00,22.93,06:30:00
2026-04-10 06:45:00,22.96,06:45:00
2026-04-10 07:00:00,22.89,07:00:00
2026-04-10 07:15:00,23.36,07:15:00
2026-04-10 07:30:00,23.75,07:30:00
2026-04-10 07:45:00,23.96,07:45:00
2026-04-10 08:00:00,23.5,08:00:00
2026-04-10 08:15:00,23.24,08:15:00
2026-04-10 08:30:00,22.85,08:30:00
2026-04-10 08:45:00,22.62,08:45:00
2026-04-10 09:00:00,21.95,09:00:00
2026-04-10 09:15:00,21.93,09:15:00
2026-04-10 09:30:00,22.07,09:30:00
2026-04-10 09:45:00,22.2,09:45:00
2026-04-10 10:00:00,21.63,10:00:00
2026-04-10 10:15:00,21.73,10:15:00
2026-04-10 10:30:00,21.68,10:30:00
2026-04-10 10:45:00,21.85,10:45:00
2026-04-10 11:00:00,21.9,11:00:00
2026-04-10 11:15:00,22.15,11:15:00
2026-04-10 11:30:00,22.31,11:30:00
2026-04-10 11:45:00,22.31,11:45:00
2026-04-10 12:00:00,22.25,12:00:00
2026-04-10 12:15:00,22.4,12:15:00
2026-04-10 12:30:00,22.43,12:30:00
2026-04-10 12:45:00,22.36,12:45:00
2026-04-10 13:00:00,22.25,13:00:00
2026-04-10 13:15:00,22.22,13:15:00
2026-04-10 13:30:00,22.5,13:30:00
2026-04-10 13:45:00,22.64,13:45:00
2026-04-10 14:00:00,23.19,14:00:00
2026-04-10 14:15:00,23.23,14:15:00
2026-04-10 14:30:00,23.18,14:30:00
2026-04-10 14:45:00,23.36,14:45:00
2026-04-10 15:00:00,23.75,15:00:00
2026-04-10 15:15:00,23.54,15:15:00
2026-04-10 15:30:00,23.59,15:30:00
2026-04-10 15:45:00,23.65,15:45:00
2026-04-10 16:00:00,24.96,16:00:00
2026-04-10 16:15:00,25.45,16:15:00
2026-04-10 16:30:00,25.42,16:30:00
2026-04-10 16:45:00,25.15,16:45:00
2026-04-10 17:00:00,25.08,17:00:00
2026-04-10 17:15:00,24.87,17:15:00
2026-04-10 17:30:00,24.85,17:30:00
2026-04-10 17:45:00,24.76,17:45:00
2026-04-10 18:00:00,24.68,18:00:00
2026-04-10 18:15:00,24.52,18:15:00
2026-04-10 18:30:00,24.42,18:30:00
2026-04-10 18:45:00,24.46,18:45:00
2026-04-10 19:00:00,24.33,19:00:00
2026-04-10 19:15:00,24.34,19:15:00
2026-04-10 19:30:00,24.34,19:30:00
2026-04-10 19:45:00,24.61,19:45:00
2026-04-10 20:00:00,24.56,20:00:00
2026-04-10 20:15:00,24.5,20:15:00
2026-04-10 20:30:00,24.55,20:30:00
2026-04-10 20:45:00,24.66,20:45:00
2026-04-10 21:00:00,24.84,21:00:00
2026-04-10 21:15:00,24.84,21:15:00
2026-04-10 21:30:00,24.91,21:30:00
2026-04-10 21:45:00,24.99,21:45:00
2026-04-10 22:00:00,23.94,22:00:00
2026-04-10 22:15:00,23.72,22:15:00
2026-04-10 22:30:00,23.52,22:30:00
2026-04-10 22:45:00,23.7,22:45:00
2026-04-10 23:00:00,23.29,23:00:00
2026-04-10 23:15:00,23.24,23:15:00
2026-04-10 23:30:00,23.36,23:30:00
2026-04-10 23:45:00,23.47,23:45:00
2026-04-11 00:00:00,23.74,00:00:00
2026-04-11 00:15:00,24.08,00:15:00
2026-04-11 00:30:00,24.42,00:30:00
2026-04-11 00:45:00,24.55,00:45:00
2026-04-11 01:00:00,24.65,01:00:00
2026-04-11 01:15:00,24.52,01:15:00
2026-04-11 01:30:00,24.87,01:30:00
2026-04-11 01:45:00,25.08,01:45:00
2026-04-11 02:00:00,25.31,02:00:00
2026-04-11 02:15:00,25.33,02:15:00
2026-04-11 02:30:00,25.39,02:30:00
2026-04-11 02:45:00,25.47,02:45:00
2026-04-11 03:00:00,25.23,03:00:00
2026-04-11 03:15:00,25.45,03:15:00
2026-04-11 03:30:00,25.58,03:30:00
2026-04-11 03:45:00,25.79,03:45:00
2026-04-11 04:00:00,25.33,04:00:00
2026-04-11 04:15:00,25.34,04:15:00
2026-04-11 04:30:00,25.57,04:30:00
2026-04-11 04:45:00,25.51,04:45:00
2026-04-11 05:00:00,24.53,05:00:00
2026-04-11 05:15:00,24.63,05:15:00
2026-04-11 05:30:00,24.9,05:30:00
2026-04-11 05:45:00,24.84,05:45:00
2026-04-11 06:00:00,23.8,06:00:00
2026-04-11 06:15:00,23.76,06:15:00
2026-04-11 06:30:00,23.37,06:30:00
2026-04-11 06:45:00,25.02,06:45:00
2026-04-11 07:00:00,24.59,07:00:00
2026-04-11 07:15:00,25.39,07:15:00
2026-04-11 07:30:00,25.32,07:30:00
2026-04-11 07:45:00,24.63,07:45:00
2026-04-11 08:00:00,23.16,08:00:00
2026-04-11 08:15:00,22.74,08:15:00
2026-04-11 08:30:00,23.29,08:30:00
2026-04-11 08:45:00,23.13,08:45:00
2026-04-11 09:00:00,22.18,09:00:00
2026-04-11 09:15:00,21.96,09:15:00
2026-04-11 09:30:00,22.42,09:30:00
2026-04-11 09:45:00,22.69,09:45:00
2026-04-11 10:00:00,25.24,10:00:00
2026-04-11 10:15:00,25.58,10:15:00
2026-04-11 10:30:00,24.5,10:30:00
2026-04-11 10:45:00,23.42,10:45:00
2026-04-11 11:00:00,21.98,11:00:00
2026-04-11 11:15:00,21.8,11:15:00
2026-04-11 11:30:00,22.33,11:30:00
2026-04-11 11:45:00,22.27,11:45:00
2026-04-11 12:00:00,21.88,12:00:00
2026-04-11 12:15:00,21.85,12:15:00
2026-04-11 12:30:00,21.19,12:30:00
2026-04-11 12:45:00,21.24,12:45:00
2026-04-11 13:00:00,22.11,13:00:00
2026-04-11 13:15:00,21.84,13:15:00
2026-04-11 13:30:00,22.12,13:30:00
2026-04-11 13:45:00,22.1,13:45:00
2026-04-11 14:00:00,21.13,14:00:00
2026-04-11 14:15:00,21.28,14:15:00
2026-04-11 14:30:00,21.73,14:30:00
2026-04-11 14:45:00,21.49,14:45:00
2026-04-11 15:00:00,21.95,15:00:00
2026-04-11 15:15:00,20.54,15:15:00
2026-04-11 15:30:00,19.23,15:30:00
2026-04-11 15:45:00,19.56,15:45:00
2026-04-11 16:00:00,19.21,16:00:00
2026-04-11 16:15:00,18.02,16:15:00
2026-04-11 16:30:00,16.92,16:30:00
2026-04-11 16:45:00,17.12,16:45:00
2026-04-11 17:00:00,17.21,17:00:00
2026-04-11 17:15:00,16.77,17:15:00
2026-04-11 17:30:00,16.58,17:30:00
2026-04-11 17:45:00,16.78,17:45:00
2026-04-11 18:00:00,18.01,18:00:00
2026-04-11 18:15:00,17.73,18:15:00
2026-04-11 18:30:00,17.23,18:30:00
2026-04-11 18:45:00,17.22,18:45:00
2026-04-11 19:00:00,16.32,19:00:00
2026-04-11 19:15:00,16.4,19:15:00
2026-04-11 19:30:00,16.49,19:30:00
2026-04-11 19:45:00,16.67,19:45:00
2026-04-11 20:00:00,17.23,20:00:00
2026-04-11 20:15:00,17.57,20:15:00
2026-04-11 20:30:00,17.75,20:30:00
2026-04-11 20:45:00,17.65,20:45:00
2026-04-11 21:00:00,18.06,21:00:00
2026-04-11 21:15:00,18.3,21:15:00
2026-04-11 21:30:00,18.36,21:30:00
2026-04-11 21:45:00,18.29,21:45:00
2026-04-11 22:00:00,16.61,22:00:00
2026-04-11 22:15:00,16.0,22:15:00
2026-04-11 22:30:00,16.05,22:30:00
2026-04-11 22:45:00,16.04,22:45:00
2026-04-11 23:00:00,17.75,23:00:00
2026-04-11 23:15:00,17.63,23:15:00
2026-04-11 23:30:00,17.47,23:30:00
2026-04-11 23:45:00,17.35,23:45:00
2026-04-12 00:00:00,18.07,00:00:00
2026-04-12 00:15:00,18.04,00:15:00
2026-04-12 00:30:00,18.04,00:30:00
2026-04-12 00:45:00,17.89,00:45:00
2026-04-12 01:00:00,17.28,01:00:00
2026-04-12 01:15:00,17.14,01:15:00
2026-04-12 01:30:00,17.31,01:30:00
2026-04-12 01:45:00,17.39,01:45:00
2026-04-12 02:00:00,17.96,02:00:00
2026-04-12 02:15:00,17.98,02:15:00
2026-04-12 02:30:00,17.87,02:30:00
2026-04-12 02:45:00,17.83,02:45:00
2026-04-12 03:00:00,18.27,03:00:00
2026-04-12 03:15:00,18.38,03:15:00
2026-04-12 03:30:00,18.25,03:30:00
2026-04-12 03:45:00,18.22,03:45:00
2026-04-12 04:00:00,17.86,04:00:00
2026-04-12 04:15:00,18.0,04:15:00
2026-04-12 04:30:00,18.25,04:30:00
2026-04-12 04:45:00,18.34,04:45:00
2026-04-12 05:00:00,18.21,05:00:00
2026-04-12 05:15:00,18.39,05:15:00
2026-04-12 05:30:00,18.36,05:30:00
2026-04-12 05:45:00,18.43,05:45:00
2026-04-12 06:00:00,17.94,06:00:00
2026-04-12 06:15:00,18.04,06:15:00
2026-04-12 06:30:00,18.14,06:30:00
2026-04-12 06:45:00,18.3,06:45:00
2026-04-12 07:00:00,18.45,07:00:00
2026-04-12 07:15:00,18.53,07:15:00
2026-04-12 07:30:00,18.55,07:30:00
2026-04-12 07:45:00,18.7,07:45:00
2026-04-12 08:00:00,18.75,08:00:00
2026-04-12 08:15:00,21.1,08:15:00
2026-04-12 08:30:00,23.1,08:30:00
2026-04-12 08:45:00,24.34,08:45:00
2026-04-12 09:00:00,24.21,09:00:00
2026-04-12 09:15:00,23.52,09:15:00
2026-04-12 09:30:00,23.3,09:30:00
2026-04-12 09:45:00,23.87,09:45:00
2026-04-12 10:00:00,24.24,10:00:00
2026-04-12 10:15:00,24.07,10:15:00
2026-04-12 10:30:00,24.08,10:30:00
2026-04-12 10:45:00,24.11,10:45:00
2026-04-12 11:00:00,22.84,11:00:00
2026-04-12 11:15:00,22.88,11:15:00
2026-04-12 11:30:00,23.58,11:30:00
2026-04-12 11:45:00,23.97,11:45:00
2026-04-12 12:00:00,24.13,12:00:00
2026-04-12 12:15:00,23.3,12:15:00
2026-04-12 12:30:00,24.13,12:30:00
2026-04-12 12:45:00,24.11,12:45:00
2026-04-12 13:00:00,21.54,13:00:00
2026-04-12 13:15:00,20.72,13:15:00
2026-04-12 13:30:00,19.12,13:30:00
2026-04-12 13:45:00,17.62,13:45:00
2026-04-12 14:00:00,19.4,14:00:00
2026-04-12 14:15:00,19.13,14:15:00
2026-04-12 14:30:00,19.2,14:30:00
2026-04-12 14:45:00,19.1,14:45:00
2026-04-12 15:00:00,19.57,15:00:00
2026-04-12 15:15:00,19.68,15:15:00
2026-04-12 15:30:00,19.74,15:30:00
2026-04-12 15:45:00,19.91,15:45:00
2026-04-12 16:00:00,21.5,16:00:00
2026-04-12 16:15:00,21.49,16:15:00
2026-04-12 16:30:00,21.52,16:30:00
2026-04-12 16:45:00,21.57,16:45:00
2026-04-12 17:00:00,22.38,17:00:00
2026-04-12 17:15:00,22.22,17:15:00
2026-04-12 17:30:00,21.99,17:30:00
2026-04-12 17:45:00,21.85,17:45:00
2026-04-12 18:00:00,21.61,18:00:00
2026-04-12 18:15:00,21.57,18:15:00
2026-04-12 18:30:00,21.74,18:30:00
2026-04-12 18:45:00,21.64,18:45:00
2026-04-12 19:00:00,22.13,19:00:00
2026-04-12 19:15:00,22.2,19:15:00
2026-04-12 19:30:00,22.06,19:30:00
2026-04-12 19:45:00,22.1,19:45:00
2026-04-12 20:00:00,21.83,20:00:00
2026-04-12 20:15:00,21.63,20:15:00
2026-04-12 20:30:00,21.61,20:30:00
2026-04-12 20:45:00,21.88,20:45:00
2026-04-12 21:00:00,22.34,21:00:00
2026-04-12 21:15:00,22.49,21:15:00
2026-04-12 21:30:00,22.66,21:30:00
2026-04-12 21:45:00,22.48,21:45:00
2026-04-12 22:00:00,21.28,22:00:00
2026-04-12 22:15:00,21.37,22:15:00
2026-04-12 22:30:00,21.13,22:30:00
2026-04-12 22:45:00,21.17,22:45:00
2026-04-12 23:00:00,21.06,23:00:00
2026-04-12 23:15:00,20.96,23:15:00
2026-04-12 23:30:00,21.05,23:30:00
2026-04-12 23:45:00,21.08,23:45:00
2026-04-13 00:00:00,21.11,00:00:00
2026-04-13 00:15:00,21.09,00:15:00
2026-04-13 00:30:00,21.12,00:30:00
2026-04-13 00:45:00,21.29,00:45:00
2026-04-13 01:00:00,22.05,01:00:00
2026-04-13 01:15:00,21.78,01:15:00
2026-04-13 01:30:00,21.58,01:30:00
2026-04-13 01:45:00,21.76,01:45:00
2026-04-13 02:00:00,22.34,02:00:00
2026-04-13 02:15:00,22.35,02:15:00
2026-04-13 02:30:00,22.47,02:30:00
2026-04-13 02:45:00,22.6,02:45:00
2026-04-13 03:00:00,22.84,03:00:00
2026-04-13 03:15:00,22.98,03:15:00
2026-04-13 03:30:00,23.4,03:30:00
2026-04-13 03:45:00,23.6,03:45:00
2026-04-13 04:00:00,23.63,04:00:00
2026-04-13 04:15:00,23.42,04:15:00
2026-04-13 04:30:00,23.31,04:30:00
2026-04-13 04:45:00,23.26,04:45:00
2026-04-13 05:00:00,22.88,05:00:00
2026-04-13 05:15:00,22.61,05:15:00
2026-04-13 05:30:00,22.63,05:30:00
2026-04-13 05:45:00,22.46,05:45:00
2026-04-13 06:00:00,22.5,06:00:00
2026-04-13 06:15:00,22.62,06:15:00
2026-04-13 06:30:00,22.76,06:30:00
2026-04-13 06:45:00,22.99,06:45:00
2026-04-13 07:00:00,23.4,07:00:00
2026-04-13 07:15:00,23.5,07:15:00
2026-04-13 07:30:00,23.53,07:30:00
2026-04-13 07:45:00,24.05,07:45:00
2026-04-13 08:00:00,24.28,08:00:00
2026-04-13 08:15:00,23.97,08:15:00
2026-04-13 08:30:00,23.74,08:30:00
2026-04-13 08:45:00,23.57,08:45:00
2026-04-13 09:00:00,22.43,09:00:00
2026-04-13 09:15:00,22.44,09:15:00
2026-04-13 09:30:00,22.08,09:30:00
2026-04-13 09:45:00,21.93,09:45:00
2026-04-13 10:00:00,21.74,10:00:00
2026-04-13 10:15:00,21.87,10:15:00
2026-04-13 10:30:00,21.78,10:30:00
2026-04-13 10:45:00,21.67,10:45:00
2026-04-13 11:00:00,20.41,11:00:00
2026-04-13 11:15:00,20.3,11:15:00
2026-04-13 11:30:00,20.46,11:30:00
2026-04-13 11:45:00,20.48,11:45:00
2026-04-13 12:00:00,20.1,12:00:00
2026-04-13 12:15:00,20.22,12:15:00
2026-04-13 12:30:00,20.32,12:30:00
2026-04-13 12:45:00,20.34,12:45:00
2026-04-13 13:00:00,20.5,13:00:00
2026-04-13 13:15:00,20.32,13:15:00
2026-04-13 13:30:00,20.28,13:30:00
2026-04-13 13:45:00,20.08,13:45:00
2026-04-13 14:00:00,20.5,14:00:00
2026-04-13 14:15:00,20.63,14:15:00
2026-04-13 14:30:00,20.18,14:30:00
2026-04-13 14:45:00,20.07,14:45:00
2026-04-13 15:00:00,20.27,15:00:00
2026-04-13 15:15:00,20.71,15:15:00
2026-04-13 15:30:00,20.95,15:30:00
2026-04-13 15:45:00,20.76,15:45:00
2026-04-13 16:00:00,21.21,16:00:00
2026-04-13 16:15:00,21.02,16:15:00
2026-04-13 16:30:00,21.08,16:30:00
2026-04-13 16:45:00,21.0,16:45:00
2026-04-13 17:00:00,21.06,17:00:00
2026-04-13 17:15:00,20.87,17:15:00
2026-04-13 17:30:00,20.66,17:30:00
2026-04-13 17:45:00,20.45,17:45:00
2026-04-13 18:00:00,20.36,18:00:00
2026-04-13 18:15:00,20.39,18:15:00
2026-04-13 18:30:00,20.45,18:30:00
2026-04-13 18:45:00,20.37,18:45:00
2026-04-13 19:00:00,20.46,19:00:00
2026-04-13 19:15:00,20.42,19:15:00
2026-04-13 19:30:00,20.5,19:30:00
2026-04-13 19:45:00,20.59,19:45:00
2026-04-13 20:00:00,20.34,20:00:00
2026-04-13 20:15:00,20.44,20:15:00
2026-04-13 20:30:00,20.62,20:30:00
2026-04-13 20:45:00,20.57,20:45:00
2026-04-13 21:00:00,20.85,21:00:00
2026-04-13 21:15:00,20.95,21:15:00
2026-04-13 21:30:00,21.04,21:30:00
2026-04-13 21:45:00,21.02,21:45:00
2026-04-13 22:00:00,19.69,22:00:00
2026-04-13 22:15:00,19.68,22:15:00
2026-04-13 22:30:00,19.9,22:30:00
2026-04-13 22:45:00,20.16,22:45:00
2026-04-13 23:00:00,20.05,23:00:00
2026-04-13 23:15:00,20.0,23:15:00
2026-04-13 23:30:00,20.1,23:30:00
2026-04-13 23:45:00,20.22,23:45:00
2026-04-14 00:00:00,20.29,00:00:00
2026-04-14 00:15:00,20.42,00:15:00
2026-04-14 00:30:00,20.41,00:30:00
2026-04-14 00:45:00,20.37,00:45:00
2026-04-14 01:00:00,20.03,01:00:00
2026-04-14 01:15:00,20.04,01:15:00
2026-04-14 01:30:00,20.09,01:30:00
2026-04-14 01:45:00,20.18,01:45:00
2026-04-14 02:00:00,20.61,02:00:00
2026-04-14 02:15:00,20.74,02:15:00
2026-04-14 02:30:00,20.69,02:30:00
2026-04-14 02:45:00,20.64,02:45:00
2026-04-14 03:00:00,20.54,03:00:00
2026-04-14 03:15:00,20.67,03:15:00
2026-04-14 03:30:00,20.66,03:30:00
2026-04-14 03:45:00,20.68,03:45:00
2026-04-14 04:00:00,21.18,04:00:00
2026-04-14 04:15:00,20.83,04:15:00
2026-04-14 04:30:00,20.61,04:30:00
2026-04-14 04:45:00,20.34,04:45:00
2026-04-14 05:00:00,20.37,05:00:00
2026-04-14 05:15:00,20.32,05:15:00
2026-04-14 05:30:00,20.5,05:30:00
2026-04-14 05:45:00,20.62,05:45:00
2026-04-14 06:00:00,20.82,06:00:00
2026-04-14 06:15:00,20.77,06:15:00
2026-04-14 06:30:00,20.79,06:30:00
2026-04-14 06:45:00,21.09,06:45:00
2026-04-14 07:00:00,20.95,07:00:00
2026-04-14 07:15:00,21.01,07:15:00
2026-04-14 07:30:00,20.88,07:30:00
2026-04-14 07:45:00,20.84,07:45:00
2026-04-14 08:00:00,19.87,08:00:00
2026-04-14 08:15:00,19.83,08:15:00
2026-04-14 08:30:00,19.91,08:30:00
2026-04-14 08:45:00,19.89,08:45:00
2026-04-14 09:00:00,19.15,09:00:00
2026-04-14 09:15:00,19.04,09:15:00
2026-04-14 09:30:00,18.93,09:30:00
2026-04-14 09:45:00,18.77,09:45:00
2026-04-14 10:00:00,18.3,10:00:00
2026-04-14 10:15:00,18.21,10:15:00
2026-04-14 10:30:00,18.21,10:30:00
2026-04-14 10:45:00,18.09,10:45:00
2026-04-14 11:00:00,17.95,11:00:00
2026-04-14 11:15:00,17.95,11:15:00
2026-04-14 11:30:00,17.9,11:30:00
2026-04-14 11:45:00,17.9,11:45:00
2026-04-14 12:00:00,17.27,12:00:00
2026-04-14 12:15:00,17.18,12:15:00
2026-04-14 12:30:00,17.17,12:30:00
2026-04-14 12:45:00,17.29,12:45:00
2026-04-14 13:00:00,17.89,13:00:00
2026-04-14 13:15:00,18.11,13:15:00
2026-04-14 13:30:00,18.23,13:30:00
2026-04-14 13:45:00,18.13,13:45:00
2026-04-14 14:00:00,17.99,14:00:00
2026-04-14 14:15:00,18.05,14:15:00
2026-04-14 14:30:00,18.02,14:30:00
2026-04-14 14:45:00,17.93,14:45:00
2026-04-14 15:00:00,18.8,15:00:00
2026-04-14 15:15:00,18.7,15:15:00
2026-04-14 15:30:00,18.5,15:30:00
2026-04-14 15:45:00,18.6,15:45:00
2026-04-14 16:00:00,19.85,16:00:00
2026-04-14 16:15:00,19.79,16:15:00
2026-04-14 16:30:00,19.98,16:30:00
2026-04-14 16:45:00,19.77,16:45:00
2026-04-14 17:00:00,21.44,17:00:00
2026-04-14 17:15:00,21.9,17:15:00
2026-04-14 17:30:00,21.77,17:30:00
2026-04-14 17:45:00,22.08,17:45:00
2026-04-14 18:00:00,22.03,18:00:00
2026-04-14 18:15:00,22.49,18:15:00
2026-04-14 18:30:00,22.27,18:30:00
2026-04-14 18:45:00,22.31,18:45:00
2026-04-14 19:00:00,20.74,19:00:00
2026-04-14 19:15:00,20.88,19:15:00
2026-04-14 19:30:00,21.0,19:30:00
2026-04-14 19:45:00,21.18,19:45:00
2026-04-14 20:00:00,21.16,20:00:00
2026-04-14 20:15:00,21.09,20:15:00
2026-04-14 20:30:00,21.17,20:30:00
2026-04-14 20:45:00,21.4,20:45:00
2026-04-14 21:00:00,21.29,21:00:00
2026-04-14 21:15:00,21.48,21:15:00
2026-04-14 21:30:00,21.57,21:30:00
2026-04-14 21:45:00,21.74,21:45:00
2026-04-14 22:00:00,22.14,22:00:00
2026-04-14 22:15:00,22.3,22:15:00
2026-04-14 22:30:00,22.43,22:30:00
2026-04-14 22:45:00,22.63,22:45:00
2026-04-14 23:00:00,22.3,23:00:00
2026-04-14 23:15:00,22.25,23:15:00
2026-04-14 23:30:00,22.49,23:30:00
2026-04-14 23:45:00,22.69,23:45:00
2026-04-15 00:00:00,22.79,00:00:00
2026-04-15 00:15:00,22.94,00:15:00
2026-04-15 00:30:00,22.83,00:30:00
2026-04-15 00:45:00,22.94,00:45:00
2026-04-15 01:00:00,23.35,01:00:00
2026-04-15 01:15:00,23.39,01:15:00
2026-04-15 01:30:00,23.35,01:30:00
2026-04-15 01:45:00,23.47,01:45:00
2026-04-15 02:00:00,23.7,02:00:00
2026-04-15 02:15:00,23.87,02:15:00
2026-04-15 02:30:00,24.04,02:30:00
2026-04-15 02:45:00,23.86,02:45:00
2026-04-15 03:00:00,24.27,03:00:00
2026-04-15 03:15:00,24.17,03:15:00
2026-04-15 03:30:00,24.01,03:30:00
2026-04-15 03:45:00,23.86,03:45:00
2026-04-15 04:00:00,25.84,04:00:00
2026-04-15 04:15:00,25.45,04:15:00
2026-04-15 04:30:00,25.62,04:30:00
2026-04-15 04:45:00,25.53,04:45:00
2026-04-15 05:00:00,25.19,05:00:00
2026-04-15 05:15:00,25.06,05:15:00
2026-04-15 05:30:00,24.93,05:30:00
2026-04-15 05:45:00,24.86,05:45:00
2026-04-15 06:00:00,23.98,06:00:00
2026-04-15 06:15:00,24.14,06:15:00
2026-04-15 06:30:00,24.91,06:30:00
2026-04-15 06:45:00,25.3,06:45:00
2026-04-15 07:00:00,24.7,07:00:00
2026-04-15 07:15:00,25.3,07:15:00
2026-04-15 07:30:00,25.64,07:30:00
2026-04-15 07:45:00,26.26,07:45:00
2026-04-15 08:00:00,24.67,08:00:00
2026-04-15 08:15:00,31.16,08:15:00
2026-04-15 08:30:00,32.44,08:30:00
2026-04-15 08:45:00,35.74,08:45:00
2026-04-15 09:00:00,35.77,09:00:00
2026-04-15 09:15:00,33.88,09:15:00
2026-04-15 09:30:00,34.01,09:30:00
2026-04-15 09:45:00,33.99,09:45:00
2026-04-15 10:00:00,33.02,10:00:00
2026-04-15 10:15:00,32.7,10:15:00
2026-04-15 10:30:00,32.59,10:30:00
2026-04-15 10:45:00,32.08,10:45:00
2026-04-15 11:00:00,31.69,11:00:00
2026-04-15 11:15:00,32.24,11:15:00
2026-04-15 11:30:00,33.7,11:30:00
2026-04-15 11:45:00,33.48,11:45:00
2026-04-15 12:00:00,31.88,12:00:00
2026-04-15 12:15:00,31.62,12:15:00
2026-04-15 12:30:00,33.74,12:30:00
2026-04-15 12:45:00,33.33,12:45:00
2026-04-15 13:00:00,33.16,13:00:00
2026-04-15 13:15:00,31.84,13:15:00
2026-04-15 13:30:00,29.01,13:30:00
2026-04-15 13:45:00,25.67,13:45:00
2026-04-15 14:00:00,28.29,14:00:00
2026-04-15 14:15:00,24.78,14:15:00
2026-04-15 14:30:00,23.34,14:30:00
2026-04-15 14:45:00,22.25,14:45:00
2026-04-15 15:00:00,21.89,15:00:00
2026-04-15 15:15:00,21.6,15:15:00
2026-04-15 15:30:00,21.44,15:30:00
2026-04-15 15:45:00,21.37,15:45:00
2026-04-15 16:00:00,21.72,16:00:00
2026-04-15 16:15:00,21.69,16:15:00
2026-04-15 16:30:00,21.9,16:30:00
2026-04-15 16:45:00,21.92,16:45:00
2026-04-15 17:00:00,23.61,17:00:00
2026-04-15 17:15:00,23.45,17:15:00
2026-04-15 17:30:00,23.35,17:30:00
2026-04-15 17:45:00,23.26,17:45:00
2026-04-15 18:00:00,26.8,18:00:00
2026-04-15 18:15:00,26.11,18:15:00
2026-04-15 18:30:00,25.14,18:30:00
2026-04-15 18:45:00,25.12,18:45:00
2026-04-15 19:00:00,24.27,19:00:00
2026-04-15 19:15:00,26.05,19:15:00
2026-04-15 19:30:00,25.88,19:30:00
2026-04-15 19:45:00,26.21,19:45:00
2026-04-15 20:00:00,23.26,20:00:00
2026-04-15 20:15:00,22.92,20:15:00
2026-04-15 20:30:00,22.84,20:30:00
2026-04-15 20:45:00,22.83,20:45:00
2026-04-15 21:00:00,22.28,21:00:00
2026-04-15 21:15:00,22.11,21:15:00
2026-04-15 21:30:00,22.47,21:30:00
2026-04-15 21:45:00,22.79,21:45:00
2026-04-15 22:00:00,24.09,22:00:00
2026-04-15 22:15:00,23.99,22:15:00
2026-04-15 22:30:00,24.06,22:30:00
2026-04-15 22:45:00,24.36,22:45:00
2026-04-15 23:00:00,23.64,23:00:00
2026-04-15 23:15:00,24.15,23:15:00
2026-04-15 23:30:00,24.33,23:30:00
2026-04-15 23:45:00,24.35,23:45:00
2026-04-16 00:00:00,24.53,00:00:00
2026-04-16 00:15:00,24.32,00:15:00
2026-04-16 00:30:00,24.51,00:30:00
2026-04-16 00:45:00,24.85,00:45:00
2026-04-16 01:00:00,24.9,01:00:00
2026-04-16 01:15:00,25.12,01:15:00
2026-04-16 01:30:00,25.1,01:30:00
2026-04-16 01:45:00,25.18,01:45:00
2026-04-16 02:00:00,25.01,02:00:00
2026-04-16 02:15:00,24.99,02:15:00
2026-04-16 02:30:00,24.58,02:30:00
2026-04-16 02:45:00,24.62,02:45:00
2026-04-16 03:00:00,26.21,03:00:00
2026-04-16 03:15:00,27.71,03:15:00
2026-04-16 03:30:00,25.44,03:30:00
2026-04-16 03:45:00,25.23,03:45:00
2026-04-16 04:00:00,27.69,04:00:00
2026-04-16 04:15:00,30.97,04:15:00
2026-04-16 04:30:00,32.43,04:30:00
2026-04-16 04:45:00,31.48,04:45:00
2026-04-16 05:00:00,30.36,05:00:00
2026-04-16 05:15:00,30.42,05:15:00
2026-04-16 05:30:00,29.58,05:30:00
2026-04-16 05:45:00,29.41,05:45:00
2026-04-16 06:00:00,29.32,06:00:00
2026-04-16 06:15:00,27.01,06:15:00
2026-04-16 06:30:00,27.01,06:30:00
2026-04-16 06:45:00,28.98,06:45:00
2026-04-16 07:00:00,28.57,07:00:00
2026-04-16 07:15:00,27.81,07:15:00
2026-04-16 07:30:00,27.93,07:30:00
2026-04-16 07:45:00,28.04,07:45:00
2026-04-16 08:00:00,27.33,08:00:00
2026-04-16 08:15:00,27.74,08:15:00
2026-04-16 08:30:00,27.81,08:30:00
2026-04-16 08:45:00,28.42,08:45:00
2026-04-16 09:00:00,27.46,09:00:00
2026-04-16 09:15:00,27.07,09:15:00
2026-04-16 09:30:00,29.2,09:30:00
2026-04-16 09:45:00,30.21,09:45:00
2026-04-16 10:00:00,30.45,10:00:00
2026-04-16 10:15:00,31.24,10:15:00
2026-04-16 10:30:00,30.76,10:30:00
2026-04-16 10:45:00,30.76,10:45:00
2026-04-16 11:00:00,30.24,11:00:00
2026-04-16 11:15:00,29.71,11:15:00
2026-04-16 11:30:00,30.42,11:30:00
2026-04-16 11:45:00,31.03,11:45:00
2026-04-16 12:00:00,29.16,12:00:00
2026-04-16 12:15:00,29.21,12:15:00
2026-04-16 12:30:00,28.95,12:30:00
2026-04-16 12:45:00,29.04,12:45:00
2026-04-16 13:00:00,25.57,13:00:00
2026-04-16 13:15:00,26.15,13:15:00
2026-04-16 13:30:00,27.19,13:30:00
2026-04-16 13:45:00,24.96,13:45:00
2026-04-16 14:00:00,24.41,14:00:00
2026-04-16 14:15:00,24.09,14:15:00
2026-04-16 14:30:00,24.19,14:30:00
2026-04-16 14:45:00,23.94,14:45:00
2026-04-16 15:00:00,25.92,15:00:00
2026-04-16 15:15:00,28.18,15:15:00
2026-04-16 15:30:00,27.38,15:30:00
2026-04-16 15:45:00,26.2,15:45:00
2026-04-16 16:00:00,26.73,16:00:00
2026-04-16 16:15:00,24.98,16:15:00
2026-04-16 16:30:00,25.08,16:30:00
2026-04-16 16:45:00,24.97,16:45:00
2026-04-16 17:00:00,26.16,17:00:00
2026-04-16 17:15:00,26.05,17:15:00
2026-04-16 17:30:00,25.87,17:30:00
2026-04-16 17:45:00,25.95,17:45:00
2026-04-16 18:00:00,26.64,18:00:00
2026-04-16 18:15:00,26.24,18:15:00
2026-04-16 18:30:00,26.58,18:30:00
2026-04-16 18:45:00,28.11,18:45:00
2026-04-16 19:00:00,27.45,19:00:00
2026-04-16 19:15:00,27.84,19:15:00
2026-04-16 19:30:00,28.67,19:30:00
2026-04-16 19:45:00,29.38,19:45:00
2026-04-16 20:00:00,29.02,20:00:00
2026-04-16 20:15:00,29.54,20:15:00
2026-04-16 20:30:00,29.88,20:30:00
2026-04-16 20:45:00,29.89,20:45:00
2026-04-16 21:00:00,29.26,21:00:00
2026-04-16 21:15:00,29.29,21:15:00
2026-04-16 21:30:00,29.19,21:30:00
2026-04-16 21:45:00,29.59,21:45:00
2026-04-16 22:00:00,31.54,22:00:00
2026-04-16 22:15:00,32.15,22:15:00
2026-04-16 22:30:00,32.38,22:30:00
2026-04-16 22:45:00,32.19,22:45:00
2026-04-16 23:00:00,30.82,23:00:00
2026-04-16 23:15:00,30.85,23:15:00
2026-04-16 23:30:00,30.74,23:30:00
2026-04-16 23:45:00,30.08,23:45:00
2026-04-17 00:00:00,28.43,00:00:00
2026-04-17 00:15:00,27.75,00:15:00
2026-04-17 00:30:00,27.21,00:30:00
2026-04-17 00:45:00,26.62,00:45:00
2026-04-17 01:00:00,26.0,01:00:00
2026-04-17 01:15:00,25.65,01:15:00
2026-04-17 01:30:00,25.56,01:30:00
2026-04-17 01:45:00,25.46,01:45:00
2026-04-17 02:00:00,25.73,02:00:00
2026-04-17 02:15:00,25.83,02:15:00
2026-04-17 02:30:00,25.76,02:30:00
2026-04-17 02:45:00,25.65,02:45:00
2026-04-17 03:00:00,26.72,03:00:00
2026-04-17 03:15:00,26.82,03:15:00
2026-04-17 03:30:00,26.81,03:30:00
2026-04-17 03:45:00,26.73,03:45:00
2026-04-17 04:00:00,26.52,04:00:00
2026-04-17 04:15:00,26.32,04:15:00
2026-04-17 04:30:00,26.48,04:30:00
2026-04-17 04:45:00,26.52,04:45:00
2026-04-17 05:00:00,27.12,05:00:00
2026-04-17 05:15:00,27.11,05:15:00
2026-04-17 05:30:00,27.14,05:30:00
2026-04-17 05:45:00,27.01,05:45:00
2026-04-17 06:00:00,26.37,06:00:00
2026-04-17 06:15:00,25.88,06:15:00
2026-04-17 06:30:00,25.8,06:30:00
2026-04-17 06:45:00,26.18,06:45:00
2026-04-17 07:00:00,25.41,07:00:00
2026-04-17 07:15:00,25.94,07:15:00
2026-04-17 07:30:00,26.22,07:30:00
2026-04-17 07:45:00,26.35,07:45:00
2026-04-17 08:00:00,24.87,08:00:00
2026-04-17 08:15:00,24.77,08:15:00
2026-04-17 08:30:00,24.8,08:30:00
2026-04-17 08:45:00,25.0,08:45:00
2026-04-17 09:00:00,23.78,09:00:00
2026-04-17 09:15:00,23.5,09:15:00
2026-04-17 09:30:00,23.53,09:30:00
2026-04-17 09:45:00,23.4,09:45:00
2026-04-17 10:00:00,23.12,10:00:00
2026-04-17 10:15:00,23.16,10:15:00
2026-04-17 10:30:00,23.31,10:30:00
2026-04-17 10:45:00,23.4,10:45:00
2026-04-17 11:00:00,21.86,11:00:00
2026-04-17 11:15:00,22.09,11:15:00
2026-04-17 11:30:00,21.89,11:30:00
2026-04-17 11:45:00,21.88,11:45:00
2026-04-17 12:00:00,22.04,12:00:00
2026-04-17 12:15:00,22.09,12:15:00
2026-04-17 12:30:00,21.77,12:30:00
2026-04-17 12:45:00,21.69,12:45:00
2026-04-17 13:00:00,21.69,13:00:00
2026-04-17 13:15:00,21.48,13:15:00
2026-04-17 13:30:00,21.35,13:30:00
2026-04-17 13:45:00,21.27,13:45:00
2026-04-17 14:00:00,21.27,14:00:00
2026-04-17 14:15:00,20.39,14:15:00
2026-04-17 14:30:00,20.44,14:30:00
2026-04-17 14:45:00,20.72,14:45:00
2026-04-17 15:00:00,21.82,15:00:00
2026-04-17 15:15:00,21.76,15:15:00
2026-04-17 15:30:00,21.63,15:30:00
2026-04-17 15:45:00,21.65,15:45:00
2026-04-17 16:00:00,22.19,16:00:00
2026-04-17 16:15:00,21.95,16:15:00
2026-04-17 16:30:00,21.97,16:30:00
2026-04-17 16:45:00,21.97,16:45:00
2026-04-17 17:00:00,23.32,17:00:00
2026-04-17 17:15:00,23.33,17:15:00
2026-04-17 17:30:00,23.26,17:30:00
2026-04-17 17:45:00,23.0,17:45:00
2026-04-17 18:00:00,23.44,18:00:00
2026-04-17 18:15:00,23.33,18:15:00
2026-04-17 18:30:00,23.25,18:30:00
2026-04-17 18:45:00,23.34,18:45:00
2026-04-17 19:00:00,23.31,19:00:00
2026-04-17 19:15:00,23.3,19:15:00
2026-04-17 19:30:00,23.25,19:30:00
2026-04-17 19:45:00,23.42,19:45:00
2026-04-17 20:00:00,22.08,20:00:00
2026-04-17 20:15:00,21.94,20:15:00
2026-04-17 20:30:00,22.24,20:30:00
2026-04-17 20:45:00,22.5,20:45:00
2026-04-17 21:00:00,22.74,21:00:00
2026-04-17 21:15:00,22.54,21:15:00
2026-04-17 21:30:00,22.77,21:30:00
2026-04-17 21:45:00,22.84,21:45:00
2026-04-17 22:00:00,23.69,22:00:00
2026-04-17 22:15:00,23.2,22:15:00
2026-04-17 22:30:00,22.9,22:30:00
2026-04-17 22:45:00,22.78,22:45:00
2026-04-17 23:00:00,22.65,23:00:00
2026-04-17 23:15:00,22.6,23:15:00
2026-04-17 23:30:00,22.73,23:30:00
2026-04-17 23:45:00,22.8,23:45:00
2026-04-18 00:00:00,22.32,00:00:00
2026-04-18 00:15:00,22.39,00:15:00
2026-04-18 00:30:00,22.36,00:30:00
2026-04-18 00:45:00,22.44,00:45:00
2026-04-18 01:00:00,22.96,01:00:00
2026-04-18 01:15:00,22.94,01:15:00
2026-04-18 01:30:00,23.05,01:30:00
2026-04-18 01:45:00,23.07,01:45:00
2026-04-18 02:00:00,22.95,02:00:00
2026-04-18 02:15:00,22.96,02:15:00
2026-04-18 02:30:00,23.0,02:30:00
2026-04-18 02:45:00,22.74,02:45:00
2026-04-18 03:00:00,22.79,03:00:00
2026-04-18 03:15:00,22.75,03:15:00
2026-04-18 03:30:00,22.7,03:30:00
2026-04-18 03:45:00,22.65,03:45:00
2026-04-18 04:00:00,22.98,04:00:00
2026-04-18 04:15:00,22.92,04:15:00
2026-04-18 04:30:00,22.99,04:30:00
2026-04-18 04:45:00,23.2,04:45:00
2026-04-18 05:00:00,22.7,05:00:00
2026-04-18 05:15:00,22.76,05:15:00
2026-04-18 05:30:00,22.92,05:30:00
2026-04-18 05:45:00,22.82,05:45:00
2026-04-18 06:00:00,23.52,06:00:00
2026-04-18 06:15:00,23.4,06:15:00
2026-04-18 06:30:00,23.62,06:30:00
2026-04-18 06:45:00,23.57,06:45:00
2026-04-18 07:00:00,22.74,07:00:00
2026-04-18 07:15:00,22.64,07:15:00
2026-04-18 07:30:00,22.59,07:30:00
2026-04-18 07:45:00,24.27,07:45:00
2026-04-18 08:00:00,24.3,08:00:00
2026-04-18 08:15:00,26.51,08:15:00
2026-04-18 08:30:00,29.03,08:30:00
2026-04-18 08:45:00,28.71,08:45:00
2026-04-18 09:00:00,26.65,09:00:00
2026-04-18 09:15:00,25.1,09:15:00
2026-04-18 09:30:00,22.35,09:30:00
2026-04-18 09:45:00,24.63,09:45:00
2026-04-18 10:00:00,26.19,10:00:00
2026-04-18 10:15:00,25.84,10:15:00
2026-04-18 10:30:00,25.46,10:30:00
2026-04-18 10:45:00,26.15,10:45:00
2026-04-18 11:00:00,26.6,11:00:00
2026-04-18 11:15:00,26.52,11:15:00
2026-04-18 11:30:00,27.51,11:30:00
2026-04-18 11:45:00,26.03,11:45:00
2026-04-18 12:00:00,25.97,12:00:00
2026-04-18 12:15:00,25.82,12:15:00
2026-04-18 12:30:00,25.8,12:30:00
2026-04-18 12:45:00,24.32,12:45:00
2026-04-18 13:00:00,25.79,13:00:00
2026-04-18 13:15:00,25.56,13:15:00
2026-04-18 13:30:00,23.93,13:30:00
2026-04-18 13:45:00,23.8,13:45:00
2026-04-18 14:00:00,24.28,14:00:00
2026-04-18 14:15:00,23.8,14:15:00
2026-04-18 14:30:00,23.96,14:30:00
2026-04-18 14:45:00,23.72,14:45:00
2026-04-18 15:00:00,21.34,15:00:00
2026-04-18 15:15:00,20.96,15:15:00
2026-04-18 15:30:00,20.58,15:30:00
2026-04-18 15:45:00,20.46,15:45:00
2026-04-18 16:00:00,20.85,16:00:00
2026-04-18 16:15:00,20.43,16:15:00
2026-04-18 16:30:00,20.23,16:30:00
2026-04-18 16:45:00,19.96,16:45:00
2026-04-18 17:00:00,21.55,17:00:00
2026-04-18 17:15:00,21.6,17:15:00
2026-04-18 17:30:00,21.76,17:30:00
2026-04-18 17:45:00,21.84,17:45:00
2026-04-18 18:00:00,22.4,18:00:00
2026-04-18 18:15:00,22.19,18:15:00
2026-04-18 18:30:00,22.28,18:30:00
2026-04-18 18:45:00,22.44,18:45:00
2026-04-18 19:00:00,21.38,19:00:00
2026-04-18 19:15:00,21.39,19:15:00
2026-04-18 19:30:00,21.86,19:30:00
2026-04-18 19:45:00,21.94,19:45:00
2026-04-18 20:00:00,22.45,20:00:00
2026-04-18 20:15:00,22.45,20:15:00
2026-04-18 20:30:00,23.3,20:30:00
2026-04-18 20:45:00,23.6,20:45:00
2026-04-18 21:00:00,23.54,21:00:00
2026-04-18 21:15:00,23.73,21:15:00
2026-04-18 21:30:00,24.01,21:30:00
2026-04-18 21:45:00,24.32,21:45:00
2026-04-18 22:00:00,27.58,22:00:00
2026-04-18 22:15:00,29.05,22:15:00
2026-04-18 22:30:00,29.29,22:30:00
2026-04-18 22:45:00,29.16,22:45:00
2026-04-18 23:00:00,27.98,23:00:00
2026-04-18 23:15:00,27.8,23:15:00
2026-04-18 23:30:00,28.63,23:30:00
2026-04-18 23:45:00,29.33,23:45:00
2026-04-19 00:00:00,28.57,00:00:00
2026-04-19 00:15:00,27.83,00:15:00
2026-04-19 00:30:00,28.31,00:30:00
2026-04-19 00:45:00,26.87,00:45:00
2026-04-19 01:00:00,24.53,01:00:00
2026-04-19 01:15:00,23.39,01:15:00
2026-04-19 01:30:00,22.67,01:30:00
2026-04-19 01:45:00,22.73,01:45:00
2026-04-19 02:00:00,23.81,02:00:00
2026-04-19 02:15:00,24.34,02:15:00
2026-04-19 02:30:00,24.09,02:30:00
2026-04-19 02:45:00,23.73,02:45:00
2026-04-19 03:00:00,22.22,03:00:00
2026-04-19 03:15:00,21.5,03:15:00
2026-04-19 03:30:00,21.55,03:30:00
2026-04-19 03:45:00,21.46,03:45:00
2026-04-19 04:00:00,21.75,04:00:00
2026-04-19 04:15:00,21.75,04:15:00
2026-04-19 04:30:00,21.76,04:30:00
2026-04-19 04:45:00,21.72,04:45:00
2026-04-19 05:00:00,21.76,05:00:00
2026-04-19 05:15:00,21.66,05:15:00
2026-04-19 05:30:00,21.51,05:30:00
2026-04-19 05:45:00,21.45,05:45:00
2026-04-19 06:00:00,20.71,06:00:00
2026-04-19 06:15:00,20.73,06:15:00
2026-04-19 06:30:00,21.12,06:30:00
2026-04-19 06:45:00,21.26,06:45:00
2026-04-19 07:00:00,20.57,07:00:00
2026-04-19 07:15:00,20.59,07:15:00
2026-04-19 07:30:00,20.64,07:30:00
2026-04-19 07:45:00,21.32,07:45:00
2026-04-19 08:00:00,21.79,08:00:00
2026-04-19 08:15:00,21.15,08:15:00
2026-04-19 08:30:00,19.8,08:30:00
2026-04-19 08:45:00,19.79,08:45:00
2026-04-19 09:00:00,20.25,09:00:00
2026-04-19 09:15:00,20.84,09:15:00
2026-04-19 09:30:00,18.9,09:30:00
2026-04-19 09:45:00,18.4,09:45:00
2026-04-19 10:00:00,19.85,10:00:00
2026-04-19 10:15:00,19.06,10:15:00
2026-04-19 10:30:00,18.32,10:30:00
2026-04-19 10:45:00,18.25,10:45:00
2026-04-19 11:00:00,19.42,11:00:00
2026-04-19 11:15:00,19.96,11:15:00
2026-04-19 11:30:00,20.54,11:30:00
2026-04-19 11:45:00,21.01,11:45:00
2026-04-19 12:00:00,22.65,12:00:00
2026-04-19 12:15:00,22.6,12:15:00
2026-04-19 12:30:00,21.99,12:30:00
2026-04-19 12:45:00,22.39,12:45:00
2026-04-19 13:00:00,24.15,13:00:00
2026-04-19 13:15:00,23.4,13:15:00
2026-04-19 13:30:00,23.12,13:30:00
2026-04-19 13:45:00,23.41,13:45:00
2026-04-19 14:00:00,23.58,14:00:00
2026-04-19 14:15:00,22.46,14:15:00
2026-04-19 14:30:00,19.7,14:30:00
2026-04-19 14:45:00,18.82,14:45:00
2026-04-19 15:00:00,18.88,15:00:00
2026-04-19 15:15:00,18.49,15:15:00
2026-04-19 15:30:00,18.54,15:30:00
2026-04-19 15:45:00,18.8,15:45:00
2026-04-19 16:00:00,19.22,16:00:00
2026-04-19 16:15:00,19.15,16:15:00
2026-04-19 16:30:00,19.26,16:30:00
2026-04-19 16:45:00,19.22,16:45:00
2026-04-19 17:00:00,20.08,17:00:00
2026-04-19 17:15:00,20.2,17:15:00
2026-04-19 17:30:00,20.24,17:30:00
2026-04-19 17:45:00,20.24,17:45:00
2026-04-19 18:00:00,21.0,18:00:00
2026-04-19 18:15:00,21.12,18:15:00
2026-04-19 18:30:00,21.13,18:30:00
2026-04-19 18:45:00,21.06,18:45:00
2026-04-19 19:00:00,21.51,19:00:00
2026-04-19 19:15:00,21.39,19:15:00
2026-04-19 19:30:00,21.59,19:30:00
2026-04-19 19:45:00,21.74,19:45:00
2026-04-19 20:00:00,21.55,20:00:00
2026-04-19 20:15:00,21.59,20:15:00
2026-04-19 20:30:00,21.62,20:30:00
2026-04-19 20:45:00,21.72,20:45:00
2026-04-19 21:00:00,21.44,21:00:00
2026-04-19 21:15:00,21.41,21:15:00
2026-04-19 21:30:00,21.51,21:30:00
2026-04-19 21:45:00,21.67,21:45:00
2026-04-19 22:00:00,22.56,22:00:00
2026-04-19 22:15:00,22.37,22:15:00
2026-04-19 22:30:00,22.45,22:30:00
2026-04-19 22:45:00,22.51,22:45:00
2026-04-19 23:00:00,23.27,23:00:00
2026-04-19 23:15:00,23.45,23:15:00
2026-04-19 23:30:00,23.56,23:30:00
2026-04-19 23:45:00,23.48,23:45:00
2026-04-20 00:00:00,23.52,00:00:00
2026-04-20 00:15:00,23.61,00:15:00
2026-04-20 00:30:00,23.56,00:30:00
2026-04-20 00:45:00,23.44,00:45:00
2026-04-20 01:00:00,23.75,01:00:00
2026-04-20 01:15:00,23.78,01:15:00
2026-04-20 01:30:00,23.68,01:30:00
2026-04-20 01:45:00,23.55,01:45:00
2026-04-20 02:00:00,23.81,02:00:00
2026-04-20 02:15:00,23.79,02:15:00
2026-04-20 02:30:00,23.78,02:30:00
2026-04-20 02:45:00,23.92,02:45:00
2026-04-20 03:00:00,23.54,03:00:00
2026-04-20 03:15:00,23.43,03:15:00
2026-04-20 03:30:00,23.42,03:30:00
2026-04-20 03:45:00,23.53,03:45:00
2026-04-20 04:00:00,23.61,04:00:00
2026-04-20 04:15:00,23.39,04:15:00
2026-04-20 04:30:00,22.98,04:30:00
2026-04-20 04:45:00,22.89,04:45:00
2026-04-20 05:00:00,23.83,05:00:00
2026-04-20 05:15:00,23.75,05:15:00
2026-04-20 05:30:00,23.91,05:30:00
2026-04-20 05:45:00,23.95,05:45:00
2026-04-20 06:00:00,23.86,06:00:00
2026-04-20 06:15:00,23.9,06:15:00
2026-04-20 06:30:00,23.99,06:30:00
2026-04-20 06:45:00,24.24,06:45:00
2026-04-20 07:00:00,23.16,07:00:00
2026-04-20 07:15:00,23.44,07:15:00
2026-04-20 07:30:00,23.92,07:30:00
2026-04-20 07:45:00,24.03,07:45:00
2026-04-20 08:00:00,23.03,08:00:00
2026-04-20 08:15:00,23.04,08:15:00
2026-04-20 08:30:00,23.09,08:30:00
2026-04-20 08:45:00,23.06,08:45:00
2026-04-20 09:00:00,22.35,09:00:00
2026-04-20 09:15:00,22.24,09:15:00
2026-04-20 09:30:00,22.29,09:30:00
2026-04-20 09:45:00,22.12,09:45:00
2026-04-20 10:00:00,21.96,10:00:00
2026-04-20 10:15:00,21.85,10:15:00
2026-04-20 10:30:00,21.88,10:30:00
2026-04-20 10:45:00,22.18,10:45:00
2026-04-20 11:00:00,21.91,11:00:00
2026-04-20 11:15:00,22.05,11:15:00
2026-04-20 11:30:00,22.21,11:30:00
2026-04-20 11:45:00,22.17,11:45:00
2026-04-20 12:00:00,22.22,12:00:00
2026-04-20 12:15:00,22.26,12:15:00
2026-04-20 12:30:00,22.23,12:30:00
2026-04-20 12:45:00,21.93,12:45:00
2026-04-20 13:00:00,21.63,13:00:00
2026-04-20 13:15:00,21.54,13:15:00
2026-04-20 13:30:00,21.8,13:30:00
2026-04-20 13:45:00,21.55,13:45:00
2026-04-20 14:00:00,21.47,14:00:00
2026-04-20 14:15:00,21.72,14:15:00
2026-04-20 14:30:00,21.49,14:30:00
2026-04-20 14:45:00,21.0,14:45:00
2026-04-20 15:00:00,22.09,15:00:00
2026-04-20 15:15:00,21.88,15:15:00
2026-04-20 15:30:00,21.63,15:30:00
2026-04-20 15:45:00,21.7,15:45:00
2026-04-20 16:00:00,22.85,16:00:00
2026-04-20 16:15:00,23.12,16:15:00
2026-04-20 16:30:00,23.01,16:30:00
2026-04-20 16:45:00,22.67,16:45:00
2026-04-20 17:00:00,23.96,17:00:00
2026-04-20 17:15:00,24.03,17:15:00
2026-04-20 17:30:00,23.92,17:30:00
2026-04-20 17:45:00,23.91,17:45:00
2026-04-20 18:00:00,25.19,18:00:00
2026-04-20 18:15:00,24.95,18:15:00
2026-04-20 18:30:00,24.96,18:30:00
2026-04-20 18:45:00,24.86,18:45:00
2026-04-20 19:00:00,26.62,19:00:00
2026-04-20 19:15:00,26.66,19:15:00
2026-04-20 19:30:00,26.49,19:30:00
2026-04-20 19:45:00,26.7,19:45:00
2026-04-20 20:00:00,25.64,20:00:00
2026-04-20 20:15:00,25.27,20:15:00
2026-04-20 20:30:00,25.41,20:30:00
2026-04-20 20:45:00,25.21,20:45:00
2026-04-20 21:00:00,24.68,21:00:00
2026-04-20 21:15:00,24.44,21:15:00
2026-04-20 21:30:00,24.62,21:30:00
2026-04-20 21:45:00,24.38,21:45:00
2026-04-20 22:00:00,22.34,22:00:00
2026-04-20 22:15:00,22.48,22:15:00
2026-04-20 22:30:00,22.46,22:30:00
2026-04-20 22:45:00,22.49,22:45:00
2026-04-20 23:00:00,22.75,23:00:00
2026-04-20 23:15:00,22.61,23:15:00
2026-04-20 23:30:00,22.47,23:30:00
2026-04-20 23:45:00,22.62,23:45:00
2026-04-21 00:00:00,22.99,00:00:00
2026-04-21 00:15:00,22.72,00:15:00
2026-04-21 00:30:00,22.71,00:30:00
2026-04-21 00:45:00,22.62,00:45:00
2026-04-21 01:00:00,22.19,01:00:00
2026-04-21 01:15:00,22.2,01:15:00
2026-04-21 01:30:00,22.37,01:30:00
2026-04-21 01:45:00,22.37,01:45:00
2026-04-21 02:00:00,22.96,02:00:00
2026-04-21 02:15:00,22.95,02:15:00
2026-04-21 02:30:00,22.82,02:30:00
2026-04-21 02:45:00,22.77,02:45:00
2026-04-21 03:00:00,23.57,03:00:00
2026-04-21 03:15:00,23.61,03:15:00
2026-04-21 03:30:00,23.35,03:30:00
2026-04-21 03:45:00,23.34,03:45:00
2026-04-21 04:00:00,23.01,04:00:00
2026-04-21 04:15:00,22.89,04:15:00
2026-04-21 04:30:00,22.77,04:30:00
2026-04-21 04:45:00,22.68,04:45:00
2026-04-21 05:00:00,22.91,05:00:00
2026-04-21 05:15:00,23.07,05:15:00
2026-04-21 05:30:00,23.07,05:30:00
2026-04-21 05:45:00,23.36,05:45:00
2026-04-21 06:00:00,22.67,06:00:00
2026-04-21 06:15:00,22.7,06:15:00
2026-04-21 06:30:00,23.17,06:30:00
2026-04-21 06:45:00,23.13,06:45:00
2026-04-21 07:00:00,21.65,07:00:00
2026-04-21 07:15:00,21.44,07:15:00
2026-04-21 07:30:00,21.44,07:30:00
2026-04-21 07:45:00,21.6,07:45:00
2026-04-21 08:00:00,20.72,08:00:00
2026-04-21 08:15:00,20.65,08:15:00
2026-04-21 08:30:00,20.73,08:30:00
2026-04-21 08:45:00,20.73,08:45:00
2026-04-21 09:00:00,19.65,09:00:00
2026-04-21 09:15:00,19.74,09:15:00
2026-04-21 09:30:00,19.81,09:30:00
2026-04-21 09:45:00,19.97,09:45:00
2026-04-21 10:00:00,18.17,10:00:00
2026-04-21 10:15:00,18.29,10:15:00
2026-04-21 10:30:00,18.44,10:30:00
2026-04-21 10:45:00,18.48,10:45:00
2026-04-21 11:00:00,17.37,11:00:00
2026-04-21 11:15:00,17.33,11:15:00
2026-04-21 11:30:00,17.39,11:30:00
2026-04-21 11:45:00,17.43,11:45:00
2026-04-21 12:00:00,17.77,12:00:00
2026-04-21 12:15:00,17.34,12:15:00
2026-04-21 12:30:00,17.13,12:30:00
2026-04-21 12:45:00,16.92,12:45:00
2026-04-21 13:00:00,16.91,13:00:00
2026-04-21 13:15:00,16.74,13:15:00
2026-04-21 13:30:00,16.63,13:30:00
2026-04-21 13:45:00,16.53,13:45:00
2026-04-21 14:00:00,16.87,14:00:00
2026-04-21 14:15:00,16.51,14:15:00
2026-04-21 14:30:00,15.48,14:30:00
2026-04-21 14:45:00,15.25,14:45:00
2026-04-21 15:00:00,17.23,15:00:00
2026-04-21 15:15:00,17.33,15:15:00
2026-04-21 15:30:00,16.71,15:30:00
2026-04-21 15:45:00,16.71,15:45:00
2026-04-21 16:00:00,17.16,16:00:00
2026-04-21 16:15:00,16.99,16:15:00
2026-04-21 16:30:00,17.09,16:30:00
2026-04-21 16:45:00,17.19,16:45:00
2026-04-21 17:00:00,18.97,17:00:00
2026-04-21 17:15:00,19.26,17:15:00
2026-04-21 17:30:00,19.53,17:30:00
2026-04-21 17:45:00,19.58,17:45:00
2026-04-21 18:00:00,20.43,18:00:00
2026-04-21 18:15:00,19.97,18:15:00
2026-04-21 18:30:00,19.72,18:30:00
2026-04-21 18:45:00,19.86,18:45:00
2026-04-21 19:00:00,18.28,19:00:00
2026-04-21 19:15:00,18.94,19:15:00
2026-04-21 19:30:00,19.21,19:30:00
2026-04-21 19:45:00,18.77,19:45:00
2026-04-21 20:00:00,17.75,20:00:00
2026-04-21 20:15:00,18.11,20:15:00
2026-04-21 20:30:00,18.11,20:30:00
2026-04-21 20:45:00,17.98,20:45:00
2026-04-21 21:00:00,18.24,21:00:00
2026-04-21 21:15:00,18.11,21:15:00
2026-04-21 21:30:00,18.3,21:30:00
2026-04-21 21:45:00,18.23,21:45:00
2026-04-21 22:00:00,19.06,22:00:00
2026-04-21 22:15:00,19.31,22:15:00
2026-04-21 22:30:00,19.17,22:30:00
2026-04-21 22:45:00,19.05,22:45:00
2026-04-21 23:00:00,18.87,23:00:00
2026-04-21 23:15:00,18.84,23:15:00
2026-04-21 23:30:00,18.89,23:30:00
2026-04-21 23:45:00,18.9,23:45:00
2026-04-22 00:00:00,18.77,00:00:00
2026-04-22 00:15:00,18.61,00:15:00
2026-04-22 00:30:00,18.67,00:30:00
2026-04-22 00:45:00,18.68,00:45:00
2026-04-22 01:00:00,19.18,01:00:00
2026-04-22 01:15:00,19.24,01:15:00
2026-04-22 01:30:00,18.87,01:30:00
2026-04-22 01:45:00,18.9,01:45:00
2026-04-22 02:00:00,19.32,02:00:00
2026-04-22 02:15:00,19.44,02:15:00
2026-04-22 02:30:00,19.58,02:30:00
2026-04-22 02:45:00,19.69,02:45:00
2026-04-22 03:00:00,20.39,03:00:00
2026-04-22 03:15:00,20.97,03:15:00
2026-04-22 03:30:00,21.11,03:30:00
2026-04-22 03:45:00,20.95,03:45:00
2026-04-22 04:00:00,21.35,04:00:00
2026-04-22 04:15:00,21.1,04:15:00
2026-04-22 04:30:00,21.47,04:30:00
2026-04-22 04:45:00,21.99,04:45:00
2026-04-22 05:00:00,20.97,05:00:00
2026-04-22 05:15:00,21.5,05:15:00
2026-04-22 05:30:00,22.0,05:30:00
2026-04-22 05:45:00,22.17,05:45:00
2026-04-22 06:00:00,20.11,06:00:00
2026-04-22 06:15:00,20.14,06:15:00
2026-04-22 06:30:00,20.55,06:30:00
2026-04-22 06:45:00,21.27,06:45:00
2026-04-22 07:00:00,17.96,07:00:00
2026-04-22 07:15:00,17.47,07:15:00
2026-04-22 07:30:00,18.41,07:30:00
2026-04-22 07:45:00,19.92,07:45:00
2026-04-22 08:00:00,17.82,08:00:00
2026-04-22 08:15:00,18.15,08:15:00
2026-04-22 08:30:00,19.86,08:30:00
2026-04-22 08:45:00,20.32,08:45:00
2026-04-22 09:00:00,20.42,09:00:00
2026-04-22 09:15:00,20.51,09:15:00
2026-04-22 09:30:00,20.57,09:30:00
2026-04-22 09:45:00,20.67,09:45:00
2026-04-22 10:00:00,20.23,10:00:00
2026-04-22 10:15:00,19.66,10:15:00
2026-04-22 10:30:00,18.23,10:30:00
2026-04-22 10:45:00,17.4,10:45:00
2026-04-22 11:00:00,17.13,11:00:00
2026-04-22 11:15:00,18.72,11:15:00
2026-04-22 11:30:00,18.46,11:30:00
2026-04-22 11:45:00,18.05,11:45:00
2026-04-22 12:00:00,20.07,12:00:00
2026-04-22 12:15:00,21.12,12:15:00
2026-04-22 12:30:00,21.26,12:30:00
2026-04-22 12:45:00,20.93,12:45:00
2026-04-22 13:00:00,21.73,13:00:00
2026-04-22 13:15:00,21.06,13:15:00
2026-04-22 13:30:00,18.79,13:30:00
2026-04-22 13:45:00,16.08,13:45:00
2026-04-22 14:00:00,16.02,14:00:00
2026-04-22 14:15:00,16.98,14:15:00
2026-04-22 14:30:00,14.09,14:30:00
2026-04-22 14:45:00,15.38,14:45:00
2026-04-22 15:00:00,17.72,15:00:00
2026-04-22 15:15:00,16.38,15:15:00
2026-04-22 15:30:00,15.98,15:30:00
2026-04-22 15:45:00,15.81,15:45:00
2026-04-22 16:00:00,15.28,16:00:00
2026-04-22 16:15:00,15.09,16:15:00
2026-04-22 16:30:00,15.01,16:30:00
2026-04-22 16:45:00,14.95,16:45:00
2026-04-22 17:00:00,15.74,17:00:00
2026-04-22 17:15:00,16.85,17:15:00
2026-04-22 17:30:00,16.25,17:30:00
2026-04-22 17:45:00,17.36,17:45:00
2026-04-22 18:00:00,19.0,18:00:00
2026-04-22 18:15:00,17.97,18:15:00
2026-04-22 18:30:00,17.91,18:30:00
2026-04-22 18:45:00,17.76,18:45:00
2026-04-22 19:00:00,15.16,19:00:00
2026-04-22 19:15:00,15.05,19:15:00
2026-04-22 19:30:00,14.88,19:30:00
2026-04-22 19:45:00,14.99,19:45:00
2026-04-22 20:00:00,15.45,20:00:00
2026-04-22 20:15:00,15.44,20:15:00
2026-04-22 20:30:00,15.35,20:30:00
2026-04-22 20:45:00,14.47,20:45:00
2026-04-22 21:00:00,13.92,21:00:00
2026-04-22 21:15:00,13.78,21:15:00
2026-04-22 21:30:00,13.82,21:30:00
2026-04-22 21:45:00,13.24,21:45:00
2026-04-22 22:00:00,13.61,22:00:00
2026-04-22 22:15:00,13.7,22:15:00
2026-04-22 22:30:00,13.6,22:30:00
2026-04-22 22:45:00,13.55,22:45:00
2026-04-22 23:00:00,13.8,23:00:00
2026-04-22 23:15:00,13.49,23:15:00
2026-04-22 23:30:00,13.48,23:30:00
2026-04-22 23:45:00,13.68,23:45:00
2026-04-23 00:00:00,13.9,00:00:00
2026-04-23 00:15:00,14.03,00:15:00
2026-04-23 00:30:00,14.11,00:30:00
2026-04-23 00:45:00,14.32,00:45:00
2026-04-23 01:00:00,14.55,01:00:00
2026-04-23 01:15:00,14.53,01:15:00
2026-04-23 01:30:00,14.68,01:30:00
2026-04-23 01:45:00,14.8,01:45:00
2026-04-23 02:00:00,15.42,02:00:00
2026-04-23 02:15:00,15.71,02:15:00
2026-04-23 02:30:00,15.9,02:30:00
2026-04-23 02:45:00,16.24,02:45:00
2026-04-23 03:00:00,17.32,03:00:00
2026-04-23 03:15:00,17.07,03:15:00
2026-04-23 03:30:00,16.92,03:30:00
2026-04-23 03:45:00,16.81,03:45:00
2026-04-23 04:00:00,17.41,04:00:00
2026-04-23 04:15:00,17.15,04:15:00
2026-04-23 04:30:00,17.05,04:30:00
2026-04-23 04:45:00,18.39,04:45:00
2026-04-23 05:00:00,21.44,05:00:00
2026-04-23 05:15:00,22.03,05:15:00
2026-04-23 05:30:00,22.41,05:30:00
2026-04-23 05:45:00,22.43,05:45:00
2026-04-23 06:00:00,21.37,06:00:00
2026-04-23 06:15:00,21.35,06:15:00
2026-04-23 06:30:00,21.48,06:30:00
2026-04-23 06:45:00,21.33,06:45:00
2026-04-23 07:00:00,19.01,07:00:00
2026-04-23 07:15:00,18.89,07:15:00
2026-04-23 07:30:00,19.36,07:30:00
2026-04-23 07:45:00,19.32,07:45:00
2026-04-23 08:00:00,18.58,08:00:00
2026-04-23 08:15:00,17.45,08:15:00
2026-04-23 08:30:00,15.74,08:30:00
2026-04-23 08:45:00,15.65,08:45:00
2026-04-23 09:00:00,15.86,09:00:00
2026-04-23 09:15:00,15.77,09:15:00
2026-04-23 09:30:00,16.36,09:30:00
2026-04-23 09:45:00,17.25,09:45:00
2026-04-23 10:00:00,19.12,10:00:00
2026-04-23 10:15:00,19.07,10:15:00
2026-04-23 10:30:00,17.37,10:30:00
2026-04-23 10:45:00,17.65,10:45:00
2026-04-23 11:00:00,19.15,11:00:00
2026-04-23 11:15:00,19.59,11:15:00
2026-04-23 11:30:00,19.3,11:30:00
2026-04-23 11:45:00,19.57,11:45:00
2026-04-23 12:00:00,18.65,12:00:00
2026-04-23 12:15:00,17.87,12:15:00
2026-04-23 12:30:00,17.76,12:30:00
2026-04-23 12:45:00,19.09,12:45:00
2026-04-23 13:00:00,21.11,13:00:00
2026-04-23 13:15:00,19.94,13:15:00
2026-04-23 13:30:00,19.08,13:30:00
2026-04-23 13:45:00,18.25,13:45:00
2026-04-23 14:00:00,17.94,14:00:00
2026-04-23 14:15:00,17.27,14:15:00
2026-04-23 14:30:00,17.03,14:30:00
2026-04-23 14:45:00,16.59,14:45:00
2026-04-23 15:00:00,17.61,15:00:00
2026-04-23 15:15:00,15.31,15:15:00
2026-04-23 15:30:00,14.68,15:30:00
2026-04-23 15:45:00,14.65,15:45:00
2026-04-23 16:00:00,15.74,16:00:00
2026-04-23 16:15:00,15.66,16:15:00
2026-04-23 16:30:00,15.6,16:30:00
2026-04-23 16:45:00,15.74,16:45:00
2026-04-23 17:00:00,18.39,17:00:00
2026-04-23 17:15:00,18.73,17:15:00
2026-04-23 17:30:00,18.57,17:30:00
2026-04-23 17:45:00,17.98,17:45:00
2026-04-23 18:00:00,17.89,18:00:00
2026-04-23 18:15:00,18.06,18:15:00
2026-04-23 18:30:00,17.89,18:30:00
2026-04-23 18:45:00,18.11,18:45:00
2026-04-23 19:00:00,17.13,19:00:00
2026-04-23 19:15:00,16.82,19:15:00
2026-04-23 19:30:00,16.62,19:30:00
2026-04-23 19:45:00,16.76,19:45:00
2026-04-23 20:00:00,15.73,20:00:00
2026-04-23 20:15:00,16.92,20:15:00
2026-04-23 20:30:00,17.49,20:30:00
2026-04-23 20:45:00,17.88,20:45:00
2026-04-23 21:00:00,17.82,21:00:00
2026-04-23 21:15:00,17.78,21:15:00
2026-04-23 21:30:00,17.36,21:30:00
2026-04-23 21:45:00,17.86,21:45:00
2026-04-23 22:00:00,19.38,22:00:00
2026-04-23 22:15:00,22.79,22:15:00
2026-04-23 22:30:00,23.35,22:30:00
2026-04-23 22:45:00,23.07,22:45:00
2026-04-23 23:00:00,21.89,23:00:00
2026-04-23 23:15:00,21.03,23:15:00
2026-04-23 23:30:00,20.94,23:30:00
2026-04-23 23:45:00,20.88,23:45:00
2026-04-24 00:00:00,22.38,00:00:00
2026-04-24 00:15:00,22.44,00:15:00
2026-04-24 00:30:00,22.58,00:30:00
2026-04-24 00:45:00,23.47,00:45:00
2026-04-24 01:00:00,23.43,01:00:00
2026-04-24 01:15:00,22.98,01:15:00
2026-04-24 01:30:00,23.1,01:30:00
2026-04-24 01:45:00,23.18,01:45:00
2026-04-24 02:00:00,24.1,02:00:00
2026-04-24 02:15:00,24.0,02:15:00
2026-04-24 02:30:00,23.36,02:30:00
2026-04-24 02:45:00,24.64,02:45:00
2026-04-24 03:00:00,25.16,03:00:00
2026-04-24 03:15:00,23.95,03:15:00
2026-04-24 03:30:00,22.51,03:30:00
2026-04-24 03:45:00,21.75,03:45:00
2026-04-24 04:00:00,20.09,04:00:00
2026-04-24 04:15:00,18.77,04:15:00
2026-04-24 04:30:00,19.36,04:30:00
2026-04-24 04:45:00,18.2,04:45:00
2026-04-24 05:00:00,18.02,05:00:00
2026-04-24 05:15:00,17.59,05:15:00
2026-04-24 05:30:00,17.28,05:30:00
2026-04-24 05:45:00,18.21,05:45:00
2026-04-24 06:00:00,18.35,06:00:00
2026-04-24 06:15:00,17.65,06:15:00
2026-04-24 06:30:00,17.61,06:30:00
2026-04-24 06:45:00,17.75,06:45:00
2026-04-24 07:00:00,16.29,07:00:00
2026-04-24 07:15:00,16.36,07:15:00
2026-04-24 07:30:00,16.54,07:30:00
2026-04-24 07:45:00,16.71,07:45:00
2026-04-24 08:00:00,16.17,08:00:00
2026-04-24 08:15:00,16.14,08:15:00
2026-04-24 08:30:00,16.69,08:30:00
2026-04-24 08:45:00,17.83,08:45:00
2026-04-24 09:00:00,18.9,09:00:00
2026-04-24 09:15:00,19.49,09:15:00
2026-04-24 09:30:00,20.82,09:30:00
2026-04-24 09:45:00,19.65,09:45:00
2026-04-24 10:00:00,21.61,10:00:00
2026-04-24 10:15:00,22.33,10:15:00
2026-04-24 10:30:00,23.04,10:30:00
2026-04-24 10:45:00,22.63,10:45:00
2026-04-24 11:00:00,24.76,11:00:00
2026-04-24 11:15:00,26.13,11:15:00
2026-04-24 11:30:00,27.27,11:30:00
2026-04-24 11:45:00,27.51,11:45:00
2026-04-24 12:00:00,27.47,12:00:00
2026-04-24 12:15:00,24.91,12:15:00
2026-04-24 12:30:00,20.32,12:30:00
2026-04-24 12:45:00,20.35,12:45:00
2026-04-24 13:00:00,21.65,13:00:00
2026-04-24 13:15:00,21.85,13:15:00
2026-04-24 13:30:00,21.51,13:30:00
2026-04-24 13:45:00,21.57,13:45:00
2026-04-24 14:00:00,21.29,14:00:00
2026-04-24 14:15:00,21.82,14:15:00
2026-04-24 14:30:00,20.72,14:30:00
2026-04-24 14:45:00,18.72,14:45:00
2026-04-24 15:00:00,16.03,15:00:00
2026-04-24 15:15:00,14.58,15:15:00
2026-04-24 15:30:00,14.09,15:30:00
2026-04-24 15:45:00,13.92,15:45:00
2026-04-24 16:00:00,15.06,16:00:00
2026-04-24 16:15:00,15.21,16:15:00
2026-04-24 16:30:00,14.81,16:30:00
2026-04-24 16:45:00,15.29,16:45:00
2026-04-24 17:00:00,16.38,17:00:00
2026-04-24 17:15:00,16.51,17:15:00
2026-04-24 17:30:00,16.32,17:30:00
2026-04-24 17:45:00,16.55,17:45:00
2026-04-24 18:00:00,18.29,18:00:00
2026-04-24 18:15:00,17.85,18:15:00
2026-04-24 18:30:00,17.19,18:30:00
2026-04-24 18:45:00,18.2,18:45:00
2026-04-24 19:00:00,17.84,19:00:00
2026-04-24 19:15:00,17.75,19:15:00
2026-04-24 19:30:00,17.84,19:30:00
2026-04-24 19:45:00,18.01,19:45:00
2026-04-24 20:00:00,16.42,20:00:00
2026-04-24 20:15:00,16.61,20:15:00
2026-04-24 20:30:00,16.47,20:30:00
2026-04-24 20:45:00,16.45,20:45:00
2026-04-24 21:00:00,16.53,21:00:00
2026-04-24 21:15:00,16.3,21:15:00
2026-04-24 21:30:00,16.37,21:30:00
2026-04-24 21:45:00,16.54,21:45:00
2026-04-24 22:00:00,16.57,22:00:00
2026-04-24 22:15:00,16.77,22:15:00
2026-04-24 22:30:00,16.8,22:30:00
2026-04-24 22:45:00,17.12,22:45:00
2026-04-24 23:00:00,16.86,23:00:00
2026-04-24 23:15:00,16.86,23:15:00
2026-04-24 23:30:00,16.95,23:30:00
2026-04-24 23:45:00,16.73,23:45:00
2026-04-25 00:00:00,15.32,00:00:00
2026-04-25 00:15:00,15.23,00:15:00
2026-04-25 00:30:00,15.1,00:30:00
2026-04-25 00:45:00,15.25,00:45:00
2026-04-25 01:00:00,14.82,01:00:00
2026-04-25 01:15:00,14.48,01:15:00
2026-04-25 01:30:00,14.32,01:30:00
2026-04-25 01:45:00,14.31,01:45:00
2026-04-25 02:00:00,14.02,02:00:00
2026-04-25 02:15:00,13.8,02:15:00
2026-04-25 02:30:00,13.76,02:30:00
2026-04-25 02:45:00,13.79,02:45:00
2026-04-25 03:00:00,13.6,03:00:00
2026-04-25 03:15:00,13.65,03:15:00
2026-04-25 03:30:00,13.64,03:30:00
2026-04-25 03:45:00,13.44,03:45:00
2026-04-25 04:00:00,13.59,04:00:00
2026-04-25 04:15:00,13.52,04:15:00
2026-04-25 04:30:00,13.61,04:30:00
2026-04-25 04:45:00,13.56,04:45:00
2026-04-25 05:00:00,13.51,05:00:00
2026-04-25 05:15:00,13.64,05:15:00
2026-04-25 05:30:00,13.67,05:30:00
2026-04-25 05:45:00,13.9,05:45:00
2026-04-25 06:00:00,12.95,06:00:00
2026-04-25 06:15:00,13.25,06:15:00
2026-04-25 06:30:00,13.99,06:30:00
2026-04-25 06:45:00,14.18,06:45:00
2026-04-25 07:00:00,13.73,07:00:00
2026-04-25 07:15:00,13.49,07:15:00
2026-04-25 07:30:00,13.13,07:30:00
2026-04-25 07:45:00,13.07,07:45:00
2026-04-25 08:00:00,12.83,08:00:00
2026-04-25 08:15:00,12.77,08:15:00
2026-04-25 08:30:00,13.24,08:30:00
2026-04-25 08:45:00,14.9,08:45:00
2026-04-25 09:00:00,14.36,09:00:00
2026-04-25 09:15:00,14.66,09:15:00
2026-04-25 09:30:00,14.82,09:30:00
2026-04-25 09:45:00,15.35,09:45:00
2026-04-25 10:00:00,16.45,10:00:00
2026-04-25 10:15:00,16.53,10:15:00
2026-04-25 10:30:00,16.36,10:30:00
2026-04-25 10:45:00,16.17,10:45:00
2026-04-25 11:00:00,16.77,11:00:00
2026-04-25 11:15:00,17.05,11:15:00
2026-04-25 11:30:00,16.95,11:30:00
2026-04-25 11:45:00,16.87,11:45:00
2026-04-25 12:00:00,17.07,12:00:00
2026-04-25 12:15:00,17.04,12:15:00
2026-04-25 12:30:00,17.07,12:30:00
2026-04-25 12:45:00,17.16,12:45:00
2026-04-25 13:00:00,17.36,13:00:00
2026-04-25 13:15:00,17.28,13:15:00
2026-04-25 13:30:00,17.17,13:30:00
2026-04-25 13:45:00,17.13,13:45:00
2026-04-25 14:00:00,17.18,14:00:00
2026-04-25 14:15:00,16.99,14:15:00
2026-04-25 14:30:00,16.96,14:30:00
2026-04-25 14:45:00,16.67,14:45:00
2026-04-25 15:00:00,16.01,15:00:00
2026-04-25 15:15:00,15.43,15:15:00
2026-04-25 15:30:00,15.02,15:30:00
2026-04-25 15:45:00,14.9,15:45:00
2026-04-25 16:00:00,15.08,16:00:00
2026-04-25 16:15:00,17.97,16:15:00
2026-04-25 16:30:00,17.72,16:30:00
2026-04-25 16:45:00,17.47,16:45:00
2026-04-25 17:00:00,15.47,17:00:00
2026-04-25 17:15:00,16.5,17:15:00
2026-04-25 17:30:00,18.53,17:30:00
2026-04-25 17:45:00,18.92,17:45:00
2026-04-25 18:00:00,18.12,18:00:00
2026-04-25 18:15:00,17.97,18:15:00
2026-04-25 18:30:00,18.4,18:30:00
2026-04-25 18:45:00,18.01,18:45:00
2026-04-25 19:00:00,19.38,19:00:00
2026-04-25 19:15:00,19.47,19:15:00
2026-04-25 19:30:00,18.88,19:30:00
2026-04-25 19:45:00,18.92,19:45:00
2026-04-25 20:00:00,17.36,20:00:00
2026-04-25 20:15:00,17.11,20:15:00
2026-04-25 20:30:00,17.22,20:30:00
2026-04-25 20:45:00,17.42,20:45:00
2026-04-25 21:00:00,17.61,21:00:00
2026-04-25 21:15:00,17.25,21:15:00
2026-04-25 21:30:00,16.66,21:30:00
2026-04-25 21:45:00,16.73,21:45:00
2026-04-25 22:00:00,16.36,22:00:00
2026-04-25 22:15:00,15.89,22:15:00
2026-04-25 22:30:00,16.18,22:30:00
2026-04-25 22:45:00,16.43,22:45:00
2026-04-25 23:00:00,16.61,23:00:00
2026-04-25 23:15:00,16.34,23:15:00
2026-04-25 23:30:00,16.42,23:30:00
2026-04-25 23:45:00,16.59,23:45:00
2026-04-26 00:00:00,16.77,00:00:00
2026-04-26 00:15:00,16.71,00:15:00
2026-04-26 00:30:00,16.71,00:30:00
2026-04-26 00:45:00,16.89,00:45:00
2026-04-26 01:00:00,17.34,01:00:00
2026-04-26 01:15:00,17.24,01:15:00
2026-04-26 01:30:00,17.17,01:30:00
2026-04-26 01:45:00,17.38,01:45:00
2026-04-26 02:00:00,17.86,02:00:00
2026-04-26 02:15:00,17.54,02:15:00
2026-04-26 02:30:00,17.43,02:30:00
2026-04-26 02:45:00,17.5,02:45:00
2026-04-26 03:00:00,17.83,03:00:00
2026-04-26 03:15:00,17.19,03:15:00
2026-04-26 03:30:00,16.96,03:30:00
2026-04-26 03:45:00,16.91,03:45:00
2026-04-26 04:00:00,16.36,04:00:00
2026-04-26 04:15:00,15.78,04:15:00
2026-04-26 04:30:00,16.61,04:30:00
2026-04-26 04:45:00,17.97,04:45:00
2026-04-26 05:00:00,17.47,05:00:00
2026-04-26 05:15:00,18.26,05:15:00
2026-04-26 05:30:00,18.99,05:30:00
2026-04-26 05:45:00,20.17,05:45:00
2026-04-26 06:00:00,19.85,06:00:00
2026-04-26 06:15:00,20.23,06:15:00
2026-04-26 06:30:00,20.46,06:30:00
2026-04-26 06:45:00,21.2,06:45:00
2026-04-26 07:00:00,21.37,07:00:00
2026-04-26 07:15:00,21.51,07:15:00
2026-04-26 07:30:00,20.21,07:30:00
2026-04-26 07:45:00,20.12,07:45:00
2026-04-26 08:00:00,20.29,08:00:00
2026-04-26 08:15:00,16.83,08:15:00
2026-04-26 08:30:00,12.85,08:30:00
2026-04-26 08:45:00,13.74,08:45:00
2026-04-26 09:00:00,13.91,09:00:00
2026-04-26 09:15:00,13.51,09:15:00
2026-04-26 09:30:00,14.31,09:30:00
2026-04-26 09:45:00,14.03,09:45:00
2026-04-26 10:00:00,15.16,10:00:00
2026-04-26 10:15:00,16.04,10:15:00
2026-04-26 10:30:00,17.02,10:30:00
2026-04-26 10:45:00,16.65,10:45:00
2026-04-26 11:00:00,19.0,11:00:00
2026-04-26 11:15:00,20.24,11:15:00
2026-04-26 11:30:00,20.08,11:30:00
2026-04-26 11:45:00,20.27,11:45:00
2026-04-26 12:00:00,20.68,12:00:00
2026-04-26 12:15:00,20.65,12:15:00
2026-04-26 12:30:00,20.29,12:30:00
2026-04-26 12:45:00,19.64,12:45:00
2026-04-26 13:00:00,20.63,13:00:00
2026-04-26 13:15:00,21.26,13:15:00
2026-04-26 13:30:00,21.51,13:30:00
2026-04-26 13:45:00,22.07,13:45:00
2026-04-26 14:00:00,21.62,14:00:00
2026-04-26 14:15:00,22.5,14:15:00
2026-04-26 14:30:00,22.74,14:30:00
2026-04-26 14:45:00,21.32,14:45:00
2026-04-26 15:00:00,19.76,15:00:00
2026-04-26 15:15:00,18.81,15:15:00
2026-04-26 15:30:00,19.5,15:30:00
2026-04-26 15:45:00,21.12,15:45:00
2026-04-26 16:00:00,24.25,16:00:00
2026-04-26 16:15:00,21.27,16:15:00
2026-04-26 16:30:00,20.87,16:30:00
2026-04-26 16:45:00,19.99,16:45:00
2026-04-26 17:00:00,22.13,17:00:00
2026-04-26 17:15:00,21.25,17:15:00
2026-04-26 17:30:00,20.26,17:30:00
2026-04-26 17:45:00,19.83,17:45:00
2026-04-26 18:00:00,20.61,18:00:00
2026-04-26 18:15:00,21.88,18:15:00
2026-04-26 18:30:00,22.48,18:30:00
2026-04-26 18:45:00,23.07,18:45:00
2026-04-26 19:00:00,23.9,19:00:00
2026-04-26 19:15:00,23.57,19:15:00
2026-04-26 19:30:00,24.7,19:30:00
2026-04-26 19:45:00,24.93,19:45:00
2026-04-26 20:00:00,21.92,20:00:00
2026-04-26 20:15:00,22.76,20:15:00
2026-04-26 20:30:00,23.94,20:30:00
2026-04-26 20:45:00,24.83,20:45:00
2026-04-26 21:00:00,23.57,21:00:00
2026-04-26 21:15:00,23.47,21:15:00
2026-04-26 21:30:00,24.24,21:30:00
2026-04-26 21:45:00,24.56,21:45:00
2026-04-26 22:00:00,24.94,22:00:00
2026-04-26 22:15:00,25.46,22:15:00
2026-04-26 22:30:00,25.88,22:30:00
2026-04-26 22:45:00,26.24,22:45:00
2026-04-26 23:00:00,25.21,23:00:00
2026-04-26 23:15:00,25.4,23:15:00
2026-04-26 23:30:00,25.77,23:30:00
2026-04-26 23:45:00,25.86,23:45:00
2026-04-27 00:00:00,25.27,00:00:00
2026-04-27 00:15:00,25.2,00:15:00
2026-04-27 00:30:00,25.57,00:30:00
2026-04-27 00:45:00,26.09,00:45:00
2026-04-27 01:00:00,26.02,01:00:00
2026-04-27 01:15:00,26.1,01:15:00
2026-04-27 01:30:00,26.32,01:30:00
2026-04-27 01:45:00,26.0,01:45:00
2026-04-27 02:00:00,25.82,02:00:00
2026-04-27 02:15:00,25.44,02:15:00
2026-04-27 02:30:00,25.1,02:30:00
2026-04-27 02:45:00,24.74,02:45:00
2026-04-27 03:00:00,24.43,03:00:00
2026-04-27 03:15:00,23.47,03:15:00
2026-04-27 03:30:00,22.6,03:30:00
2026-04-27 03:45:00,22.21,03:45:00
2026-04-27 04:00:00,25.05,04:00:00
2026-04-27 04:15:00,25.12,04:15:00
2026-04-27 04:30:00,25.78,04:30:00
2026-04-27 04:45:00,25.9,04:45:00
2026-04-27 05:00:00,26.69,05:00:00
2026-04-27 05:15:00,27.98,05:15:00
2026-04-27 05:30:00,27.5,05:30:00
2026-04-27 05:45:00,26.67,05:45:00
2026-04-27 06:00:00,22.92,06:00:00
2026-04-27 06:15:00,22.58,06:15:00
2026-04-27 06:30:00,22.4,06:30:00
2026-04-27 06:45:00,22.41,06:45:00
2026-04-27 07:00:00,21.66,07:00:00
2026-04-27 07:15:00,22.31,07:15:00
2026-04-27 07:30:00,22.91,07:30:00
2026-04-27 07:45:00,23.4,07:45:00
2026-04-27 08:00:00,23.43,08:00:00
2026-04-27 08:15:00,23.76,08:15:00
2026-04-27 08:30:00,24.31,08:30:00
2026-04-27 08:45:00,24.58,08:45:00
2026-04-27 09:00:00,24.26,09:00:00
2026-04-27 09:15:00,24.32,09:15:00
2026-04-27 09:30:00,23.34,09:30:00
2026-04-27 09:45:00,23.51,09:45:00
2026-04-27 10:00:00,23.25,10:00:00
2026-04-27 10:15:00,23.12,10:15:00
2026-04-27 10:30:00,22.67,10:30:00
2026-04-27 10:45:00,22.95,10:45:00
2026-04-27 11:00:00,22.49,11:00:00
2026-04-27 11:15:00,22.36,11:15:00
2026-04-27 11:30:00,22.8,11:30:00
2026-04-27 11:45:00,22.45,11:45:00
2026-04-27 12:00:00,23.46,12:00:00
2026-04-27 12:15:00,23.74,12:15:00
2026-04-27 12:30:00,23.89,12:30:00
2026-04-27 12:45:00,23.84,12:45:00
2026-04-27 13:00:00,24.05,13:00:00
2026-04-27 13:15:00,23.21,13:15:00
2026-04-27 13:30:00,23.63,13:30:00
2026-04-27 13:45:00,23.75,13:45:00
2026-04-27 14:00:00,25.83,14:00:00
2026-04-27 14:15:00,24.44,14:15:00
2026-04-27 14:30:00,22.99,14:30:00
2026-04-27 14:45:00,22.37,14:45:00
2026-04-27 15:00:00,24.35,15:00:00
2026-04-27 15:15:00,23.35,15:15:00
2026-04-27 15:30:00,23.06,15:30:00
2026-04-27 15:45:00,22.94,15:45:00
2026-04-27 16:00:00,24.04,16:00:00
2026-04-27 16:15:00,23.68,16:15:00
2026-04-27 16:30:00,22.62,16:30:00
2026-04-27 16:45:00,21.42,16:45:00
2026-04-27 17:00:00,24.96,17:00:00
2026-04-27 17:15:00,25.04,17:15:00
2026-04-27 17:30:00,24.5,17:30:00
2026-04-27 17:45:00,24.82,17:45:00
2026-04-27 18:00:00,24.32,18:00:00
2026-04-27 18:15:00,24.04,18:15:00
2026-04-27 18:30:00,24.37,18:30:00
2026-04-27 18:45:00,24.06,18:45:00
2026-04-27 19:00:00,23.5,19:00:00
2026-04-27 19:15:00,24.02,19:15:00
2026-04-27 19:30:00,24.65,19:30:00
2026-04-27 19:45:00,24.88,19:45:00
2026-04-27 20:00:00,22.33,20:00:00
2026-04-27 20:15:00,22.5,20:15:00
2026-04-27 20:30:00,22.74,20:30:00
2026-04-27 20:45:00,24.49,20:45:00
2026-04-27 21:00:00,25.22,21:00:00
2026-04-27 21:15:00,25.7,21:15:00
2026-04-27 21:30:00,25.61,21:30:00
2026-04-27 21:45:00,25.64,21:45:00
2026-04-27 22:00:00,26.39,22:00:00
2026-04-27 22:15:00,27.18,22:15:00
2026-04-27 22:30:00,27.59,22:30:00
2026-04-27 22:45:00,27.54,22:45:00
2026-04-27 23:00:00,25.11,23:00:00
2026-04-27 23:15:00,25.43,23:15:00
2026-04-27 23:30:00,25.65,23:30:00
2026-04-27 23:45:00,25.57,23:45:00
2026-04-28 00:00:00,25.7,00:00:00
2026-04-28 00:15:00,25.1,00:15:00
2026-04-28 00:30:00,25.17,00:30:00
2026-04-28 00:45:00,25.26,00:45:00
2026-04-28 01:00:00,25.29,01:00:00
2026-04-28 01:15:00,25.14,01:15:00
2026-04-28 01:30:00,25.07,01:30:00
2026-04-28 01:45:00,25.39,01:45:00
2026-04-28 02:00:00,22.33,02:00:00
2026-04-28 02:15:00,21.75,02:15:00
2026-04-28 02:30:00,21.49,02:30:00
2026-04-28 02:45:00,21.27,02:45:00
2026-04-28 03:00:00,22.24,03:00:00
2026-04-28 03:15:00,21.95,03:15:00
2026-04-28 03:30:00,21.36,03:30:00
2026-04-28 03:45:00,21.29,03:45:00
2026-04-28 04:00:00,21.88,04:00:00
2026-04-28 04:15:00,22.28,04:15:00
2026-04-28 04:30:00,22.06,04:30:00
2026-04-28 04:45:00,23.43,04:45:00
2026-04-28 05:00:00,25.21,05:00:00
2026-04-28 05:15:00,25.04,05:15:00
2026-04-28 05:30:00,25.19,05:30:00
2026-04-28 05:45:00,24.81,05:45:00
2026-04-28 06:00:00,26.74,06:00:00
2026-04-28 06:15:00,25.78,06:15:00
2026-04-28 06:30:00,26.21,06:30:00
2026-04-28 06:45:00,26.64,06:45:00
2026-04-28 07:00:00,26.1,07:00:00
2026-04-28 07:15:00,25.95,07:15:00
2026-04-28 07:30:00,27.45,07:30:00
2026-04-28 07:45:00,30.96,07:45:00
2026-04-28 08:00:00,30.57,08:00:00
2026-04-28 08:15:00,31.2,08:15:00
2026-04-28 08:30:00,29.5,08:30:00
2026-04-28 08:45:00,29.58,08:45:00
2026-04-28 09:00:00,28.39,09:00:00
2026-04-28 09:15:00,29.0,09:15:00
2026-04-28 09:30:00,28.25,09:30:00
2026-04-28 09:45:00,28.42,09:45:00
2026-04-28 10:00:00,29.12,10:00:00
2026-04-28 10:15:00,29.51,10:15:00
2026-04-28 10:30:00,30.3,10:30:00
2026-04-28 10:45:00,30.07,10:45:00
2026-04-28 11:00:00,30.0,11:00:00
2026-04-28 11:15:00,30.73,11:15:00
2026-04-28 11:30:00,31.1,11:30:00
2026-04-28 11:45:00,31.03,11:45:00
2026-04-28 12:00:00,30.95,12:00:00
2026-04-28 12:15:00,30.11,12:15:00
2026-04-28 12:30:00,30.21,12:30:00
2026-04-28 12:45:00,29.88,12:45:00
2026-04-28 13:00:00,27.23,13:00:00
2026-04-28 13:15:00,26.91,13:15:00
2026-04-28 13:30:00,27.96,13:30:00
2026-04-28 13:45:00,29.22,13:45:00
2026-04-28 14:00:00,32.1,14:00:00
2026-04-28 14:15:00,32.03,14:15:00
2026-04-28 14:30:00,32.89,14:30:00
2026-04-28 14:45:00,32.79,14:45:00
2026-04-28 15:00:00,36.63,15:00:00
2026-04-28 15:15:00,35.5,15:15:00
2026-04-28 15:30:00,31.38,15:30:00
2026-04-28 15:45:00,27.03,15:45:00
2026-04-28 16:00:00,29.55,16:00:00
2026-04-28 16:15:00,28.69,16:15:00
2026-04-28 16:30:00,28.56,16:30:00
2026-04-28 16:45:00,28.8,16:45:00
2026-04-28 17:00:00,30.09,17:00:00
2026-04-28 17:15:00,30.14,17:15:00
2026-04-28 17:30:00,30.46,17:30:00
2026-04-28 17:45:00,32.06,17:45:00
2026-04-28 18:00:00,29.11,18:00:00
2026-04-28 18:15:00,29.03,18:15:00
2026-04-28 18:30:00,28.15,18:30:00
2026-04-28 18:45:00,27.73,18:45:00
2026-04-28 19:00:00,27.76,19:00:00
2026-04-28 19:15:00,27.35,19:15:00
2026-04-28 19:30:00,27.92,19:30:00
2026-04-28 19:45:00,28.46,19:45:00
2026-04-28 20:00:00,27.57,20:00:00
2026-04-28 20:15:00,27.25,20:15:00
2026-04-28 20:30:00,26.95,20:30:00
2026-04-28 20:45:00,27.06,20:45:00
2026-04-28 21:00:00,26.62,21:00:00
2026-04-28 21:15:00,26.66,21:15:00
2026-04-28 21:30:00,26.98,21:30:00
2026-04-28 21:45:00,27.24,21:45:00
2026-04-28 22:00:00,26.96,22:00:00
2026-04-28 22:15:00,26.5,22:15:00
2026-04-28 22:30:00,26.55,22:30:00
2026-04-28 22:45:00,26.93,22:45:00
2026-04-28 23:00:00,28.04,23:00:00
2026-04-28 23:15:00,27.92,23:15:00
2026-04-28 23:30:00,25.76,23:30:00
2026-04-28 23:45:00,26.05,23:45:00
2026-04-29 00:00:00,29.2,00:00:00
2026-04-29 00:15:00,29.24,00:15:00
2026-04-29 00:30:00,28.94,00:30:00
2026-04-29 00:45:00,28.86,00:45:00
2026-04-29 01:00:00,28.68,01:00:00
2026-04-29 01:15:00,28.61,01:15:00
2026-04-29 01:30:00,28.19,01:30:00
2026-04-29 01:45:00,27.71,01:45:00
2026-04-29 02:00:00,27.47,02:00:00
2026-04-29 02:15:00,26.43,02:15:00
2026-04-29 02:30:00,25.79,02:30:00
2026-04-29 02:45:00,25.54,02:45:00
2026-04-29 03:00:00,25.99,03:00:00
2026-04-29 03:15:00,25.69,03:15:00
2026-04-29 03:30:00,25.58,03:30:00
2026-04-29 03:45:00,25.44,03:45:00
2026-04-29 04:00:00,26.03,04:00:00
2026-04-29 04:15:00,25.64,04:15:00
2026-04-29 04:30:00,25.43,04:30:00
2026-04-29 04:45:00,25.73,04:45:00
2026-04-29 05:00:00,26.25,05:00:00
2026-04-29 05:15:00,26.06,05:15:00
2026-04-29 05:30:00,25.45,05:30:00
2026-04-29 05:45:00,25.38,05:45:00
2026-04-29 06:00:00,24.45,06:00:00
2026-04-29 06:15:00,24.16,06:15:00
2026-04-29 06:30:00,25.12,06:30:00
2026-04-29 06:45:00,28.76,06:45:00
2026-04-29 07:00:00,24.46,07:00:00
2026-04-29 07:15:00,25.18,07:15:00
2026-04-29 07:30:00,27.56,07:30:00
2026-04-29 07:45:00,28.81,07:45:00
2026-04-29 08:00:00,27.19,08:00:00
2026-04-29 08:15:00,26.99,08:15:00
2026-04-29 08:30:00,26.42,08:30:00
2026-04-29 08:45:00,26.25,08:45:00
2026-04-29 09:00:00,25.02,09:00:00
2026-04-29 09:15:00,25.08,09:15:00
2026-04-29 09:30:00,25.23,09:30:00
2026-04-29 09:45:00,24.42,09:45:00
2026-04-29 10:00:00,23.64,10:00:00
2026-04-29 10:15:00,23.76,10:15:00
2026-04-29 10:30:00,23.41,10:30:00
2026-04-29 10:45:00,24.21,10:45:00
2026-04-29 11:00:00,23.36,11:00:00
2026-04-29 11:15:00,23.56,11:15:00
2026-04-29 11:30:00,24.01,11:30:00
2026-04-29 11:45:00,24.11,11:45:00
2026-04-29 12:00:00,24.57,12:00:00
2026-04-29 12:15:00,25.02,12:15:00
2026-04-29 12:30:00,24.6,12:30:00
2026-04-29 12:45:00,23.96,12:45:00
2026-04-29 13:00:00,24.33,13:00:00
2026-04-29 13:15:00,24.18,13:15:00
2026-04-29 13:30:00,24.16,13:30:00
2026-04-29 13:45:00,23.39,13:45:00
2026-04-29 14:00:00,23.34,14:00:00
2026-04-29 14:15:00,24.92,14:15:00
2026-04-29 14:30:00,24.52,14:30:00
2026-04-29 14:45:00,23.87,14:45:00
2026-04-29 15:00:00,25.67,15:00:00
2026-04-29 15:15:00,25.06,15:15:00
2026-04-29 15:30:00,24.82,15:30:00
2026-04-29 15:45:00,25.27,15:45:00
2026-04-29 16:00:00,28.15,16:00:00
2026-04-29 16:15:00,26.6,16:15:00
2026-04-29 16:30:00,24.31,16:30:00
2026-04-29 16:45:00,22.53,16:45:00
2026-04-29 17:00:00,23.12,17:00:00
2026-04-29 17:15:00,22.78,17:15:00
2026-04-29 17:30:00,22.53,17:30:00
2026-04-29 17:45:00,22.28,17:45:00
2026-04-29 18:00:00,23.27,18:00:00
2026-04-29 18:15:00,24.61,18:15:00
2026-04-29 18:30:00,24.34,18:30:00
2026-04-29 18:45:00,23.99,18:45:00
2026-04-29 19:00:00,22.86,19:00:00
2026-04-29 19:15:00,22.68,19:15:00
2026-04-29 19:30:00,22.17,19:30:00
2026-04-29 19:45:00,22.3,19:45:00
2026-04-29 20:00:00,21.4,20:00:00
2026-04-29 20:15:00,21.37,20:15:00
2026-04-29 20:30:00,21.32,20:30:00
2026-04-29 20:45:00,21.39,20:45:00
2026-04-29 21:00:00,20.43,21:00:00
2026-04-29 21:15:00,20.49,21:15:00
2026-04-29 21:30:00,20.46,21:30:00
2026-04-29 21:45:00,20.38,21:45:00
2026-04-29 22:00:00,19.07,22:00:00
2026-04-29 22:15:00,19.04,22:15:00
2026-04-29 22:30:00,19.04,22:30:00
2026-04-29 22:45:00,18.98,22:45:00
2026-04-29 23:00:00,18.84,23:00:00
2026-04-29 23:15:00,18.85,23:15:00
2026-04-29 23:30:00,18.74,23:30:00
2026-04-29 23:45:00,18.68,23:45:00
2026-04-30 00:00:00,18.58,00:00:00
2026-04-30 00:15:00,18.55,00:15:00
2026-04-30 00:30:00,18.51,00:30:00
2026-04-30 00:45:00,18.61,00:45:00
2026-04-30 01:00:00,18.6,01:00:00
2026-04-30 01:15:00,18.55,01:15:00
2026-04-30 01:30:00,18.59,01:30:00
2026-04-30 01:45:00,18.44,01:45:00
2026-04-30 02:00:00,18.73,02:00:00
2026-04-30 02:15:00,18.79,02:15:00
2026-04-30 02:30:00,18.78,02:30:00
2026-04-30 02:45:00,18.68,02:45:00
2026-04-30 03:00:00,18.69,03:00:00
2026-04-30 03:15:00,18.6,03:15:00
2026-04-30 03:30:00,18.48,03:30:00
2026-04-30 03:45:00,18.44,03:45:00
2026-04-30 04:00:00,17.36,04:00:00
2026-04-30 04:15:00,17.37,04:15:00
2026-04-30 04:30:00,17.72,04:30:00
2026-04-30 04:45:00,17.69,04:45:00
2026-04-30 05:00:00,17.83,05:00:00
2026-04-30 05:15:00,17.79,05:15:00
2026-04-30 05:30:00,17.85,05:30:00
2026-04-30 05:45:00,17.9,05:45:00
2026-04-30 06:00:00,17.48,06:00:00
2026-04-30 06:15:00,17.26,06:15:00
2026-04-30 06:30:00,17.32,06:30:00
2026-04-30 06:45:00,17.28,06:45:00
2026-04-30 07:00:00,16.07,07:00:00
2026-04-30 07:15:00,15.71,07:15:00
2026-04-30 07:30:00,15.47,07:30:00
2026-04-30 07:45:00,16.01,07:45:00
2026-04-30 08:00:00,15.67,08:00:00
2026-04-30 08:15:00,15.65,08:15:00
2026-04-30 08:30:00,15.96,08:30:00
2026-04-30 08:45:00,16.03,08:45:00
2026-04-30 09:00:00,14.6,09:00:00
2026-04-30 09:15:00,14.43,09:15:00
2026-04-30 09:30:00,14.34,09:30:00
2026-04-30 09:45:00,14.66,09:45:00
2026-04-30 10:00:00,14.64,10:00:00
2026-04-30 10:15:00,14.74,10:15:00
2026-04-30 10:30:00,15.04,10:30:00
2026-04-30 10:45:00,15.03,10:45:00
2026-04-30 11:00:00,15.09,11:00:00
2026-04-30 11:15:00,15.39,11:15:00
2026-04-30 11:30:00,15.46,11:30:00
2026-04-30 11:45:00,15.15,11:45:00
2026-04-30 12:00:00,15.51,12:00:00
2026-04-30 12:15:00,15.78,12:15:00
2026-04-30 12:30:00,15.8,12:30:00
2026-04-30 12:45:00,15.78,12:45:00
2026-04-30 13:00:00,15.99,13:00:00
2026-04-30 13:15:00,15.72,13:15:00
2026-04-30 13:30:00,16.08,13:30:00
2026-04-30 13:45:00,16.22,13:45:00
2026-04-30 14:00:00,17.51,14:00:00
2026-04-30 14:15:00,17.33,14:15:00
2026-04-30 14:30:00,17.23,14:30:00
2026-04-30 14:45:00,17.12,14:45:00
2026-04-30 15:00:00,17.94,15:00:00
2026-04-30 15:15:00,17.8,15:15:00
2026-04-30 15:30:00,17.53,15:30:00
2026-04-30 15:45:00,16.64,15:45:00
2026-04-30 16:00:00,18.13,16:00:00
2026-04-30 16:15:00,18.33,16:15:00
2026-04-30 16:30:00,19.55,16:30:00
2026-04-30 16:45:00,19.1,16:45:00
2026-04-30 17:00:00,19.79,17:00:00
2026-04-30 17:15:00,19.67,17:15:00
2026-04-30 17:30:00,21.41,17:30:00
2026-04-30 17:45:00,22.53,17:45:00
2026-04-30 18:00:00,19.72,18:00:00
2026-04-30 18:15:00,19.61,18:15:00
2026-04-30 18:30:00,20.08,18:30:00
2026-04-30 18:45:00,20.1,18:45:00
2026-04-30 19:00:00,22.04,19:00:00
2026-04-30 19:15:00,22.54,19:15:00
2026-04-30 19:30:00,22.73,19:30:00
2026-04-30 19:45:00,22.71,19:45:00
2026-04-30 20:00:00,20.25,20:00:00
2026-04-30 20:15:00,19.26,20:15:00
2026-04-30 20:30:00,19.56,20:30:00
2026-04-30 20:45:00,20.48,20:45:00
2026-04-30 21:00:00,20.07,21:00:00
2026-04-30 21:15:00,20.4,21:15:00
2026-04-30 21:30:00,20.0,21:30:00
2026-04-30 21:45:00,17.98,21:45:00
2026-04-30 22:00:00,14.36,22:00:00
2026-04-30 22:15:00,14.03,22:15:00
2026-04-30 22:30:00,14.4,22:30:00
2026-04-30 22:45:00,14.29,22:45:00
2026-04-30 23:00:00,13.97,23:00:00
2026-04-30 23:15:00,14.02,23:15:00
2026-04-30 23:30:00,13.92,23:30:00
2026-04-30 23:45:00,13.91,23:45:00
2026-05-01 00:00:00,13.69,00:00:00
2026-05-01 00:15:00,13.59,00:15:00
2026-05-01 00:30:00,13.66,00:30:00
2026-05-01 00:45:00,13.74,00:45:00
2026-05-01 01:00:00,13.84,01:00:00
2026-05-01 01:15:00,13.73,01:15:00
2026-05-01 01:30:00,13.74,01:30:00
2026-05-01 01:45:00,13.78,01:45:00
2026-05-01 02:00:00,13.69,02:00:00
2026-05-01 02:15:00,13.62,02:15:00
2026-05-01 02:30:00,13.58,02:30:00
2026-05-01 02:45:00,13.52,02:45:00
2026-05-01 03:00:00,13.86,03:00:00
2026-05-01 03:15:00,13.94,03:15:00
2026-05-01 03:30:00,13.92,03:30:00
2026-05-01 03:45:00,13.92,03:45:00
2026-05-01 04:00:00,13.95,04:00:00
2026-05-01 04:15:00,13.94,04:15:00
2026-05-01 04:30:00,13.96,04:30:00
2026-05-01 04:45:00,14.16,04:45:00
2026-05-01 05:00:00,14.14,05:00:00
2026-05-01 05:15:00,14.23,05:15:00
2026-05-01 05:30:00,14.27,05:30:00
2026-05-01 05:45:00,14.49,05:45:00
2026-05-01 06:00:00,14.21,06:00:00
2026-05-01 06:15:00,14.56,06:15:00
2026-05-01 06:30:00,14.05,06:30:00
2026-05-01 06:45:00,14.35,06:45:00
2026-05-01 07:00:00,14.71,07:00:00
2026-05-01 07:15:00,14.93,07:15:00
2026-05-01 07:30:00,15.1,07:30:00
2026-05-01 07:45:00,15.84,07:45:00
2026-05-01 08:00:00,15.49,08:00:00
2026-05-01 08:15:00,15.85,08:15:00
2026-05-01 08:30:00,16.25,08:30:00
2026-05-01 08:45:00,16.57,08:45:00
2026-05-01 09:00:00,17.53,09:00:00
2026-05-01 09:15:00,18.94,09:15:00
2026-05-01 09:30:00,18.26,09:30:00
2026-05-01 09:45:00,18.57,09:45:00
2026-05-01 10:00:00,18.61,10:00:00
2026-05-01 10:15:00,19.28,10:15:00
2026-05-01 10:30:00,19.04,10:30:00
2026-05-01 10:45:00,19.49,10:45:00
2026-05-01 11:00:00,20.34,11:00:00
2026-05-01 11:15:00,20.55,11:15:00
2026-05-01 11:30:00,20.63,11:30:00
2026-05-01 11:45:00,21.06,11:45:00
2026-05-01 12:00:00,21.84,12:00:00
2026-05-01 12:15:00,21.89,12:15:00
2026-05-01 12:30:00,21.63,12:30:00
2026-05-01 12:45:00,21.53,12:45:00
2026-05-01 13:00:00,20.44,13:00:00
2026-05-01 13:15:00,20.35,13:15:00
2026-05-01 13:30:00,20.58,13:30:00
2026-05-01 13:45:00,20.56,13:45:00
2026-05-01 14:00:00,19.52,14:00:00
2026-05-01 14:15:00,19.92,14:15:00
2026-05-01 14:30:00,19.06,14:30:00
2026-05-01 14:45:00,17.63,14:45:00
2026-05-01 15:00:00,15.48,15:00:00
2026-05-01 15:15:00,14.53,15:15:00
2026-05-01 15:30:00,13.55,15:30:00
2026-05-01 15:45:00,14.1,15:45:00
2026-05-01 16:00:00,11.24,16:00:00
2026-05-01 16:15:00,10.6,16:15:00
2026-05-01 16:30:00,10.49,16:30:00
2026-05-01 16:45:00,10.93,16:45:00
2026-05-01 17:00:00,10.67,17:00:00
2026-05-01 17:15:00,11.79,17:15:00
2026-05-01 17:30:00,14.59,17:30:00
2026-05-01 17:45:00,14.7,17:45:00
2026-05-01 18:00:00,16.0,18:00:00
2026-05-01 18:15:00,15.73,18:15:00
2026-05-01 18:30:00,15.31,18:30:00
2026-05-01 18:45:00,15.56,18:45:00
2026-05-01 19:00:00,15.2,19:00:00
2026-05-01 19:15:00,15.86,19:15:00
2026-05-01 19:30:00,16.35,19:30:00
2026-05-01 19:45:00,15.36,19:45:00
2026-05-01 20:00:00,16.1,20:00:00
2026-05-01 20:15:00,15.92,20:15:00
2026-05-01 20:30:00,13.15,20:30:00
2026-05-01 20:45:00,12.85,20:45:00
2026-05-01 21:00:00,12.64,21:00:00
2026-05-01 21:15:00,12.82,21:15:00
2026-05-01 21:30:00,12.88,21:30:00
2026-05-01 21:45:00,13.05,21:45:00
2026-05-01 22:00:00,13.2,22:00:00
2026-05-01 22:15:00,13.36,22:15:00
2026-05-01 22:30:00,13.46,22:30:00
2026-05-01 22:45:00,13.55,22:45:00
2026-05-01 23:00:00,13.86,23:00:00
2026-05-01 23:15:00,13.89,23:15:00
2026-05-01 23:30:00,13.99,23:30:00
2026-05-01 23:45:00,14.05,23:45:00
2026-05-02 00:00:00,14.14,00:00:00
2026-05-02 00:15:00,14.29,00:15:00
2026-05-02 00:30:00,14.21,00:30:00
2026-05-02 00:45:00,14.2,00:45:00
2026-05-02 01:00:00,14.32,01:00:00
2026-05-02 01:15:00,14.43,01:15:00
2026-05-02 01:30:00,14.46,01:30:00
2026-05-02 01:45:00,14.5,01:45:00
2026-05-02 02:00:00,14.79,02:00:00
2026-05-02 02:15:00,14.76,02:15:00
2026-05-02 02:30:00,14.74,02:30:00
2026-05-02 02:45:00,14.7,02:45:00
2026-05-02 03:00:00,14.69,03:00:00
2026-05-02 03:15:00,14.69,03:15:00
2026-05-02 03:30:00,14.79,03:30:00
2026-05-02 03:45:00,15.01,03:45:00
2026-05-02 04:00:00,15.59,04:00:00
2026-05-02 04:15:00,15.61,04:15:00
2026-05-02 04:30:00,15.84,04:30:00
2026-05-02 04:45:00,15.6,04:45:00
2026-05-02 05:00:00,16.03,05:00:00
2026-05-02 05:15:00,15.3,05:15:00
2026-05-02 05:30:00,16.01,05:30:00
2026-05-02 05:45:00,18.52,05:45:00
2026-05-02 06:00:00,17.8,06:00:00
2026-05-02 06:15:00,18.04,06:15:00
2026-05-02 06:30:00,18.29,06:30:00
2026-05-02 06:45:00,17.13,06:45:00
2026-05-02 07:00:00,17.92,07:00:00
2026-05-02 07:15:00,17.57,07:15:00
2026-05-02 07:30:00,17.7,07:30:00
2026-05-02 07:45:00,17.77,07:45:00
2026-05-02 08:00:00,17.69,08:00:00
2026-05-02 08:15:00,17.74,08:15:00
2026-05-02 08:30:00,17.66,08:30:00
2026-05-02 08:45:00,19.55,08:45:00
2026-05-02 09:00:00,19.06,09:00:00
2026-05-02 09:15:00,19.77,09:15:00
2026-05-02 09:30:00,19.93,09:30:00
2026-05-02 09:45:00,19.75,09:45:00
2026-05-02 10:00:00,20.14,10:00:00
2026-05-02 10:15:00,21.18,10:15:00
2026-05-02 10:30:00,21.56,10:30:00
2026-05-02 10:45:00,21.54,10:45:00
2026-05-02 11:00:00,20.5,11:00:00
2026-05-02 11:15:00,20.73,11:15:00
2026-05-02 11:30:00,20.6,11:30:00
2026-05-02 11:45:00,20.59,11:45:00
2026-05-02 12:00:00,21.03,12:00:00
2026-05-02 12:15:00,20.79,12:15:00
2026-05-02 12:30:00,20.57,12:30:00
2026-05-02 12:45:00,20.62,12:45:00
2026-05-02 13:00:00,20.78,13:00:00
2026-05-02 13:15:00,20.87,13:15:00
2026-05-02 13:30:00,19.1,13:30:00
2026-05-02 13:45:00,17.22,13:45:00
2026-05-02 14:00:00,17.81,14:00:00
2026-05-02 14:15:00,16.81,14:15:00
2026-05-02 14:30:00,16.56,14:30:00
2026-05-02 14:45:00,16.96,14:45:00
2026-05-02 15:00:00,15.99,15:00:00
2026-05-02 15:15:00,13.81,15:15:00
2026-05-02 15:30:00,13.54,15:30:00
2026-05-02 15:45:00,13.42,15:45:00
2026-05-02 16:00:00,13.26,16:00:00
2026-05-02 16:15:00,13.18,16:15:00
2026-05-02 16:30:00,14.79,16:30:00
2026-05-02 16:45:00,17.53,16:45:00
2026-05-02 17:00:00,17.61,17:00:00
2026-05-02 17:15:00,17.5,17:15:00
2026-05-02 17:30:00,17.3,17:30:00
2026-05-02 17:45:00,17.34,17:45:00
2026-05-02 18:00:00,18.93,18:00:00
2026-05-02 18:15:00,20.82,18:15:00
2026-05-02 18:30:00,19.17,18:30:00
2026-05-02 18:45:00,17.31,18:45:00
2026-05-02 19:00:00,15.32,19:00:00
2026-05-02 19:15:00,13.88,19:15:00
2026-05-02 19:30:00,13.67,19:30:00
2026-05-02 19:45:00,14.41,19:45:00
2026-05-02 20:00:00,14.41,20:00:00
2026-05-02 20:15:00,13.77,20:15:00
2026-05-02 20:30:00,13.84,20:30:00
2026-05-02 20:45:00,14.5,20:45:00
2026-05-02 21:00:00,15.88,21:00:00
2026-05-02 21:15:00,15.85,21:15:00
2026-05-02 21:30:00,15.35,21:30:00
2026-05-02 21:45:00,15.0,21:45:00
2026-05-02 22:00:00,18.5,22:00:00
2026-05-02 22:15:00,19.03,22:15:00
2026-05-02 22:30:00,19.87,22:30:00
2026-05-02 22:45:00,19.71,22:45:00
2026-05-02 23:00:00,19.87,23:00:00
2026-05-02 23:15:00,20.15,23:15:00
2026-05-02 23:30:00,19.9,23:30:00
2026-05-02 23:45:00,18.92,23:45:00
2026-05-03 00:00:00,18.81,00:00:00
2026-05-03 00:15:00,18.95,00:15:00
2026-05-03 00:30:00,18.21,00:30:00
2026-05-03 00:45:00,18.38,00:45:00
2026-05-03 01:00:00,17.72,01:00:00
2026-05-03 01:15:00,17.89,01:15:00
2026-05-03 01:30:00,18.63,01:30:00
2026-05-03 01:45:00,19.04,01:45:00
2026-05-03 02:00:00,19.84,02:00:00
2026-05-03 02:15:00,19.94,02:15:00
2026-05-03 02:30:00,19.17,02:30:00
2026-05-03 02:45:00,19.99,02:45:00
2026-05-03 03:00:00,20.77,03:00:00
2026-05-03 03:15:00,21.15,03:15:00
2026-05-03 03:30:00,20.58,03:30:00
2026-05-03 03:45:00,20.79,03:45:00
2026-05-03 04:00:00,21.73,04:00:00
2026-05-03 04:15:00,21.55,04:15:00
2026-05-03 04:30:00,21.9,04:30:00
2026-05-03 04:45:00,22.08,04:45:00
2026-05-03 05:00:00,24.87,05:00:00
2026-05-03 05:15:00,24.41,05:15:00
2026-05-03 05:30:00,22.08,05:30:00
2026-05-03 05:45:00,20.74,05:45:00
2026-05-03 06:00:00,20.18,06:00:00
2026-05-03 06:15:00,20.76,06:15:00
2026-05-03 06:30:00,22.98,06:30:00
2026-05-03 06:45:00,25.52,06:45:00
2026-05-03 07:00:00,25.27,07:00:00
2026-05-03 07:15:00,23.62,07:15:00
2026-05-03 07:30:00,19.58,07:30:00
2026-05-03 07:45:00,19.59,07:45:00
2026-05-03 08:00:00,20.44,08:00:00
2026-05-03 08:15:00,20.29,08:15:00
2026-05-03 08:30:00,19.55,08:30:00
2026-05-03 08:45:00,21.76,08:45:00
2026-05-03 09:00:00,20.08,09:00:00
2026-05-03 09:15:00,19.63,09:15:00
2026-05-03 09:30:00,21.13,09:30:00
2026-05-03 09:45:00,25.22,09:45:00
2026-05-03 10:00:00,24.21,10:00:00
2026-05-03 10:15:00,28.16,10:15:00
2026-05-03 10:30:00,28.72,10:30:00
2026-05-03 10:45:00,29.48,10:45:00
2026-05-03 11:00:00,28.54,11:00:00
2026-05-03 11:15:00,29.55,11:15:00
2026-05-03 11:30:00,30.32,11:30:00
2026-05-03 11:45:00,30.31,11:45:00
2026-05-03 12:00:00,31.52,12:00:00
2026-05-03 12:15:00,31.3,12:15:00
2026-05-03 12:30:00,31.32,12:30:00
2026-05-03 12:45:00,31.26,12:45:00
2026-05-03 13:00:00,31.27,13:00:00
2026-05-03 13:15:00,31.33,13:15:00
2026-05-03 13:30:00,31.4,13:30:00
2026-05-03 13:45:00,31.47,13:45:00
2026-05-03 14:00:00,31.72,14:00:00
2026-05-03 14:15:00,31.33,14:15:00
2026-05-03 14:30:00,30.13,14:30:00
2026-05-03 14:45:00,27.9,14:45:00
2026-05-03 15:00:00,23.82,15:00:00
2026-05-03 15:15:00,21.61,15:15:00
2026-05-03 15:30:00,19.49,15:30:00
2026-05-03 15:45:00,19.21,15:45:00
2026-05-03 16:00:00,20.36,16:00:00
2026-05-03 16:15:00,20.7,16:15:00
2026-05-03 16:30:00,21.07,16:30:00
2026-05-03 16:45:00,21.1,16:45:00
2026-05-03 17:00:00,18.75,17:00:00
2026-05-03 17:15:00,19.24,17:15:00
2026-05-03 17:30:00,19.36,17:30:00
2026-05-03 17:45:00,20.25,17:45:00
2026-05-03 18:00:00,20.63,18:00:00
2026-05-03 18:15:00,20.44,18:15:00
2026-05-03 18:30:00,22.16,18:30:00
2026-05-03 18:45:00,20.61,18:45:00
2026-05-03 19:00:00,21.39,19:00:00
2026-05-03 19:15:00,20.37,19:15:00
2026-05-03 19:30:00,20.07,19:30:00
2026-05-03 19:45:00,19.9,19:45:00
2026-05-03 20:00:00,20.33,20:00:00
2026-05-03 20:15:00,20.11,20:15:00
2026-05-03 20:30:00,20.01,20:30:00
2026-05-03 20:45:00,19.94,20:45:00
2026-05-03 21:00:00,20.43,21:00:00
2026-05-03 21:15:00,20.36,21:15:00
2026-05-03 21:30:00,20.48,21:30:00
2026-05-03 21:45:00,20.48,21:45:00
2026-05-03 22:00:00,21.94,22:00:00
2026-05-03 22:15:00,22.07,22:15:00
2026-05-03 22:30:00,22.54,22:30:00
2026-05-03 22:45:00,22.87,22:45:00
2026-05-03 23:00:00,24.02,23:00:00
2026-05-03 23:15:00,23.19,23:15:00
2026-05-03 23:30:00,23.36,23:30:00
2026-05-03 23:45:00,22.94,23:45:00
2026-05-04 00:00:00,23.57,00:00:00
2026-05-04 00:15:00,23.44,00:15:00
2026-05-04 00:30:00,23.43,00:30:00
2026-05-04 00:45:00,23.18,00:45:00
2026-05-04 01:00:00,25.44,01:00:00
2026-05-04 01:15:00,25.87,01:15:00
2026-05-04 01:30:00,24.33,01:30:00
2026-05-04 01:45:00,23.45,01:45:00
2026-05-04 02:00:00,23.63,02:00:00
2026-05-04 02:15:00,23.72,02:15:00
2026-05-04 02:30:00,23.39,02:30:00
2026-05-04 02:45:00,22.44,02:45:00
2026-05-04 03:00:00,22.36,03:00:00
2026-05-04 03:15:00,22.79,03:15:00
2026-05-04 03:30:00,23.04,03:30:00
2026-05-04 03:45:00,23.54,03:45:00
2026-05-04 04:00:00,22.93,04:00:00
2026-05-04 04:15:00,23.24,04:15:00
2026-05-04 04:30:00,23.03,04:30:00
2026-05-04 04:45:00,22.87,04:45:00
2026-05-04 05:00:00,22.4,05:00:00
2026-05-04 05:15:00,22.37,05:15:00
2026-05-04 05:30:00,23.17,05:30:00
2026-05-04 05:45:00,23.47,05:45:00
2026-05-04 06:00:00,23.8,06:00:00
2026-05-04 06:15:00,23.79,06:15:00
2026-05-04 06:30:00,21.96,06:30:00
2026-05-04 06:45:00,22.0,06:45:00
2026-05-04 07:00:00,20.88,07:00:00
2026-05-04 07:15:00,20.72,07:15:00
2026-05-04 07:30:00,20.65,07:30:00
2026-05-04 07:45:00,22.65,07:45:00
2026-05-04 08:00:00,21.2,08:00:00
2026-05-04 08:15:00,19.64,08:15:00
2026-05-04 08:30:00,19.43,08:30:00
2026-05-04 08:45:00,18.93,08:45:00
2026-05-04 09:00:00,18.1,09:00:00
2026-05-04 09:15:00,17.84,09:15:00
2026-05-04 09:30:00,17.49,09:30:00
2026-05-04 09:45:00,17.25,09:45:00
2026-05-04 10:00:00,16.34,10:00:00
2026-05-04 10:15:00,16.4,10:15:00
2026-05-04 10:30:00,16.26,10:30:00
2026-05-04 10:45:00,16.16,10:45:00
2026-05-04 11:00:00,15.67,11:00:00
2026-05-04 11:15:00,15.65,11:15:00
2026-05-04 11:30:00,15.45,11:30:00
2026-05-04 11:45:00,15.37,11:45:00
2026-05-04 12:00:00,14.98,12:00:00
2026-05-04 12:15:00,15.05,12:15:00
2026-05-04 12:30:00,14.83,12:30:00
2026-05-04 12:45:00,14.77,12:45:00
2026-05-04 13:00:00,14.21,13:00:00
2026-05-04 13:15:00,13.96,13:15:00
2026-05-04 13:30:00,14.12,13:30:00
2026-05-04 13:45:00,14.43,13:45:00
2026-05-04 14:00:00,13.79,14:00:00
2026-05-04 14:15:00,13.72,14:15:00
2026-05-04 14:30:00,13.59,14:30:00
2026-05-04 14:45:00,13.57,14:45:00
2026-05-04 15:00:00,14.52,15:00:00
2026-05-04 15:15:00,14.3,15:15:00
2026-05-04 15:30:00,14.2,15:30:00
2026-05-04 15:45:00,14.26,15:45:00
2026-05-04 16:00:00,14.59,16:00:00
2026-05-04 16:15:00,14.43,16:15:00
2026-05-04 16:30:00,14.23,16:30:00
2026-05-04 16:45:00,14.2,16:45:00
2026-05-04 17:00:00,15.77,17:00:00
2026-05-04 17:15:00,15.97,17:15:00
2026-05-04 17:30:00,16.16,17:30:00
2026-05-04 17:45:00,16.0,17:45:00
2026-05-04 18:00:00,17.65,18:00:00
2026-05-04 18:15:00,17.77,18:15:00
2026-05-04 18:30:00,16.94,18:30:00
2026-05-04 18:45:00,16.89,18:45:00
2026-05-04 19:00:00,17.58,19:00:00
2026-05-04 19:15:00,18.37,19:15:00
2026-05-04 19:30:00,17.44,19:30:00
2026-05-04 19:45:00,17.58,19:45:00
2026-05-04 20:00:00,16.15,20:00:00
2026-05-04 20:15:00,16.07,20:15:00
2026-05-04 20:30:00,16.25,20:30:00
2026-05-04 20:45:00,16.15,20:45:00
2026-05-04 21:00:00,16.11,21:00:00
2026-05-04 21:15:00,16.07,21:15:00
2026-05-04 21:30:00,16.01,21:30:00
2026-05-04 21:45:00,16.15,21:45:00
2026-05-04 22:00:00,16.79,22:00:00
2026-05-04 22:15:00,16.92,22:15:00
2026-05-04 22:30:00,19.14,22:30:00
2026-05-04 22:45:00,22.57,22:45:00
2026-05-04 23:00:00,21.94,23:00:00
2026-05-04 23:15:00,19.64,23:15:00
2026-05-04 23:30:00,16.42,23:30:00
2026-05-04 23:45:00,16.29,23:45:00
2026-05-05 00:00:00,16.16,00:00:00
2026-05-05 00:15:00,16.27,00:15:00
2026-05-05 00:30:00,16.43,00:30:00
2026-05-05 00:45:00,16.69,00:45:00
2026-05-05 01:00:00,17.11,01:00:00
2026-05-05 01:15:00,17.28,01:15:00
2026-05-05 01:30:00,17.52,01:30:00
2026-05-05 01:45:00,17.65,01:45:00
2026-05-05 02:00:00,18.02,02:00:00
2026-05-05 02:15:00,17.74,02:15:00
2026-05-05 02:30:00,17.63,02:30:00
2026-05-05 02:45:00,17.74,02:45:00
2026-05-05 03:00:00,18.85,03:00:00
2026-05-05 03:15:00,19.22,03:15:00
2026-05-05 03:30:00,19.19,03:30:00
2026-05-05 03:45:00,19.2,03:45:00
2026-05-05 04:00:00,19.46,04:00:00
2026-05-05 04:15:00,19.43,04:15:00
2026-05-05 04:30:00,19.46,04:30:00
2026-05-05 04:45:00,19.3,04:45:00
2026-05-05 05:00:00,20.49,05:00:00
2026-05-05 05:15:00,21.4,05:15:00
2026-05-05 05:30:00,25.63,05:30:00
2026-05-05 05:45:00,25.89,05:45:00
2026-05-05 06:00:00,26.1,06:00:00
2026-05-05 06:15:00,26.15,06:15:00
2026-05-05 06:30:00,25.83,06:30:00
2026-05-05 06:45:00,25.74,06:45:00
2026-05-05 07:00:00,24.87,07:00:00
2026-05-05 07:15:00,24.34,07:15:00
2026-05-05 07:30:00,23.66,07:30:00
2026-05-05 07:45:00,23.52,07:45:00
2026-05-05 08:00:00,22.24,08:00:00
2026-05-05 08:15:00,21.71,08:15:00
2026-05-05 08:30:00,21.5,08:30:00
2026-05-05 08:45:00,21.57,08:45:00
2026-05-05 09:00:00,20.05,09:00:00
2026-05-05 09:15:00,19.93,09:15:00
2026-05-05 09:30:00,20.77,09:30:00
2026-05-05 09:45:00,21.56,09:45:00
2026-05-05 10:00:00,21.2,10:00:00
2026-05-05 10:15:00,20.04,10:15:00
2026-05-05 10:30:00,19.89,10:30:00
2026-05-05 10:45:00,20.01,10:45:00
2026-05-05 11:00:00,19.02,11:00:00
2026-05-05 11:15:00,19.16,11:15:00
2026-05-05 11:30:00,19.19,11:30:00
2026-05-05 11:45:00,18.98,11:45:00
2026-05-05 12:00:00,19.23,12:00:00
2026-05-05 12:15:00,19.04,12:15:00
2026-05-05 12:30:00,18.53,12:30:00
2026-05-05 12:45:00,18.28,12:45:00
2026-05-05 13:00:00,19.75,13:00:00
2026-05-05 13:15:00,19.98,13:15:00
2026-05-05 13:30:00,20.05,13:30:00
2026-05-05 13:45:00,20.58,13:45:00
2026-05-05 14:00:00,21.24,14:00:00
2026-05-05 14:15:00,21.35,14:15:00
2026-05-05 14:30:00,20.61,14:30:00
2026-05-05 14:45:00,19.8,14:45:00
2026-05-05 15:00:00,22.68,15:00:00
2026-05-05 15:15:00,23.6,15:15:00
2026-05-05 15:30:00,20.85,15:30:00
2026-05-05 15:45:00,18.2,15:45:00
2026-05-05 16:00:00,20.79,16:00:00
2026-05-05 16:15:00,21.2,16:15:00
2026-05-05 16:30:00,20.01,16:30:00
2026-05-05 16:45:00,20.09,16:45:00
2026-05-05 17:00:00,20.82,17:00:00
2026-05-05 17:15:00,21.11,17:15:00
2026-05-05 17:30:00,21.01,17:30:00
2026-05-05 17:45:00,21.2,17:45:00
2026-05-05 18:00:00,22.22,18:00:00
2026-05-05 18:15:00,22.37,18:15:00
2026-05-05 18:30:00,22.13,18:30:00
2026-05-05 18:45:00,22.02,18:45:00
2026-05-05 19:00:00,22.35,19:00:00
2026-05-05 19:15:00,22.37,19:15:00
2026-05-05 19:30:00,22.21,19:30:00
2026-05-05 19:45:00,22.31,19:45:00
2026-05-05 20:00:00,20.94,20:00:00
2026-05-05 20:15:00,21.33,20:15:00
2026-05-05 20:30:00,21.47,20:30:00
2026-05-05 20:45:00,23.84,20:45:00
2026-05-05 21:00:00,25.71,21:00:00
2026-05-05 21:15:00,26.35,21:15:00
2026-05-05 21:30:00,26.84,21:30:00
2026-05-05 21:45:00,27.39,21:45:00
2026-05-05 22:00:00,28.4,22:00:00
2026-05-05 22:15:00,28.39,22:15:00
2026-05-05 22:30:00,27.55,22:30:00
2026-05-05 22:45:00,27.29,22:45:00
2026-05-05 23:00:00,27.13,23:00:00
2026-05-05 23:15:00,27.25,23:15:00
2026-05-05 23:30:00,27.42,23:30:00
2026-05-05 23:45:00,27.5,23:45:00
2026-05-06 00:00:00,27.57,00:00:00
2026-05-06 00:15:00,27.71,00:15:00
2026-05-06 00:30:00,27.79,00:30:00
2026-05-06 00:45:00,27.84,00:45:00
2026-05-06 01:00:00,28.18,01:00:00
2026-05-06 01:15:00,27.98,01:15:00
2026-05-06 01:30:00,27.89,01:30:00
2026-05-06 01:45:00,27.91,01:45:00
2026-05-06 02:00:00,27.93,02:00:00
2026-05-06 02:15:00,28.13,02:15:00
2026-05-06 02:30:00,28.14,02:30:00
2026-05-06 02:45:00,28.23,02:45:00
2026-05-06 03:00:00,24.7,03:00:00
2026-05-06 03:15:00,23.25,03:15:00
2026-05-06 03:30:00,23.28,03:30:00
2026-05-06 03:45:00,21.43,03:45:00
2026-05-06 04:00:00,22.94,04:00:00
2026-05-06 04:15:00,21.69,04:15:00
2026-05-06 04:30:00,21.62,04:30:00
2026-05-06 04:45:00,21.48,04:45:00
2026-05-06 05:00:00,22.16,05:00:00
2026-05-06 05:15:00,21.88,05:15:00
2026-05-06 05:30:00,22.16,05:30:00
2026-05-06 05:45:00,21.92,05:45:00
2026-05-06 06:00:00,26.09,06:00:00
2026-05-06 06:15:00,26.42,06:15:00
2026-05-06 06:30:00,26.59,06:30:00
2026-05-06 06:45:00,28.5,06:45:00
2026-05-06 07:00:00,27.04,07:00:00
2026-05-06 07:15:00,26.92,07:15:00
2026-05-06 07:30:00,26.92,07:30:00
2026-05-06 07:45:00,26.95,07:45:00
2026-05-06 08:00:00,26.01,08:00:00
2026-05-06 08:15:00,25.9,08:15:00
2026-05-06 08:30:00,25.77,08:30:00
2026-05-06 08:45:00,26.12,08:45:00
2026-05-06 09:00:00,25.59,09:00:00
2026-05-06 09:15:00,25.55,09:15:00
2026-05-06 09:30:00,25.49,09:30:00
2026-05-06 09:45:00,25.48,09:45:00
2026-05-06 10:00:00,24.96,10:00:00
2026-05-06 10:15:00,25.15,10:15:00
2026-05-06 10:30:00,25.11,10:30:00
2026-05-06 10:45:00,25.61,10:45:00
2026-05-06 11:00:00,25.41,11:00:00
2026-05-06 11:15:00,25.49,11:15:00
2026-05-06 11:30:00,25.64,11:30:00
2026-05-06 11:45:00,25.89,11:45:00
2026-05-06 12:00:00,26.21,12:00:00
2026-05-06 12:15:00,26.15,12:15:00
2026-05-06 12:30:00,25.84,12:30:00
2026-05-06 12:45:00,25.66,12:45:00
2026-05-06 13:00:00,26.49,13:00:00
2026-05-06 13:15:00,26.7,13:15:00
2026-05-06 13:30:00,26.75,13:30:00
2026-05-06 13:45:00,26.5,13:45:00
2026-05-06 14:00:00,26.17,14:00:00
2026-05-06 14:15:00,25.91,14:15:00
2026-05-06 14:30:00,24.01,14:30:00
2026-05-06 14:45:00,24.05,14:45:00
2026-05-06 15:00:00,25.48,15:00:00
2026-05-06 15:15:00,28.22,15:15:00
2026-05-06 15:30:00,25.57,15:30:00
2026-05-06 15:45:00,24.63,15:45:00
2026-05-06 16:00:00,23.58,16:00:00
2026-05-06 16:15:00,21.93,16:15:00
2026-05-06 16:30:00,22.81,16:30:00
2026-05-06 16:45:00,21.95,16:45:00
2026-05-06 17:00:00,22.23,17:00:00
2026-05-06 17:15:00,25.1,17:15:00
2026-05-06 17:30:00,24.97,17:30:00
2026-05-06 17:45:00,25.48,17:45:00
2026-05-06 18:00:00,28.06,18:00:00
2026-05-06 18:15:00,26.75,18:15:00
2026-05-06 18:30:00,23.42,18:30:00
2026-05-06 18:45:00,22.88,18:45:00
2026-05-06 19:00:00,22.75,19:00:00
2026-05-06 19:15:00,22.72,19:15:00
2026-05-06 19:30:00,22.58,19:30:00
2026-05-06 19:45:00,22.71,19:45:00
2026-05-06 20:00:00,22.5,20:00:00
2026-05-06 20:15:00,22.36,20:15:00
2026-05-06 20:30:00,22.29,20:30:00
2026-05-06 20:45:00,22.66,20:45:00
2026-05-06 21:00:00,22.21,21:00:00
2026-05-06 21:15:00,22.51,21:15:00
2026-05-06 21:30:00,22.34,21:30:00
2026-05-06 21:45:00,22.73,21:45:00
2026-05-06 22:00:00,23.96,22:00:00
2026-05-06 22:15:00,26.4,22:15:00
2026-05-06 22:30:00,26.92,22:30:00
2026-05-06 22:45:00,28.64,22:45:00
2026-05-06 23:00:00,28.89,23:00:00
2026-05-06 23:15:00,27.8,23:15:00
2026-05-06 23:30:00,27.73,23:30:00
2026-05-06 23:45:00,27.06,23:45:00
2026-05-07 00:00:00,28.65,00:00:00
2026-05-07 00:15:00,26.4,00:15:00
2026-05-07 00:30:00,25.33,00:30:00
2026-05-07 00:45:00,25.33,00:45:00
2026-05-07 01:00:00,28.35,01:00:00
2026-05-07 01:15:00,30.69,01:15:00
2026-05-07 01:30:00,27.8,01:30:00
2026-05-07 01:45:00,27.26,01:45:00
2026-05-07 02:00:00,25.74,02:00:00
2026-05-07 02:15:00,24.1,02:15:00
2026-05-07 02:30:00,23.45,02:30:00
2026-05-07 02:45:00,23.3,02:45:00
2026-05-07 03:00:00,23.6,03:00:00
2026-05-07 03:15:00,23.51,03:15:00
2026-05-07 03:30:00,23.29,03:30:00
2026-05-07 03:45:00,23.64,03:45:00
2026-05-07 04:00:00,23.71,04:00:00
2026-05-07 04:15:00,23.59,04:15:00
2026-05-07 04:30:00,23.77,04:30:00
2026-05-07 04:45:00,24.74,04:45:00
2026-05-07 05:00:00,26.52,05:00:00
2026-05-07 05:15:00,24.85,05:15:00
2026-05-07 05:30:00,24.89,05:30:00
2026-05-07 05:45:00,26.63,05:45:00
2026-05-07 06:00:00,31.77,06:00:00
2026-05-07 06:15:00,29.92,06:15:00
2026-05-07 06:30:00,27.72,06:30:00
2026-05-07 06:45:00,30.69,06:45:00
2026-05-07 07:00:00,32.92,07:00:00
2026-05-07 07:15:00,30.27,07:15:00
2026-05-07 07:30:00,31.92,07:30:00
2026-05-07 07:45:00,33.54,07:45:00
2026-05-07 08:00:00,33.01,08:00:00
2026-05-07 08:15:00,32.54,08:15:00
2026-05-07 08:30:00,31.76,08:30:00
2026-05-07 08:45:00,30.45,08:45:00
2026-05-07 09:00:00,29.66,09:00:00
2026-05-07 09:15:00,27.18,09:15:00
2026-05-07 09:30:00,25.7,09:30:00
2026-05-07 09:45:00,23.82,09:45:00
2026-05-07 10:00:00,22.29,10:00:00
2026-05-07 10:15:00,22.55,10:15:00
2026-05-07 10:30:00,22.57,10:30:00
2026-05-07 10:45:00,22.42,10:45:00
2026-05-07 11:00:00,22.5,11:00:00
2026-05-07 11:15:00,22.44,11:15:00
2026-05-07 11:30:00,22.16,11:30:00
2026-05-07 11:45:00,22.26,11:45:00
2026-05-07 12:00:00,21.68,12:00:00
2026-05-07 12:15:00,22.3,12:15:00
2026-05-07 12:30:00,23.02,12:30:00
2026-05-07 12:45:00,23.07,12:45:00
2026-05-07 13:00:00,23.65,13:00:00
2026-05-07 13:15:00,22.93,13:15:00
2026-05-07 13:30:00,21.98,13:30:00
2026-05-07 13:45:00,26.28,13:45:00
2026-05-07 14:00:00,22.58,14:00:00
2026-05-07 14:15:00,25.13,14:15:00
2026-05-07 14:30:00,21.71,14:30:00
2026-05-07 14:45:00,21.43,14:45:00
2026-05-07 15:00:00,22.13,15:00:00
2026-05-07 15:15:00,21.95,15:15:00
2026-05-07 15:30:00,21.59,15:30:00
2026-05-07 15:45:00,21.54,15:45:00
2026-05-07 16:00:00,21.66,16:00:00
2026-05-07 16:15:00,21.75,16:15:00
2026-05-07 16:30:00,21.77,16:30:00
2026-05-07 16:45:00,21.72,16:45:00
2026-05-07 17:00:00,21.82,17:00:00
2026-05-07 17:15:00,21.75,17:15:00
2026-05-07 17:30:00,21.38,17:30:00
2026-05-07 17:45:00,21.8,17:45:00
2026-05-07 18:00:00,23.14,18:00:00
2026-05-07 18:15:00,22.81,18:15:00
2026-05-07 18:30:00,23.18,18:30:00
2026-05-07 18:45:00,22.81,18:45:00
2026-05-07 19:00:00,22.63,19:00:00
2026-05-07 19:15:00,22.44,19:15:00
2026-05-07 19:30:00,22.53,19:30:00
2026-05-07 19:45:00,22.79,19:45:00
2026-05-07 20:00:00,22.72,20:00:00
2026-05-07 20:15:00,22.53,20:15:00
2026-05-07 20:30:00,22.53,20:30:00
2026-05-07 20:45:00,22.77,20:45:00
2026-05-07 21:00:00,22.53,21:00:00
2026-05-07 21:15:00,22.64,21:15:00
2026-05-07 21:30:00,22.53,21:30:00
2026-05-07 21:45:00,22.63,21:45:00
2026-05-07 22:00:00,22.56,22:00:00
2026-05-07 22:15:00,22.59,22:15:00
2026-05-07 22:30:00,22.54,22:30:00
2026-05-07 22:45:00,22.53,22:45:00
2026-05-07 23:00:00,22.44,23:00:00
2026-05-07 23:15:00,22.45,23:15:00
2026-05-07 23:30:00,22.54,23:30:00
2026-05-07 23:45:00,22.58,23:45:00
2026-05-08 00:00:00,22.6,00:00:00
2026-05-08 00:15:00,22.67,00:15:00
2026-05-08 00:30:00,22.69,00:30:00
2026-05-08 00:45:00,22.81,00:45:00
2026-05-08 01:00:00,22.97,01:00:00
2026-05-08 01:15:00,22.91,01:15:00
2026-05-08 01:30:00,22.79,01:30:00
2026-05-08 01:45:00,22.98,01:45:00
2026-05-08 02:00:00,23.11,02:00:00
2026-05-08 02:15:00,23.23,02:15:00
2026-05-08 02:30:00,23.03,02:30:00
2026-05-08 02:45:00,22.96,02:45:00
2026-05-08 03:00:00,23.47,03:00:00
2026-05-08 03:15:00,23.37,03:15:00
2026-05-08 03:30:00,23.37,03:30:00
2026-05-08 03:45:00,23.64,03:45:00
2026-05-08 04:00:00,23.28,04:00:00
2026-05-08 04:15:00,22.91,04:15:00
2026-05-08 04:30:00,22.79,04:30:00
2026-05-08 04:45:00,22.66,04:45:00
2026-05-08 05:00:00,23.24,05:00:00
2026-05-08 05:15:00,23.22,05:15:00
2026-05-08 05:30:00,22.86,05:30:00
2026-05-08 05:45:00,22.9,05:45:00
2026-05-08 06:00:00,22.49,06:00:00
2026-05-08 06:15:00,22.57,06:15:00
2026-05-08 06:30:00,22.57,06:30:00
2026-05-08 06:45:00,23.26,06:45:00
2026-05-08 07:00:00,23.12,07:00:00
2026-05-08 07:15:00,25.64,07:15:00
2026-05-08 07:30:00,29.7,07:30:00
2026-05-08 07:45:00,29.86,07:45:00
2026-05-08 08:00:00,26.6,08:00:00
2026-05-08 08:15:00,29.36,08:15:00
2026-05-08 08:30:00,25.01,08:30:00
2026-05-08 08:45:00,24.02,08:45:00
2026-05-08 09:00:00,21.38,09:00:00
2026-05-08 09:15:00,20.74,09:15:00
2026-05-08 09:30:00,18.7,09:30:00
2026-05-08 09:45:00,18.4,09:45:00
2026-05-08 10:00:00,18.08,10:00:00
2026-05-08 10:15:00,17.83,10:15:00
2026-05-08 10:30:00,17.61,10:30:00
2026-05-08 10:45:00,17.52,10:45:00
2026-05-08 11:00:00,17.28,11:00:00
2026-05-08 11:15:00,17.41,11:15:00
2026-05-08 11:30:00,17.52,11:30:00
2026-05-08 11:45:00,19.22,11:45:00
2026-05-08 12:00:00,17.61,12:00:00
2026-05-08 12:15:00,17.57,12:15:00
2026-05-08 12:30:00,17.7,12:30:00
2026-05-08 12:45:00,17.58,12:45:00
2026-05-08 13:00:00,18.15,13:00:00
2026-05-08 13:15:00,18.07,13:15:00
2026-05-08 13:30:00,18.0,13:30:00
2026-05-08 13:45:00,18.15,13:45:00
2026-05-08 14:00:00,19.27,14:00:00
2026-05-08 14:15:00,19.96,14:15:00
2026-05-08 14:30:00,19.9,14:30:00
2026-05-08 14:45:00,19.65,14:45:00
2026-05-08 15:00:00,19.94,15:00:00
2026-05-08 15:15:00,19.85,15:15:00
2026-05-08 15:30:00,19.89,15:30:00
2026-05-08 15:45:00,20.58,15:45:00
2026-05-08 16:00:00,20.39,16:00:00
2026-05-08 16:15:00,20.53,16:15:00
2026-05-08 16:30:00,20.48,16:30:00
2026-05-08 16:45:00,21.54,16:45:00
2026-05-08 17:00:00,21.14,17:00:00
2026-05-08 17:15:00,20.92,17:15:00
2026-05-08 17:30:00,20.96,17:30:00
2026-05-08 17:45:00,21.01,17:45:00
2026-05-08 18:00:00,21.87,18:00:00
2026-05-08 18:15:00,20.76,18:15:00
2026-05-08 18:30:00,20.84,18:30:00
2026-05-08 18:45:00,20.72,18:45:00
2026-05-08 19:00:00,20.75,19:00:00
2026-05-08 19:15:00,20.68,19:15:00
2026-05-08 19:30:00,20.4,19:30:00
2026-05-08 19:45:00,20.49,19:45:00
2026-05-08 20:00:00,19.36,20:00:00
2026-05-08 20:15:00,19.32,20:15:00
2026-05-08 20:30:00,19.5,20:30:00
2026-05-08 20:45:00,19.42,20:45:00
2026-05-08 21:00:00,19.75,21:00:00
2026-05-08 21:15:00,19.81,21:15:00
2026-05-08 21:30:00,19.88,21:30:00
2026-05-08 21:45:00,19.84,21:45:00
2026-05-08 22:00:00,19.77,22:00:00
2026-05-08 22:15:00,19.67,22:15:00
2026-05-08 22:30:00,19.69,22:30:00
2026-05-08 22:45:00,19.65,22:45:00
2026-05-08 23:00:00,19.69,23:00:00
2026-05-08 23:15:00,19.6,23:15:00
2026-05-08 23:30:00,19.44,23:30:00
2026-05-08 23:45:00,19.41,23:45:00
2026-05-09 00:00:00,19.54,00:00:00
2026-05-09 00:15:00,19.37,00:15:00
2026-05-09 00:30:00,19.35,00:30:00
2026-05-09 00:45:00,19.35,00:45:00
2026-05-09 01:00:00,19.64,01:00:00
2026-05-09 01:15:00,19.54,01:15:00
2026-05-09 01:30:00,19.44,01:30:00
2026-05-09 01:45:00,19.38,01:45:00
2026-05-09 02:00:00,20.06,02:00:00
2026-05-09 02:15:00,19.97,02:15:00
2026-05-09 02:30:00,19.83,02:30:00
2026-05-09 02:45:00,20.03,02:45:00
2026-05-09 03:00:00,19.95,03:00:00
2026-05-09 03:15:00,20.06,03:15:00
2026-05-09 03:30:00,20.22,03:30:00
2026-05-09 03:45:00,20.1,03:45:00
2026-05-09 04:00:00,20.21,04:00:00
2026-05-09 04:15:00,20.49,04:15:00
2026-05-09 04:30:00,21.06,04:30:00
2026-05-09 04:45:00,21.36,04:45:00
2026-05-09 05:00:00,19.92,05:00:00
2026-05-09 05:15:00,20.36,05:15:00
2026-05-09 05:30:00,23.05,05:30:00
2026-05-09 05:45:00,25.14,05:45:00
2026-05-09 06:00:00,25.74,06:00:00
2026-05-09 06:15:00,26.81,06:15:00
2026-05-09 06:30:00,27.15,06:30:00
2026-05-09 06:45:00,26.9,06:45:00
2026-05-09 07:00:00,24.8,07:00:00
2026-05-09 07:15:00,25.26,07:15:00
2026-05-09 07:30:00,24.61,07:30:00
2026-05-09 07:45:00,20.41,07:45:00
2026-05-09 08:00:00,19.38,08:00:00
2026-05-09 08:15:00,21.76,08:15:00
2026-05-09 08:30:00,20.94,08:30:00
2026-05-09 08:45:00,19.73,08:45:00
2026-05-09 09:00:00,19.11,09:00:00
2026-05-09 09:15:00,18.65,09:15:00
2026-05-09 09:30:00,19.85,09:30:00
2026-05-09 09:45:00,18.44,09:45:00
2026-05-09 10:00:00,18.84,10:00:00
2026-05-09 10:15:00,18.46,10:15:00
2026-05-09 10:30:00,19.22,10:30:00
2026-05-09 10:45:00,18.95,10:45:00
2026-05-09 11:00:00,17.15,11:00:00
2026-05-09 11:15:00,16.97,11:15:00
2026-05-09 11:30:00,16.9,11:30:00
2026-05-09 11:45:00,17.11,11:45:00
2026-05-09 12:00:00,17.55,12:00:00
2026-05-09 12:15:00,17.52,12:15:00
2026-05-09 12:30:00,17.57,12:30:00
2026-05-09 12:45:00,17.58,12:45:00
2026-05-09 13:00:00,17.92,13:00:00
2026-05-09 13:15:00,17.64,13:15:00
2026-05-09 13:30:00,17.48,13:30:00
2026-05-09 13:45:00,17.53,13:45:00
2026-05-09 14:00:00,18.11,14:00:00
2026-05-09 14:15:00,17.35,14:15:00
2026-05-09 14:30:00,17.48,14:30:00
2026-05-09 14:45:00,17.87,14:45:00
2026-05-09 15:00:00,21.29,15:00:00
2026-05-09 15:15:00,23.08,15:15:00
2026-05-09 15:30:00,22.71,15:30:00
2026-05-09 15:45:00,21.84,15:45:00
2026-05-09 16:00:00,22.63,16:00:00
2026-05-09 16:15:00,22.91,16:15:00
2026-05-09 16:30:00,22.92,16:30:00
2026-05-09 16:45:00,22.45,16:45:00
2026-05-09 17:00:00,22.39,17:00:00
2026-05-09 17:15:00,22.51,17:15:00
2026-05-09 17:30:00,22.69,17:30:00
2026-05-09 17:45:00,22.12,17:45:00
2026-05-09 18:00:00,24.29,18:00:00
2026-05-09 18:15:00,23.11,18:15:00
2026-05-09 18:30:00,22.33,18:30:00
2026-05-09 18:45:00,22.03,18:45:00
2026-05-09 19:00:00,22.8,19:00:00
2026-05-09 19:15:00,24.23,19:15:00
2026-05-09 19:30:00,26.55,19:30:00
2026-05-09 19:45:00,25.26,19:45:00
2026-05-09 20:00:00,22.84,20:00:00
2026-05-09 20:15:00,23.83,20:15:00
2026-05-09 20:30:00,21.82,20:30:00
2026-05-09 20:45:00,21.83,20:45:00
2026-05-09 21:00:00,21.37,21:00:00
2026-05-09 21:15:00,21.2,21:15:00
2026-05-09 21:30:00,21.29,21:30:00
2026-05-09 21:45:00,21.45,21:45:00
2026-05-09 22:00:00,24.25,22:00:00
2026-05-09 22:15:00,25.32,22:15:00
2026-05-09 22:30:00,25.01,22:30:00
2026-05-09 22:45:00,24.77,22:45:00
2026-05-09 23:00:00,25.43,23:00:00
2026-05-09 23:15:00,25.75,23:15:00
2026-05-09 23:30:00,25.74,23:30:00
2026-05-09 23:45:00,26.27,23:45:00
2026-05-10 00:00:00,26.21,00:00:00
2026-05-10 00:15:00,26.63,00:15:00
2026-05-10 00:30:00,27.39,00:30:00
2026-05-10 00:45:00,28.21,00:45:00
2026-05-10 01:00:00,28.8,01:00:00
2026-05-10 01:15:00,29.15,01:15:00
2026-05-10 01:30:00,29.98,01:30:00
2026-05-10 01:45:00,30.39,01:45:00
2026-05-10 02:00:00,30.15,02:00:00
2026-05-10 02:15:00,30.13,02:15:00
2026-05-10 02:30:00,30.15,02:30:00
2026-05-10 02:45:00,30.49,02:45:00
2026-05-10 03:00:00,29.59,03:00:00
2026-05-10 03:15:00,30.46,03:15:00
2026-05-10 03:30:00,30.6,03:30:00
2026-05-10 03:45:00,30.88,03:45:00
2026-05-10 04:00:00,30.89,04:00:00
2026-05-10 04:15:00,31.74,04:15:00
2026-05-10 04:30:00,31.55,04:30:00
2026-05-10 04:45:00,31.65,04:45:00
2026-05-10 05:00:00,29.35,05:00:00
2026-05-10 05:15:00,28.52,05:15:00
2026-05-10 05:30:00,27.61,05:30:00
2026-05-10 05:45:00,24.65,05:45:00
2026-05-10 06:00:00,23.84,06:00:00
2026-05-10 06:15:00,24.0,06:15:00
2026-05-10 06:30:00,25.91,06:30:00
2026-05-10 06:45:00,28.15,06:45:00
2026-05-10 07:00:00,32.7,07:00:00
2026-05-10 07:15:00,34.58,07:15:00
2026-05-10 07:30:00,34.28,07:30:00
2026-05-10 07:45:00,34.02,07:45:00
2026-05-10 08:00:00,36.42,08:00:00
2026-05-10 08:15:00,35.0,08:15:00
2026-05-10 08:30:00,34.7,08:30:00
2026-05-10 08:45:00,34.5,08:45:00
2026-05-10 09:00:00,33.73,09:00:00
2026-05-10 09:15:00,33.96,09:15:00
2026-05-10 09:30:00,33.88,09:30:00
2026-05-10 09:45:00,32.59,09:45:00
2026-05-10 10:00:00,32.57,10:00:00
2026-05-10 10:15:00,32.42,10:15:00
2026-05-10 10:30:00,31.71,10:30:00
2026-05-10 10:45:00,30.96,10:45:00
2026-05-10 11:00:00,30.77,11:00:00
2026-05-10 11:15:00,30.05,11:15:00
2026-05-10 11:30:00,29.31,11:30:00
2026-05-10 11:45:00,28.55,11:45:00
2026-05-10 12:00:00,28.51,12:00:00
2026-05-10 12:15:00,28.74,12:15:00
2026-05-10 12:30:00,28.21,12:30:00
2026-05-10 12:45:00,27.74,12:45:00
2026-05-10 13:00:00,28.49,13:00:00
2026-05-10 13:15:00,28.47,13:15:00
2026-05-10 13:30:00,29.34,13:30:00
2026-05-10 13:45:00,29.53,13:45:00
2026-05-10 14:00:00,27.83,14:00:00
2026-05-10 14:15:00,27.51,14:15:00
2026-05-10 14:30:00,28.74,14:30:00
2026-05-10 14:45:00,29.92,14:45:00
2026-05-10 15:00:00,26.26,15:00:00
2026-05-10 15:15:00,26.11,15:15:00
2026-05-10 15:30:00,25.84,15:30:00
2026-05-10 15:45:00,22.23,15:45:00
2026-05-10 16:00:00,26.13,16:00:00
2026-05-10 16:15:00,27.3,16:15:00
2026-05-10 16:30:00,26.58,16:30:00
2026-05-10 16:45:00,26.31,16:45:00
2026-05-10 17:00:00,27.92,17:00:00
2026-05-10 17:15:00,27.15,17:15:00
2026-05-10 17:30:00,25.12,17:30:00
2026-05-10 17:45:00,26.05,17:45:00
2026-05-10 18:00:00,28.14,18:00:00
2026-05-10 18:15:00,27.83,18:15:00
2026-05-10 18:30:00,28.49,18:30:00
2026-05-10 18:45:00,28.34,18:45:00
2026-05-10 19:00:00,29.75,19:00:00
2026-05-10 19:15:00,30.36,19:15:00
2026-05-10 19:30:00,29.01,19:30:00
2026-05-10 19:45:00,28.81,19:45:00
2026-05-10 20:00:00,27.23,20:00:00
2026-05-10 20:15:00,29.34,20:15:00
2026-05-10 20:30:00,28.42,20:30:00
2026-05-10 20:45:00,27.67,20:45:00
2026-05-10 21:00:00,27.17,21:00:00
2026-05-10 21:15:00,27.07,21:15:00
2026-05-10 21:30:00,27.31,21:30:00
2026-05-10 21:45:00,27.17,21:45:00
2026-05-10 22:00:00,28.08,22:00:00
2026-05-10 22:15:00,28.39,22:15:00
2026-05-10 22:30:00,28.52,22:30:00
2026-05-10 22:45:00,28.83,22:45:00
2026-05-10 23:00:00,29.3,23:00:00
2026-05-10 23:15:00,29.72,23:15:00
2026-05-10 23:30:00,29.86,23:30:00
2026-05-10 23:45:00,30.11,23:45:00
2026-05-11 00:00:00,30.29,00:00:00
2026-05-11 00:15:00,30.37,00:15:00
2026-05-11 00:30:00,30.5,00:30:00
2026-05-11 00:45:00,30.67,00:45:00
2026-05-11 01:00:00,30.03,01:00:00
2026-05-11 01:15:00,29.95,01:15:00
2026-05-11 01:30:00,30.04,01:30:00
2026-05-11 01:45:00,29.43,01:45:00
2026-05-11 02:00:00,30.01,02:00:00
2026-05-11 02:15:00,30.16,02:15:00
2026-05-11 02:30:00,30.3,02:30:00
2026-05-11 02:45:00,30.5,02:45:00
2026-05-11 03:00:00,30.53,03:00:00
2026-05-11 03:15:00,31.04,03:15:00
2026-05-11 03:30:00,31.1,03:30:00
2026-05-11 03:45:00,31.28,03:45:00
2026-05-11 04:00:00,30.3,04:00:00
2026-05-11 04:15:00,29.13,04:15:00
2026-05-11 04:30:00,28.39,04:30:00
2026-05-11 04:45:00,26.95,04:45:00
2026-05-11 05:00:00,25.3,05:00:00
2026-05-11 05:15:00,26.46,05:15:00
2026-05-11 05:30:00,25.79,05:30:00
2026-05-11 05:45:00,23.86,05:45:00
2026-05-11 06:00:00,27.79,06:00:00
2026-05-11 06:15:00,28.79,06:15:00
2026-05-11 06:30:00,28.04,06:30:00
2026-05-11 06:45:00,29.24,06:45:00
2026-05-11 07:00:00,27.89,07:00:00
2026-05-11 07:15:00,27.36,07:15:00
2026-05-11 07:30:00,26.71,07:30:00
2026-05-11 07:45:00,26.98,07:45:00
2026-05-11 08:00:00,25.35,08:00:00
2026-05-11 08:15:00,26.7,08:15:00
2026-05-11 08:30:00,27.44,08:30:00
2026-05-11 08:45:00,28.33,08:45:00
2026-05-11 09:00:00,27.33,09:00:00
2026-05-11 09:15:00,27.26,09:15:00
2026-05-11 09:30:00,27.39,09:30:00
2026-05-11 09:45:00,28.12,09:45:00
2026-05-11 10:00:00,28.64,10:00:00
2026-05-11 10:15:00,31.68,10:15:00
2026-05-11 10:30:00,33.17,10:30:00
2026-05-11 10:45:00,34.93,10:45:00
2026-05-11 11:00:00,33.36,11:00:00
2026-05-11 11:15:00,32.84,11:15:00
2026-05-11 11:30:00,33.54,11:30:00
2026-05-11 11:45:00,35.2,11:45:00
2026-05-11 12:00:00,36.61,12:00:00
2026-05-11 12:15:00,36.15,12:15:00
2026-05-11 12:30:00,36.67,12:30:00
2026-05-11 12:45:00,37.28,12:45:00
2026-05-11 13:00:00,36.85,13:00:00
2026-05-11 13:15:00,37.92,13:15:00
2026-05-11 13:30:00,38.11,13:30:00
2026-05-11 13:45:00,37.92,13:45:00
2026-05-11 14:00:00,38.66,14:00:00
2026-05-11 14:15:00,38.7,14:15:00
2026-05-11 14:30:00,40.71,14:30:00
2026-05-11 14:45:00,40.45,14:45:00
2026-05-11 15:00:00,38.47,15:00:00
2026-05-11 15:15:00,35.48,15:15:00
2026-05-11 15:30:00,28.27,15:30:00
2026-05-11 15:45:00,24.01,15:45:00
2026-05-11 16:00:00,28.09,16:00:00
2026-05-11 16:15:00,27.29,16:15:00
2026-05-11 16:30:00,23.53,16:30:00
2026-05-11 16:45:00,23.2,16:45:00
2026-05-11 17:00:00,24.12,17:00:00
2026-05-11 17:15:00,24.15,17:15:00
2026-05-11 17:30:00,24.32,17:30:00
2026-05-11 17:45:00,23.98,17:45:00
2026-05-11 18:00:00,25.34,18:00:00
2026-05-11 18:15:00,25.09,18:15:00
2026-05-11 18:30:00,24.73,18:30:00
2026-05-11 18:45:00,24.77,18:45:00
2026-05-11 19:00:00,24.24,19:00:00
2026-05-11 19:15:00,24.54,19:15:00
2026-05-11 19:30:00,25.47,19:30:00
2026-05-11 19:45:00,25.77,19:45:00
2026-05-11 20:00:00,23.88,20:00:00
2026-05-11 20:15:00,23.72,20:15:00
2026-05-11 20:30:00,23.66,20:30:00
2026-05-11 20:45:00,23.8,20:45:00
2026-05-11 21:00:00,23.76,21:00:00
2026-05-11 21:15:00,26.64,21:15:00
2026-05-11 21:30:00,28.34,21:30:00
2026-05-11 21:45:00,27.83,21:45:00
2026-05-11 22:00:00,23.9,22:00:00
2026-05-11 22:15:00,23.71,22:15:00
2026-05-11 22:30:00,23.44,22:30:00
2026-05-11 22:45:00,23.18,22:45:00
2026-05-11 23:00:00,22.31,23:00:00
2026-05-11 23:15:00,22.22,23:15:00
2026-05-11 23:30:00,22.3,23:30:00
2026-05-11 23:45:00,22.15,23:45:00
2026-05-12 00:00:00,22.21,00:00:00
2026-05-12 00:15:00,22.09,00:15:00
2026-05-12 00:30:00,21.99,00:30:00
2026-05-12 00:45:00,22.28,00:45:00
2026-05-12 01:00:00,22.65,01:00:00
2026-05-12 01:15:00,22.63,01:15:00
2026-05-12 01:30:00,22.35,01:30:00
2026-05-12 01:45:00,22.1,01:45:00
2026-05-12 02:00:00,21.14,02:00:00
2026-05-12 02:15:00,21.27,02:15:00
2026-05-12 02:30:00,21.51,02:30:00
2026-05-12 02:45:00,21.42,02:45:00
2026-05-12 03:00:00,21.6,03:00:00
2026-05-12 03:15:00,21.67,03:15:00
2026-05-12 03:30:00,21.8,03:30:00
2026-05-12 03:45:00,21.51,03:45:00
2026-05-12 04:00:00,20.88,04:00:00
2026-05-12 04:15:00,20.51,04:15:00
2026-05-12 04:30:00,20.63,04:30:00
2026-05-12 04:45:00,23.4,04:45:00
2026-05-12 05:00:00,25.36,05:00:00
2026-05-12 05:15:00,28.58,05:15:00
2026-05-12 05:30:00,31.44,05:30:00
2026-05-12 05:45:00,32.98,05:45:00
2026-05-12 06:00:00,30.75,06:00:00
2026-05-12 06:15:00,30.58,06:15:00
2026-05-12 06:30:00,31.63,06:30:00
2026-05-12 06:45:00,32.25,06:45:00
2026-05-12 07:00:00,30.1,07:00:00
2026-05-12 07:15:00,28.96,07:15:00
2026-05-12 07:30:00,29.09,07:30:00
2026-05-12 07:45:00,28.25,07:45:00
2026-05-12 08:00:00,27.3,08:00:00
2026-05-12 08:15:00,27.27,08:15:00
2026-05-12 08:30:00,27.33,08:30:00
2026-05-12 08:45:00,27.55,08:45:00
2026-05-12 09:00:00,27.87,09:00:00
2026-05-12 09:15:00,29.12,09:15:00
2026-05-12 09:30:00,29.3,09:30:00
2026-05-12 09:45:00,30.13,09:45:00
2026-05-12 10:00:00,29.95,10:00:00
2026-05-12 10:15:00,29.27,10:15:00
2026-05-12 10:30:00,29.48,10:30:00
2026-05-12 10:45:00,29.19,10:45:00
2026-05-12 11:00:00,30.49,11:00:00
2026-05-12 11:15:00,29.21,11:15:00
2026-05-12 11:30:00,28.75,11:30:00
2026-05-12 11:45:00,28.99,11:45:00
2026-05-12 12:00:00,30.04,12:00:00
2026-05-12 12:15:00,30.92,12:15:00
2026-05-12 12:30:00,31.26,12:30:00
2026-05-12 12:45:00,29.85,12:45:00
2026-05-12 13:00:00,29.72,13:00:00
2026-05-12 13:15:00,30.69,13:15:00
2026-05-12 13:30:00,31.62,13:30:00
2026-05-12 13:45:00,31.7,13:45:00
2026-05-12 14:00:00,32.03,14:00:00
2026-05-12 14:15:00,32.4,14:15:00
2026-05-12 14:30:00,31.79,14:30:00
2026-05-12 14:45:00,33.3,14:45:00
2026-05-12 15:00:00,33.79,15:00:00
2026-05-12 15:15:00,34.55,15:15:00
2026-05-12 15:30:00,35.21,15:30:00
2026-05-12 15:45:00,34.52,15:45:00
2026-05-12 16:00:00,32.2,16:00:00
2026-05-12 16:15:00,32.54,16:15:00
2026-05-12 16:30:00,32.63,16:30:00
2026-05-12 16:45:00,29.84,16:45:00
2026-05-12 17:00:00,30.02,17:00:00
2026-05-12 17:15:00,29.53,17:15:00
2026-05-12 17:30:00,29.3,17:30:00
2026-05-12 17:45:00,29.75,17:45:00
2026-05-12 18:00:00,26.4,18:00:00
2026-05-12 18:15:00,24.39,18:15:00
2026-05-12 18:30:00,24.6,18:30:00
2026-05-12 18:45:00,22.89,18:45:00
2026-05-12 19:00:00,21.93,19:00:00
2026-05-12 19:15:00,21.59,19:15:00
2026-05-12 19:30:00,21.92,19:30:00
2026-05-12 19:45:00,22.71,19:45:00
2026-05-12 20:00:00,21.28,20:00:00
2026-05-12 20:15:00,21.48,20:15:00
2026-05-12 20:30:00,24.15,20:30:00
2026-05-12 20:45:00,23.9,20:45:00
2026-05-12 21:00:00,21.4,21:00:00
2026-05-12 21:15:00,22.39,21:15:00
2026-05-12 21:30:00,24.13,21:30:00
2026-05-12 21:45:00,25.09,21:45:00
2026-05-12 22:00:00,24.51,22:00:00
2026-05-12 22:15:00,28.45,22:15:00
2026-05-12 22:30:00,31.63,22:30:00
2026-05-12 22:45:00,30.97,22:45:00
2026-05-12 23:00:00,32.62,23:00:00
2026-05-12 23:15:00,32.25,23:15:00
2026-05-12 23:30:00,29.85,23:30:00
2026-05-12 23:45:00,28.94,23:45:00
2026-05-13 00:00:00,30.43,00:00:00
2026-05-13 00:15:00,30.19,00:15:00
2026-05-13 00:30:00,29.58,00:30:00
2026-05-13 00:45:00,29.6,00:45:00
2026-05-13 01:00:00,30.34,01:00:00
2026-05-13 01:15:00,29.77,01:15:00
2026-05-13 01:30:00,29.72,01:30:00
2026-05-13 01:45:00,29.54,01:45:00
2026-05-13 02:00:00,29.64,02:00:00
2026-05-13 02:15:00,29.13,02:15:00
2026-05-13 02:30:00,28.42,02:30:00
2026-05-13 02:45:00,28.79,02:45:00
2026-05-13 03:00:00,28.29,03:00:00
2026-05-13 03:15:00,28.02,03:15:00
2026-05-13 03:30:00,27.75,03:30:00
2026-05-13 03:45:00,28.85,03:45:00
2026-05-13 04:00:00,26.17,04:00:00
2026-05-13 04:15:00,25.52,04:15:00
2026-05-13 04:30:00,26.36,04:30:00
2026-05-13 04:45:00,25.52,04:45:00
2026-05-13 05:00:00,24.72,05:00:00
2026-05-13 05:15:00,23.61,05:15:00
2026-05-13 05:30:00,24.51,05:30:00
2026-05-13 05:45:00,26.97,05:45:00
2026-05-13 06:00:00,22.99,06:00:00
2026-05-13 06:15:00,25.36,06:15:00
2026-05-13 06:30:00,25.11,06:30:00
2026-05-13 06:45:00,31.06,06:45:00
2026-05-13 07:00:00,31.95,07:00:00
2026-05-13 07:15:00,36.41,07:15:00
2026-05-13 07:30:00,35.48,07:30:00
2026-05-13 07:45:00,34.2,07:45:00
2026-05-13 08:00:00,33.45,08:00:00
2026-05-13 08:15:00,31.76,08:15:00
2026-05-13 08:30:00,31.97,08:30:00
2026-05-13 08:45:00,31.67,08:45:00
2026-05-13 09:00:00,30.97,09:00:00
2026-05-13 09:15:00,30.51,09:15:00
2026-05-13 09:30:00,30.85,09:30:00
2026-05-13 09:45:00,31.17,09:45:00
2026-05-13 10:00:00,31.02,10:00:00
2026-05-13 10:15:00,31.28,10:15:00
2026-05-13 10:30:00,30.56,10:30:00
2026-05-13 10:45:00,28.79,10:45:00
2026-05-13 11:00:00,29.32,11:00:00
2026-05-13 11:15:00,31.31,11:15:00
2026-05-13 11:30:00,30.45,11:30:00
2026-05-13 11:45:00,30.21,11:45:00
2026-05-13 12:00:00,29.5,12:00:00
2026-05-13 12:15:00,29.42,12:15:00
2026-05-13 12:30:00,28.1,12:30:00
2026-05-13 12:45:00,27.93,12:45:00
2026-05-13 13:00:00,29.12,13:00:00
2026-05-13 13:15:00,30.59,13:15:00
2026-05-13 13:30:00,28.53,13:30:00
2026-05-13 13:45:00,27.56,13:45:00
2026-05-13 14:00:00,27.25,14:00:00
2026-05-13 14:15:00,28.15,14:15:00
2026-05-13 14:30:00,26.92,14:30:00
2026-05-13 14:45:00,25.17,14:45:00
2026-05-13 15:00:00,29.92,15:00:00
2026-05-13 15:15:00,29.84,15:15:00
2026-05-13 15:30:00,22.48,15:30:00
2026-05-13 15:45:00,21.46,15:45:00
2026-05-13 16:00:00,26.54,16:00:00
2026-05-13 16:15:00,25.36,16:15:00
2026-05-13 16:30:00,24.37,16:30:00
2026-05-13 16:45:00,23.97,16:45:00
2026-05-13 17:00:00,27.24,17:00:00
2026-05-13 17:15:00,25.65,17:15:00
2026-05-13 17:30:00,21.86,17:30:00
2026-05-13 17:45:00,19.54,17:45:00
2026-05-13 18:00:00,19.52,18:00:00
2026-05-13 18:15:00,19.15,18:15:00
2026-05-13 18:30:00,20.22,18:30:00
2026-05-13 18:45:00,21.66,18:45:00
2026-05-13 19:00:00,22.56,19:00:00
2026-05-13 19:15:00,22.13,19:15:00
2026-05-13 19:30:00,22.69,19:30:00
2026-05-13 19:45:00,28.0,19:45:00
2026-05-13 20:00:00,23.48,20:00:00
2026-05-13 20:15:00,24.16,20:15:00
2026-05-13 20:30:00,24.88,20:30:00
2026-05-13 20:45:00,25.42,20:45:00
2026-05-13 21:00:00,25.23,21:00:00
2026-05-13 21:15:00,25.17,21:15:00
2026-05-13 21:30:00,25.09,21:30:00
2026-05-13 21:45:00,25.41,21:45:00
2026-05-13 22:00:00,28.04,22:00:00
2026-05-13 22:15:00,25.99,22:15:00
2026-05-13 22:30:00,25.13,22:30:00
2026-05-13 22:45:00,25.51,22:45:00
2026-05-13 23:00:00,27.95,23:00:00
2026-05-13 23:15:00,27.98,23:15:00
2026-05-13 23:30:00,24.7,23:30:00
2026-05-13 23:45:00,24.8,23:45:00
2026-05-14 00:00:00,25.01,00:00:00
2026-05-14 00:15:00,25.0,00:15:00
2026-05-14 00:30:00,25.12,00:30:00
2026-05-14 00:45:00,25.24,00:45:00
2026-05-14 01:00:00,25.51,01:00:00
2026-05-14 01:15:00,25.87,01:15:00
2026-05-14 01:30:00,25.49,01:30:00
2026-05-14 01:45:00,25.06,01:45:00
2026-05-14 02:00:00,25.01,02:00:00
2026-05-14 02:15:00,24.87,02:15:00
2026-05-14 02:30:00,24.48,02:30:00
2026-05-14 02:45:00,24.13,02:45:00
2026-05-14 03:00:00,23.49,03:00:00
2026-05-14 03:15:00,23.15,03:15:00
2026-05-14 03:30:00,22.62,03:30:00
2026-05-14 03:45:00,22.49,03:45:00
2026-05-14 04:00:00,21.06,04:00:00
2026-05-14 04:15:00,20.61,04:15:00
2026-05-14 04:30:00,20.62,04:30:00
2026-05-14 04:45:00,20.9,04:45:00
2026-05-14 05:00:00,21.45,05:00:00
2026-05-14 05:15:00,21.69,05:15:00
2026-05-14 05:30:00,21.97,05:30:00
2026-05-14 05:45:00,22.35,05:45:00
2026-05-14 06:00:00,21.7,06:00:00
2026-05-14 06:15:00,21.24,06:15:00
2026-05-14 06:30:00,22.67,06:30:00
2026-05-14 06:45:00,22.4,06:45:00
2026-05-14 07:00:00,22.92,07:00:00
2026-05-14 07:15:00,23.19,07:15:00
2026-05-14 07:30:00,23.28,07:30:00
2026-05-14 07:45:00,23.07,07:45:00
2026-05-14 08:00:00,22.18,08:00:00
2026-05-14 08:15:00,21.54,08:15:00
2026-05-14 08:30:00,21.17,08:30:00
2026-05-14 08:45:00,20.83,08:45:00
2026-05-14 09:00:00,18.73,09:00:00
2026-05-14 09:15:00,18.15,09:15:00
2026-05-14 09:30:00,17.03,09:30:00
2026-05-14 09:45:00,16.26,09:45:00
2026-05-14 10:00:00,15.65,10:00:00
2026-05-14 10:15:00,18.04,10:15:00
2026-05-14 10:30:00,19.23,10:30:00
2026-05-14 10:45:00,18.58,10:45:00
2026-05-14 11:00:00,17.43,11:00:00
2026-05-14 11:15:00,16.87,11:15:00
2026-05-14 11:30:00,17.17,11:30:00
2026-05-14 11:45:00,17.54,11:45:00
2026-05-14 12:00:00,17.8,12:00:00
2026-05-14 12:15:00,18.75,12:15:00
2026-05-14 12:30:00,18.47,12:30:00
2026-05-14 12:45:00,19.02,12:45:00
2026-05-14 13:00:00,19.15,13:00:00
2026-05-14 13:15:00,17.78,13:15:00
2026-05-14 13:30:00,16.18,13:30:00
2026-05-14 13:45:00,15.02,13:45:00
2026-05-14 14:00:00,15.64,14:00:00
2026-05-14 14:15:00,16.95,14:15:00
2026-05-14 14:30:00,20.36,14:30:00
2026-05-14 14:45:00,20.25,14:45:00
2026-05-14 15:00:00,17.39,15:00:00
2026-05-14 15:15:00,18.36,15:15:00
2026-05-14 15:30:00,17.52,15:30:00
2026-05-14 15:45:00,17.34,15:45:00
2026-05-14 16:00:00,17.65,16:00:00
2026-05-14 16:15:00,17.04,16:15:00
2026-05-14 16:30:00,16.45,16:30:00
2026-05-14 16:45:00,17.39,16:45:00
2026-05-14 17:00:00,18.06,17:00:00
2026-05-14 17:15:00,18.08,17:15:00
2026-05-14 17:30:00,18.71,17:30:00
2026-05-14 17:45:00,17.26,17:45:00
2026-05-14 18:00:00,16.92,18:00:00
2026-05-14 18:15:00,16.67,18:15:00
2026-05-14 18:30:00,16.47,18:30:00
2026-05-14 18:45:00,16.67,18:45:00
2026-05-14 19:00:00,16.92,19:00:00
2026-05-14 19:15:00,16.85,19:15:00
2026-05-14 19:30:00,16.8,19:30:00
2026-05-14 19:45:00,16.92,19:45:00
2026-05-14 20:00:00,16.88,20:00:00
2026-05-14 20:15:00,17.19,20:15:00
2026-05-14 20:30:00,17.55,20:30:00
2026-05-14 20:45:00,18.57,20:45:00
2026-05-14 21:00:00,18.09,21:00:00
2026-05-14 21:15:00,19.11,21:15:00
2026-05-14 21:30:00,19.07,21:30:00
2026-05-14 21:45:00,18.78,21:45:00
2026-05-14 22:00:00,18.88,22:00:00
2026-05-14 22:15:00,18.56,22:15:00
2026-05-14 22:30:00,18.18,22:30:00
2026-05-14 22:45:00,18.13,22:45:00
2026-05-14 23:00:00,17.13,23:00:00
2026-05-14 23:15:00,18.15,23:15:00
2026-05-14 23:30:00,18.24,23:30:00
2026-05-14 23:45:00,17.91,23:45:00
2026-05-15 00:00:00,16.34,00:00:00
2026-05-15 00:15:00,17.53,00:15:00
2026-05-15 00:30:00,18.42,00:30:00
2026-05-15 00:45:00,19.17,00:45:00
2026-05-15 01:00:00,20.89,01:00:00
2026-05-15 01:15:00,20.94,01:15:00
2026-05-15 01:30:00,22.02,01:30:00
2026-05-15 01:45:00,23.1,01:45:00
2026-05-15 02:00:00,21.74,02:00:00
2026-05-15 02:15:00,22.2,02:15:00
2026-05-15 02:30:00,21.69,02:30:00
2026-05-15 02:45:00,19.86,02:45:00
2026-05-15 03:00:00,20.16,03:00:00
2026-05-15 03:15:00,20.98,03:15:00
2026-05-15 03:30:00,20.8,03:30:00
2026-05-15 03:45:00,20.37,03:45:00
2026-05-15 04:00:00,20.89,04:00:00
2026-05-15 04:15:00,20.76,04:15:00
2026-05-15 04:30:00,20.64,04:30:00
2026-05-15 04:45:00,22.61,04:45:00
2026-05-15 05:00:00,18.95,05:00:00
2026-05-15 05:15:00,18.12,05:15:00
2026-05-15 05:30:00,18.34,05:30:00
2026-05-15 05:45:00,18.52,05:45:00
2026-05-15 06:00:00,20.51,06:00:00
2026-05-15 06:15:00,21.19,06:15:00
2026-05-15 06:30:00,21.52,06:30:00
2026-05-15 06:45:00,22.78,06:45:00
2026-05-15 07:00:00,23.18,07:00:00
2026-05-15 07:15:00,23.44,07:15:00
2026-05-15 07:30:00,23.33,07:30:00
2026-05-15 07:45:00,23.18,07:45:00
2026-05-15 08:00:00,21.47,08:00:00
2026-05-15 08:15:00,21.39,08:15:00
2026-05-15 08:30:00,21.53,08:30:00
2026-05-15 08:45:00,21.36,08:45:00
2026-05-15 09:00:00,22.94,09:00:00
2026-05-15 09:15:00,22.92,09:15:00
2026-05-15 09:30:00,22.84,09:30:00
2026-05-15 09:45:00,23.02,09:45:00
2026-05-15 10:00:00,23.94,10:00:00
2026-05-15 10:15:00,24.58,10:15:00
2026-05-15 10:30:00,24.04,10:30:00
2026-05-15 10:45:00,23.2,10:45:00
2026-05-15 11:00:00,19.38,11:00:00
2026-05-15 11:15:00,18.07,11:15:00
2026-05-15 11:30:00,17.24,11:30:00
2026-05-15 11:45:00,15.72,11:45:00
2026-05-15 12:00:00,21.57,12:00:00
2026-05-15 12:15:00,22.32,12:15:00
2026-05-15 12:30:00,21.87,12:30:00
2026-05-15 12:45:00,21.47,12:45:00
2026-05-15 13:00:00,17.85,13:00:00
2026-05-15 13:15:00,17.69,13:15:00
2026-05-15 13:30:00,17.28,13:30:00
2026-05-15 13:45:00,18.02,13:45:00
2026-05-15 14:00:00,16.86,14:00:00
2026-05-15 14:15:00,16.83,14:15:00
2026-05-15 14:30:00,18.97,14:30:00
2026-05-15 14:45:00,18.94,14:45:00
2026-05-15 15:00:00,17.14,15:00:00
2026-05-15 15:15:00,17.78,15:15:00
2026-05-15 15:30:00,18.83,15:30:00
2026-05-15 15:45:00,16.9,15:45:00
2026-05-15 16:00:00,17.77,16:00:00
2026-05-15 16:15:00,16.91,16:15:00
2026-05-15 16:30:00,16.89,16:30:00
2026-05-15 16:45:00,16.93,16:45:00
2026-05-15 17:00:00,15.86,17:00:00
2026-05-15 17:15:00,15.72,17:15:00
2026-05-15 17:30:00,16.83,17:30:00
2026-05-15 17:45:00,15.63,17:45:00
2026-05-15 18:00:00,15.8,18:00:00
2026-05-15 18:15:00,15.75,18:15:00
2026-05-15 18:30:00,15.81,18:30:00
2026-05-15 18:45:00,15.87,18:45:00
2026-05-15 19:00:00,16.12,19:00:00
2026-05-15 19:15:00,17.14,19:15:00
2026-05-15 19:30:00,16.24,19:30:00
2026-05-15 19:45:00,16.21,19:45:00
2026-05-15 20:00:00,16.27,20:00:00
2026-05-15 20:15:00,16.86,20:15:00
2026-05-15 20:30:00,16.31,20:30:00
2026-05-15 20:45:00,16.41,20:45:00
2026-05-15 21:00:00,16.18,21:00:00
2026-05-15 21:15:00,16.34,21:15:00
2026-05-15 21:30:00,16.86,21:30:00
2026-05-15 21:45:00,16.97,21:45:00
2026-05-15 22:00:00,16.17,22:00:00
2026-05-15 22:15:00,16.16,22:15:00
2026-05-15 22:30:00,16.34,22:30:00
2026-05-15 22:45:00,16.87,22:45:00
2026-05-15 23:00:00,17.43,23:00:00
2026-05-15 23:15:00,18.01,23:15:00
2026-05-15 23:30:00,18.5,23:30:00
2026-05-15 23:45:00,18.95,23:45:00
2026-05-16 00:00:00,19.25,00:00:00
2026-05-16 00:15:00,20.02,00:15:00
2026-05-16 00:30:00,20.25,00:30:00
2026-05-16 00:45:00,18.59,00:45:00
2026-05-16 01:00:00,21.31,01:00:00
2026-05-16 01:15:00,21.62,01:15:00
2026-05-16 01:30:00,20.27,01:30:00
2026-05-16 01:45:00,20.55,01:45:00
2026-05-16 02:00:00,22.6,02:00:00
2026-05-16 02:15:00,21.2,02:15:00
2026-05-16 02:30:00,20.69,02:30:00
2026-05-16 02:45:00,20.9,02:45:00
2026-05-16 03:00:00,20.36,03:00:00
2026-05-16 03:15:00,20.74,03:15:00
2026-05-16 03:30:00,20.61,03:30:00
2026-05-16 03:45:00,20.38,03:45:00
2026-05-16 04:00:00,21.05,04:00:00
2026-05-16 04:15:00,19.92,04:15:00
2026-05-16 04:30:00,20.03,04:30:00
2026-05-16 04:45:00,19.6,04:45:00
2026-05-16 05:00:00,20.81,05:00:00
2026-05-16 05:15:00,22.56,05:15:00
2026-05-16 05:30:00,23.33,05:30:00
2026-05-16 05:45:00,22.9,05:45:00
2026-05-16 06:00:00,22.37,06:00:00
2026-05-16 06:15:00,21.66,06:15:00
2026-05-16 06:30:00,22.94,06:30:00
2026-05-16 06:45:00,21.56,06:45:00
2026-05-16 07:00:00,25.03,07:00:00
2026-05-16 07:15:00,23.05,07:15:00
2026-05-16 07:30:00,18.87,07:30:00
2026-05-16 07:45:00,18.2,07:45:00
2026-05-16 08:00:00,24.55,08:00:00
2026-05-16 08:15:00,25.69,08:15:00
2026-05-16 08:30:00,24.37,08:30:00
2026-05-16 08:45:00,24.92,08:45:00
2026-05-16 09:00:00,23.96,09:00:00
2026-05-16 09:15:00,24.63,09:15:00
2026-05-16 09:30:00,23.43,09:30:00
2026-05-16 09:45:00,23.8,09:45:00
2026-05-16 10:00:00,23.64,10:00:00
2026-05-16 10:15:00,23.6,10:15:00
2026-05-16 10:30:00,23.65,10:30:00
2026-05-16 10:45:00,24.05,10:45:00
2026-05-16 11:00:00,23.91,11:00:00
2026-05-16 11:15:00,23.26,11:15:00
2026-05-16 11:30:00,22.6,11:30:00
2026-05-16 11:45:00,22.82,11:45:00
2026-05-16 12:00:00,21.99,12:00:00
2026-05-16 12:15:00,22.2,12:15:00
2026-05-16 12:30:00,24.21,12:30:00
2026-05-16 12:45:00,23.3,12:45:00
2026-05-16 13:00:00,21.71,13:00:00
2026-05-16 13:15:00,21.11,13:15:00
2026-05-16 13:30:00,20.25,13:30:00
2026-05-16 13:45:00,20.59,13:45:00
2026-05-16 14:00:00,19.19,14:00:00
2026-05-16 14:15:00,18.31,14:15:00
2026-05-16 14:30:00,17.43,14:30:00
2026-05-16 14:45:00,16.31,14:45:00
2026-05-16 15:00:00,15.45,15:00:00
2026-05-16 15:15:00,14.73,15:15:00
2026-05-16 15:30:00,14.82,15:30:00
2026-05-16 15:45:00,15.65,15:45:00
2026-05-16 16:00:00,14.91,16:00:00
2026-05-16 16:15:00,15.06,16:15:00
2026-05-16 16:30:00,16.37,16:30:00
2026-05-16 16:45:00,15.14,16:45:00
2026-05-16 17:00:00,15.1,17:00:00
2026-05-16 17:15:00,15.12,17:15:00
2026-05-16 17:30:00,15.0,17:30:00
2026-05-16 17:45:00,14.54,17:45:00
2026-05-16 18:00:00,15.16,18:00:00
2026-05-16 18:15:00,14.64,18:15:00
2026-05-16 18:30:00,14.45,18:30:00
2026-05-16 18:45:00,14.41,18:45:00
2026-05-16 19:00:00,15.03,19:00:00
2026-05-16 19:15:00,15.87,19:15:00
2026-05-16 19:30:00,15.89,19:30:00
2026-05-16 19:45:00,15.79,19:45:00
2026-05-16 20:00:00,17.58,20:00:00
2026-05-16 20:15:00,15.46,20:15:00
2026-05-16 20:30:00,15.91,20:30:00
2026-05-16 20:45:00,16.98,20:45:00
2026-05-16 21:00:00,16.42,21:00:00
2026-05-16 21:15:00,14.87,21:15:00
2026-05-16 21:30:00,15.57,21:30:00
2026-05-16 21:45:00,16.28,21:45:00
2026-05-16 22:00:00,20.35,22:00:00
2026-05-16 22:15:00,21.94,22:15:00
2026-05-16 22:30:00,22.09,22:30:00
2026-05-16 22:45:00,22.07,22:45:00
2026-05-16 23:00:00,21.89,23:00:00
2026-05-16 23:15:00,22.16,23:15:00
2026-05-16 23:30:00,22.21,23:30:00
2026-05-16 23:45:00,22.01,23:45:00
2026-05-17 00:00:00,22.32,00:00:00
2026-05-17 00:15:00,22.15,00:15:00
2026-05-17 00:30:00,22.03,00:30:00
2026-05-17 00:45:00,22.14,00:45:00
2026-05-17 01:00:00,22.39,01:00:00
2026-05-17 01:15:00,22.13,01:15:00
2026-05-17 01:30:00,21.79,01:30:00
2026-05-17 01:45:00,21.85,01:45:00
2026-05-17 02:00:00,21.8,02:00:00
2026-05-17 02:15:00,21.8,02:15:00
2026-05-17 02:30:00,20.81,02:30:00
2026-05-17 02:45:00,20.35,02:45:00
2026-05-17 03:00:00,21.21,03:00:00
2026-05-17 03:15:00,21.64,03:15:00
2026-05-17 03:30:00,21.83,03:30:00
2026-05-17 03:45:00,21.9,03:45:00
2026-05-17 04:00:00,21.7,04:00:00
2026-05-17 04:15:00,21.94,04:15:00
2026-05-17 04:30:00,22.16,04:30:00
2026-05-17 04:45:00,22.34,04:45:00
2026-05-17 05:00:00,22.32,05:00:00
2026-05-17 05:15:00,21.98,05:15:00
2026-05-17 05:30:00,20.5,05:30:00
2026-05-17 05:45:00,16.03,05:45:00
2026-05-17 06:00:00,15.28,06:00:00
2026-05-17 06:15:00,15.6,06:15:00
2026-05-17 06:30:00,15.69,06:30:00
2026-05-17 06:45:00,17.73,06:45:00
2026-05-17 07:00:00,21.37,07:00:00
2026-05-17 07:15:00,18.85,07:15:00
2026-05-17 07:30:00,19.34,07:30:00
2026-05-17 07:45:00,20.41,07:45:00
2026-05-17 08:00:00,22.75,08:00:00
2026-05-17 08:15:00,22.21,08:15:00
2026-05-17 08:30:00,23.03,08:30:00
2026-05-17 08:45:00,22.72,08:45:00
2026-05-17 09:00:00,20.56,09:00:00
2026-05-17 09:15:00,19.29,09:15:00
2026-05-17 09:30:00,18.82,09:30:00
2026-05-17 09:45:00,18.21,09:45:00
2026-05-17 10:00:00,19.29,10:00:00
2026-05-17 10:15:00,17.92,10:15:00
2026-05-17 10:30:00,15.51,10:30:00
2026-05-17 10:45:00,16.83,10:45:00
2026-05-17 11:00:00,15.91,11:00:00
2026-05-17 11:15:00,15.47,11:15:00
2026-05-17 11:30:00,15.48,11:30:00
2026-05-17 11:45:00,15.3,11:45:00
2026-05-17 12:00:00,15.25,12:00:00
2026-05-17 12:15:00,15.03,12:15:00
2026-05-17 12:30:00,15.15,12:30:00
2026-05-17 12:45:00,15.11,12:45:00
2026-05-17 13:00:00,11.98,13:00:00
2026-05-17 13:15:00,11.64,13:15:00
2026-05-17 13:30:00,11.58,13:30:00
2026-05-17 13:45:00,11.54,13:45:00
2026-05-17 14:00:00,13.8,14:00:00
2026-05-17 14:15:00,13.97,14:15:00
2026-05-17 14:30:00,13.84,14:30:00
2026-05-17 14:45:00,14.22,14:45:00
2026-05-17 15:00:00,17.82,15:00:00
2026-05-17 15:15:00,19.37,15:15:00
2026-05-17 15:30:00,19.05,15:30:00
2026-05-17 15:45:00,19.07,15:45:00
2026-05-17 16:00:00,18.79,16:00:00
2026-05-17 16:15:00,17.86,16:15:00
2026-05-17 16:30:00,15.52,16:30:00
2026-05-17 16:45:00,13.61,16:45:00
2026-05-17 17:00:00,16.95,17:00:00
2026-05-17 17:15:00,13.79,17:15:00
2026-05-17 17:30:00,13.38,17:30:00
2026-05-17 17:45:00,13.3,17:45:00
2026-05-17 18:00:00,13.26,18:00:00
2026-05-17 18:15:00,13.15,18:15:00
2026-05-17 18:30:00,13.58,18:30:00
2026-05-17 18:45:00,13.25,18:45:00
2026-05-17 19:00:00,13.46,19:00:00
2026-05-17 19:15:00,13.15,19:15:00
2026-05-17 19:30:00,13.19,19:30:00
2026-05-17 19:45:00,13.1,19:45:00
2026-05-17 20:00:00,13.3,20:00:00
2026-05-17 20:15:00,13.85,20:15:00
2026-05-17 20:30:00,14.13,20:30:00
2026-05-17 20:45:00,14.88,20:45:00
2026-05-17 21:00:00,16.91,21:00:00
2026-05-17 21:15:00,20.45,21:15:00
2026-05-17 21:30:00,21.41,21:30:00
2026-05-17 21:45:00,21.42,21:45:00
2026-05-17 22:00:00,18.7,22:00:00
2026-05-17 22:15:00,20.56,22:15:00
2026-05-17 22:30:00,21.19,22:30:00
2026-05-17 22:45:00,21.76,22:45:00
2026-05-17 23:00:00,22.25,23:00:00
2026-05-17 23:15:00,22.38,23:15:00
2026-05-17 23:30:00,22.32,23:30:00
2026-05-17 23:45:00,22.09,23:45:00
2026-05-18 00:00:00,22.21,00:00:00
2026-05-18 00:15:00,22.3,00:15:00
2026-05-18 00:30:00,22.32,00:30:00
2026-05-18 00:45:00,22.44,00:45:00
2026-05-18 01:00:00,22.52,01:00:00
2026-05-18 01:15:00,22.67,01:15:00
2026-05-18 01:30:00,22.73,01:30:00
2026-05-18 01:45:00,22.75,01:45:00
2026-05-18 02:00:00,22.96,02:00:00
2026-05-18 02:15:00,23.16,02:15:00
2026-05-18 02:30:00,23.12,02:30:00
2026-05-18 02:45:00,23.25,02:45:00
2026-05-18 03:00:00,21.86,03:00:00
2026-05-18 03:15:00,20.42,03:15:00
2026-05-18 03:30:00,17.21,03:30:00
2026-05-18 03:45:00,21.05,03:45:00
2026-05-18 04:00:00,17.38,04:00:00
2026-05-18 04:15:00,14.84,04:15:00
2026-05-18 04:30:00,16.63,04:30:00
2026-05-18 04:45:00,17.34,04:45:00
2026-05-18 05:00:00,16.85,05:00:00
2026-05-18 05:15:00,16.05,05:15:00
2026-05-18 05:30:00,17.0,05:30:00
2026-05-18 05:45:00,17.26,05:45:00
2026-05-18 06:00:00,18.23,06:00:00
2026-05-18 06:15:00,16.94,06:15:00
2026-05-18 06:30:00,16.81,06:30:00
2026-05-18 06:45:00,15.38,06:45:00
2026-05-18 07:00:00,15.52,07:00:00
2026-05-18 07:15:00,20.22,07:15:00
2026-05-18 07:30:00,22.36,07:30:00
2026-05-18 07:45:00,23.44,07:45:00
2026-05-18 08:00:00,22.92,08:00:00
2026-05-18 08:15:00,21.68,08:15:00
2026-05-18 08:30:00,22.63,08:30:00
2026-05-18 08:45:00,21.24,08:45:00
2026-05-18 09:00:00,20.28,09:00:00
2026-05-18 09:15:00,20.43,09:15:00
2026-05-18 09:30:00,19.46,09:30:00
2026-05-18 09:45:00,20.19,09:45:00
2026-05-18 10:00:00,20.45,10:00:00
2026-05-18 10:15:00,20.11,10:15:00
2026-05-18 10:30:00,21.93,10:30:00
2026-05-18 10:45:00,22.07,10:45:00
2026-05-18 11:00:00,24.05,11:00:00
2026-05-18 11:15:00,24.06,11:15:00
2026-05-18 11:30:00,25.42,11:30:00
2026-05-18 11:45:00,24.26,11:45:00
2026-05-18 12:00:00,23.97,12:00:00
2026-05-18 12:15:00,22.57,12:15:00
2026-05-18 12:30:00,21.63,12:30:00
2026-05-18 12:45:00,21.39,12:45:00
2026-05-18 13:00:00,20.44,13:00:00
2026-05-18 13:15:00,22.29,13:15:00
2026-05-18 13:30:00,22.97,13:30:00
2026-05-18 13:45:00,21.26,13:45:00
2026-05-18 14:00:00,19.67,14:00:00
2026-05-18 14:15:00,20.03,14:15:00
2026-05-18 14:30:00,16.03,14:30:00
2026-05-18 14:45:00,15.35,14:45:00
2026-05-18 15:00:00,15.39,15:00:00
2026-05-18 15:15:00,15.35,15:15:00
2026-05-18 15:30:00,14.84,15:30:00
2026-05-18 15:45:00,14.68,15:45:00
2026-05-18 16:00:00,14.96,16:00:00
2026-05-18 16:15:00,14.71,16:15:00
2026-05-18 16:30:00,14.63,16:30:00
2026-05-18 16:45:00,14.75,16:45:00
2026-05-18 17:00:00,15.13,17:00:00
2026-05-18 17:15:00,15.11,17:15:00
2026-05-18 17:30:00,15.18,17:30:00
2026-05-18 17:45:00,16.74,17:45:00
2026-05-18 18:00:00,18.42,18:00:00
2026-05-18 18:15:00,18.79,18:15:00
2026-05-18 18:30:00,19.33,18:30:00
2026-05-18 18:45:00,19.85,18:45:00
2026-05-18 19:00:00,18.48,19:00:00
2026-05-18 19:15:00,18.75,19:15:00
2026-05-18 19:30:00,18.92,19:30:00
2026-05-18 19:45:00,18.74,19:45:00
2026-05-18 20:00:00,17.82,20:00:00
2026-05-18 20:15:00,17.49,20:15:00
2026-05-18 20:30:00,18.47,20:30:00
2026-05-18 20:45:00,23.05,20:45:00
2026-05-18 21:00:00,22.1,21:00:00
2026-05-18 21:15:00,23.39,21:15:00
2026-05-18 21:30:00,23.97,21:30:00
2026-05-18 21:45:00,24.33,21:45:00
2026-05-18 22:00:00,24.11,22:00:00
2026-05-18 22:15:00,23.33,22:15:00
2026-05-18 22:30:00,23.35,22:30:00
2026-05-18 22:45:00,23.88,22:45:00
2026-05-18 23:00:00,23.61,23:00:00
2026-05-18 23:15:00,23.6,23:15:00
2026-05-18 23:30:00,23.63,23:30:00
2026-05-18 23:45:00,23.69,23:45:00
2026-05-19 00:00:00,24.12,00:00:00
2026-05-19 00:15:00,24.1,00:15:00
2026-05-19 00:30:00,23.94,00:30:00
2026-05-19 00:45:00,23.91,00:45:00
2026-05-19 01:00:00,24.22,01:00:00
2026-05-19 01:15:00,24.22,01:15:00
2026-05-19 01:30:00,24.4,01:30:00
2026-05-19 01:45:00,24.26,01:45:00
2026-05-19 02:00:00,24.37,02:00:00
2026-05-19 02:15:00,24.48,02:15:00
2026-05-19 02:30:00,24.02,02:30:00
2026-05-19 02:45:00,24.05,02:45:00
2026-05-19 03:00:00,23.7,03:00:00
2026-05-19 03:15:00,23.69,03:15:00
2026-05-19 03:30:00,23.55,03:30:00
2026-05-19 03:45:00,23.24,03:45:00
2026-05-19 04:00:00,22.96,04:00:00
2026-05-19 04:15:00,22.91,04:15:00
2026-05-19 04:30:00,22.69,04:30:00
2026-05-19 04:45:00,22.47,04:45:00
2026-05-19 05:00:00,22.11,05:00:00
2026-05-19 05:15:00,22.25,05:15:00
2026-05-19 05:30:00,22.36,05:30:00
2026-05-19 05:45:00,22.99,05:45:00
2026-05-19 06:00:00,20.85,06:00:00
2026-05-19 06:15:00,21.44,06:15:00
2026-05-19 06:30:00,23.02,06:30:00
2026-05-19 06:45:00,23.32,06:45:00
2026-05-19 07:00:00,21.34,07:00:00
2026-05-19 07:15:00,21.78,07:15:00
2026-05-19 07:30:00,21.51,07:30:00
2026-05-19 07:45:00,22.46,07:45:00
2026-05-19 08:00:00,22.22,08:00:00
2026-05-19 08:15:00,22.43,08:15:00
2026-05-19 08:30:00,26.03,08:30:00
2026-05-19 08:45:00,28.24,08:45:00
2026-05-19 09:00:00,28.2,09:00:00
2026-05-19 09:15:00,29.21,09:15:00
2026-05-19 09:30:00,30.19,09:30:00
2026-05-19 09:45:00,30.01,09:45:00
2026-05-19 10:00:00,31.41,10:00:00
2026-05-19 10:15:00,30.74,10:15:00
2026-05-19 10:30:00,29.61,10:30:00
2026-05-19 10:45:00,29.51,10:45:00
2026-05-19 11:00:00,29.88,11:00:00
2026-05-19 11:15:00,29.71,11:15:00
2026-05-19 11:30:00,27.96,11:30:00
2026-05-19 11:45:00,26.67,11:45:00
2026-05-19 12:00:00,24.87,12:00:00
2026-05-19 12:15:00,24.57,12:15:00
2026-05-19 12:30:00,23.96,12:30:00
2026-05-19 12:45:00,24.89,12:45:00
2026-05-19 13:00:00,25.72,13:00:00
2026-05-19 13:15:00,25.26,13:15:00
2026-05-19 13:30:00,23.52,13:30:00
2026-05-19 13:45:00,23.17,13:45:00
2026-05-19 14:00:00,21.96,14:00:00
2026-05-19 14:15:00,22.32,14:15:00
2026-05-19 14:30:00,22.75,14:30:00
2026-05-19 14:45:00,22.46,14:45:00
2026-05-19 15:00:00,22.28,15:00:00
2026-05-19 15:15:00,22.27,15:15:00
2026-05-19 15:30:00,21.43,15:30:00
2026-05-19 15:45:00,22.83,15:45:00
2026-05-19 16:00:00,22.6,16:00:00
2026-05-19 16:15:00,22.25,16:15:00
2026-05-19 16:30:00,21.97,16:30:00
2026-05-19 16:45:00,21.65,16:45:00
2026-05-19 17:00:00,22.12,17:00:00
2026-05-19 17:15:00,22.01,17:15:00
2026-05-19 17:30:00,22.15,17:30:00
2026-05-19 17:45:00,23.44,17:45:00
2026-05-19 18:00:00,25.42,18:00:00
2026-05-19 18:15:00,24.74,18:15:00
2026-05-19 18:30:00,23.58,18:30:00
2026-05-19 18:45:00,24.14,18:45:00
2026-05-19 19:00:00,24.19,19:00:00
2026-05-19 19:15:00,24.06,19:15:00
2026-05-19 19:30:00,23.72,19:30:00
2026-05-19 19:45:00,24.38,19:45:00
2026-05-19 20:00:00,24.33,20:00:00
2026-05-19 20:15:00,25.29,20:15:00
2026-05-19 20:30:00,25.44,20:30:00
2026-05-19 20:45:00,27.83,20:45:00
2026-05-19 21:00:00,29.46,21:00:00
2026-05-19 21:15:00,29.72,21:15:00
2026-05-19 21:30:00,29.73,21:30:00
2026-05-19 21:45:00,29.91,21:45:00
2026-05-19 22:00:00,27.78,22:00:00
2026-05-19 22:15:00,27.09,22:15:00
2026-05-19 22:30:00,27.33,22:30:00
2026-05-19 22:45:00,26.97,22:45:00
2026-05-19 23:00:00,26.58,23:00:00
2026-05-19 23:15:00,25.84,23:15:00
2026-05-19 23:30:00,25.45,23:30:00
2026-05-19 23:45:00,25.42,23:45:00
2026-05-20 00:00:00,25.81,00:00:00
2026-05-20 00:15:00,26.47,00:15:00
2026-05-20 00:30:00,26.78,00:30:00
2026-05-20 00:45:00,27.56,00:45:00
2026-05-20 01:00:00,28.42,01:00:00
2026-05-20 01:15:00,29.07,01:15:00
2026-05-20 01:30:00,28.37,01:30:00
2026-05-20 01:45:00,28.44,01:45:00
2026-05-20 02:00:00,27.24,02:00:00
2026-05-20 02:15:00,26.5,02:15:00
2026-05-20 02:30:00,26.12,02:30:00
2026-05-20 02:45:00,24.9,02:45:00
2026-05-20 03:00:00,24.14,03:00:00
2026-05-20 03:15:00,24.68,03:15:00
2026-05-20 03:30:00,24.17,03:30:00
2026-05-20 03:45:00,22.04,03:45:00
2026-05-20 04:00:00,16.89,04:00:00
2026-05-20 04:15:00,16.82,04:15:00
2026-05-20 04:30:00,17.11,04:30:00
2026-05-20 04:45:00,18.08,04:45:00
2026-05-20 05:00:00,17.9,05:00:00
2026-05-20 05:15:00,17.6,05:15:00
2026-05-20 05:30:00,17.32,05:30:00
2026-05-20 05:45:00,17.63,05:45:00
2026-05-20 06:00:00,16.68,06:00:00
2026-05-20 06:15:00,15.94,06:15:00
2026-05-20 06:30:00,16.32,06:30:00
2026-05-20 06:45:00,19.23,06:45:00
2026-05-20 07:00:00,16.98,07:00:00
2026-05-20 07:15:00,16.52,07:15:00
2026-05-20 07:30:00,16.73,07:30:00
2026-05-20 07:45:00,16.26,07:45:00
2026-05-20 08:00:00,18.35,08:00:00
2026-05-20 08:15:00,18.7,08:15:00
2026-05-20 08:30:00,18.79,08:30:00
2026-05-20 08:45:00,18.24,08:45:00
2026-05-20 09:00:00,17.82,09:00:00
2026-05-20 09:15:00,17.48,09:15:00
2026-05-20 09:30:00,17.06,09:30:00
2026-05-20 09:45:00,17.61,09:45:00
2026-05-20 10:00:00,17.64,10:00:00
2026-05-20 10:15:00,18.79,10:15:00
2026-05-20 10:30:00,18.94,10:30:00
2026-05-20 10:45:00,18.85,10:45:00
2026-05-20 11:00:00,20.15,11:00:00
2026-05-20 11:15:00,20.99,11:15:00
2026-05-20 11:30:00,23.57,11:30:00
2026-05-20 11:45:00,25.73,11:45:00
2026-05-20 12:00:00,25.29,12:00:00
2026-05-20 12:15:00,25.73,12:15:00
2026-05-20 12:30:00,25.52,12:30:00
2026-05-20 12:45:00,25.18,12:45:00
2026-05-20 13:00:00,24.8,13:00:00
2026-05-20 13:15:00,25.8,13:15:00
2026-05-20 13:30:00,26.21,13:30:00
2026-05-20 13:45:00,26.35,13:45:00
2026-05-20 14:00:00,21.4,14:00:00
2026-05-20 14:15:00,22.51,14:15:00
2026-05-20 14:30:00,24.85,14:30:00
2026-05-20 14:45:00,22.46,14:45:00
2026-05-20 15:00:00,24.81,15:00:00
2026-05-20 15:15:00,22.8,15:15:00
2026-05-20 15:30:00,18.74,15:30:00
2026-05-20 15:45:00,18.11,15:45:00
2026-05-20 16:00:00,22.64,16:00:00
2026-05-20 16:15:00,18.7,16:15:00
2026-05-20 16:30:00,18.79,16:30:00
2026-05-20 16:45:00,19.89,16:45:00
2026-05-20 17:00:00,17.76,17:00:00
2026-05-20 17:15:00,17.92,17:15:00
2026-05-20 17:30:00,18.24,17:30:00
2026-05-20 17:45:00,18.64,17:45:00
2026-05-20 18:00:00,19.99,18:00:00
2026-05-20 18:15:00,19.36,18:15:00
2026-05-20 18:30:00,18.83,18:30:00
2026-05-20 18:45:00,19.05,18:45:00
2026-05-20 19:00:00,20.28,19:00:00
2026-05-20 19:15:00,19.61,19:15:00
2026-05-20 19:30:00,19.07,19:30:00
2026-05-20 19:45:00,18.71,19:45:00
2026-05-20 20:00:00,17.68,20:00:00
2026-05-20 20:15:00,18.76,20:15:00
2026-05-20 20:30:00,21.76,20:30:00
2026-05-20 20:45:00,22.7,20:45:00
2026-05-20 21:00:00,22.76,21:00:00
2026-05-20 21:15:00,22.94,21:15:00
2026-05-20 21:30:00,23.07,21:30:00
2026-05-20 21:45:00,21.99,21:45:00
2026-05-20 22:00:00,18.01,22:00:00
2026-05-20 22:15:00,18.24,22:15:00
2026-05-20 22:30:00,20.47,22:30:00
2026-05-20 22:45:00,20.95,22:45:00
2026-05-20 23:00:00,21.33,23:00:00
2026-05-20 23:15:00,22.48,23:15:00
2026-05-20 23:30:00,23.03,23:30:00
2026-05-20 23:45:00,23.77,23:45:00
2026-05-21 00:00:00,24.55,00:00:00
2026-05-21 00:15:00,24.66,00:15:00
2026-05-21 00:30:00,24.41,00:30:00
2026-05-21 00:45:00,24.4,00:45:00
2026-05-21 01:00:00,24.56,01:00:00
2026-05-21 01:15:00,24.98,01:15:00
2026-05-21 01:30:00,24.74,01:30:00
2026-05-21 01:45:00,26.28,01:45:00
2026-05-21 02:00:00,26.65,02:00:00
2026-05-21 02:15:00,26.24,02:15:00
2026-05-21 02:30:00,25.7,02:30:00
2026-05-21 02:45:00,21.84,02:45:00
2026-05-21 03:00:00,19.73,03:00:00
2026-05-21 03:15:00,19.82,03:15:00
2026-05-21 03:30:00,18.86,03:30:00
2026-05-21 03:45:00,17.66,03:45:00
2026-05-21 04:00:00,18.03,04:00:00
2026-05-21 04:15:00,18.6,04:15:00
2026-05-21 04:30:00,20.14,04:30:00
2026-05-21 04:45:00,22.3,04:45:00
2026-05-21 05:00:00,24.2,05:00:00
2026-05-21 05:15:00,24.13,05:15:00
2026-05-21 05:30:00,24.86,05:30:00
2026-05-21 05:45:00,25.99,05:45:00
2026-05-21 06:00:00,24.31,06:00:00
2026-05-21 06:15:00,23.61,06:15:00
2026-05-21 06:30:00,23.74,06:30:00
2026-05-21 06:45:00,23.67,06:45:00
2026-05-21 07:00:00,22.14,07:00:00
2026-05-21 07:15:00,24.05,07:15:00
2026-05-21 07:30:00,23.86,07:30:00
2026-05-21 07:45:00,23.93,07:45:00
2026-05-21 08:00:00,24.04,08:00:00
2026-05-21 08:15:00,23.45,08:15:00
2026-05-21 08:30:00,23.11,08:30:00
2026-05-21 08:45:00,22.41,08:45:00
2026-05-21 09:00:00,21.67,09:00:00
2026-05-21 09:15:00,20.45,09:15:00
2026-05-21 09:30:00,20.31,09:30:00
2026-05-21 09:45:00,20.49,09:45:00
2026-05-21 10:00:00,20.63,10:00:00
2026-05-21 10:15:00,20.73,10:15:00
2026-05-21 10:30:00,20.92,10:30:00
2026-05-21 10:45:00,20.84,10:45:00
2026-05-21 11:00:00,20.09,11:00:00
2026-05-21 11:15:00,20.14,11:15:00
2026-05-21 11:30:00,19.49,11:30:00
2026-05-21 11:45:00,19.2,11:45:00
2026-05-21 12:00:00,19.7,12:00:00
2026-05-21 12:15:00,19.95,12:15:00
2026-05-21 12:30:00,19.97,12:30:00
2026-05-21 12:45:00,19.91,12:45:00
2026-05-21 13:00:00,21.04,13:00:00
2026-05-21 13:15:00,20.45,13:15:00
2026-05-21 13:30:00,20.78,13:30:00
2026-05-21 13:45:00,19.55,13:45:00
2026-05-21 14:00:00,18.95,14:00:00
2026-05-21 14:15:00,17.98,14:15:00
2026-05-21 14:30:00,17.44,14:30:00
2026-05-21 14:45:00,17.12,14:45:00
2026-05-21 15:00:00,17.95,15:00:00
2026-05-21 15:15:00,16.45,15:15:00
2026-05-21 15:30:00,14.7,15:30:00
2026-05-21 15:45:00,14.09,15:45:00
2026-05-21 16:00:00,16.03,16:00:00
2026-05-21 16:15:00,15.63,16:15:00
2026-05-21 16:30:00,17.39,16:30:00
2026-05-21 16:45:00,19.95,16:45:00
2026-05-21 17:00:00,19.16,17:00:00
2026-05-21 17:15:00,16.69,17:15:00
2026-05-21 17:30:00,15.4,17:30:00
2026-05-21 17:45:00,15.49,17:45:00
2026-05-21 18:00:00,15.59,18:00:00
2026-05-21 18:15:00,15.54,18:15:00
2026-05-21 18:30:00,15.86,18:30:00
2026-05-21 18:45:00,16.84,18:45:00
2026-05-21 19:00:00,16.7,19:00:00
2026-05-21 19:15:00,16.78,19:15:00
2026-05-21 19:30:00,15.64,19:30:00
2026-05-21 19:45:00,15.59,19:45:00
2026-05-21 20:00:00,15.37,20:00:00
2026-05-21 20:15:00,15.33,20:15:00
2026-05-21 20:30:00,15.52,20:30:00
2026-05-21 20:45:00,15.38,20:45:00
2026-05-21 21:00:00,15.4,21:00:00
2026-05-21 21:15:00,15.43,21:15:00
2026-05-21 21:30:00,15.66,21:30:00
2026-05-21 21:45:00,15.94,21:45:00
2026-05-21 22:00:00,15.35,22:00:00
2026-05-21 22:15:00,14.9,22:15:00
2026-05-21 22:30:00,14.84,22:30:00
2026-05-21 22:45:00,14.91,22:45:00
2026-05-21 23:00:00,14.49,23:00:00
2026-05-21 23:15:00,14.59,23:15:00
2026-05-21 23:30:00,14.72,23:30:00
2026-05-21 23:45:00,14.67,23:45:00
2026-05-22 00:00:00,14.78,00:00:00
2026-05-22 00:15:00,14.88,00:15:00
2026-05-22 00:30:00,14.95,00:30:00
2026-05-22 00:45:00,14.99,00:45:00
2026-05-22 01:00:00,15.11,01:00:00
2026-05-22 01:15:00,15.01,01:15:00
2026-05-22 01:30:00,14.95,01:30:00
2026-05-22 01:45:00,14.87,01:45:00
2026-05-22 02:00:00,14.62,02:00:00
2026-05-22 02:15:00,14.53,02:15:00
2026-05-22 02:30:00,14.52,02:30:00
2026-05-22 02:45:00,14.39,02:45:00
2026-05-22 03:00:00,14.5,03:00:00
2026-05-22 03:15:00,14.25,03:15:00
2026-05-22 03:30:00,14.17,03:30:00
2026-05-22 03:45:00,14.14,03:45:00
2026-05-22 04:00:00,13.52,04:00:00
2026-05-22 04:15:00,13.51,04:15:00
2026-05-22 04:30:00,13.57,04:30:00
2026-05-22 04:45:00,13.64,04:45:00
2026-05-22 05:00:00,13.07,05:00:00
2026-05-22 05:15:00,13.1,05:15:00
2026-05-22 05:30:00,13.19,05:30:00
2026-05-22 05:45:00,14.68,05:45:00
2026-05-22 06:00:00,12.81,06:00:00
2026-05-22 06:15:00,12.89,06:15:00
2026-05-22 06:30:00,16.57,06:30:00
2026-05-22 06:45:00,13.51,06:45:00
2026-05-22 07:00:00,13.07,07:00:00
2026-05-22 07:15:00,13.54,07:15:00
2026-05-22 07:30:00,16.01,07:30:00
2026-05-22 07:45:00,14.27,07:45:00
2026-05-22 08:00:00,14.99,08:00:00
2026-05-22 08:15:00,18.76,08:15:00
2026-05-22 08:30:00,20.74,08:30:00
2026-05-22 08:45:00,21.29,08:45:00
2026-05-22 09:00:00,21.58,09:00:00
2026-05-22 09:15:00,21.48,09:15:00
2026-05-22 09:30:00,21.37,09:30:00
2026-05-22 09:45:00,20.96,09:45:00
2026-05-22 10:00:00,21.37,10:00:00
2026-05-22 10:15:00,21.46,10:15:00
2026-05-22 10:30:00,21.09,10:30:00
2026-05-22 10:45:00,21.27,10:45:00
2026-05-22 11:00:00,21.39,11:00:00
2026-05-22 11:15:00,21.55,11:15:00
2026-05-22 11:30:00,21.68,11:30:00
2026-05-22 11:45:00,21.75,11:45:00
2026-05-22 12:00:00,22.25,12:00:00
2026-05-22 12:15:00,21.84,12:15:00
2026-05-22 12:30:00,21.77,12:30:00
2026-05-22 12:45:00,22.16,12:45:00
2026-05-22 13:00:00,22.31,13:00:00
2026-05-22 13:15:00,22.96,13:15:00
2026-05-22 13:30:00,19.94,13:30:00
2026-05-22 13:45:00,17.18,13:45:00
2026-05-22 14:00:00,14.06,14:00:00
2026-05-22 14:15:00,14.22,14:15:00
2026-05-22 14:30:00,14.29,14:30:00
2026-05-22 14:45:00,14.17,14:45:00
2026-05-22 15:00:00,13.76,15:00:00
2026-05-22 15:15:00,13.6,15:15:00
2026-05-22 15:30:00,13.31,15:30:00
2026-05-22 15:45:00,13.09,15:45:00
2026-05-22 16:00:00,13.2,16:00:00
2026-05-22 16:15:00,12.99,16:15:00
2026-05-22 16:30:00,13.21,16:30:00
2026-05-22 16:45:00,14.36,16:45:00
2026-05-22 17:00:00,13.69,17:00:00
2026-05-22 17:15:00,13.47,17:15:00
2026-05-22 17:30:00,13.55,17:30:00
2026-05-22 17:45:00,13.71,17:45:00
2026-05-22 18:00:00,13.82,18:00:00
2026-05-22 18:15:00,13.72,18:15:00
2026-05-22 18:30:00,13.76,18:30:00
2026-05-22 18:45:00,14.67,18:45:00
2026-05-22 19:00:00,14.11,19:00:00
2026-05-22 19:15:00,15.14,19:15:00
2026-05-22 19:30:00,13.97,19:30:00
2026-05-22 19:45:00,13.85,19:45:00
2026-05-22 20:00:00,13.26,20:00:00
2026-05-22 20:15:00,13.36,20:15:00
2026-05-22 20:30:00,13.5,20:30:00
2026-05-22 20:45:00,13.43,20:45:00
2026-05-22 21:00:00,13.42,21:00:00
2026-05-22 21:15:00,13.49,21:15:00
2026-05-22 21:30:00,13.4,21:30:00
2026-05-22 21:45:00,13.52,21:45:00
2026-05-22 22:00:00,14.39,22:00:00
2026-05-22 22:15:00,14.4,22:15:00
2026-05-22 22:30:00,14.55,22:30:00
2026-05-22 22:45:00,14.61,22:45:00
2026-05-22 23:00:00,14.79,23:00:00
2026-05-22 23:15:00,14.84,23:15:00
2026-05-22 23:30:00,14.91,23:30:00
2026-05-22 23:45:00,16.63,23:45:00
2026-05-23 00:00:00,14.82,00:00:00
2026-05-23 00:15:00,14.73,00:15:00
2026-05-23 00:30:00,15.5,00:30:00
2026-05-23 00:45:00,16.39,00:45:00
2026-05-23 01:00:00,16.72,01:00:00
2026-05-23 01:15:00,16.91,01:15:00
2026-05-23 01:30:00,16.89,01:30:00
2026-05-23 01:45:00,16.84,01:45:00
2026-05-23 02:00:00,16.76,02:00:00
2026-05-23 02:15:00,16.69,02:15:00
2026-05-23 02:30:00,16.77,02:30:00
2026-05-23 02:45:00,16.53,02:45:00
2026-05-23 03:00:00,15.44,03:00:00
2026-05-23 03:15:00,15.42,03:15:00
2026-05-23 03:30:00,15.32,03:30:00
2026-05-23 03:45:00,15.35,03:45:00
2026-05-23 04:00:00,15.61,04:00:00
2026-05-23 04:15:00,15.8,04:15:00
2026-05-23 04:30:00,15.92,04:30:00
2026-05-23 04:45:00,16.18,04:45:00
2026-05-23 05:00:00,16.35,05:00:00
2026-05-23 05:15:00,17.13,05:15:00
2026-05-23 05:30:00,18.33,05:30:00
2026-05-23 05:45:00,19.09,05:45:00
2026-05-23 06:00:00,19.23,06:00:00
2026-05-23 06:15:00,19.34,06:15:00
2026-05-23 06:30:00,15.61,06:30:00
2026-05-23 06:45:00,17.74,06:45:00
2026-05-23 07:00:00,19.97,07:00:00
2026-05-23 07:15:00,23.6,07:15:00
2026-05-23 07:30:00,23.52,07:30:00
2026-05-23 07:45:00,23.04,07:45:00
2026-05-23 08:00:00,19.34,08:00:00
2026-05-23 08:15:00,23.28,08:15:00
2026-05-23 08:30:00,22.62,08:30:00
2026-05-23 08:45:00,21.57,08:45:00
2026-05-23 09:00:00,24.09,09:00:00
2026-05-23 09:15:00,23.63,09:15:00
2026-05-23 09:30:00,23.32,09:30:00
2026-05-23 09:45:00,22.88,09:45:00
2026-05-23 10:00:00,22.37,10:00:00
2026-05-23 10:15:00,21.29,10:15:00
2026-05-23 10:30:00,19.97,10:30:00
2026-05-23 10:45:00,19.33,10:45:00
2026-05-23 11:00:00,18.77,11:00:00
2026-05-23 11:15:00,15.47,11:15:00
2026-05-23 11:30:00,16.15,11:30:00
2026-05-23 11:45:00,16.65,11:45:00
2026-05-23 12:00:00,18.23,12:00:00
2026-05-23 12:15:00,19.08,12:15:00
2026-05-23 12:30:00,18.64,12:30:00
2026-05-23 12:45:00,18.97,12:45:00
2026-05-23 13:00:00,19.84,13:00:00
2026-05-23 13:15:00,21.08,13:15:00
2026-05-23 13:30:00,21.19,13:30:00
2026-05-23 13:45:00,20.08,13:45:00
2026-05-23 14:00:00,20.17,14:00:00
2026-05-23 14:15:00,18.81,14:15:00
2026-05-23 14:30:00,16.86,14:30:00
2026-05-23 14:45:00,13.7,14:45:00
2026-05-23 15:00:00,12.98,15:00:00
2026-05-23 15:15:00,15.36,15:15:00
2026-05-23 15:30:00,15.86,15:30:00
2026-05-23 15:45:00,16.02,15:45:00
2026-05-23 16:00:00,16.81,16:00:00
2026-05-23 16:15:00,16.12,16:15:00
2026-05-23 16:30:00,15.72,16:30:00
2026-05-23 16:45:00,16.54,16:45:00
2026-05-23 17:00:00,16.2,17:00:00
2026-05-23 17:15:00,16.23,17:15:00
2026-05-23 17:30:00,17.48,17:30:00
2026-05-23 17:45:00,16.45,17:45:00
2026-05-23 18:00:00,16.33,18:00:00
2026-05-23 18:15:00,16.61,18:15:00
2026-05-23 18:30:00,16.66,18:30:00
2026-05-23 18:45:00,16.04,18:45:00
2026-05-23 19:00:00,16.58,19:00:00
2026-05-23 19:15:00,16.62,19:15:00
2026-05-23 19:30:00,17.19,19:30:00
2026-05-23 19:45:00,17.4,19:45:00
2026-05-23 20:00:00,17.15,20:00:00
2026-05-23 20:15:00,17.78,20:15:00
2026-05-23 20:30:00,18.03,20:30:00
2026-05-23 20:45:00,17.68,20:45:00
2026-05-23 21:00:00,18.4,21:00:00
2026-05-23 21:15:00,19.04,21:15:00
2026-05-23 21:30:00,18.72,21:30:00
2026-05-23 21:45:00,20.09,21:45:00
2026-05-23 22:00:00,20.58,22:00:00
2026-05-23 22:15:00,19.39,22:15:00
2026-05-23 22:30:00,21.32,22:30:00
2026-05-23 22:45:00,21.62,22:45:00
2026-05-23 23:00:00,23.45,23:00:00
2026-05-23 23:15:00,23.98,23:15:00
2026-05-23 23:30:00,24.29,23:30:00
2026-05-23 23:45:00,24.16,23:45:00
2026-05-24 00:00:00,23.02,00:00:00
2026-05-24 00:15:00,23.41,00:15:00
2026-05-24 00:30:00,23.28,00:30:00
2026-05-24 00:45:00,23.08,00:45:00
2026-05-24 01:00:00,22.7,01:00:00
2026-05-24 01:15:00,22.62,01:15:00
2026-05-24 01:30:00,23.04,01:30:00
2026-05-24 01:45:00,23.17,01:45:00
2026-05-24 02:00:00,23.14,02:00:00
2026-05-24 02:15:00,22.85,02:15:00
2026-05-24 02:30:00,22.87,02:30:00
2026-05-24 02:45:00,22.98,02:45:00
2026-05-24 03:00:00,24.18,03:00:00
2026-05-24 03:15:00,24.62,03:15:00
2026-05-24 03:30:00,24.25,03:30:00
2026-05-24 03:45:00,21.19,03:45:00
2026-05-24 04:00:00,18.51,04:00:00
2026-05-24 04:15:00,17.97,04:15:00
2026-05-24 04:30:00,18.24,04:30:00
2026-05-24 04:45:00,18.47,04:45:00
2026-05-24 05:00:00,18.57,05:00:00
2026-05-24 05:15:00,18.55,05:15:00
2026-05-24 05:30:00,18.49,05:30:00
2026-05-24 05:45:00,18.79,05:45:00
2026-05-24 06:00:00,22.36,06:00:00
2026-05-24 06:15:00,19.28,06:15:00
2026-05-24 06:30:00,20.88,06:30:00
2026-05-24 06:45:00,18.62,06:45:00
2026-05-24 07:00:00,17.42,07:00:00
2026-05-24 07:15:00,19.94,07:15:00
2026-05-24 07:30:00,22.71,07:30:00
2026-05-24 07:45:00,22.83,07:45:00
2026-05-24 08:00:00,17.69,08:00:00
2026-05-24 08:15:00,21.64,08:15:00
2026-05-24 08:30:00,21.79,08:30:00
2026-05-24 08:45:00,20.62,08:45:00
2026-05-24 09:00:00,22.19,09:00:00
2026-05-24 09:15:00,22.86,09:15:00
2026-05-24 09:30:00,23.7,09:30:00
2026-05-24 09:45:00,22.09,09:45:00
2026-05-24 10:00:00,23.16,10:00:00
2026-05-24 10:15:00,23.83,10:15:00
2026-05-24 10:30:00,23.58,10:30:00
2026-05-24 10:45:00,23.48,10:45:00
2026-05-24 11:00:00,21.39,11:00:00
2026-05-24 11:15:00,21.8,11:15:00
2026-05-24 11:30:00,22.17,11:30:00
2026-05-24 11:45:00,22.45,11:45:00
2026-05-24 12:00:00,24.2,12:00:00
2026-05-24 12:15:00,23.47,12:15:00
2026-05-24 12:30:00,23.57,12:30:00
2026-05-24 12:45:00,23.64,12:45:00
2026-05-24 13:00:00,25.09,13:00:00
2026-05-24 13:15:00,25.1,13:15:00
2026-05-24 13:30:00,24.27,13:30:00
2026-05-24 13:45:00,24.55,13:45:00
2026-05-24 14:00:00,26.56,14:00:00
2026-05-24 14:15:00,25.92,14:15:00
2026-05-24 14:30:00,24.28,14:30:00
2026-05-24 14:45:00,21.46,14:45:00
2026-05-24 15:00:00,21.37,15:00:00
2026-05-24 15:15:00,17.31,15:15:00
2026-05-24 15:30:00,13.92,15:30:00
2026-05-24 15:45:00,14.95,15:45:00
2026-05-24 16:00:00,19.54,16:00:00
2026-05-24 16:15:00,20.56,16:15:00
2026-05-24 16:30:00,20.53,16:30:00
2026-05-24 16:45:00,20.19,16:45:00
2026-05-24 17:00:00,20.63,17:00:00
2026-05-24 17:15:00,19.37,17:15:00
2026-05-24 17:30:00,19.25,17:30:00
2026-05-24 17:45:00,19.45,17:45:00
2026-05-24 18:00:00,20.32,18:00:00
2026-05-24 18:15:00,20.23,18:15:00
2026-05-24 18:30:00,20.86,18:30:00
2026-05-24 18:45:00,21.38,18:45:00
2026-05-24 19:00:00,21.76,19:00:00
2026-05-24 19:15:00,21.17,19:15:00
2026-05-24 19:30:00,20.35,19:30:00
2026-05-24 19:45:00,19.78,19:45:00
2026-05-24 20:00:00,20.5,20:00:00
2026-05-24 20:15:00,19.85,20:15:00
2026-05-24 20:30:00,20.16,20:30:00
2026-05-24 20:45:00,20.4,20:45:00
2026-05-24 21:00:00,20.65,21:00:00
2026-05-24 21:15:00,20.8,21:15:00
2026-05-24 21:30:00,21.15,21:30:00
2026-05-24 21:45:00,21.54,21:45:00
2026-05-24 22:00:00,22.3,22:00:00
2026-05-24 22:15:00,22.46,22:15:00
2026-05-24 22:30:00,22.52,22:30:00
2026-05-24 22:45:00,21.87,22:45:00
2026-05-24 23:00:00,23.13,23:00:00
2026-05-24 23:15:00,23.06,23:15:00
2026-05-24 23:30:00,22.4,23:30:00
2026-05-24 23:45:00,21.99,23:45:00
2026-05-25 04:30:00,18.25,04:30:00
2026-05-25 04:45:00,18.54,04:45:00
2026-05-25 05:00:00,16.16,05:00:00
2026-05-25 05:15:00,16.49,05:15:00
2026-05-25 05:30:00,20.95,05:30:00
2026-05-25 05:45:00,22.63,05:45:00
2026-05-25 06:00:00,18.83,06:00:00
2026-05-25 06:15:00,21.52,06:15:00
2026-05-25 06:30:00,25.16,06:30:00
2026-05-25 06:45:00,26.63,06:45:00
2026-05-25 07:00:00,24.3,07:00:00
2026-05-25 07:15:00,21.63,07:15:00
2026-05-25 07:30:00,22.89,07:30:00
2026-05-25 07:45:00,21.75,07:45:00
2026-05-25 08:00:00,18.35,08:00:00
2026-05-25 08:15:00,17.45,08:15:00
2026-05-25 08:30:00,18.17,08:30:00
2026-05-25 08:45:00,17.28,08:45:00
2026-05-25 09:00:00,19.24,09:00:00
2026-05-25 09:15:00,20.48,09:15:00
2026-05-25 09:30:00,20.86,09:30:00
2026-05-25 09:45:00,20.7,09:45:00
2026-05-25 10:00:00,20.82,10:00:00
2026-05-25 10:15:00,20.41,10:15:00
2026-05-25 10:30:00,19.48,10:30:00
2026-05-25 10:45:00,19.52,10:45:00
2026-05-25 11:00:00,20.57,11:00:00
2026-05-25 11:15:00,21.93,11:15:00
2026-05-25 11:30:00,23.62,11:30:00
2026-05-25 11:45:00,23.87,11:45:00
2026-05-25 12:00:00,23.74,12:00:00
2026-05-25 12:15:00,23.78,12:15:00
2026-05-25 12:30:00,25.0,12:30:00
2026-05-25 12:45:00,25.74,12:45:00
2026-05-25 13:00:00,25.62,13:00:00
2026-05-25 13:15:00,24.59,13:15:00
2026-05-25 13:30:00,23.7,13:30:00
2026-05-25 13:45:00,22.76,13:45:00
2026-05-25 14:00:00,21.82,14:00:00
2026-05-25 14:15:00,20.12,14:15:00
2026-05-25 14:30:00,19.85,14:30:00
2026-05-25 14:45:00,17.49,14:45:00
2026-05-25 15:00:00,15.6,15:00:00
2026-05-25 15:15:00,16.81,15:15:00
2026-05-25 15:30:00,19.76,15:30:00
2026-05-25 15:45:00,20.33,15:45:00
2026-05-25 16:00:00,21.53,16:00:00
2026-05-25 16:15:00,20.63,16:15:00
2026-05-25 16:30:00,18.74,16:30:00
2026-05-25 16:45:00,17.63,16:45:00
2026-05-25 17:00:00,18.36,17:00:00
2026-05-25 17:15:00,14.52,17:15:00
2026-05-25 17:30:00,13.47,17:30:00
2026-05-25 17:45:00,13.28,17:45:00
2026-05-25 18:00:00,14.85,18:00:00
2026-05-25 18:15:00,13.83,18:15:00
2026-05-25 18:30:00,13.53,18:30:00
2026-05-25 18:45:00,14.84,18:45:00
2026-05-25 19:00:00,14.53,19:00:00
2026-05-25 19:15:00,14.65,19:15:00
2026-05-25 19:30:00,15.42,19:30:00
2026-05-25 19:45:00,16.16,19:45:00
2026-05-25 20:00:00,14.7,20:00:00
2026-05-25 20:15:00,17.66,20:15:00
2026-05-25 20:30:00,19.01,20:30:00
2026-05-25 20:45:00,20.64,20:45:00
2026-05-25 21:00:00,22.3,21:00:00
2026-05-25 21:15:00,22.85,21:15:00
2026-05-25 21:30:00,23.81,21:30:00
2026-05-25 21:45:00,24.04,21:45:00
2026-05-25 22:00:00,22.34,22:00:00
2026-05-25 22:15:00,22.04,22:15:00
2026-05-25 22:30:00,22.03,22:30:00
2026-05-25 22:45:00,22.2,22:45:00
2026-05-25 23:00:00,21.55,23:00:00
2026-05-25 23:15:00,21.59,23:15:00
2026-05-25 23:30:00,21.36,23:30:00
2026-05-25 23:45:00,21.45,23:45:00
2026-05-26 00:00:00,21.34,00:00:00
2026-05-26 00:15:00,21.17,00:15:00
2026-05-26 00:30:00,20.82,00:30:00
2026-05-26 00:45:00,20.68,00:45:00
2026-05-26 01:00:00,20.98,01:00:00
2026-05-26 01:15:00,20.65,01:15:00
2026-05-26 01:30:00,20.44,01:30:00
2026-05-26 01:45:00,20.13,01:45:00
2026-05-26 02:00:00,18.68,02:00:00
2026-05-26 02:15:00,17.12,02:15:00
2026-05-26 02:30:00,17.1,02:30:00
2026-05-26 02:45:00,15.76,02:45:00
2026-05-26 03:00:00,14.17,03:00:00
2026-05-26 03:15:00,13.87,03:15:00
2026-05-26 03:30:00,13.7,03:30:00
2026-05-26 03:45:00,13.44,03:45:00
2026-05-26 04:00:00,13.56,04:00:00
2026-05-26 04:15:00,13.45,04:15:00
2026-05-26 04:30:00,12.99,04:30:00
2026-05-26 04:45:00,12.88,04:45:00
2026-05-26 05:00:00,12.88,05:00:00
2026-05-26 05:15:00,12.89,05:15:00
2026-05-26 05:30:00,12.66,05:30:00
2026-05-26 05:45:00,12.59,05:45:00
2026-05-26 06:00:00,11.8,06:00:00
2026-05-26 06:15:00,11.87,06:15:00
2026-05-26 06:30:00,11.97,06:30:00
2026-05-26 06:45:00,12.1,06:45:00
2026-05-26 07:00:00,11.92,07:00:00
2026-05-26 07:15:00,11.97,07:15:00
2026-05-26 07:30:00,12.11,07:30:00
2026-05-26 07:45:00,13.48,07:45:00
2026-05-26 08:00:00,11.38,08:00:00
2026-05-26 08:15:00,11.28,08:15:00
2026-05-26 08:30:00,11.37,08:30:00
2026-05-26 08:45:00,11.64,08:45:00
2026-05-26 09:00:00,13.11,09:00:00
2026-05-26 09:15:00,13.46,09:15:00
2026-05-26 09:30:00,12.48,09:30:00
2026-05-26 09:45:00,13.05,09:45:00
2026-05-26 10:00:00,13.18,10:00:00
2026-05-26 10:15:00,13.15,10:15:00
2026-05-26 10:30:00,12.5,10:30:00
2026-05-26 10:45:00,13.06,10:45:00
2026-05-26 11:00:00,13.5,11:00:00
2026-05-26 11:15:00,13.24,11:15:00
2026-05-26 11:30:00,13.72,11:30:00
2026-05-26 11:45:00,13.7,11:45:00
2026-05-26 12:00:00,14.3,12:00:00
2026-05-26 12:15:00,15.0,12:15:00
2026-05-26 12:30:00,15.35,12:30:00
2026-05-26 12:45:00,15.58,12:45:00
2026-05-26 13:00:00,15.3,13:00:00
2026-05-26 13:15:00,13.06,13:15:00
2026-05-26 13:30:00,12.01,13:30:00
2026-05-26 13:45:00,11.37,13:45:00
2026-05-26 14:00:00,12.28,14:00:00
2026-05-26 14:15:00,11.55,14:15:00
2026-05-26 14:30:00,10.05,14:30:00
2026-05-26 14:45:00,9.45,14:45:00
2026-05-26 15:00:00,9.77,15:00:00
2026-05-26 15:15:00,9.64,15:15:00
2026-05-26 15:30:00,9.67,15:30:00
2026-05-26 15:45:00,9.64,15:45:00
2026-05-26 16:00:00,9.6,16:00:00
2026-05-26 16:15:00,9.49,16:15:00
2026-05-26 16:30:00,9.4,16:30:00
2026-05-26 16:45:00,9.32,16:45:00
2026-05-26 17:00:00,9.4,17:00:00
2026-05-26 17:15:00,9.43,17:15:00
2026-05-26 17:30:00,9.54,17:30:00
2026-05-26 17:45:00,9.52,17:45:00
2026-05-26 18:00:00,11.64,18:00:00
2026-05-26 18:15:00,13.05,18:15:00
2026-05-26 18:30:00,13.08,18:30:00
2026-05-26 18:45:00,13.1,18:45:00
2026-05-26 19:00:00,12.29,19:00:00
2026-05-26 19:15:00,10.97,19:15:00
2026-05-26 19:30:00,9.39,19:30:00
2026-05-26 19:45:00,9.57,19:45:00
2026-05-26 20:00:00,8.73,20:00:00
2026-05-26 20:15:00,8.76,20:15:00
2026-05-26 20:30:00,9.17,20:30:00
2026-05-26 20:45:00,9.16,20:45:00
2026-05-26 21:00:00,9.55,21:00:00
2026-05-26 21:15:00,9.64,21:15:00
2026-05-26 21:30:00,9.73,21:30:00
2026-05-26 21:45:00,9.91,21:45:00
2026-05-26 22:00:00,9.84,22:00:00
2026-05-26 22:15:00,10.0,22:15:00
2026-05-26 22:30:00,9.94,22:30:00
2026-05-26 22:45:00,10.09,22:45:00
2026-05-26 23:00:00,10.8,23:00:00
2026-05-26 23:15:00,11.67,23:15:00
2026-05-26 23:30:00,12.97,23:30:00
2026-05-26 23:45:00,14.47,23:45:00
2026-05-27 00:00:00,16.18,00:00:00
2026-05-27 00:15:00,16.23,00:15:00
2026-05-27 00:30:00,16.21,00:30:00
2026-05-27 00:45:00,16.11,00:45:00
2026-05-27 01:00:00,15.97,01:00:00
2026-05-27 01:15:00,15.62,01:15:00
2026-05-27 01:30:00,15.8,01:30:00
2026-05-27 01:45:00,15.43,01:45:00
2026-05-27 02:00:00,15.72,02:00:00
2026-05-27 02:15:00,13.87,02:15:00
2026-05-27 02:30:00,13.35,02:30:00
2026-05-27 02:45:00,12.96,02:45:00
2026-05-27 03:00:00,12.73,03:00:00
2026-05-27 03:15:00,12.59,03:15:00
2026-05-27 03:30:00,12.53,03:30:00
2026-05-27 03:45:00,12.13,03:45:00
2026-05-27 04:00:00,11.89,04:00:00
2026-05-27 04:15:00,11.84,04:15:00
2026-05-27 04:30:00,11.73,04:30:00
2026-05-27 04:45:00,11.84,04:45:00
2026-05-27 05:00:00,12.03,05:00:00
2026-05-27 05:15:00,11.71,05:15:00
2026-05-27 05:30:00,11.71,05:30:00
2026-05-27 05:45:00,12.69,05:45:00
2026-05-27 06:00:00,12.27,06:00:00
2026-05-27 06:15:00,13.07,06:15:00
2026-05-27 06:30:00,13.89,06:30:00
2026-05-27 06:45:00,15.27,06:45:00
2026-05-27 07:00:00,16.65,07:00:00
2026-05-27 07:15:00,15.78,07:15:00
2026-05-27 07:30:00,14.98,07:30:00
2026-05-27 07:45:00,12.84,07:45:00
2026-05-27 08:00:00,11.94,08:00:00
2026-05-27 08:15:00,11.0,08:15:00
2026-05-27 08:30:00,11.14,08:30:00
2026-05-27 08:45:00,11.86,08:45:00
2026-05-27 09:00:00,10.95,09:00:00
2026-05-27 09:15:00,12.04,09:15:00
2026-05-27 09:30:00,11.56,09:30:00
2026-05-27 09:45:00,11.13,09:45:00
2026-05-27 10:00:00,12.98,10:00:00
2026-05-27 10:15:00,12.48,10:15:00
2026-05-27 10:30:00,13.48,10:30:00
2026-05-27 10:45:00,12.7,10:45:00
2026-05-27 11:00:00,13.51,11:00:00
2026-05-27 11:15:00,14.34,11:15:00
2026-05-27 11:30:00,14.02,11:30:00
2026-05-27 11:45:00,12.2,11:45:00
2026-05-27 12:00:00,13.15,12:00:00
2026-05-27 12:15:00,12.14,12:15:00
2026-05-27 12:30:00,11.46,12:30:00
2026-05-27 12:45:00,11.52,12:45:00
2026-05-27 13:00:00,12.11,13:00:00
2026-05-27 13:15:00,12.16,13:15:00
2026-05-27 13:30:00,11.71,13:30:00
2026-05-27 13:45:00,11.87,13:45:00
2026-05-27 14:00:00,12.08,14:00:00
2026-05-27 14:15:00,12.79,14:15:00
2026-05-27 14:30:00,11.57,14:30:00
2026-05-27 14:45:00,11.78,14:45:00
2026-05-27 15:00:00,11.29,15:00:00
2026-05-27 15:15:00,12.06,15:15:00
2026-05-27 15:30:00,15.91,15:30:00
2026-05-27 15:45:00,17.49,15:45:00
2026-05-27 16:00:00,16.71,16:00:00
2026-05-27 16:15:00,15.85,16:15:00
2026-05-27 16:30:00,15.76,16:30:00
2026-05-27 16:45:00,15.7,16:45:00
2026-05-27 17:00:00,16.51,17:00:00
2026-05-27 17:15:00,15.19,17:15:00
2026-05-27 17:30:00,15.16,17:30:00
2026-05-27 17:45:00,14.75,17:45:00
2026-05-27 18:00:00,13.72,18:00:00
2026-05-27 18:15:00,13.98,18:15:00
2026-05-27 18:30:00,14.03,18:30:00
2026-05-27 18:45:00,14.37,18:45:00
2026-05-27 19:00:00,14.77,19:00:00
2026-05-27 19:15:00,15.15,19:15:00
2026-05-27 19:30:00,15.22,19:30:00
2026-05-27 19:45:00,15.68,19:45:00
2026-05-27 20:00:00,15.39,20:00:00
2026-05-27 20:15:00,15.45,20:15:00
2026-05-27 20:30:00,14.34,20:30:00
2026-05-27 20:45:00,13.55,20:45:00
2026-05-27 21:00:00,13.51,21:00:00
2026-05-27 21:15:00,13.53,21:15:00
2026-05-27 21:30:00,14.59,21:30:00
2026-05-27 21:45:00,15.76,21:45:00
2026-05-27 22:00:00,15.69,22:00:00
2026-05-27 22:15:00,15.11,22:15:00
2026-05-27 22:30:00,15.12,22:30:00
2026-05-27 22:45:00,15.42,22:45:00
2026-05-27 23:00:00,15.1,23:00:00
2026-05-27 23:15:00,16.13,23:15:00
2026-05-27 23:30:00,16.26,23:30:00
2026-05-27 23:45:00,16.55,23:45:00
2026-05-28 00:00:00,15.75,00:00:00
2026-05-28 00:15:00,15.6,00:15:00
2026-05-28 00:30:00,15.47,00:30:00
2026-05-28 00:45:00,15.87,00:45:00
2026-05-28 01:00:00,15.81,01:00:00
2026-05-28 01:15:00,15.3,01:15:00
2026-05-28 01:30:00,16.09,01:30:00
2026-05-28 01:45:00,15.92,01:45:00
2026-05-28 02:00:00,15.19,02:00:00
2026-05-28 02:15:00,15.04,02:15:00
2026-05-28 02:30:00,15.0,02:30:00
2026-05-28 02:45:00,15.22,02:45:00
2026-05-28 03:00:00,15.01,03:00:00
2026-05-28 03:15:00,14.87,03:15:00
2026-05-28 03:30:00,14.33,03:30:00
2026-05-28 03:45:00,14.87,03:45:00
2026-05-28 04:00:00,12.95,04:00:00
2026-05-28 04:15:00,13.55,04:15:00
2026-05-28 04:30:00,14.06,04:30:00
2026-05-28 04:45:00,14.71,04:45:00
2026-05-28 05:00:00,14.52,05:00:00
2026-05-28 05:15:00,15.11,05:15:00
2026-05-28 05:30:00,14.41,05:30:00
2026-05-28 05:45:00,16.57,05:45:00
2026-05-28 06:00:00,13.64,06:00:00
2026-05-28 06:15:00,15.16,06:15:00
2026-05-28 06:30:00,17.45,06:30:00
2026-05-28 06:45:00,18.83,06:45:00
2026-05-28 07:00:00,17.49,07:00:00
2026-05-28 07:15:00,18.27,07:15:00
2026-05-28 07:30:00,17.73,07:30:00
2026-05-28 07:45:00,18.43,07:45:00
2026-05-28 08:00:00,17.91,08:00:00
2026-05-28 08:15:00,17.84,08:15:00
2026-05-28 08:30:00,16.37,08:30:00
2026-05-28 08:45:00,16.4,08:45:00
2026-05-28 09:00:00,15.62,09:00:00
2026-05-28 09:15:00,16.1,09:15:00
2026-05-28 09:30:00,14.95,09:30:00
2026-05-28 09:45:00,14.52,09:45:00
2026-05-28 10:00:00,14.33,10:00:00
2026-05-28 10:15:00,14.22,10:15:00
2026-05-28 10:30:00,14.08,10:30:00
2026-05-28 10:45:00,15.17,10:45:00
2026-05-28 11:00:00,13.21,11:00:00
2026-05-28 11:15:00,12.91,11:15:00
2026-05-28 11:30:00,15.43,11:30:00
2026-05-28 11:45:00,16.05,11:45:00
2026-05-28 12:00:00,15.54,12:00:00
2026-05-28 12:15:00,15.14,12:15:00
2026-05-28 12:30:00,16.32,12:30:00
2026-05-28 12:45:00,16.93,12:45:00
2026-05-28 13:00:00,16.3,13:00:00
2026-05-28 13:15:00,16.77,13:15:00
2026-05-28 13:30:00,17.45,13:30:00
2026-05-28 13:45:00,16.18,13:45:00
2026-05-28 14:00:00,16.74,14:00:00
2026-05-28 14:15:00,20.69,14:15:00
2026-05-28 14:30:00,21.72,14:30:00
2026-05-28 14:45:00,20.03,14:45:00
2026-05-28 15:00:00,24.63,15:00:00
2026-05-28 15:15:00,22.19,15:15:00
2026-05-28 15:30:00,17.14,15:30:00
2026-05-28 15:45:00,16.53,15:45:00
2026-05-28 16:00:00,16.87,16:00:00
2026-05-28 16:15:00,17.11,16:15:00
2026-05-28 16:30:00,16.98,16:30:00
2026-05-28 16:45:00,16.51,16:45:00
2026-05-28 17:00:00,16.11,17:00:00
2026-05-28 17:15:00,16.04,17:15:00
2026-05-28 17:30:00,16.4,17:30:00
2026-05-28 17:45:00,16.7,17:45:00
2026-05-28 18:00:00,16.14,18:00:00
2026-05-28 18:15:00,16.21,18:15:00
2026-05-28 18:30:00,16.73,18:30:00
2026-05-28 18:45:00,16.84,18:45:00
2026-05-28 19:00:00,17.79,19:00:00
2026-05-28 19:15:00,16.17,19:15:00
2026-05-28 19:30:00,17.29,19:30:00
2026-05-28 19:45:00,15.29,19:45:00
2026-05-28 20:00:00,15.02,20:00:00
2026-05-28 20:15:00,15.14,20:15:00
2026-05-28 20:30:00,15.36,20:30:00
2026-05-28 20:45:00,15.9,20:45:00
2026-05-28 21:00:00,15.99,21:00:00
2026-05-28 21:15:00,16.12,21:15:00
2026-05-28 21:30:00,15.95,21:30:00
2026-05-28 21:45:00,15.24,21:45:00
2026-05-28 22:00:00,14.85,22:00:00
2026-05-28 22:15:00,15.55,22:15:00
2026-05-28 22:30:00,16.03,22:30:00
2026-05-28 22:45:00,16.55,22:45:00
2026-05-28 23:00:00,17.13,23:00:00
2026-05-28 23:15:00,17.75,23:15:00
2026-05-28 23:30:00,18.02,23:30:00
2026-05-28 23:45:00,18.41,23:45:00
2026-05-29 00:00:00,18.76,00:00:00
2026-05-29 00:15:00,18.32,00:15:00
2026-05-29 00:30:00,18.33,00:30:00
2026-05-29 00:45:00,18.15,00:45:00
2026-05-29 01:00:00,18.23,01:00:00
2026-05-29 01:15:00,18.52,01:15:00
2026-05-29 01:30:00,18.59,01:30:00
2026-05-29 01:45:00,18.06,01:45:00
2026-05-29 02:00:00,17.93,02:00:00
2026-05-29 02:15:00,17.89,02:15:00
2026-05-29 02:30:00,17.83,02:30:00
2026-05-29 02:45:00,17.08,02:45:00
2026-05-29 03:00:00,15.89,03:00:00
2026-05-29 03:15:00,15.45,03:15:00
2026-05-29 03:30:00,15.43,03:30:00
2026-05-29 03:45:00,14.75,03:45:00
2026-05-29 04:00:00,14.78,04:00:00
2026-05-29 04:15:00,15.15,04:15:00
2026-05-29 04:30:00,15.69,04:30:00
2026-05-29 04:45:00,16.39,04:45:00
2026-05-29 05:00:00,16.74,05:00:00
2026-05-29 05:15:00,17.27,05:15:00
2026-05-29 05:30:00,17.4,05:30:00
2026-05-29 05:45:00,20.06,05:45:00
2026-05-29 06:00:00,16.56,06:00:00
2026-05-29 06:15:00,17.38,06:15:00
2026-05-29 06:30:00,21.25,06:30:00
2026-05-29 06:45:00,23.97,06:45:00
2026-05-29 07:00:00,21.93,07:00:00
2026-05-29 07:15:00,22.26,07:15:00
2026-05-29 07:30:00,24.08,07:30:00
2026-05-29 07:45:00,19.91,07:45:00
2026-05-29 08:00:00,21.11,08:00:00
2026-05-29 08:15:00,19.74,08:15:00
2026-05-29 08:30:00,21.89,08:30:00
2026-05-29 08:45:00,24.16,08:45:00
2026-05-29 09:00:00,27.27,09:00:00
2026-05-29 09:15:00,26.96,09:15:00
2026-05-29 09:30:00,26.44,09:30:00
2026-05-29 09:45:00,26.47,09:45:00
2026-05-29 10:00:00,25.49,10:00:00
2026-05-29 10:15:00,27.79,10:15:00
2026-05-29 10:30:00,28.87,10:30:00
2026-05-29 10:45:00,27.61,10:45:00
2026-05-29 11:00:00,25.01,11:00:00
2026-05-29 11:15:00,24.15,11:15:00
2026-05-29 11:30:00,25.33,11:30:00
2026-05-29 11:45:00,25.21,11:45:00
2026-05-29 12:00:00,24.62,12:00:00
2026-05-29 12:15:00,24.44,12:15:00
2026-05-29 12:30:00,22.73,12:30:00
2026-05-29 12:45:00,23.25,12:45:00
2026-05-29 13:00:00,23.01,13:00:00
2026-05-29 13:15:00,23.15,13:15:00
2026-05-29 13:30:00,20.63,13:30:00
2026-05-29 13:45:00,19.49,13:45:00
2026-05-29 14:00:00,19.67,14:00:00
2026-05-29 14:15:00,20.47,14:15:00
2026-05-29 14:30:00,20.33,14:30:00
2026-05-29 14:45:00,19.8,14:45:00
2026-05-29 15:00:00,19.52,15:00:00
2026-05-29 15:15:00,17.55,15:15:00
2026-05-29 15:30:00,15.76,15:30:00
2026-05-29 15:45:00,14.01,15:45:00
2026-05-29 16:00:00,14.0,16:00:00
2026-05-29 16:15:00,14.06,16:15:00
2026-05-29 16:30:00,14.02,16:30:00
2026-05-29 16:45:00,14.08,16:45:00
2026-05-29 17:00:00,14.18,17:00:00
2026-05-29 17:15:00,14.05,17:15:00
2026-05-29 17:30:00,14.18,17:30:00
2026-05-29 17:45:00,15.43,17:45:00
2026-05-29 18:00:00,13.93,18:00:00
2026-05-29 18:15:00,13.72,18:15:00
2026-05-29 18:30:00,13.81,18:30:00
2026-05-29 18:45:00,14.84,18:45:00
2026-05-29 19:00:00,15.51,19:00:00
2026-05-29 19:15:00,17.75,19:15:00
2026-05-29 19:30:00,17.92,19:30:00
2026-05-29 19:45:00,16.33,19:45:00
2026-05-29 20:00:00,15.52,20:00:00
2026-05-29 20:15:00,14.33,20:15:00
2026-05-29 20:30:00,13.47,20:30:00
2026-05-29 20:45:00,13.45,20:45:00
2026-05-29 21:00:00,13.46,21:00:00
2026-05-29 21:15:00,13.55,21:15:00
2026-05-29 21:30:00,13.53,21:30:00
2026-05-29 21:45:00,13.4,21:45:00
2026-05-29 22:00:00,13.46,22:00:00
2026-05-29 22:15:00,13.69,22:15:00
2026-05-29 22:30:00,13.73,22:30:00
2026-05-29 22:45:00,13.79,22:45:00
2026-05-29 23:00:00,13.84,23:00:00
2026-05-29 23:15:00,13.79,23:15:00
2026-05-29 23:30:00,13.8,23:30:00
2026-05-29 23:45:00,13.89,23:45:00
2026-05-30 00:00:00,13.73,00:00:00
2026-05-30 00:15:00,13.69,00:15:00
2026-05-30 00:30:00,13.61,00:30:00
2026-05-30 00:45:00,13.74,00:45:00
2026-05-30 01:00:00,13.85,01:00:00
2026-05-30 01:15:00,13.74,01:15:00
2026-05-30 01:30:00,13.91,01:30:00
2026-05-30 01:45:00,13.81,01:45:00
2026-05-30 02:00:00,13.89,02:00:00
2026-05-30 02:15:00,13.85,02:15:00
2026-05-30 02:30:00,13.97,02:30:00
2026-05-30 02:45:00,14.06,02:45:00
2026-05-30 03:00:00,13.95,03:00:00
2026-05-30 03:15:00,14.13,03:15:00
2026-05-30 03:30:00,14.39,03:30:00
2026-05-30 03:45:00,14.44,03:45:00
2026-05-30 04:00:00,14.26,04:00:00
2026-05-30 04:15:00,14.28,04:15:00
2026-05-30 04:30:00,14.28,04:30:00
2026-05-30 04:45:00,14.55,04:45:00
2026-05-30 05:00:00,13.98,05:00:00
2026-05-30 05:15:00,14.07,05:15:00
2026-05-30 05:30:00,14.17,05:30:00
2026-05-30 05:45:00,14.5,05:45:00
2026-05-30 06:00:00,14.05,06:00:00
2026-05-30 06:15:00,14.04,06:15:00
2026-05-30 06:30:00,14.13,06:30:00
2026-05-30 06:45:00,14.38,06:45:00
2026-05-30 07:00:00,14.24,07:00:00
2026-05-30 07:15:00,15.36,07:15:00
2026-05-30 07:30:00,16.39,07:30:00
2026-05-30 07:45:00,18.43,07:45:00
2026-05-30 08:00:00,25.04,08:00:00
2026-05-30 08:15:00,27.41,08:15:00
2026-05-30 08:30:00,29.63,08:30:00
2026-05-30 08:45:00,26.86,08:45:00
2026-05-30 09:00:00,28.85,09:00:00
2026-05-30 09:15:00,29.28,09:15:00
2026-05-30 09:30:00,29.42,09:30:00
2026-05-30 09:45:00,29.58,09:45:00
2026-05-30 10:00:00,29.52,10:00:00
2026-05-30 10:15:00,28.9,10:15:00
2026-05-30 10:30:00,29.65,10:30:00
2026-05-30 10:45:00,30.23,10:45:00
2026-05-30 11:00:00,31.24,11:00:00
2026-05-30 11:15:00,31.99,11:15:00
2026-05-30 11:30:00,31.64,11:30:00
2026-05-30 11:45:00,31.61,11:45:00
2026-05-30 12:00:00,30.98,12:00:00
2026-05-30 12:15:00,31.12,12:15:00
2026-05-30 12:30:00,31.55,12:30:00
2026-05-30 12:45:00,31.04,12:45:00
2026-05-30 13:00:00,29.47,13:00:00
2026-05-30 13:15:00,29.47,13:15:00
2026-05-30 13:30:00,30.67,13:30:00
2026-05-30 13:45:00,30.49,13:45:00
2026-05-30 14:00:00,30.4,14:00:00
2026-05-30 14:15:00,31.25,14:15:00
2026-05-30 14:30:00,32.46,14:30:00
2026-05-30 14:45:00,25.57,14:45:00
2026-05-30 15:00:00,18.04,15:00:00
2026-05-30 15:15:00,16.07,15:15:00
2026-05-30 15:30:00,14.16,15:30:00
2026-05-30 15:45:00,14.05,15:45:00
2026-05-30 16:00:00,13.55,16:00:00
2026-05-30 16:15:00,13.41,16:15:00
2026-05-30 16:30:00,12.89,16:30:00
2026-05-30 16:45:00,12.71,16:45:00
2026-05-30 17:00:00,13.04,17:00:00
2026-05-30 17:15:00,13.02,17:15:00
2026-05-30 17:30:00,14.44,17:30:00
2026-05-30 17:45:00,14.6,17:45:00
2026-05-30 18:00:00,12.58,18:00:00
2026-05-30 18:15:00,12.33,18:15:00
2026-05-30 18:30:00,12.38,18:30:00
2026-05-30 18:45:00,12.27,18:45:00
2026-05-30 19:00:00,14.36,19:00:00
2026-05-30 19:15:00,13.27,19:15:00
2026-05-30 19:30:00,13.37,19:30:00
2026-05-30 19:45:00,12.96,19:45:00
2026-05-30 20:00:00,13.47,20:00:00
2026-05-30 20:15:00,12.98,20:15:00
2026-05-30 20:30:00,12.69,20:30:00
2026-05-30 20:45:00,12.72,20:45:00
2026-05-30 21:00:00,13.43,21:00:00
2026-05-30 21:15:00,13.36,21:15:00
2026-05-30 21:30:00,13.34,21:30:00
2026-05-30 21:45:00,13.37,21:45:00
2026-05-30 22:00:00,12.32,22:00:00
2026-05-30 22:15:00,12.19,22:15:00
2026-05-30 22:30:00,12.26,22:30:00
2026-05-30 22:45:00,12.28,22:45:00
2026-05-30 23:00:00,12.41,23:00:00
2026-05-30 23:15:00,12.33,23:15:00
2026-05-30 23:30:00,12.43,23:30:00
2026-05-30 23:45:00,12.39,23:45:00
2026-05-31 00:00:00,12.33,00:00:00
2026-05-31 00:15:00,12.23,00:15:00
2026-05-31 00:30:00,12.35,00:30:00
2026-05-31 00:45:00,12.37,00:45:00
2026-05-31 01:00:00,12.21,01:00:00
2026-05-31 01:15:00,12.08,01:15:00
2026-05-31 01:30:00,12.28,01:30:00
2026-05-31 01:45:00,12.3,01:45:00
2026-05-31 02:00:00,12.44,02:00:00
2026-05-31 02:15:00,12.34,02:15:00
2026-05-31 02:30:00,12.34,02:30:00
2026-05-31 02:45:00,12.38,02:45:00
2026-05-31 03:00:00,12.58,03:00:00
2026-05-31 03:15:00,12.45,03:15:00
2026-05-31 03:30:00,12.54,03:30:00
2026-05-31 03:45:00,12.63,03:45:00
2026-05-31 04:00:00,12.34,04:00:00
2026-05-31 04:15:00,12.23,04:15:00
2026-05-31 04:30:00,12.16,04:30:00
2026-05-31 04:45:00,12.14,04:45:00
2026-05-31 05:00:00,11.81,05:00:00
2026-05-31 05:15:00,11.97,05:15:00
2026-05-31 05:30:00,12.22,05:30:00
2026-05-31 05:45:00,12.3,05:45:00
2026-05-31 06:00:00,12.01,06:00:00
2026-05-31 06:15:00,12.23,06:15:00
2026-05-31 06:30:00,12.16,06:30:00
2026-05-31 06:45:00,12.24,06:45:00
2026-05-31 07:00:00,12.45,07:00:00
2026-05-31 07:15:00,12.57,07:15:00
2026-05-31 07:30:00,12.52,07:30:00
2026-05-31 07:45:00,15.16,07:45:00
2026-05-31 08:00:00,18.0,08:00:00
2026-05-31 08:15:00,19.21,08:15:00
2026-05-31 08:30:00,18.58,08:30:00
2026-05-31 08:45:00,18.67,08:45:00
2026-05-31 09:00:00,19.97,09:00:00
2026-05-31 09:15:00,20.34,09:15:00
2026-05-31 09:30:00,19.98,09:30:00
2026-05-31 09:45:00,19.67,09:45:00
2026-05-31 10:00:00,18.9,10:00:00
2026-05-31 10:15:00,18.55,10:15:00
2026-05-31 10:30:00,18.83,10:30:00
2026-05-31 10:45:00,19.42,10:45:00
2026-05-31 11:00:00,18.82,11:00:00
2026-05-31 11:15:00,19.33,11:15:00
2026-05-31 11:30:00,18.52,11:30:00
2026-05-31 11:45:00,19.12,11:45:00
2026-05-31 12:00:00,19.1,12:00:00
2026-05-31 12:15:00,18.77,12:15:00
2026-05-31 12:30:00,19.12,12:30:00
2026-05-31 12:45:00,18.8,12:45:00
2026-05-31 13:00:00,20.24,13:00:00
2026-05-31 13:15:00,20.72,13:15:00
2026-05-31 13:30:00,20.34,13:30:00
2026-05-31 13:45:00,19.72,13:45:00
2026-05-31 14:00:00,19.86,14:00:00
2026-05-31 14:15:00,16.71,14:15:00
2026-05-31 14:30:00,14.62,14:30:00
2026-05-31 14:45:00,14.94,14:45:00
2026-05-31 15:00:00,17.76,15:00:00
2026-05-31 15:15:00,18.97,15:15:00
2026-05-31 15:30:00,16.07,15:30:00
2026-05-31 15:45:00,11.71,15:45:00
2026-05-31 16:00:00,15.09,16:00:00
2026-05-31 16:15:00,10.82,16:15:00
2026-05-31 16:30:00,12.49,16:30:00
2026-05-31 16:45:00,13.29,16:45:00
2026-05-31 17:00:00,11.65,17:00:00
2026-05-31 17:15:00,11.92,17:15:00
2026-05-31 17:30:00,12.68,17:30:00
2026-05-31 17:45:00,12.94,17:45:00
2026-05-31 18:00:00,13.86,18:00:00
2026-05-31 18:15:00,14.39,18:15:00
2026-05-31 18:30:00,14.55,18:30:00
2026-05-31 18:45:00,14.28,18:45:00
2026-05-31 19:00:00,14.16,19:00:00
2026-05-31 19:15:00,12.49,19:15:00
2026-05-31 19:30:00,11.93,19:30:00
2026-05-31 19:45:00,11.73,19:45:00
2026-05-31 20:00:00,12.42,20:00:00
2026-05-31 20:15:00,13.02,20:15:00
2026-05-31 20:30:00,12.44,20:30:00
2026-05-31 20:45:00,11.72,20:45:00
2026-05-31 21:00:00,10.54,21:00:00
2026-05-31 21:15:00,10.57,21:15:00
2026-05-31 21:30:00,10.69,21:30:00
2026-05-31 21:45:00,10.94,21:45:00
2026-05-31 22:00:00,10.88,22:00:00
2026-05-31 22:15:00,10.84,22:15:00
2026-05-31 22:30:00,10.91,22:30:00
2026-05-31 22:45:00,11.0,22:45:00
2026-05-31 23:00:00,11.38,23:00:00
2026-05-31 23:15:00,11.37,23:15:00
2026-05-31 23:30:00,13.89,23:30:00
2026-05-31 23:45:00,15.19,23:45:00
2026-06-01 00:00:00,16.19,00:00:00
2026-06-01 00:15:00,14.07,00:15:00
2026-06-01 00:30:00,13.95,00:30:00
2026-06-01 00:45:00,12.41,00:45:00
2026-06-01 01:00:00,13.26,01:00:00
2026-06-01 01:15:00,12.86,01:15:00
2026-06-01 01:30:00,12.68,01:30:00
2026-06-01 01:45:00,13.38,01:45:00
2026-06-01 02:00:00,11.72,02:00:00
2026-06-01 02:15:00,11.79,02:15:00
2026-06-01 02:30:00,11.47,02:30:00
2026-06-01 02:45:00,11.51,02:45:00
2026-06-01 03:00:00,11.35,03:00:00
2026-06-01 03:15:00,11.39,03:15:00
2026-06-01 03:30:00,11.53,03:30:00
2026-06-01 03:45:00,11.4,03:45:00
2026-06-01 04:00:00,11.25,04:00:00
2026-06-01 04:15:00,11.25,04:15:00
2026-06-01 04:30:00,11.3,04:30:00
2026-06-01 04:45:00,13.53,04:45:00
2026-06-01 05:00:00,13.2,05:00:00
2026-06-01 05:15:00,11.32,05:15:00
2026-06-01 05:30:00,11.47,05:30:00
2026-06-01 05:45:00,11.7,05:45:00
2026-06-01 06:00:00,15.59,06:00:00
2026-06-01 06:15:00,14.44,06:15:00
2026-06-01 06:30:00,13.22,06:30:00
2026-06-01 06:45:00,13.92,06:45:00
2026-06-01 07:00:00,14.69,07:00:00
2026-06-01 07:15:00,12.59,07:15:00
2026-06-01 07:30:00,12.78,07:30:00
2026-06-01 07:45:00,13.39,07:45:00
2026-06-01 08:00:00,11.94,08:00:00
2026-06-01 08:15:00,11.7,08:15:00
2026-06-01 08:30:00,13.18,08:30:00
2026-06-01 08:45:00,12.3,08:45:00
2026-06-01 09:00:00,14.58,09:00:00
2026-06-01 09:15:00,13.83,09:15:00
2026-06-01 09:30:00,12.76,09:30:00
2026-06-01 09:45:00,11.37,09:45:00
2026-06-01 10:00:00,13.4,10:00:00
2026-06-01 10:15:00,13.41,10:15:00
2026-06-01 10:30:00,14.18,10:30:00
2026-06-01 10:45:00,13.65,10:45:00
2026-06-01 11:00:00,12.35,11:00:00
2026-06-01 11:15:00,13.96,11:15:00
2026-06-01 11:30:00,12.88,11:30:00
2026-06-01 11:45:00,13.52,11:45:00
2026-06-01 12:00:00,14.3,12:00:00
2026-06-01 12:15:00,14.14,12:15:00
2026-06-01 12:30:00,13.01,12:30:00
2026-06-01 12:45:00,15.35,12:45:00
2026-06-01 13:00:00,15.81,13:00:00
2026-06-01 13:15:00,15.64,13:15:00
2026-06-01 13:30:00,15.91,13:30:00
2026-06-01 13:45:00,13.7,13:45:00
2026-06-01 14:00:00,16.33,14:00:00
2026-06-01 14:15:00,14.96,14:15:00
2026-06-01 14:30:00,13.66,14:30:00
2026-06-01 14:45:00,13.97,14:45:00
2026-06-01 15:00:00,14.1,15:00:00
2026-06-01 15:15:00,14.05,15:15:00
2026-06-01 15:30:00,15.03,15:30:00
2026-06-01 15:45:00,14.16,15:45:00
2026-06-01 16:00:00,12.21,16:00:00
2026-06-01 16:15:00,15.4,16:15:00
2026-06-01 16:30:00,19.32,16:30:00
2026-06-01 16:45:00,19.08,16:45:00
2026-06-01 17:00:00,16.59,17:00:00
2026-06-01 17:15:00,13.35,17:15:00
2026-06-01 17:30:00,13.41,17:30:00
2026-06-01 17:45:00,14.12,17:45:00
2026-06-01 18:00:00,14.9,18:00:00
2026-06-01 18:15:00,15.58,18:15:00
2026-06-01 18:30:00,16.25,18:30:00
2026-06-01 18:45:00,17.34,18:45:00
2026-06-01 19:00:00,16.98,19:00:00
2026-06-01 19:15:00,15.78,19:15:00
2026-06-01 19:30:00,13.94,19:30:00
2026-06-01 19:45:00,13.8,19:45:00
2026-06-01 20:00:00,14.23,20:00:00
2026-06-01 20:15:00,13.46,20:15:00
2026-06-01 20:30:00,12.83,20:30:00
2026-06-01 20:45:00,12.84,20:45:00
2026-06-01 21:00:00,12.25,21:00:00
2026-06-01 21:15:00,12.02,21:15:00
2026-06-01 21:30:00,11.91,21:30:00
2026-06-01 21:45:00,11.83,21:45:00
2026-06-01 22:00:00,13.21,22:00:00
2026-06-01 22:15:00,13.08,22:15:00
2026-06-01 22:30:00,13.82,22:30:00
2026-06-01 22:45:00,13.57,22:45:00
2026-06-01 23:00:00,13.21,23:00:00
2026-06-01 23:15:00,12.85,23:15:00
2026-06-01 23:30:00,14.34,23:30:00
2026-06-01 23:45:00,13.75,23:45:00
2026-06-02 00:00:00,12.5,00:00:00
2026-06-02 00:15:00,12.35,00:15:00
2026-06-02 00:30:00,12.09,00:30:00
2026-06-02 00:45:00,12.27,00:45:00
2026-06-02 01:00:00,12.31,01:00:00
2026-06-02 01:15:00,12.31,01:15:00
2026-06-02 01:30:00,12.31,01:30:00
2026-06-02 01:45:00,12.35,01:45:00
2026-06-02 02:00:00,13.16,02:00:00
2026-06-02 02:15:00,13.58,02:15:00
2026-06-02 02:30:00,13.57,02:30:00
2026-06-02 02:45:00,12.53,02:45:00
2026-06-02 03:00:00,11.66,03:00:00
2026-06-02 03:15:00,11.62,03:15:00
2026-06-02 03:30:00,11.64,03:30:00
2026-06-02 03:45:00,12.01,03:45:00
2026-06-02 04:00:00,12.4,04:00:00
2026-06-02 04:15:00,12.23,04:15:00
2026-06-02 04:30:00,12.34,04:30:00
2026-06-02 04:45:00,12.03,04:45:00
2026-06-02 05:00:00,12.15,05:00:00
2026-06-02 05:15:00,12.22,05:15:00
2026-06-02 05:30:00,12.52,05:30:00
2026-06-02 05:45:00,12.77,05:45:00
2026-06-02 06:00:00,12.89,06:00:00
2026-06-02 06:15:00,12.92,06:15:00
2026-06-02 06:30:00,13.76,06:30:00
2026-06-02 06:45:00,13.74,06:45:00
2026-06-02 07:00:00,13.09,07:00:00
2026-06-02 07:15:00,14.35,07:15:00
2026-06-02 07:30:00,17.23,07:30:00
2026-06-02 07:45:00,17.28,07:45:00
2026-06-02 08:00:00,15.14,08:00:00
2026-06-02 08:15:00,16.0,08:15:00
2026-06-02 08:30:00,16.9,08:30:00
2026-06-02 08:45:00,17.8,08:45:00
2026-06-02 09:00:00,17.97,09:00:00
2026-06-02 09:15:00,18.74,09:15:00
2026-06-02 09:30:00,19.09,09:30:00
2026-06-02 09:45:00,18.88,09:45:00
2026-06-02 10:00:00,18.29,10:00:00
2026-06-02 10:15:00,17.66,10:15:00
2026-06-02 10:30:00,18.01,10:30:00
2026-06-02 10:45:00,18.1,10:45:00
2026-06-02 11:00:00,17.59,11:00:00
2026-06-02 11:15:00,17.53,11:15:00
2026-06-02 11:30:00,17.35,11:30:00
2026-06-02 11:45:00,17.54,11:45:00
2026-06-02 12:00:00,17.53,12:00:00
2026-06-02 12:15:00,17.38,12:15:00
2026-06-02 12:30:00,17.46,12:30:00
2026-06-02 12:45:00,17.49,12:45:00
2026-06-02 13:00:00,17.6,13:00:00
2026-06-02 13:15:00,17.78,13:15:00
2026-06-02 13:30:00,17.97,13:30:00
2026-06-02 13:45:00,18.03,13:45:00
2026-06-02 14:00:00,18.35,14:00:00
2026-06-02 14:15:00,18.56,14:15:00
2026-06-02 14:30:00,17.76,14:30:00
2026-06-02 14:45:00,17.7,14:45:00
2026-06-02 15:00:00,15.63,15:00:00
2026-06-02 15:15:00,14.62,15:15:00
2026-06-02 15:30:00,12.16,15:30:00
2026-06-02 15:45:00,11.57,15:45:00
2026-06-02 16:00:00,11.82,16:00:00
2026-06-02 16:15:00,11.15,16:15:00
2026-06-02 16:30:00,11.31,16:30:00
2026-06-02 16:45:00,12.67,16:45:00
2026-06-02 17:00:00,13.26,17:00:00
2026-06-02 17:15:00,14.32,17:15:00
2026-06-02 17:30:00,15.5,17:30:00
2026-06-02 17:45:00,16.51,17:45:00
2026-06-02 18:00:00,17.16,18:00:00
2026-06-02 18:15:00,15.71,18:15:00
2026-06-02 18:30:00,15.17,18:30:00
2026-06-02 18:45:00,13.76,18:45:00
2026-06-02 19:00:00,16.0,19:00:00
2026-06-02 19:15:00,14.12,19:15:00
2026-06-02 19:30:00,13.36,19:30:00
2026-06-02 19:45:00,13.04,19:45:00
2026-06-02 20:00:00,12.64,20:00:00
2026-06-02 20:15:00,13.01,20:15:00
2026-06-02 20:30:00,13.62,20:30:00
2026-06-02 20:45:00,15.27,20:45:00
2026-06-02 21:00:00,15.89,21:00:00
2026-06-02 21:15:00,16.05,21:15:00
2026-06-02 21:30:00,15.8,21:30:00
2026-06-02 21:45:00,16.29,21:45:00
2026-06-02 22:00:00,13.69,22:00:00
2026-06-02 22:15:00,14.03,22:15:00
2026-06-02 22:30:00,13.72,22:30:00
2026-06-02 22:45:00,14.63,22:45:00
2026-06-02 23:00:00,14.54,23:00:00
2026-06-02 23:15:00,13.59,23:15:00
2026-06-02 23:30:00,14.05,23:30:00
2026-06-02 23:45:00,14.44,23:45:00
2026-06-03 00:00:00,13.83,00:00:00
2026-06-03 00:15:00,14.33,00:15:00
2026-06-03 00:30:00,13.33,00:30:00
2026-06-03 00:45:00,13.49,00:45:00
2026-06-03 01:00:00,13.99,01:00:00
2026-06-03 01:15:00,13.93,01:15:00
2026-06-03 01:30:00,14.58,01:30:00
2026-06-03 01:45:00,14.72,01:45:00
2026-06-03 02:00:00,14.89,02:00:00
2026-06-03 02:15:00,14.97,02:15:00
2026-06-03 02:30:00,14.98,02:30:00
2026-06-03 02:45:00,15.15,02:45:00
2026-06-03 03:00:00,11.98,03:00:00
2026-06-03 03:15:00,12.06,03:15:00
2026-06-03 03:30:00,12.1,03:30:00
2026-06-03 03:45:00,11.96,03:45:00
2026-06-03 04:00:00,11.96,04:00:00
2026-06-03 04:15:00,11.66,04:15:00
2026-06-03 04:30:00,11.43,04:30:00
2026-06-03 04:45:00,11.33,04:45:00
2026-06-03 05:00:00,11.63,05:00:00
2026-06-03 05:15:00,12.62,05:15:00
2026-06-03 05:30:00,13.24,05:30:00
2026-06-03 05:45:00,14.08,05:45:00
2026-06-03 06:00:00,12.92,06:00:00
2026-06-03 06:15:00,13.6,06:15:00
2026-06-03 06:30:00,12.92,06:30:00
2026-06-03 06:45:00,15.11,06:45:00
2026-06-03 07:00:00,12.29,07:00:00
2026-06-03 07:15:00,13.75,07:15:00
2026-06-03 07:30:00,18.39,07:30:00
2026-06-03 07:45:00,19.32,07:45:00
2026-06-03 08:00:00,15.93,08:00:00
2026-06-03 08:15:00,17.72,08:15:00
2026-06-03 08:30:00,17.92,08:30:00
2026-06-03 08:45:00,18.49,08:45:00
2026-06-03 09:00:00,18.34,09:00:00
2026-06-03 09:15:00,15.28,09:15:00
2026-06-03 09:30:00,12.47,09:30:00
2026-06-03 09:45:00,16.2,09:45:00
2026-06-03 10:00:00,17.98,10:00:00
2026-06-03 10:15:00,17.96,10:15:00
2026-06-03 10:30:00,17.13,10:30:00
2026-06-03 10:45:00,17.09,10:45:00
2026-06-03 11:00:00,17.28,11:00:00
2026-06-03 11:15:00,17.41,11:15:00
2026-06-03 11:30:00,16.62,11:30:00
2026-06-03 11:45:00,16.75,11:45:00
2026-06-03 12:00:00,16.99,12:00:00
2026-06-03 12:15:00,16.6,12:15:00
2026-06-03 12:30:00,15.99,12:30:00
2026-06-03 12:45:00,16.51,12:45:00
2026-06-03 13:00:00,15.94,13:00:00
2026-06-03 13:15:00,15.84,13:15:00
2026-06-03 13:30:00,15.96,13:30:00
2026-06-03 13:45:00,15.69,13:45:00
2026-06-03 14:00:00,15.51,14:00:00
2026-06-03 14:15:00,15.2,14:15:00
2026-06-03 14:30:00,15.37,14:30:00
2026-06-03 14:45:00,15.91,14:45:00
2026-06-03 15:00:00,16.4,15:00:00
2026-06-03 15:15:00,15.64,15:15:00
2026-06-03 15:30:00,15.73,15:30:00
2026-06-03 15:45:00,15.65,15:45:00
2026-06-03 16:00:00,15.16,16:00:00
2026-06-03 16:15:00,14.38,16:15:00
2026-06-03 16:30:00,14.33,16:30:00
2026-06-03 16:45:00,14.04,16:45:00
2026-06-03 17:00:00,13.95,17:00:00
2026-06-03 17:15:00,13.66,17:15:00
2026-06-03 17:30:00,14.76,17:30:00
2026-06-03 17:45:00,15.64,17:45:00
2026-06-03 18:00:00,14.58,18:00:00
2026-06-03 18:15:00,15.27,18:15:00
2026-06-03 18:30:00,14.42,18:30:00
2026-06-03 18:45:00,12.85,18:45:00
2026-06-03 19:00:00,12.86,19:00:00
2026-06-03 19:15:00,15.42,19:15:00
2026-06-03 19:30:00,17.23,19:30:00
2026-06-03 19:45:00,15.82,19:45:00
2026-06-03 20:00:00,15.76,20:00:00
2026-06-03 20:15:00,15.31,20:15:00
2026-06-03 20:30:00,17.48,20:30:00
2026-06-03 20:45:00,17.72,20:45:00
2026-06-03 21:00:00,16.5,21:00:00
2026-06-03 21:15:00,16.06,21:15:00
2026-06-03 21:30:00,14.19,21:30:00
2026-06-03 21:45:00,14.66,21:45:00
2026-06-03 22:00:00,11.85,22:00:00
2026-06-03 22:15:00,15.87,22:15:00
2026-06-03 22:30:00,19.4,22:30:00
2026-06-03 22:45:00,18.53,22:45:00
2026-06-03 23:00:00,14.5,23:00:00
2026-06-03 23:15:00,14.81,23:15:00
2026-06-03 23:30:00,14.07,23:30:00
2026-06-03 23:45:00,13.49,23:45:00
2026-06-04 00:00:00,11.43,00:00:00
2026-06-04 00:15:00,10.87,00:15:00
2026-06-04 00:30:00,10.92,00:30:00
2026-06-04 00:45:00,11.11,00:45:00
2026-06-04 01:00:00,11.18,01:00:00
2026-06-04 01:15:00,11.34,01:15:00
2026-06-04 01:30:00,11.37,01:30:00
2026-06-04 01:45:00,11.25,01:45:00
2026-06-04 02:00:00,11.64,02:00:00
2026-06-04 02:15:00,12.55,02:15:00
2026-06-04 02:30:00,11.7,02:30:00
2026-06-04 02:45:00,12.63,02:45:00
2026-06-04 03:00:00,17.62,03:00:00
2026-06-04 03:15:00,15.46,03:15:00
2026-06-04 03:30:00,11.82,03:30:00
2026-06-04 03:45:00,11.74,03:45:00
2026-06-04 04:00:00,14.38,04:00:00
2026-06-04 04:15:00,13.77,04:15:00
2026-06-04 04:30:00,15.15,04:30:00
2026-06-04 04:45:00,13.9,04:45:00
2026-06-04 05:00:00,13.35,05:00:00
2026-06-04 05:15:00,14.8,05:15:00
2026-06-04 05:30:00,15.41,05:30:00
2026-06-04 05:45:00,15.47,05:45:00
2026-06-04 06:00:00,15.35,06:00:00
2026-06-04 06:15:00,15.07,06:15:00
2026-06-04 06:30:00,14.75,06:30:00
2026-06-04 06:45:00,14.7,06:45:00
2026-06-04 07:00:00,15.83,07:00:00
2026-06-04 07:15:00,15.78,07:15:00
2026-06-04 07:30:00,16.74,07:30:00
2026-06-04 07:45:00,15.59,07:45:00
2026-06-04 08:00:00,15.76,08:00:00
2026-06-04 08:15:00,15.77,08:15:00
2026-06-04 08:30:00,15.53,08:30:00
2026-06-04 08:45:00,15.72,08:45:00
2026-06-04 09:00:00,16.06,09:00:00
2026-06-04 09:15:00,15.77,09:15:00
2026-06-04 09:30:00,15.0,09:30:00
2026-06-04 09:45:00,14.88,09:45:00
2026-06-04 10:00:00,15.68,10:00:00
2026-06-04 10:15:00,15.7,10:15:00
2026-06-04 10:30:00,15.08,10:30:00
2026-06-04 10:45:00,16.07,10:45:00
2026-06-04 11:00:00,15.97,11:00:00
2026-06-04 11:15:00,16.02,11:15:00
2026-06-04 11:30:00,15.65,11:30:00
2026-06-04 11:45:00,15.69,11:45:00
2026-06-04 12:00:00,16.66,12:00:00
2026-06-04 12:15:00,16.41,12:15:00
2026-06-04 12:30:00,16.38,12:30:00
2026-06-04 12:45:00,16.69,12:45:00
2026-06-04 13:00:00,15.69,13:00:00
2026-06-04 13:15:00,14.31,13:15:00
2026-06-04 13:30:00,14.39,13:30:00
2026-06-04 13:45:00,14.6,13:45:00
2026-06-04 14:00:00,15.0,14:00:00
2026-06-04 14:15:00,14.64,14:15:00
2026-06-04 14:30:00,13.64,14:30:00
2026-06-04 14:45:00,14.67,14:45:00
2026-06-04 15:00:00,14.46,15:00:00
2026-06-04 15:15:00,15.45,15:15:00
2026-06-04 15:30:00,15.65,15:30:00
2026-06-04 15:45:00,15.27,15:45:00
2026-06-04 16:00:00,16.4,16:00:00
2026-06-04 16:15:00,16.25,16:15:00
2026-06-04 16:30:00,16.71,16:30:00
2026-06-04 16:45:00,18.49,16:45:00
2026-06-04 17:00:00,16.5,17:00:00
2026-06-04 17:15:00,15.97,17:15:00
2026-06-04 17:30:00,17.8,17:30:00
2026-06-04 17:45:00,18.76,17:45:00
2026-06-04 18:00:00,18.82,18:00:00
2026-06-04 18:15:00,18.89,18:15:00
2026-06-04 18:30:00,18.43,18:30:00
2026-06-04 18:45:00,18.69,18:45:00
2026-06-04 19:00:00,17.8,19:00:00
2026-06-04 19:15:00,17.32,19:15:00
2026-06-04 19:30:00,17.46,19:30:00
2026-06-04 19:45:00,17.17,19:45:00
2026-06-04 20:00:00,15.65,20:00:00
2026-06-04 20:15:00,13.83,20:15:00
2026-06-04 20:30:00,14.7,20:30:00
2026-06-04 20:45:00,19.46,20:45:00
2026-06-04 21:00:00,18.47,21:00:00
2026-06-04 21:15:00,18.48,21:15:00
2026-06-04 21:30:00,18.1,21:30:00
2026-06-04 21:45:00,17.63,21:45:00
2026-06-04 22:00:00,18.34,22:00:00
2026-06-04 22:15:00,18.48,22:15:00
2026-06-04 22:30:00,18.46,22:30:00
2026-06-04 22:45:00,18.49,22:45:00
2026-06-04 23:00:00,19.16,23:00:00
2026-06-04 23:15:00,19.24,23:15:00
2026-06-04 23:30:00,19.04,23:30:00
2026-06-04 23:45:00,19.17,23:45:00
2026-06-05 00:00:00,18.89,00:00:00
2026-06-05 00:15:00,18.93,00:15:00
2026-06-05 00:30:00,18.73,00:30:00
2026-06-05 00:45:00,18.73,00:45:00
2026-06-05 01:00:00,19.98,01:00:00
2026-06-05 01:15:00,20.55,01:15:00
2026-06-05 01:30:00,20.4,01:30:00
2026-06-05 01:45:00,20.99,01:45:00
2026-06-05 02:00:00,20.38,02:00:00
2026-06-05 02:15:00,19.76,02:15:00
2026-06-05 02:30:00,19.95,02:30:00
2026-06-05 02:45:00,20.17,02:45:00
2026-06-05 03:00:00,19.33,03:00:00
2026-06-05 03:15:00,19.46,03:15:00
2026-06-05 03:30:00,19.9,03:30:00
2026-06-05 03:45:00,20.62,03:45:00
2026-06-05 04:00:00,20.24,04:00:00
2026-06-05 04:15:00,20.65,04:15:00
2026-06-05 04:30:00,22.81,04:30:00
2026-06-05 04:45:00,23.87,04:45:00
2026-06-05 05:00:00,23.52,05:00:00
2026-06-05 05:15:00,23.31,05:15:00
2026-06-05 05:30:00,23.22,05:30:00
2026-06-05 05:45:00,22.98,05:45:00
2026-06-05 06:00:00,20.89,06:00:00
2026-06-05 06:15:00,21.94,06:15:00
2026-06-05 06:30:00,22.23,06:30:00
2026-06-05 06:45:00,22.43,06:45:00
2026-06-05 07:00:00,23.35,07:00:00
2026-06-05 07:15:00,21.48,07:15:00
2026-06-05 07:30:00,18.68,07:30:00
2026-06-05 07:45:00,17.85,07:45:00
2026-06-05 08:00:00,18.1,08:00:00
2026-06-05 08:15:00,19.28,08:15:00
2026-06-05 08:30:00,18.53,08:30:00
2026-06-05 08:45:00,18.15,08:45:00
2026-06-05 09:00:00,16.28,09:00:00
2026-06-05 09:15:00,16.54,09:15:00
2026-06-05 09:30:00,16.22,09:30:00
2026-06-05 09:45:00,15.67,09:45:00
2026-06-05 10:00:00,15.55,10:00:00
2026-06-05 10:15:00,15.6,10:15:00
2026-06-05 10:30:00,16.02,10:30:00
2026-06-05 10:45:00,15.87,10:45:00
2026-06-05 11:00:00,16.48,11:00:00
2026-06-05 11:15:00,16.36,11:15:00
2026-06-05 11:30:00,16.36,11:30:00
2026-06-05 11:45:00,17.61,11:45:00
2026-06-05 12:00:00,18.12,12:00:00
2026-06-05 12:15:00,17.58,12:15:00
2026-06-05 12:30:00,17.34,12:30:00
2026-06-05 12:45:00,17.91,12:45:00
2026-06-05 13:00:00,16.54,13:00:00
2026-06-05 13:15:00,16.03,13:15:00
2026-06-05 13:30:00,14.95,13:30:00
2026-06-05 13:45:00,14.96,13:45:00
2026-06-05 14:00:00,16.15,14:00:00
2026-06-05 14:15:00,16.72,14:15:00
2026-06-05 14:30:00,17.37,14:30:00
2026-06-05 14:45:00,17.67,14:45:00
2026-06-05 15:00:00,19.08,15:00:00
2026-06-05 15:15:00,17.06,15:15:00
2026-06-05 15:30:00,17.24,15:30:00
2026-06-05 15:45:00,17.78,15:45:00
2026-06-05 16:00:00,16.85,16:00:00
2026-06-05 16:15:00,17.51,16:15:00
2026-06-05 16:30:00,18.18,16:30:00
2026-06-05 16:45:00,18.46,16:45:00
2026-06-05 17:00:00,18.2,17:00:00
2026-06-05 17:15:00,18.16,17:15:00
2026-06-05 17:30:00,17.42,17:30:00
2026-06-05 17:45:00,18.67,17:45:00
2026-06-05 18:00:00,18.69,18:00:00
2026-06-05 18:15:00,18.47,18:15:00
2026-06-05 18:30:00,19.04,18:30:00
2026-06-05 18:45:00,18.42,18:45:00
2026-06-05 19:00:00,17.27,19:00:00
2026-06-05 19:15:00,18.55,19:15:00
2026-06-05 19:30:00,18.11,19:30:00
2026-06-05 19:45:00,18.53,19:45:00
2026-06-05 20:00:00,18.38,20:00:00
2026-06-05 20:15:00,18.82,20:15:00
2026-06-05 20:30:00,18.93,20:30:00
2026-06-05 20:45:00,18.83,20:45:00
2026-06-05 21:00:00,19.91,21:00:00
2026-06-05 21:15:00,20.27,21:15:00
2026-06-05 21:30:00,20.11,21:30:00
2026-06-05 21:45:00,19.18,21:45:00
2026-06-05 22:00:00,15.25,22:00:00
2026-06-05 22:15:00,12.22,22:15:00
2026-06-05 22:30:00,12.38,22:30:00
2026-06-05 22:45:00,12.33,22:45:00
2026-06-05 23:00:00,12.65,23:00:00
2026-06-05 23:15:00,12.93,23:15:00
2026-06-05 23:30:00,12.75,23:30:00
2026-06-05 23:45:00,12.06,23:45:00
2026-06-06 00:00:00,12.97,00:00:00
2026-06-06 00:15:00,12.57,00:15:00
2026-06-06 00:30:00,12.22,00:30:00
2026-06-06 00:45:00,12.41,00:45:00
2026-06-06 01:00:00,12.2,01:00:00
2026-06-06 01:15:00,12.24,01:15:00
2026-06-06 01:30:00,12.29,01:30:00
2026-06-06 01:45:00,12.15,01:45:00
2026-06-06 02:00:00,11.71,02:00:00
2026-06-06 02:15:00,11.68,02:15:00
2026-06-06 02:30:00,11.79,02:30:00
2026-06-06 02:45:00,11.74,02:45:00
2026-06-06 03:00:00,11.63,03:00:00
2026-06-06 03:15:00,11.69,03:15:00
2026-06-06 03:30:00,11.73,03:30:00
2026-06-06 03:45:00,11.58,03:45:00
2026-06-06 04:00:00,11.78,04:00:00
2026-06-06 04:15:00,11.65,04:15:00
2026-06-06 04:30:00,11.56,04:30:00
2026-06-06 04:45:00,11.65,04:45:00
2026-06-06 05:00:00,11.76,05:00:00
2026-06-06 05:15:00,11.61,05:15:00
2026-06-06 05:30:00,11.5,05:30:00
2026-06-06 05:45:00,11.42,05:45:00
2026-06-06 06:00:00,11.71,06:00:00
2026-06-06 06:15:00,12.07,06:15:00
2026-06-06 06:30:00,14.26,06:30:00
2026-06-06 06:45:00,16.15,06:45:00
2026-06-06 07:00:00,16.51,07:00:00
2026-06-06 07:15:00,16.73,07:15:00
2026-06-06 07:30:00,17.76,07:30:00
2026-06-06 07:45:00,20.9,07:45:00
2026-06-06 08:00:00,20.4,08:00:00
2026-06-06 08:15:00,21.42,08:15:00
2026-06-06 08:30:00,21.38,08:30:00
2026-06-06 08:45:00,20.73,08:45:00
2026-06-06 09:00:00,20.18,09:00:00
2026-06-06 09:15:00,20.03,09:15:00
2026-06-06 09:30:00,20.54,09:30:00
2026-06-06 09:45:00,20.1,09:45:00
2026-06-06 10:00:00,19.47,10:00:00
2026-06-06 10:15:00,19.18,10:15:00
2026-06-06 10:30:00,19.7,10:30:00
2026-06-06 10:45:00,20.23,10:45:00
2026-06-06 11:00:00,20.45,11:00:00
2026-06-06 11:15:00,20.78,11:15:00
2026-06-06 11:30:00,19.65,11:30:00
2026-06-06 11:45:00,19.35,11:45:00
2026-06-06 12:00:00,20.64,12:00:00
2026-06-06 12:15:00,20.64,12:15:00
2026-06-06 12:30:00,20.03,12:30:00
2026-06-06 12:45:00,21.09,12:45:00
2026-06-06 13:00:00,21.67,13:00:00
2026-06-06 13:15:00,20.7,13:15:00
2026-06-06 13:30:00,20.35,13:30:00
2026-06-06 13:45:00,19.8,13:45:00
2026-06-06 14:00:00,16.55,14:00:00
2026-06-06 14:15:00,15.93,14:15:00
2026-06-06 14:30:00,13.83,14:30:00
2026-06-06 14:45:00,13.07,14:45:00
2026-06-06 15:00:00,12.68,15:00:00
2026-06-06 15:15:00,11.98,15:15:00
2026-06-06 15:30:00,12.05,15:30:00
2026-06-06 15:45:00,12.0,15:45:00
2026-06-06 16:00:00,11.68,16:00:00
2026-06-06 16:15:00,11.98,16:15:00
2026-06-06 16:30:00,11.85,16:30:00
2026-06-06 16:45:00,11.91,16:45:00
2026-06-06 17:00:00,13.65,17:00:00
2026-06-06 17:15:00,13.74,17:15:00
2026-06-06 17:30:00,12.88,17:30:00
2026-06-06 17:45:00,13.0,17:45:00
2026-06-06 18:00:00,13.35,18:00:00
2026-06-06 18:15:00,13.49,18:15:00
2026-06-06 18:30:00,13.44,18:30:00
2026-06-06 18:45:00,13.43,18:45:00
2026-06-06 19:00:00,13.84,19:00:00
2026-06-06 19:15:00,13.72,19:15:00
2026-06-06 19:30:00,13.03,19:30:00
2026-06-06 19:45:00,13.57,19:45:00
2026-06-07 00:30:00,18.0,00:30:00
2026-06-07 00:45:00,18.19,00:45:00
2026-06-07 01:00:00,18.84,01:00:00
2026-06-07 01:15:00,18.44,01:15:00
2026-06-07 01:30:00,19.01,01:30:00
2026-06-07 01:45:00,19.03,01:45:00
2026-06-07 02:00:00,18.75,02:00:00
2026-06-07 02:15:00,18.18,02:15:00
2026-06-07 02:30:00,17.71,02:30:00
2026-06-07 02:45:00,18.34,02:45:00
2026-06-07 03:00:00,18.14,03:00:00
2026-06-07 03:15:00,18.3,03:15:00
2026-06-07 03:30:00,17.4,03:30:00
2026-06-07 03:45:00,18.43,03:45:00
2026-06-07 04:00:00,20.65,04:00:00
2026-06-07 04:15:00,21.97,04:15:00
2026-06-07 04:30:00,19.13,04:30:00
2026-06-07 04:45:00,20.32,04:45:00
2026-06-07 05:00:00,25.16,05:00:00
2026-06-07 05:15:00,28.48,05:15:00
2026-06-07 05:30:00,30.52,05:30:00
2026-06-07 05:45:00,30.6,05:45:00
2026-06-07 06:00:00,28.07,06:00:00
2026-06-07 06:15:00,28.38,06:15:00
2026-06-07 06:30:00,29.49,06:30:00
2026-06-07 06:45:00,28.84,06:45:00
2026-06-07 07:00:00,27.03,07:00:00
2026-06-07 07:15:00,26.85,07:15:00
2026-06-07 07:30:00,27.69,07:30:00
2026-06-07 07:45:00,28.02,07:45:00
2026-06-07 08:00:00,27.6,08:00:00
2026-06-07 08:15:00,26.69,08:15:00
2026-06-07 08:30:00,25.45,08:30:00
2026-06-07 08:45:00,25.26,08:45:00
2026-06-07 09:00:00,25.34,09:00:00
2026-06-07 09:15:00,25.34,09:15:00
2026-06-07 09:30:00,25.86,09:30:00
2026-06-07 09:45:00,25.51,09:45:00
2026-06-07 10:00:00,24.04,10:00:00
2026-06-07 10:15:00,23.92,10:15:00
2026-06-07 10:30:00,24.11,10:30:00
2026-06-07 10:45:00,23.89,10:45:00
2026-06-07 11:00:00,23.9,11:00:00
2026-06-07 11:15:00,23.35,11:15:00
2026-06-07 11:30:00,23.39,11:30:00
2026-06-07 11:45:00,23.6,11:45:00
2026-06-07 12:00:00,23.76,12:00:00
2026-06-07 12:15:00,23.56,12:15:00
2026-06-07 12:30:00,23.59,12:30:00
2026-06-07 12:45:00,23.56,12:45:00
2026-06-07 13:00:00,23.52,13:00:00
2026-06-07 13:15:00,23.54,13:15:00
2026-06-07 13:30:00,22.93,13:30:00
2026-06-07 13:45:00,22.83,13:45:00
2026-06-07 14:00:00,22.6,14:00:00
2026-06-07 14:15:00,21.82,14:15:00
2026-06-07 14:30:00,21.91,14:30:00
2026-06-07 14:45:00,21.91,14:45:00
2026-06-07 15:00:00,20.02,15:00:00
2026-06-07 15:15:00,20.03,15:15:00
2026-06-07 15:30:00,19.87,15:30:00
2026-06-07 15:45:00,18.41,15:45:00
2026-06-07 16:00:00,17.54,16:00:00
2026-06-07 16:15:00,15.15,16:15:00
2026-06-07 16:30:00,13.15,16:30:00
2026-06-07 16:45:00,13.49,16:45:00
2026-06-07 17:00:00,12.72,17:00:00
2026-06-07 17:15:00,12.74,17:15:00
2026-06-07 17:30:00,13.51,17:30:00
2026-06-07 17:45:00,13.68,17:45:00
2026-06-07 18:00:00,13.16,18:00:00
2026-06-07 18:15:00,13.13,18:15:00
2026-06-07 18:30:00,13.1,18:30:00
2026-06-07 18:45:00,13.15,18:45:00
2026-06-07 19:00:00,13.18,19:00:00
2026-06-07 19:15:00,13.02,19:15:00
2026-06-07 19:30:00,12.66,19:30:00
2026-06-07 19:45:00,12.47,19:45:00
2026-06-07 20:00:00,11.85,20:00:00
2026-06-07 20:15:00,11.98,20:15:00
2026-06-07 20:30:00,12.11,20:30:00
2026-06-07 20:45:00,12.14,20:45:00
2026-06-07 21:00:00,12.99,21:00:00
2026-06-07 21:15:00,13.77,21:15:00
2026-06-07 21:30:00,14.28,21:30:00
2026-06-07 21:45:00,14.59,21:45:00
2026-06-07 22:00:00,15.1,22:00:00
2026-06-07 22:15:00,15.44,22:15:00
2026-06-07 22:30:00,15.01,22:30:00
2026-06-07 22:45:00,15.51,22:45:00
2026-06-07 23:00:00,15.6,23:00:00
2026-06-07 23:15:00,16.42,23:15:00
2026-06-07 23:30:00,16.65,23:30:00
2026-06-07 23:45:00,16.99,23:45:00
2026-06-08 00:00:00,16.66,00:00:00
2026-06-08 00:15:00,17.6,00:15:00
2026-06-08 00:30:00,17.83,00:30:00
2026-06-08 00:45:00,17.48,00:45:00
2026-06-08 01:00:00,17.37,01:00:00
2026-06-08 01:15:00,17.63,01:15:00
2026-06-08 01:30:00,16.73,01:30:00
2026-06-08 01:45:00,16.74,01:45:00
2026-06-08 02:00:00,16.22,02:00:00
2026-06-08 02:15:00,16.34,02:15:00
2026-06-08 02:30:00,16.78,02:30:00
2026-06-08 02:45:00,16.35,02:45:00
2026-06-08 03:00:00,12.97,03:00:00
2026-06-08 03:15:00,12.76,03:15:00
2026-06-08 03:30:00,12.59,03:30:00
2026-06-08 03:45:00,13.3,03:45:00
2026-06-08 04:00:00,13.05,04:00:00
2026-06-08 04:15:00,12.84,04:15:00
2026-06-08 04:30:00,12.76,04:30:00
2026-06-08 04:45:00,12.73,04:45:00
2026-06-08 05:00:00,13.11,05:00:00
2026-06-08 05:15:00,13.67,05:15:00
2026-06-08 05:30:00,14.18,05:30:00
2026-06-08 05:45:00,14.27,05:45:00
2026-06-08 06:00:00,14.54,06:00:00
2026-06-08 06:15:00,15.02,06:15:00
2026-06-08 06:30:00,15.23,06:30:00
2026-06-08 06:45:00,16.61,06:45:00
2026-06-08 07:00:00,16.21,07:00:00
2026-06-08 07:15:00,19.69,07:15:00
2026-06-08 07:30:00,22.08,07:30:00
2026-06-08 07:45:00,21.74,07:45:00
2026-06-08 08:00:00,19.73,08:00:00
2026-06-08 08:15:00,19.62,08:15:00
2026-06-08 08:30:00,18.88,08:30:00
2026-06-08 08:45:00,19.05,08:45:00
2026-06-08 09:00:00,17.81,09:00:00
2026-06-08 09:15:00,18.04,09:15:00
2026-06-08 09:30:00,19.23,09:30:00
2026-06-08 09:45:00,19.39,09:45:00
2026-06-08 10:00:00,19.14,10:00:00
2026-06-08 10:15:00,19.7,10:15:00
2026-06-08 10:30:00,20.16,10:30:00
2026-06-08 10:45:00,19.48,10:45:00
2026-06-08 11:00:00,19.86,11:00:00
2026-06-08 11:15:00,19.96,11:15:00
2026-06-08 11:30:00,19.14,11:30:00
2026-06-08 11:45:00,18.35,11:45:00
2026-06-08 12:00:00,17.93,12:00:00
2026-06-08 12:15:00,20.3,12:15:00
2026-06-08 12:30:00,20.39,12:30:00
2026-06-08 12:45:00,19.65,12:45:00
2026-06-08 13:00:00,16.48,13:00:00
2026-06-08 13:15:00,13.16,13:15:00
2026-06-08 13:30:00,12.06,13:30:00
2026-06-08 13:45:00,12.05,13:45:00
2026-06-08 14:00:00,12.25,14:00:00
2026-06-08 14:15:00,12.3,14:15:00
2026-06-08 14:30:00,12.14,14:30:00
2026-06-08 14:45:00,12.4,14:45:00
2026-06-08 15:00:00,12.17,15:00:00
2026-06-08 15:15:00,12.04,15:15:00
2026-06-08 15:30:00,13.41,15:30:00
2026-06-08 15:45:00,13.39,15:45:00
2026-06-08 16:00:00,11.91,16:00:00
2026-06-08 16:15:00,12.06,16:15:00
2026-06-08 16:30:00,13.0,16:30:00
2026-06-08 16:45:00,13.67,16:45:00
2026-06-08 17:00:00,13.5,17:00:00
2026-06-08 17:15:00,13.26,17:15:00
2026-06-08 17:30:00,13.11,17:30:00
2026-06-08 17:45:00,13.56,17:45:00
2026-06-08 18:00:00,12.55,18:00:00
2026-06-08 18:15:00,14.0,18:15:00
2026-06-08 18:30:00,13.04,18:30:00
2026-06-08 18:45:00,12.8,18:45:00
2026-06-08 19:00:00,12.69,19:00:00
2026-06-08 19:15:00,12.55,19:15:00
2026-06-08 19:30:00,12.67,19:30:00
2026-06-08 19:45:00,12.78,19:45:00
2026-06-08 20:00:00,12.45,20:00:00
2026-06-08 20:15:00,12.35,20:15:00
2026-06-08 20:30:00,12.62,20:30:00
2026-06-08 20:45:00,12.91,20:45:00
2026-06-08 21:00:00,12.67,21:00:00
2026-06-08 21:15:00,12.67,21:15:00
2026-06-08 21:30:00,12.89,21:30:00
2026-06-08 21:45:00,13.08,21:45:00
2026-06-08 22:00:00,12.61,22:00:00
2026-06-08 22:15:00,12.66,22:15:00
2026-06-08 22:30:00,12.61,22:30:00
2026-06-08 22:45:00,12.93,22:45:00
2026-06-08 23:00:00,12.78,23:00:00
2026-06-08 23:15:00,12.62,23:15:00
2026-06-08 23:30:00,12.68,23:30:00
2026-06-08 23:45:00,12.73,23:45:00
2026-06-09 00:00:00,12.86,00:00:00
2026-06-09 00:15:00,12.88,00:15:00
2026-06-09 00:30:00,12.86,00:30:00
2026-06-09 00:45:00,12.8,00:45:00
2026-06-09 01:00:00,12.71,01:00:00
2026-06-09 01:15:00,12.88,01:15:00
2026-06-09 01:30:00,13.09,01:30:00
2026-06-09 01:45:00,12.97,01:45:00
2026-06-09 02:00:00,12.78,02:00:00
2026-06-09 02:15:00,12.66,02:15:00
2026-06-09 02:30:00,12.63,02:30:00
2026-06-09 02:45:00,12.68,02:45:00
2026-06-09 03:00:00,12.61,03:00:00
2026-06-09 03:15:00,12.75,03:15:00
2026-06-09 03:30:00,12.82,03:30:00
2026-06-09 03:45:00,12.46,03:45:00
2026-06-09 04:00:00,12.78,04:00:00
2026-06-09 04:15:00,12.53,04:15:00
2026-06-09 04:30:00,12.34,04:30:00
2026-06-09 04:45:00,12.33,04:45:00
2026-06-09 05:00:00,12.65,05:00:00
2026-06-09 05:15:00,12.38,05:15:00
2026-06-09 05:30:00,11.84,05:30:00
2026-06-09 05:45:00,11.82,05:45:00
2026-06-09 06:00:00,12.68,06:00:00
2026-06-09 06:15:00,12.0,06:15:00
2026-06-09 06:30:00,12.59,06:30:00
2026-06-09 06:45:00,15.51,06:45:00
2026-06-09 07:00:00,14.2,07:00:00
2026-06-09 07:15:00,17.01,07:15:00
2026-06-09 07:30:00,18.68,07:30:00
2026-06-09 07:45:00,18.1,07:45:00
2026-06-09 08:00:00,17.21,08:00:00
2026-06-09 08:15:00,17.56,08:15:00
2026-06-09 08:30:00,17.97,08:30:00
2026-06-09 08:45:00,16.64,08:45:00
2026-06-09 09:00:00,16.95,09:00:00
2026-06-09 09:15:00,15.73,09:15:00
2026-06-09 09:30:00,17.06,09:30:00
2026-06-09 09:45:00,16.62,09:45:00
2026-06-09 10:00:00,17.04,10:00:00
2026-06-09 10:15:00,16.03,10:15:00
2026-06-09 10:30:00,15.92,10:30:00
2026-06-09 10:45:00,15.67,10:45:00
2026-06-09 11:00:00,16.54,11:00:00
2026-06-09 11:15:00,15.81,11:15:00
2026-06-09 11:30:00,16.92,11:30:00
2026-06-09 11:45:00,17.7,11:45:00
2026-06-09 12:00:00,17.52,12:00:00
2026-06-09 12:15:00,16.59,12:15:00
2026-06-09 12:30:00,16.81,12:30:00
2026-06-09 12:45:00,16.94,12:45:00
2026-06-09 13:00:00,17.65,13:00:00
2026-06-09 13:15:00,17.66,13:15:00
2026-06-09 13:30:00,16.82,13:30:00
2026-06-09 13:45:00,16.77,13:45:00
2026-06-09 14:00:00,15.71,14:00:00
2026-06-09 14:15:00,15.57,14:15:00
2026-06-09 14:30:00,15.31,14:30:00
2026-06-09 14:45:00,15.71,14:45:00
2026-06-09 15:00:00,14.03,15:00:00
2026-06-09 15:15:00,11.74,15:15:00
2026-06-09 15:30:00,10.81,15:30:00
2026-06-09 15:45:00,10.71,15:45:00
2026-06-09 16:00:00,10.97,16:00:00
2026-06-09 16:15:00,11.14,16:15:00
2026-06-09 16:30:00,11.11,16:30:00
2026-06-09 16:45:00,11.33,16:45:00
2026-06-09 17:00:00,12.15,17:00:00
2026-06-09 17:15:00,11.06,17:15:00
2026-06-09 17:30:00,11.08,17:30:00
2026-06-09 17:45:00,11.11,17:45:00
2026-06-09 18:00:00,11.22,18:00:00
2026-06-09 18:15:00,11.41,18:15:00
2026-06-09 18:30:00,12.41,18:30:00
2026-06-09 18:45:00,11.46,18:45:00
2026-06-09 19:00:00,12.84,19:00:00
2026-06-09 19:15:00,11.56,19:15:00
2026-06-09 19:30:00,11.52,19:30:00
2026-06-09 19:45:00,11.45,19:45:00
2026-06-09 20:00:00,11.42,20:00:00
2026-06-09 20:15:00,11.5,20:15:00
2026-06-09 20:30:00,11.5,20:30:00
2026-06-09 20:45:00,11.33,20:45:00
2026-06-09 21:00:00,11.57,21:00:00
2026-06-09 21:15:00,11.72,21:15:00
2026-06-09 21:30:00,11.66,21:30:00
2026-06-09 21:45:00,11.66,21:45:00
2026-06-09 22:00:00,11.03,22:00:00
2026-06-09 22:15:00,10.78,22:15:00
2026-06-09 22:30:00,10.69,22:30:00
2026-06-09 22:45:00,10.78,22:45:00
2026-06-09 23:00:00,10.99,23:00:00
2026-06-09 23:15:00,10.96,23:15:00
2026-06-09 23:30:00,10.98,23:30:00
2026-06-09 23:45:00,10.92,23:45:00
2026-06-10 00:00:00,10.92,00:00:00
2026-06-10 00:15:00,10.89,00:15:00
2026-06-10 00:30:00,10.92,00:30:00
2026-06-10 00:45:00,10.89,00:45:00
2026-06-10 01:00:00,11.34,01:00:00
2026-06-10 01:15:00,11.32,01:15:00
2026-06-10 01:30:00,11.36,01:30:00
2026-06-10 01:45:00,11.38,01:45:00
2026-06-10 02:00:00,11.31,02:00:00
2026-06-10 02:15:00,11.32,02:15:00
2026-06-10 02:30:00,11.32,02:30:00
2026-06-10 02:45:00,11.41,02:45:00
2026-06-10 03:00:00,11.08,03:00:00
2026-06-10 03:15:00,11.05,03:15:00
2026-06-10 03:30:00,10.87,03:30:00
2026-06-10 03:45:00,10.89,03:45:00
2026-06-10 04:00:00,10.77,04:00:00
2026-06-10 04:15:00,10.63,04:15:00
2026-06-10 04:30:00,11.11,04:30:00
2026-06-10 04:45:00,10.45,04:45:00
2026-06-10 05:00:00,10.92,05:00:00
2026-06-10 05:15:00,10.26,05:15:00
2026-06-10 05:30:00,10.13,05:30:00
2026-06-10 05:45:00,10.0,05:45:00
2026-06-10 06:00:00,10.04,06:00:00
2026-06-10 06:15:00,10.53,06:15:00
2026-06-10 06:30:00,10.03,06:30:00
2026-06-10 06:45:00,10.13,06:45:00
2026-06-10 07:00:00,10.32,07:00:00
2026-06-10 07:15:00,10.23,07:15:00
2026-06-10 07:30:00,10.21,07:30:00
2026-06-10 07:45:00,10.19,07:45:00
2026-06-10 08:00:00,10.33,08:00:00
2026-06-10 08:15:00,10.36,08:15:00
2026-06-10 08:30:00,10.96,08:30:00
2026-06-10 08:45:00,10.94,08:45:00
2026-06-10 09:00:00,10.73,09:00:00
2026-06-10 09:15:00,10.55,09:15:00
2026-06-10 09:30:00,10.23,09:30:00
2026-06-10 09:45:00,10.17,09:45:00
2026-06-10 10:00:00,10.05,10:00:00
2026-06-10 10:15:00,9.91,10:15:00
2026-06-10 10:30:00,10.2,10:30:00
2026-06-10 10:45:00,9.85,10:45:00
2026-06-10 11:00:00,10.48,11:00:00
2026-06-10 11:15:00,10.03,11:15:00
2026-06-10 11:30:00,9.58,11:30:00
2026-06-10 11:45:00,9.64,11:45:00
2026-06-10 12:00:00,9.77,12:00:00
2026-06-10 12:15:00,9.8,12:15:00
2026-06-10 12:30:00,9.77,12:30:00
2026-06-10 12:45:00,9.75,12:45:00
2026-06-10 13:00:00,10.08,13:00:00
2026-06-10 13:15:00,10.08,13:15:00
2026-06-10 13:30:00,9.94,13:30:00
2026-06-10 13:45:00,10.06,13:45:00
2026-06-10 14:00:00,9.79,14:00:00
2026-06-10 14:15:00,9.99,14:15:00
2026-06-10 14:30:00,9.94,14:30:00
2026-06-10 14:45:00,10.1,14:45:00
2026-06-10 15:00:00,10.28,15:00:00
2026-06-10 15:15:00,10.2,15:15:00
2026-06-10 15:30:00,10.29,15:30:00
2026-06-10 15:45:00,10.35,15:45:00
2026-06-10 16:00:00,10.76,16:00:00
2026-06-10 16:15:00,10.92,16:15:00
2026-06-10 16:30:00,10.96,16:30:00
2026-06-10 16:45:00,10.87,16:45:00
2026-06-10 17:00:00,10.96,17:00:00
2026-06-10 17:15:00,10.78,17:15:00
2026-06-10 17:30:00,10.67,17:30:00
2026-06-10 17:45:00,10.89,17:45:00
2026-06-10 18:00:00,11.67,18:00:00
2026-06-10 18:15:00,11.54,18:15:00
2026-06-10 18:30:00,11.8,18:30:00
2026-06-10 18:45:00,11.12,18:45:00
2026-06-10 19:00:00,11.76,19:00:00
2026-06-10 19:15:00,11.79,19:15:00
2026-06-10 19:30:00,11.71,19:30:00
2026-06-10 19:45:00,13.3,19:45:00
2026-06-10 20:00:00,13.82,20:00:00
2026-06-10 20:15:00,12.82,20:15:00
2026-06-10 20:30:00,13.14,20:30:00
2026-06-10 20:45:00,13.15,20:45:00
2026-06-10 21:00:00,14.57,21:00:00
2026-06-10 21:15:00,13.7,21:15:00
2026-06-10 21:30:00,13.75,21:30:00
2026-06-10 21:45:00,13.6,21:45:00
2026-06-10 22:00:00,13.96,22:00:00
2026-06-10 22:15:00,13.94,22:15:00
2026-06-10 22:30:00,14.84,22:30:00
2026-06-10 22:45:00,14.84,22:45:00
2026-06-10 23:00:00,15.1,23:00:00
2026-06-10 23:15:00,16.17,23:15:00
2026-06-10 23:30:00,15.98,23:30:00
2026-06-10 23:45:00,15.93,23:45:00
2026-06-11 00:00:00,16.63,00:00:00
2026-06-11 00:15:00,16.39,00:15:00
2026-06-11 00:30:00,15.9,00:30:00
2026-06-11 00:45:00,16.62,00:45:00
2026-06-11 01:00:00,16.79,01:00:00
2026-06-11 01:15:00,16.47,01:15:00
2026-06-11 01:30:00,16.22,01:30:00
2026-06-11 01:45:00,16.09,01:45:00
2026-06-11 02:00:00,15.44,02:00:00
2026-06-11 02:15:00,14.93,02:15:00
2026-06-11 02:30:00,15.21,02:30:00
2026-06-11 02:45:00,14.43,02:45:00
2026-06-11 03:00:00,13.08,03:00:00
2026-06-11 03:15:00,12.95,03:15:00
2026-06-11 03:30:00,12.56,03:30:00
2026-06-11 03:45:00,12.4,03:45:00
2026-06-11 04:00:00,12.38,04:00:00
2026-06-11 04:15:00,12.4,04:15:00
2026-06-11 04:30:00,12.48,04:30:00
2026-06-11 04:45:00,12.49,04:45:00
2026-06-11 05:00:00,13.5,05:00:00
2026-06-11 05:15:00,13.99,05:15:00
2026-06-11 05:30:00,14.86,05:30:00
2026-06-11 05:45:00,15.47,05:45:00
2026-06-11 06:00:00,14.69,06:00:00
2026-06-11 06:15:00,14.51,06:15:00
2026-06-11 06:30:00,14.09,06:30:00
2026-06-11 06:45:00,13.74,06:45:00
2026-06-11 07:00:00,13.92,07:00:00
2026-06-11 07:15:00,14.09,07:15:00
2026-06-11 07:30:00,16.01,07:30:00
2026-06-11 07:45:00,17.43,07:45:00
2026-06-11 08:00:00,18.65,08:00:00
2026-06-11 08:15:00,15.76,08:15:00
2026-06-11 08:30:00,16.08,08:30:00
2026-06-11 08:45:00,16.79,08:45:00
2026-06-11 09:00:00,18.27,09:00:00
2026-06-11 09:15:00,18.03,09:15:00
2026-06-11 09:30:00,18.23,09:30:00
2026-06-11 09:45:00,18.27,09:45:00
2026-06-11 10:00:00,20.61,10:00:00
2026-06-11 10:15:00,20.57,10:15:00
2026-06-11 10:30:00,20.48,10:30:00
2026-06-11 10:45:00,20.1,10:45:00
2026-06-11 11:00:00,19.48,11:00:00
2026-06-11 11:15:00,20.29,11:15:00
2026-06-11 11:30:00,19.96,11:30:00
2026-06-11 11:45:00,18.04,11:45:00
2026-06-11 12:00:00,19.06,12:00:00
2026-06-11 12:15:00,18.81,12:15:00
2026-06-11 12:30:00,17.71,12:30:00
2026-06-11 12:45:00,18.4,12:45:00
2026-06-11 13:00:00,17.17,13:00:00
2026-06-11 13:15:00,19.03,13:15:00
2026-06-11 13:30:00,19.49,13:30:00
2026-06-11 13:45:00,19.43,13:45:00
2026-06-11 14:00:00,17.17,14:00:00
2026-06-11 14:15:00,15.76,14:15:00
2026-06-11 14:30:00,13.3,14:30:00
2026-06-11 14:45:00,13.42,14:45:00
2026-06-11 15:00:00,15.54,15:00:00
2026-06-11 15:15:00,13.69,15:15:00
2026-06-11 15:30:00,13.81,15:30:00
2026-06-11 15:45:00,13.84,15:45:00
2026-06-11 16:00:00,13.22,16:00:00
2026-06-11 16:15:00,13.58,16:15:00
2026-06-11 16:30:00,13.01,16:30:00
2026-06-11 16:45:00,12.93,16:45:00
2026-06-11 17:00:00,13.33,17:00:00
2026-06-11 17:15:00,12.8,17:15:00
2026-06-11 17:30:00,12.7,17:30:00
2026-06-11 17:45:00,13.58,17:45:00
2026-06-11 18:00:00,15.07,18:00:00
2026-06-11 18:15:00,14.77,18:15:00
2026-06-11 18:30:00,14.3,18:30:00
2026-06-11 18:45:00,13.39,18:45:00
2026-06-11 19:00:00,12.84,19:00:00
2026-06-11 19:15:00,13.13,19:15:00
2026-06-11 19:30:00,12.87,19:30:00
2026-06-11 19:45:00,12.71,19:45:00
2026-06-11 20:00:00,13.22,20:00:00
2026-06-11 20:15:00,12.09,20:15:00
2026-06-11 20:30:00,12.03,20:30:00
2026-06-11 20:45:00,12.2,20:45:00
2026-06-11 21:00:00,12.41,21:00:00
2026-06-11 21:15:00,12.72,21:15:00
2026-06-11 21:30:00,13.08,21:30:00
2026-06-11 21:45:00,13.05,21:45:00
2026-06-11 22:00:00,11.63,22:00:00
2026-06-11 22:15:00,11.67,22:15:00
2026-06-11 22:30:00,11.93,22:30:00
2026-06-11 22:45:00,11.97,22:45:00
2026-06-11 23:00:00,11.93,23:00:00
2026-06-11 23:15:00,12.01,23:15:00
2026-06-11 23:30:00,12.03,23:30:00
2026-06-11 23:45:00,11.96,23:45:00
2026-06-12 00:00:00,12.33,00:00:00
2026-06-12 00:15:00,12.26,00:15:00
2026-06-12 00:30:00,12.31,00:30:00
2026-06-12 00:45:00,12.51,00:45:00
2026-06-12 01:00:00,13.09,01:00:00
2026-06-12 01:15:00,13.82,01:15:00
2026-06-12 01:30:00,13.92,01:30:00
2026-06-12 01:45:00,13.93,01:45:00
2026-06-12 02:00:00,13.82,02:00:00
2026-06-12 02:15:00,14.34,02:15:00
2026-06-12 02:30:00,14.22,02:30:00
2026-06-12 02:45:00,13.28,02:45:00
2026-06-12 03:00:00,12.58,03:00:00
2026-06-12 03:15:00,13.23,03:15:00
2026-06-12 03:30:00,12.61,03:30:00
2026-06-12 03:45:00,12.33,03:45:00
2026-06-12 04:00:00,12.3,04:00:00
2026-06-12 04:15:00,11.82,04:15:00
2026-06-12 04:30:00,11.79,04:30:00
2026-06-12 04:45:00,12.29,04:45:00
2026-06-12 05:00:00,13.0,05:00:00
2026-06-12 05:15:00,13.19,05:15:00
2026-06-12 05:30:00,13.21,05:30:00
2026-06-12 05:45:00,13.35,05:45:00
2026-06-12 06:00:00,13.18,06:00:00
2026-06-12 06:15:00,13.09,06:15:00
2026-06-12 06:30:00,12.76,06:30:00
2026-06-12 06:45:00,12.67,06:45:00
2026-06-12 07:00:00,12.96,07:00:00
2026-06-12 07:15:00,12.91,07:15:00
2026-06-12 07:30:00,12.72,07:30:00
2026-06-12 07:45:00,12.55,07:45:00
2026-06-12 08:00:00,14.16,08:00:00
2026-06-12 08:15:00,14.1,08:15:00
2026-06-12 08:30:00,14.53,08:30:00
2026-06-12 08:45:00,14.29,08:45:00
2026-06-12 09:00:00,14.4,09:00:00
2026-06-12 09:15:00,14.25,09:15:00
2026-06-12 09:30:00,13.74,09:30:00
2026-06-12 09:45:00,13.6,09:45:00
2026-06-12 10:00:00,12.9,10:00:00
2026-06-12 10:15:00,12.36,10:15:00
2026-06-12 10:30:00,12.18,10:30:00
2026-06-12 10:45:00,11.68,10:45:00
2026-06-12 11:00:00,10.48,11:00:00
2026-06-12 11:15:00,10.35,11:15:00
2026-06-12 11:30:00,10.82,11:30:00
2026-06-12 11:45:00,10.08,11:45:00
2026-06-12 12:00:00,10.55,12:00:00
2026-06-12 12:15:00,9.95,12:15:00
2026-06-12 12:30:00,9.82,12:30:00
2026-06-12 12:45:00,10.01,12:45:00
2026-06-12 13:00:00,10.28,13:00:00
2026-06-12 13:15:00,10.13,13:15:00
2026-06-12 13:30:00,9.95,13:30:00
2026-06-12 13:45:00,9.93,13:45:00
2026-06-12 14:00:00,10.37,14:00:00
2026-06-12 14:15:00,10.67,14:15:00
2026-06-12 14:30:00,10.81,14:30:00
2026-06-12 14:45:00,11.1,14:45:00
2026-06-12 15:00:00,11.48,15:00:00
2026-06-12 15:15:00,11.5,15:15:00
2026-06-12 15:30:00,11.54,15:30:00
2026-06-12 15:45:00,11.55,15:45:00
2026-06-12 16:00:00,12.39,16:00:00
2026-06-12 16:15:00,12.48,16:15:00
2026-06-12 16:30:00,12.76,16:30:00
2026-06-12 16:45:00,13.19,16:45:00
2026-06-12 17:00:00,14.09,17:00:00
2026-06-12 17:15:00,14.17,17:15:00
2026-06-12 17:30:00,13.47,17:30:00
2026-06-12 17:45:00,13.58,17:45:00
2026-06-12 18:00:00,11.36,18:00:00
2026-06-12 18:15:00,11.09,18:15:00
2026-06-12 18:30:00,11.29,18:30:00
2026-06-12 18:45:00,11.03,18:45:00
2026-06-12 19:00:00,12.2,19:00:00
2026-06-12 19:15:00,11.67,19:15:00
2026-06-12 19:30:00,11.17,19:30:00
2026-06-12 19:45:00,11.24,19:45:00
2026-06-12 20:00:00,10.92,20:00:00
2026-06-12 20:15:00,10.83,20:15:00
2026-06-12 20:30:00,11.07,20:30:00
2026-06-12 20:45:00,10.81,20:45:00
2026-06-12 21:00:00,11.28,21:00:00
2026-06-12 21:15:00,11.37,21:15:00
2026-06-12 21:30:00,11.19,21:30:00
2026-06-12 21:45:00,11.31,21:45:00
2026-06-12 22:00:00,11.68,22:00:00
2026-06-12 22:15:00,11.48,22:15:00
2026-06-12 22:30:00,11.55,22:30:00
2026-06-12 22:45:00,11.7,22:45:00
2026-06-12 23:00:00,11.81,23:00:00
2026-06-12 23:15:00,12.31,23:15:00
2026-06-12 23:30:00,12.43,23:30:00
2026-06-12 23:45:00,12.46,23:45:00
2026-06-13 00:00:00,12.27,00:00:00
2026-06-13 00:15:00,12.54,00:15:00
2026-06-13 00:30:00,12.64,00:30:00
2026-06-13 00:45:00,12.84,00:45:00
2026-06-13 01:00:00,12.51,01:00:00
2026-06-13 01:15:00,11.82,01:15:00
2026-06-13 01:30:00,11.78,01:30:00
2026-06-13 01:45:00,11.82,01:45:00
2026-06-13 02:00:00,11.87,02:00:00
2026-06-13 02:15:00,11.91,02:15:00
2026-06-13 02:30:00,12.0,02:30:00
2026-06-13 02:45:00,12.13,02:45:00
2026-06-13 03:00:00,11.91,03:00:00
2026-06-13 03:15:00,11.91,03:15:00
2026-06-13 03:30:00,12.1,03:30:00
2026-06-13 03:45:00,12.23,03:45:00
2026-06-13 04:00:00,12.2,04:00:00
2026-06-13 04:15:00,12.45,04:15:00
2026-06-13 04:30:00,14.05,04:30:00
2026-06-13 04:45:00,18.52,04:45:00
2026-06-13 05:00:00,18.99,05:00:00
2026-06-13 05:15:00,20.53,05:15:00
2026-06-13 05:30:00,20.08,05:30:00
2026-06-13 05:45:00,20.7,05:45:00
2026-06-13 06:00:00,23.43,06:00:00
2026-06-13 06:15:00,23.17,06:15:00
2026-06-13 06:30:00,22.75,06:30:00
2026-06-13 06:45:00,23.06,06:45:00
2026-06-13 07:00:00,23.05,07:00:00
2026-06-13 07:15:00,23.28,07:15:00
2026-06-13 07:30:00,23.94,07:30:00
2026-06-13 07:45:00,23.94,07:45:00
2026-06-13 08:00:00,23.76,08:00:00
2026-06-13 08:15:00,22.32,08:15:00
2026-06-13 08:30:00,22.2,08:30:00
2026-06-13 08:45:00,22.49,08:45:00
2026-06-13 09:00:00,22.75,09:00:00
2026-06-13 09:15:00,22.62,09:15:00
2026-06-13 09:30:00,22.17,09:30:00
2026-06-13 09:45:00,22.23,09:45:00
2026-06-13 10:00:00,22.16,10:00:00
2026-06-13 10:15:00,21.99,10:15:00
2026-06-13 10:30:00,21.34,10:30:00
2026-06-13 10:45:00,21.93,10:45:00
2026-06-13 11:00:00,22.14,11:00:00
2026-06-13 11:15:00,23.17,11:15:00
2026-06-13 11:30:00,23.12,11:30:00
2026-06-13 11:45:00,22.96,11:45:00
2026-06-13 12:00:00,22.07,12:00:00
2026-06-13 12:15:00,20.54,12:15:00
2026-06-13 12:30:00,21.46,12:30:00
2026-06-13 12:45:00,22.17,12:45:00
2026-06-13 13:00:00,22.49,13:00:00
2026-06-13 13:15:00,22.74,13:15:00
2026-06-13 13:30:00,23.38,13:30:00
2026-06-13 13:45:00,23.58,13:45:00
2026-06-13 14:00:00,23.18,14:00:00
2026-06-13 14:15:00,23.25,14:15:00
2026-06-13 14:30:00,23.27,14:30:00
2026-06-13 14:45:00,23.9,14:45:00
2026-06-13 15:00:00,22.9,15:00:00
2026-06-13 15:15:00,21.84,15:15:00
2026-06-13 15:30:00,21.8,15:30:00
2026-06-13 15:45:00,22.11,15:45:00
2026-06-13 16:00:00,21.7,16:00:00
2026-06-13 16:15:00,21.53,16:15:00
2026-06-13 16:30:00,20.74,16:30:00
2026-06-13 16:45:00,21.66,16:45:00
2026-06-13 17:00:00,20.75,17:00:00
2026-06-13 17:15:00,18.03,17:15:00
2026-06-13 17:30:00,17.9,17:30:00
2026-06-13 17:45:00,15.39,17:45:00
2026-06-13 18:00:00,13.18,18:00:00
2026-06-13 18:15:00,12.91,18:15:00
2026-06-13 18:30:00,12.78,18:30:00
2026-06-13 18:45:00,12.67,18:45:00
2026-06-13 19:00:00,13.61,19:00:00
2026-06-13 19:15:00,13.67,19:15:00
2026-06-13 19:30:00,13.74,19:30:00
2026-06-13 19:45:00,13.88,19:45:00
2026-06-13 20:00:00,13.39,20:00:00
2026-06-13 20:15:00,12.74,20:15:00
2026-06-13 20:30:00,13.55,20:30:00
2026-06-13 20:45:00,12.48,20:45:00
2026-06-13 21:00:00,12.61,21:00:00
2026-06-13 21:15:00,12.16,21:15:00
2026-06-13 21:30:00,12.46,21:30:00
2026-06-13 21:45:00,12.79,21:45:00
2026-06-13 22:00:00,15.27,22:00:00
2026-06-13 22:15:00,15.54,22:15:00
2026-06-13 22:30:00,16.07,22:30:00
2026-06-13 22:45:00,15.53,22:45:00
2026-06-13 23:00:00,16.42,23:00:00
2026-06-13 23:15:00,16.34,23:15:00
2026-06-13 23:30:00,16.08,23:30:00
2026-06-13 23:45:00,16.15,23:45:00
2026-06-14 00:00:00,18.19,00:00:00
2026-06-14 00:15:00,18.54,00:15:00
2026-06-14 00:30:00,18.24,00:30:00
2026-06-14 00:45:00,18.5,00:45:00
2026-06-14 01:00:00,18.91,01:00:00
2026-06-14 01:15:00,19.0,01:15:00
2026-06-14 01:30:00,18.74,01:30:00
2026-06-14 01:45:00,18.77,01:45:00
2026-06-14 02:00:00,18.37,02:00:00
2026-06-14 02:15:00,18.83,02:15:00
2026-06-14 02:30:00,19.08,02:30:00
2026-06-14 02:45:00,19.29,02:45:00
2026-06-14 03:00:00,18.87,03:00:00
2026-06-14 03:15:00,17.87,03:15:00
2026-06-14 03:30:00,17.42,03:30:00
2026-06-14 03:45:00,17.6,03:45:00
2026-06-14 04:00:00,15.4,04:00:00
2026-06-14 04:15:00,15.13,04:15:00
2026-06-14 04:30:00,14.68,04:30:00
2026-06-14 04:45:00,14.78,04:45:00
2026-06-14 05:00:00,14.93,05:00:00
2026-06-14 05:15:00,18.93,05:15:00
2026-06-14 05:30:00,21.0,05:30:00
2026-06-14 05:45:00,23.59,05:45:00
2026-06-14 06:00:00,23.07,06:00:00
2026-06-14 06:15:00,23.08,06:15:00
2026-06-14 06:30:00,23.14,06:30:00
2026-06-14 06:45:00,22.46,06:45:00
2026-06-14 07:00:00,21.61,07:00:00
2026-06-14 07:15:00,22.22,07:15:00
2026-06-14 07:30:00,23.61,07:30:00
2026-06-14 07:45:00,23.74,07:45:00
2026-06-14 08:00:00,23.19,08:00:00
2026-06-14 08:15:00,22.35,08:15:00
2026-06-14 08:30:00,21.76,08:30:00
2026-06-14 08:45:00,21.64,08:45:00
2026-06-14 09:00:00,20.92,09:00:00
2026-06-14 09:15:00,21.93,09:15:00
2026-06-14 09:30:00,21.52,09:30:00
2026-06-14 09:45:00,20.7,09:45:00
2026-06-14 10:00:00,19.9,10:00:00
2026-06-14 10:15:00,20.22,10:15:00
2026-06-14 10:30:00,19.59,10:30:00
2026-06-14 10:45:00,19.61,10:45:00
2026-06-14 11:00:00,18.94,11:00:00
2026-06-14 11:15:00,18.82,11:15:00
2026-06-14 11:30:00,18.99,11:30:00
2026-06-14 11:45:00,16.85,11:45:00
2026-06-14 12:00:00,12.87,12:00:00
2026-06-14 12:15:00,11.12,12:15:00
2026-06-14 12:30:00,10.65,12:30:00
2026-06-14 12:45:00,10.74,12:45:00
2026-06-14 13:00:00,10.13,13:00:00
2026-06-14 13:15:00,10.11,13:15:00
2026-06-14 13:30:00,10.43,13:30:00
2026-06-14 13:45:00,12.7,13:45:00
2026-06-14 14:00:00,15.21,14:00:00
2026-06-14 14:15:00,16.07,14:15:00
2026-06-14 14:30:00,17.04,14:30:00
2026-06-14 14:45:00,16.91,14:45:00
2026-06-14 15:00:00,16.93,15:00:00
2026-06-14 15:15:00,17.21,15:15:00
2026-06-14 15:30:00,16.7,15:30:00
2026-06-14 15:45:00,16.84,15:45:00
2026-06-14 16:00:00,16.81,16:00:00
2026-06-14 16:15:00,14.97,16:15:00
2026-06-14 16:30:00,12.41,16:30:00
2026-06-14 16:45:00,10.84,16:45:00
2026-06-14 17:00:00,10.45,17:00:00
2026-06-14 17:15:00,10.48,17:15:00
2026-06-14 17:30:00,11.18,17:30:00
2026-06-14 17:45:00,11.17,17:45:00
2026-06-14 18:00:00,10.67,18:00:00
2026-06-14 18:15:00,10.81,18:15:00
2026-06-14 18:30:00,11.78,18:30:00
2026-06-14 18:45:00,10.9,18:45:00
2026-06-14 19:00:00,11.63,19:00:00
2026-06-14 19:15:00,12.06,19:15:00
2026-06-14 19:30:00,11.46,19:30:00
2026-06-14 19:45:00,10.81,19:45:00
2026-06-14 20:00:00,10.17,20:00:00
2026-06-14 20:15:00,10.17,20:15:00
2026-06-14 20:30:00,10.23,20:30:00
2026-06-14 20:45:00,10.18,20:45:00
2026-06-14 21:00:00,10.43,21:00:00
2026-06-14 21:15:00,10.41,21:15:00
2026-06-14 21:30:00,10.42,21:30:00
2026-06-14 21:45:00,10.6,21:45:00
2026-06-14 22:00:00,10.01,22:00:00
2026-06-14 22:15:00,9.92,22:15:00
2026-06-14 22:30:00,10.0,22:30:00
2026-06-14 22:45:00,10.07,22:45:00
2026-06-14 23:00:00,10.44,23:00:00
2026-06-14 23:15:00,10.58,23:15:00
2026-06-14 23:30:00,10.46,23:30:00
2026-06-14 23:45:00,10.42,23:45:00
