datetime,footprint (gCO2/kWh),time
2026-01-01 00:00:00,218.35,00:00:00
2026-01-01 00:15:00,215.18,00:15:00
2026-01-01 00:30:00,213.01,00:30:00
2026-01-01 00:45:00,212.19,00:45:00
2026-01-01 01:00:00,206.45,01:00:00
2026-01-01 01:15:00,204.68,01:15:00
2026-01-01 01:30:00,204.07,01:30:00
2026-01-01 01:45:00,201.77,01:45:00
2026-01-01 02:00:00,194.7,02:00:00
2026-01-01 02:15:00,193.15,02:15:00
2026-01-01 02:30:00,192.17,02:30:00
2026-01-01 02:45:00,191.35,02:45:00
2026-01-01 03:00:00,191.1,03:00:00
2026-01-01 03:15:00,189.83,03:15:00
2026-01-01 03:30:00,190.35,03:30:00
2026-01-01 03:45:00,189.46,03:45:00
2026-01-01 04:00:00,190.69,04:00:00
2026-01-01 04:15:00,190.71,04:15:00
2026-01-01 04:30:00,190.21,04:30:00
2026-01-01 04:45:00,190.25,04:45:00
2026-01-01 05:00:00,189.02,05:00:00
2026-01-01 05:15:00,189.07,05:15:00
2026-01-01 05:30:00,189.2,05:30:00
2026-01-01 05:45:00,187.17,05:45:00
2026-01-01 06:00:00,187.16,06:00:00
2026-01-01 06:15:00,186.64,06:15:00
2026-01-01 06:30:00,186.01,06:30:00
2026-01-01 06:45:00,185.79,06:45:00
2026-01-01 07:00:00,181.41,07:00:00
2026-01-01 07:15:00,180.74,07:15:00
2026-01-01 07:30:00,181.24,07:30:00
2026-01-01 07:45:00,182.43,07:45:00
2026-01-01 08:00:00,180.09,08:00:00
2026-01-01 08:15:00,176.95,08:15:00
2026-01-01 08:30:00,174.79,08:30:00
2026-01-01 08:45:00,170.96,08:45:00
2026-01-01 09:00:00,169.76,09:00:00
2026-01-01 09:15:00,167.07,09:15:00
2026-01-01 09:30:00,165.49,09:30:00
2026-01-01 09:45:00,164.5,09:45:00
2026-01-01 10:00:00,160.09,10:00:00
2026-01-01 10:15:00,157.58,10:15:00
2026-01-01 10:30:00,155.85,10:30:00
2026-01-01 10:45:00,155.76,10:45:00
2026-01-01 11:00:00,155.83,11:00:00
2026-01-01 11:15:00,154.48,11:15:00
2026-01-01 11:30:00,154.53,11:30:00
2026-01-01 11:45:00,153.75,11:45:00
2026-01-01 12:00:00,154.0,12:00:00
2026-01-01 12:15:00,152.56,12:15:00
2026-01-01 12:30:00,153.07,12:30:00
2026-01-01 12:45:00,155.16,12:45:00
2026-01-01 13:00:00,155.69,13:00:00
2026-01-01 13:15:00,156.98,13:15:00
2026-01-01 13:30:00,159.1,13:30:00
2026-01-01 13:45:00,160.86,13:45:00
2026-01-01 14:00:00,164.59,14:00:00
2026-01-01 14:15:00,168.1,14:15:00
2026-01-01 14:30:00,169.4,14:30:00
2026-01-01 14:45:00,172.0,14:45:00
2026-01-01 15:00:00,175.55,15:00:00
2026-01-01 15:15:00,177.38,15:15:00
2026-01-01 15:30:00,178.44,15:30:00
2026-01-01 15:45:00,179.51,15:45:00
2026-01-01 16:00:00,180.68,16:00:00
2026-01-01 16:15:00,181.85,16:15:00
2026-01-01 16:30:00,182.84,16:30:00
2026-01-01 16:45:00,182.76,16:45:00
2026-01-01 17:00:00,182.73,17:00:00
2026-01-01 17:15:00,183.99,17:15:00
2026-01-01 17:30:00,184.16,17:30:00
2026-01-01 17:45:00,184.83,17:45:00
2026-01-01 18:00:00,186.62,18:00:00
2026-01-01 18:15:00,185.87,18:15:00
2026-01-01 18:30:00,184.74,18:30:00
2026-01-01 18:45:00,182.52,18:45:00
2026-01-01 19:00:00,176.91,19:00:00
2026-01-01 19:15:00,174.72,19:15:00
2026-01-01 19:30:00,173.18,19:30:00
2026-01-01 19:45:00,173.2,19:45:00
2026-01-01 20:00:00,173.39,20:00:00
2026-01-01 20:15:00,173.01,20:15:00
2026-01-01 20:30:00,173.17,20:30:00
2026-01-01 20:45:00,174.38,20:45:00
2026-01-01 21:00:00,181.33,21:00:00
2026-01-01 21:15:00,180.89,21:15:00
2026-01-01 21:30:00,181.11,21:30:00
2026-01-01 21:45:00,182.18,21:45:00
2026-01-01 22:00:00,183.13,22:00:00
2026-01-01 22:15:00,181.93,22:15:00
2026-01-01 22:30:00,181.95,22:30:00
2026-01-01 22:45:00,184.07,22:45:00
2026-01-01 23:00:00,183.61,23:00:00
2026-01-01 23:15:00,185.63,23:15:00
2026-01-01 23:30:00,186.63,23:30:00
2026-01-01 23:45:00,187.09,23:45:00
2026-01-02 00:00:00,186.65,00:00:00
2026-01-02 00:15:00,185.33,00:15:00
2026-01-02 00:30:00,184.14,00:30:00
2026-01-02 00:45:00,184.91,00:45:00
2026-01-02 01:00:00,184.42,01:00:00
2026-01-02 01:15:00,183.87,01:15:00
2026-01-02 01:30:00,184.36,01:30:00
2026-01-02 01:45:00,185.31,01:45:00
2026-01-02 02:00:00,185.7,02:00:00
2026-01-02 02:15:00,185.94,02:15:00
2026-01-02 02:30:00,187.03,02:30:00
2026-01-02 02:45:00,188.77,02:45:00
2026-01-02 03:00:00,188.98,03:00:00
2026-01-02 03:15:00,189.6,03:15:00
2026-01-02 03:30:00,190.69,03:30:00
2026-01-02 03:45:00,191.78,03:45:00
2026-01-02 04:00:00,193.23,04:00:00
2026-01-02 04:15:00,198.32,04:15:00
2026-01-02 04:30:00,201.13,04:30:00
2026-01-02 04:45:00,204.54,04:45:00
2026-01-02 05:00:00,206.33,05:00:00
2026-01-02 05:15:00,209.51,05:15:00
2026-01-02 05:30:00,212.66,05:30:00
2026-01-02 05:45:00,215.14,05:45:00
2026-01-02 06:00:00,218.08,06:00:00
2026-01-02 06:15:00,220.52,06:15:00
2026-01-02 06:30:00,222.92,06:30:00
2026-01-02 06:45:00,226.88,06:45:00
2026-01-02 07:00:00,228.87,07:00:00
2026-01-02 07:15:00,228.63,07:15:00
2026-01-02 07:30:00,230.52,07:30:00
2026-01-02 07:45:00,230.99,07:45:00
2026-01-02 08:00:00,229.37,08:00:00
2026-01-02 08:15:00,226.22,08:15:00
2026-01-02 08:30:00,223.62,08:30:00
2026-01-02 08:45:00,221.19,08:45:00
2026-01-02 09:00:00,213.6,09:00:00
2026-01-02 09:15:00,207.37,09:15:00
2026-01-02 09:30:00,203.8,09:30:00
2026-01-02 09:45:00,201.56,09:45:00
2026-01-02 10:00:00,200.89,10:00:00
2026-01-02 10:15:00,200.79,10:15:00
2026-01-02 10:30:00,198.16,10:30:00
2026-01-02 10:45:00,196.06,10:45:00
2026-01-02 11:00:00,194.28,11:00:00
2026-01-02 11:15:00,193.13,11:15:00
2026-01-02 11:30:00,192.56,11:30:00
2026-01-02 11:45:00,194.26,11:45:00
2026-01-02 12:00:00,196.24,12:00:00
2026-01-02 12:15:00,196.88,12:15:00
2026-01-02 12:30:00,199.12,12:30:00
2026-01-02 12:45:00,203.09,12:45:00
2026-01-02 13:00:00,206.01,13:00:00
2026-01-02 13:15:00,207.15,13:15:00
2026-01-02 13:30:00,208.88,13:30:00
2026-01-02 13:45:00,212.61,13:45:00
2026-01-02 14:00:00,216.88,14:00:00
2026-01-02 14:15:00,221.23,14:15:00
2026-01-02 14:30:00,223.62,14:30:00
2026-01-02 14:45:00,228.62,14:45:00
2026-01-02 15:00:00,233.42,15:00:00
2026-01-02 15:15:00,233.4,15:15:00
2026-01-02 15:30:00,234.17,15:30:00
2026-01-02 15:45:00,233.39,15:45:00
2026-01-02 16:00:00,233.15,16:00:00
2026-01-02 16:15:00,233.37,16:15:00
2026-01-02 16:30:00,235.78,16:30:00
2026-01-02 16:45:00,236.66,16:45:00
2026-01-02 17:00:00,237.51,17:00:00
2026-01-02 17:15:00,237.32,17:15:00
2026-01-02 17:30:00,236.81,17:30:00
2026-01-02 17:45:00,236.35,17:45:00
2026-01-02 18:00:00,237.22,18:00:00
2026-01-02 18:15:00,237.53,18:15:00
2026-01-02 18:30:00,238.04,18:30:00
2026-01-02 18:45:00,239.21,18:45:00
2026-01-02 19:00:00,236.89,19:00:00
2026-01-02 19:15:00,238.16,19:15:00
2026-01-02 19:30:00,238.81,19:30:00
2026-01-02 19:45:00,239.52,19:45:00
2026-01-02 20:00:00,236.3,20:00:00
2026-01-02 20:15:00,236.82,20:15:00
2026-01-02 20:30:00,238.65,20:30:00
2026-01-02 20:45:00,241.08,20:45:00
2026-01-02 21:00:00,246.08,21:00:00
2026-01-02 21:15:00,246.4,21:15:00
2026-01-02 21:30:00,248.51,21:30:00
2026-01-02 21:45:00,249.66,21:45:00
2026-01-02 22:00:00,244.09,22:00:00
2026-01-02 22:15:00,242.33,22:15:00
2026-01-02 22:30:00,241.28,22:30:00
2026-01-02 22:45:00,241.84,22:45:00
2026-01-02 23:00:00,228.87,23:00:00
2026-01-02 23:15:00,221.45,23:15:00
2026-01-02 23:30:00,217.73,23:30:00
2026-01-02 23:45:00,215.79,23:45:00
2026-01-03 00:00:00,211.38,00:00:00
2026-01-03 00:15:00,211.13,00:15:00
2026-01-03 00:30:00,208.61,00:30:00
2026-01-03 00:45:00,209.71,00:45:00
2026-01-03 01:00:00,208.92,01:00:00
2026-01-03 01:15:00,211.26,01:15:00
2026-01-03 01:30:00,213.72,01:30:00
2026-01-03 01:45:00,217.04,01:45:00
2026-01-03 02:00:00,216.79,02:00:00
2026-01-03 02:15:00,219.08,02:15:00
2026-01-03 02:30:00,219.71,02:30:00
2026-01-03 02:45:00,219.56,02:45:00
2026-01-03 03:00:00,214.99,03:00:00
2026-01-03 03:15:00,213.2,03:15:00
2026-01-03 03:30:00,214.62,03:30:00
2026-01-03 03:45:00,214.31,03:45:00
2026-01-03 04:00:00,212.59,04:00:00
2026-01-03 04:15:00,214.11,04:15:00
2026-01-03 04:30:00,217.48,04:30:00
2026-01-03 04:45:00,219.04,04:45:00
2026-01-03 05:00:00,219.36,05:00:00
2026-01-03 05:15:00,219.22,05:15:00
2026-01-03 05:30:00,220.43,05:30:00
2026-01-03 05:45:00,225.35,05:45:00
2026-01-03 06:00:00,229.71,06:00:00
2026-01-03 06:15:00,231.96,06:15:00
2026-01-03 06:30:00,233.58,06:30:00
2026-01-03 06:45:00,237.97,06:45:00
2026-01-03 07:00:00,242.1,07:00:00
2026-01-03 07:15:00,245.13,07:15:00
2026-01-03 07:30:00,248.14,07:30:00
2026-01-03 07:45:00,250.31,07:45:00
2026-01-03 08:00:00,253.11,08:00:00
2026-01-03 08:15:00,251.84,08:15:00
2026-01-03 08:30:00,251.02,08:30:00
2026-01-03 08:45:00,249.55,08:45:00
2026-01-03 09:00:00,247.67,09:00:00
2026-01-03 09:15:00,245.73,09:15:00
2026-01-03 09:30:00,244.29,09:30:00
2026-01-03 09:45:00,241.72,09:45:00
2026-01-03 10:00:00,234.1,10:00:00
2026-01-03 10:15:00,230.74,10:15:00
2026-01-03 10:30:00,225.83,10:30:00
2026-01-03 10:45:00,220.85,10:45:00
2026-01-03 11:00:00,215.77,11:00:00
2026-01-03 11:15:00,215.25,11:15:00
2026-01-03 11:30:00,214.47,11:30:00
2026-01-03 11:45:00,213.73,11:45:00
2026-01-03 12:00:00,211.45,12:00:00
2026-01-03 12:15:00,211.2,12:15:00
2026-01-03 12:30:00,212.01,12:30:00
2026-01-03 12:45:00,213.29,12:45:00
2026-01-03 13:00:00,216.58,13:00:00
2026-01-03 13:15:00,218.89,13:15:00
2026-01-03 13:30:00,218.96,13:30:00
2026-01-03 13:45:00,221.58,13:45:00
2026-01-03 14:00:00,231.68,14:00:00
2026-01-03 14:15:00,237.81,14:15:00
2026-01-03 14:30:00,244.1,14:30:00
2026-01-03 14:45:00,249.71,14:45:00
2026-01-03 15:00:00,254.47,15:00:00
2026-01-03 15:15:00,253.94,15:15:00
2026-01-03 15:30:00,254.61,15:30:00
2026-01-03 15:45:00,253.53,15:45:00
2026-01-03 16:00:00,254.64,16:00:00
2026-01-03 16:15:00,254.36,16:15:00
2026-01-03 16:30:00,252.76,16:30:00
2026-01-03 16:45:00,250.92,16:45:00
2026-01-03 17:00:00,250.04,17:00:00
2026-01-03 17:15:00,249.23,17:15:00
2026-01-03 17:30:00,247.51,17:30:00
2026-01-03 17:45:00,245.77,17:45:00
2026-01-03 18:00:00,243.22,18:00:00
2026-01-03 18:15:00,240.19,18:15:00
2026-01-03 18:30:00,237.59,18:30:00
2026-01-03 18:45:00,234.29,18:45:00
2026-01-03 19:00:00,232.44,19:00:00
2026-01-03 19:15:00,233.49,19:15:00
2026-01-03 19:30:00,234.3,19:30:00
2026-01-03 19:45:00,237.72,19:45:00
2026-01-03 20:00:00,239.52,20:00:00
2026-01-03 20:15:00,241.05,20:15:00
2026-01-03 20:30:00,241.83,20:30:00
2026-01-03 20:45:00,242.41,20:45:00
2026-01-03 21:00:00,245.6,21:00:00
2026-01-03 21:15:00,245.64,21:15:00
2026-01-03 21:30:00,244.62,21:30:00
2026-01-03 21:45:00,242.59,21:45:00
2026-01-03 22:00:00,237.54,22:00:00
2026-01-03 22:15:00,238.51,22:15:00
2026-01-03 22:30:00,238.89,22:30:00
2026-01-03 22:45:00,242.23,22:45:00
2026-01-03 23:00:00,238.81,23:00:00
2026-01-03 23:15:00,239.55,23:15:00
2026-01-03 23:30:00,239.93,23:30:00
2026-01-03 23:45:00,241.82,23:45:00
2026-01-04 00:00:00,244.3,00:00:00
2026-01-04 00:15:00,246.77,00:15:00
2026-01-04 00:30:00,248.07,00:30:00
2026-01-04 00:45:00,249.17,00:45:00
2026-01-04 01:00:00,246.09,01:00:00
2026-01-04 01:15:00,249.07,01:15:00
2026-01-04 01:30:00,250.59,01:30:00
2026-01-04 01:45:00,250.64,01:45:00
2026-01-04 02:00:00,247.52,02:00:00
2026-01-04 02:15:00,249.49,02:15:00
2026-01-04 02:30:00,251.57,02:30:00
2026-01-04 02:45:00,254.99,02:45:00
2026-01-04 03:00:00,258.03,03:00:00
2026-01-04 03:15:00,259.68,03:15:00
2026-01-04 03:30:00,261.3,03:30:00
2026-01-04 03:45:00,263.55,03:45:00
2026-01-04 04:00:00,266.88,04:00:00
2026-01-04 04:15:00,266.52,04:15:00
2026-01-04 04:30:00,266.4,04:30:00
2026-01-04 04:45:00,267.55,04:45:00
2026-01-04 05:00:00,267.72,05:00:00
2026-01-04 05:15:00,268.59,05:15:00
2026-01-04 05:30:00,273.45,05:30:00
2026-01-04 05:45:00,276.42,05:45:00
2026-01-04 06:00:00,281.97,06:00:00
2026-01-04 06:15:00,285.86,06:15:00
2026-01-04 06:30:00,288.11,06:30:00
2026-01-04 06:45:00,288.08,06:45:00
2026-01-04 07:00:00,289.78,07:00:00
2026-01-04 07:15:00,290.38,07:15:00
2026-01-04 07:30:00,291.36,07:30:00
2026-01-04 07:45:00,291.61,07:45:00
2026-01-04 08:00:00,293.76,08:00:00
2026-01-04 08:15:00,290.36,08:15:00
2026-01-04 08:30:00,289.1,08:30:00
2026-01-04 08:45:00,289.83,08:45:00
2026-01-04 09:00:00,295.22,09:00:00
2026-01-04 09:15:00,293.44,09:15:00
2026-01-04 09:30:00,288.24,09:30:00
2026-01-04 09:45:00,283.45,09:45:00
2026-01-04 10:00:00,280.1,10:00:00
2026-01-04 10:15:00,278.46,10:15:00
2026-01-04 10:30:00,278.79,10:30:00
2026-01-04 10:45:00,279.38,10:45:00
2026-01-04 11:00:00,277.49,11:00:00
2026-01-04 11:15:00,276.96,11:15:00
2026-01-04 11:30:00,277.52,11:30:00
2026-01-04 11:45:00,277.76,11:45:00
2026-01-04 12:00:00,279.84,12:00:00
2026-01-04 12:15:00,278.56,12:15:00
2026-01-04 12:30:00,281.36,12:30:00
2026-01-04 12:45:00,284.13,12:45:00
2026-01-04 13:00:00,289.4,13:00:00
2026-01-04 13:15:00,294.44,13:15:00
2026-01-04 13:30:00,300.41,13:30:00
2026-01-04 13:45:00,309.54,13:45:00
2026-01-04 14:00:00,320.44,14:00:00
2026-01-04 14:15:00,329.57,14:15:00
2026-01-04 14:30:00,336.6,14:30:00
2026-01-04 14:45:00,344.37,14:45:00
2026-01-04 15:00:00,346.06,15:00:00
2026-01-04 15:15:00,350.48,15:15:00
2026-01-04 15:30:00,355.42,15:30:00
2026-01-04 15:45:00,360.13,15:45:00
2026-01-04 16:00:00,362.36,16:00:00
2026-01-04 16:15:00,366.02,16:15:00
2026-01-04 16:30:00,367.82,16:30:00
2026-01-04 16:45:00,367.79,16:45:00
2026-01-04 17:00:00,370.65,17:00:00
2026-01-04 17:15:00,371.45,17:15:00
2026-01-04 17:30:00,370.8,17:30:00
2026-01-04 17:45:00,372.9,17:45:00
2026-01-04 18:00:00,374.41,18:00:00
2026-01-04 18:15:00,374.19,18:15:00
2026-01-04 18:30:00,374.92,18:30:00
2026-01-04 18:45:00,374.7,18:45:00
2026-01-04 19:00:00,375.49,19:00:00
2026-01-04 19:15:00,377.31,19:15:00
2026-01-04 19:30:00,378.21,19:30:00
2026-01-04 19:45:00,378.39,19:45:00
2026-01-04 20:00:00,375.85,20:00:00
2026-01-04 20:15:00,374.81,20:15:00
2026-01-04 20:30:00,375.05,20:30:00
2026-01-04 20:45:00,375.83,20:45:00
2026-01-04 21:00:00,377.34,21:00:00
2026-01-04 21:15:00,376.2,21:15:00
2026-01-04 21:30:00,378.06,21:30:00
2026-01-04 21:45:00,378.5,21:45:00
2026-01-04 22:00:00,374.75,22:00:00
2026-01-04 22:15:00,372.13,22:15:00
2026-01-04 22:30:00,375.16,22:30:00
2026-01-04 22:45:00,378.02,22:45:00
2026-01-04 23:00:00,373.85,23:00:00
2026-01-04 23:15:00,370.48,23:15:00
2026-01-04 23:30:00,368.15,23:30:00
2026-01-04 23:45:00,368.2,23:45:00
2026-01-05 00:00:00,367.02,00:00:00
2026-01-05 00:15:00,369.71,00:15:00
2026-01-05 00:30:00,372.01,00:30:00
2026-01-05 00:45:00,371.33,00:45:00
2026-01-05 01:00:00,367.66,01:00:00
2026-01-05 01:15:00,370.42,01:15:00
2026-01-05 01:30:00,371.79,01:30:00
2026-01-05 01:45:00,370.51,01:45:00
2026-01-05 02:00:00,374.28,02:00:00
2026-01-05 02:15:00,374.31,02:15:00
2026-01-05 02:30:00,373.44,02:30:00
2026-01-05 02:45:00,376.36,02:45:00
2026-01-05 03:00:00,376.35,03:00:00
2026-01-05 03:15:00,377.4,03:15:00
2026-01-05 03:30:00,379.02,03:30:00
2026-01-05 03:45:00,379.45,03:45:00
2026-01-05 04:00:00,380.68,04:00:00
2026-01-05 04:15:00,384.39,04:15:00
2026-01-05 04:30:00,388.67,04:30:00
2026-01-05 04:45:00,391.92,04:45:00
2026-01-05 05:00:00,394.41,05:00:00
2026-01-05 05:15:00,404.12,05:15:00
2026-01-05 05:30:00,411.3,05:30:00
2026-01-05 05:45:00,414.87,05:45:00
2026-01-05 06:00:00,420.19,06:00:00
2026-01-05 06:15:00,418.44,06:15:00
2026-01-05 06:30:00,418.74,06:30:00
2026-01-05 06:45:00,419.47,06:45:00
2026-01-05 07:00:00,418.51,07:00:00
2026-01-05 07:15:00,418.16,07:15:00
2026-01-05 07:30:00,412.49,07:30:00
2026-01-05 07:45:00,407.26,07:45:00
2026-01-05 08:00:00,409.4,08:00:00
2026-01-05 08:15:00,411.1,08:15:00
2026-01-05 08:30:00,410.71,08:30:00
2026-01-05 08:45:00,409.16,08:45:00
2026-01-05 09:00:00,406.41,09:00:00
2026-01-05 09:15:00,402.67,09:15:00
2026-01-05 09:30:00,398.27,09:30:00
2026-01-05 09:45:00,393.39,09:45:00
2026-01-05 10:00:00,385.61,10:00:00
2026-01-05 10:15:00,380.59,10:15:00
2026-01-05 10:30:00,378.23,10:30:00
2026-01-05 10:45:00,376.24,10:45:00
2026-01-05 11:00:00,377.8,11:00:00
2026-01-05 11:15:00,377.18,11:15:00
2026-01-05 11:30:00,378.86,11:30:00
2026-01-05 11:45:00,378.59,11:45:00
2026-01-05 12:00:00,378.79,12:00:00
2026-01-05 12:15:00,381.29,12:15:00
2026-01-05 12:30:00,386.19,12:30:00
2026-01-05 12:45:00,390.28,12:45:00
2026-01-05 13:00:00,394.86,13:00:00
2026-01-05 13:15:00,398.49,13:15:00
2026-01-05 13:30:00,403.91,13:30:00
2026-01-05 13:45:00,408.47,13:45:00
2026-01-05 14:00:00,412.75,14:00:00
2026-01-05 14:15:00,418.57,14:15:00
2026-01-05 14:30:00,423.8,14:30:00
2026-01-05 14:45:00,427.22,14:45:00
2026-01-05 15:00:00,426.66,15:00:00
2026-01-05 15:15:00,426.98,15:15:00
2026-01-05 15:30:00,427.07,15:30:00
2026-01-05 15:45:00,425.53,15:45:00
2026-01-05 16:00:00,430.77,16:00:00
2026-01-05 16:15:00,429.38,16:15:00
2026-01-05 16:30:00,428.74,16:30:00
2026-01-05 16:45:00,428.73,16:45:00
2026-01-05 17:00:00,430.42,17:00:00
2026-01-05 17:15:00,433.48,17:15:00
2026-01-05 17:30:00,434.34,17:30:00
2026-01-05 17:45:00,434.19,17:45:00
2026-01-05 18:00:00,435.76,18:00:00
2026-01-05 18:15:00,433.22,18:15:00
2026-01-05 18:30:00,434.24,18:30:00
2026-01-05 18:45:00,432.69,18:45:00
2026-01-05 19:00:00,424.99,19:00:00
2026-01-05 19:15:00,424.06,19:15:00
2026-01-05 19:30:00,423.17,19:30:00
2026-01-05 19:45:00,424.52,19:45:00
2026-01-05 20:00:00,432.01,20:00:00
2026-01-05 20:15:00,431.3,20:15:00
2026-01-05 20:30:00,431.38,20:30:00
2026-01-05 20:45:00,434.43,20:45:00
2026-01-05 21:00:00,440.67,21:00:00
2026-01-05 21:15:00,445.84,21:15:00
2026-01-05 21:30:00,455.96,21:30:00
2026-01-05 21:45:00,460.87,21:45:00
2026-01-05 22:00:00,456.29,22:00:00
2026-01-05 22:15:00,457.1,22:15:00
2026-01-05 22:30:00,460.11,22:30:00
2026-01-05 22:45:00,461.05,22:45:00
2026-01-05 23:00:00,456.67,23:00:00
2026-01-05 23:15:00,453.88,23:15:00
2026-01-05 23:30:00,453.25,23:30:00
2026-01-05 23:45:00,456.19,23:45:00
2026-01-06 00:00:00,463.36,00:00:00
2026-01-06 00:15:00,465.59,00:15:00
2026-01-06 00:30:00,467.28,00:30:00
2026-01-06 00:45:00,470.54,00:45:00
2026-01-06 01:00:00,471.82,01:00:00
2026-01-06 01:15:00,474.0,01:15:00
2026-01-06 01:30:00,475.06,01:30:00
2026-01-06 01:45:00,474.67,01:45:00
2026-01-06 02:00:00,476.07,02:00:00
2026-01-06 02:15:00,477.63,02:15:00
2026-01-06 02:30:00,479.41,02:30:00
2026-01-06 02:45:00,480.99,02:45:00
2026-01-06 03:00:00,481.02,03:00:00
2026-01-06 03:15:00,481.23,03:15:00
2026-01-06 03:30:00,481.72,03:30:00
2026-01-06 03:45:00,482.15,03:45:00
2026-01-06 04:00:00,481.5,04:00:00
2026-01-06 04:15:00,481.17,04:15:00
2026-01-06 04:30:00,484.76,04:30:00
2026-01-06 04:45:00,487.72,04:45:00
2026-01-06 05:00:00,486.99,05:00:00
2026-01-06 05:15:00,484.3,05:15:00
2026-01-06 05:30:00,480.91,05:30:00
2026-01-06 05:45:00,480.28,05:45:00
2026-01-06 06:00:00,477.07,06:00:00
2026-01-06 06:15:00,475.45,06:15:00
2026-01-06 06:30:00,475.35,06:30:00
2026-01-06 06:45:00,479.36,06:45:00
2026-01-06 07:00:00,483.47,07:00:00
2026-01-06 07:15:00,483.61,07:15:00
2026-01-06 07:30:00,480.73,07:30:00
2026-01-06 07:45:00,477.65,07:45:00
2026-01-06 08:00:00,477.29,08:00:00
2026-01-06 08:15:00,472.47,08:15:00
2026-01-06 08:30:00,469.6,08:30:00
2026-01-06 08:45:00,463.73,08:45:00
2026-01-06 09:00:00,460.04,09:00:00
2026-01-06 09:15:00,456.86,09:15:00
2026-01-06 09:30:00,452.07,09:30:00
2026-01-06 09:45:00,446.23,09:45:00
2026-01-06 10:00:00,440.7,10:00:00
2026-01-06 10:15:00,434.67,10:15:00
2026-01-06 10:30:00,434.42,10:30:00
2026-01-06 10:45:00,432.17,10:45:00
2026-01-06 11:00:00,425.52,11:00:00
2026-01-06 11:15:00,423.26,11:15:00
2026-01-06 11:30:00,418.43,11:30:00
2026-01-06 11:45:00,415.42,11:45:00
2026-01-06 12:00:00,414.58,12:00:00
2026-01-06 12:15:00,414.73,12:15:00
2026-01-06 12:30:00,414.42,12:30:00
2026-01-06 12:45:00,416.02,12:45:00
2026-01-06 13:00:00,417.77,13:00:00
2026-01-06 13:15:00,419.63,13:15:00
2026-01-06 13:30:00,422.93,13:30:00
2026-01-06 13:45:00,425.73,13:45:00
2026-01-06 14:00:00,424.51,14:00:00
2026-01-06 14:15:00,425.58,14:15:00
2026-01-06 14:30:00,426.7,14:30:00
2026-01-06 14:45:00,430.44,14:45:00
2026-01-06 15:00:00,434.83,15:00:00
2026-01-06 15:15:00,435.03,15:15:00
2026-01-06 15:30:00,432.48,15:30:00
2026-01-06 15:45:00,432.72,15:45:00
2026-01-06 16:00:00,427.87,16:00:00
2026-01-06 16:15:00,426.53,16:15:00
2026-01-06 16:30:00,427.42,16:30:00
2026-01-06 16:45:00,430.3,16:45:00
2026-01-06 17:00:00,429.31,17:00:00
2026-01-06 17:15:00,422.76,17:15:00
2026-01-06 17:30:00,416.67,17:30:00
2026-01-06 17:45:00,412.07,17:45:00
2026-01-06 18:00:00,406.88,18:00:00
2026-01-06 18:15:00,403.35,18:15:00
2026-01-06 18:30:00,402.65,18:30:00
2026-01-06 18:45:00,403.21,18:45:00
2026-01-06 19:00:00,404.72,19:00:00
2026-01-06 19:15:00,401.27,19:15:00
2026-01-06 19:30:00,400.04,19:30:00
2026-01-06 19:45:00,399.03,19:45:00
2026-01-06 20:00:00,391.01,20:00:00
2026-01-06 20:15:00,389.01,20:15:00
2026-01-06 20:30:00,387.34,20:30:00
2026-01-06 20:45:00,387.49,20:45:00
2026-01-06 21:00:00,387.49,21:00:00
2026-01-06 21:15:00,384.91,21:15:00
2026-01-06 21:30:00,382.53,21:30:00
2026-01-06 21:45:00,377.5,21:45:00
2026-01-06 22:00:00,375.37,22:00:00
2026-01-06 22:15:00,371.27,22:15:00
2026-01-06 22:30:00,368.88,22:30:00
2026-01-06 22:45:00,366.33,22:45:00
2026-01-06 23:00:00,360.48,23:00:00
2026-01-06 23:15:00,355.51,23:15:00
2026-01-06 23:30:00,353.19,23:30:00
2026-01-06 23:45:00,351.22,23:45:00
2026-01-07 00:00:00,347.93,00:00:00
2026-01-07 00:15:00,346.65,00:15:00
2026-01-07 00:30:00,346.5,00:30:00
2026-01-07 00:45:00,347.24,00:45:00
2026-01-07 01:00:00,345.65,01:00:00
2026-01-07 01:15:00,345.33,01:15:00
2026-01-07 01:30:00,345.89,01:30:00
2026-01-07 01:45:00,345.13,01:45:00
2026-01-07 02:00:00,341.75,02:00:00
2026-01-07 02:15:00,339.2,02:15:00
2026-01-07 02:30:00,337.85,02:30:00
2026-01-07 02:45:00,335.17,02:45:00
2026-01-07 03:00:00,331.88,03:00:00
2026-01-07 03:15:00,330.74,03:15:00
2026-01-07 03:30:00,329.11,03:30:00
2026-01-07 03:45:00,329.0,03:45:00
2026-01-07 04:00:00,331.69,04:00:00
2026-01-07 04:15:00,331.4,04:15:00
2026-01-07 04:30:00,328.65,04:30:00
2026-01-07 04:45:00,326.32,04:45:00
2026-01-07 05:00:00,322.45,05:00:00
2026-01-07 05:15:00,322.43,05:15:00
2026-01-07 05:30:00,323.28,05:30:00
2026-01-07 05:45:00,325.72,05:45:00
2026-01-07 06:00:00,331.02,06:00:00
2026-01-07 06:15:00,329.93,06:15:00
2026-01-07 06:30:00,327.04,06:30:00
2026-01-07 06:45:00,329.08,06:45:00
2026-01-07 07:00:00,334.62,07:00:00
2026-01-07 07:15:00,336.81,07:15:00
2026-01-07 07:30:00,335.59,07:30:00
2026-01-07 07:45:00,334.43,07:45:00
2026-01-07 08:00:00,332.61,08:00:00
2026-01-07 08:15:00,328.08,08:15:00
2026-01-07 08:30:00,323.95,08:30:00
2026-01-07 08:45:00,321.69,08:45:00
2026-01-07 09:00:00,316.25,09:00:00
2026-01-07 09:15:00,311.59,09:15:00
2026-01-07 09:30:00,305.93,09:30:00
2026-01-07 09:45:00,298.01,09:45:00
2026-01-07 10:00:00,288.7,10:00:00
2026-01-07 10:15:00,280.61,10:15:00
2026-01-07 10:30:00,273.84,10:30:00
2026-01-07 10:45:00,271.09,10:45:00
2026-01-07 11:00:00,267.41,11:00:00
2026-01-07 11:15:00,265.13,11:15:00
2026-01-07 11:30:00,263.09,11:30:00
2026-01-07 11:45:00,261.39,11:45:00
2026-01-07 12:00:00,262.01,12:00:00
2026-01-07 12:15:00,260.81,12:15:00
2026-01-07 12:30:00,262.9,12:30:00
2026-01-07 12:45:00,265.38,12:45:00
2026-01-07 13:00:00,271.25,13:00:00
2026-01-07 13:15:00,275.27,13:15:00
2026-01-07 13:30:00,277.02,13:30:00
2026-01-07 13:45:00,280.48,13:45:00
2026-01-07 14:00:00,287.51,14:00:00
2026-01-07 14:15:00,293.21,14:15:00
2026-01-07 14:30:00,297.08,14:30:00
2026-01-07 14:45:00,300.97,14:45:00
2026-01-07 15:00:00,303.95,15:00:00
2026-01-07 15:15:00,302.41,15:15:00
2026-01-07 15:30:00,300.46,15:30:00
2026-01-07 15:45:00,301.45,15:45:00
2026-01-07 16:00:00,300.59,16:00:00
2026-01-07 16:15:00,300.81,16:15:00
2026-01-07 16:30:00,302.18,16:30:00
2026-01-07 16:45:00,302.9,16:45:00
2026-01-07 17:00:00,307.27,17:00:00
2026-01-07 17:15:00,310.06,17:15:00
2026-01-07 17:30:00,309.99,17:30:00
2026-01-07 17:45:00,310.67,17:45:00
2026-01-07 18:00:00,312.48,18:00:00
2026-01-07 18:15:00,312.85,18:15:00
2026-01-07 18:30:00,312.71,18:30:00
2026-01-07 18:45:00,313.35,18:45:00
2026-01-07 19:00:00,313.42,19:00:00
2026-01-07 19:15:00,312.74,19:15:00
2026-01-07 19:30:00,313.14,19:30:00
2026-01-07 19:45:00,312.45,19:45:00
2026-01-07 20:00:00,309.81,20:00:00
2026-01-07 20:15:00,306.99,20:15:00
2026-01-07 20:30:00,307.69,20:30:00
2026-01-07 20:45:00,311.47,20:45:00
2026-01-07 21:00:00,315.75,21:00:00
2026-01-07 21:15:00,316.91,21:15:00
2026-01-07 21:30:00,318.27,21:30:00
2026-01-07 21:45:00,318.38,21:45:00
2026-01-07 22:00:00,317.91,22:00:00
2026-01-07 22:15:00,319.34,22:15:00
2026-01-07 22:30:00,322.4,22:30:00
2026-01-07 22:45:00,325.17,22:45:00
2026-01-07 23:00:00,325.09,23:00:00
2026-01-07 23:15:00,326.12,23:15:00
2026-01-07 23:30:00,329.13,23:30:00
2026-01-07 23:45:00,330.53,23:45:00
2026-01-08 00:00:00,330.06,00:00:00
2026-01-08 00:15:00,331.29,00:15:00
2026-01-08 00:30:00,333.48,00:30:00
2026-01-08 00:45:00,334.4,00:45:00
2026-01-08 01:00:00,335.75,01:00:00
2026-01-08 01:15:00,337.08,01:15:00
2026-01-08 01:30:00,338.59,01:30:00
2026-01-08 01:45:00,340.64,01:45:00
2026-01-08 02:00:00,341.65,02:00:00
2026-01-08 02:15:00,342.96,02:15:00
2026-01-08 02:30:00,344.29,02:30:00
2026-01-08 02:45:00,348.3,02:45:00
2026-01-08 03:00:00,352.74,03:00:00
2026-01-08 03:15:00,354.27,03:15:00
2026-01-08 03:30:00,355.34,03:30:00
2026-01-08 03:45:00,358.48,03:45:00
2026-01-08 04:00:00,361.43,04:00:00
2026-01-08 04:15:00,365.21,04:15:00
2026-01-08 04:30:00,368.26,04:30:00
2026-01-08 04:45:00,371.8,04:45:00
2026-01-08 05:00:00,378.39,05:00:00
2026-01-08 05:15:00,383.55,05:15:00
2026-01-08 05:30:00,388.52,05:30:00
2026-01-08 05:45:00,393.63,05:45:00
2026-01-08 06:00:00,397.43,06:00:00
2026-01-08 06:15:00,400.69,06:15:00
2026-01-08 06:30:00,401.07,06:30:00
2026-01-08 06:45:00,401.89,06:45:00
2026-01-08 07:00:00,401.13,07:00:00
2026-01-08 07:15:00,401.42,07:15:00
2026-01-08 07:30:00,400.51,07:30:00
2026-01-08 07:45:00,401.1,07:45:00
2026-01-08 08:00:00,403.52,08:00:00
2026-01-08 08:15:00,404.03,08:15:00
2026-01-08 08:30:00,404.53,08:30:00
2026-01-08 08:45:00,406.6,08:45:00
2026-01-08 09:00:00,410.0,09:00:00
2026-01-08 09:15:00,409.96,09:15:00
2026-01-08 09:30:00,411.53,09:30:00
2026-01-08 09:45:00,413.83,09:45:00
2026-01-08 10:00:00,411.89,10:00:00
2026-01-08 10:15:00,413.47,10:15:00
2026-01-08 10:30:00,414.21,10:30:00
2026-01-08 10:45:00,414.91,10:45:00
2026-01-08 11:00:00,416.09,11:00:00
2026-01-08 11:15:00,418.71,11:15:00
2026-01-08 11:30:00,420.99,11:30:00
2026-01-08 11:45:00,422.81,11:45:00
2026-01-08 12:00:00,428.17,12:00:00
2026-01-08 12:15:00,430.77,12:15:00
2026-01-08 12:30:00,435.24,12:30:00
2026-01-08 12:45:00,438.76,12:45:00
2026-01-08 13:00:00,443.34,13:00:00
2026-01-08 13:15:00,443.02,13:15:00
2026-01-08 13:30:00,445.68,13:30:00
2026-01-08 13:45:00,447.95,13:45:00
2026-01-08 14:00:00,444.92,14:00:00
2026-01-08 14:15:00,444.8,14:15:00
2026-01-08 14:30:00,446.34,14:30:00
2026-01-08 14:45:00,449.59,14:45:00
2026-01-08 15:00:00,450.83,15:00:00
2026-01-08 15:15:00,449.98,15:15:00
2026-01-08 15:30:00,446.92,15:30:00
2026-01-08 15:45:00,442.58,15:45:00
2026-01-08 16:00:00,442.18,16:00:00
2026-01-08 16:15:00,438.11,16:15:00
2026-01-08 16:30:00,434.74,16:30:00
2026-01-08 16:45:00,433.63,16:45:00
2026-01-08 17:00:00,436.61,17:00:00
2026-01-08 17:15:00,432.74,17:15:00
2026-01-08 17:30:00,428.75,17:30:00
2026-01-08 17:45:00,422.79,17:45:00
2026-01-08 18:00:00,412.08,18:00:00
2026-01-08 18:15:00,403.85,18:15:00
2026-01-08 18:30:00,400.56,18:30:00
2026-01-08 18:45:00,397.91,18:45:00
2026-01-08 19:00:00,389.66,19:00:00
2026-01-08 19:15:00,385.72,19:15:00
2026-01-08 19:30:00,383.22,19:30:00
2026-01-08 19:45:00,379.44,19:45:00
2026-01-08 20:00:00,373.2,20:00:00
2026-01-08 20:15:00,365.41,20:15:00
2026-01-08 20:30:00,359.15,20:30:00
2026-01-08 20:45:00,354.11,20:45:00
2026-01-08 21:00:00,347.2,21:00:00
2026-01-08 21:15:00,336.63,21:15:00
2026-01-08 21:30:00,327.09,21:30:00
2026-01-08 21:45:00,316.46,21:45:00
2026-01-08 22:00:00,295.89,22:00:00
2026-01-08 22:15:00,287.35,22:15:00
2026-01-08 22:30:00,279.64,22:30:00
2026-01-08 22:45:00,270.54,22:45:00
2026-01-08 23:00:00,260.86,23:00:00
2026-01-08 23:15:00,253.38,23:15:00
2026-01-08 23:30:00,244.09,23:30:00
2026-01-08 23:45:00,235.61,23:45:00
2026-01-09 00:00:00,226.78,00:00:00
2026-01-09 00:15:00,222.03,00:15:00
2026-01-09 00:30:00,219.99,00:30:00
2026-01-09 00:45:00,217.13,00:45:00
2026-01-09 01:00:00,213.33,01:00:00
2026-01-09 01:15:00,210.36,01:15:00
2026-01-09 01:30:00,207.83,01:30:00
2026-01-09 01:45:00,202.84,01:45:00
2026-01-09 02:00:00,199.32,02:00:00
2026-01-09 02:15:00,197.36,02:15:00
2026-01-09 02:30:00,196.03,02:30:00
2026-01-09 02:45:00,193.9,02:45:00
2026-01-09 03:00:00,191.25,03:00:00
2026-01-09 03:15:00,190.06,03:15:00
2026-01-09 03:30:00,189.74,03:30:00
2026-01-09 03:45:00,188.13,03:45:00
2026-01-09 04:00:00,189.71,04:00:00
2026-01-09 04:15:00,189.27,04:15:00
2026-01-09 04:30:00,189.83,04:30:00
2026-01-09 04:45:00,192.23,04:45:00
2026-01-09 05:00:00,196.49,05:00:00
2026-01-09 05:15:00,202.31,05:15:00
2026-01-09 05:30:00,203.95,05:30:00
2026-01-09 05:45:00,210.08,05:45:00
2026-01-09 06:00:00,213.7,06:00:00
2026-01-09 06:15:00,219.48,06:15:00
2026-01-09 06:30:00,222.34,06:30:00
2026-01-09 06:45:00,225.84,06:45:00
2026-01-09 07:00:00,224.19,07:00:00
2026-01-09 07:15:00,224.59,07:15:00
2026-01-09 07:30:00,224.23,07:30:00
2026-01-09 07:45:00,223.21,07:45:00
2026-01-09 08:00:00,221.52,08:00:00
2026-01-09 08:15:00,215.54,08:15:00
2026-01-09 08:30:00,213.5,08:30:00
2026-01-09 08:45:00,212.07,08:45:00
2026-01-09 09:00:00,208.75,09:00:00
2026-01-09 09:15:00,207.08,09:15:00
2026-01-09 09:30:00,206.04,09:30:00
2026-01-09 09:45:00,204.34,09:45:00
2026-01-09 10:00:00,197.52,10:00:00
2026-01-09 10:15:00,195.34,10:15:00
2026-01-09 10:30:00,193.69,10:30:00
2026-01-09 10:45:00,192.55,10:45:00
2026-01-09 11:00:00,188.76,11:00:00
2026-01-09 11:15:00,189.15,11:15:00
2026-01-09 11:30:00,188.57,11:30:00
2026-01-09 11:45:00,187.06,11:45:00
2026-01-09 12:00:00,189.36,12:00:00
2026-01-09 12:15:00,191.03,12:15:00
2026-01-09 12:30:00,193.16,12:30:00
2026-01-09 12:45:00,195.99,12:45:00
2026-01-09 13:00:00,198.09,13:00:00
2026-01-09 13:15:00,200.18,13:15:00
2026-01-09 13:30:00,202.19,13:30:00
2026-01-09 13:45:00,204.12,13:45:00
2026-01-09 14:00:00,205.31,14:00:00
2026-01-09 14:15:00,206.81,14:15:00
2026-01-09 14:30:00,208.7,14:30:00
2026-01-09 14:45:00,215.0,14:45:00
2026-01-09 15:00:00,220.65,15:00:00
2026-01-09 15:15:00,226.02,15:15:00
2026-01-09 15:30:00,228.92,15:30:00
2026-01-09 15:45:00,232.63,15:45:00
2026-01-09 16:00:00,233.93,16:00:00
2026-01-09 16:15:00,235.26,16:15:00
2026-01-09 16:30:00,235.21,16:30:00
2026-01-09 16:45:00,236.95,16:45:00
2026-01-09 17:00:00,236.57,17:00:00
2026-01-09 17:15:00,232.94,17:15:00
2026-01-09 17:30:00,232.59,17:30:00
2026-01-09 17:45:00,232.7,17:45:00
2026-01-09 18:00:00,228.98,18:00:00
2026-01-09 18:15:00,226.45,18:15:00
2026-01-09 18:30:00,224.88,18:30:00
2026-01-09 18:45:00,225.19,18:45:00
2026-01-09 19:00:00,228.39,19:00:00
2026-01-09 19:15:00,226.82,19:15:00
2026-01-09 19:30:00,226.86,19:30:00
2026-01-09 19:45:00,224.67,19:45:00
2026-01-09 20:00:00,221.21,20:00:00
2026-01-09 20:15:00,220.33,20:15:00
2026-01-09 20:30:00,221.09,20:30:00
2026-01-09 20:45:00,221.06,20:45:00
2026-01-09 21:00:00,227.09,21:00:00
2026-01-09 21:15:00,227.36,21:15:00
2026-01-09 21:30:00,226.23,21:30:00
2026-01-09 21:45:00,229.57,21:45:00
2026-01-09 22:00:00,232.37,22:00:00
2026-01-09 22:15:00,232.55,22:15:00
2026-01-09 22:30:00,232.01,22:30:00
2026-01-09 22:45:00,230.7,22:45:00
2026-01-09 23:00:00,227.51,23:00:00
2026-01-09 23:15:00,226.54,23:15:00
2026-01-09 23:30:00,225.62,23:30:00
2026-01-09 23:45:00,225.18,23:45:00
2026-01-10 00:00:00,224.02,00:00:00
2026-01-10 00:15:00,221.81,00:15:00
2026-01-10 00:30:00,220.87,00:30:00
2026-01-10 00:45:00,220.9,00:45:00
2026-01-10 01:00:00,220.99,01:00:00
2026-01-10 01:15:00,221.13,01:15:00
2026-01-10 01:30:00,220.94,01:30:00
2026-01-10 01:45:00,219.97,01:45:00
2026-01-10 02:00:00,218.35,02:00:00
2026-01-10 02:15:00,216.2,02:15:00
2026-01-10 02:30:00,216.6,02:30:00
2026-01-10 02:45:00,217.23,02:45:00
2026-01-10 03:00:00,215.97,03:00:00
2026-01-10 03:15:00,216.98,03:15:00
2026-01-10 03:30:00,218.24,03:30:00
2026-01-10 03:45:00,221.22,03:45:00
2026-01-10 04:00:00,224.52,04:00:00
2026-01-10 04:15:00,225.99,04:15:00
2026-01-10 04:30:00,227.52,04:30:00
2026-01-10 04:45:00,227.9,04:45:00
2026-01-10 05:00:00,225.24,05:00:00
2026-01-10 05:15:00,228.24,05:15:00
2026-01-10 05:30:00,231.95,05:30:00
2026-01-10 05:45:00,237.09,05:45:00
2026-01-10 06:00:00,242.28,06:00:00
2026-01-10 06:15:00,244.76,06:15:00
2026-01-10 06:30:00,248.12,06:30:00
2026-01-10 06:45:00,252.78,06:45:00
2026-01-10 07:00:00,258.23,07:00:00
2026-01-10 07:15:00,261.55,07:15:00
2026-01-10 07:30:00,265.8,07:30:00
2026-01-10 07:45:00,268.89,07:45:00
2026-01-10 08:00:00,265.22,08:00:00
2026-01-10 08:15:00,267.48,08:15:00
2026-01-10 08:30:00,271.81,08:30:00
2026-01-10 08:45:00,273.9,08:45:00
2026-01-10 09:00:00,274.76,09:00:00
2026-01-10 09:15:00,278.5,09:15:00
2026-01-10 09:30:00,282.11,09:30:00
2026-01-10 09:45:00,289.07,09:45:00
2026-01-10 10:00:00,295.87,10:00:00
2026-01-10 10:15:00,302.32,10:15:00
2026-01-10 10:30:00,307.97,10:30:00
2026-01-10 10:45:00,311.3,10:45:00
2026-01-10 11:00:00,314.53,11:00:00
2026-01-10 11:15:00,318.81,11:15:00
2026-01-10 11:30:00,324.95,11:30:00
2026-01-10 11:45:00,327.3,11:45:00
2026-01-10 12:00:00,329.47,12:00:00
2026-01-10 12:15:00,333.1,12:15:00
2026-01-10 12:30:00,337.77,12:30:00
2026-01-10 12:45:00,344.95,12:45:00
2026-01-10 13:00:00,346.83,13:00:00
2026-01-10 13:15:00,351.14,13:15:00
2026-01-10 13:30:00,355.46,13:30:00
2026-01-10 13:45:00,362.17,13:45:00
2026-01-10 14:00:00,367.55,14:00:00
2026-01-10 14:15:00,372.32,14:15:00
2026-01-10 14:30:00,377.52,14:30:00
2026-01-10 14:45:00,382.18,14:45:00
2026-01-10 15:00:00,383.24,15:00:00
2026-01-10 15:15:00,384.29,15:15:00
2026-01-10 15:30:00,383.32,15:30:00
2026-01-10 15:45:00,382.67,15:45:00
2026-01-10 16:00:00,379.63,16:00:00
2026-01-10 16:15:00,383.04,16:15:00
2026-01-10 16:30:00,382.48,16:30:00
2026-01-10 16:45:00,382.64,16:45:00
2026-01-10 17:00:00,383.37,17:00:00
2026-01-10 17:15:00,382.72,17:15:00
2026-01-10 17:30:00,382.57,17:30:00
2026-01-10 17:45:00,383.68,17:45:00
2026-01-10 18:00:00,381.89,18:00:00
2026-01-10 18:15:00,381.93,18:15:00
2026-01-10 18:30:00,382.13,18:30:00
2026-01-10 18:45:00,378.96,18:45:00
2026-01-10 19:00:00,371.26,19:00:00
2026-01-10 19:15:00,367.25,19:15:00
2026-01-10 19:30:00,366.75,19:30:00
2026-01-10 19:45:00,367.57,19:45:00
2026-01-10 20:00:00,370.09,20:00:00
2026-01-10 20:15:00,369.96,20:15:00
2026-01-10 20:30:00,368.59,20:30:00
2026-01-10 20:45:00,369.86,20:45:00
2026-01-10 21:00:00,373.01,21:00:00
2026-01-10 21:15:00,373.36,21:15:00
2026-01-10 21:30:00,374.53,21:30:00
2026-01-10 21:45:00,375.45,21:45:00
2026-01-10 22:00:00,375.68,22:00:00
2026-01-10 22:15:00,377.0,22:15:00
2026-01-10 22:30:00,377.55,22:30:00
2026-01-10 22:45:00,376.81,22:45:00
2026-01-10 23:00:00,377.49,23:00:00
2026-01-10 23:15:00,379.66,23:15:00
2026-01-10 23:30:00,380.54,23:30:00
2026-01-10 23:45:00,381.85,23:45:00
2026-01-11 00:00:00,385.26,00:00:00
2026-01-11 00:15:00,385.52,00:15:00
2026-01-11 00:30:00,383.92,00:30:00
2026-01-11 00:45:00,384.28,00:45:00
2026-01-11 01:00:00,383.98,01:00:00
2026-01-11 01:15:00,380.92,01:15:00
2026-01-11 01:30:00,379.36,01:30:00
2026-01-11 01:45:00,377.83,01:45:00
2026-01-11 02:00:00,375.1,02:00:00
2026-01-11 02:15:00,373.75,02:15:00
2026-01-11 02:30:00,374.55,02:30:00
2026-01-11 02:45:00,373.4,02:45:00
2026-01-11 03:00:00,372.08,03:00:00
2026-01-11 03:15:00,371.66,03:15:00
2026-01-11 03:30:00,370.14,03:30:00
2026-01-11 03:45:00,369.23,03:45:00
2026-01-11 04:00:00,366.64,04:00:00
2026-01-11 04:15:00,365.48,04:15:00
2026-01-11 04:30:00,366.33,04:30:00
2026-01-11 04:45:00,363.17,04:45:00
2026-01-11 05:00:00,367.14,05:00:00
2026-01-11 05:15:00,369.15,05:15:00
2026-01-11 05:30:00,370.51,05:30:00
2026-01-11 05:45:00,370.95,05:45:00
2026-01-11 06:00:00,372.94,06:00:00
2026-01-11 06:15:00,371.67,06:15:00
2026-01-11 06:30:00,369.71,06:30:00
2026-01-11 06:45:00,368.14,06:45:00
2026-01-11 07:00:00,369.01,07:00:00
2026-01-11 07:15:00,367.26,07:15:00
2026-01-11 07:30:00,363.47,07:30:00
2026-01-11 07:45:00,360.4,07:45:00
2026-01-11 08:00:00,363.94,08:00:00
2026-01-11 08:15:00,361.32,08:15:00
2026-01-11 08:30:00,359.63,08:30:00
2026-01-11 08:45:00,355.99,08:45:00
2026-01-11 09:00:00,355.88,09:00:00
2026-01-11 09:15:00,351.76,09:15:00
2026-01-11 09:30:00,348.36,09:30:00
2026-01-11 09:45:00,343.79,09:45:00
2026-01-11 10:00:00,338.9,10:00:00
2026-01-11 10:15:00,334.11,10:15:00
2026-01-11 10:30:00,332.9,10:30:00
2026-01-11 10:45:00,330.94,10:45:00
2026-01-11 11:00:00,327.49,11:00:00
2026-01-11 11:15:00,325.94,11:15:00
2026-01-11 11:30:00,326.43,11:30:00
2026-01-11 11:45:00,326.22,11:45:00
2026-01-11 12:00:00,326.91,12:00:00
2026-01-11 12:15:00,327.91,12:15:00
2026-01-11 12:30:00,329.78,12:30:00
2026-01-11 12:45:00,333.41,12:45:00
2026-01-11 13:00:00,340.09,13:00:00
2026-01-11 13:15:00,346.24,13:15:00
2026-01-11 13:30:00,347.3,13:30:00
2026-01-11 13:45:00,354.37,13:45:00
2026-01-11 14:00:00,361.42,14:00:00
2026-01-11 14:15:00,365.91,14:15:00
2026-01-11 14:30:00,369.78,14:30:00
2026-01-11 14:45:00,372.87,14:45:00
2026-01-11 15:00:00,372.33,15:00:00
2026-01-11 15:15:00,370.84,15:15:00
2026-01-11 15:30:00,366.52,15:30:00
2026-01-11 15:45:00,362.2,15:45:00
2026-01-11 16:00:00,359.42,16:00:00
2026-01-11 16:15:00,357.78,16:15:00
2026-01-11 16:30:00,355.95,16:30:00
2026-01-11 16:45:00,355.02,16:45:00
2026-01-11 17:00:00,355.07,17:00:00
2026-01-11 17:15:00,354.85,17:15:00
2026-01-11 17:30:00,355.75,17:30:00
2026-01-11 17:45:00,357.23,17:45:00
2026-01-11 18:00:00,358.9,18:00:00
2026-01-11 18:15:00,358.25,18:15:00
2026-01-11 18:30:00,356.89,18:30:00
2026-01-11 18:45:00,355.04,18:45:00
2026-01-11 19:00:00,350.71,19:00:00
2026-01-11 19:15:00,348.49,19:15:00
2026-01-11 19:30:00,346.97,19:30:00
2026-01-11 19:45:00,343.71,19:45:00
2026-01-11 20:00:00,341.6,20:00:00
2026-01-11 20:15:00,337.55,20:15:00
2026-01-11 20:30:00,333.59,20:30:00
2026-01-11 20:45:00,329.06,20:45:00
2026-01-11 21:00:00,329.41,21:00:00
2026-01-11 21:15:00,327.87,21:15:00
2026-01-11 21:30:00,325.07,21:30:00
2026-01-11 21:45:00,320.94,21:45:00
2026-01-11 22:00:00,311.7,22:00:00
2026-01-11 22:15:00,306.9,22:15:00
2026-01-11 22:30:00,305.09,22:30:00
2026-01-11 22:45:00,305.93,22:45:00
2026-01-11 23:00:00,304.94,23:00:00
2026-01-11 23:15:00,304.8,23:15:00
2026-01-11 23:30:00,302.4,23:30:00
2026-01-11 23:45:00,303.27,23:45:00
2026-01-12 00:00:00,300.37,00:00:00
2026-01-12 00:15:00,298.73,00:15:00
2026-01-12 00:30:00,298.26,00:30:00
2026-01-12 00:45:00,298.48,00:45:00
2026-01-12 01:00:00,296.66,01:00:00
2026-01-12 01:15:00,294.89,01:15:00
2026-01-12 01:30:00,293.41,01:30:00
2026-01-12 01:45:00,292.58,01:45:00
2026-01-12 02:00:00,292.52,02:00:00
2026-01-12 02:15:00,291.4,02:15:00
2026-01-12 02:30:00,292.65,02:30:00
2026-01-12 02:45:00,293.4,02:45:00
2026-01-12 03:00:00,293.32,03:00:00
2026-01-12 03:15:00,294.46,03:15:00
2026-01-12 03:30:00,292.72,03:30:00
2026-01-12 03:45:00,292.89,03:45:00
2026-01-12 04:00:00,295.22,04:00:00
2026-01-12 04:15:00,293.31,04:15:00
2026-01-12 04:30:00,292.97,04:30:00
2026-01-12 04:45:00,295.57,04:45:00
2026-01-12 05:00:00,298.03,05:00:00
2026-01-12 05:15:00,301.23,05:15:00
2026-01-12 05:30:00,304.99,05:30:00
2026-01-12 05:45:00,314.42,05:45:00
2026-01-12 06:00:00,321.91,06:00:00
2026-01-12 06:15:00,326.73,06:15:00
2026-01-12 06:30:00,329.86,06:30:00
2026-01-12 06:45:00,333.51,06:45:00
2026-01-12 07:00:00,335.69,07:00:00
2026-01-12 07:15:00,338.46,07:15:00
2026-01-12 07:30:00,342.69,07:30:00
2026-01-12 07:45:00,345.5,07:45:00
2026-01-12 08:00:00,349.49,08:00:00
2026-01-12 08:15:00,351.32,08:15:00
2026-01-12 08:30:00,352.51,08:30:00
2026-01-12 08:45:00,353.6,08:45:00
2026-01-12 09:00:00,352.5,09:00:00
2026-01-12 09:15:00,351.36,09:15:00
2026-01-12 09:30:00,350.66,09:30:00
2026-01-12 09:45:00,349.12,09:45:00
2026-01-12 10:00:00,346.5,10:00:00
2026-01-12 10:15:00,343.23,10:15:00
2026-01-12 10:30:00,342.12,10:30:00
2026-01-12 10:45:00,344.22,10:45:00
2026-01-12 11:00:00,344.98,11:00:00
2026-01-12 11:15:00,344.68,11:15:00
2026-01-12 11:30:00,345.7,11:30:00
2026-01-12 11:45:00,346.01,11:45:00
2026-01-12 12:00:00,345.97,12:00:00
2026-01-12 12:15:00,348.27,12:15:00
2026-01-12 12:30:00,351.06,12:30:00
2026-01-12 12:45:00,352.75,12:45:00
2026-01-12 13:00:00,351.13,13:00:00
2026-01-12 13:15:00,351.93,13:15:00
2026-01-12 13:30:00,352.2,13:30:00
2026-01-12 13:45:00,352.21,13:45:00
2026-01-12 14:00:00,353.09,14:00:00
2026-01-12 14:15:00,354.84,14:15:00
2026-01-12 14:30:00,356.54,14:30:00
2026-01-12 14:45:00,358.24,14:45:00
2026-01-12 15:00:00,359.86,15:00:00
2026-01-12 15:15:00,358.11,15:15:00
2026-01-12 15:30:00,357.27,15:30:00
2026-01-12 15:45:00,357.03,15:45:00
2026-01-12 16:00:00,355.18,16:00:00
2026-01-12 16:15:00,353.19,16:15:00
2026-01-12 16:30:00,349.98,16:30:00
2026-01-12 16:45:00,346.87,16:45:00
2026-01-12 17:00:00,340.31,17:00:00
2026-01-12 17:15:00,337.82,17:15:00
2026-01-12 17:30:00,337.7,17:30:00
2026-01-12 17:45:00,338.56,17:45:00
2026-01-12 18:00:00,336.83,18:00:00
2026-01-12 18:15:00,336.11,18:15:00
2026-01-12 18:30:00,335.77,18:30:00
2026-01-12 18:45:00,333.18,18:45:00
2026-01-12 19:00:00,333.24,19:00:00
2026-01-12 19:15:00,332.42,19:15:00
2026-01-12 19:30:00,331.36,19:30:00
2026-01-12 19:45:00,330.36,19:45:00
2026-01-12 20:00:00,325.19,20:00:00
2026-01-12 20:15:00,320.82,20:15:00
2026-01-12 20:30:00,320.29,20:30:00
2026-01-12 20:45:00,317.65,20:45:00
2026-01-12 21:00:00,313.85,21:00:00
2026-01-12 21:15:00,310.81,21:15:00
2026-01-12 21:30:00,312.27,21:30:00
2026-01-12 21:45:00,310.44,21:45:00
2026-01-12 22:00:00,309.17,22:00:00
2026-01-12 22:15:00,306.49,22:15:00
2026-01-12 22:30:00,308.14,22:30:00
2026-01-12 22:45:00,308.71,22:45:00
2026-01-12 23:00:00,305.39,23:00:00
2026-01-12 23:15:00,304.75,23:15:00
2026-01-12 23:30:00,304.67,23:30:00
2026-01-12 23:45:00,305.39,23:45:00
2026-01-13 00:00:00,306.21,00:00:00
2026-01-13 00:15:00,307.49,00:15:00
2026-01-13 00:30:00,310.08,00:30:00
2026-01-13 00:45:00,310.73,00:45:00
2026-01-13 01:00:00,310.52,01:00:00
2026-01-13 01:15:00,311.68,01:15:00
2026-01-13 01:30:00,312.99,01:30:00
2026-01-13 01:45:00,313.78,01:45:00
2026-01-13 02:00:00,314.06,02:00:00
2026-01-13 02:15:00,313.6,02:15:00
2026-01-13 02:30:00,314.78,02:30:00
2026-01-13 02:45:00,315.09,02:45:00
2026-01-13 03:00:00,318.73,03:00:00
2026-01-13 03:15:00,321.66,03:15:00
2026-01-13 03:30:00,325.18,03:30:00
2026-01-13 03:45:00,327.37,03:45:00
2026-01-13 04:00:00,332.15,04:00:00
2026-01-13 04:15:00,335.02,04:15:00
2026-01-13 04:30:00,341.15,04:30:00
2026-01-13 04:45:00,345.24,04:45:00
2026-01-13 05:00:00,349.5,05:00:00
2026-01-13 05:15:00,354.43,05:15:00
2026-01-13 05:30:00,359.64,05:30:00
2026-01-13 05:45:00,362.95,05:45:00
2026-01-13 06:00:00,367.94,06:00:00
2026-01-13 06:15:00,372.17,06:15:00
2026-01-13 06:30:00,374.56,06:30:00
2026-01-13 06:45:00,373.19,06:45:00
2026-01-13 07:00:00,374.1,07:00:00
2026-01-13 07:15:00,377.63,07:15:00
2026-01-13 07:30:00,379.86,07:30:00
2026-01-13 07:45:00,382.81,07:45:00
2026-01-13 08:00:00,384.69,08:00:00
2026-01-13 08:15:00,383.39,08:15:00
2026-01-13 08:30:00,383.77,08:30:00
2026-01-13 08:45:00,384.72,08:45:00
2026-01-13 09:00:00,382.59,09:00:00
2026-01-13 09:15:00,378.54,09:15:00
2026-01-13 09:30:00,374.73,09:30:00
2026-01-13 09:45:00,371.16,09:45:00
2026-01-13 10:00:00,362.16,10:00:00
2026-01-13 10:15:00,355.78,10:15:00
2026-01-13 10:30:00,351.7,10:30:00
2026-01-13 10:45:00,346.52,10:45:00
2026-01-13 11:00:00,343.75,11:00:00
2026-01-13 11:15:00,340.95,11:15:00
2026-01-13 11:30:00,339.87,11:30:00
2026-01-13 11:45:00,340.32,11:45:00
2026-01-13 12:00:00,339.92,12:00:00
2026-01-13 12:15:00,341.1,12:15:00
2026-01-13 12:30:00,342.73,12:30:00
2026-01-13 12:45:00,345.73,12:45:00
2026-01-13 13:00:00,347.34,13:00:00
2026-01-13 13:15:00,348.54,13:15:00
2026-01-13 13:30:00,352.82,13:30:00
2026-01-13 13:45:00,357.34,13:45:00
2026-01-13 14:00:00,362.4,14:00:00
2026-01-13 14:15:00,367.7,14:15:00
2026-01-13 14:30:00,371.18,14:30:00
2026-01-13 14:45:00,374.88,14:45:00
2026-01-13 15:00:00,376.78,15:00:00
2026-01-13 15:15:00,375.66,15:15:00
2026-01-13 15:30:00,374.32,15:30:00
2026-01-13 15:45:00,371.14,15:45:00
2026-01-13 16:00:00,364.89,16:00:00
2026-01-13 16:15:00,360.54,16:15:00
2026-01-13 16:30:00,356.67,16:30:00
2026-01-13 16:45:00,352.5,16:45:00
2026-01-13 17:00:00,347.72,17:00:00
2026-01-13 17:15:00,343.09,17:15:00
2026-01-13 17:30:00,337.65,17:30:00
2026-01-13 17:45:00,334.46,17:45:00
2026-01-13 18:00:00,328.01,18:00:00
2026-01-13 18:15:00,323.8,18:15:00
2026-01-13 18:30:00,320.31,18:30:00
2026-01-13 18:45:00,314.3,18:45:00
2026-01-13 19:00:00,306.83,19:00:00
2026-01-13 19:15:00,298.65,19:15:00
2026-01-13 19:30:00,292.01,19:30:00
2026-01-13 19:45:00,283.22,19:45:00
2026-01-13 20:00:00,280.38,20:00:00
2026-01-13 20:15:00,276.98,20:15:00
2026-01-13 20:30:00,275.45,20:30:00
2026-01-13 20:45:00,274.85,20:45:00
2026-01-13 21:00:00,278.16,21:00:00
2026-01-13 21:15:00,276.14,21:15:00
2026-01-13 21:30:00,274.68,21:30:00
2026-01-13 21:45:00,273.89,21:45:00
2026-01-13 22:00:00,267.2,22:00:00
2026-01-13 22:15:00,263.86,22:15:00
2026-01-13 22:30:00,261.83,22:30:00
2026-01-13 22:45:00,263.14,22:45:00
2026-01-13 23:00:00,263.92,23:00:00
2026-01-13 23:15:00,265.65,23:15:00
2026-01-13 23:30:00,266.08,23:30:00
2026-01-13 23:45:00,267.43,23:45:00
2026-01-14 00:00:00,266.09,00:00:00
2026-01-14 00:15:00,267.65,00:15:00
2026-01-14 00:30:00,268.83,00:30:00
2026-01-14 00:45:00,270.29,00:45:00
2026-01-14 01:00:00,273.19,01:00:00
2026-01-14 01:15:00,273.46,01:15:00
2026-01-14 01:30:00,271.74,01:30:00
2026-01-14 01:45:00,268.08,01:45:00
2026-01-14 02:00:00,264.87,02:00:00
2026-01-14 02:15:00,263.77,02:15:00
2026-01-14 02:30:00,263.36,02:30:00
2026-01-14 02:45:00,265.23,02:45:00
2026-01-14 03:00:00,269.34,03:00:00
2026-01-14 03:15:00,270.04,03:15:00
2026-01-14 03:30:00,271.8,03:30:00
2026-01-14 03:45:00,272.89,03:45:00
2026-01-14 04:00:00,272.38,04:00:00
2026-01-14 04:15:00,271.2,04:15:00
2026-01-14 04:30:00,265.95,04:30:00
2026-01-14 04:45:00,269.08,04:45:00
2026-01-14 05:00:00,272.08,05:00:00
2026-01-14 05:15:00,276.67,05:15:00
2026-01-14 05:30:00,281.6,05:30:00
2026-01-14 05:45:00,286.81,05:45:00
2026-01-14 06:00:00,295.78,06:00:00
2026-01-14 06:15:00,301.9,06:15:00
2026-01-14 06:30:00,305.47,06:30:00
2026-01-14 06:45:00,309.47,06:45:00
2026-01-14 07:00:00,315.57,07:00:00
2026-01-14 07:15:00,320.63,07:15:00
2026-01-14 07:30:00,323.04,07:30:00
2026-01-14 07:45:00,323.83,07:45:00
2026-01-14 08:00:00,323.99,08:00:00
2026-01-14 08:15:00,323.14,08:15:00
2026-01-14 08:30:00,322.5,08:30:00
2026-01-14 08:45:00,320.63,08:45:00
2026-01-14 09:00:00,315.36,09:00:00
2026-01-14 09:15:00,312.53,09:15:00
2026-01-14 09:30:00,311.54,09:30:00
2026-01-14 09:45:00,309.36,09:45:00
2026-01-14 10:00:00,308.21,10:00:00
2026-01-14 10:15:00,308.85,10:15:00
2026-01-14 10:30:00,308.44,10:30:00
2026-01-14 10:45:00,308.48,10:45:00
2026-01-14 11:00:00,308.46,11:00:00
2026-01-14 11:15:00,309.98,11:15:00
2026-01-14 11:30:00,310.85,11:30:00
2026-01-14 11:45:00,311.93,11:45:00
2026-01-14 12:00:00,315.2,12:00:00
2026-01-14 12:15:00,319.21,12:15:00
2026-01-14 12:30:00,323.46,12:30:00
2026-01-14 12:45:00,331.7,12:45:00
2026-01-14 13:00:00,338.58,13:00:00
2026-01-14 13:15:00,345.09,13:15:00
2026-01-14 13:30:00,355.15,13:30:00
2026-01-14 13:45:00,367.07,13:45:00
2026-01-14 14:00:00,377.08,14:00:00
2026-01-14 14:15:00,386.62,14:15:00
2026-01-14 14:30:00,394.85,14:30:00
2026-01-14 14:45:00,401.87,14:45:00
2026-01-14 15:00:00,408.38,15:00:00
2026-01-14 15:15:00,414.19,15:15:00
2026-01-14 15:30:00,416.15,15:30:00
2026-01-14 15:45:00,419.74,15:45:00
2026-01-14 16:00:00,418.09,16:00:00
2026-01-14 16:15:00,419.03,16:15:00
2026-01-14 16:30:00,418.37,16:30:00
2026-01-14 16:45:00,421.62,16:45:00
2026-01-14 17:00:00,423.24,17:00:00
2026-01-14 17:15:00,425.08,17:15:00
2026-01-14 17:30:00,425.65,17:30:00
2026-01-14 17:45:00,427.47,17:45:00
2026-01-14 18:00:00,425.85,18:00:00
2026-01-14 18:15:00,425.39,18:15:00
2026-01-14 18:30:00,424.87,18:30:00
2026-01-14 18:45:00,425.69,18:45:00
2026-01-14 19:00:00,425.4,19:00:00
2026-01-14 19:15:00,422.9,19:15:00
2026-01-14 19:30:00,419.5,19:30:00
2026-01-14 19:45:00,416.31,19:45:00
2026-01-14 20:00:00,414.39,20:00:00
2026-01-14 20:15:00,410.83,20:15:00
2026-01-14 20:30:00,407.4,20:30:00
2026-01-14 20:45:00,406.75,20:45:00
2026-01-14 21:00:00,412.71,21:00:00
2026-01-14 21:15:00,408.95,21:15:00
2026-01-14 21:30:00,409.54,21:30:00
2026-01-14 21:45:00,402.74,21:45:00
2026-01-14 22:00:00,401.52,22:00:00
2026-01-14 22:15:00,396.06,22:15:00
2026-01-14 22:30:00,388.68,22:30:00
2026-01-14 22:45:00,382.23,22:45:00
2026-01-14 23:00:00,371.18,23:00:00
2026-01-14 23:15:00,367.42,23:15:00
2026-01-14 23:30:00,359.24,23:30:00
2026-01-14 23:45:00,353.1,23:45:00
2026-01-15 00:00:00,347.56,00:00:00
2026-01-15 00:15:00,342.6,00:15:00
2026-01-15 00:30:00,337.33,00:30:00
2026-01-15 00:45:00,332.22,00:45:00
2026-01-15 01:00:00,328.17,01:00:00
2026-01-15 01:15:00,324.42,01:15:00
2026-01-15 01:30:00,321.15,01:30:00
2026-01-15 01:45:00,317.36,01:45:00
2026-01-15 02:00:00,311.14,02:00:00
2026-01-15 02:15:00,309.6,02:15:00
2026-01-15 02:30:00,309.21,02:30:00
2026-01-15 02:45:00,309.63,02:45:00
2026-01-15 03:00:00,307.46,03:00:00
2026-01-15 03:15:00,307.27,03:15:00
2026-01-15 03:30:00,305.75,03:30:00
2026-01-15 03:45:00,305.47,03:45:00
2026-01-15 04:00:00,305.18,04:00:00
2026-01-15 04:15:00,301.92,04:15:00
2026-01-15 04:30:00,298.56,04:30:00
2026-01-15 04:45:00,299.85,04:45:00
2026-01-15 05:00:00,302.81,05:00:00
2026-01-15 05:15:00,304.82,05:15:00
2026-01-15 05:30:00,306.15,05:30:00
2026-01-15 05:45:00,308.93,05:45:00
2026-01-15 06:00:00,314.52,06:00:00
2026-01-15 06:15:00,316.06,06:15:00
2026-01-15 06:30:00,315.99,06:30:00
2026-01-15 06:45:00,318.0,06:45:00
2026-01-15 07:00:00,317.52,07:00:00
2026-01-15 07:15:00,317.31,07:15:00
2026-01-15 07:30:00,315.23,07:30:00
2026-01-15 07:45:00,312.35,07:45:00
2026-01-15 08:00:00,309.92,08:00:00
2026-01-15 08:15:00,306.79,08:15:00
2026-01-15 08:30:00,303.24,08:30:00
2026-01-15 08:45:00,299.15,08:45:00
2026-01-15 09:00:00,296.64,09:00:00
2026-01-15 09:15:00,291.14,09:15:00
2026-01-15 09:30:00,284.44,09:30:00
2026-01-15 09:45:00,276.65,09:45:00
2026-01-15 10:00:00,267.98,10:00:00
2026-01-15 10:15:00,262.22,10:15:00
2026-01-15 10:30:00,260.15,10:30:00
2026-01-15 10:45:00,259.98,10:45:00
2026-01-15 11:00:00,258.18,11:00:00
2026-01-15 11:15:00,257.76,11:15:00
2026-01-15 11:30:00,258.94,11:30:00
2026-01-15 11:45:00,260.26,11:45:00
2026-01-15 12:00:00,259.83,12:00:00
2026-01-15 12:15:00,262.31,12:15:00
2026-01-15 12:30:00,266.49,12:30:00
2026-01-15 12:45:00,270.74,12:45:00
2026-01-15 13:00:00,276.06,13:00:00
2026-01-15 13:15:00,284.73,13:15:00
2026-01-15 13:30:00,296.44,13:30:00
2026-01-15 13:45:00,309.31,13:45:00
2026-01-15 14:00:00,321.45,14:00:00
2026-01-15 14:15:00,333.86,14:15:00
2026-01-15 14:30:00,343.34,14:30:00
2026-01-15 14:45:00,351.04,14:45:00
2026-01-15 15:00:00,356.8,15:00:00
2026-01-15 15:15:00,360.58,15:15:00
2026-01-15 15:30:00,361.71,15:30:00
2026-01-15 15:45:00,359.44,15:45:00
2026-01-15 16:00:00,356.21,16:00:00
2026-01-15 16:15:00,351.71,16:15:00
2026-01-15 16:30:00,348.42,16:30:00
2026-01-15 16:45:00,346.06,16:45:00
2026-01-15 17:00:00,344.65,17:00:00
2026-01-15 17:15:00,340.93,17:15:00
2026-01-15 17:30:00,339.14,17:30:00
2026-01-15 17:45:00,336.22,17:45:00
2026-01-15 18:00:00,332.32,18:00:00
2026-01-15 18:15:00,324.27,18:15:00
2026-01-15 18:30:00,318.69,18:30:00
2026-01-15 18:45:00,314.0,18:45:00
2026-01-15 19:00:00,304.23,19:00:00
2026-01-15 19:15:00,299.5,19:15:00
2026-01-15 19:30:00,295.09,19:30:00
2026-01-15 19:45:00,292.61,19:45:00
2026-01-15 20:00:00,283.47,20:00:00
2026-01-15 20:15:00,278.48,20:15:00
2026-01-15 20:30:00,275.51,20:30:00
2026-01-15 20:45:00,270.89,20:45:00
2026-01-15 21:00:00,270.3,21:00:00
2026-01-15 21:15:00,268.96,21:15:00
2026-01-15 21:30:00,267.77,21:30:00
2026-01-15 21:45:00,263.58,21:45:00
2026-01-15 22:00:00,256.86,22:00:00
2026-01-15 22:15:00,253.76,22:15:00
2026-01-15 22:30:00,251.63,22:30:00
2026-01-15 22:45:00,251.0,22:45:00
2026-01-15 23:00:00,244.95,23:00:00
2026-01-15 23:15:00,239.27,23:15:00
2026-01-15 23:30:00,235.24,23:30:00
2026-01-15 23:45:00,233.29,23:45:00
2026-01-16 00:00:00,233.61,00:00:00
2026-01-16 00:15:00,231.63,00:15:00
2026-01-16 00:30:00,229.68,00:30:00
2026-01-16 00:45:00,228.31,00:45:00
2026-01-16 01:00:00,226.7,01:00:00
2026-01-16 01:15:00,225.54,01:15:00
2026-01-16 01:30:00,225.77,01:30:00
2026-01-16 01:45:00,226.05,01:45:00
2026-01-16 02:00:00,227.11,02:00:00
2026-01-16 02:15:00,227.71,02:15:00
2026-01-16 02:30:00,228.99,02:30:00
2026-01-16 02:45:00,231.06,02:45:00
2026-01-16 03:00:00,231.68,03:00:00
2026-01-16 03:15:00,232.8,03:15:00
2026-01-16 03:30:00,234.02,03:30:00
2026-01-16 03:45:00,236.44,03:45:00
2026-01-16 04:00:00,246.1,04:00:00
2026-01-16 04:15:00,250.46,04:15:00
2026-01-16 04:30:00,254.36,04:30:00
2026-01-16 04:45:00,260.64,04:45:00
2026-01-16 05:00:00,263.08,05:00:00
2026-01-16 05:15:00,266.69,05:15:00
2026-01-16 05:30:00,269.81,05:30:00
2026-01-16 05:45:00,276.22,05:45:00
2026-01-16 06:00:00,283.97,06:00:00
2026-01-16 06:15:00,287.68,06:15:00
2026-01-16 06:30:00,293.11,06:30:00
2026-01-16 06:45:00,298.33,06:45:00
2026-01-16 07:00:00,301.63,07:00:00
2026-01-16 07:15:00,306.44,07:15:00
2026-01-16 07:30:00,305.81,07:30:00
2026-01-16 07:45:00,303.48,07:45:00
2026-01-16 08:00:00,303.27,08:00:00
2026-01-16 08:15:00,299.33,08:15:00
2026-01-16 08:30:00,294.95,08:30:00
2026-01-16 08:45:00,290.38,08:45:00
2026-01-16 09:00:00,284.17,09:00:00
2026-01-16 09:15:00,279.56,09:15:00
2026-01-16 09:30:00,277.44,09:30:00
2026-01-16 09:45:00,275.1,09:45:00
2026-01-16 10:00:00,269.81,10:00:00
2026-01-16 10:15:00,268.73,10:15:00
2026-01-16 10:30:00,269.62,10:30:00
2026-01-16 10:45:00,269.32,10:45:00
2026-01-16 11:00:00,268.0,11:00:00
2026-01-16 11:15:00,270.23,11:15:00
2026-01-16 11:30:00,277.06,11:30:00
2026-01-16 11:45:00,281.35,11:45:00
2026-01-16 12:00:00,288.35,12:00:00
2026-01-16 12:15:00,295.53,12:15:00
2026-01-16 12:30:00,302.71,12:30:00
2026-01-16 12:45:00,314.0,12:45:00
2026-01-16 13:00:00,329.06,13:00:00
2026-01-16 13:15:00,341.37,13:15:00
2026-01-16 13:30:00,354.44,13:30:00
2026-01-16 13:45:00,369.65,13:45:00
2026-01-16 14:00:00,382.06,14:00:00
2026-01-16 14:15:00,398.01,14:15:00
2026-01-16 14:30:00,410.41,14:30:00
2026-01-16 14:45:00,420.03,14:45:00
2026-01-16 15:00:00,429.66,15:00:00
2026-01-16 15:15:00,436.88,15:15:00
2026-01-16 15:30:00,441.22,15:30:00
2026-01-16 15:45:00,441.96,15:45:00
2026-01-16 16:00:00,441.1,16:00:00
2026-01-16 16:15:00,438.66,16:15:00
2026-01-16 16:30:00,438.95,16:30:00
2026-01-16 16:45:00,439.23,16:45:00
2026-01-16 17:00:00,435.72,17:00:00
2026-01-16 17:15:00,434.97,17:15:00
2026-01-16 17:30:00,435.34,17:30:00
2026-01-16 17:45:00,436.17,17:45:00
2026-01-16 18:00:00,432.19,18:00:00
2026-01-16 18:15:00,430.47,18:15:00
2026-01-16 18:30:00,428.68,18:30:00
2026-01-16 18:45:00,427.85,18:45:00
2026-01-16 19:00:00,428.99,19:00:00
2026-01-16 19:15:00,427.11,19:15:00
2026-01-16 19:30:00,426.86,19:30:00
2026-01-16 19:45:00,425.67,19:45:00
2026-01-16 20:00:00,423.74,20:00:00
2026-01-16 20:15:00,421.25,20:15:00
2026-01-16 20:30:00,420.12,20:30:00
2026-01-16 20:45:00,420.78,20:45:00
2026-01-16 21:00:00,421.81,21:00:00
2026-01-16 21:15:00,422.54,21:15:00
2026-01-16 21:30:00,425.05,21:30:00
2026-01-16 21:45:00,424.96,21:45:00
2026-01-16 22:00:00,421.31,22:00:00
2026-01-16 22:15:00,419.43,22:15:00
2026-01-16 22:30:00,420.03,22:30:00
2026-01-16 22:45:00,418.28,22:45:00
2026-01-16 23:00:00,416.97,23:00:00
2026-01-16 23:15:00,416.64,23:15:00
2026-01-16 23:30:00,414.94,23:30:00
2026-01-16 23:45:00,414.11,23:45:00
2026-01-17 00:00:00,415.35,00:00:00
2026-01-17 00:15:00,417.58,00:15:00
2026-01-17 00:30:00,418.72,00:30:00
2026-01-17 00:45:00,416.91,00:45:00
2026-01-17 01:00:00,419.95,01:00:00
2026-01-17 01:15:00,418.18,01:15:00
2026-01-17 01:30:00,417.24,01:30:00
2026-01-17 01:45:00,415.34,01:45:00
2026-01-17 02:00:00,413.1,02:00:00
2026-01-17 02:15:00,411.18,02:15:00
2026-01-17 02:30:00,411.38,02:30:00
2026-01-17 02:45:00,410.16,02:45:00
2026-01-17 03:00:00,409.71,03:00:00
2026-01-17 03:15:00,408.27,03:15:00
2026-01-17 03:30:00,407.47,03:30:00
2026-01-17 03:45:00,406.99,03:45:00
2026-01-17 04:00:00,410.05,04:00:00
2026-01-17 04:15:00,409.8,04:15:00
2026-01-17 04:30:00,408.54,04:30:00
2026-01-17 04:45:00,406.4,04:45:00
2026-01-17 05:00:00,402.96,05:00:00
2026-01-17 05:15:00,403.32,05:15:00
2026-01-17 05:30:00,402.44,05:30:00
2026-01-17 05:45:00,403.17,05:45:00
2026-01-17 06:00:00,400.4,06:00:00
2026-01-17 06:15:00,399.18,06:15:00
2026-01-17 06:30:00,398.44,06:30:00
2026-01-17 06:45:00,398.36,06:45:00
2026-01-17 07:00:00,395.7,07:00:00
2026-01-17 07:15:00,395.04,07:15:00
2026-01-17 07:30:00,391.4,07:30:00
2026-01-17 07:45:00,387.4,07:45:00
2026-01-17 08:00:00,382.76,08:00:00
2026-01-17 08:15:00,379.09,08:15:00
2026-01-17 08:30:00,376.63,08:30:00
2026-01-17 08:45:00,373.87,08:45:00
2026-01-17 09:00:00,369.04,09:00:00
2026-01-17 09:15:00,364.3,09:15:00
2026-01-17 09:30:00,359.33,09:30:00
2026-01-17 09:45:00,356.04,09:45:00
2026-01-17 10:00:00,353.51,10:00:00
2026-01-17 10:15:00,353.05,10:15:00
2026-01-17 10:30:00,351.69,10:30:00
2026-01-17 10:45:00,352.43,10:45:00
2026-01-17 11:00:00,353.22,11:00:00
2026-01-17 11:15:00,355.25,11:15:00
2026-01-17 11:30:00,357.77,11:30:00
2026-01-17 11:45:00,360.85,11:45:00
2026-01-17 12:00:00,364.17,12:00:00
2026-01-17 12:15:00,368.17,12:15:00
2026-01-17 12:30:00,371.63,12:30:00
2026-01-17 12:45:00,374.19,12:45:00
2026-01-17 13:00:00,377.77,13:00:00
2026-01-17 13:15:00,381.63,13:15:00
2026-01-17 13:30:00,386.73,13:30:00
2026-01-17 13:45:00,391.33,13:45:00
2026-01-17 14:00:00,397.99,14:00:00
2026-01-17 14:15:00,402.47,14:15:00
2026-01-17 14:30:00,404.04,14:30:00
2026-01-17 14:45:00,405.42,14:45:00
2026-01-17 15:00:00,410.43,15:00:00
2026-01-17 15:15:00,410.17,15:15:00
2026-01-17 15:30:00,406.08,15:30:00
2026-01-17 15:45:00,403.99,15:45:00
2026-01-17 16:00:00,399.99,16:00:00
2026-01-17 16:15:00,398.82,16:15:00
2026-01-17 16:30:00,397.8,16:30:00
2026-01-17 16:45:00,397.05,16:45:00
2026-01-17 17:00:00,398.56,17:00:00
2026-01-17 17:15:00,400.9,17:15:00
2026-01-17 17:30:00,399.61,17:30:00
2026-01-17 17:45:00,396.52,17:45:00
2026-01-17 18:00:00,395.61,18:00:00
2026-01-17 18:15:00,394.05,18:15:00
2026-01-17 18:30:00,393.37,18:30:00
2026-01-17 18:45:00,394.29,18:45:00
2026-01-17 19:00:00,391.15,19:00:00
2026-01-17 19:15:00,388.75,19:15:00
2026-01-17 19:30:00,387.98,19:30:00
2026-01-17 19:45:00,387.84,19:45:00
2026-01-17 20:00:00,387.48,20:00:00
2026-01-17 20:15:00,385.89,20:15:00
2026-01-17 20:30:00,385.39,20:30:00
2026-01-17 20:45:00,384.9,20:45:00
2026-01-17 21:00:00,386.06,21:00:00
2026-01-17 21:15:00,387.22,21:15:00
2026-01-17 21:30:00,388.24,21:30:00
2026-01-17 21:45:00,387.11,21:45:00
2026-01-17 22:00:00,386.69,22:00:00
2026-01-17 22:15:00,387.33,22:15:00
2026-01-17 22:30:00,386.98,22:30:00
2026-01-17 22:45:00,388.05,22:45:00
2026-01-17 23:00:00,390.8,23:00:00
2026-01-17 23:15:00,393.74,23:15:00
2026-01-17 23:30:00,390.48,23:30:00
2026-01-17 23:45:00,389.34,23:45:00
2026-01-18 00:00:00,391.53,00:00:00
2026-01-18 00:15:00,390.93,00:15:00
2026-01-18 00:30:00,390.46,00:30:00
2026-01-18 00:45:00,388.77,00:45:00
2026-01-18 01:00:00,388.97,01:00:00
2026-01-18 01:15:00,389.37,01:15:00
2026-01-18 01:30:00,387.56,01:30:00
2026-01-18 01:45:00,385.43,01:45:00
2026-01-18 02:00:00,383.97,02:00:00
2026-01-18 02:15:00,384.0,02:15:00
2026-01-18 02:30:00,382.08,02:30:00
2026-01-18 02:45:00,382.87,02:45:00
2026-01-18 03:00:00,383.1,03:00:00
2026-01-18 03:15:00,381.47,03:15:00
2026-01-18 03:30:00,378.57,03:30:00
2026-01-18 03:45:00,377.56,03:45:00
2026-01-18 04:00:00,378.75,04:00:00
2026-01-18 04:15:00,379.15,04:15:00
2026-01-18 04:30:00,380.23,04:30:00
2026-01-18 04:45:00,384.21,04:45:00
2026-01-18 05:00:00,387.04,05:00:00
2026-01-18 05:15:00,387.59,05:15:00
2026-01-18 05:30:00,386.68,05:30:00
2026-01-18 05:45:00,385.25,05:45:00
2026-01-18 06:00:00,388.24,06:00:00
2026-01-18 06:15:00,387.16,06:15:00
2026-01-18 06:30:00,388.31,06:30:00
2026-01-18 06:45:00,386.6,06:45:00
2026-01-18 07:00:00,384.6,07:00:00
2026-01-18 07:15:00,382.14,07:15:00
2026-01-18 07:30:00,377.99,07:30:00
2026-01-18 07:45:00,373.58,07:45:00
2026-01-18 08:00:00,371.43,08:00:00
2026-01-18 08:15:00,366.34,08:15:00
2026-01-18 08:30:00,362.68,08:30:00
2026-01-18 08:45:00,358.38,08:45:00
2026-01-18 09:00:00,351.14,09:00:00
2026-01-18 09:15:00,347.05,09:15:00
2026-01-18 09:30:00,341.91,09:30:00
2026-01-18 09:45:00,335.27,09:45:00
2026-01-18 10:00:00,331.0,10:00:00
2026-01-18 10:15:00,327.5,10:15:00
2026-01-18 10:30:00,320.87,10:30:00
2026-01-18 10:45:00,314.68,10:45:00
2026-01-18 11:00:00,309.12,11:00:00
2026-01-18 11:15:00,308.42,11:15:00
2026-01-18 11:30:00,309.23,11:30:00
2026-01-18 11:45:00,313.98,11:45:00
2026-01-18 12:00:00,316.68,12:00:00
2026-01-18 12:15:00,318.11,12:15:00
2026-01-18 12:30:00,320.92,12:30:00
2026-01-18 12:45:00,325.11,12:45:00
2026-01-18 13:00:00,329.87,13:00:00
2026-01-18 13:15:00,337.9,13:15:00
2026-01-18 13:30:00,344.69,13:30:00
2026-01-18 13:45:00,353.24,13:45:00
2026-01-18 14:00:00,364.01,14:00:00
2026-01-18 14:15:00,370.81,14:15:00
2026-01-18 14:30:00,376.67,14:30:00
2026-01-18 14:45:00,382.57,14:45:00
2026-01-18 15:00:00,387.26,15:00:00
2026-01-18 15:15:00,387.94,15:15:00
2026-01-18 15:30:00,386.5,15:30:00
2026-01-18 15:45:00,386.26,15:45:00
2026-01-18 16:00:00,383.73,16:00:00
2026-01-18 16:15:00,381.12,16:15:00
2026-01-18 16:30:00,377.89,16:30:00
2026-01-18 16:45:00,377.24,16:45:00
2026-01-18 17:00:00,374.73,17:00:00
2026-01-18 17:15:00,372.52,17:15:00
2026-01-18 17:30:00,372.3,17:30:00
2026-01-18 17:45:00,372.49,17:45:00
2026-01-18 18:00:00,373.22,18:00:00
2026-01-18 18:15:00,373.02,18:15:00
2026-01-18 18:30:00,372.72,18:30:00
2026-01-18 18:45:00,373.21,18:45:00
2026-01-18 19:00:00,371.59,19:00:00
2026-01-18 19:15:00,370.17,19:15:00
2026-01-18 19:30:00,369.38,19:30:00
2026-01-18 19:45:00,368.77,19:45:00
2026-01-18 20:00:00,365.06,20:00:00
2026-01-18 20:15:00,365.76,20:15:00
2026-01-18 20:30:00,364.92,20:30:00
2026-01-18 20:45:00,365.3,20:45:00
2026-01-18 21:00:00,366.1,21:00:00
2026-01-18 21:15:00,365.58,21:15:00
2026-01-18 21:30:00,367.27,21:30:00
2026-01-18 21:45:00,367.04,21:45:00
2026-01-18 22:00:00,367.23,22:00:00
2026-01-18 22:15:00,366.12,22:15:00
2026-01-18 22:30:00,366.09,22:30:00
2026-01-18 22:45:00,364.14,22:45:00
2026-01-18 23:00:00,362.47,23:00:00
2026-01-18 23:15:00,360.23,23:15:00
2026-01-18 23:30:00,357.7,23:30:00
2026-01-18 23:45:00,354.36,23:45:00
2026-01-19 00:00:00,354.58,00:00:00
2026-01-19 00:15:00,352.86,00:15:00
2026-01-19 00:30:00,351.15,00:30:00
2026-01-19 00:45:00,351.11,00:45:00
2026-01-19 01:00:00,348.59,01:00:00
2026-01-19 01:15:00,347.51,01:15:00
2026-01-19 01:30:00,346.35,01:30:00
2026-01-19 01:45:00,346.33,01:45:00
2026-01-19 02:00:00,346.15,02:00:00
2026-01-19 02:15:00,347.27,02:15:00
2026-01-19 02:30:00,349.81,02:30:00
2026-01-19 02:45:00,349.92,02:45:00
2026-01-19 03:00:00,351.55,03:00:00
2026-01-19 03:15:00,352.83,03:15:00
2026-01-19 03:30:00,354.13,03:30:00
2026-01-19 03:45:00,358.07,03:45:00
2026-01-19 04:00:00,362.29,04:00:00
2026-01-19 04:15:00,365.32,04:15:00
2026-01-19 04:30:00,366.37,04:30:00
2026-01-19 04:45:00,367.9,04:45:00
2026-01-19 05:00:00,368.29,05:00:00
2026-01-19 05:15:00,371.98,05:15:00
2026-01-19 05:30:00,376.08,05:30:00
2026-01-19 05:45:00,380.6,05:45:00
2026-01-19 06:00:00,381.15,06:00:00
2026-01-19 06:15:00,380.84,06:15:00
2026-01-19 06:30:00,380.65,06:30:00
2026-01-19 06:45:00,382.17,06:45:00
2026-01-19 07:00:00,385.25,07:00:00
2026-01-19 07:15:00,382.12,07:15:00
2026-01-19 07:30:00,378.36,07:30:00
2026-01-19 07:45:00,372.85,07:45:00
2026-01-19 08:00:00,368.58,08:00:00
2026-01-19 08:15:00,361.3,08:15:00
2026-01-19 08:30:00,352.82,08:30:00
2026-01-19 08:45:00,344.18,08:45:00
2026-01-19 09:00:00,337.63,09:00:00
2026-01-19 09:15:00,332.33,09:15:00
2026-01-19 09:30:00,325.15,09:30:00
2026-01-19 09:45:00,321.7,09:45:00
2026-01-19 10:00:00,317.37,10:00:00
2026-01-19 10:15:00,314.52,10:15:00
2026-01-19 10:30:00,310.93,10:30:00
2026-01-19 10:45:00,310.98,10:45:00
2026-01-19 11:00:00,311.81,11:00:00
2026-01-19 11:15:00,313.36,11:15:00
2026-01-19 11:30:00,313.97,11:30:00
2026-01-19 11:45:00,316.32,11:45:00
2026-01-19 12:00:00,319.62,12:00:00
2026-01-19 12:15:00,323.76,12:15:00
2026-01-19 12:30:00,327.3,12:30:00
2026-01-19 12:45:00,331.5,12:45:00
2026-01-19 13:00:00,336.28,13:00:00
2026-01-19 13:15:00,343.11,13:15:00
2026-01-19 13:30:00,348.5,13:30:00
2026-01-19 13:45:00,357.64,13:45:00
2026-01-19 14:00:00,368.94,14:00:00
2026-01-19 14:15:00,380.03,14:15:00
2026-01-19 14:30:00,391.35,14:30:00
2026-01-19 14:45:00,401.84,14:45:00
2026-01-19 15:00:00,410.2,15:00:00
2026-01-19 15:15:00,411.42,15:15:00
2026-01-19 15:30:00,407.73,15:30:00
2026-01-19 15:45:00,401.6,15:45:00
2026-01-19 16:00:00,397.1,16:00:00
2026-01-19 16:15:00,395.18,16:15:00
2026-01-19 16:30:00,391.98,16:30:00
2026-01-19 16:45:00,391.23,16:45:00
2026-01-19 17:00:00,392.18,17:00:00
2026-01-19 17:15:00,392.61,17:15:00
2026-01-19 17:30:00,393.38,17:30:00
2026-01-19 17:45:00,394.19,17:45:00
2026-01-19 18:00:00,392.59,18:00:00
2026-01-19 18:15:00,394.67,18:15:00
2026-01-19 18:30:00,394.17,18:30:00
2026-01-19 18:45:00,393.17,18:45:00
2026-01-19 19:00:00,389.03,19:00:00
2026-01-19 19:15:00,387.37,19:15:00
2026-01-19 19:30:00,385.93,19:30:00
2026-01-19 19:45:00,386.77,19:45:00
2026-01-19 20:00:00,390.03,20:00:00
2026-01-19 20:15:00,390.16,20:15:00
2026-01-19 20:30:00,391.4,20:30:00
2026-01-19 20:45:00,392.51,20:45:00
2026-01-19 21:00:00,393.9,21:00:00
2026-01-19 21:15:00,395.81,21:15:00
2026-01-19 21:30:00,399.16,21:30:00
2026-01-19 21:45:00,402.13,21:45:00
2026-01-19 22:00:00,402.38,22:00:00
2026-01-19 22:15:00,403.23,22:15:00
2026-01-19 22:30:00,405.75,22:30:00
2026-01-19 22:45:00,407.84,22:45:00
2026-01-19 23:00:00,410.5,23:00:00
2026-01-19 23:15:00,409.45,23:15:00
2026-01-19 23:30:00,408.71,23:30:00
2026-01-19 23:45:00,410.95,23:45:00
2026-01-20 00:00:00,413.86,00:00:00
2026-01-20 00:15:00,414.44,00:15:00
2026-01-20 00:30:00,416.98,00:30:00
2026-01-20 00:45:00,416.31,00:45:00
2026-01-20 01:00:00,418.48,01:00:00
2026-01-20 01:15:00,418.86,01:15:00
2026-01-20 01:30:00,420.04,01:30:00
2026-01-20 01:45:00,420.72,01:45:00
2026-01-20 02:00:00,421.4,02:00:00
2026-01-20 02:15:00,421.75,02:15:00
2026-01-20 02:30:00,421.97,02:30:00
2026-01-20 02:45:00,421.13,02:45:00
2026-01-20 03:00:00,421.81,03:00:00
2026-01-20 03:15:00,424.52,03:15:00
2026-01-20 03:30:00,426.05,03:30:00
2026-01-20 03:45:00,426.02,03:45:00
2026-01-20 04:00:00,428.6,04:00:00
2026-01-20 04:15:00,431.54,04:15:00
2026-01-20 04:30:00,434.24,04:30:00
2026-01-20 04:45:00,434.9,04:45:00
2026-01-20 05:00:00,434.03,05:00:00
2026-01-20 05:15:00,433.87,05:15:00
2026-01-20 05:30:00,435.99,05:30:00
2026-01-20 05:45:00,438.09,05:45:00
2026-01-20 06:00:00,437.96,06:00:00
2026-01-20 08:15:00,398.68,08:15:00
2026-01-20 08:30:00,387.55,08:30:00
2026-01-20 08:45:00,376.86,08:45:00
2026-01-20 09:00:00,365.66,09:00:00
2026-01-20 09:15:00,355.42,09:15:00
2026-01-20 09:30:00,347.5,09:30:00
2026-01-20 09:45:00,341.86,09:45:00
2026-01-20 10:00:00,337.43,10:00:00
2026-01-20 10:15:00,332.71,10:15:00
2026-01-20 10:30:00,329.32,10:30:00
2026-01-20 10:45:00,326.85,10:45:00
2026-01-20 11:00:00,324.91,11:00:00
2026-01-20 11:15:00,326.12,11:15:00
2026-01-20 11:30:00,328.38,11:30:00
2026-01-20 11:45:00,329.88,11:45:00
2026-01-20 12:00:00,332.62,12:00:00
2026-01-20 12:15:00,336.58,12:15:00
2026-01-20 12:30:00,341.99,12:30:00
2026-01-20 12:45:00,348.04,12:45:00
2026-01-20 13:00:00,356.46,13:00:00
2026-01-20 13:15:00,363.94,13:15:00
2026-01-20 13:30:00,374.04,13:30:00
2026-01-20 13:45:00,386.31,13:45:00
2026-01-20 14:00:00,400.35,14:00:00
2026-01-20 14:15:00,413.61,14:15:00
2026-01-20 17:15:00,402.24,17:15:00
2026-01-20 17:30:00,398.17,17:30:00
2026-01-20 17:45:00,396.05,17:45:00
2026-01-20 18:00:00,391.46,18:00:00
2026-01-20 18:15:00,391.54,18:15:00
2026-01-20 18:45:00,392.34,18:45:00
2026-01-20 19:00:00,389.61,19:00:00
2026-01-20 19:15:00,387.04,19:15:00
2026-01-20 19:30:00,386.72,19:30:00
2026-01-20 19:45:00,386.76,19:45:00
2026-01-20 20:00:00,386.25,20:00:00
2026-01-20 20:15:00,388.64,20:15:00
2026-01-20 20:30:00,392.01,20:30:00
2026-01-20 20:45:00,392.37,20:45:00
2026-01-20 21:00:00,394.18,21:00:00
2026-01-20 21:15:00,395.73,21:15:00
2026-01-20 21:30:00,397.22,21:30:00
2026-01-20 21:45:00,398.67,21:45:00
2026-01-20 22:00:00,395.78,22:00:00
2026-01-20 22:15:00,396.71,22:15:00
2026-01-20 22:30:00,397.78,22:30:00
2026-01-20 22:45:00,397.22,22:45:00
2026-01-20 23:00:00,402.69,23:00:00
2026-01-20 23:15:00,402.47,23:15:00
2026-01-20 23:30:00,399.15,23:30:00
2026-01-20 23:45:00,395.77,23:45:00
2026-01-21 00:00:00,396.87,00:00:00
2026-01-21 00:15:00,396.92,00:15:00
2026-01-21 00:30:00,395.77,00:30:00
2026-01-21 00:45:00,394.39,00:45:00
2026-01-21 01:00:00,394.16,01:00:00
2026-01-21 01:15:00,389.33,01:15:00
2026-01-21 01:30:00,385.4,01:30:00
2026-01-21 01:45:00,383.7,01:45:00
2026-01-21 02:00:00,383.98,02:00:00
2026-01-21 02:15:00,379.93,02:15:00
2026-01-21 02:30:00,378.77,02:30:00
2026-01-21 02:45:00,374.85,02:45:00
2026-01-21 03:00:00,373.3,03:00:00
2026-01-21 03:15:00,371.71,03:15:00
2026-01-21 03:30:00,369.68,03:30:00
2026-01-21 03:45:00,367.03,03:45:00
2026-01-21 04:00:00,365.64,04:00:00
2026-01-21 04:15:00,365.05,04:15:00
2026-01-21 04:30:00,362.98,04:30:00
2026-01-21 04:45:00,365.36,04:45:00
2026-01-21 05:00:00,368.48,05:00:00
2026-01-21 05:15:00,369.1,05:15:00
2026-01-21 05:30:00,370.95,05:30:00
2026-01-21 05:45:00,371.48,05:45:00
2026-01-21 06:00:00,377.06,06:00:00
2026-01-21 06:15:00,376.96,06:15:00
2026-01-21 06:30:00,374.91,06:30:00
2026-01-21 06:45:00,377.06,06:45:00
2026-01-21 07:00:00,378.41,07:00:00
2026-01-21 07:15:00,376.68,07:15:00
2026-01-21 07:30:00,371.71,07:30:00
2026-01-21 07:45:00,367.74,07:45:00
2026-01-21 08:00:00,359.59,08:00:00
2026-01-21 08:15:00,351.07,08:15:00
2026-01-21 08:30:00,342.47,08:30:00
2026-01-21 08:45:00,333.09,08:45:00
2026-01-21 09:00:00,322.54,09:00:00
2026-01-21 09:15:00,314.27,09:15:00
2026-01-21 09:30:00,306.11,09:30:00
2026-01-21 09:45:00,299.97,09:45:00
2026-01-21 10:00:00,291.77,10:00:00
2026-01-21 10:15:00,287.99,10:15:00
2026-01-21 10:30:00,286.53,10:30:00
2026-01-21 10:45:00,286.6,10:45:00
2026-01-21 11:00:00,285.79,11:00:00
2026-01-21 11:15:00,285.01,11:15:00
2026-01-21 11:30:00,285.4,11:30:00
2026-01-21 11:45:00,284.12,11:45:00
2026-01-21 12:00:00,281.83,12:00:00
2026-01-21 12:15:00,284.78,12:15:00
2026-01-21 12:30:00,288.23,12:30:00
2026-01-21 12:45:00,291.74,12:45:00
2026-01-21 13:00:00,304.36,13:00:00
2026-01-21 13:15:00,313.98,13:15:00
2026-01-21 13:30:00,321.2,13:30:00
2026-01-21 13:45:00,328.81,13:45:00
2026-01-21 14:00:00,337.86,14:00:00
2026-01-21 14:15:00,347.45,14:15:00
2026-01-21 14:30:00,356.87,14:30:00
2026-01-21 14:45:00,363.85,14:45:00
2026-01-21 15:00:00,372.56,15:00:00
2026-01-21 15:15:00,373.43,15:15:00
2026-01-21 15:30:00,373.25,15:30:00
2026-01-21 15:45:00,372.45,15:45:00
2026-01-21 16:00:00,369.22,16:00:00
2026-01-21 16:15:00,364.9,16:15:00
2026-01-21 16:30:00,360.85,16:30:00
2026-01-21 16:45:00,358.1,16:45:00
2026-01-21 17:00:00,356.47,17:00:00
2026-01-21 17:15:00,354.08,17:15:00
2026-01-21 17:30:00,352.04,17:30:00
2026-01-21 17:45:00,351.71,17:45:00
2026-01-21 18:00:00,351.7,18:00:00
2026-01-21 18:15:00,350.07,18:15:00
2026-01-21 18:30:00,351.25,18:30:00
2026-01-21 18:45:00,350.95,18:45:00
2026-01-21 19:00:00,350.2,19:00:00
2026-01-21 19:15:00,349.53,19:15:00
2026-01-21 19:30:00,349.42,19:30:00
2026-01-21 19:45:00,349.38,19:45:00
2026-01-21 20:00:00,346.44,20:00:00
2026-01-21 20:15:00,344.6,20:15:00
2026-01-21 20:30:00,344.9,20:30:00
2026-01-21 20:45:00,345.33,20:45:00
2026-01-21 21:00:00,347.96,21:00:00
2026-01-21 21:15:00,344.72,21:15:00
2026-01-21 21:30:00,344.69,21:30:00
2026-01-21 21:45:00,344.76,21:45:00
2026-01-21 22:00:00,339.59,22:00:00
2026-01-21 22:15:00,340.25,22:15:00
2026-01-21 22:30:00,343.1,22:30:00
2026-01-21 22:45:00,341.39,22:45:00
2026-01-21 23:00:00,340.39,23:00:00
2026-01-21 23:15:00,339.24,23:15:00
2026-01-21 23:30:00,336.83,23:30:00
2026-01-21 23:45:00,336.34,23:45:00
2026-01-22 00:00:00,334.14,00:00:00
2026-01-22 00:15:00,330.99,00:15:00
2026-01-22 00:30:00,331.75,00:30:00
2026-01-22 00:45:00,331.6,00:45:00
2026-01-22 01:00:00,331.18,01:00:00
2026-01-22 01:15:00,330.59,01:15:00
2026-01-22 01:30:00,331.11,01:30:00
2026-01-22 01:45:00,330.7,01:45:00
2026-01-22 02:00:00,332.39,02:00:00
2026-01-22 02:15:00,333.45,02:15:00
2026-01-22 02:30:00,332.69,02:30:00
2026-01-22 02:45:00,333.43,02:45:00
2026-01-22 03:00:00,334.11,03:00:00
2026-01-22 03:15:00,333.57,03:15:00
2026-01-22 03:30:00,332.48,03:30:00
2026-01-22 03:45:00,332.16,03:45:00
2026-01-22 04:00:00,332.66,04:00:00
2026-01-22 04:15:00,333.39,04:15:00
2026-01-22 04:30:00,335.33,04:30:00
2026-01-22 04:45:00,338.58,04:45:00
2026-01-22 05:00:00,339.46,05:00:00
2026-01-22 05:15:00,339.58,05:15:00
2026-01-22 05:30:00,340.35,05:30:00
2026-01-22 05:45:00,341.73,05:45:00
2026-01-22 06:00:00,345.84,06:00:00
2026-01-22 06:15:00,347.77,06:15:00
2026-01-22 06:30:00,347.39,06:30:00
2026-01-22 06:45:00,348.45,06:45:00
2026-01-22 07:00:00,348.09,07:00:00
2026-01-22 07:15:00,346.5,07:15:00
2026-01-22 07:30:00,342.24,07:30:00
2026-01-22 07:45:00,338.96,07:45:00
2026-01-22 08:00:00,338.36,08:00:00
2026-01-22 08:15:00,332.79,08:15:00
2026-01-22 08:30:00,327.48,08:30:00
2026-01-22 08:45:00,322.04,08:45:00
2026-01-22 09:00:00,314.51,09:00:00
2026-01-22 09:15:00,306.95,09:15:00
2026-01-22 09:30:00,299.47,09:30:00
2026-01-22 09:45:00,293.6,09:45:00
2026-01-22 10:00:00,287.41,10:00:00
2026-01-22 10:15:00,282.8,10:15:00
2026-01-22 10:30:00,282.22,10:30:00
2026-01-22 10:45:00,282.55,10:45:00
2026-01-22 11:00:00,279.27,11:00:00
2026-01-22 11:15:00,278.31,11:15:00
2026-01-22 11:30:00,277.75,11:30:00
2026-01-22 11:45:00,276.85,11:45:00
2026-01-22 12:00:00,275.5,12:00:00
2026-01-22 12:15:00,277.06,12:15:00
2026-01-22 12:30:00,276.71,12:30:00
2026-01-22 12:45:00,282.67,12:45:00
2026-01-22 13:00:00,287.18,13:00:00
2026-01-22 13:15:00,295.52,13:15:00
2026-01-22 13:30:00,303.51,13:30:00
2026-01-22 13:45:00,315.26,13:45:00
2026-01-22 14:00:00,326.79,14:00:00
2026-01-22 14:15:00,338.62,14:15:00
2026-01-22 14:30:00,347.05,14:30:00
2026-01-22 14:45:00,356.55,14:45:00
2026-01-22 15:00:00,363.47,15:00:00
2026-01-22 15:15:00,364.68,15:15:00
2026-01-22 15:30:00,363.68,15:30:00
2026-01-22 15:45:00,361.47,15:45:00
2026-01-22 16:00:00,357.08,16:00:00
2026-01-22 16:15:00,355.66,16:15:00
2026-01-22 16:30:00,353.68,16:30:00
2026-01-22 16:45:00,353.23,16:45:00
2026-01-22 17:00:00,353.02,17:00:00
2026-01-22 17:15:00,353.68,17:15:00
2026-01-22 17:30:00,353.65,17:30:00
2026-01-22 17:45:00,352.83,17:45:00
2026-01-22 18:00:00,350.89,18:00:00
2026-01-22 18:15:00,348.8,18:15:00
2026-01-22 18:30:00,346.75,18:30:00
2026-01-22 18:45:00,344.62,18:45:00
2026-01-22 19:00:00,344.77,19:00:00
2026-01-22 19:15:00,345.3,19:15:00
2026-01-22 19:30:00,345.46,19:30:00
2026-01-22 19:45:00,344.05,19:45:00
2026-01-22 20:00:00,343.06,20:00:00
2026-01-22 20:15:00,343.14,20:15:00
2026-01-22 20:30:00,342.84,20:30:00
2026-01-22 20:45:00,344.76,20:45:00
2026-01-22 21:00:00,346.14,21:00:00
2026-01-22 21:15:00,344.12,21:15:00
2026-01-22 21:30:00,344.63,21:30:00
2026-01-22 21:45:00,345.99,21:45:00
2026-01-22 22:00:00,343.21,22:00:00
2026-01-22 22:15:00,343.09,22:15:00
2026-01-22 22:30:00,344.87,22:30:00
2026-01-22 22:45:00,344.48,22:45:00
2026-01-22 23:00:00,341.54,23:00:00
2026-01-22 23:15:00,341.31,23:15:00
2026-01-22 23:30:00,341.6,23:30:00
2026-01-22 23:45:00,339.56,23:45:00
2026-01-23 00:00:00,340.0,00:00:00
2026-01-23 00:15:00,339.29,00:15:00
2026-01-23 00:30:00,338.6,00:30:00
2026-01-23 00:45:00,339.36,00:45:00
2026-01-23 01:00:00,342.59,01:00:00
2026-01-23 01:15:00,340.94,01:15:00
2026-01-23 01:30:00,339.7,01:30:00
2026-01-23 01:45:00,337.77,01:45:00
2026-01-23 02:00:00,334.42,02:00:00
2026-01-23 02:15:00,332.77,02:15:00
2026-01-23 02:30:00,332.37,02:30:00
2026-01-23 02:45:00,331.84,02:45:00
2026-01-23 03:00:00,335.37,03:00:00
2026-01-23 03:15:00,335.79,03:15:00
2026-01-23 03:30:00,336.08,03:30:00
2026-01-23 03:45:00,335.63,03:45:00
2026-01-23 04:00:00,336.43,04:00:00
2026-01-23 04:15:00,334.34,04:15:00
2026-01-23 04:30:00,336.19,04:30:00
2026-01-23 04:45:00,339.86,04:45:00
2026-01-23 05:00:00,333.26,05:00:00
2026-01-23 05:15:00,333.18,05:15:00
2026-01-23 05:30:00,334.84,05:30:00
2026-01-23 05:45:00,338.49,05:45:00
2026-01-23 06:00:00,342.11,06:00:00
2026-01-23 06:15:00,346.06,06:15:00
2026-01-23 06:30:00,347.99,06:30:00
2026-01-23 06:45:00,349.48,06:45:00
2026-01-23 07:00:00,345.43,07:00:00
2026-01-23 07:15:00,343.14,07:15:00
2026-01-23 07:30:00,340.21,07:30:00
2026-01-23 07:45:00,338.71,07:45:00
2026-01-23 08:00:00,335.96,08:00:00
2026-01-23 08:15:00,330.95,08:15:00
2026-01-23 08:30:00,327.26,08:30:00
2026-01-23 08:45:00,321.77,08:45:00
2026-01-23 09:00:00,311.96,09:00:00
2026-01-23 09:15:00,301.21,09:15:00
2026-01-23 09:30:00,291.57,09:30:00
2026-01-23 09:45:00,284.92,09:45:00
2026-01-23 10:00:00,273.14,10:00:00
2026-01-23 10:15:00,266.12,10:15:00
2026-01-23 10:30:00,261.25,10:30:00
2026-01-23 10:45:00,259.26,10:45:00
2026-01-23 11:00:00,256.19,11:00:00
2026-01-23 11:15:00,253.39,11:15:00
2026-01-23 11:30:00,252.74,11:30:00
2026-01-23 11:45:00,251.92,11:45:00
2026-01-23 12:00:00,252.17,12:00:00
2026-01-23 12:15:00,254.05,12:15:00
2026-01-23 12:30:00,256.71,12:30:00
2026-01-23 12:45:00,260.74,12:45:00
2026-01-23 13:00:00,268.01,13:00:00
2026-01-23 13:15:00,272.97,13:15:00
2026-01-23 13:30:00,277.8,13:30:00
2026-01-23 13:45:00,284.73,13:45:00
2026-01-23 14:00:00,292.69,14:00:00
2026-01-23 14:15:00,300.68,14:15:00
2026-01-23 14:30:00,307.31,14:30:00
2026-01-23 14:45:00,314.25,14:45:00
2026-01-23 15:00:00,322.73,15:00:00
2026-01-23 15:15:00,325.7,15:15:00
2026-01-23 15:30:00,328.13,15:30:00
2026-01-23 15:45:00,330.98,15:45:00
2026-01-23 16:00:00,334.15,16:00:00
2026-01-23 16:15:00,334.04,16:15:00
2026-01-23 16:30:00,333.0,16:30:00
2026-01-23 16:45:00,333.66,16:45:00
2026-01-23 17:00:00,333.59,17:00:00
2026-01-23 17:15:00,333.62,17:15:00
2026-01-23 17:30:00,334.34,17:30:00
2026-01-23 17:45:00,333.95,17:45:00
2026-01-23 18:00:00,331.14,18:00:00
2026-01-23 18:15:00,328.59,18:15:00
2026-01-23 18:30:00,328.11,18:30:00
2026-01-23 18:45:00,329.58,18:45:00
2026-01-23 19:00:00,329.26,19:00:00
2026-01-23 19:15:00,329.43,19:15:00
2026-01-23 19:30:00,330.27,19:30:00
2026-01-23 19:45:00,331.8,19:45:00
2026-01-23 20:00:00,325.55,20:00:00
2026-01-23 20:15:00,323.49,20:15:00
2026-01-23 20:30:00,324.01,20:30:00
2026-01-23 20:45:00,325.57,20:45:00
2026-01-23 21:00:00,331.34,21:00:00
2026-01-23 21:15:00,330.52,21:15:00
2026-01-23 21:30:00,327.28,21:30:00
2026-01-23 21:45:00,328.18,21:45:00
2026-01-23 22:00:00,327.39,22:00:00
2026-01-23 22:15:00,327.19,22:15:00
2026-01-23 22:30:00,328.91,22:30:00
2026-01-23 22:45:00,328.19,22:45:00
2026-01-23 23:00:00,323.81,23:00:00
2026-01-23 23:15:00,322.57,23:15:00
2026-01-23 23:30:00,322.12,23:30:00
2026-01-23 23:45:00,321.42,23:45:00
2026-01-24 00:00:00,317.07,00:00:00
2026-01-24 00:15:00,316.95,00:15:00
2026-01-24 00:30:00,318.5,00:30:00
2026-01-24 00:45:00,320.91,00:45:00
2026-01-24 01:00:00,320.25,01:00:00
2026-01-24 01:15:00,320.64,01:15:00
2026-01-24 01:30:00,320.2,01:30:00
2026-01-24 01:45:00,320.8,01:45:00
2026-01-24 02:00:00,322.92,02:00:00
2026-01-24 02:15:00,324.41,02:15:00
2026-01-24 02:30:00,327.35,02:30:00
2026-01-24 02:45:00,329.06,02:45:00
2026-01-24 03:00:00,330.13,03:00:00
2026-01-24 03:15:00,333.3,03:15:00
2026-01-24 03:30:00,334.23,03:30:00
2026-01-24 03:45:00,335.28,03:45:00
2026-01-24 04:00:00,336.72,04:00:00
2026-01-24 04:15:00,336.53,04:15:00
2026-01-24 04:30:00,337.92,04:30:00
2026-01-24 04:45:00,340.21,04:45:00
2026-01-24 05:00:00,338.55,05:00:00
2026-01-24 05:15:00,338.27,05:15:00
2026-01-24 05:30:00,341.29,05:30:00
2026-01-24 05:45:00,342.98,05:45:00
2026-01-24 06:00:00,345.82,06:00:00
2026-01-24 06:15:00,349.59,06:15:00
2026-01-24 06:30:00,350.51,06:30:00
2026-01-24 06:45:00,352.88,06:45:00
2026-01-24 07:00:00,357.36,07:00:00
2026-01-24 07:15:00,360.29,07:15:00
2026-01-24 07:30:00,360.35,07:30:00
2026-01-24 07:45:00,358.9,07:45:00
2026-01-24 08:00:00,356.24,08:00:00
2026-01-24 08:15:00,352.25,08:15:00
2026-01-24 08:30:00,350.2,08:30:00
2026-01-24 08:45:00,346.87,08:45:00
2026-01-24 09:00:00,341.28,09:00:00
2026-01-24 09:15:00,336.52,09:15:00
2026-01-24 09:30:00,331.81,09:30:00
2026-01-24 09:45:00,326.11,09:45:00
2026-01-24 10:00:00,322.1,10:00:00
2026-01-24 10:15:00,318.14,10:15:00
2026-01-24 10:30:00,318.0,10:30:00
2026-01-24 10:45:00,319.49,10:45:00
2026-01-24 11:00:00,318.51,11:00:00
2026-01-24 11:15:00,318.03,11:15:00
2026-01-24 11:30:00,321.07,11:30:00
2026-01-24 11:45:00,321.4,11:45:00
2026-01-24 12:00:00,322.52,12:00:00
2026-01-24 12:15:00,322.67,12:15:00
2026-01-24 12:30:00,324.09,12:30:00
2026-01-24 12:45:00,325.46,12:45:00
2026-01-24 13:00:00,330.05,13:00:00
2026-01-24 13:15:00,334.3,13:15:00
2026-01-24 13:30:00,337.75,13:30:00
2026-01-24 13:45:00,340.74,13:45:00
2026-01-24 14:00:00,350.66,14:00:00
2026-01-24 14:15:00,355.68,14:15:00
2026-01-24 14:30:00,360.11,14:30:00
2026-01-24 14:45:00,366.15,14:45:00
2026-01-24 15:00:00,371.18,15:00:00
2026-01-24 15:15:00,377.34,15:15:00
2026-01-24 15:30:00,378.38,15:30:00
2026-01-24 15:45:00,379.35,15:45:00
2026-01-24 16:00:00,379.27,16:00:00
2026-01-24 16:15:00,378.59,16:15:00
2026-01-24 16:30:00,377.43,16:30:00
2026-01-24 16:45:00,376.11,16:45:00
2026-01-24 17:00:00,376.52,17:00:00
2026-01-24 17:15:00,376.1,17:15:00
2026-01-24 17:30:00,376.53,17:30:00
2026-01-24 17:45:00,376.51,17:45:00
2026-01-24 18:00:00,375.34,18:00:00
2026-01-24 18:15:00,375.36,18:15:00
2026-01-24 18:30:00,374.43,18:30:00
2026-01-24 18:45:00,373.81,18:45:00
2026-01-24 19:00:00,373.63,19:00:00
2026-01-24 19:15:00,372.52,19:15:00
2026-01-24 19:30:00,371.46,19:30:00
2026-01-24 19:45:00,372.26,19:45:00
2026-01-24 20:00:00,371.03,20:00:00
2026-01-24 20:15:00,371.67,20:15:00
2026-01-24 20:30:00,372.9,20:30:00
2026-01-24 20:45:00,373.71,20:45:00
2026-01-24 21:00:00,373.55,21:00:00
2026-01-24 21:15:00,373.95,21:15:00
2026-01-24 21:30:00,378.32,21:30:00
2026-01-24 21:45:00,376.0,21:45:00
2026-01-24 22:00:00,373.42,22:00:00
2026-01-24 22:15:00,374.32,22:15:00
2026-01-24 22:30:00,378.16,22:30:00
2026-01-24 22:45:00,381.31,22:45:00
2026-01-24 23:00:00,378.66,23:00:00
2026-01-24 23:15:00,377.56,23:15:00
2026-01-24 23:30:00,375.1,23:30:00
2026-01-24 23:45:00,372.74,23:45:00
2026-01-25 00:00:00,370.1,00:00:00
2026-01-25 00:15:00,369.76,00:15:00
2026-01-25 00:30:00,372.19,00:30:00
2026-01-25 00:45:00,370.35,00:45:00
2026-01-25 01:00:00,374.67,01:00:00
2026-01-25 01:15:00,375.78,01:15:00
2026-01-25 01:30:00,376.81,01:30:00
2026-01-25 01:45:00,374.91,01:45:00
2026-01-25 02:00:00,374.32,02:00:00
2026-01-25 02:15:00,375.07,02:15:00
2026-01-25 02:30:00,376.66,02:30:00
2026-01-25 02:45:00,377.49,02:45:00
2026-01-25 03:00:00,379.64,03:00:00
2026-01-25 03:15:00,381.82,03:15:00
2026-01-25 03:30:00,381.36,03:30:00
2026-01-25 03:45:00,381.59,03:45:00
2026-01-25 04:00:00,383.16,04:00:00
2026-01-25 04:15:00,384.09,04:15:00
2026-01-25 04:30:00,385.32,04:30:00
2026-01-25 04:45:00,386.07,04:45:00
2026-01-25 05:00:00,386.8,05:00:00
2026-01-25 05:15:00,388.58,05:15:00
2026-01-25 05:30:00,390.61,05:30:00
2026-01-25 05:45:00,391.87,05:45:00
2026-01-25 06:00:00,392.56,06:00:00
2026-01-25 06:15:00,389.64,06:15:00
2026-01-25 06:30:00,389.43,06:30:00
2026-01-25 06:45:00,390.05,06:45:00
2026-01-25 07:00:00,395.81,07:00:00
2026-01-25 07:15:00,394.47,07:15:00
2026-01-25 07:30:00,392.59,07:30:00
2026-01-25 07:45:00,389.58,07:45:00
2026-01-25 08:00:00,387.08,08:00:00
2026-01-25 08:15:00,382.93,08:15:00
2026-01-25 08:30:00,377.24,08:30:00
2026-01-25 08:45:00,371.96,08:45:00
2026-01-25 09:00:00,368.67,09:00:00
2026-01-25 09:15:00,363.52,09:15:00
2026-01-25 09:30:00,360.55,09:30:00
2026-01-25 09:45:00,356.12,09:45:00
2026-01-25 10:00:00,354.67,10:00:00
2026-01-25 10:15:00,353.13,10:15:00
2026-01-25 10:30:00,350.9,10:30:00
2026-01-25 10:45:00,349.93,10:45:00
2026-01-25 11:00:00,353.65,11:00:00
2026-01-25 11:15:00,354.92,11:15:00
2026-01-25 11:30:00,356.16,11:30:00
2026-01-25 11:45:00,357.03,11:45:00
2026-01-25 12:00:00,355.6,12:00:00
2026-01-25 12:15:00,355.75,12:15:00
2026-01-25 12:30:00,356.22,12:30:00
2026-01-25 12:45:00,358.48,12:45:00
2026-01-25 13:00:00,359.93,13:00:00
2026-01-25 13:15:00,361.89,13:15:00
2026-01-25 13:30:00,363.73,13:30:00
2026-01-25 13:45:00,366.67,13:45:00
2026-01-25 14:00:00,370.06,14:00:00
2026-01-25 14:15:00,372.88,14:15:00
2026-01-25 14:30:00,377.09,14:30:00
2026-01-25 14:45:00,382.02,14:45:00
2026-01-25 15:00:00,383.89,15:00:00
2026-01-25 15:15:00,385.64,15:15:00
2026-01-25 15:30:00,385.34,15:30:00
2026-01-25 15:45:00,384.12,15:45:00
2026-01-25 16:00:00,382.0,16:00:00
2026-01-25 16:15:00,380.28,16:15:00
2026-01-25 16:30:00,381.34,16:30:00
2026-01-25 16:45:00,381.77,16:45:00
2026-01-25 17:00:00,384.56,17:00:00
2026-01-25 17:15:00,386.74,17:15:00
2026-01-25 17:30:00,388.63,17:30:00
2026-01-25 17:45:00,391.58,17:45:00
2026-01-25 18:00:00,393.39,18:00:00
2026-01-25 18:15:00,394.41,18:15:00
2026-01-25 18:30:00,394.74,18:30:00
2026-01-25 18:45:00,394.55,18:45:00
2026-01-25 19:00:00,391.69,19:00:00
2026-01-25 19:15:00,391.71,19:15:00
2026-01-25 19:30:00,392.7,19:30:00
2026-01-25 19:45:00,394.56,19:45:00
2026-01-25 20:00:00,395.81,20:00:00
2026-01-25 20:15:00,397.11,20:15:00
2026-01-25 20:30:00,399.99,20:30:00
2026-01-25 20:45:00,401.27,20:45:00
2026-01-25 21:00:00,402.37,21:00:00
2026-01-25 21:15:00,403.69,21:15:00
2026-01-25 21:30:00,406.32,21:30:00
2026-01-25 21:45:00,406.79,21:45:00
2026-01-25 22:00:00,407.97,22:00:00
2026-01-25 22:15:00,409.65,22:15:00
2026-01-25 22:30:00,412.53,22:30:00
2026-01-25 22:45:00,410.34,22:45:00
2026-01-25 23:00:00,408.76,23:00:00
2026-01-25 23:15:00,410.83,23:15:00
2026-01-25 23:30:00,415.97,23:30:00
2026-01-25 23:45:00,419.62,23:45:00
2026-01-26 00:00:00,415.55,00:00:00
2026-01-26 00:15:00,414.58,00:15:00
2026-01-26 00:30:00,413.91,00:30:00
2026-01-26 00:45:00,413.01,00:45:00
2026-01-26 01:00:00,411.16,01:00:00
2026-01-26 01:15:00,407.99,01:15:00
2026-01-26 01:30:00,406.83,01:30:00
2026-01-26 01:45:00,403.96,01:45:00
2026-01-26 02:00:00,401.33,02:00:00
2026-01-26 02:15:00,400.09,02:15:00
2026-01-26 02:30:00,396.08,02:30:00
2026-01-26 02:45:00,395.18,02:45:00
2026-01-26 03:00:00,394.47,03:00:00
2026-01-26 03:15:00,396.1,03:15:00
2026-01-26 03:30:00,394.68,03:30:00
2026-01-26 03:45:00,396.07,03:45:00
2026-01-26 04:00:00,400.05,04:00:00
2026-01-26 04:15:00,400.49,04:15:00
2026-01-26 04:30:00,401.29,04:30:00
2026-01-26 04:45:00,400.4,04:45:00
2026-01-26 05:00:00,398.53,05:00:00
2026-01-26 05:15:00,397.36,05:15:00
2026-01-26 05:30:00,395.4,05:30:00
2026-01-26 05:45:00,397.08,05:45:00
2026-01-26 06:00:00,398.38,06:00:00
2026-01-26 06:15:00,399.03,06:15:00
2026-01-26 06:30:00,399.88,06:30:00
2026-01-26 06:45:00,400.55,06:45:00
2026-01-26 07:00:00,394.16,07:00:00
2026-01-26 07:15:00,392.42,07:15:00
2026-01-26 07:30:00,392.63,07:30:00
2026-01-26 07:45:00,392.45,07:45:00
2026-01-26 08:00:00,396.11,08:00:00
2026-01-26 08:15:00,395.19,08:15:00
2026-01-26 08:30:00,394.48,08:30:00
2026-01-26 08:45:00,393.28,08:45:00
2026-01-26 09:00:00,390.63,09:00:00
2026-01-26 09:15:00,385.23,09:15:00
2026-01-26 09:30:00,383.79,09:30:00
2026-01-26 09:45:00,383.17,09:45:00
2026-01-26 10:00:00,381.9,10:00:00
2026-01-26 10:15:00,380.72,10:15:00
2026-01-26 10:30:00,380.77,10:30:00
2026-01-26 10:45:00,380.61,10:45:00
2026-01-26 11:00:00,376.66,11:00:00
2026-01-26 11:15:00,376.23,11:15:00
2026-01-26 11:30:00,377.48,11:30:00
2026-01-26 11:45:00,377.53,11:45:00
2026-01-26 12:00:00,373.58,12:00:00
2026-01-26 12:15:00,373.84,12:15:00
2026-01-26 12:30:00,376.67,12:30:00
2026-01-26 12:45:00,378.71,12:45:00
2026-01-26 13:00:00,380.83,13:00:00
2026-01-26 13:15:00,382.44,13:15:00
2026-01-26 13:30:00,382.4,13:30:00
2026-01-26 13:45:00,383.82,13:45:00
2026-01-26 14:00:00,387.08,14:00:00
2026-01-26 14:15:00,390.95,14:15:00
2026-01-26 14:30:00,394.16,14:30:00
2026-01-26 14:45:00,396.38,14:45:00
2026-01-26 15:00:00,394.57,15:00:00
2026-01-26 15:15:00,397.36,15:15:00
2026-01-26 15:30:00,399.69,15:30:00
2026-01-26 15:45:00,401.12,15:45:00
2026-01-26 16:00:00,400.17,16:00:00
2026-01-26 16:15:00,399.82,16:15:00
2026-01-26 16:30:00,400.33,16:30:00
2026-01-26 16:45:00,403.86,16:45:00
2026-01-26 17:00:00,404.96,17:00:00
2026-01-26 17:15:00,407.1,17:15:00
2026-01-26 17:30:00,411.67,17:30:00
2026-01-26 17:45:00,416.7,17:45:00
2026-01-26 18:00:00,417.44,18:00:00
2026-01-26 18:15:00,417.1,18:15:00
2026-01-26 18:30:00,415.2,18:30:00
2026-01-26 18:45:00,416.67,18:45:00
2026-01-26 19:00:00,417.5,19:00:00
2026-01-26 19:15:00,419.41,19:15:00
2026-01-26 19:30:00,419.52,19:30:00
2026-01-26 19:45:00,419.01,19:45:00
2026-01-26 20:00:00,419.43,20:00:00
2026-01-26 20:15:00,419.97,20:15:00
2026-01-26 20:30:00,420.03,20:30:00
2026-01-26 20:45:00,421.34,20:45:00
2026-01-26 21:00:00,421.78,21:00:00
2026-01-26 21:15:00,423.42,21:15:00
2026-01-26 21:30:00,426.18,21:30:00
2026-01-26 21:45:00,423.91,21:45:00
2026-01-26 22:00:00,420.31,22:00:00
2026-01-26 22:15:00,420.18,22:15:00
2026-01-26 22:30:00,421.7,22:30:00
2026-01-26 22:45:00,420.77,22:45:00
2026-01-26 23:00:00,417.54,23:00:00
2026-01-26 23:15:00,416.12,23:15:00
2026-01-26 23:30:00,418.44,23:30:00
2026-01-26 23:45:00,422.83,23:45:00
2026-01-27 00:00:00,425.21,00:00:00
2026-01-27 00:15:00,427.39,00:15:00
2026-01-27 00:30:00,431.34,00:30:00
2026-01-27 00:45:00,434.37,00:45:00
2026-01-27 01:00:00,435.21,01:00:00
2026-01-27 01:15:00,437.63,01:15:00
2026-01-27 01:30:00,440.04,01:30:00
2026-01-27 01:45:00,440.52,01:45:00
2026-01-27 02:00:00,440.05,02:00:00
2026-01-27 02:15:00,434.86,02:15:00
2026-01-27 02:30:00,431.51,02:30:00
2026-01-27 02:45:00,427.99,02:45:00
2026-01-27 03:00:00,426.93,03:00:00
2026-01-27 03:15:00,425.29,03:15:00
2026-01-27 03:30:00,423.35,03:30:00
2026-01-27 03:45:00,423.05,03:45:00
2026-01-27 04:00:00,418.42,04:00:00
2026-01-27 04:15:00,420.1,04:15:00
2026-01-27 04:30:00,422.67,04:30:00
2026-01-27 04:45:00,423.33,04:45:00
2026-01-27 05:00:00,422.14,05:00:00
2026-01-27 05:15:00,420.16,05:15:00
2026-01-27 05:30:00,416.36,05:30:00
2026-01-27 05:45:00,417.7,05:45:00
2026-01-27 06:00:00,419.63,06:00:00
2026-01-27 06:15:00,420.68,06:15:00
2026-01-27 06:30:00,418.44,06:30:00
2026-01-27 06:45:00,417.6,06:45:00
2026-01-27 07:00:00,413.6,07:00:00
2026-01-27 07:15:00,411.1,07:15:00
2026-01-27 07:30:00,407.66,07:30:00
2026-01-27 07:45:00,404.99,07:45:00
2026-01-27 08:00:00,402.47,08:00:00
2026-01-27 08:15:00,396.29,08:15:00
2026-01-27 08:30:00,387.77,08:30:00
2026-01-27 08:45:00,379.93,08:45:00
2026-01-27 09:00:00,373.1,09:00:00
2026-01-27 09:15:00,368.45,09:15:00
2026-01-27 09:30:00,363.31,09:30:00
2026-01-27 09:45:00,359.82,09:45:00
2026-01-27 10:00:00,355.49,10:00:00
2026-01-27 10:15:00,352.27,10:15:00
2026-01-27 10:30:00,349.64,10:30:00
2026-01-27 10:45:00,347.48,10:45:00
2026-01-27 11:00:00,344.61,11:00:00
2026-01-27 11:15:00,343.86,11:15:00
2026-01-27 11:30:00,343.99,11:30:00
2026-01-27 11:45:00,344.03,11:45:00
2026-01-27 12:00:00,343.66,12:00:00
2026-01-27 12:15:00,343.63,12:15:00
2026-01-27 12:30:00,343.49,12:30:00
2026-01-27 12:45:00,343.98,12:45:00
2026-01-27 13:00:00,343.94,13:00:00
2026-01-27 13:15:00,345.36,13:15:00
2026-01-27 13:30:00,345.7,13:30:00
2026-01-27 13:45:00,346.53,13:45:00
2026-01-27 14:00:00,345.34,14:00:00
2026-01-27 14:15:00,347.64,14:15:00
2026-01-27 14:30:00,347.97,14:30:00
2026-01-27 14:45:00,347.37,14:45:00
2026-01-27 15:00:00,348.03,15:00:00
2026-01-27 15:15:00,347.35,15:15:00
2026-01-27 15:30:00,346.13,15:30:00
2026-01-27 15:45:00,346.73,15:45:00
2026-01-27 16:00:00,344.76,16:00:00
2026-01-27 16:15:00,345.48,16:15:00
2026-01-27 16:30:00,346.02,16:30:00
2026-01-27 16:45:00,347.2,16:45:00
2026-01-27 17:00:00,348.23,17:00:00
2026-01-27 17:15:00,350.71,17:15:00
2026-01-27 17:30:00,352.45,17:30:00
2026-01-27 17:45:00,353.15,17:45:00
2026-01-27 18:00:00,351.38,18:00:00
2026-01-27 18:15:00,351.54,18:15:00
2026-01-27 18:30:00,352.48,18:30:00
2026-01-27 18:45:00,354.18,18:45:00
2026-01-27 19:00:00,355.24,19:00:00
2026-01-27 19:15:00,355.43,19:15:00
2026-01-27 19:30:00,357.46,19:30:00
2026-01-27 19:45:00,358.81,19:45:00
2026-01-27 20:00:00,360.26,20:00:00
2026-01-27 20:15:00,362.16,20:15:00
2026-01-27 20:30:00,363.19,20:30:00
2026-01-27 20:45:00,365.31,20:45:00
2026-01-27 21:00:00,366.37,21:00:00
2026-01-27 21:15:00,366.91,21:15:00
2026-01-27 21:30:00,369.91,21:30:00
2026-01-27 21:45:00,369.86,21:45:00
2026-01-27 22:00:00,367.96,22:00:00
2026-01-27 22:15:00,368.43,22:15:00
2026-01-27 22:30:00,370.05,22:30:00
2026-01-27 22:45:00,368.77,22:45:00
2026-01-27 23:00:00,368.49,23:00:00
2026-01-27 23:15:00,369.56,23:15:00
2026-01-27 23:30:00,369.9,23:30:00
2026-01-27 23:45:00,371.08,23:45:00
2026-01-28 00:00:00,369.19,00:00:00
2026-01-28 00:15:00,369.72,00:15:00
2026-01-28 00:30:00,369.76,00:30:00
2026-01-28 00:45:00,369.49,00:45:00
2026-01-28 01:00:00,368.82,01:00:00
2026-01-28 01:15:00,368.59,01:15:00
2026-01-28 01:30:00,368.79,01:30:00
2026-01-28 01:45:00,367.75,01:45:00
2026-01-28 02:00:00,367.5,02:00:00
2026-01-28 02:15:00,368.58,02:15:00
2026-01-28 02:30:00,368.79,02:30:00
2026-01-28 02:45:00,369.79,02:45:00
2026-01-28 03:00:00,374.13,03:00:00
2026-01-28 03:15:00,377.51,03:15:00
2026-01-28 03:30:00,378.88,03:30:00
2026-01-28 03:45:00,376.41,03:45:00
2026-01-28 04:00:00,380.0,04:00:00
2026-01-28 04:15:00,380.67,04:15:00
2026-01-28 04:30:00,377.18,04:30:00
2026-01-28 04:45:00,379.69,04:45:00
2026-01-28 05:00:00,382.62,05:00:00
2026-01-28 05:15:00,383.81,05:15:00
2026-01-28 05:30:00,381.04,05:30:00
2026-01-28 05:45:00,381.72,05:45:00
2026-01-28 06:00:00,383.94,06:00:00
2026-01-28 06:15:00,385.87,06:15:00
2026-01-28 06:30:00,387.52,06:30:00
2026-01-28 06:45:00,388.53,06:45:00
2026-01-28 07:00:00,387.89,07:00:00
2026-01-28 07:15:00,387.07,07:15:00
2026-01-28 07:30:00,384.14,07:30:00
2026-01-28 07:45:00,381.11,07:45:00
2026-01-28 08:00:00,380.32,08:00:00
2026-01-28 08:15:00,377.16,08:15:00
2026-01-28 08:30:00,375.43,08:30:00
2026-01-28 08:45:00,372.59,08:45:00
2026-01-28 09:00:00,371.45,09:00:00
2026-01-28 09:15:00,366.99,09:15:00
2026-01-28 09:30:00,361.41,09:30:00
2026-01-28 09:45:00,359.12,09:45:00
2026-01-28 10:00:00,356.0,10:00:00
2026-01-28 10:15:00,353.66,10:15:00
2026-01-28 10:30:00,353.07,10:30:00
2026-01-28 10:45:00,352.89,10:45:00
2026-01-28 11:00:00,352.53,11:00:00
2026-01-28 11:15:00,352.91,11:15:00
2026-01-28 11:30:00,354.0,11:30:00
2026-01-28 11:45:00,353.42,11:45:00
2026-01-28 12:00:00,354.93,12:00:00
2026-01-28 12:15:00,356.57,12:15:00
2026-01-28 12:30:00,358.76,12:30:00
2026-01-28 12:45:00,359.68,12:45:00
2026-01-28 13:00:00,361.05,13:00:00
2026-01-28 13:15:00,362.67,13:15:00
2026-01-28 13:30:00,363.49,13:30:00
2026-01-28 13:45:00,364.37,13:45:00
2026-01-28 14:00:00,369.9,14:00:00
2026-01-28 14:15:00,371.52,14:15:00
2026-01-28 14:30:00,370.9,14:30:00
2026-01-28 14:45:00,371.05,14:45:00
2026-01-28 15:00:00,372.04,15:00:00
2026-01-28 15:15:00,374.01,15:15:00
2026-01-28 15:30:00,372.95,15:30:00
2026-01-28 15:45:00,372.67,15:45:00
2026-01-28 16:00:00,371.43,16:00:00
2026-01-28 16:15:00,371.01,16:15:00
2026-01-28 16:30:00,370.55,16:30:00
2026-01-28 16:45:00,371.72,16:45:00
2026-01-28 17:00:00,368.19,17:00:00
2026-01-28 17:15:00,369.78,17:15:00
2026-01-28 17:30:00,369.84,17:30:00
2026-01-28 17:45:00,369.35,17:45:00
2026-01-28 18:00:00,365.26,18:00:00
2026-01-28 18:15:00,362.13,18:15:00
2026-01-28 18:30:00,360.69,18:30:00
2026-01-28 18:45:00,359.18,18:45:00
2026-01-28 19:00:00,355.31,19:00:00
2026-01-28 19:15:00,352.92,19:15:00
2026-01-28 19:30:00,355.17,19:30:00
2026-01-28 19:45:00,356.93,19:45:00
2026-01-28 20:00:00,356.72,20:00:00
2026-01-28 20:15:00,356.49,20:15:00
2026-01-28 20:30:00,357.85,20:30:00
2026-01-28 20:45:00,357.45,20:45:00
2026-01-28 21:00:00,356.68,21:00:00
2026-01-28 21:15:00,356.53,21:15:00
2026-01-28 21:30:00,357.95,21:30:00
2026-01-28 21:45:00,359.76,21:45:00
2026-01-28 22:00:00,358.83,22:00:00
2026-01-28 22:15:00,360.87,22:15:00
2026-01-28 22:30:00,362.16,22:30:00
2026-01-28 22:45:00,362.9,22:45:00
2026-01-28 23:00:00,359.47,23:00:00
2026-01-28 23:15:00,359.68,23:15:00
2026-01-28 23:30:00,361.18,23:30:00
2026-01-28 23:45:00,361.4,23:45:00
2026-01-29 00:00:00,360.46,00:00:00
2026-01-29 00:15:00,360.72,00:15:00
2026-01-29 00:30:00,362.62,00:30:00
2026-01-29 00:45:00,363.09,00:45:00
2026-01-29 01:00:00,365.88,01:00:00
2026-01-29 01:15:00,367.07,01:15:00
2026-01-29 01:30:00,366.69,01:30:00
2026-01-29 01:45:00,367.19,01:45:00
2026-01-29 02:00:00,368.4,02:00:00
2026-01-29 02:15:00,369.02,02:15:00
2026-01-29 02:30:00,368.63,02:30:00
2026-01-29 02:45:00,367.63,02:45:00
2026-01-29 03:00:00,365.55,03:00:00
2026-01-29 03:15:00,364.3,03:15:00
2026-01-29 03:30:00,362.68,03:30:00
2026-01-29 03:45:00,361.64,03:45:00
2026-01-29 04:00:00,361.89,04:00:00
2026-01-29 04:15:00,363.2,04:15:00
2026-01-29 04:30:00,364.14,04:30:00
2026-01-29 04:45:00,369.04,04:45:00
2026-01-29 05:00:00,372.53,05:00:00
2026-01-29 05:15:00,371.83,05:15:00
2026-01-29 05:30:00,372.86,05:30:00
2026-01-29 05:45:00,376.01,05:45:00
2026-01-29 06:00:00,380.55,06:00:00
2026-01-29 06:15:00,386.71,06:15:00
2026-01-29 06:30:00,389.77,06:30:00
2026-01-29 06:45:00,393.1,06:45:00
2026-01-29 07:00:00,395.66,07:00:00
2026-01-29 07:15:00,396.89,07:15:00
2026-01-29 07:30:00,396.43,07:30:00
2026-01-29 07:45:00,397.34,07:45:00
2026-01-29 08:00:00,398.39,08:00:00
2026-01-29 08:15:00,397.42,08:15:00
2026-01-29 08:30:00,394.45,08:30:00
2026-01-29 08:45:00,393.53,08:45:00
2026-01-29 09:00:00,389.92,09:00:00
2026-01-29 09:15:00,386.39,09:15:00
2026-01-29 09:30:00,384.37,09:30:00
2026-01-29 09:45:00,381.07,09:45:00
2026-01-29 10:00:00,379.01,10:00:00
2026-01-29 10:15:00,375.96,10:15:00
2026-01-29 10:30:00,374.41,10:30:00
2026-01-29 10:45:00,372.84,10:45:00
2026-01-29 11:00:00,370.65,11:00:00
2026-01-29 11:15:00,367.92,11:15:00
2026-01-29 11:30:00,366.94,11:30:00
2026-01-29 11:45:00,365.8,11:45:00
2026-01-29 12:00:00,368.26,12:00:00
2026-01-29 12:15:00,368.47,12:15:00
2026-01-29 12:30:00,369.35,12:30:00
2026-01-29 12:45:00,371.73,12:45:00
2026-01-29 13:00:00,375.88,13:00:00
2026-01-29 13:15:00,377.74,13:15:00
2026-01-29 13:30:00,379.28,13:30:00
2026-01-29 13:45:00,380.82,13:45:00
2026-01-29 14:00:00,382.84,14:00:00
2026-01-29 14:15:00,383.3,14:15:00
2026-01-29 14:30:00,384.65,14:30:00
2026-01-29 14:45:00,385.81,14:45:00
2026-01-29 15:00:00,388.07,15:00:00
2026-01-29 15:15:00,390.65,15:15:00
2026-01-29 15:30:00,390.81,15:30:00
2026-01-29 15:45:00,392.22,15:45:00
2026-01-29 16:00:00,392.33,16:00:00
2026-01-29 16:15:00,394.04,16:15:00
2026-01-29 16:30:00,395.55,16:30:00
2026-01-29 16:45:00,396.37,16:45:00
2026-01-29 17:00:00,397.92,17:00:00
2026-01-29 17:15:00,399.28,17:15:00
2026-01-29 17:30:00,398.53,17:30:00
2026-01-29 17:45:00,397.45,17:45:00
2026-01-29 18:00:00,393.25,18:00:00
2026-01-29 18:15:00,390.82,18:15:00
2026-01-29 18:30:00,389.19,18:30:00
2026-01-29 18:45:00,385.45,18:45:00
2026-01-29 19:00:00,381.33,19:00:00
2026-01-29 19:15:00,380.26,19:15:00
2026-01-29 19:30:00,380.83,19:30:00
2026-01-29 19:45:00,381.88,19:45:00
2026-01-29 20:00:00,383.92,20:00:00
2026-01-29 20:15:00,382.98,20:15:00
2026-01-29 20:30:00,384.62,20:30:00
2026-01-29 20:45:00,386.26,20:45:00
2026-01-29 21:00:00,389.07,21:00:00
2026-01-29 21:15:00,384.12,21:15:00
2026-01-29 21:30:00,383.9,21:30:00
2026-01-29 21:45:00,384.64,21:45:00
2026-01-29 22:00:00,379.91,22:00:00
2026-01-29 22:15:00,381.21,22:15:00
2026-01-29 22:30:00,384.98,22:30:00
2026-01-29 22:45:00,384.61,22:45:00
2026-01-29 23:00:00,380.48,23:00:00
2026-01-29 23:15:00,378.54,23:15:00
2026-01-29 23:30:00,378.74,23:30:00
2026-01-29 23:45:00,378.65,23:45:00
2026-01-30 00:00:00,374.67,00:00:00
2026-01-30 00:15:00,372.99,00:15:00
2026-01-30 00:30:00,374.42,00:30:00
2026-01-30 00:45:00,373.43,00:45:00
2026-01-30 01:00:00,370.31,01:00:00
2026-01-30 01:15:00,372.84,01:15:00
2026-01-30 01:30:00,372.42,01:30:00
2026-01-30 01:45:00,370.86,01:45:00
2026-01-30 02:00:00,371.4,02:00:00
2026-01-30 02:15:00,370.72,02:15:00
2026-01-30 02:30:00,371.66,02:30:00
2026-01-30 02:45:00,371.2,02:45:00
2026-01-30 03:00:00,370.26,03:00:00
2026-01-30 03:15:00,370.15,03:15:00
2026-01-30 03:30:00,369.99,03:30:00
2026-01-30 03:45:00,369.62,03:45:00
2026-01-30 04:00:00,374.93,04:00:00
2026-01-30 04:15:00,377.99,04:15:00
2026-01-30 04:30:00,379.04,04:30:00
2026-01-30 04:45:00,376.75,04:45:00
2026-01-30 05:00:00,375.74,05:00:00
2026-01-30 05:15:00,371.74,05:15:00
2026-01-30 05:30:00,370.41,05:30:00
2026-01-30 05:45:00,371.17,05:45:00
2026-01-30 06:00:00,372.14,06:00:00
2026-01-30 06:15:00,371.66,06:15:00
2026-01-30 06:30:00,373.33,06:30:00
2026-01-30 06:45:00,374.19,06:45:00
2026-01-30 07:00:00,375.3,07:00:00
2026-01-30 07:15:00,373.05,07:15:00
2026-01-30 07:30:00,369.87,07:30:00
2026-01-30 07:45:00,365.94,07:45:00
2026-01-30 08:00:00,368.2,08:00:00
2026-01-30 08:15:00,365.38,08:15:00
2026-01-30 08:30:00,361.28,08:30:00
2026-01-30 08:45:00,357.7,08:45:00
2026-01-30 09:00:00,353.44,09:00:00
2026-01-30 09:15:00,350.77,09:15:00
2026-01-30 09:30:00,348.63,09:30:00
2026-01-30 09:45:00,345.82,09:45:00
2026-01-30 10:00:00,341.65,10:00:00
2026-01-30 10:15:00,339.19,10:15:00
2026-01-30 10:30:00,335.98,10:30:00
2026-01-30 10:45:00,333.79,10:45:00
2026-01-30 11:00:00,331.02,11:00:00
2026-01-30 11:15:00,329.72,11:15:00
2026-01-30 11:30:00,329.64,11:30:00
2026-01-30 11:45:00,328.91,11:45:00
2026-01-30 12:00:00,330.56,12:00:00
2026-01-30 12:15:00,331.41,12:15:00
2026-01-30 12:30:00,332.52,12:30:00
2026-01-30 12:45:00,333.85,12:45:00
2026-01-30 13:00:00,335.17,13:00:00
2026-01-30 13:15:00,336.22,13:15:00
2026-01-30 13:30:00,339.75,13:30:00
2026-01-30 13:45:00,342.35,13:45:00
2026-01-30 14:00:00,343.63,14:00:00
2026-01-30 14:15:00,345.19,14:15:00
2026-01-30 14:30:00,347.39,14:30:00
2026-01-30 14:45:00,349.38,14:45:00
2026-01-30 15:00:00,353.34,15:00:00
2026-01-30 15:15:00,352.69,15:15:00
2026-01-30 15:30:00,352.84,15:30:00
2026-01-30 15:45:00,351.29,15:45:00
2026-01-30 16:00:00,349.41,16:00:00
2026-01-30 16:15:00,349.29,16:15:00
2026-01-30 16:30:00,347.26,16:30:00
2026-01-30 16:45:00,346.62,16:45:00
2026-01-30 17:00:00,350.46,17:00:00
2026-01-30 17:15:00,348.67,17:15:00
2026-01-30 17:30:00,348.35,17:30:00
2026-01-30 17:45:00,347.56,17:45:00
2026-01-30 18:00:00,344.2,18:00:00
2026-01-30 18:15:00,343.24,18:15:00
2026-01-30 18:30:00,341.74,18:30:00
2026-01-30 18:45:00,340.37,18:45:00
2026-01-30 19:00:00,336.53,19:00:00
2026-01-30 19:15:00,335.26,19:15:00
2026-01-30 19:30:00,334.64,19:30:00
2026-01-30 19:45:00,335.58,19:45:00
2026-01-30 20:00:00,333.1,20:00:00
2026-01-30 20:15:00,332.63,20:15:00
2026-01-30 20:30:00,333.45,20:30:00
2026-01-30 20:45:00,332.19,20:45:00
2026-01-30 21:00:00,334.07,21:00:00
2026-01-30 21:15:00,335.56,21:15:00
2026-01-30 21:30:00,335.92,21:30:00
2026-01-30 21:45:00,336.16,21:45:00
2026-01-30 22:00:00,327.97,22:00:00
2026-01-30 22:15:00,326.77,22:15:00
2026-01-30 22:30:00,329.82,22:30:00
2026-01-30 22:45:00,333.5,22:45:00
2026-01-30 23:00:00,336.08,23:00:00
2026-01-30 23:15:00,336.6,23:15:00
2026-01-30 23:30:00,335.3,23:30:00
2026-01-30 23:45:00,335.4,23:45:00
2026-01-31 00:00:00,333.78,00:00:00
2026-01-31 00:15:00,330.64,00:15:00
2026-01-31 00:30:00,330.03,00:30:00
2026-01-31 00:45:00,330.4,00:45:00
2026-01-31 01:00:00,332.62,01:00:00
2026-01-31 01:15:00,330.27,01:15:00
2026-01-31 01:30:00,326.45,01:30:00
2026-01-31 01:45:00,324.12,01:45:00
2026-01-31 02:00:00,322.2,02:00:00
2026-01-31 02:15:00,320.0,02:15:00
2026-01-31 02:30:00,316.9,02:30:00
2026-01-31 02:45:00,316.07,02:45:00
2026-01-31 03:00:00,316.37,03:00:00
2026-01-31 03:15:00,315.35,03:15:00
2026-01-31 03:30:00,314.29,03:30:00
2026-01-31 03:45:00,312.76,03:45:00
2026-01-31 04:00:00,311.29,04:00:00
2026-01-31 04:15:00,312.37,04:15:00
2026-01-31 04:30:00,312.27,04:30:00
2026-01-31 04:45:00,309.69,04:45:00
2026-01-31 05:00:00,301.09,05:00:00
2026-01-31 05:15:00,302.28,05:15:00
2026-01-31 05:30:00,305.73,05:30:00
2026-01-31 05:45:00,311.01,05:45:00
2026-01-31 06:00:00,315.76,06:00:00
2026-01-31 06:15:00,319.42,06:15:00
2026-01-31 06:30:00,320.85,06:30:00
2026-01-31 06:45:00,323.11,06:45:00
2026-01-31 07:00:00,322.11,07:00:00
2026-01-31 07:15:00,321.53,07:15:00
2026-01-31 07:30:00,319.81,07:30:00
2026-01-31 07:45:00,319.89,07:45:00
2026-01-31 08:00:00,318.24,08:00:00
2026-01-31 08:15:00,314.69,08:15:00
2026-01-31 08:30:00,312.54,08:30:00
2026-01-31 08:45:00,313.12,08:45:00
2026-01-31 09:00:00,309.98,09:00:00
2026-01-31 09:15:00,306.56,09:15:00
2026-01-31 09:30:00,304.0,09:30:00
2026-01-31 09:45:00,303.69,09:45:00
2026-01-31 10:00:00,302.52,10:00:00
2026-01-31 10:15:00,300.35,10:15:00
2026-01-31 10:30:00,299.94,10:30:00
2026-01-31 10:45:00,299.57,10:45:00
2026-01-31 11:00:00,297.05,11:00:00
2026-01-31 11:15:00,297.32,11:15:00
2026-01-31 11:30:00,298.75,11:30:00
2026-01-31 11:45:00,298.81,11:45:00
2026-01-31 12:00:00,293.04,12:00:00
2026-01-31 12:15:00,294.34,12:15:00
2026-01-31 12:30:00,298.08,12:30:00
2026-01-31 12:45:00,298.69,12:45:00
2026-01-31 13:00:00,300.04,13:00:00
2026-01-31 13:15:00,300.68,13:15:00
2026-01-31 13:30:00,302.7,13:30:00
2026-01-31 13:45:00,306.7,13:45:00
2026-01-31 14:00:00,315.77,14:00:00
2026-01-31 14:15:00,319.5,14:15:00
2026-01-31 14:30:00,323.93,14:30:00
2026-01-31 14:45:00,327.25,14:45:00
2026-01-31 15:00:00,334.88,15:00:00
2026-01-31 15:15:00,338.04,15:15:00
2026-01-31 15:30:00,340.45,15:30:00
2026-01-31 15:45:00,344.09,15:45:00
2026-01-31 16:00:00,343.23,16:00:00
2026-01-31 16:15:00,343.51,16:15:00
2026-01-31 16:30:00,345.46,16:30:00
2026-01-31 16:45:00,346.72,16:45:00
2026-01-31 17:00:00,350.42,17:00:00
2026-01-31 17:15:00,350.95,17:15:00
2026-01-31 17:30:00,351.42,17:30:00
2026-01-31 17:45:00,352.16,17:45:00
2026-01-31 18:00:00,352.86,18:00:00
2026-01-31 18:15:00,353.42,18:15:00
2026-01-31 18:30:00,352.34,18:30:00
2026-01-31 18:45:00,351.93,18:45:00
2026-01-31 19:00:00,348.42,19:00:00
2026-01-31 19:15:00,348.87,19:15:00
2026-01-31 19:30:00,349.97,19:30:00
2026-01-31 19:45:00,350.92,19:45:00
2026-01-31 20:00:00,348.81,20:00:00
2026-01-31 20:15:00,348.96,20:15:00
2026-01-31 20:30:00,348.73,20:30:00
2026-01-31 20:45:00,347.12,20:45:00
2026-01-31 21:00:00,350.6,21:00:00
2026-01-31 21:15:00,350.99,21:15:00
2026-01-31 21:30:00,354.09,21:30:00
2026-01-31 21:45:00,354.54,21:45:00
2026-01-31 22:00:00,352.33,22:00:00
2026-01-31 22:15:00,353.83,22:15:00
2026-01-31 22:30:00,358.25,22:30:00
2026-01-31 22:45:00,360.76,22:45:00
2026-01-31 23:00:00,360.46,23:00:00
2026-01-31 23:15:00,359.72,23:15:00
2026-01-31 23:30:00,358.59,23:30:00
2026-01-31 23:45:00,356.71,23:45:00
2026-02-01 00:00:00,357.73,00:00:00
2026-02-01 00:15:00,357.58,00:15:00
2026-02-01 00:30:00,358.1,00:30:00
2026-02-01 00:45:00,357.78,00:45:00
2026-02-01 01:00:00,360.75,01:00:00
2026-02-01 01:15:00,357.05,01:15:00
2026-02-01 01:30:00,352.33,01:30:00
2026-02-01 01:45:00,353.32,01:45:00
2026-02-01 02:00:00,352.79,02:00:00
2026-02-01 02:15:00,352.84,02:15:00
2026-02-01 02:30:00,354.21,02:30:00
2026-02-01 02:45:00,352.8,02:45:00
2026-02-01 03:00:00,354.63,03:00:00
2026-02-01 03:15:00,355.13,03:15:00
2026-02-01 03:30:00,355.85,03:30:00
2026-02-01 03:45:00,354.66,03:45:00
2026-02-01 04:00:00,355.96,04:00:00
2026-02-01 04:15:00,355.67,04:15:00
2026-02-01 04:30:00,353.97,04:30:00
2026-02-01 04:45:00,353.42,04:45:00
2026-02-01 05:00:00,349.13,05:00:00
2026-02-01 05:15:00,350.41,05:15:00
2026-02-01 05:30:00,352.52,05:30:00
2026-02-01 05:45:00,351.91,05:45:00
2026-02-01 06:00:00,353.89,06:00:00
2026-02-01 06:15:00,355.88,06:15:00
2026-02-01 06:30:00,358.37,06:30:00
2026-02-01 06:45:00,360.18,06:45:00
2026-02-01 07:00:00,361.8,07:00:00
2026-02-01 07:15:00,361.06,07:15:00
2026-02-01 07:30:00,358.66,07:30:00
2026-02-01 07:45:00,355.59,07:45:00
2026-02-01 08:00:00,352.04,08:00:00
2026-02-01 08:15:00,347.33,08:15:00
2026-02-01 08:30:00,345.06,08:30:00
2026-02-01 08:45:00,340.93,08:45:00
2026-02-01 09:00:00,332.99,09:00:00
2026-02-01 09:15:00,330.65,09:15:00
2026-02-01 09:30:00,326.75,09:30:00
2026-02-01 09:45:00,323.97,09:45:00
2026-02-01 10:00:00,321.66,10:00:00
2026-02-01 10:15:00,318.62,10:15:00
2026-02-01 10:30:00,315.33,10:30:00
2026-02-01 10:45:00,313.99,10:45:00
2026-02-01 11:00:00,309.5,11:00:00
2026-02-01 11:15:00,307.49,11:15:00
2026-02-01 11:30:00,307.3,11:30:00
2026-02-01 11:45:00,305.61,11:45:00
2026-02-01 12:00:00,303.37,12:00:00
2026-02-01 12:15:00,303.73,12:15:00
2026-02-01 12:30:00,302.74,12:30:00
2026-02-01 12:45:00,302.3,12:45:00
2026-02-01 13:00:00,306.01,13:00:00
2026-02-01 13:15:00,309.26,13:15:00
2026-02-01 13:30:00,311.99,13:30:00
2026-02-01 13:45:00,315.12,13:45:00
2026-02-01 14:00:00,321.81,14:00:00
2026-02-01 14:15:00,325.74,14:15:00
2026-02-01 14:30:00,326.34,14:30:00
2026-02-01 14:45:00,328.35,14:45:00
2026-02-01 15:00:00,335.63,15:00:00
2026-02-01 15:15:00,339.57,15:15:00
2026-02-01 15:30:00,340.58,15:30:00
2026-02-01 15:45:00,340.27,15:45:00
2026-02-01 16:00:00,343.56,16:00:00
2026-02-01 16:15:00,341.45,16:15:00
2026-02-01 16:30:00,340.95,16:30:00
2026-02-01 16:45:00,343.85,16:45:00
2026-02-01 17:00:00,346.05,17:00:00
2026-02-01 17:15:00,347.98,17:15:00
2026-02-01 17:30:00,348.25,17:30:00
2026-02-01 17:45:00,348.1,17:45:00
2026-02-01 18:00:00,345.77,18:00:00
2026-02-01 18:15:00,347.19,18:15:00
2026-02-01 18:30:00,348.17,18:30:00
2026-02-01 18:45:00,346.23,18:45:00
2026-02-01 19:00:00,347.35,19:00:00
2026-02-01 19:15:00,344.45,19:15:00
2026-02-01 19:30:00,346.63,19:30:00
2026-02-01 19:45:00,349.02,19:45:00
2026-02-01 20:00:00,342.95,20:00:00
2026-02-01 20:15:00,341.69,20:15:00
2026-02-01 20:30:00,342.01,20:30:00
2026-02-01 20:45:00,339.08,20:45:00
2026-02-01 21:00:00,342.13,21:00:00
2026-02-01 21:15:00,343.13,21:15:00
2026-02-01 21:30:00,342.75,21:30:00
2026-02-01 21:45:00,342.48,21:45:00
2026-02-01 22:00:00,336.08,22:00:00
2026-02-01 22:15:00,331.61,22:15:00
2026-02-01 22:30:00,331.79,22:30:00
2026-02-01 22:45:00,328.51,22:45:00
2026-02-01 23:00:00,319.54,23:00:00
2026-02-01 23:15:00,311.88,23:15:00
2026-02-01 23:30:00,306.06,23:30:00
2026-02-01 23:45:00,302.86,23:45:00
2026-02-02 00:00:00,301.92,00:00:00
2026-02-02 00:15:00,301.34,00:15:00
2026-02-02 00:30:00,300.98,00:30:00
2026-02-02 00:45:00,299.43,00:45:00
2026-02-02 01:00:00,299.9,01:00:00
2026-02-02 01:15:00,298.55,01:15:00
2026-02-02 01:30:00,297.35,01:30:00
2026-02-02 01:45:00,295.8,01:45:00
2026-02-02 02:00:00,297.0,02:00:00
2026-02-02 02:15:00,296.93,02:15:00
2026-02-02 02:30:00,295.99,02:30:00
2026-02-02 02:45:00,296.09,02:45:00
2026-02-02 03:00:00,297.49,03:00:00
2026-02-02 03:15:00,297.68,03:15:00
2026-02-02 03:30:00,297.99,03:30:00
2026-02-02 03:45:00,298.83,03:45:00
2026-02-02 04:00:00,302.07,04:00:00
2026-02-02 04:15:00,306.69,04:15:00
2026-02-02 04:30:00,312.83,04:30:00
2026-02-02 04:45:00,318.74,04:45:00
2026-02-02 05:00:00,322.2,05:00:00
2026-02-02 05:15:00,322.11,05:15:00
2026-02-02 05:30:00,323.32,05:30:00
2026-02-02 05:45:00,324.78,05:45:00
2026-02-02 06:00:00,329.8,06:00:00
2026-02-02 06:15:00,331.72,06:15:00
2026-02-02 06:30:00,332.08,06:30:00
2026-02-02 06:45:00,332.71,06:45:00
2026-02-02 07:00:00,332.14,07:00:00
2026-02-02 07:15:00,329.63,07:15:00
2026-02-02 07:30:00,327.13,07:30:00
2026-02-02 07:45:00,324.62,07:45:00
2026-02-02 08:00:00,320.94,08:00:00
2026-02-02 08:15:00,318.31,08:15:00
2026-02-02 08:30:00,314.24,08:30:00
2026-02-02 08:45:00,311.44,08:45:00
2026-02-02 09:00:00,310.84,09:00:00
2026-02-02 09:15:00,307.82,09:15:00
2026-02-02 09:30:00,304.53,09:30:00
2026-02-02 09:45:00,301.62,09:45:00
2026-02-02 10:00:00,294.81,10:00:00
2026-02-02 10:15:00,291.72,10:15:00
2026-02-02 10:30:00,292.31,10:30:00
2026-02-02 10:45:00,290.43,10:45:00
2026-02-02 11:00:00,289.35,11:00:00
2026-02-02 11:15:00,286.43,11:15:00
2026-02-02 11:30:00,286.48,11:30:00
2026-02-02 11:45:00,286.4,11:45:00
2026-02-02 12:00:00,286.0,12:00:00
2026-02-02 12:15:00,286.51,12:15:00
2026-02-02 12:30:00,287.65,12:30:00
2026-02-02 12:45:00,289.89,12:45:00
2026-02-02 13:00:00,290.11,13:00:00
2026-02-02 13:15:00,292.0,13:15:00
2026-02-02 13:30:00,294.22,13:30:00
2026-02-02 13:45:00,294.92,13:45:00
2026-02-02 14:00:00,297.9,14:00:00
2026-02-02 14:15:00,302.13,14:15:00
2026-02-02 14:30:00,303.87,14:30:00
2026-02-02 14:45:00,307.86,14:45:00
2026-02-02 15:00:00,314.88,15:00:00
2026-02-02 15:15:00,316.9,15:15:00
2026-02-02 15:30:00,317.69,15:30:00
2026-02-02 15:45:00,316.75,15:45:00
2026-02-02 16:00:00,319.68,16:00:00
2026-02-02 16:15:00,316.2,16:15:00
2026-02-02 16:30:00,313.99,16:30:00
2026-02-02 16:45:00,313.58,16:45:00
2026-02-02 17:00:00,315.97,17:00:00
2026-02-02 17:15:00,316.1,17:15:00
2026-02-02 17:30:00,317.6,17:30:00
2026-02-02 17:45:00,316.33,17:45:00
2026-02-02 18:00:00,307.63,18:00:00
2026-02-02 18:15:00,306.13,18:15:00
2026-02-02 18:30:00,305.45,18:30:00
2026-02-02 18:45:00,307.1,18:45:00
2026-02-02 19:00:00,301.78,19:00:00
2026-02-02 19:15:00,300.27,19:15:00
2026-02-02 19:30:00,300.13,19:30:00
2026-02-02 19:45:00,296.46,19:45:00
2026-02-02 20:00:00,288.57,20:00:00
2026-02-02 20:15:00,284.73,20:15:00
2026-02-02 20:30:00,283.68,20:30:00
2026-02-02 20:45:00,281.87,20:45:00
2026-02-02 21:00:00,285.01,21:00:00
2026-02-02 21:15:00,282.66,21:15:00
2026-02-02 21:30:00,282.99,21:30:00
2026-02-02 21:45:00,282.29,21:45:00
2026-02-02 22:00:00,275.94,22:00:00
2026-02-02 22:15:00,272.72,22:15:00
2026-02-02 22:30:00,270.22,22:30:00
2026-02-02 22:45:00,267.57,22:45:00
2026-02-02 23:00:00,262.53,23:00:00
2026-02-02 23:15:00,256.65,23:15:00
2026-02-02 23:30:00,252.26,23:30:00
2026-02-02 23:45:00,250.07,23:45:00
2026-02-03 00:00:00,251.11,00:00:00
2026-02-03 00:15:00,248.09,00:15:00
2026-02-03 00:30:00,246.41,00:30:00
2026-02-03 00:45:00,245.98,00:45:00
2026-02-03 01:00:00,245.64,01:00:00
2026-02-03 01:15:00,245.24,01:15:00
2026-02-03 01:30:00,245.63,01:30:00
2026-02-03 01:45:00,243.95,01:45:00
2026-02-03 02:00:00,242.34,02:00:00
2026-02-03 02:15:00,240.46,02:15:00
2026-02-03 02:30:00,238.99,02:30:00
2026-02-03 02:45:00,238.18,02:45:00
2026-02-03 03:00:00,237.34,03:00:00
2026-02-03 03:15:00,237.38,03:15:00
2026-02-03 03:30:00,236.4,03:30:00
2026-02-03 03:45:00,235.47,03:45:00
2026-02-03 04:00:00,234.87,04:00:00
2026-02-03 04:15:00,235.28,04:15:00
2026-02-03 04:30:00,235.42,04:30:00
2026-02-03 04:45:00,235.78,04:45:00
2026-02-03 05:00:00,236.56,05:00:00
2026-02-03 05:15:00,240.2,05:15:00
2026-02-03 05:30:00,240.24,05:30:00
2026-02-03 05:45:00,243.31,05:45:00
2026-02-03 06:00:00,249.45,06:00:00
2026-02-03 06:15:00,253.15,06:15:00
2026-02-03 06:30:00,256.37,06:30:00
2026-02-03 06:45:00,258.41,06:45:00
2026-02-03 07:00:00,259.25,07:00:00
2026-02-03 07:15:00,257.23,07:15:00
2026-02-03 07:30:00,258.1,07:30:00
2026-02-03 07:45:00,257.92,07:45:00
2026-02-03 08:00:00,256.87,08:00:00
2026-02-03 08:15:00,253.14,08:15:00
2026-02-03 08:30:00,249.12,08:30:00
2026-02-03 08:45:00,247.26,08:45:00
2026-02-03 09:00:00,242.47,09:00:00
2026-02-03 09:15:00,237.54,09:15:00
2026-02-03 09:30:00,236.01,09:30:00
2026-02-03 09:45:00,234.59,09:45:00
2026-02-03 10:00:00,234.55,10:00:00
2026-02-03 10:15:00,232.73,10:15:00
2026-02-03 10:30:00,232.72,10:30:00
2026-02-03 10:45:00,233.14,10:45:00
2026-02-03 11:00:00,235.72,11:00:00
2026-02-03 11:15:00,234.11,11:15:00
2026-02-03 11:30:00,232.56,11:30:00
2026-02-03 11:45:00,232.1,11:45:00
2026-02-03 12:00:00,235.48,12:00:00
2026-02-03 12:15:00,237.93,12:15:00
2026-02-03 12:30:00,238.89,12:30:00
2026-02-03 12:45:00,238.93,12:45:00
2026-02-03 13:00:00,239.07,13:00:00
2026-02-03 13:15:00,240.53,13:15:00
2026-02-03 13:30:00,243.85,13:30:00
2026-02-03 13:45:00,249.91,13:45:00
2026-02-03 14:00:00,258.69,14:00:00
2026-02-03 14:15:00,263.4,14:15:00
2026-02-03 14:30:00,267.58,14:30:00
2026-02-03 14:45:00,273.08,14:45:00
2026-02-03 15:00:00,279.29,15:00:00
2026-02-03 15:15:00,282.21,15:15:00
2026-02-03 15:30:00,284.8,15:30:00
2026-02-03 15:45:00,283.11,15:45:00
2026-02-03 16:00:00,287.67,16:00:00
2026-02-03 16:15:00,288.62,16:15:00
2026-02-03 16:30:00,288.51,16:30:00
2026-02-03 16:45:00,288.79,16:45:00
2026-02-03 17:00:00,290.97,17:00:00
2026-02-03 17:15:00,292.96,17:15:00
2026-02-03 17:30:00,295.38,17:30:00
2026-02-03 17:45:00,294.4,17:45:00
2026-02-03 18:00:00,295.3,18:00:00
2026-02-03 18:15:00,295.17,18:15:00
2026-02-03 18:30:00,294.75,18:30:00
2026-02-03 18:45:00,295.18,18:45:00
2026-02-03 19:00:00,292.7,19:00:00
2026-02-03 19:15:00,293.06,19:15:00
2026-02-03 19:30:00,293.74,19:30:00
2026-02-03 19:45:00,296.0,19:45:00
2026-02-03 20:00:00,296.28,20:00:00
2026-02-03 20:15:00,298.0,20:15:00
2026-02-03 20:30:00,299.98,20:30:00
2026-02-03 20:45:00,301.71,20:45:00
2026-02-03 21:00:00,308.87,21:00:00
2026-02-03 21:15:00,311.78,21:15:00
2026-02-03 21:30:00,314.59,21:30:00
2026-02-03 21:45:00,315.22,21:45:00
2026-02-03 22:00:00,312.51,22:00:00
2026-02-03 22:15:00,311.9,22:15:00
2026-02-03 22:30:00,313.67,22:30:00
2026-02-03 22:45:00,313.05,22:45:00
2026-02-03 23:00:00,315.48,23:00:00
2026-02-03 23:15:00,317.3,23:15:00
2026-02-03 23:30:00,318.08,23:30:00
2026-02-03 23:45:00,318.45,23:45:00
2026-02-04 00:00:00,322.86,00:00:00
2026-02-04 00:15:00,323.95,00:15:00
2026-02-04 00:30:00,327.27,00:30:00
2026-02-04 00:45:00,328.48,00:45:00
2026-02-04 01:00:00,328.13,01:00:00
2026-02-04 01:15:00,329.21,01:15:00
2026-02-04 01:30:00,330.65,01:30:00
2026-02-04 01:45:00,332.8,01:45:00
2026-02-04 02:00:00,331.86,02:00:00
2026-02-04 02:15:00,333.21,02:15:00
2026-02-04 02:30:00,333.24,02:30:00
2026-02-04 02:45:00,335.24,02:45:00
2026-02-04 03:00:00,338.41,03:00:00
2026-02-04 03:15:00,339.59,03:15:00
2026-02-04 03:30:00,341.06,03:30:00
2026-02-04 03:45:00,342.12,03:45:00
2026-02-04 04:00:00,344.62,04:00:00
2026-02-04 04:15:00,346.9,04:15:00
2026-02-04 04:30:00,353.25,04:30:00
2026-02-04 04:45:00,358.3,04:45:00
2026-02-04 05:00:00,362.5,05:00:00
2026-02-04 05:15:00,364.49,05:15:00
2026-02-04 05:30:00,364.77,05:30:00
2026-02-04 05:45:00,365.88,05:45:00
2026-02-04 06:00:00,366.89,06:00:00
2026-02-04 06:15:00,366.86,06:15:00
2026-02-04 06:30:00,367.69,06:30:00
2026-02-04 06:45:00,369.05,06:45:00
2026-02-04 07:00:00,371.89,07:00:00
2026-02-04 07:15:00,369.78,07:15:00
2026-02-04 07:30:00,367.65,07:30:00
2026-02-04 07:45:00,364.78,07:45:00
2026-02-04 08:00:00,361.35,08:00:00
2026-02-04 08:15:00,354.6,08:15:00
2026-02-04 08:30:00,350.18,08:30:00
2026-02-04 08:45:00,344.96,08:45:00
2026-02-04 09:00:00,338.8,09:00:00
2026-02-04 09:15:00,336.0,09:15:00
2026-02-04 09:30:00,333.23,09:30:00
2026-02-04 09:45:00,331.62,09:45:00
2026-02-04 10:00:00,328.72,10:00:00
2026-02-04 10:15:00,329.67,10:15:00
2026-02-04 10:30:00,328.81,10:30:00
2026-02-04 10:45:00,326.66,10:45:00
2026-02-04 11:00:00,324.7,11:00:00
2026-02-04 11:15:00,323.62,11:15:00
2026-02-04 11:30:00,325.89,11:30:00
2026-02-04 11:45:00,326.05,11:45:00
2026-02-04 12:00:00,326.65,12:00:00
2026-02-04 12:15:00,324.81,12:15:00
2026-02-04 12:30:00,325.9,12:30:00
2026-02-04 12:45:00,328.74,12:45:00
2026-02-04 13:00:00,334.42,13:00:00
2026-02-04 13:15:00,336.7,13:15:00
2026-02-04 13:30:00,339.77,13:30:00
2026-02-04 13:45:00,341.82,13:45:00
2026-02-04 14:00:00,343.67,14:00:00
2026-02-04 14:15:00,344.96,14:15:00
2026-02-04 14:30:00,344.84,14:30:00
2026-02-04 14:45:00,345.46,14:45:00
2026-02-04 15:00:00,347.98,15:00:00
2026-02-04 15:15:00,348.14,15:15:00
2026-02-04 15:30:00,347.78,15:30:00
2026-02-04 15:45:00,347.44,15:45:00
2026-02-04 16:00:00,345.05,16:00:00
2026-02-04 16:15:00,343.72,16:15:00
2026-02-04 16:30:00,341.42,16:30:00
2026-02-04 16:45:00,341.5,16:45:00
2026-02-04 17:00:00,342.44,17:00:00
2026-02-04 17:15:00,343.69,17:15:00
2026-02-04 17:30:00,344.79,17:30:00
2026-02-04 17:45:00,344.91,17:45:00
2026-02-04 18:00:00,341.35,18:00:00
2026-02-04 18:15:00,338.53,18:15:00
2026-02-04 18:30:00,338.81,18:30:00
2026-02-04 18:45:00,337.39,18:45:00
2026-02-04 19:00:00,334.97,19:00:00
2026-02-04 19:15:00,335.45,19:15:00
2026-02-04 19:30:00,337.09,19:30:00
2026-02-04 19:45:00,337.16,19:45:00
2026-02-04 20:00:00,336.29,20:00:00
2026-02-04 20:15:00,333.71,20:15:00
2026-02-04 20:30:00,333.19,20:30:00
2026-02-04 20:45:00,333.09,20:45:00
2026-02-04 21:00:00,338.61,21:00:00
2026-02-04 21:15:00,338.85,21:15:00
2026-02-04 21:30:00,341.78,21:30:00
2026-02-04 21:45:00,340.55,21:45:00
2026-02-04 22:00:00,337.51,22:00:00
2026-02-04 22:15:00,335.41,22:15:00
2026-02-04 22:30:00,335.18,22:30:00
2026-02-04 22:45:00,332.5,22:45:00
2026-02-04 23:00:00,330.99,23:00:00
2026-02-04 23:15:00,330.68,23:15:00
2026-02-04 23:30:00,331.12,23:30:00
2026-02-04 23:45:00,332.41,23:45:00
2026-02-05 00:00:00,331.97,00:00:00
2026-02-05 00:15:00,333.42,00:15:00
2026-02-05 00:30:00,334.63,00:30:00
2026-02-05 00:45:00,334.83,00:45:00
2026-02-05 01:00:00,334.17,01:00:00
2026-02-05 01:15:00,334.31,01:15:00
2026-02-05 01:30:00,336.25,01:30:00
2026-02-05 01:45:00,338.82,01:45:00
2026-02-05 02:00:00,342.73,02:00:00
2026-02-05 02:15:00,346.27,02:15:00
2026-02-05 02:30:00,348.86,02:30:00
2026-02-05 02:45:00,351.52,02:45:00
2026-02-05 03:00:00,354.8,03:00:00
2026-02-05 03:15:00,357.76,03:15:00
2026-02-05 03:30:00,358.69,03:30:00
2026-02-05 03:45:00,361.71,03:45:00
2026-02-05 04:00:00,364.0,04:00:00
2026-02-05 04:15:00,367.5,04:15:00
2026-02-05 04:30:00,371.16,04:30:00
2026-02-05 04:45:00,373.21,04:45:00
2026-02-05 05:00:00,371.56,05:00:00
2026-02-05 05:15:00,373.7,05:15:00
2026-02-05 05:30:00,374.11,05:30:00
2026-02-05 05:45:00,379.12,05:45:00
2026-02-05 06:00:00,383.79,06:00:00
2026-02-05 06:15:00,384.28,06:15:00
2026-02-05 06:30:00,385.68,06:30:00
2026-02-05 06:45:00,387.7,06:45:00
2026-02-05 07:00:00,389.67,07:00:00
2026-02-05 07:15:00,389.82,07:15:00
2026-02-05 07:30:00,389.75,07:30:00
2026-02-05 07:45:00,388.89,07:45:00
2026-02-05 08:00:00,389.44,08:00:00
2026-02-05 08:15:00,385.49,08:15:00
2026-02-05 08:30:00,380.39,08:30:00
2026-02-05 08:45:00,374.07,08:45:00
2026-02-05 09:15:00,365.11,09:15:00
2026-02-05 09:30:00,362.95,09:30:00
2026-02-05 09:45:00,360.31,09:45:00
2026-02-05 10:00:00,357.81,10:00:00
2026-02-05 10:15:00,355.48,10:15:00
2026-02-05 10:30:00,352.21,10:30:00
2026-02-05 10:45:00,349.81,10:45:00
2026-02-05 11:00:00,343.23,11:00:00
2026-02-05 11:15:00,341.13,11:15:00
2026-02-05 11:30:00,340.43,11:30:00
2026-02-05 11:45:00,339.74,11:45:00
2026-02-05 12:00:00,337.84,12:00:00
2026-02-05 12:15:00,336.62,12:15:00
2026-02-05 12:30:00,338.41,12:30:00
2026-02-05 12:45:00,340.85,12:45:00
2026-02-05 13:00:00,347.28,13:00:00
2026-02-05 13:15:00,348.75,13:15:00
2026-02-05 13:30:00,353.4,13:30:00
2026-02-05 13:45:00,358.14,13:45:00
2026-02-05 14:00:00,361.55,14:00:00
2026-02-05 14:15:00,366.78,14:15:00
2026-02-05 14:30:00,373.81,14:30:00
2026-02-05 14:45:00,379.37,14:45:00
2026-02-05 15:00:00,386.73,15:00:00
2026-02-05 15:15:00,393.43,15:15:00
2026-02-05 15:30:00,397.9,15:30:00
2026-02-05 15:45:00,401.09,15:45:00
2026-02-05 16:00:00,402.38,16:00:00
2026-02-05 16:15:00,403.42,16:15:00
2026-02-05 16:30:00,403.97,16:30:00
2026-02-05 16:45:00,404.28,16:45:00
2026-02-05 17:00:00,402.79,17:00:00
2026-02-05 17:15:00,402.86,17:15:00
2026-02-05 17:30:00,403.52,17:30:00
2026-02-05 17:45:00,403.03,17:45:00
2026-02-05 18:00:00,402.76,18:00:00
2026-02-05 18:15:00,402.1,18:15:00
2026-02-05 18:30:00,403.84,18:30:00
2026-02-05 18:45:00,404.18,18:45:00
2026-02-05 19:00:00,404.32,19:00:00
2026-02-05 19:15:00,404.54,19:15:00
2026-02-05 19:30:00,405.39,19:30:00
2026-02-05 19:45:00,406.12,19:45:00
2026-02-05 20:00:00,410.96,20:00:00
2026-02-05 20:15:00,412.57,20:15:00
2026-02-05 20:30:00,413.9,20:30:00
2026-02-05 20:45:00,414.52,20:45:00
2026-02-05 21:00:00,414.89,21:00:00
2026-02-05 21:15:00,416.13,21:15:00
2026-02-05 21:30:00,417.74,21:30:00
2026-02-05 21:45:00,416.57,21:45:00
2026-02-05 22:00:00,416.05,22:00:00
2026-02-05 22:15:00,414.75,22:15:00
2026-02-05 22:30:00,416.77,22:30:00
2026-02-05 22:45:00,418.32,22:45:00
2026-02-05 23:00:00,421.54,23:00:00
2026-02-05 23:15:00,418.51,23:15:00
2026-02-05 23:30:00,418.41,23:30:00
2026-02-05 23:45:00,420.67,23:45:00
2026-02-06 00:00:00,421.88,00:00:00
2026-02-06 00:15:00,422.74,00:15:00
2026-02-06 00:30:00,425.61,00:30:00
2026-02-06 00:45:00,427.78,00:45:00
2026-02-06 01:00:00,430.11,01:00:00
2026-02-06 01:15:00,430.95,01:15:00
2026-02-06 01:30:00,431.22,01:30:00
2026-02-06 01:45:00,434.17,01:45:00
2026-02-06 02:00:00,438.04,02:00:00
2026-02-06 02:15:00,441.09,02:15:00
2026-02-06 02:30:00,442.83,02:30:00
2026-02-06 02:45:00,445.0,02:45:00
2026-02-06 03:00:00,447.71,03:00:00
2026-02-06 03:15:00,447.09,03:15:00
2026-02-06 03:30:00,445.92,03:30:00
2026-02-06 03:45:00,445.28,03:45:00
2026-02-06 04:00:00,442.27,04:00:00
2026-02-06 04:15:00,443.04,04:15:00
2026-02-06 04:30:00,439.66,04:30:00
2026-02-06 04:45:00,437.63,04:45:00
2026-02-06 05:00:00,433.93,05:00:00
2026-02-06 05:15:00,429.21,05:15:00
2026-02-06 05:30:00,427.9,05:30:00
2026-02-06 05:45:00,428.91,05:45:00
2026-02-06 06:00:00,425.01,06:00:00
2026-02-06 06:15:00,425.77,06:15:00
2026-02-06 06:30:00,426.57,06:30:00
2026-02-06 06:45:00,428.69,06:45:00
2026-02-06 07:00:00,427.48,07:00:00
2026-02-06 07:15:00,425.92,07:15:00
2026-02-06 07:30:00,423.97,07:30:00
2026-02-06 07:45:00,420.54,07:45:00
2026-02-06 08:00:00,416.11,08:00:00
2026-02-06 08:15:00,413.03,08:15:00
2026-02-06 08:30:00,411.37,08:30:00
2026-02-06 08:45:00,407.11,08:45:00
2026-02-06 09:00:00,405.95,09:00:00
2026-02-06 09:15:00,403.54,09:15:00
2026-02-06 09:30:00,402.52,09:30:00
2026-02-06 09:45:00,397.45,09:45:00
2026-02-06 10:00:00,394.56,10:00:00
2026-02-06 10:15:00,393.56,10:15:00
2026-02-06 10:30:00,391.26,10:30:00
2026-02-06 10:45:00,390.55,10:45:00
2026-02-06 11:00:00,388.69,11:00:00
2026-02-06 11:15:00,387.75,11:15:00
2026-02-06 11:30:00,387.78,11:30:00
2026-02-06 11:45:00,387.39,11:45:00
2026-02-06 12:00:00,386.1,12:00:00
2026-02-06 12:15:00,386.69,12:15:00
2026-02-06 12:30:00,387.06,12:30:00
2026-02-06 12:45:00,388.89,12:45:00
2026-02-06 13:00:00,393.17,13:00:00
2026-02-06 13:15:00,396.47,13:15:00
2026-02-06 13:30:00,398.25,13:30:00
2026-02-06 13:45:00,401.11,13:45:00
2026-02-06 14:00:00,402.54,14:00:00
2026-02-06 14:15:00,405.21,14:15:00
2026-02-06 14:30:00,407.98,14:30:00
2026-02-06 14:45:00,408.98,14:45:00
2026-02-06 15:00:00,411.26,15:00:00
2026-02-06 15:15:00,413.32,15:15:00
2026-02-06 15:30:00,415.35,15:30:00
2026-02-06 15:45:00,417.75,15:45:00
2026-02-06 16:00:00,417.28,16:00:00
2026-02-06 16:15:00,415.61,16:15:00
2026-02-06 16:30:00,412.77,16:30:00
2026-02-06 16:45:00,409.65,16:45:00
2026-02-06 17:00:00,408.04,17:00:00
2026-02-06 17:15:00,406.65,17:15:00
2026-02-06 17:30:00,404.38,17:30:00
2026-02-06 17:45:00,402.5,17:45:00
2026-02-06 18:00:00,398.7,18:00:00
2026-02-06 18:15:00,396.44,18:15:00
2026-02-06 18:30:00,396.25,18:30:00
2026-02-06 18:45:00,395.86,18:45:00
2026-02-06 19:00:00,395.24,19:00:00
2026-02-06 19:15:00,397.28,19:15:00
2026-02-06 19:30:00,398.18,19:30:00
2026-02-06 19:45:00,398.29,19:45:00
2026-02-06 20:00:00,394.94,20:00:00
2026-02-06 20:15:00,396.23,20:15:00
2026-02-06 20:30:00,398.19,20:30:00
2026-02-06 20:45:00,400.12,20:45:00
2026-02-06 21:00:00,397.01,21:00:00
2026-02-06 21:15:00,396.91,21:15:00
2026-02-06 21:30:00,398.43,21:30:00
2026-02-06 21:45:00,401.01,21:45:00
2026-02-06 22:00:00,398.32,22:00:00
2026-02-06 22:15:00,400.91,22:15:00
2026-02-06 22:30:00,404.05,22:30:00
2026-02-06 22:45:00,404.49,22:45:00
2026-02-06 23:00:00,407.39,23:00:00
2026-02-06 23:15:00,408.99,23:15:00
2026-02-06 23:30:00,407.21,23:30:00
2026-02-06 23:45:00,408.29,23:45:00
2026-02-07 00:00:00,409.61,00:00:00
2026-02-07 00:15:00,411.22,00:15:00
2026-02-07 00:30:00,408.51,00:30:00
2026-02-07 00:45:00,409.8,00:45:00
2026-02-07 01:00:00,411.58,01:00:00
2026-02-07 01:15:00,411.16,01:15:00
2026-02-07 01:30:00,411.08,01:30:00
2026-02-07 01:45:00,410.78,01:45:00
2026-02-07 02:00:00,412.88,02:00:00
2026-02-07 02:15:00,414.85,02:15:00
2026-02-07 02:30:00,413.28,02:30:00
2026-02-07 02:45:00,413.06,02:45:00
2026-02-07 03:00:00,414.82,03:00:00
2026-02-07 03:15:00,413.78,03:15:00
2026-02-07 03:30:00,414.06,03:30:00
2026-02-07 03:45:00,414.3,03:45:00
2026-02-07 04:00:00,416.84,04:00:00
2026-02-07 04:15:00,419.14,04:15:00
2026-02-07 04:30:00,419.43,04:30:00
2026-02-07 04:45:00,421.23,04:45:00
2026-02-07 05:00:00,423.76,05:00:00
2026-02-07 05:15:00,423.41,05:15:00
2026-02-07 05:30:00,423.33,05:30:00
2026-02-07 05:45:00,423.65,05:45:00
2026-02-07 06:00:00,425.94,06:00:00
2026-02-07 06:15:00,424.33,06:15:00
2026-02-07 06:30:00,421.48,06:30:00
2026-02-07 06:45:00,419.11,06:45:00
2026-02-07 07:00:00,417.74,07:00:00
2026-02-07 07:15:00,413.49,07:15:00
2026-02-07 07:30:00,409.84,07:30:00
2026-02-07 07:45:00,405.04,07:45:00
2026-02-07 08:00:00,399.68,08:00:00
2026-02-07 08:15:00,393.02,08:15:00
2026-02-07 08:30:00,388.86,08:30:00
2026-02-07 08:45:00,384.49,08:45:00
2026-02-07 09:00:00,377.78,09:00:00
2026-02-07 09:15:00,373.38,09:15:00
2026-02-07 09:30:00,369.9,09:30:00
2026-02-07 09:45:00,367.58,09:45:00
2026-02-07 10:00:00,364.43,10:00:00
2026-02-07 10:15:00,362.72,10:15:00
2026-02-07 10:30:00,361.25,10:30:00
2026-02-07 10:45:00,361.11,10:45:00
2026-02-07 11:00:00,360.74,11:00:00
2026-02-07 11:15:00,360.45,11:15:00
2026-02-07 11:30:00,360.89,11:30:00
2026-02-07 11:45:00,363.39,11:45:00
2026-02-07 12:00:00,365.82,12:00:00
2026-02-07 12:15:00,368.61,12:15:00
2026-02-07 12:30:00,370.31,12:30:00
2026-02-07 12:45:00,373.49,12:45:00
2026-02-07 13:00:00,375.73,13:00:00
2026-02-07 13:15:00,378.03,13:15:00
2026-02-07 13:30:00,383.43,13:30:00
2026-02-07 13:45:00,388.48,13:45:00
2026-02-07 14:00:00,396.19,14:00:00
2026-02-07 14:15:00,399.24,14:15:00
2026-02-07 14:30:00,400.29,14:30:00
2026-02-07 14:45:00,402.44,14:45:00
2026-02-07 15:00:00,409.36,15:00:00
2026-02-07 15:15:00,413.41,15:15:00
2026-02-07 15:30:00,419.0,15:30:00
2026-02-07 15:45:00,429.29,15:45:00
2026-02-07 16:00:00,434.85,16:00:00
2026-02-07 16:15:00,435.44,16:15:00
2026-02-07 16:30:00,432.37,16:30:00
2026-02-07 16:45:00,430.57,16:45:00
2026-02-07 17:00:00,427.23,17:00:00
2026-02-07 17:15:00,425.75,17:15:00
2026-02-07 17:30:00,423.72,17:30:00
2026-02-07 17:45:00,421.71,17:45:00
2026-02-07 18:00:00,422.76,18:00:00
2026-02-07 18:15:00,418.63,18:15:00
2026-02-07 18:30:00,416.22,18:30:00
2026-02-07 18:45:00,413.27,18:45:00
2026-02-07 19:00:00,409.51,19:00:00
2026-02-07 19:15:00,409.32,19:15:00
2026-02-07 19:30:00,411.92,19:30:00
2026-02-07 19:45:00,413.48,19:45:00
2026-02-07 20:00:00,408.62,20:00:00
2026-02-07 20:15:00,409.57,20:15:00
2026-02-07 20:30:00,412.53,20:30:00
2026-02-07 20:45:00,413.7,20:45:00
2026-02-07 21:00:00,410.05,21:00:00
2026-02-07 21:15:00,408.98,21:15:00
2026-02-07 21:30:00,412.27,21:30:00
2026-02-07 21:45:00,413.71,21:45:00
2026-02-07 22:00:00,412.06,22:00:00
2026-02-07 22:15:00,414.93,22:15:00
2026-02-07 22:30:00,419.89,22:30:00
2026-02-07 22:45:00,418.82,22:45:00
2026-02-07 23:00:00,415.88,23:00:00
2026-02-07 23:15:00,419.86,23:15:00
2026-02-07 23:30:00,420.31,23:30:00
2026-02-07 23:45:00,421.81,23:45:00
2026-02-08 00:00:00,423.27,00:00:00
2026-02-08 00:15:00,423.22,00:15:00
2026-02-08 00:30:00,422.81,00:30:00
2026-02-08 00:45:00,421.67,00:45:00
2026-02-08 01:00:00,421.35,01:00:00
2026-02-08 01:15:00,418.41,01:15:00
2026-02-08 01:30:00,416.23,01:30:00
2026-02-08 01:45:00,417.13,01:45:00
2026-02-08 02:00:00,418.78,02:00:00
2026-02-08 02:15:00,418.19,02:15:00
2026-02-08 02:30:00,416.98,02:30:00
2026-02-08 02:45:00,416.53,02:45:00
2026-02-08 03:00:00,416.67,03:00:00
2026-02-08 03:15:00,415.75,03:15:00
2026-02-08 03:30:00,413.8,03:30:00
2026-02-08 03:45:00,413.62,03:45:00
2026-02-08 04:00:00,414.14,04:00:00
2026-02-08 04:15:00,414.67,04:15:00
2026-02-08 04:30:00,414.8,04:30:00
2026-02-08 04:45:00,414.43,04:45:00
2026-02-08 05:00:00,413.4,05:00:00
2026-02-08 05:15:00,413.65,05:15:00
2026-02-08 05:30:00,412.34,05:30:00
2026-02-08 05:45:00,411.39,05:45:00
2026-02-08 06:00:00,411.55,06:00:00
2026-02-08 06:15:00,411.04,06:15:00
2026-02-08 06:30:00,410.39,06:30:00
2026-02-08 06:45:00,408.38,06:45:00
2026-02-08 07:00:00,404.96,07:00:00
2026-02-08 07:15:00,400.57,07:15:00
2026-02-08 07:30:00,395.86,07:30:00
2026-02-08 07:45:00,391.1,07:45:00
2026-02-08 08:00:00,385.96,08:00:00
2026-02-08 08:15:00,381.57,08:15:00
2026-02-08 08:30:00,374.84,08:30:00
2026-02-08 08:45:00,368.2,08:45:00
2026-02-08 09:00:00,362.44,09:00:00
2026-02-08 09:15:00,358.74,09:15:00
2026-02-08 09:30:00,354.05,09:30:00
2026-02-08 09:45:00,352.1,09:45:00
2026-02-08 10:00:00,349.68,10:00:00
2026-02-08 10:15:00,345.51,10:15:00
2026-02-08 10:30:00,343.34,10:30:00
2026-02-08 10:45:00,342.68,10:45:00
2026-02-08 11:00:00,339.81,11:00:00
2026-02-08 11:15:00,336.59,11:15:00
2026-02-08 11:30:00,336.08,11:30:00
2026-02-08 11:45:00,334.0,11:45:00
2026-02-08 12:00:00,333.95,12:00:00
2026-02-08 12:15:00,333.64,12:15:00
2026-02-08 12:30:00,334.9,12:30:00
2026-02-08 12:45:00,335.59,12:45:00
2026-02-08 13:00:00,341.37,13:00:00
2026-02-08 13:15:00,345.65,13:15:00
2026-02-08 13:30:00,349.78,13:30:00
2026-02-08 13:45:00,353.41,13:45:00
2026-02-08 14:00:00,357.85,14:00:00
2026-02-08 14:15:00,363.96,14:15:00
2026-02-08 14:30:00,369.69,14:30:00
2026-02-08 14:45:00,377.19,14:45:00
2026-02-08 15:00:00,388.5,15:00:00
2026-02-08 15:15:00,393.57,15:15:00
2026-02-08 15:30:00,398.57,15:30:00
2026-02-08 15:45:00,405.58,15:45:00
2026-02-08 16:00:00,408.57,16:00:00
2026-02-08 16:15:00,406.06,16:15:00
2026-02-08 16:30:00,401.89,16:30:00
2026-02-08 16:45:00,402.05,16:45:00
2026-02-08 17:00:00,401.68,17:00:00
2026-02-08 17:15:00,400.76,17:15:00
2026-02-08 17:30:00,401.46,17:30:00
2026-02-08 17:45:00,401.87,17:45:00
2026-02-08 18:00:00,402.61,18:00:00
2026-02-08 18:15:00,402.12,18:15:00
2026-02-08 18:30:00,402.86,18:30:00
2026-02-08 18:45:00,403.31,18:45:00
2026-02-08 19:00:00,399.01,19:00:00
2026-02-08 19:15:00,398.43,19:15:00
2026-02-08 19:30:00,400.48,19:30:00
2026-02-08 19:45:00,402.3,19:45:00
2026-02-08 20:00:00,400.47,20:00:00
2026-02-08 20:15:00,402.39,20:15:00
2026-02-08 20:30:00,404.0,20:30:00
2026-02-08 20:45:00,405.13,20:45:00
2026-02-08 21:00:00,406.58,21:00:00
2026-02-08 21:15:00,410.58,21:15:00
2026-02-08 21:30:00,414.2,21:30:00
2026-02-08 21:45:00,414.06,21:45:00
2026-02-08 22:00:00,413.38,22:00:00
2026-02-08 22:15:00,415.97,22:15:00
2026-02-08 22:30:00,419.89,22:30:00
2026-02-08 22:45:00,419.67,22:45:00
2026-02-08 23:00:00,420.65,23:00:00
2026-02-08 23:15:00,420.18,23:15:00
2026-02-08 23:30:00,419.87,23:30:00
2026-02-08 23:45:00,421.65,23:45:00
2026-02-09 00:00:00,426.61,00:00:00
2026-02-09 00:15:00,427.83,00:15:00
2026-02-09 00:30:00,428.74,00:30:00
2026-02-09 00:45:00,428.42,00:45:00
2026-02-09 01:00:00,428.27,01:00:00
2026-02-09 01:15:00,430.61,01:15:00
2026-02-09 01:30:00,432.06,01:30:00
2026-02-09 01:45:00,433.04,01:45:00
2026-02-09 02:00:00,432.52,02:00:00
2026-02-09 02:15:00,434.22,02:15:00
2026-02-09 02:30:00,435.15,02:30:00
2026-02-09 02:45:00,436.05,02:45:00
2026-02-09 03:00:00,438.32,03:00:00
2026-02-09 03:15:00,438.63,03:15:00
2026-02-09 03:30:00,439.27,03:30:00
2026-02-09 03:45:00,439.93,03:45:00
2026-02-09 04:00:00,439.75,04:00:00
2026-02-09 04:15:00,438.65,04:15:00
2026-02-09 04:30:00,435.84,04:30:00
2026-02-09 04:45:00,432.63,04:45:00
2026-02-09 05:00:00,434.2,05:00:00
2026-02-09 05:15:00,432.63,05:15:00
2026-02-09 05:30:00,433.22,05:30:00
2026-02-09 05:45:00,435.94,05:45:00
2026-02-09 06:00:00,432.73,06:00:00
2026-02-09 06:15:00,429.62,06:15:00
2026-02-09 06:30:00,429.46,06:30:00
2026-02-09 06:45:00,430.16,06:45:00
2026-02-09 07:00:00,428.21,07:00:00
2026-02-09 07:15:00,425.99,07:15:00
2026-02-09 07:30:00,421.14,07:30:00
2026-02-09 07:45:00,417.51,07:45:00
2026-02-09 08:00:00,414.22,08:00:00
2026-02-09 08:15:00,409.08,08:15:00
2026-02-09 08:30:00,405.26,08:30:00
2026-02-09 08:45:00,400.63,08:45:00
2026-02-09 09:00:00,397.58,09:00:00
2026-02-09 09:15:00,394.96,09:15:00
2026-02-09 09:30:00,390.75,09:30:00
2026-02-09 09:45:00,386.83,09:45:00
2026-02-09 10:00:00,384.06,10:00:00
2026-02-09 10:15:00,381.12,10:15:00
2026-02-09 10:30:00,378.27,10:30:00
2026-02-09 10:45:00,377.66,10:45:00
2026-02-09 11:00:00,378.58,11:00:00
2026-02-09 11:15:00,378.22,11:15:00
2026-02-09 11:30:00,379.55,11:30:00
2026-02-09 11:45:00,381.02,11:45:00
2026-02-09 12:00:00,383.21,12:00:00
2026-02-09 12:15:00,385.58,12:15:00
2026-02-09 12:30:00,388.06,12:30:00
2026-02-09 12:45:00,391.55,12:45:00
2026-02-09 13:00:00,394.35,13:00:00
2026-02-09 13:15:00,398.13,13:15:00
2026-02-09 13:30:00,401.37,13:30:00
2026-02-09 13:45:00,405.53,13:45:00
2026-02-09 14:00:00,404.88,14:00:00
2026-02-09 14:15:00,408.22,14:15:00
2026-02-09 14:30:00,412.32,14:30:00
2026-02-09 14:45:00,417.21,14:45:00
2026-02-09 15:00:00,425.39,15:00:00
2026-02-09 15:15:00,428.59,15:15:00
2026-02-09 15:30:00,428.5,15:30:00
2026-02-09 15:45:00,432.62,15:45:00
2026-02-09 16:00:00,432.46,16:00:00
2026-02-09 16:15:00,430.52,16:15:00
2026-02-09 16:30:00,428.17,16:30:00
2026-02-09 16:45:00,425.11,16:45:00
2026-02-09 17:00:00,419.1,17:00:00
2026-02-09 17:15:00,417.48,17:15:00
2026-02-09 17:30:00,415.55,17:30:00
2026-02-09 17:45:00,413.21,17:45:00
2026-02-09 18:00:00,415.98,18:00:00
2026-02-09 18:15:00,416.96,18:15:00
2026-02-09 18:30:00,416.39,18:30:00
2026-02-09 18:45:00,418.26,18:45:00
2026-02-09 19:00:00,418.87,19:00:00
2026-02-09 19:15:00,418.14,19:15:00
2026-02-09 19:30:00,418.39,19:30:00
2026-02-09 19:45:00,417.85,19:45:00
2026-02-09 20:00:00,416.64,20:00:00
2026-02-09 20:15:00,416.26,20:15:00
2026-02-09 20:30:00,416.16,20:30:00
2026-02-09 20:45:00,417.71,20:45:00
2026-02-09 21:00:00,417.08,21:00:00
2026-02-09 21:15:00,417.21,21:15:00
2026-02-09 21:30:00,419.3,21:30:00
2026-02-09 21:45:00,419.37,21:45:00
2026-02-09 22:00:00,419.22,22:00:00
2026-02-09 22:15:00,419.86,22:15:00
2026-02-09 22:30:00,421.99,22:30:00
2026-02-09 22:45:00,423.33,22:45:00
2026-02-09 23:00:00,425.73,23:00:00
2026-02-09 23:15:00,426.01,23:15:00
2026-02-09 23:30:00,427.56,23:30:00
2026-02-09 23:45:00,428.11,23:45:00
2026-02-10 00:00:00,429.15,00:00:00
2026-02-10 00:15:00,429.34,00:15:00
2026-02-10 00:30:00,429.17,00:30:00
2026-02-10 00:45:00,428.66,00:45:00
2026-02-10 01:00:00,428.46,01:00:00
2026-02-10 01:15:00,427.04,01:15:00
2026-02-10 01:30:00,426.08,01:30:00
2026-02-10 01:45:00,427.0,01:45:00
2026-02-10 02:00:00,427.87,02:00:00
2026-02-10 02:15:00,428.14,02:15:00
2026-02-10 02:30:00,427.39,02:30:00
2026-02-10 02:45:00,427.18,02:45:00
2026-02-10 03:00:00,427.3,03:00:00
2026-02-10 03:15:00,427.13,03:15:00
2026-02-10 03:30:00,426.53,03:30:00
2026-02-10 03:45:00,424.69,03:45:00
2026-02-10 04:00:00,424.17,04:00:00
2026-02-10 04:15:00,424.2,04:15:00
2026-02-10 04:30:00,420.73,04:30:00
2026-02-10 04:45:00,418.49,04:45:00
2026-02-10 05:00:00,418.78,05:00:00
2026-02-10 05:15:00,415.93,05:15:00
2026-02-10 05:30:00,412.21,05:30:00
2026-02-10 05:45:00,412.47,05:45:00
2026-02-10 06:00:00,411.72,06:00:00
2026-02-10 06:15:00,413.25,06:15:00
2026-02-10 06:30:00,412.28,06:30:00
2026-02-10 06:45:00,410.97,06:45:00
2026-02-10 07:00:00,404.28,07:00:00
2026-02-10 07:15:00,399.99,07:15:00
2026-02-10 07:30:00,393.89,07:30:00
2026-02-10 07:45:00,388.38,07:45:00
2026-02-10 08:00:00,381.89,08:00:00
2026-02-10 08:15:00,376.72,08:15:00
2026-02-10 08:30:00,371.66,08:30:00
2026-02-10 08:45:00,367.49,08:45:00
2026-02-10 09:00:00,364.07,09:00:00
2026-02-10 09:15:00,358.93,09:15:00
2026-02-10 09:30:00,353.73,09:30:00
2026-02-10 09:45:00,347.69,09:45:00
2026-02-10 10:00:00,341.81,10:00:00
2026-02-10 10:15:00,337.95,10:15:00
2026-02-10 10:30:00,331.78,10:30:00
2026-02-10 10:45:00,328.11,10:45:00
2026-02-10 11:00:00,323.77,11:00:00
2026-02-10 11:15:00,324.73,11:15:00
2026-02-10 11:30:00,324.53,11:30:00
2026-02-10 11:45:00,324.16,11:45:00
2026-02-10 12:00:00,325.14,12:00:00
2026-02-10 12:15:00,327.76,12:15:00
2026-02-10 12:30:00,332.51,12:30:00
2026-02-10 12:45:00,337.75,12:45:00
2026-02-10 13:00:00,343.1,13:00:00
2026-02-10 13:15:00,347.03,13:15:00
2026-02-10 13:30:00,351.83,13:30:00
2026-02-10 13:45:00,358.07,13:45:00
2026-02-10 14:00:00,366.71,14:00:00
2026-02-10 14:15:00,373.56,14:15:00
2026-02-10 14:30:00,379.42,14:30:00
2026-02-10 14:45:00,385.39,14:45:00
2026-02-10 15:00:00,395.22,15:00:00
2026-02-10 15:15:00,397.94,15:15:00
2026-02-10 15:30:00,399.8,15:30:00
2026-02-10 15:45:00,400.62,15:45:00
2026-02-10 16:00:00,399.57,16:00:00
2026-02-10 16:15:00,396.56,16:15:00
2026-02-10 16:30:00,391.83,16:30:00
2026-02-10 16:45:00,388.82,16:45:00
2026-02-10 17:00:00,384.93,17:00:00
2026-02-10 17:15:00,382.23,17:15:00
2026-02-10 17:30:00,380.13,17:30:00
2026-02-10 17:45:00,378.83,17:45:00
2026-02-10 18:00:00,378.01,18:00:00
2026-02-10 18:15:00,378.1,18:15:00
2026-02-10 18:30:00,377.06,18:30:00
2026-02-10 18:45:00,378.8,18:45:00
2026-02-10 19:00:00,378.33,19:00:00
2026-02-10 19:15:00,378.46,19:15:00
2026-02-10 19:30:00,380.64,19:30:00
2026-02-10 19:45:00,380.08,19:45:00
2026-02-10 20:00:00,378.93,20:00:00
2026-02-10 20:15:00,381.56,20:15:00
2026-02-10 20:30:00,382.93,20:30:00
2026-02-10 20:45:00,385.42,20:45:00
2026-02-10 21:00:00,387.46,21:00:00
2026-02-10 21:15:00,386.76,21:15:00
2026-02-10 21:30:00,388.69,21:30:00
2026-02-10 21:45:00,386.39,21:45:00
2026-02-10 22:00:00,381.89,22:00:00
2026-02-10 22:15:00,383.17,22:15:00
2026-02-10 22:30:00,383.54,22:30:00
2026-02-10 22:45:00,381.43,22:45:00
2026-02-10 23:00:00,380.05,23:00:00
2026-02-10 23:15:00,380.85,23:15:00
2026-02-10 23:30:00,383.67,23:30:00
2026-02-10 23:45:00,385.21,23:45:00
2026-02-11 00:00:00,386.06,00:00:00
2026-02-11 00:15:00,386.83,00:15:00
2026-02-11 00:30:00,387.4,00:30:00
2026-02-11 00:45:00,388.88,00:45:00
2026-02-11 01:00:00,388.17,01:00:00
2026-02-11 01:15:00,387.43,01:15:00
2026-02-11 01:30:00,387.04,01:30:00
2026-02-11 01:45:00,388.56,01:45:00
2026-02-11 02:00:00,386.9,02:00:00
2026-02-11 02:15:00,384.92,02:15:00
2026-02-11 02:30:00,382.62,02:30:00
2026-02-11 02:45:00,381.48,02:45:00
2026-02-11 03:00:00,382.53,03:00:00
2026-02-11 03:15:00,383.61,03:15:00
2026-02-11 03:30:00,383.28,03:30:00
2026-02-11 03:45:00,381.66,03:45:00
2026-02-11 04:00:00,379.71,04:00:00
2026-02-11 04:15:00,379.08,04:15:00
2026-02-11 04:30:00,378.86,04:30:00
2026-02-11 04:45:00,379.88,04:45:00
2026-02-11 05:00:00,381.24,05:00:00
2026-02-11 05:15:00,381.03,05:15:00
2026-02-11 05:30:00,381.79,05:30:00
2026-02-11 05:45:00,383.47,05:45:00
2026-02-11 06:00:00,387.14,06:00:00
2026-02-11 06:15:00,387.93,06:15:00
2026-02-11 06:30:00,387.57,06:30:00
2026-02-11 06:45:00,387.82,06:45:00
2026-02-11 07:00:00,385.93,07:00:00
2026-02-11 07:15:00,383.14,07:15:00
2026-02-11 07:30:00,380.54,07:30:00
2026-02-11 07:45:00,375.98,07:45:00
2026-02-11 08:00:00,370.73,08:00:00
2026-02-11 08:15:00,365.98,08:15:00
2026-02-11 08:30:00,360.95,08:30:00
2026-02-11 08:45:00,355.78,08:45:00
2026-02-11 09:00:00,351.55,09:00:00
2026-02-11 09:15:00,348.81,09:15:00
2026-02-11 09:30:00,347.42,09:30:00
2026-02-11 09:45:00,345.35,09:45:00
2026-02-11 10:00:00,342.28,10:00:00
2026-02-11 10:15:00,340.18,10:15:00
2026-02-11 10:30:00,341.48,10:30:00
2026-02-11 10:45:00,342.84,10:45:00
2026-02-11 11:00:00,342.83,11:00:00
2026-02-11 11:15:00,342.09,11:15:00
2026-02-11 11:30:00,343.27,11:30:00
2026-02-11 11:45:00,343.89,11:45:00
2026-02-11 12:00:00,343.25,12:00:00
2026-02-11 12:15:00,344.98,12:15:00
2026-02-11 12:30:00,349.32,12:30:00
2026-02-11 12:45:00,351.1,12:45:00
2026-02-11 13:00:00,354.54,13:00:00
2026-02-11 13:15:00,356.35,13:15:00
2026-02-11 13:30:00,358.48,13:30:00
2026-02-11 13:45:00,360.54,13:45:00
2026-02-11 14:00:00,363.29,14:00:00
2026-02-11 14:15:00,364.22,14:15:00
2026-02-11 14:30:00,366.75,14:30:00
2026-02-11 14:45:00,367.75,14:45:00
2026-02-11 15:00:00,371.98,15:00:00
2026-02-11 15:15:00,373.88,15:15:00
2026-02-11 15:30:00,373.69,15:30:00
2026-02-11 15:45:00,373.75,15:45:00
2026-02-11 16:00:00,374.15,16:00:00
2026-02-11 16:15:00,373.19,16:15:00
2026-02-11 16:30:00,372.62,16:30:00
2026-02-11 16:45:00,372.09,16:45:00
2026-02-11 17:00:00,369.99,17:00:00
2026-02-11 17:15:00,368.85,17:15:00
2026-02-11 17:30:00,365.74,17:30:00
2026-02-11 17:45:00,363.69,17:45:00
2026-02-11 18:00:00,362.45,18:00:00
2026-02-11 18:15:00,360.66,18:15:00
2026-02-11 18:30:00,359.54,18:30:00
2026-02-11 18:45:00,359.72,18:45:00
2026-02-11 19:00:00,356.54,19:00:00
2026-02-11 19:15:00,355.92,19:15:00
2026-02-11 19:30:00,354.77,19:30:00
2026-02-11 19:45:00,354.21,19:45:00
2026-02-11 20:00:00,350.18,20:00:00
2026-02-11 20:15:00,349.93,20:15:00
2026-02-11 20:30:00,348.38,20:30:00
2026-02-11 20:45:00,345.41,20:45:00
2026-02-11 21:00:00,344.75,21:00:00
2026-02-11 21:15:00,344.07,21:15:00
2026-02-11 21:30:00,344.02,21:30:00
2026-02-11 21:45:00,343.89,21:45:00
2026-02-11 22:00:00,341.13,22:00:00
2026-02-11 22:15:00,340.35,22:15:00
2026-02-11 22:30:00,339.26,22:30:00
2026-02-11 22:45:00,337.5,22:45:00
2026-02-11 23:00:00,338.08,23:00:00
2026-02-11 23:15:00,338.85,23:15:00
2026-02-11 23:30:00,339.54,23:30:00
2026-02-11 23:45:00,339.59,23:45:00
2026-02-12 00:00:00,339.2,00:00:00
2026-02-12 00:15:00,338.54,00:15:00
2026-02-12 00:30:00,338.9,00:30:00
2026-02-12 00:45:00,337.43,00:45:00
2026-02-12 01:00:00,337.15,01:00:00
2026-02-12 01:15:00,337.24,01:15:00
2026-02-12 01:30:00,336.77,01:30:00
2026-02-12 01:45:00,335.99,01:45:00
2026-02-12 02:00:00,336.19,02:00:00
2026-02-12 02:15:00,336.13,02:15:00
2026-02-12 02:30:00,334.36,02:30:00
2026-02-12 02:45:00,333.85,02:45:00
2026-02-12 03:00:00,332.64,03:00:00
2026-02-12 03:15:00,331.54,03:15:00
2026-02-12 03:30:00,331.81,03:30:00
2026-02-12 03:45:00,332.49,03:45:00
2026-02-12 04:00:00,334.61,04:00:00
2026-02-12 04:15:00,337.91,04:15:00
2026-02-12 04:30:00,337.55,04:30:00
2026-02-12 04:45:00,340.03,04:45:00
2026-02-12 05:00:00,338.99,05:00:00
2026-02-12 05:15:00,342.87,05:15:00
2026-02-12 05:30:00,346.0,05:30:00
2026-02-12 05:45:00,347.12,05:45:00
2026-02-12 06:00:00,347.98,06:00:00
2026-02-12 06:15:00,345.89,06:15:00
2026-02-12 06:30:00,346.17,06:30:00
2026-02-12 06:45:00,346.3,06:45:00
2026-02-12 07:00:00,343.74,07:00:00
2026-02-12 07:15:00,342.45,07:15:00
2026-02-12 07:30:00,341.43,07:30:00
2026-02-12 07:45:00,339.33,07:45:00
2026-02-12 08:00:00,336.43,08:00:00
2026-02-12 08:15:00,332.48,08:15:00
2026-02-12 08:30:00,327.02,08:30:00
2026-02-12 08:45:00,322.79,08:45:00
2026-02-12 09:00:00,319.49,09:00:00
2026-02-12 09:15:00,314.95,09:15:00
2026-02-12 09:30:00,311.4,09:30:00
2026-02-12 09:45:00,309.71,09:45:00
2026-02-12 10:00:00,307.3,10:00:00
2026-02-12 10:15:00,304.9,10:15:00
2026-02-12 10:30:00,304.72,10:30:00
2026-02-12 10:45:00,301.9,10:45:00
2026-02-12 11:00:00,298.24,11:00:00
2026-02-12 11:15:00,297.39,11:15:00
2026-02-12 11:30:00,296.74,11:30:00
2026-02-12 11:45:00,295.61,11:45:00
2026-02-12 12:00:00,294.8,12:00:00
2026-02-12 12:15:00,295.9,12:15:00
2026-02-12 12:30:00,298.62,12:30:00
2026-02-12 12:45:00,301.13,12:45:00
2026-02-12 13:00:00,303.7,13:00:00
2026-02-12 13:15:00,304.25,13:15:00
2026-02-12 13:30:00,304.35,13:30:00
2026-02-12 13:45:00,304.44,13:45:00
2026-02-12 14:00:00,305.09,14:00:00
2026-02-12 14:15:00,306.95,14:15:00
2026-02-12 14:30:00,309.0,14:30:00
2026-02-12 14:45:00,309.64,14:45:00
2026-02-12 15:00:00,313.6,15:00:00
2026-02-12 15:15:00,315.17,15:15:00
2026-02-12 15:30:00,315.99,15:30:00
2026-02-12 15:45:00,319.6,15:45:00
2026-02-12 16:00:00,324.8,16:00:00
2026-02-12 16:15:00,325.27,16:15:00
2026-02-12 16:30:00,326.37,16:30:00
2026-02-12 16:45:00,326.07,16:45:00
2026-02-12 17:00:00,327.33,17:00:00
2026-02-12 17:15:00,326.86,17:15:00
2026-02-12 17:30:00,325.23,17:30:00
2026-02-12 17:45:00,326.23,17:45:00
2026-02-12 18:00:00,325.27,18:00:00
2026-02-12 18:15:00,322.87,18:15:00
2026-02-12 18:30:00,321.1,18:30:00
2026-02-12 18:45:00,320.45,18:45:00
2026-02-12 19:00:00,318.25,19:00:00
2026-02-12 19:15:00,316.43,19:15:00
2026-02-12 19:30:00,313.27,19:30:00
2026-02-12 19:45:00,311.19,19:45:00
2026-02-12 20:00:00,308.65,20:00:00
2026-02-12 20:15:00,305.16,20:15:00
2026-02-12 20:30:00,304.02,20:30:00
2026-02-12 20:45:00,303.26,20:45:00
2026-02-12 21:00:00,306.09,21:00:00
2026-02-12 21:15:00,306.55,21:15:00
2026-02-12 21:30:00,307.5,21:30:00
2026-02-12 21:45:00,307.32,21:45:00
2026-02-12 22:00:00,306.12,22:00:00
2026-02-12 22:15:00,305.6,22:15:00
2026-02-12 22:30:00,305.03,22:30:00
2026-02-12 22:45:00,303.88,22:45:00
2026-02-12 23:00:00,305.37,23:00:00
2026-02-12 23:15:00,305.82,23:15:00
2026-02-12 23:30:00,305.46,23:30:00
2026-02-12 23:45:00,307.42,23:45:00
2026-02-13 00:00:00,308.22,00:00:00
2026-02-13 00:15:00,308.62,00:15:00
2026-02-13 00:30:00,309.88,00:30:00
2026-02-13 00:45:00,310.84,00:45:00
2026-02-13 01:00:00,310.99,01:00:00
2026-02-13 01:15:00,310.58,01:15:00
2026-02-13 01:30:00,310.5,01:30:00
2026-02-13 01:45:00,310.27,01:45:00
2026-02-13 02:00:00,310.25,02:00:00
2026-02-13 02:15:00,311.01,02:15:00
2026-02-13 02:30:00,311.41,02:30:00
2026-02-13 02:45:00,311.44,02:45:00
2026-02-13 03:00:00,311.34,03:00:00
2026-02-13 03:15:00,313.31,03:15:00
2026-02-13 03:30:00,314.42,03:30:00
2026-02-13 03:45:00,317.86,03:45:00
2026-02-13 04:00:00,323.63,04:00:00
2026-02-13 04:15:00,328.9,04:15:00
2026-02-13 04:30:00,334.61,04:30:00
2026-02-13 04:45:00,340.21,04:45:00
2026-02-13 05:00:00,343.96,05:00:00
2026-02-13 05:15:00,350.25,05:15:00
2026-02-13 05:30:00,351.71,05:30:00
2026-02-13 05:45:00,353.99,05:45:00
2026-02-13 06:00:00,359.21,06:00:00
2026-02-13 06:15:00,364.05,06:15:00
2026-02-13 06:30:00,368.78,06:30:00
2026-02-13 06:45:00,370.77,06:45:00
2026-02-13 07:00:00,369.93,07:00:00
2026-02-13 07:15:00,370.83,07:15:00
2026-02-13 07:30:00,370.25,07:30:00
2026-02-13 07:45:00,369.21,07:45:00
2026-02-13 08:00:00,364.7,08:00:00
2026-02-13 08:15:00,362.09,08:15:00
2026-02-13 08:30:00,358.13,08:30:00
2026-02-13 08:45:00,354.84,08:45:00
2026-02-13 09:00:00,352.94,09:00:00
2026-02-13 09:15:00,348.25,09:15:00
2026-02-13 09:30:00,344.96,09:30:00
2026-02-13 09:45:00,343.01,09:45:00
2026-02-13 10:00:00,340.95,10:00:00
2026-02-13 10:15:00,339.74,10:15:00
2026-02-13 10:30:00,339.14,10:30:00
2026-02-13 10:45:00,340.99,10:45:00
2026-02-13 11:00:00,342.7,11:00:00
2026-02-13 11:15:00,343.7,11:15:00
2026-02-13 11:30:00,346.14,11:30:00
2026-02-13 11:45:00,347.62,11:45:00
2026-02-13 12:00:00,352.37,12:00:00
2026-02-13 12:15:00,357.92,12:15:00
2026-02-13 12:30:00,363.68,12:30:00
2026-02-13 12:45:00,369.7,12:45:00
2026-02-13 13:00:00,376.43,13:00:00
2026-02-13 13:15:00,380.08,13:15:00
2026-02-13 13:30:00,385.78,13:30:00
2026-02-13 13:45:00,389.8,13:45:00
2026-02-13 14:00:00,397.54,14:00:00
2026-02-13 14:15:00,402.18,14:15:00
2026-02-13 14:30:00,407.67,14:30:00
2026-02-13 14:45:00,413.47,14:45:00
2026-02-13 15:00:00,416.98,15:00:00
2026-02-13 15:15:00,422.3,15:15:00
2026-02-13 15:30:00,424.63,15:30:00
2026-02-13 15:45:00,426.76,15:45:00
2026-02-13 16:00:00,428.93,16:00:00
2026-02-13 16:15:00,431.23,16:15:00
2026-02-13 16:30:00,430.15,16:30:00
2026-02-13 16:45:00,430.65,16:45:00
2026-02-13 17:00:00,429.58,17:00:00
2026-02-13 17:15:00,430.02,17:15:00
2026-02-13 17:30:00,430.61,17:30:00
2026-02-13 17:45:00,430.44,17:45:00
2026-02-13 18:00:00,428.83,18:00:00
2026-02-13 18:15:00,425.82,18:15:00
2026-02-13 18:30:00,424.41,18:30:00
2026-02-13 18:45:00,424.15,18:45:00
2026-02-13 19:00:00,422.82,19:00:00
2026-02-13 19:15:00,420.18,19:15:00
2026-02-13 19:30:00,419.91,19:30:00
2026-02-13 19:45:00,419.84,19:45:00
2026-02-13 20:00:00,419.93,20:00:00
2026-02-13 20:15:00,420.07,20:15:00
2026-02-13 20:30:00,420.64,20:30:00
2026-02-13 20:45:00,422.18,20:45:00
2026-02-13 21:00:00,421.19,21:00:00
2026-02-13 21:15:00,420.98,21:15:00
2026-02-13 21:30:00,424.04,21:30:00
2026-02-13 21:45:00,428.38,21:45:00
2026-02-13 22:00:00,429.25,22:00:00
2026-02-13 22:15:00,432.3,22:15:00
2026-02-13 22:30:00,434.61,22:30:00
2026-02-13 22:45:00,435.1,22:45:00
2026-02-13 23:00:00,438.37,23:00:00
2026-02-13 23:15:00,436.83,23:15:00
2026-02-13 23:30:00,436.97,23:30:00
2026-02-13 23:45:00,435.58,23:45:00
2026-02-14 00:00:00,437.08,00:00:00
2026-02-14 00:15:00,436.64,00:15:00
2026-02-14 00:30:00,435.35,00:30:00
2026-02-14 00:45:00,431.12,00:45:00
2026-02-14 01:00:00,429.56,01:00:00
2026-02-14 01:15:00,428.67,01:15:00
2026-02-14 01:30:00,425.36,01:30:00
2026-02-14 01:45:00,425.92,01:45:00
2026-02-14 02:00:00,424.87,02:00:00
2026-02-14 02:15:00,425.0,02:15:00
2026-02-14 02:30:00,422.94,02:30:00
2026-02-14 02:45:00,420.43,02:45:00
2026-02-14 03:00:00,419.4,03:00:00
2026-02-14 03:15:00,417.88,03:15:00
2026-02-14 03:30:00,417.37,03:30:00
2026-02-14 03:45:00,415.41,03:45:00
2026-02-14 04:00:00,414.59,04:00:00
2026-02-14 04:15:00,413.55,04:15:00
2026-02-14 04:30:00,413.14,04:30:00
2026-02-14 04:45:00,412.98,04:45:00
2026-02-14 05:00:00,412.7,05:00:00
2026-02-14 05:15:00,413.29,05:15:00
2026-02-14 05:30:00,414.0,05:30:00
2026-02-14 05:45:00,415.3,05:45:00
2026-02-14 06:00:00,415.67,06:00:00
2026-02-14 06:15:00,416.6,06:15:00
2026-02-14 06:30:00,417.59,06:30:00
2026-02-14 06:45:00,417.2,06:45:00
2026-02-14 07:00:00,417.82,07:00:00
2026-02-14 07:15:00,418.99,07:15:00
2026-02-14 07:30:00,419.44,07:30:00
2026-02-14 07:45:00,417.61,07:45:00
2026-02-14 08:00:00,417.22,08:00:00
2026-02-14 08:15:00,415.69,08:15:00
2026-02-14 08:30:00,413.02,08:30:00
2026-02-14 08:45:00,412.06,08:45:00
2026-02-14 09:00:00,407.8,09:00:00
2026-02-14 09:15:00,405.13,09:15:00
2026-02-14 09:30:00,403.86,09:30:00
2026-02-14 09:45:00,402.49,09:45:00
2026-02-14 10:00:00,399.43,10:00:00
2026-02-14 10:15:00,395.75,10:15:00
2026-02-14 10:30:00,395.77,10:30:00
2026-02-14 10:45:00,398.11,10:45:00
2026-02-14 11:00:00,400.43,11:00:00
2026-02-14 11:15:00,401.02,11:15:00
2026-02-14 11:30:00,403.01,11:30:00
2026-02-14 11:45:00,405.32,11:45:00
2026-02-14 12:00:00,406.58,12:00:00
2026-02-14 12:15:00,409.56,12:15:00
2026-02-14 12:30:00,412.24,12:30:00
2026-02-14 12:45:00,416.3,12:45:00
2026-02-14 13:00:00,419.62,13:00:00
2026-02-14 13:15:00,421.8,13:15:00
2026-02-14 13:30:00,424.19,13:30:00
2026-02-14 13:45:00,426.9,13:45:00
2026-02-14 14:00:00,431.67,14:00:00
2026-02-14 14:15:00,433.18,14:15:00
2026-02-14 14:30:00,433.74,14:30:00
2026-02-14 14:45:00,436.75,14:45:00
2026-02-14 15:00:00,445.26,15:00:00
2026-02-14 15:15:00,448.87,15:15:00
2026-02-14 15:30:00,453.97,15:30:00
2026-02-14 15:45:00,458.84,15:45:00
2026-02-14 16:00:00,457.23,16:00:00
2026-02-14 16:15:00,458.58,16:15:00
2026-02-14 16:30:00,459.17,16:30:00
2026-02-14 16:45:00,460.01,16:45:00
2026-02-14 17:00:00,461.84,17:00:00
2026-02-14 17:15:00,463.45,17:15:00
2026-02-14 17:30:00,468.41,17:30:00
2026-02-14 17:45:00,473.22,17:45:00
2026-02-14 18:00:00,476.29,18:00:00
2026-02-14 18:15:00,479.21,18:15:00
2026-02-14 18:30:00,480.64,18:30:00
2026-02-14 18:45:00,483.08,18:45:00
2026-02-14 19:00:00,489.51,19:00:00
2026-02-14 19:15:00,487.69,19:15:00
2026-02-14 19:30:00,488.26,19:30:00
2026-02-14 19:45:00,486.96,19:45:00
2026-02-14 20:00:00,488.43,20:00:00
2026-02-14 20:15:00,488.99,20:15:00
2026-02-14 20:30:00,489.37,20:30:00
2026-02-14 20:45:00,489.28,20:45:00
2026-02-14 21:00:00,485.74,21:00:00
2026-02-14 21:15:00,485.01,21:15:00
2026-02-14 21:30:00,488.17,21:30:00
2026-02-14 21:45:00,489.59,21:45:00
2026-02-14 22:00:00,492.11,22:00:00
2026-02-14 22:15:00,492.92,22:15:00
2026-02-14 22:30:00,498.06,22:30:00
2026-02-14 22:45:00,497.16,22:45:00
2026-02-14 23:00:00,494.88,23:00:00
2026-02-14 23:15:00,491.63,23:15:00
2026-02-14 23:30:00,492.49,23:30:00
2026-02-14 23:45:00,494.01,23:45:00
2026-02-15 00:00:00,494.73,00:00:00
2026-02-15 00:15:00,491.69,00:15:00
2026-02-15 00:30:00,489.76,00:30:00
2026-02-15 00:45:00,489.92,00:45:00
2026-02-15 01:00:00,486.92,01:00:00
2026-02-15 01:15:00,481.65,01:15:00
2026-02-15 01:30:00,477.92,01:30:00
2026-02-15 01:45:00,477.98,01:45:00
2026-02-15 02:00:00,479.33,02:00:00
2026-02-15 02:15:00,477.62,02:15:00
2026-02-15 02:30:00,476.22,02:30:00
2026-02-15 02:45:00,476.13,02:45:00
2026-02-15 03:00:00,476.18,03:00:00
2026-02-15 03:15:00,475.6,03:15:00
2026-02-15 03:30:00,473.27,03:30:00
2026-02-15 03:45:00,470.99,03:45:00
2026-02-15 04:00:00,469.77,04:00:00
2026-02-15 04:15:00,468.95,04:15:00
2026-02-15 04:30:00,469.72,04:30:00
2026-02-15 04:45:00,469.65,04:45:00
2026-02-15 05:00:00,466.77,05:00:00
2026-02-15 05:15:00,463.05,05:15:00
2026-02-15 05:30:00,458.74,05:30:00
2026-02-15 05:45:00,453.64,05:45:00
2026-02-15 06:00:00,449.94,06:00:00
2026-02-15 06:15:00,444.74,06:15:00
2026-02-15 06:30:00,438.22,06:30:00
2026-02-15 06:45:00,431.84,06:45:00
2026-02-15 07:00:00,426.42,07:00:00
2026-02-15 07:15:00,418.5,07:15:00
2026-02-15 07:30:00,406.91,07:30:00
2026-02-15 07:45:00,394.36,07:45:00
2026-02-15 08:00:00,381.5,08:00:00
2026-02-15 08:15:00,369.92,08:15:00
2026-02-15 08:30:00,356.87,08:30:00
2026-02-15 08:45:00,346.32,08:45:00
2026-02-15 09:00:00,337.06,09:00:00
2026-02-15 09:15:00,328.33,09:15:00
2026-02-15 09:30:00,318.79,09:30:00
2026-02-15 09:45:00,306.23,09:45:00
2026-02-15 10:00:00,294.11,10:00:00
2026-02-15 10:15:00,285.36,10:15:00
2026-02-15 10:30:00,277.86,10:30:00
2026-02-15 10:45:00,269.78,10:45:00
2026-02-15 11:00:00,261.56,11:00:00
2026-02-15 11:15:00,255.73,11:15:00
2026-02-15 11:30:00,253.25,11:30:00
2026-02-15 11:45:00,248.82,11:45:00
2026-02-15 12:00:00,240.11,12:00:00
2026-02-15 12:15:00,235.25,12:15:00
2026-02-15 12:30:00,234.07,12:30:00
2026-02-15 12:45:00,235.43,12:45:00
2026-02-15 13:00:00,235.26,13:00:00
2026-02-15 13:15:00,234.7,13:15:00
2026-02-15 13:30:00,235.76,13:30:00
2026-02-15 13:45:00,242.26,13:45:00
2026-02-15 14:00:00,255.94,14:00:00
2026-02-15 14:15:00,263.42,14:15:00
2026-02-15 14:30:00,271.16,14:30:00
2026-02-15 14:45:00,277.68,14:45:00
2026-02-15 15:00:00,286.16,15:00:00
2026-02-15 15:15:00,296.61,15:15:00
2026-02-15 15:30:00,305.55,15:30:00
2026-02-15 15:45:00,313.69,15:45:00
2026-02-15 16:00:00,313.83,16:00:00
2026-02-15 16:15:00,309.73,16:15:00
2026-02-15 16:30:00,304.6,16:30:00
2026-02-15 16:45:00,296.96,16:45:00
2026-02-15 17:00:00,291.49,17:00:00
2026-02-15 17:15:00,284.2,17:15:00
2026-02-15 17:30:00,277.02,17:30:00
2026-02-15 17:45:00,272.11,17:45:00
2026-02-15 18:00:00,264.07,18:00:00
2026-02-15 18:15:00,260.27,18:15:00
2026-02-15 18:30:00,258.45,18:30:00
2026-02-15 18:45:00,255.95,18:45:00
2026-02-15 19:00:00,252.14,19:00:00
2026-02-15 19:15:00,250.31,19:15:00
2026-02-15 19:30:00,250.06,19:30:00
2026-02-15 19:45:00,247.79,19:45:00
2026-02-15 20:00:00,243.02,20:00:00
2026-02-15 20:15:00,240.04,20:15:00
2026-02-15 20:30:00,241.3,20:30:00
2026-02-15 20:45:00,242.94,20:45:00
2026-02-15 21:00:00,249.81,21:00:00
2026-02-15 21:15:00,249.85,21:15:00
2026-02-15 21:30:00,252.16,21:30:00
2026-02-15 21:45:00,253.85,21:45:00
2026-02-15 22:00:00,253.3,22:00:00
2026-02-15 22:15:00,252.42,22:15:00
2026-02-15 22:30:00,250.59,22:30:00
2026-02-15 22:45:00,249.45,22:45:00
2026-02-15 23:00:00,248.63,23:00:00
2026-02-15 23:15:00,247.09,23:15:00
2026-02-15 23:30:00,244.47,23:30:00
2026-02-15 23:45:00,242.74,23:45:00
2026-02-16 00:00:00,238.36,00:00:00
2026-02-16 00:15:00,237.07,00:15:00
2026-02-16 00:30:00,237.0,00:30:00
2026-02-16 00:45:00,236.29,00:45:00
2026-02-16 01:00:00,232.88,01:00:00
2026-02-16 01:15:00,233.66,01:15:00
2026-02-16 01:30:00,235.0,01:30:00
2026-02-16 01:45:00,236.16,01:45:00
2026-02-16 02:00:00,240.71,02:00:00
2026-02-16 02:15:00,242.01,02:15:00
2026-02-16 02:30:00,242.21,02:30:00
2026-02-16 02:45:00,242.53,02:45:00
2026-02-16 03:00:00,243.45,03:00:00
2026-02-16 03:15:00,245.24,03:15:00
2026-02-16 03:30:00,247.66,03:30:00
2026-02-16 03:45:00,250.59,03:45:00
2026-02-16 04:00:00,256.73,04:00:00
2026-02-16 04:15:00,260.43,04:15:00
2026-02-16 04:30:00,266.23,04:30:00
2026-02-16 04:45:00,271.75,04:45:00
2026-02-16 05:00:00,279.85,05:00:00
2026-02-16 05:15:00,285.58,05:15:00
2026-02-16 05:30:00,291.06,05:30:00
2026-02-16 05:45:00,293.68,05:45:00
2026-02-16 06:00:00,296.81,06:00:00
2026-02-16 06:15:00,300.13,06:15:00
2026-02-16 06:30:00,303.07,06:30:00
2026-02-16 06:45:00,305.95,06:45:00
2026-02-16 07:00:00,310.03,07:00:00
2026-02-16 07:15:00,309.53,07:15:00
2026-02-16 07:30:00,308.7,07:30:00
2026-02-16 07:45:00,308.61,07:45:00
2026-02-16 08:00:00,309.59,08:00:00
2026-02-16 08:15:00,309.55,08:15:00
2026-02-16 08:30:00,308.73,08:30:00
2026-02-16 08:45:00,307.6,08:45:00
2026-02-16 09:00:00,303.35,09:00:00
2026-02-16 09:15:00,301.37,09:15:00
2026-02-16 09:30:00,300.29,09:30:00
2026-02-16 09:45:00,297.38,09:45:00
2026-02-16 10:00:00,291.89,10:00:00
2026-02-16 10:15:00,289.7,10:15:00
2026-02-16 10:30:00,288.67,10:30:00
2026-02-16 10:45:00,288.64,10:45:00
2026-02-16 11:00:00,289.83,11:00:00
2026-02-16 11:15:00,292.16,11:15:00
2026-02-16 11:30:00,295.95,11:30:00
2026-02-16 11:45:00,300.38,11:45:00
2026-02-16 12:00:00,302.09,12:00:00
2026-02-16 12:15:00,303.81,12:15:00
2026-02-16 12:30:00,307.02,12:30:00
2026-02-16 12:45:00,312.52,12:45:00
2026-02-16 13:00:00,319.01,13:00:00
2026-02-16 13:15:00,322.33,13:15:00
2026-02-16 13:30:00,326.87,13:30:00
2026-02-16 13:45:00,332.16,13:45:00
2026-02-16 14:00:00,337.58,14:00:00
2026-02-16 14:15:00,340.06,14:15:00
2026-02-16 14:30:00,344.59,14:30:00
2026-02-16 14:45:00,350.42,14:45:00
2026-02-16 15:00:00,356.97,15:00:00
2026-02-16 15:15:00,362.54,15:15:00
2026-02-16 15:30:00,367.09,15:30:00
2026-02-16 15:45:00,371.28,15:45:00
2026-02-16 16:00:00,375.28,16:00:00
2026-02-16 16:15:00,374.49,16:15:00
2026-02-16 16:30:00,374.19,16:30:00
2026-02-16 16:45:00,373.08,16:45:00
2026-02-16 17:00:00,372.54,17:00:00
2026-02-16 17:15:00,371.74,17:15:00
2026-02-16 17:30:00,373.48,17:30:00
2026-02-16 17:45:00,374.31,17:45:00
2026-02-16 18:00:00,376.9,18:00:00
2026-02-16 18:15:00,378.3,18:15:00
2026-02-16 18:30:00,376.77,18:30:00
2026-02-16 18:45:00,377.44,18:45:00
2026-02-16 19:00:00,377.52,19:00:00
2026-02-16 19:15:00,377.67,19:15:00
2026-02-16 19:30:00,378.81,19:30:00
2026-02-16 19:45:00,379.37,19:45:00
2026-02-16 20:00:00,379.37,20:00:00
2026-02-16 20:15:00,381.77,20:15:00
2026-02-16 20:30:00,383.52,20:30:00
2026-02-16 20:45:00,386.36,20:45:00
2026-02-16 21:00:00,385.34,21:00:00
2026-02-16 21:15:00,385.6,21:15:00
2026-02-16 21:30:00,388.19,21:30:00
2026-02-16 21:45:00,390.53,21:45:00
2026-02-16 22:00:00,390.14,22:00:00
2026-02-16 22:15:00,393.54,22:15:00
2026-02-16 22:30:00,397.39,22:30:00
2026-02-16 22:45:00,397.49,22:45:00
2026-02-16 23:00:00,398.18,23:00:00
2026-02-16 23:15:00,400.33,23:15:00
2026-02-16 23:30:00,397.97,23:30:00
2026-02-16 23:45:00,397.15,23:45:00
2026-02-17 00:00:00,396.92,00:00:00
2026-02-17 00:15:00,396.44,00:15:00
2026-02-17 00:30:00,396.67,00:30:00
2026-02-17 00:45:00,394.57,00:45:00
2026-02-17 01:00:00,391.02,01:00:00
2026-02-17 01:15:00,388.29,01:15:00
2026-02-17 01:30:00,386.59,01:30:00
2026-02-17 01:45:00,387.09,01:45:00
2026-02-17 02:00:00,385.01,02:00:00
2026-02-17 02:15:00,385.1,02:15:00
2026-02-17 02:30:00,386.86,02:30:00
2026-02-17 02:45:00,388.22,02:45:00
2026-02-17 03:00:00,390.64,03:00:00
2026-02-17 03:15:00,390.78,03:15:00
2026-02-17 03:30:00,389.94,03:30:00
2026-02-17 03:45:00,390.93,03:45:00
2026-02-17 04:00:00,390.54,04:00:00
2026-02-17 04:15:00,392.55,04:15:00
2026-02-17 04:30:00,393.03,04:30:00
2026-02-17 04:45:00,391.25,04:45:00
2026-02-17 05:00:00,392.75,05:00:00
2026-02-17 05:15:00,392.22,05:15:00
2026-02-17 05:30:00,393.2,05:30:00
2026-02-17 05:45:00,394.56,05:45:00
2026-02-17 06:00:00,398.58,06:00:00
2026-02-17 06:15:00,398.97,06:15:00
2026-02-17 06:30:00,398.14,06:30:00
2026-02-17 06:45:00,395.34,06:45:00
2026-02-17 07:00:00,392.42,07:00:00
2026-02-17 07:15:00,391.53,07:15:00
2026-02-17 07:30:00,389.14,07:30:00
2026-02-17 07:45:00,386.93,07:45:00
2026-02-17 08:00:00,384.37,08:00:00
2026-02-17 08:15:00,381.52,08:15:00
2026-02-17 08:30:00,377.92,08:30:00
2026-02-17 08:45:00,374.81,08:45:00
2026-02-17 09:00:00,372.02,09:00:00
2026-02-17 09:15:00,366.5,09:15:00
2026-02-17 09:30:00,360.77,09:30:00
2026-02-17 09:45:00,358.71,09:45:00
2026-02-17 10:00:00,356.77,10:00:00
2026-02-17 10:15:00,353.94,10:15:00
2026-02-17 10:30:00,353.78,10:30:00
2026-02-17 10:45:00,355.78,10:45:00
2026-02-17 11:00:00,352.76,11:00:00
2026-02-17 11:15:00,350.79,11:15:00
2026-02-17 11:30:00,347.3,11:30:00
2026-02-17 11:45:00,346.57,11:45:00
2026-02-17 12:00:00,343.6,12:00:00
2026-02-17 12:15:00,344.37,12:15:00
2026-02-17 12:30:00,346.16,12:30:00
2026-02-17 12:45:00,344.27,12:45:00
2026-02-17 13:00:00,343.61,13:00:00
2026-02-17 13:15:00,344.57,13:15:00
2026-02-17 13:30:00,345.49,13:30:00
2026-02-17 13:45:00,345.43,13:45:00
2026-02-17 14:00:00,351.55,14:00:00
2026-02-17 14:15:00,354.5,14:15:00
2026-02-17 14:30:00,360.91,14:30:00
2026-02-17 14:45:00,367.07,14:45:00
2026-02-17 15:00:00,374.69,15:00:00
2026-02-17 15:15:00,381.87,15:15:00
2026-02-17 15:30:00,385.9,15:30:00
2026-02-17 15:45:00,389.22,15:45:00
2026-02-17 16:00:00,396.29,16:00:00
2026-02-17 16:15:00,396.52,16:15:00
2026-02-17 16:30:00,396.49,16:30:00
2026-02-17 16:45:00,397.11,16:45:00
2026-02-17 17:00:00,392.15,17:00:00
2026-02-17 17:15:00,388.69,17:15:00
2026-02-17 17:30:00,391.44,17:30:00
2026-02-17 17:45:00,392.51,17:45:00
2026-02-17 18:00:00,390.42,18:00:00
2026-02-17 18:15:00,390.13,18:15:00
2026-02-17 18:30:00,388.49,18:30:00
2026-02-17 18:45:00,387.53,18:45:00
2026-02-17 19:00:00,387.38,19:00:00
2026-02-17 19:15:00,383.73,19:15:00
2026-02-17 19:30:00,379.3,19:30:00
2026-02-17 19:45:00,376.21,19:45:00
2026-02-17 20:00:00,373.59,20:00:00
2026-02-17 20:15:00,374.29,20:15:00
2026-02-17 20:30:00,373.38,20:30:00
2026-02-17 20:45:00,373.51,20:45:00
2026-02-17 21:00:00,375.25,21:00:00
2026-02-17 21:15:00,373.45,21:15:00
2026-02-17 21:30:00,373.71,21:30:00
2026-02-17 21:45:00,375.93,21:45:00
2026-02-17 22:00:00,377.89,22:00:00
2026-02-17 22:15:00,378.77,22:15:00
2026-02-17 22:30:00,381.33,22:30:00
2026-02-17 22:45:00,383.99,22:45:00
2026-02-17 23:00:00,389.0,23:00:00
2026-02-17 23:15:00,390.86,23:15:00
2026-02-17 23:30:00,391.4,23:30:00
2026-02-17 23:45:00,393.72,23:45:00
2026-02-18 00:00:00,397.57,00:00:00
2026-02-18 00:15:00,400.42,00:15:00
2026-02-18 00:30:00,401.72,00:30:00
2026-02-18 00:45:00,404.17,00:45:00
2026-02-18 01:00:00,404.94,01:00:00
2026-02-18 01:15:00,405.78,01:15:00
2026-02-18 01:30:00,406.73,01:30:00
2026-02-18 01:45:00,408.97,01:45:00
2026-02-18 02:00:00,412.11,02:00:00
2026-02-18 02:15:00,416.34,02:15:00
2026-02-18 02:30:00,422.08,02:30:00
2026-02-18 02:45:00,428.43,02:45:00
2026-02-18 03:00:00,434.66,03:00:00
2026-02-18 03:15:00,441.13,03:15:00
2026-02-18 03:30:00,447.51,03:30:00
2026-02-18 03:45:00,452.84,03:45:00
2026-02-18 04:00:00,457.3,04:00:00
2026-02-18 04:15:00,461.72,04:15:00
2026-02-18 04:30:00,463.3,04:30:00
2026-02-18 04:45:00,464.34,04:45:00
2026-02-18 05:00:00,465.52,05:00:00
2026-02-18 05:15:00,464.43,05:15:00
2026-02-18 05:30:00,468.75,05:30:00
2026-02-18 05:45:00,471.67,05:45:00
2026-02-18 06:00:00,473.94,06:00:00
2026-02-18 06:15:00,477.77,06:15:00
2026-02-18 06:30:00,477.48,06:30:00
2026-02-18 06:45:00,476.02,06:45:00
2026-02-18 07:00:00,469.12,07:00:00
2026-02-18 07:15:00,464.56,07:15:00
2026-02-18 07:30:00,458.83,07:30:00
2026-02-18 07:45:00,455.09,07:45:00
2026-02-18 08:00:00,452.52,08:00:00
2026-02-18 08:15:00,443.56,08:15:00
2026-02-18 08:30:00,438.64,08:30:00
2026-02-18 08:45:00,435.15,08:45:00
2026-02-18 09:00:00,431.37,09:00:00
2026-02-18 09:15:00,427.14,09:15:00
2026-02-18 09:30:00,418.43,09:30:00
2026-02-18 09:45:00,410.76,09:45:00
2026-02-18 10:00:00,403.4,10:00:00
2026-02-18 10:15:00,396.18,10:15:00
2026-02-18 10:30:00,389.53,10:30:00
2026-02-18 10:45:00,383.43,10:45:00
2026-02-18 11:00:00,378.41,11:00:00
2026-02-18 11:15:00,378.08,11:15:00
2026-02-18 11:30:00,378.08,11:30:00
2026-02-18 11:45:00,379.17,11:45:00
2026-02-18 12:00:00,378.25,12:00:00
2026-02-18 12:15:00,379.45,12:15:00
2026-02-18 12:30:00,380.72,12:30:00
2026-02-18 12:45:00,382.9,12:45:00
2026-02-18 13:00:00,385.04,13:00:00
2026-02-18 13:15:00,387.55,13:15:00
2026-02-18 13:30:00,391.06,13:30:00
2026-02-18 13:45:00,394.58,13:45:00
2026-02-18 14:00:00,399.66,14:00:00
2026-02-18 14:15:00,402.36,14:15:00
2026-02-18 14:30:00,408.57,14:30:00
2026-02-18 14:45:00,414.25,14:45:00
2026-02-18 15:00:00,423.57,15:00:00
2026-02-18 15:15:00,429.19,15:15:00
2026-02-18 15:30:00,433.85,15:30:00
2026-02-18 15:45:00,438.38,15:45:00
2026-02-18 16:00:00,438.0,16:00:00
2026-02-18 16:15:00,435.32,16:15:00
2026-02-18 16:30:00,429.62,16:30:00
2026-02-18 16:45:00,425.49,16:45:00
2026-02-18 17:00:00,418.87,17:00:00
2026-02-18 17:15:00,411.97,17:15:00
2026-02-18 17:30:00,403.71,17:30:00
2026-02-18 17:45:00,398.93,17:45:00
2026-02-18 18:00:00,393.04,18:00:00
2026-02-18 18:15:00,387.53,18:15:00
2026-02-18 18:30:00,382.32,18:30:00
2026-02-18 18:45:00,378.31,18:45:00
2026-02-18 19:00:00,372.18,19:00:00
2026-02-18 19:15:00,368.6,19:15:00
2026-02-18 19:30:00,366.15,19:30:00
2026-02-18 19:45:00,362.53,19:45:00
2026-02-18 20:00:00,354.91,20:00:00
2026-02-18 20:15:00,352.44,20:15:00
2026-02-18 20:30:00,348.42,20:30:00
2026-02-18 20:45:00,344.43,20:45:00
2026-02-18 21:00:00,345.74,21:00:00
2026-02-18 21:15:00,342.61,21:15:00
2026-02-18 21:30:00,341.05,21:30:00
2026-02-18 21:45:00,338.3,21:45:00
2026-02-18 22:00:00,336.29,22:00:00
2026-02-18 22:15:00,332.61,22:15:00
2026-02-18 22:30:00,329.9,22:30:00
2026-02-18 22:45:00,328.18,22:45:00
2026-02-18 23:00:00,329.0,23:00:00
2026-02-18 23:15:00,328.11,23:15:00
2026-02-18 23:30:00,327.23,23:30:00
2026-02-18 23:45:00,325.51,23:45:00
2026-02-19 00:00:00,327.11,00:00:00
2026-02-19 00:15:00,326.09,00:15:00
2026-02-19 00:30:00,324.4,00:30:00
2026-02-19 00:45:00,321.15,00:45:00
2026-02-19 01:00:00,318.73,01:00:00
2026-02-19 01:15:00,315.6,01:15:00
2026-02-19 01:30:00,312.36,01:30:00
2026-02-19 01:45:00,310.41,01:45:00
2026-02-19 02:00:00,309.78,02:00:00
2026-02-19 02:15:00,307.41,02:15:00
2026-02-19 02:30:00,307.37,02:30:00
2026-02-19 02:45:00,305.98,02:45:00
2026-02-19 03:00:00,306.39,03:00:00
2026-02-19 03:15:00,307.37,03:15:00
2026-02-19 03:30:00,306.27,03:30:00
2026-02-19 03:45:00,306.78,03:45:00
2026-02-19 04:00:00,307.05,04:00:00
2026-02-19 04:15:00,305.01,04:15:00
2026-02-19 04:30:00,305.43,04:30:00
2026-02-19 04:45:00,307.02,04:45:00
2026-02-19 05:00:00,305.72,05:00:00
2026-02-19 05:15:00,309.18,05:15:00
2026-02-19 05:30:00,312.06,05:30:00
2026-02-19 05:45:00,318.16,05:45:00
2026-02-19 06:00:00,320.0,06:00:00
2026-02-19 06:15:00,319.55,06:15:00
2026-02-19 06:30:00,321.98,06:30:00
2026-02-19 06:45:00,321.9,06:45:00
2026-02-19 07:00:00,319.96,07:00:00
2026-02-19 07:15:00,319.33,07:15:00
2026-02-19 07:30:00,320.61,07:30:00
2026-02-19 07:45:00,323.36,07:45:00
2026-02-19 08:00:00,325.16,08:00:00
2026-02-19 08:15:00,325.07,08:15:00
2026-02-19 08:30:00,323.27,08:30:00
2026-02-19 08:45:00,322.61,08:45:00
2026-02-19 09:00:00,321.66,09:00:00
2026-02-19 09:15:00,320.29,09:15:00
2026-02-19 09:30:00,317.13,09:30:00
2026-02-19 09:45:00,314.47,09:45:00
2026-02-19 10:00:00,312.04,10:00:00
2026-02-19 10:15:00,309.58,10:15:00
2026-02-19 10:30:00,306.74,10:30:00
2026-02-19 10:45:00,306.1,10:45:00
2026-02-19 11:00:00,302.92,11:00:00
2026-02-19 11:15:00,300.53,11:15:00
2026-02-19 11:30:00,297.83,11:30:00
2026-02-19 11:45:00,294.88,11:45:00
2026-02-19 12:00:00,290.46,12:00:00
2026-02-19 12:15:00,288.7,12:15:00
2026-02-19 12:30:00,288.31,12:30:00
2026-02-19 12:45:00,289.46,12:45:00
2026-02-19 13:00:00,288.55,13:00:00
2026-02-19 13:15:00,287.93,13:15:00
2026-02-19 13:30:00,289.48,13:30:00
2026-02-19 13:45:00,291.95,13:45:00
2026-02-19 14:00:00,298.26,14:00:00
2026-02-19 14:15:00,304.16,14:15:00
2026-02-19 14:30:00,308.96,14:30:00
2026-02-19 14:45:00,315.5,14:45:00
2026-02-19 15:00:00,320.35,15:00:00
2026-02-19 15:15:00,327.14,15:15:00
2026-02-19 15:30:00,331.82,15:30:00
2026-02-19 15:45:00,335.71,15:45:00
2026-02-19 16:00:00,336.37,16:00:00
2026-02-19 16:15:00,336.87,16:15:00
2026-02-19 16:30:00,337.92,16:30:00
2026-02-19 16:45:00,338.34,16:45:00
2026-02-19 17:00:00,339.01,17:00:00
2026-02-19 17:15:00,339.97,17:15:00
2026-02-19 17:30:00,341.13,17:30:00
2026-02-19 17:45:00,341.14,17:45:00
2026-02-19 18:00:00,340.06,18:00:00
2026-02-19 18:15:00,338.06,18:15:00
2026-02-19 18:30:00,336.61,18:30:00
2026-02-19 18:45:00,335.57,18:45:00
2026-02-19 19:00:00,335.66,19:00:00
2026-02-19 19:15:00,333.5,19:15:00
2026-02-19 19:30:00,335.43,19:30:00
2026-02-19 19:45:00,335.72,19:45:00
2026-02-19 20:00:00,337.27,20:00:00
2026-02-19 20:15:00,338.29,20:15:00
2026-02-19 20:30:00,340.15,20:30:00
2026-02-19 20:45:00,339.92,20:45:00
2026-02-19 21:00:00,342.5,21:00:00
2026-02-19 21:15:00,342.19,21:15:00
2026-02-19 21:30:00,342.82,21:30:00
2026-02-19 21:45:00,341.88,21:45:00
2026-02-19 22:00:00,342.34,22:00:00
2026-02-19 22:15:00,340.48,22:15:00
2026-02-19 22:30:00,338.14,22:30:00
2026-02-19 22:45:00,335.69,22:45:00
2026-02-19 23:00:00,332.44,23:00:00
2026-02-19 23:15:00,329.06,23:15:00
2026-02-19 23:30:00,328.25,23:30:00
2026-02-19 23:45:00,329.64,23:45:00
2026-02-20 00:00:00,332.47,00:00:00
2026-02-20 00:15:00,334.55,00:15:00
2026-02-20 00:30:00,337.21,00:30:00
2026-02-20 00:45:00,339.95,00:45:00
2026-02-20 01:00:00,340.29,01:00:00
2026-02-20 01:15:00,341.46,01:15:00
2026-02-20 01:30:00,344.28,01:30:00
2026-02-20 01:45:00,345.01,01:45:00
2026-02-20 02:00:00,347.66,02:00:00
2026-02-20 02:15:00,347.66,02:15:00
2026-02-20 02:30:00,346.26,02:30:00
2026-02-20 02:45:00,344.99,02:45:00
2026-02-20 03:00:00,347.91,03:00:00
2026-02-20 03:15:00,346.93,03:15:00
2026-02-20 03:30:00,343.29,03:30:00
2026-02-20 03:45:00,340.49,03:45:00
2026-02-20 04:00:00,341.39,04:00:00
2026-02-20 04:15:00,342.67,04:15:00
2026-02-20 04:30:00,343.76,04:30:00
2026-02-20 04:45:00,345.2,04:45:00
2026-02-20 05:00:00,341.63,05:00:00
2026-02-20 05:15:00,342.81,05:15:00
2026-02-20 05:30:00,342.79,05:30:00
2026-02-20 05:45:00,344.83,05:45:00
2026-02-20 06:00:00,348.24,06:00:00
2026-02-20 06:15:00,351.96,06:15:00
2026-02-20 06:30:00,354.21,06:30:00
2026-02-20 06:45:00,352.46,06:45:00
2026-02-20 07:00:00,350.98,07:00:00
2026-02-20 07:15:00,348.41,07:15:00
2026-02-20 07:30:00,343.3,07:30:00
2026-02-20 07:45:00,339.08,07:45:00
2026-02-20 08:00:00,329.04,08:00:00
2026-02-20 08:15:00,322.86,08:15:00
2026-02-20 08:30:00,316.39,08:30:00
2026-02-20 08:45:00,310.04,08:45:00
2026-02-20 09:00:00,300.25,09:00:00
2026-02-20 09:15:00,294.21,09:15:00
2026-02-20 09:30:00,289.63,09:30:00
2026-02-20 09:45:00,285.1,09:45:00
2026-02-20 10:00:00,280.68,10:00:00
2026-02-20 10:15:00,276.26,10:15:00
2026-02-20 10:30:00,271.81,10:30:00
2026-02-20 10:45:00,269.75,10:45:00
2026-02-20 11:00:00,267.64,11:00:00
2026-02-20 11:15:00,268.1,11:15:00
2026-02-20 11:30:00,269.25,11:30:00
2026-02-20 11:45:00,270.62,11:45:00
2026-02-20 12:00:00,270.84,12:00:00
2026-02-20 12:15:00,272.66,12:15:00
2026-02-20 12:30:00,275.51,12:30:00
2026-02-20 12:45:00,278.44,12:45:00
2026-02-20 13:00:00,282.66,13:00:00
2026-02-20 13:15:00,283.79,13:15:00
2026-02-20 13:30:00,287.94,13:30:00
2026-02-20 13:45:00,290.69,13:45:00
2026-02-20 14:00:00,291.44,14:00:00
2026-02-20 14:15:00,294.95,14:15:00
2026-02-20 14:30:00,298.78,14:30:00
2026-02-20 14:45:00,302.31,14:45:00
2026-02-20 15:00:00,309.46,15:00:00
2026-02-20 15:15:00,312.94,15:15:00
2026-02-20 15:30:00,316.47,15:30:00
2026-02-20 15:45:00,318.85,15:45:00
2026-02-20 16:00:00,321.04,16:00:00
2026-02-20 16:15:00,319.75,16:15:00
2026-02-20 16:30:00,317.79,16:30:00
2026-02-20 16:45:00,313.25,16:45:00
2026-02-20 17:00:00,304.42,17:00:00
2026-02-20 17:15:00,299.97,17:15:00
2026-02-20 17:30:00,297.2,17:30:00
2026-02-20 17:45:00,293.22,17:45:00
2026-02-20 18:00:00,284.57,18:00:00
2026-02-20 18:15:00,280.52,18:15:00
2026-02-20 18:30:00,275.68,18:30:00
2026-02-20 18:45:00,268.84,18:45:00
2026-02-20 19:00:00,257.12,19:00:00
2026-02-20 19:15:00,250.76,19:15:00
2026-02-20 19:30:00,245.57,19:30:00
2026-02-20 19:45:00,240.13,19:45:00
2026-02-20 20:00:00,228.94,20:00:00
2026-02-20 20:15:00,222.23,20:15:00
2026-02-20 20:30:00,212.56,20:30:00
2026-02-20 20:45:00,203.48,20:45:00
2026-02-20 21:00:00,200.64,21:00:00
2026-02-20 21:15:00,195.7,21:15:00
2026-02-20 21:30:00,194.67,21:30:00
2026-02-20 21:45:00,188.28,21:45:00
2026-02-20 22:00:00,178.98,22:00:00
2026-02-20 22:15:00,177.31,22:15:00
2026-02-20 22:30:00,175.91,22:30:00
2026-02-20 22:45:00,174.87,22:45:00
2026-02-20 23:00:00,169.65,23:00:00
2026-02-20 23:15:00,166.66,23:15:00
2026-02-20 23:30:00,164.99,23:30:00
2026-02-20 23:45:00,163.38,23:45:00
2026-02-21 00:00:00,158.65,00:00:00
2026-02-21 00:15:00,158.04,00:15:00
2026-02-21 00:30:00,156.07,00:30:00
2026-02-21 00:45:00,155.35,00:45:00
2026-02-21 01:00:00,154.4,01:00:00
2026-02-21 01:15:00,153.61,01:15:00
2026-02-21 01:30:00,152.19,01:30:00
2026-02-21 01:45:00,152.04,01:45:00
2026-02-21 02:00:00,150.49,02:00:00
2026-02-21 02:15:00,150.53,02:15:00
2026-02-21 02:30:00,150.67,02:30:00
2026-02-21 02:45:00,150.4,02:45:00
2026-02-21 03:00:00,151.1,03:00:00
2026-02-21 03:15:00,151.63,03:15:00
2026-02-21 03:30:00,150.94,03:30:00
2026-02-21 03:45:00,150.67,03:45:00
2026-02-21 04:00:00,151.39,04:00:00
2026-02-21 04:15:00,150.79,04:15:00
2026-02-21 04:30:00,150.2,04:30:00
2026-02-21 04:45:00,151.37,04:45:00
2026-02-21 05:00:00,151.08,05:00:00
2026-02-21 05:15:00,151.61,05:15:00
2026-02-21 05:30:00,152.91,05:30:00
2026-02-21 05:45:00,153.12,05:45:00
2026-02-21 06:00:00,154.19,06:00:00
2026-02-21 06:15:00,154.82,06:15:00
2026-02-21 06:30:00,155.51,06:30:00
2026-02-21 06:45:00,154.92,06:45:00
2026-02-21 07:00:00,155.05,07:00:00
2026-02-21 07:15:00,154.71,07:15:00
2026-02-21 07:30:00,154.01,07:30:00
2026-02-21 07:45:00,153.08,07:45:00
2026-02-21 08:00:00,150.16,08:00:00
2026-02-21 08:15:00,148.19,08:15:00
2026-02-21 08:30:00,148.43,08:30:00
2026-02-21 08:45:00,148.11,08:45:00
2026-02-21 09:00:00,145.73,09:00:00
2026-02-21 09:15:00,144.45,09:15:00
2026-02-21 09:30:00,143.82,09:30:00
2026-02-21 09:45:00,143.73,09:45:00
2026-02-21 10:00:00,142.68,10:00:00
2026-02-21 10:15:00,143.9,10:15:00
2026-02-21 10:30:00,144.54,10:30:00
2026-02-21 10:45:00,144.94,10:45:00
2026-02-21 11:00:00,146.8,11:00:00
2026-02-21 11:15:00,146.67,11:15:00
2026-02-21 11:30:00,146.56,11:30:00
2026-02-21 11:45:00,146.89,11:45:00
2026-02-21 12:00:00,149.1,12:00:00
2026-02-21 12:15:00,151.71,12:15:00
2026-02-21 12:30:00,156.27,12:30:00
2026-02-21 12:45:00,158.45,12:45:00
2026-02-21 13:00:00,166.92,13:00:00
2026-02-21 13:15:00,173.29,13:15:00
2026-02-21 13:30:00,178.55,13:30:00
2026-02-21 13:45:00,183.21,13:45:00
2026-02-21 14:00:00,190.23,14:00:00
2026-02-21 14:15:00,193.82,14:15:00
2026-02-21 14:30:00,199.78,14:30:00
2026-02-21 14:45:00,206.56,14:45:00
2026-02-21 15:00:00,215.0,15:00:00
2026-02-21 15:15:00,221.08,15:15:00
2026-02-21 15:30:00,226.66,15:30:00
2026-02-21 15:45:00,230.47,15:45:00
2026-02-21 16:00:00,233.9,16:00:00
2026-02-21 16:15:00,234.21,16:15:00
2026-02-21 16:30:00,235.24,16:30:00
2026-02-21 16:45:00,236.27,16:45:00
2026-02-21 17:00:00,235.68,17:00:00
2026-02-21 17:15:00,236.5,17:15:00
2026-02-21 17:30:00,236.11,17:30:00
2026-02-21 17:45:00,237.04,17:45:00
2026-02-21 18:00:00,238.9,18:00:00
2026-02-21 18:15:00,241.49,18:15:00
2026-02-21 18:30:00,242.97,18:30:00
2026-02-21 18:45:00,241.71,18:45:00
2026-02-21 19:00:00,240.88,19:00:00
2026-02-21 19:15:00,239.63,19:15:00
2026-02-21 19:30:00,238.31,19:30:00
2026-02-21 19:45:00,234.9,19:45:00
2026-02-21 20:00:00,230.86,20:00:00
2026-02-21 20:15:00,228.81,20:15:00
2026-02-21 20:30:00,227.91,20:30:00
2026-02-21 20:45:00,225.42,20:45:00
2026-02-21 21:00:00,226.75,21:00:00
2026-02-21 21:15:00,223.86,21:15:00
2026-02-21 21:30:00,223.31,21:30:00
2026-02-21 21:45:00,218.37,21:45:00
2026-02-21 22:00:00,212.93,22:00:00
2026-02-21 22:15:00,212.12,22:15:00
2026-02-21 22:30:00,211.11,22:30:00
2026-02-21 22:45:00,209.02,22:45:00
2026-02-21 23:00:00,203.15,23:00:00
2026-02-21 23:15:00,197.82,23:15:00
2026-02-21 23:30:00,194.87,23:30:00
2026-02-21 23:45:00,191.62,23:45:00
2026-02-22 00:00:00,188.56,00:00:00
2026-02-22 00:15:00,186.82,00:15:00
2026-02-22 00:30:00,186.51,00:30:00
2026-02-22 00:45:00,186.36,00:45:00
2026-02-22 01:00:00,184.7,01:00:00
2026-02-22 01:15:00,183.92,01:15:00
2026-02-22 01:30:00,183.02,01:30:00
2026-02-22 01:45:00,182.31,01:45:00
2026-02-22 02:00:00,180.36,02:00:00
2026-02-22 02:15:00,178.02,02:15:00
2026-02-22 02:30:00,175.37,02:30:00
2026-02-22 02:45:00,174.58,02:45:00
2026-02-22 03:00:00,172.77,03:00:00
2026-02-22 03:15:00,171.27,03:15:00
2026-02-22 03:30:00,171.07,03:30:00
2026-02-22 03:45:00,171.04,03:45:00
2026-02-22 04:00:00,169.73,04:00:00
2026-02-22 04:15:00,168.64,04:15:00
2026-02-22 04:30:00,167.94,04:30:00
2026-02-22 04:45:00,167.04,04:45:00
2026-02-22 05:00:00,162.75,05:00:00
2026-02-22 05:15:00,161.01,05:15:00
2026-02-22 05:30:00,159.54,05:30:00
2026-02-22 05:45:00,158.9,05:45:00
2026-02-22 06:00:00,158.67,06:00:00
2026-02-22 06:15:00,158.71,06:15:00
2026-02-22 06:30:00,157.62,06:30:00
2026-02-22 06:45:00,157.53,06:45:00
2026-02-22 07:00:00,156.39,07:00:00
2026-02-22 07:15:00,154.24,07:15:00
2026-02-22 07:30:00,152.56,07:30:00
2026-02-22 07:45:00,151.32,07:45:00
2026-02-22 08:00:00,150.66,08:00:00
2026-02-22 08:15:00,150.99,08:15:00
2026-02-22 08:30:00,150.32,08:30:00
2026-02-22 08:45:00,149.94,08:45:00
2026-02-22 09:00:00,147.77,09:00:00
2026-02-22 09:15:00,147.33,09:15:00
2026-02-22 09:30:00,145.14,09:30:00
2026-02-22 09:45:00,143.11,09:45:00
2026-02-22 10:00:00,140.38,10:00:00
2026-02-22 10:15:00,138.19,10:15:00
2026-02-22 10:30:00,136.54,10:30:00
2026-02-22 10:45:00,134.66,10:45:00
2026-02-22 11:00:00,131.66,11:00:00
2026-02-22 11:15:00,132.03,11:15:00
2026-02-22 11:30:00,132.24,11:30:00
2026-02-22 11:45:00,131.18,11:45:00
2026-02-22 12:00:00,131.01,12:00:00
2026-02-22 12:15:00,130.52,12:15:00
2026-02-22 12:30:00,131.51,12:30:00
2026-02-22 12:45:00,131.7,12:45:00
2026-02-22 13:00:00,131.74,13:00:00
2026-02-22 13:15:00,131.58,13:15:00
2026-02-22 13:30:00,132.14,13:30:00
2026-02-22 13:45:00,132.57,13:45:00
2026-02-22 14:00:00,134.23,14:00:00
2026-02-22 14:15:00,135.28,14:15:00
2026-02-22 14:30:00,136.36,14:30:00
2026-02-22 14:45:00,137.63,14:45:00
2026-02-22 15:00:00,140.81,15:00:00
2026-02-22 15:15:00,142.33,15:15:00
2026-02-22 15:30:00,143.55,15:30:00
2026-02-22 15:45:00,145.63,15:45:00
2026-02-22 16:00:00,151.51,16:00:00
2026-02-22 16:15:00,154.84,16:15:00
2026-02-22 16:30:00,158.16,16:30:00
2026-02-22 16:45:00,160.63,16:45:00
2026-02-22 17:00:00,164.1,17:00:00
2026-02-22 17:15:00,163.69,17:15:00
2026-02-22 17:30:00,165.02,17:30:00
2026-02-22 17:45:00,165.76,17:45:00
2026-02-22 18:00:00,164.81,18:00:00
2026-02-22 18:15:00,166.77,18:15:00
2026-02-22 18:30:00,167.64,18:30:00
2026-02-22 18:45:00,169.24,18:45:00
2026-02-22 19:00:00,166.07,19:00:00
2026-02-22 19:15:00,164.66,19:15:00
2026-02-22 19:30:00,164.79,19:30:00
2026-02-22 19:45:00,163.71,19:45:00
2026-02-22 20:00:00,161.97,20:00:00
2026-02-22 20:15:00,162.61,20:15:00
2026-02-22 20:30:00,162.64,20:30:00
2026-02-22 20:45:00,162.89,20:45:00
2026-02-22 21:00:00,165.52,21:00:00
2026-02-22 21:15:00,164.7,21:15:00
2026-02-22 21:30:00,162.64,21:30:00
2026-02-22 21:45:00,159.87,21:45:00
2026-02-22 22:00:00,154.72,22:00:00
2026-02-22 22:15:00,154.36,22:15:00
2026-02-22 22:30:00,154.47,22:30:00
2026-02-22 22:45:00,155.35,22:45:00
2026-02-22 23:00:00,154.53,23:00:00
2026-02-22 23:15:00,154.93,23:15:00
2026-02-22 23:30:00,154.96,23:30:00
2026-02-22 23:45:00,155.01,23:45:00
2026-02-23 00:00:00,154.06,00:00:00
2026-02-23 00:15:00,154.69,00:15:00
2026-02-23 00:30:00,156.34,00:30:00
2026-02-23 00:45:00,156.53,00:45:00
2026-02-23 01:00:00,157.15,01:00:00
2026-02-23 01:15:00,158.91,01:15:00
2026-02-23 01:30:00,159.86,01:30:00
2026-02-23 01:45:00,160.49,01:45:00
2026-02-23 02:00:00,161.56,02:00:00
2026-02-23 02:15:00,162.58,02:15:00
2026-02-23 02:30:00,162.38,02:30:00
2026-02-23 02:45:00,162.55,02:45:00
2026-02-23 03:00:00,162.31,03:00:00
2026-02-23 03:15:00,161.28,03:15:00
2026-02-23 03:30:00,162.47,03:30:00
2026-02-23 03:45:00,162.99,03:45:00
2026-02-23 04:00:00,164.69,04:00:00
2026-02-23 04:15:00,164.16,04:15:00
2026-02-23 04:30:00,163.9,04:30:00
2026-02-23 04:45:00,164.92,04:45:00
2026-02-23 05:00:00,165.09,05:00:00
2026-02-23 05:15:00,170.19,05:15:00
2026-02-23 05:30:00,174.82,05:30:00
2026-02-23 05:45:00,180.29,05:45:00
2026-02-23 06:00:00,186.8,06:00:00
2026-02-23 06:15:00,189.33,06:15:00
2026-02-23 06:30:00,189.94,06:30:00
2026-02-23 06:45:00,189.53,06:45:00
2026-02-23 07:00:00,190.14,07:00:00
2026-02-23 07:15:00,188.84,07:15:00
2026-02-23 07:30:00,186.01,07:30:00
2026-02-23 07:45:00,182.18,07:45:00
2026-02-23 08:00:00,178.03,08:00:00
2026-02-23 08:15:00,174.13,08:15:00
2026-02-23 08:30:00,167.2,08:30:00
2026-02-23 08:45:00,160.31,08:45:00
2026-02-23 09:00:00,150.14,09:00:00
2026-02-23 09:15:00,143.56,09:15:00
2026-02-23 09:30:00,137.86,09:30:00
2026-02-23 09:45:00,133.92,09:45:00
2026-02-23 10:00:00,129.67,10:00:00
2026-02-23 10:15:00,127.82,10:15:00
2026-02-23 10:30:00,128.26,10:30:00
2026-02-23 10:45:00,126.62,10:45:00
2026-02-23 11:00:00,124.22,11:00:00
2026-02-23 11:15:00,122.81,11:15:00
2026-02-23 11:30:00,122.4,11:30:00
2026-02-23 11:45:00,122.82,11:45:00
2026-02-23 12:00:00,121.9,12:00:00
2026-02-23 12:15:00,122.07,12:15:00
2026-02-23 12:30:00,121.97,12:30:00
2026-02-23 12:45:00,122.16,12:45:00
2026-02-23 13:00:00,123.43,13:00:00
2026-02-23 13:15:00,124.35,13:15:00
2026-02-23 13:30:00,125.62,13:30:00
2026-02-23 13:45:00,129.03,13:45:00
2026-02-23 14:00:00,134.91,14:00:00
2026-02-23 14:15:00,140.3,14:15:00
2026-02-23 14:30:00,148.27,14:30:00
2026-02-23 14:45:00,155.87,14:45:00
2026-02-23 15:00:00,170.15,15:00:00
2026-02-23 15:15:00,181.67,15:15:00
2026-02-23 15:30:00,192.16,15:30:00
2026-02-23 15:45:00,201.01,15:45:00
2026-02-23 16:00:00,208.34,16:00:00
2026-02-23 16:15:00,213.83,16:15:00
2026-02-23 16:30:00,218.63,16:30:00
2026-02-23 16:45:00,223.71,16:45:00
2026-02-23 17:00:00,227.11,17:00:00
2026-02-23 17:15:00,228.48,17:15:00
2026-02-23 17:30:00,229.95,17:30:00
2026-02-23 17:45:00,231.88,17:45:00
2026-02-23 18:00:00,233.27,18:00:00
2026-02-23 18:15:00,235.38,18:15:00
2026-02-23 18:30:00,235.62,18:30:00
2026-02-23 18:45:00,234.35,18:45:00
2026-02-23 19:00:00,234.42,19:00:00
2026-02-23 19:15:00,235.51,19:15:00
2026-02-23 19:30:00,235.92,19:30:00
2026-02-23 19:45:00,235.72,19:45:00
2026-02-23 20:00:00,237.7,20:00:00
2026-02-23 20:15:00,242.43,20:15:00
2026-02-23 20:30:00,244.1,20:30:00
2026-02-23 20:45:00,246.61,20:45:00
2026-02-23 21:00:00,253.02,21:00:00
2026-02-23 21:15:00,256.14,21:15:00
2026-02-23 21:30:00,258.33,21:30:00
2026-02-23 21:45:00,259.27,21:45:00
2026-02-23 22:00:00,261.04,22:00:00
2026-02-23 22:15:00,262.01,22:15:00
2026-02-23 22:30:00,265.52,22:30:00
2026-02-23 22:45:00,270.22,22:45:00
2026-02-23 23:00:00,274.39,23:00:00
2026-02-23 23:15:00,280.08,23:15:00
2026-02-23 23:30:00,286.27,23:30:00
2026-02-23 23:45:00,292.0,23:45:00
2026-02-24 00:00:00,298.18,00:00:00
2026-02-24 00:15:00,306.15,00:15:00
2026-02-24 00:30:00,314.4,00:30:00
2026-02-24 00:45:00,322.47,00:45:00
2026-02-24 01:00:00,329.28,01:00:00
2026-02-24 01:15:00,334.48,01:15:00
2026-02-24 01:30:00,342.54,01:30:00
2026-02-24 01:45:00,349.8,01:45:00
2026-02-24 02:00:00,356.45,02:00:00
2026-02-24 02:15:00,366.7,02:15:00
2026-02-24 02:30:00,374.15,02:30:00
2026-02-24 02:45:00,382.51,02:45:00
2026-02-24 03:00:00,389.7,03:00:00
2026-02-24 03:15:00,395.29,03:15:00
2026-02-24 03:30:00,399.95,03:30:00
2026-02-24 03:45:00,405.55,03:45:00
2026-02-24 04:00:00,410.14,04:00:00
2026-02-24 04:15:00,416.65,04:15:00
2026-02-24 04:30:00,422.33,04:30:00
2026-02-24 04:45:00,428.92,04:45:00
2026-02-24 05:00:00,433.66,05:00:00
2026-02-24 05:15:00,437.84,05:15:00
2026-02-24 05:30:00,442.65,05:30:00
2026-02-24 05:45:00,447.27,05:45:00
2026-02-24 06:00:00,444.92,06:00:00
2026-02-24 06:15:00,446.6,06:15:00
2026-02-24 06:30:00,449.52,06:30:00
2026-02-24 06:45:00,452.65,06:45:00
2026-02-24 07:00:00,451.12,07:00:00
2026-02-24 07:15:00,449.1,07:15:00
2026-02-24 07:30:00,445.8,07:30:00
2026-02-24 07:45:00,441.38,07:45:00
2026-02-24 08:00:00,437.54,08:00:00
2026-02-24 08:15:00,431.56,08:15:00
2026-02-24 08:30:00,427.68,08:30:00
2026-02-24 08:45:00,421.31,08:45:00
2026-02-24 09:00:00,415.1,09:00:00
2026-02-24 09:15:00,408.83,09:15:00
2026-02-24 09:30:00,402.69,09:30:00
2026-02-24 09:45:00,400.25,09:45:00
2026-02-24 10:00:00,399.94,10:00:00
2026-02-24 10:15:00,397.84,10:15:00
2026-02-24 10:30:00,396.09,10:30:00
2026-02-24 10:45:00,392.65,10:45:00
2026-02-24 11:00:00,386.72,11:00:00
2026-02-24 11:15:00,384.75,11:15:00
2026-02-24 11:30:00,382.36,11:30:00
2026-02-24 11:45:00,381.44,11:45:00
2026-02-24 12:00:00,385.51,12:00:00
2026-02-24 12:15:00,385.96,12:15:00
2026-02-24 12:30:00,386.32,12:30:00
2026-02-24 12:45:00,389.72,12:45:00
2026-02-24 13:00:00,397.4,13:00:00
2026-02-24 13:15:00,401.84,13:15:00
2026-02-24 13:30:00,404.95,13:30:00
2026-02-24 13:45:00,409.15,13:45:00
2026-02-24 14:00:00,415.61,14:00:00
2026-02-24 14:15:00,425.12,14:15:00
2026-02-24 14:30:00,432.91,14:30:00
2026-02-24 14:45:00,440.07,14:45:00
2026-02-24 15:00:00,446.0,15:00:00
2026-02-24 15:15:00,453.82,15:15:00
2026-02-24 15:30:00,460.48,15:30:00
2026-02-24 15:45:00,470.09,15:45:00
2026-02-24 16:00:00,468.42,16:00:00
2026-02-24 16:15:00,472.41,16:15:00
2026-02-24 16:30:00,473.59,16:30:00
2026-02-24 16:45:00,474.26,16:45:00
2026-02-24 17:00:00,473.5,17:00:00
2026-02-24 17:15:00,470.44,17:15:00
2026-02-24 17:30:00,469.48,17:30:00
2026-02-24 17:45:00,467.98,17:45:00
2026-02-24 18:00:00,469.12,18:00:00
2026-02-24 18:15:00,469.51,18:15:00
2026-02-24 18:30:00,467.87,18:30:00
2026-02-24 18:45:00,469.21,18:45:00
2026-02-24 19:00:00,468.43,19:00:00
2026-02-24 19:15:00,463.06,19:15:00
2026-02-24 19:30:00,458.64,19:30:00
2026-02-24 19:45:00,458.05,19:45:00
2026-02-24 20:00:00,459.6,20:00:00
2026-02-24 20:15:00,457.43,20:15:00
2026-02-24 20:30:00,458.04,20:30:00
2026-02-24 20:45:00,458.27,20:45:00
2026-02-24 21:30:00,458.64,21:30:00
2026-02-24 21:45:00,456.82,21:45:00
2026-02-24 22:00:00,455.62,22:00:00
2026-02-24 22:15:00,456.37,22:15:00
2026-02-24 22:30:00,458.75,22:30:00
2026-02-24 22:45:00,456.69,22:45:00
2026-02-24 23:00:00,456.05,23:00:00
2026-02-24 23:15:00,458.83,23:15:00
2026-02-24 23:30:00,462.66,23:30:00
2026-02-24 23:45:00,462.89,23:45:00
2026-02-25 00:00:00,460.68,00:00:00
2026-02-25 00:15:00,461.87,00:15:00
2026-02-25 00:30:00,461.8,00:30:00
2026-02-25 00:45:00,459.41,00:45:00
2026-02-25 01:00:00,460.41,01:00:00
2026-02-25 01:15:00,459.23,01:15:00
2026-02-25 01:30:00,458.66,01:30:00
2026-02-25 01:45:00,458.91,01:45:00
2026-02-25 02:00:00,457.33,02:00:00
2026-02-25 02:15:00,456.52,02:15:00
2026-02-25 02:30:00,457.06,02:30:00
2026-02-25 02:45:00,457.51,02:45:00
2026-02-25 03:00:00,456.18,03:00:00
2026-02-25 03:15:00,457.62,03:15:00
2026-02-25 03:30:00,455.36,03:30:00
2026-02-25 03:45:00,456.31,03:45:00
2026-02-25 04:00:00,458.84,04:00:00
2026-02-25 04:15:00,455.9,04:15:00
2026-02-25 04:30:00,452.27,04:30:00
2026-02-25 04:45:00,448.05,04:45:00
2026-02-25 05:00:00,441.0,05:00:00
2026-02-25 05:15:00,436.29,05:15:00
2026-02-25 05:30:00,433.84,05:30:00
2026-02-25 05:45:00,430.07,05:45:00
2026-02-25 06:00:00,424.56,06:00:00
2026-02-25 06:15:00,421.07,06:15:00
2026-02-25 06:30:00,413.94,06:30:00
2026-02-25 06:45:00,403.66,06:45:00
2026-02-25 07:00:00,392.6,07:00:00
2026-02-25 07:15:00,386.36,07:15:00
2026-02-25 07:30:00,375.79,07:30:00
2026-02-25 07:45:00,367.87,07:45:00
2026-02-25 08:00:00,362.06,08:00:00
2026-02-25 08:15:00,353.78,08:15:00
2026-02-25 08:30:00,344.06,08:30:00
2026-02-25 08:45:00,336.73,08:45:00
2026-02-25 09:00:00,327.24,09:00:00
2026-02-25 09:15:00,319.73,09:15:00
2026-02-25 09:30:00,304.12,09:30:00
2026-02-25 09:45:00,295.31,09:45:00
2026-02-25 10:00:00,285.39,10:00:00
2026-02-25 10:15:00,275.18,10:15:00
2026-02-25 10:30:00,264.9,10:30:00
2026-02-25 10:45:00,254.49,10:45:00
2026-02-25 11:00:00,243.16,11:00:00
2026-02-25 11:15:00,233.8,11:15:00
2026-02-25 11:30:00,230.25,11:30:00
2026-02-25 11:45:00,226.29,11:45:00
2026-02-25 12:00:00,224.16,12:00:00
2026-02-25 12:15:00,223.1,12:15:00
2026-02-25 12:30:00,223.25,12:30:00
2026-02-25 12:45:00,224.5,12:45:00
2026-02-25 13:00:00,229.67,13:00:00
2026-02-25 13:15:00,234.01,13:15:00
2026-02-25 13:30:00,239.89,13:30:00
2026-02-25 13:45:00,248.0,13:45:00
2026-02-25 14:00:00,262.7,14:00:00
2026-02-25 14:15:00,276.43,14:15:00
2026-02-25 14:30:00,291.73,14:30:00
2026-02-25 14:45:00,306.97,14:45:00
2026-02-25 15:00:00,325.58,15:00:00
2026-02-25 15:15:00,340.51,15:15:00
2026-02-25 15:30:00,355.32,15:30:00
2026-02-25 15:45:00,368.19,15:45:00
2026-02-25 16:00:00,375.83,16:00:00
2026-02-25 16:15:00,382.06,16:15:00
2026-02-25 16:30:00,378.34,16:30:00
2026-02-25 16:45:00,371.34,16:45:00
2026-02-25 17:00:00,364.01,17:00:00
2026-02-25 17:15:00,357.67,17:15:00
2026-02-25 17:30:00,350.92,17:30:00
2026-02-25 17:45:00,348.15,17:45:00
2026-02-25 18:00:00,346.77,18:00:00
2026-02-25 18:15:00,340.68,18:15:00
2026-02-25 18:30:00,336.77,18:30:00
2026-02-25 18:45:00,335.11,18:45:00
2026-02-25 19:00:00,331.11,19:00:00
2026-02-25 19:15:00,327.19,19:15:00
2026-02-25 19:30:00,323.79,19:30:00
2026-02-25 19:45:00,322.14,19:45:00
2026-02-25 20:00:00,313.41,20:00:00
2026-02-25 20:15:00,310.28,20:15:00
2026-02-25 20:30:00,308.16,20:30:00
2026-02-25 20:45:00,303.8,20:45:00
2026-02-25 21:00:00,303.24,21:00:00
2026-02-25 21:15:00,300.34,21:15:00
2026-02-25 21:30:00,298.9,21:30:00
2026-02-25 21:45:00,296.4,21:45:00
2026-02-25 22:00:00,291.22,22:00:00
2026-02-25 22:15:00,288.81,22:15:00
2026-02-25 22:30:00,287.88,22:30:00
2026-02-25 22:45:00,286.61,22:45:00
2026-02-25 23:00:00,284.6,23:00:00
2026-02-25 23:15:00,282.46,23:15:00
2026-02-25 23:30:00,279.27,23:30:00
2026-02-25 23:45:00,278.03,23:45:00
2026-02-26 00:00:00,275.98,00:00:00
2026-02-26 00:15:00,275.32,00:15:00
2026-02-26 00:30:00,274.51,00:30:00
2026-02-26 00:45:00,274.55,00:45:00
2026-02-26 01:00:00,272.56,01:00:00
2026-02-26 01:15:00,272.12,01:15:00
2026-02-26 01:30:00,271.33,01:30:00
2026-02-26 01:45:00,269.53,01:45:00
2026-02-26 02:00:00,269.86,02:00:00
2026-02-26 02:15:00,269.73,02:15:00
2026-02-26 02:30:00,268.95,02:30:00
2026-02-26 02:45:00,270.98,02:45:00
2026-02-26 03:00:00,272.31,03:00:00
2026-02-26 03:15:00,271.46,03:15:00
2026-02-26 03:30:00,271.45,03:30:00
2026-02-26 03:45:00,273.14,03:45:00
2026-02-26 04:00:00,283.27,04:00:00
2026-02-26 04:15:00,285.9,04:15:00
2026-02-26 04:30:00,285.34,04:30:00
2026-02-26 04:45:00,284.45,04:45:00
2026-02-26 05:00:00,286.65,05:00:00
2026-02-26 05:15:00,288.68,05:15:00
2026-02-26 05:30:00,291.47,05:30:00
2026-02-26 05:45:00,294.17,05:45:00
2026-02-26 06:00:00,292.77,06:00:00
2026-02-26 06:15:00,292.18,06:15:00
2026-02-26 06:30:00,287.7,06:30:00
2026-02-26 06:45:00,283.31,06:45:00
2026-02-26 07:00:00,273.94,07:00:00
2026-02-26 07:15:00,266.0,07:15:00
2026-02-26 07:30:00,257.03,07:30:00
2026-02-26 07:45:00,245.75,07:45:00
2026-02-26 08:00:00,226.97,08:00:00
2026-02-26 08:15:00,216.33,08:15:00
2026-02-26 08:30:00,208.56,08:30:00
2026-02-26 08:45:00,203.38,08:45:00
2026-02-26 09:00:00,194.56,09:00:00
2026-02-26 09:15:00,189.62,09:15:00
2026-02-26 09:30:00,187.37,09:30:00
2026-02-26 09:45:00,183.69,09:45:00
2026-02-26 10:00:00,175.87,10:00:00
2026-02-26 10:15:00,169.25,10:15:00
2026-02-26 10:30:00,166.68,10:30:00
2026-02-26 10:45:00,165.3,10:45:00
2026-02-26 11:00:00,163.08,11:00:00
2026-02-26 11:15:00,159.81,11:15:00
2026-02-26 11:30:00,159.83,11:30:00
2026-02-26 11:45:00,160.73,11:45:00
2026-02-26 12:00:00,159.98,12:00:00
2026-02-26 12:15:00,160.46,12:15:00
2026-02-26 12:30:00,162.41,12:30:00
2026-02-26 12:45:00,163.76,12:45:00
2026-02-26 13:00:00,166.23,13:00:00
2026-02-26 13:15:00,166.52,13:15:00
2026-02-26 13:30:00,168.44,13:30:00
2026-02-26 13:45:00,172.63,13:45:00
2026-02-26 14:00:00,180.06,14:00:00
2026-02-26 14:15:00,187.14,14:15:00
2026-02-26 14:30:00,200.11,14:30:00
2026-02-26 14:45:00,217.57,14:45:00
2026-02-26 15:00:00,244.0,15:00:00
2026-02-26 15:15:00,265.2,15:15:00
2026-02-26 15:30:00,283.31,15:30:00
2026-02-26 15:45:00,298.52,15:45:00
2026-02-26 16:00:00,309.32,16:00:00
2026-02-26 16:15:00,316.05,16:15:00
2026-02-26 16:30:00,320.12,16:30:00
2026-02-26 16:45:00,321.11,16:45:00
2026-02-26 17:00:00,313.46,17:00:00
2026-02-26 17:15:00,308.08,17:15:00
2026-02-26 17:30:00,306.32,17:30:00
2026-02-26 17:45:00,303.63,17:45:00
2026-02-26 18:00:00,299.21,18:00:00
2026-02-26 18:15:00,294.4,18:15:00
2026-02-26 18:30:00,288.7,18:30:00
2026-02-26 18:45:00,283.29,18:45:00
2026-02-26 19:00:00,279.3,19:00:00
2026-02-26 19:15:00,276.0,19:15:00
2026-02-26 19:30:00,274.17,19:30:00
2026-02-26 19:45:00,271.3,19:45:00
2026-02-26 20:00:00,265.88,20:00:00
2026-02-26 20:15:00,264.51,20:15:00
2026-02-26 20:30:00,265.22,20:30:00
2026-02-26 20:45:00,259.99,20:45:00
2026-02-26 21:00:00,255.62,21:00:00
2026-02-26 21:15:00,253.05,21:15:00
2026-02-26 21:30:00,248.75,21:30:00
2026-02-26 21:45:00,244.88,21:45:00
2026-02-26 22:00:00,237.07,22:00:00
2026-02-26 22:15:00,234.84,22:15:00
2026-02-26 22:30:00,230.53,22:30:00
2026-02-26 22:45:00,229.34,22:45:00
2026-02-26 23:00:00,225.54,23:00:00
2026-02-26 23:15:00,224.75,23:15:00
2026-02-26 23:30:00,224.46,23:30:00
2026-02-26 23:45:00,224.37,23:45:00
2026-02-27 00:00:00,224.72,00:00:00
2026-02-27 00:15:00,224.86,00:15:00
2026-02-27 00:30:00,224.34,00:30:00
2026-02-27 00:45:00,224.36,00:45:00
2026-02-27 01:00:00,223.07,01:00:00
2026-02-27 01:15:00,221.51,01:15:00
2026-02-27 01:30:00,220.51,01:30:00
2026-02-27 01:45:00,216.96,01:45:00
2026-02-27 02:00:00,215.32,02:00:00
2026-02-27 02:15:00,215.05,02:15:00
2026-02-27 02:30:00,215.13,02:30:00
2026-02-27 02:45:00,215.15,02:45:00
2026-02-27 03:00:00,215.86,03:00:00
2026-02-27 03:15:00,216.37,03:15:00
2026-02-27 03:30:00,216.64,03:30:00
2026-02-27 03:45:00,218.99,03:45:00
2026-02-27 04:00:00,225.3,04:00:00
2026-02-27 04:15:00,230.65,04:15:00
2026-02-27 04:30:00,237.29,04:30:00
2026-02-27 04:45:00,244.78,04:45:00
2026-02-27 05:00:00,250.24,05:00:00
2026-02-27 05:15:00,255.46,05:15:00
2026-02-27 05:30:00,260.22,05:30:00
2026-02-27 05:45:00,265.66,05:45:00
2026-02-27 06:00:00,270.42,06:00:00
2026-02-27 06:15:00,268.19,06:15:00
2026-02-27 06:30:00,262.76,06:30:00
2026-02-27 06:45:00,257.46,06:45:00
2026-02-27 07:00:00,246.98,07:00:00
2026-02-27 07:15:00,235.77,07:15:00
2026-02-27 07:30:00,225.13,07:30:00
2026-02-27 07:45:00,208.31,07:45:00
2026-02-27 08:00:00,185.81,08:00:00
2026-02-27 08:15:00,176.31,08:15:00
2026-02-27 08:30:00,170.83,08:30:00
2026-02-27 08:45:00,165.78,08:45:00
2026-02-27 09:00:00,152.48,09:00:00
2026-02-27 09:15:00,148.94,09:15:00
2026-02-27 09:30:00,146.2,09:30:00
2026-02-27 09:45:00,144.5,09:45:00
2026-02-27 10:00:00,140.5,10:00:00
2026-02-27 10:15:00,137.91,10:15:00
2026-02-27 10:30:00,137.3,10:30:00
2026-02-27 10:45:00,139.14,10:45:00
2026-02-27 11:00:00,138.24,11:00:00
2026-02-27 11:15:00,139.51,11:15:00
2026-02-27 11:30:00,140.64,11:30:00
2026-02-27 11:45:00,145.77,11:45:00
2026-02-27 12:00:00,144.91,12:00:00
2026-02-27 12:15:00,147.63,12:15:00
2026-02-27 12:30:00,150.68,12:30:00
2026-02-27 12:45:00,152.64,12:45:00
2026-02-27 13:00:00,152.75,13:00:00
2026-02-27 13:15:00,154.74,13:15:00
2026-02-27 13:30:00,157.58,13:30:00
2026-02-27 13:45:00,160.85,13:45:00
2026-02-27 14:00:00,170.59,14:00:00
2026-02-27 14:15:00,177.63,14:15:00
2026-02-27 14:30:00,194.3,14:30:00
2026-02-27 14:45:00,214.25,14:45:00
2026-02-27 15:00:00,240.59,15:00:00
2026-02-27 15:15:00,266.78,15:15:00
2026-02-27 15:30:00,293.54,15:30:00
2026-02-27 15:45:00,312.11,15:45:00
2026-02-27 16:00:00,328.93,16:00:00
2026-02-27 16:15:00,338.64,16:15:00
2026-02-27 16:30:00,343.65,16:30:00
2026-02-27 16:45:00,343.1,16:45:00
2026-02-27 17:00:00,332.84,17:00:00
2026-02-27 17:15:00,325.69,17:15:00
2026-02-27 17:30:00,321.35,17:30:00
2026-02-27 17:45:00,319.23,17:45:00
2026-02-27 18:00:00,318.16,18:00:00
2026-02-27 18:15:00,320.34,18:15:00
2026-02-27 18:30:00,318.39,18:30:00
2026-02-27 18:45:00,315.47,18:45:00
2026-02-27 19:00:00,314.36,19:00:00
2026-02-27 19:15:00,311.99,19:15:00
2026-02-27 19:30:00,314.42,19:30:00
2026-02-27 19:45:00,315.86,19:45:00
2026-02-27 20:00:00,314.85,20:00:00
2026-02-27 20:15:00,314.76,20:15:00
2026-02-27 20:30:00,313.24,20:30:00
2026-02-27 20:45:00,312.15,20:45:00
2026-02-27 21:00:00,311.55,21:00:00
2026-02-27 21:15:00,309.54,21:15:00
2026-02-27 21:30:00,310.32,21:30:00
2026-02-27 21:45:00,312.29,21:45:00
2026-02-27 22:00:00,312.97,22:00:00
2026-02-27 22:15:00,312.14,22:15:00
2026-02-27 22:30:00,313.2,22:30:00
2026-02-27 22:45:00,313.31,22:45:00
2026-02-27 23:00:00,311.31,23:00:00
2026-02-27 23:15:00,312.33,23:15:00
2026-02-27 23:30:00,311.45,23:30:00
2026-02-27 23:45:00,309.79,23:45:00
2026-02-28 00:00:00,308.9,00:00:00
2026-02-28 00:15:00,307.94,00:15:00
2026-02-28 00:30:00,309.75,00:30:00
2026-02-28 00:45:00,309.89,00:45:00
2026-02-28 01:00:00,310.34,01:00:00
2026-02-28 01:15:00,309.98,01:15:00
2026-02-28 01:30:00,310.15,01:30:00
2026-02-28 01:45:00,310.42,01:45:00
2026-02-28 02:00:00,311.2,02:00:00
2026-02-28 02:15:00,310.87,02:15:00
2026-02-28 02:30:00,309.58,02:30:00
2026-02-28 02:45:00,308.74,02:45:00
2026-02-28 03:00:00,303.87,03:00:00
2026-02-28 03:15:00,300.69,03:15:00
2026-02-28 03:30:00,297.7,03:30:00
2026-02-28 03:45:00,294.84,03:45:00
2026-02-28 04:00:00,291.69,04:00:00
2026-02-28 04:15:00,291.79,04:15:00
2026-02-28 04:30:00,288.83,04:30:00
2026-02-28 04:45:00,282.04,04:45:00
2026-02-28 05:00:00,276.53,05:00:00
2026-02-28 05:15:00,274.96,05:15:00
2026-02-28 05:30:00,274.32,05:30:00
2026-02-28 05:45:00,271.43,05:45:00
2026-02-28 06:00:00,266.11,06:00:00
2026-02-28 06:15:00,255.51,06:15:00
2026-02-28 06:30:00,239.51,06:30:00
2026-02-28 06:45:00,219.68,06:45:00
2026-02-28 07:00:00,202.99,07:00:00
2026-02-28 07:15:00,194.01,07:15:00
2026-02-28 07:30:00,183.55,07:30:00
2026-02-28 07:45:00,177.32,07:45:00
2026-02-28 08:00:00,168.63,08:00:00
2026-02-28 08:15:00,168.52,08:15:00
2026-02-28 08:30:00,165.41,08:30:00
2026-02-28 08:45:00,160.4,08:45:00
2026-02-28 09:00:00,156.08,09:00:00
2026-02-28 09:15:00,153.23,09:15:00
2026-02-28 09:30:00,150.46,09:30:00
2026-02-28 09:45:00,149.18,09:45:00
2026-02-28 10:00:00,142.6,10:00:00
2026-02-28 10:15:00,141.02,10:15:00
2026-02-28 10:30:00,140.53,10:30:00
2026-02-28 10:45:00,139.92,10:45:00
2026-02-28 11:00:00,136.31,11:00:00
2026-02-28 11:15:00,136.39,11:15:00
2026-02-28 11:30:00,137.16,11:30:00
2026-02-28 11:45:00,136.8,11:45:00
2026-02-28 12:00:00,136.12,12:00:00
2026-02-28 12:15:00,137.6,12:15:00
2026-02-28 12:30:00,139.03,12:30:00
2026-02-28 12:45:00,141.94,12:45:00
2026-02-28 13:00:00,142.13,13:00:00
2026-02-28 13:15:00,140.66,13:15:00
2026-02-28 13:30:00,140.27,13:30:00
2026-02-28 13:45:00,142.84,13:45:00
2026-02-28 14:00:00,144.79,14:00:00
2026-02-28 14:15:00,145.72,14:15:00
2026-02-28 14:30:00,149.19,14:30:00
2026-02-28 14:45:00,152.36,14:45:00
2026-02-28 15:00:00,160.43,15:00:00
2026-02-28 15:15:00,166.12,15:15:00
2026-02-28 15:30:00,175.82,15:30:00
2026-02-28 15:45:00,186.45,15:45:00
2026-02-28 16:00:00,196.7,16:00:00
2026-02-28 16:15:00,202.69,16:15:00
2026-02-28 16:30:00,206.6,16:30:00
2026-02-28 16:45:00,204.46,16:45:00
2026-02-28 17:00:00,204.22,17:00:00
2026-02-28 17:15:00,202.39,17:15:00
2026-02-28 17:30:00,198.05,17:30:00
2026-02-28 17:45:00,192.8,17:45:00
2026-02-28 18:00:00,188.8,18:00:00
2026-02-28 18:15:00,188.53,18:15:00
2026-02-28 18:30:00,185.19,18:30:00
2026-02-28 18:45:00,184.01,18:45:00
2026-02-28 19:00:00,182.42,19:00:00
2026-02-28 19:15:00,180.78,19:15:00
2026-02-28 19:30:00,178.78,19:30:00
2026-02-28 19:45:00,177.36,19:45:00
2026-02-28 20:00:00,177.33,20:00:00
2026-02-28 20:15:00,176.91,20:15:00
2026-02-28 20:30:00,176.87,20:30:00
2026-02-28 20:45:00,177.12,20:45:00
2026-02-28 21:00:00,181.9,21:00:00
2026-02-28 21:15:00,181.29,21:15:00
2026-02-28 21:30:00,182.67,21:30:00
2026-02-28 21:45:00,183.14,21:45:00
2026-02-28 22:00:00,183.01,22:00:00
2026-02-28 22:15:00,184.55,22:15:00
2026-02-28 22:30:00,185.88,22:30:00
2026-02-28 22:45:00,186.09,22:45:00
2026-02-28 23:00:00,179.9,23:00:00
2026-02-28 23:15:00,178.85,23:15:00
2026-02-28 23:30:00,180.11,23:30:00
2026-02-28 23:45:00,181.67,23:45:00
2026-03-01 00:00:00,183.98,00:00:00
2026-03-01 00:15:00,186.86,00:15:00
2026-03-01 00:30:00,188.79,00:30:00
2026-03-01 00:45:00,192.8,00:45:00
2026-03-01 01:00:00,196.23,01:00:00
2026-03-01 01:15:00,199.31,01:15:00
2026-03-01 01:30:00,202.68,01:30:00
2026-03-01 01:45:00,205.11,01:45:00
2026-03-01 02:00:00,208.58,02:00:00
2026-03-01 02:15:00,213.96,02:15:00
2026-03-01 02:30:00,217.33,02:30:00
2026-03-01 02:45:00,220.6,02:45:00
2026-03-01 03:00:00,220.71,03:00:00
2026-03-01 03:15:00,222.58,03:15:00
2026-03-01 03:30:00,223.41,03:30:00
2026-03-01 03:45:00,225.46,03:45:00
2026-03-01 04:00:00,226.98,04:00:00
2026-03-01 04:15:00,225.36,04:15:00
2026-03-01 04:30:00,227.55,04:30:00
2026-03-01 04:45:00,230.42,04:45:00
2026-03-01 05:00:00,232.1,05:00:00
2026-03-01 05:15:00,233.23,05:15:00
2026-03-01 05:30:00,233.14,05:30:00
2026-03-01 05:45:00,237.51,05:45:00
2026-03-01 06:00:00,241.68,06:00:00
2026-03-01 06:15:00,243.17,06:15:00
2026-03-01 06:30:00,243.28,06:30:00
2026-03-01 06:45:00,241.58,06:45:00
2026-03-01 07:00:00,238.41,07:00:00
2026-03-01 07:15:00,231.9,07:15:00
2026-03-01 07:30:00,226.85,07:30:00
2026-03-01 07:45:00,218.76,07:45:00
2026-03-01 08:00:00,210.48,08:00:00
2026-03-01 08:15:00,200.6,08:15:00
2026-03-01 08:30:00,193.68,08:30:00
2026-03-01 08:45:00,188.42,08:45:00
2026-03-01 09:00:00,178.91,09:00:00
2026-03-01 09:15:00,172.81,09:15:00
2026-03-01 09:30:00,168.43,09:30:00
2026-03-01 09:45:00,166.07,09:45:00
2026-03-01 10:00:00,165.0,10:00:00
2026-03-01 10:15:00,163.16,10:15:00
2026-03-01 10:30:00,162.36,10:30:00
2026-03-01 10:45:00,160.68,10:45:00
2026-03-01 11:00:00,162.76,11:00:00
2026-03-01 11:15:00,164.19,11:15:00
2026-03-01 11:30:00,162.47,11:30:00
2026-03-01 11:45:00,161.99,11:45:00
2026-03-01 12:00:00,161.0,12:00:00
2026-03-01 12:15:00,159.72,12:15:00
2026-03-01 12:30:00,160.17,12:30:00
2026-03-01 12:45:00,161.36,12:45:00
2026-03-01 13:00:00,165.06,13:00:00
2026-03-01 13:15:00,166.73,13:15:00
2026-03-01 13:30:00,167.86,13:30:00
2026-03-01 13:45:00,170.26,13:45:00
2026-03-01 14:00:00,176.27,14:00:00
2026-03-01 14:15:00,183.29,14:15:00
2026-03-01 14:30:00,188.2,14:30:00
2026-03-01 14:45:00,201.0,14:45:00
2026-03-01 15:00:00,221.31,15:00:00
2026-03-01 15:15:00,240.3,15:15:00
2026-03-01 15:30:00,266.26,15:30:00
2026-03-01 15:45:00,291.09,15:45:00
2026-03-01 16:00:00,316.09,16:00:00
2026-03-01 16:15:00,335.99,16:15:00
2026-03-01 16:30:00,348.63,16:30:00
2026-03-01 16:45:00,353.19,16:45:00
2026-03-01 17:00:00,352.16,17:00:00
2026-03-01 17:15:00,351.98,17:15:00
2026-03-01 17:30:00,349.15,17:30:00
2026-03-01 17:45:00,345.95,17:45:00
2026-03-01 18:00:00,347.01,18:00:00
2026-03-01 18:15:00,342.85,18:15:00
2026-03-01 18:30:00,335.96,18:30:00
2026-03-01 18:45:00,330.16,18:45:00
2026-03-01 19:00:00,322.84,19:00:00
2026-03-01 19:15:00,320.78,19:15:00
2026-03-01 19:30:00,318.79,19:30:00
2026-03-01 19:45:00,314.82,19:45:00
2026-03-01 20:00:00,302.92,20:00:00
2026-03-01 20:15:00,297.84,20:15:00
2026-03-01 20:30:00,295.81,20:30:00
2026-03-01 20:45:00,292.15,20:45:00
2026-03-01 21:00:00,288.56,21:00:00
2026-03-01 21:15:00,284.67,21:15:00
2026-03-01 21:30:00,281.85,21:30:00
2026-03-01 21:45:00,280.64,21:45:00
2026-03-01 22:00:00,276.45,22:00:00
2026-03-01 22:15:00,274.6,22:15:00
2026-03-01 22:30:00,274.78,22:30:00
2026-03-01 22:45:00,273.57,22:45:00
2026-03-01 23:00:00,275.24,23:00:00
2026-03-01 23:15:00,274.44,23:15:00
2026-03-01 23:30:00,276.78,23:30:00
2026-03-01 23:45:00,278.05,23:45:00
2026-03-02 00:00:00,280.04,00:00:00
2026-03-02 00:15:00,281.72,00:15:00
2026-03-02 00:30:00,282.17,00:30:00
2026-03-02 00:45:00,282.9,00:45:00
2026-03-02 01:00:00,287.9,01:00:00
2026-03-02 01:15:00,288.78,01:15:00
2026-03-02 01:30:00,289.34,01:30:00
2026-03-02 01:45:00,291.68,01:45:00
2026-03-02 02:00:00,298.03,02:00:00
2026-03-02 02:15:00,301.2,02:15:00
2026-03-02 02:30:00,304.16,02:30:00
2026-03-02 02:45:00,308.63,02:45:00
2026-03-02 03:00:00,311.23,03:00:00
2026-03-02 03:15:00,312.24,03:15:00
2026-03-02 03:30:00,313.09,03:30:00
2026-03-02 03:45:00,317.6,03:45:00
2026-03-02 04:00:00,327.99,04:00:00
2026-03-02 04:15:00,332.76,04:15:00
2026-03-02 04:30:00,334.07,04:30:00
2026-03-02 04:45:00,335.1,04:45:00
2026-03-02 05:00:00,338.22,05:00:00
2026-03-02 05:15:00,338.48,05:15:00
2026-03-02 05:30:00,338.31,05:30:00
2026-03-02 05:45:00,340.85,05:45:00
2026-03-02 06:00:00,341.04,06:00:00
2026-03-02 06:15:00,338.42,06:15:00
2026-03-02 06:30:00,330.23,06:30:00
2026-03-02 06:45:00,324.25,06:45:00
2026-03-02 07:00:00,316.49,07:00:00
2026-03-02 07:15:00,304.68,07:15:00
2026-03-02 07:30:00,291.79,07:30:00
2026-03-02 07:45:00,277.1,07:45:00
2026-03-02 08:00:00,264.08,08:00:00
2026-03-02 08:15:00,252.47,08:15:00
2026-03-02 08:30:00,240.06,08:30:00
2026-03-02 08:45:00,227.12,08:45:00
2026-03-02 09:00:00,214.82,09:00:00
2026-03-02 09:15:00,204.9,09:15:00
2026-03-02 09:30:00,193.61,09:30:00
2026-03-02 09:45:00,182.32,09:45:00
2026-03-02 10:00:00,169.67,10:00:00
2026-03-02 10:15:00,167.3,10:15:00
2026-03-02 10:30:00,164.63,10:30:00
2026-03-02 10:45:00,163.57,10:45:00
2026-03-02 11:00:00,160.15,11:00:00
2026-03-02 11:15:00,159.9,11:15:00
2026-03-02 11:30:00,161.2,11:30:00
2026-03-02 11:45:00,162.86,11:45:00
2026-03-02 12:00:00,161.75,12:00:00
2026-03-02 12:15:00,163.01,12:15:00
2026-03-02 12:30:00,165.44,12:30:00
2026-03-02 12:45:00,169.87,12:45:00
2026-03-02 13:00:00,177.07,13:00:00
2026-03-02 13:15:00,183.8,13:15:00
2026-03-02 13:30:00,189.36,13:30:00
2026-03-02 13:45:00,198.7,13:45:00
2026-03-02 14:00:00,222.47,14:00:00
2026-03-02 14:15:00,241.47,14:15:00
2026-03-02 14:30:00,267.47,14:30:00
2026-03-02 14:45:00,289.74,14:45:00
2026-03-02 15:00:00,320.86,15:00:00
2026-03-02 15:15:00,346.92,15:15:00
2026-03-02 15:30:00,371.27,15:30:00
2026-03-02 15:45:00,388.8,15:45:00
2026-03-02 16:00:00,408.08,16:00:00
2026-03-02 16:15:00,421.01,16:15:00
2026-03-02 16:30:00,429.4,16:30:00
2026-03-02 16:45:00,434.32,16:45:00
2026-03-02 17:00:00,430.76,17:00:00
2026-03-02 17:15:00,421.62,17:15:00
2026-03-02 17:30:00,421.49,17:30:00
2026-03-02 17:45:00,418.05,17:45:00
2026-03-02 18:00:00,416.92,18:00:00
2026-03-02 18:15:00,413.79,18:15:00
2026-03-02 18:30:00,409.04,18:30:00
2026-03-02 18:45:00,403.14,18:45:00
2026-03-02 19:00:00,402.54,19:00:00
2026-03-02 19:15:00,397.5,19:15:00
2026-03-02 19:30:00,392.52,19:30:00
2026-03-02 19:45:00,388.92,19:45:00
2026-03-02 20:00:00,388.51,20:00:00
2026-03-02 20:15:00,386.75,20:15:00
2026-03-02 20:30:00,385.93,20:30:00
2026-03-02 20:45:00,385.95,20:45:00
2026-03-02 21:00:00,379.94,21:00:00
2026-03-02 21:15:00,378.85,21:15:00
2026-03-02 21:30:00,381.45,21:30:00
2026-03-02 21:45:00,382.79,21:45:00
2026-03-02 22:00:00,381.78,22:00:00
2026-03-02 22:15:00,383.19,22:15:00
2026-03-02 22:30:00,383.93,22:30:00
2026-03-02 22:45:00,384.88,22:45:00
2026-03-02 23:00:00,386.25,23:00:00
2026-03-02 23:15:00,386.11,23:15:00
2026-03-02 23:30:00,388.46,23:30:00
2026-03-02 23:45:00,386.88,23:45:00
2026-03-03 00:00:00,386.18,00:00:00
2026-03-03 00:15:00,388.03,00:15:00
2026-03-03 00:30:00,391.6,00:30:00
2026-03-03 00:45:00,394.07,00:45:00
2026-03-03 01:00:00,396.25,01:00:00
2026-03-03 01:15:00,400.58,01:15:00
2026-03-03 01:30:00,406.09,01:30:00
2026-03-03 01:45:00,407.04,01:45:00
2026-03-03 02:00:00,410.35,02:00:00
2026-03-03 02:15:00,413.45,02:15:00
2026-03-03 02:30:00,416.45,02:30:00
2026-03-03 02:45:00,418.71,02:45:00
2026-03-03 03:00:00,419.31,03:00:00
2026-03-03 03:15:00,421.57,03:15:00
2026-03-03 03:30:00,423.57,03:30:00
2026-03-03 03:45:00,424.16,03:45:00
2026-03-03 04:00:00,424.15,04:00:00
2026-03-03 04:15:00,424.13,04:15:00
2026-03-03 04:30:00,425.36,04:30:00
2026-03-03 04:45:00,423.84,04:45:00
2026-03-03 05:00:00,419.03,05:00:00
2026-03-03 05:15:00,419.02,05:15:00
2026-03-03 05:30:00,419.75,05:30:00
2026-03-03 05:45:00,421.77,05:45:00
2026-03-03 06:00:00,424.31,06:00:00
2026-03-03 06:15:00,419.86,06:15:00
2026-03-03 06:30:00,413.86,06:30:00
2026-03-03 06:45:00,404.27,06:45:00
2026-03-03 07:00:00,390.65,07:00:00
2026-03-03 07:15:00,376.8,07:15:00
2026-03-03 07:30:00,362.46,07:30:00
2026-03-03 07:45:00,347.27,07:45:00
2026-03-03 08:00:00,335.05,08:00:00
2026-03-03 08:15:00,322.99,08:15:00
2026-03-03 08:30:00,309.58,08:30:00
2026-03-03 08:45:00,290.92,08:45:00
2026-03-03 09:00:00,273.81,09:00:00
2026-03-03 09:15:00,262.22,09:15:00
2026-03-03 09:30:00,254.59,09:30:00
2026-03-03 09:45:00,244.07,09:45:00
2026-03-03 10:00:00,232.31,10:00:00
2026-03-03 10:15:00,220.63,10:15:00
2026-03-03 10:30:00,212.67,10:30:00
2026-03-03 10:45:00,203.4,10:45:00
2026-03-03 11:00:00,195.1,11:00:00
2026-03-03 11:15:00,191.52,11:15:00
2026-03-03 11:30:00,190.29,11:30:00
2026-03-03 11:45:00,189.03,11:45:00
2026-03-03 12:00:00,188.55,12:00:00
2026-03-03 12:15:00,189.69,12:15:00
2026-03-03 12:30:00,191.26,12:30:00
2026-03-03 12:45:00,194.51,12:45:00
2026-03-03 13:00:00,201.5,13:00:00
2026-03-03 13:15:00,204.0,13:15:00
2026-03-03 13:30:00,214.0,13:30:00
2026-03-03 13:45:00,231.29,13:45:00
2026-03-03 14:00:00,254.25,14:00:00
2026-03-03 14:15:00,280.55,14:15:00
2026-03-03 14:30:00,304.48,14:30:00
2026-03-03 14:45:00,322.96,14:45:00
2026-03-03 15:00:00,347.05,15:00:00
2026-03-03 15:15:00,370.95,15:15:00
2026-03-03 15:30:00,390.16,15:30:00
2026-03-03 15:45:00,409.26,15:45:00
2026-03-03 16:00:00,417.53,16:00:00
2026-03-03 16:15:00,429.76,16:15:00
2026-03-03 16:30:00,437.7,16:30:00
2026-03-03 16:45:00,444.52,16:45:00
2026-03-03 17:00:00,438.08,17:00:00
2026-03-03 17:15:00,434.43,17:15:00
2026-03-03 17:30:00,431.46,17:30:00
2026-03-03 17:45:00,430.31,17:45:00
2026-03-03 18:00:00,436.27,18:00:00
2026-03-03 18:15:00,437.84,18:15:00
2026-03-03 18:30:00,435.42,18:30:00
2026-03-03 18:45:00,436.0,18:45:00
2026-03-03 19:00:00,432.88,19:00:00
2026-03-03 19:15:00,431.9,19:15:00
2026-03-03 19:30:00,433.67,19:30:00
2026-03-03 19:45:00,436.3,19:45:00
2026-03-03 20:00:00,439.96,20:00:00
2026-03-03 20:15:00,444.01,20:15:00
2026-03-03 20:30:00,448.05,20:30:00
2026-03-03 20:45:00,446.21,20:45:00
2026-03-03 21:00:00,452.54,21:00:00
2026-03-03 21:15:00,455.54,21:15:00
2026-03-03 21:30:00,458.21,21:30:00
2026-03-03 21:45:00,460.61,21:45:00
2026-03-03 22:00:00,463.87,22:00:00
2026-03-03 22:15:00,466.96,22:15:00
2026-03-03 22:30:00,466.76,22:30:00
2026-03-03 22:45:00,465.51,22:45:00
2026-03-03 23:00:00,464.37,23:00:00
2026-03-03 23:15:00,465.58,23:15:00
2026-03-03 23:30:00,468.49,23:30:00
2026-03-03 23:45:00,469.46,23:45:00
2026-03-04 00:00:00,472.62,00:00:00
2026-03-04 00:15:00,472.98,00:15:00
2026-03-04 00:30:00,474.2,00:30:00
2026-03-04 00:45:00,472.59,00:45:00
2026-03-04 01:00:00,472.35,01:00:00
2026-03-04 01:15:00,472.83,01:15:00
2026-03-04 01:30:00,472.72,01:30:00
2026-03-04 01:45:00,474.2,01:45:00
2026-03-04 02:00:00,478.56,02:00:00
2026-03-04 02:15:00,478.37,02:15:00
2026-03-04 02:30:00,478.03,02:30:00
2026-03-04 02:45:00,477.13,02:45:00
2026-03-04 03:00:00,477.04,03:00:00
2026-03-04 03:15:00,476.53,03:15:00
2026-03-04 03:30:00,476.59,03:30:00
2026-03-04 03:45:00,476.57,03:45:00
2026-03-04 04:00:00,471.51,04:00:00
2026-03-04 04:15:00,470.79,04:15:00
2026-03-04 04:30:00,467.5,04:30:00
2026-03-04 04:45:00,467.02,04:45:00
2026-03-04 05:00:00,461.69,05:00:00
2026-03-04 05:15:00,461.54,05:15:00
2026-03-04 05:30:00,458.73,05:30:00
2026-03-04 05:45:00,459.75,05:45:00
2026-03-04 06:00:00,454.11,06:00:00
2026-03-04 06:15:00,447.68,06:15:00
2026-03-04 06:30:00,440.26,06:30:00
2026-03-04 06:45:00,428.23,06:45:00
2026-03-04 07:00:00,422.91,07:00:00
2026-03-04 07:15:00,408.51,07:15:00
2026-03-04 07:30:00,391.66,07:30:00
2026-03-04 07:45:00,375.58,07:45:00
2026-03-04 08:00:00,357.03,08:00:00
2026-03-04 08:15:00,341.8,08:15:00
2026-03-04 08:30:00,328.22,08:30:00
2026-03-04 08:45:00,313.29,08:45:00
2026-03-04 09:00:00,299.1,09:00:00
2026-03-04 09:15:00,286.67,09:15:00
2026-03-04 09:30:00,275.25,09:30:00
2026-03-04 09:45:00,260.25,09:45:00
2026-03-04 10:00:00,243.78,10:00:00
2026-03-04 10:15:00,230.66,10:15:00
2026-03-04 10:30:00,222.26,10:30:00
2026-03-04 10:45:00,215.06,10:45:00
2026-03-04 11:00:00,209.46,11:00:00
2026-03-04 11:15:00,203.7,11:15:00
2026-03-04 11:30:00,202.72,11:30:00
2026-03-04 11:45:00,202.08,11:45:00
2026-03-04 12:00:00,200.21,12:00:00
2026-03-04 12:15:00,200.95,12:15:00
2026-03-04 12:30:00,204.64,12:30:00
2026-03-04 12:45:00,208.97,12:45:00
2026-03-04 13:00:00,214.51,13:00:00
2026-03-04 13:15:00,223.72,13:15:00
2026-03-04 13:30:00,238.17,13:30:00
2026-03-04 13:45:00,258.85,13:45:00
2026-03-04 14:00:00,281.55,14:00:00
2026-03-04 14:15:00,308.06,14:15:00
2026-03-04 14:30:00,331.81,14:30:00
2026-03-04 14:45:00,351.35,14:45:00
2026-03-04 15:00:00,369.96,15:00:00
2026-03-04 15:15:00,386.11,15:15:00
2026-03-04 15:30:00,408.82,15:30:00
2026-03-04 15:45:00,428.33,15:45:00
2026-03-04 16:00:00,443.85,16:00:00
2026-03-04 16:15:00,454.4,16:15:00
2026-03-04 16:30:00,463.61,16:30:00
2026-03-04 16:45:00,469.71,16:45:00
2026-03-04 17:00:00,470.62,17:00:00
2026-03-04 17:15:00,467.25,17:15:00
2026-03-04 17:30:00,463.49,17:30:00
2026-03-04 17:45:00,457.89,17:45:00
2026-03-04 18:00:00,452.75,18:00:00
2026-03-04 18:15:00,449.42,18:15:00
2026-03-04 18:30:00,446.6,18:30:00
2026-03-04 18:45:00,444.25,18:45:00
2026-03-04 19:00:00,445.15,19:00:00
2026-03-04 19:15:00,444.04,19:15:00
2026-03-04 19:30:00,440.79,19:30:00
2026-03-04 19:45:00,437.99,19:45:00
2026-03-04 20:00:00,433.63,20:00:00
2026-03-04 20:15:00,431.33,20:15:00
2026-03-04 20:30:00,430.13,20:30:00
2026-03-04 20:45:00,429.32,20:45:00
2026-03-04 21:00:00,431.38,21:00:00
2026-03-04 21:15:00,431.61,21:15:00
2026-03-04 21:30:00,432.61,21:30:00
2026-03-04 21:45:00,432.39,21:45:00
2026-03-04 22:00:00,432.32,22:00:00
2026-03-04 22:15:00,433.05,22:15:00
2026-03-04 22:30:00,433.2,22:30:00
2026-03-04 22:45:00,433.61,22:45:00
2026-03-04 23:00:00,432.51,23:00:00
2026-03-04 23:15:00,436.16,23:15:00
2026-03-04 23:30:00,437.28,23:30:00
2026-03-04 23:45:00,438.45,23:45:00
2026-03-05 00:00:00,441.54,00:00:00
2026-03-05 00:15:00,444.03,00:15:00
2026-03-05 00:30:00,446.79,00:30:00
2026-03-05 00:45:00,444.13,00:45:00
2026-03-05 01:00:00,445.13,01:00:00
2026-03-05 01:15:00,444.91,01:15:00
2026-03-05 01:30:00,443.36,01:30:00
2026-03-05 01:45:00,441.14,01:45:00
2026-03-05 02:00:00,440.08,02:00:00
2026-03-05 02:15:00,438.53,02:15:00
2026-03-05 02:30:00,436.22,02:30:00
2026-03-05 02:45:00,435.09,02:45:00
2026-03-05 03:00:00,430.35,03:00:00
2026-03-05 03:15:00,426.67,03:15:00
2026-03-05 03:30:00,425.07,03:30:00
2026-03-05 03:45:00,421.41,03:45:00
2026-03-05 04:00:00,417.2,04:00:00
2026-03-05 04:15:00,411.67,04:15:00
2026-03-05 04:30:00,409.63,04:30:00
2026-03-05 04:45:00,406.69,04:45:00
2026-03-05 05:00:00,403.63,05:00:00
2026-03-05 05:15:00,399.24,05:15:00
2026-03-05 05:30:00,399.75,05:30:00
2026-03-05 05:45:00,397.3,05:45:00
2026-03-05 06:00:00,395.15,06:00:00
2026-03-05 06:15:00,386.12,06:15:00
2026-03-05 06:30:00,380.5,06:30:00
2026-03-05 06:45:00,371.53,06:45:00
2026-03-05 07:00:00,358.49,07:00:00
2026-03-05 07:15:00,346.21,07:15:00
2026-03-05 07:30:00,332.23,07:30:00
2026-03-05 07:45:00,316.56,07:45:00
2026-03-05 08:00:00,296.55,08:00:00
2026-03-05 08:15:00,284.28,08:15:00
2026-03-05 08:30:00,274.23,08:30:00
2026-03-05 08:45:00,263.11,08:45:00
2026-03-05 09:00:00,251.95,09:00:00
2026-03-05 09:15:00,240.73,09:15:00
2026-03-05 09:30:00,231.17,09:30:00
2026-03-05 09:45:00,223.95,09:45:00
2026-03-05 10:00:00,214.6,10:00:00
2026-03-05 10:15:00,207.17,10:15:00
2026-03-05 10:30:00,204.2,10:30:00
2026-03-05 10:45:00,201.28,10:45:00
2026-03-05 11:00:00,193.71,11:00:00
2026-03-05 11:15:00,188.87,11:15:00
2026-03-05 11:30:00,187.04,11:30:00
2026-03-05 11:45:00,186.32,11:45:00
2026-03-05 12:00:00,185.45,12:00:00
2026-03-05 12:15:00,187.46,12:15:00
2026-03-05 12:30:00,185.25,12:30:00
2026-03-05 12:45:00,187.87,12:45:00
2026-03-05 13:00:00,195.73,13:00:00
2026-03-05 13:15:00,198.12,13:15:00
2026-03-05 13:30:00,207.9,13:30:00
2026-03-05 13:45:00,221.47,13:45:00
2026-03-05 14:00:00,239.58,14:00:00
2026-03-05 14:15:00,261.13,14:15:00
2026-03-05 14:30:00,284.79,14:30:00
2026-03-05 14:45:00,307.82,14:45:00
2026-03-05 15:00:00,328.0,15:00:00
2026-03-05 15:15:00,346.04,15:15:00
2026-03-05 15:30:00,362.15,15:30:00
2026-03-05 15:45:00,382.78,15:45:00
2026-03-05 16:00:00,398.53,16:00:00
2026-03-05 16:15:00,410.46,16:15:00
2026-03-05 16:30:00,415.25,16:30:00
2026-03-05 16:45:00,409.26,16:45:00
2026-03-05 17:00:00,394.92,17:00:00
2026-03-05 17:15:00,383.54,17:15:00
2026-03-05 17:30:00,373.52,17:30:00
2026-03-05 17:45:00,362.8,17:45:00
2026-03-05 18:00:00,355.55,18:00:00
2026-03-05 18:15:00,347.63,18:15:00
2026-03-05 18:30:00,341.83,18:30:00
2026-03-05 18:45:00,336.96,18:45:00
2026-03-05 19:00:00,331.06,19:00:00
2026-03-05 19:15:00,328.5,19:15:00
2026-03-05 19:30:00,325.68,19:30:00
2026-03-05 19:45:00,324.54,19:45:00
2026-03-05 20:00:00,324.13,20:00:00
2026-03-05 20:15:00,323.44,20:15:00
2026-03-05 20:30:00,325.12,20:30:00
2026-03-05 20:45:00,330.12,20:45:00
2026-03-05 21:00:00,337.9,21:00:00
2026-03-05 21:15:00,341.41,21:15:00
2026-03-05 21:30:00,345.84,21:30:00
2026-03-05 21:45:00,349.45,21:45:00
2026-03-05 22:00:00,355.04,22:00:00
2026-03-05 22:15:00,359.6,22:15:00
2026-03-05 22:30:00,366.47,22:30:00
2026-03-05 22:45:00,372.73,22:45:00
2026-03-05 23:00:00,379.2,23:00:00
2026-03-05 23:15:00,384.63,23:15:00
2026-03-05 23:30:00,389.53,23:30:00
2026-03-05 23:45:00,394.63,23:45:00
2026-03-06 00:00:00,402.14,00:00:00
2026-03-06 00:15:00,407.65,00:15:00
2026-03-06 00:30:00,415.21,00:30:00
2026-03-06 00:45:00,421.35,00:45:00
2026-03-06 01:00:00,427.5,01:00:00
2026-03-06 01:15:00,432.64,01:15:00
2026-03-06 01:30:00,438.92,01:30:00
2026-03-06 01:45:00,443.75,01:45:00
2026-03-06 02:00:00,444.4,02:00:00
2026-03-06 02:15:00,447.41,02:15:00
2026-03-06 02:30:00,449.9,02:30:00
2026-03-06 02:45:00,450.08,02:45:00
2026-03-06 03:00:00,449.42,03:00:00
2026-03-06 03:15:00,449.66,03:15:00
2026-03-06 03:30:00,450.21,03:30:00
2026-03-06 03:45:00,451.19,03:45:00
2026-03-06 04:00:00,452.26,04:00:00
2026-03-06 04:15:00,451.12,04:15:00
2026-03-06 04:30:00,451.93,04:30:00
2026-03-06 04:45:00,448.36,04:45:00
2026-03-06 05:00:00,442.88,05:00:00
2026-03-06 05:15:00,440.93,05:15:00
2026-03-06 05:30:00,438.98,05:30:00
2026-03-06 05:45:00,437.45,05:45:00
2026-03-06 06:00:00,436.37,06:00:00
2026-03-06 06:15:00,430.79,06:15:00
2026-03-06 06:30:00,418.21,06:30:00
2026-03-06 06:45:00,401.42,06:45:00
2026-03-06 07:00:00,389.67,07:00:00
2026-03-06 07:15:00,370.65,07:15:00
2026-03-06 07:30:00,355.18,07:30:00
2026-03-06 07:45:00,343.8,07:45:00
2026-03-06 08:00:00,326.03,08:00:00
2026-03-06 08:15:00,313.55,08:15:00
2026-03-06 08:30:00,301.96,08:30:00
2026-03-06 08:45:00,290.13,08:45:00
2026-03-06 09:00:00,278.23,09:00:00
2026-03-06 09:15:00,269.47,09:15:00
2026-03-06 09:30:00,261.1,09:30:00
2026-03-06 09:45:00,251.42,09:45:00
2026-03-06 10:00:00,242.25,10:00:00
2026-03-06 10:15:00,235.88,10:15:00
2026-03-06 10:30:00,231.19,10:30:00
2026-03-06 10:45:00,226.47,10:45:00
2026-03-06 11:00:00,224.61,11:00:00
2026-03-06 11:15:00,222.37,11:15:00
2026-03-06 11:30:00,223.38,11:30:00
2026-03-06 11:45:00,224.42,11:45:00
2026-03-06 12:00:00,224.77,12:00:00
2026-03-06 12:15:00,227.1,12:15:00
2026-03-06 12:30:00,230.12,12:30:00
2026-03-06 12:45:00,235.12,12:45:00
2026-03-06 13:00:00,245.72,13:00:00
2026-03-06 13:15:00,258.53,13:15:00
2026-03-06 13:30:00,273.22,13:30:00
2026-03-06 13:45:00,290.06,13:45:00
2026-03-06 14:00:00,304.16,14:00:00
2026-03-06 14:15:00,320.81,14:15:00
2026-03-06 14:30:00,339.78,14:30:00
2026-03-06 14:45:00,360.61,14:45:00
2026-03-06 15:00:00,385.91,15:00:00
2026-03-06 15:15:00,406.39,15:15:00
2026-03-06 15:30:00,427.29,15:30:00
2026-03-06 15:45:00,449.58,15:45:00
2026-03-06 16:00:00,461.4,16:00:00
2026-03-06 16:15:00,474.0,16:15:00
2026-03-06 16:30:00,480.35,16:30:00
2026-03-06 16:45:00,485.19,16:45:00
2026-03-06 17:00:00,482.64,17:00:00
2026-03-06 17:15:00,481.53,17:15:00
2026-03-06 17:30:00,477.36,17:30:00
2026-03-06 17:45:00,475.05,17:45:00
2026-03-06 18:00:00,472.78,18:00:00
2026-03-06 18:15:00,467.76,18:15:00
2026-03-06 18:30:00,464.21,18:30:00
2026-03-06 18:45:00,459.18,18:45:00
2026-03-06 19:00:00,463.28,19:00:00
2026-03-06 19:15:00,458.85,19:15:00
2026-03-06 19:30:00,459.96,19:30:00
2026-03-06 19:45:00,461.59,19:45:00
2026-03-06 20:00:00,465.17,20:00:00
2026-03-06 20:15:00,465.58,20:15:00
2026-03-06 20:30:00,466.29,20:30:00
2026-03-06 20:45:00,468.01,20:45:00
2026-03-06 21:00:00,469.16,21:00:00
2026-03-06 21:15:00,471.13,21:15:00
2026-03-06 21:30:00,473.63,21:30:00
2026-03-06 21:45:00,475.81,21:45:00
2026-03-06 22:00:00,479.21,22:00:00
2026-03-06 22:15:00,480.01,22:15:00
2026-03-06 22:30:00,484.29,22:30:00
2026-03-06 22:45:00,487.39,22:45:00
2026-03-06 23:00:00,492.67,23:00:00
2026-03-06 23:15:00,493.9,23:15:00
2026-03-06 23:30:00,494.8,23:30:00
2026-03-06 23:45:00,497.74,23:45:00
2026-03-07 00:00:00,503.28,00:00:00
2026-03-07 00:15:00,505.03,00:15:00
2026-03-07 00:30:00,506.01,00:30:00
2026-03-07 00:45:00,507.58,00:45:00
2026-03-07 01:00:00,509.43,01:00:00
2026-03-07 01:15:00,511.48,01:15:00
2026-03-07 01:30:00,513.7,01:30:00
2026-03-07 01:45:00,514.1,01:45:00
2026-03-07 02:00:00,513.85,02:00:00
2026-03-07 02:15:00,514.13,02:15:00
2026-03-07 02:30:00,515.06,02:30:00
2026-03-07 02:45:00,517.28,02:45:00
2026-03-07 03:00:00,516.13,03:00:00
2026-03-07 03:15:00,517.41,03:15:00
2026-03-07 03:30:00,518.34,03:30:00
2026-03-07 03:45:00,518.21,03:45:00
2026-03-07 04:00:00,515.1,04:00:00
2026-03-07 04:15:00,516.76,04:15:00
2026-03-07 04:30:00,517.4,04:30:00
2026-03-07 04:45:00,515.56,04:45:00
2026-03-07 05:00:00,516.98,05:00:00
2026-03-07 05:15:00,518.51,05:15:00
2026-03-07 05:30:00,513.24,05:30:00
2026-03-07 05:45:00,511.02,05:45:00
2026-03-07 06:00:00,503.6,06:00:00
2026-03-07 06:15:00,490.37,06:15:00
2026-03-07 06:30:00,469.85,06:30:00
2026-03-07 06:45:00,450.67,06:45:00
2026-03-07 07:00:00,424.9,07:00:00
2026-03-07 07:15:00,402.51,07:15:00
2026-03-07 07:30:00,380.61,07:30:00
2026-03-07 07:45:00,356.31,07:45:00
2026-03-07 08:00:00,334.23,08:00:00
2026-03-07 08:15:00,313.53,08:15:00
2026-03-07 08:30:00,293.25,08:30:00
2026-03-07 08:45:00,270.61,08:45:00
2026-03-07 09:00:00,253.7,09:00:00
2026-03-07 09:15:00,238.28,09:15:00
2026-03-07 09:30:00,227.26,09:30:00
2026-03-07 09:45:00,217.62,09:45:00
2026-03-07 10:00:00,211.2,10:00:00
2026-03-07 10:15:00,206.13,10:15:00
2026-03-07 10:30:00,203.47,10:30:00
2026-03-07 10:45:00,202.51,10:45:00
2026-03-07 11:00:00,202.01,11:00:00
2026-03-07 11:15:00,201.37,11:15:00
2026-03-07 11:30:00,202.99,11:30:00
2026-03-07 11:45:00,202.96,11:45:00
2026-03-07 12:00:00,203.61,12:00:00
2026-03-07 12:15:00,206.66,12:15:00
2026-03-07 12:30:00,209.29,12:30:00
2026-03-07 12:45:00,213.65,12:45:00
2026-03-07 13:00:00,217.47,13:00:00
2026-03-07 13:15:00,222.51,13:15:00
2026-03-07 13:30:00,229.7,13:30:00
2026-03-07 13:45:00,243.66,13:45:00
2026-03-07 14:00:00,271.93,14:00:00
2026-03-07 14:15:00,296.49,14:15:00
2026-03-07 14:30:00,322.73,14:30:00
2026-03-07 14:45:00,347.39,14:45:00
2026-03-07 15:00:00,367.31,15:00:00
2026-03-07 15:15:00,388.21,15:15:00
2026-03-07 15:30:00,410.59,15:30:00
2026-03-07 15:45:00,432.74,15:45:00
2026-03-07 16:00:00,456.26,16:00:00
2026-03-07 16:15:00,470.45,16:15:00
2026-03-07 16:30:00,477.25,16:30:00
2026-03-07 16:45:00,480.28,16:45:00
2026-03-07 17:00:00,481.85,17:00:00
2026-03-07 17:15:00,481.43,17:15:00
2026-03-07 17:30:00,480.01,17:30:00
2026-03-07 17:45:00,478.13,17:45:00
2026-03-07 18:00:00,474.78,18:00:00
2026-03-07 18:15:00,474.71,18:15:00
2026-03-07 18:30:00,472.3,18:30:00
2026-03-07 18:45:00,472.99,18:45:00
2026-03-07 19:00:00,474.58,19:00:00
2026-03-07 19:15:00,475.71,19:15:00
2026-03-07 19:30:00,474.36,19:30:00
2026-03-07 19:45:00,474.94,19:45:00
2026-03-07 20:00:00,476.8,20:00:00
2026-03-07 20:15:00,478.26,20:15:00
2026-03-07 20:30:00,478.47,20:30:00
2026-03-07 20:45:00,480.32,20:45:00
2026-03-07 21:00:00,480.52,21:00:00
2026-03-07 21:15:00,481.0,21:15:00
2026-03-07 21:30:00,484.09,21:30:00
2026-03-07 21:45:00,485.77,21:45:00
2026-03-07 22:00:00,490.82,22:00:00
2026-03-07 22:15:00,490.03,22:15:00
2026-03-07 22:30:00,492.59,22:30:00
2026-03-07 22:45:00,493.19,22:45:00
2026-03-07 23:00:00,495.87,23:00:00
2026-03-07 23:15:00,494.15,23:15:00
2026-03-07 23:30:00,494.64,23:30:00
2026-03-07 23:45:00,495.41,23:45:00
2026-03-08 00:00:00,498.49,00:00:00
2026-03-08 00:15:00,498.43,00:15:00
2026-03-08 00:30:00,499.87,00:30:00
2026-03-08 00:45:00,499.18,00:45:00
2026-03-08 01:00:00,498.33,01:00:00
2026-03-08 01:15:00,499.12,01:15:00
2026-03-08 01:30:00,501.87,01:30:00
2026-03-08 01:45:00,502.84,01:45:00
2026-03-08 02:00:00,503.78,02:00:00
2026-03-08 02:15:00,506.1,02:15:00
2026-03-08 02:30:00,504.77,02:30:00
2026-03-08 02:45:00,503.85,02:45:00
2026-03-08 03:00:00,502.88,03:00:00
2026-03-08 03:15:00,503.46,03:15:00
2026-03-08 03:30:00,501.77,03:30:00
2026-03-08 03:45:00,501.54,03:45:00
2026-03-08 04:00:00,501.02,04:00:00
2026-03-08 04:15:00,501.02,04:15:00
2026-03-08 04:30:00,500.8,04:30:00
2026-03-08 04:45:00,500.73,04:45:00
2026-03-08 05:00:00,499.11,05:00:00
2026-03-08 05:15:00,499.1,05:15:00
2026-03-08 05:30:00,500.34,05:30:00
2026-03-08 05:45:00,499.84,05:45:00
2026-03-08 06:00:00,496.11,06:00:00
2026-03-08 06:15:00,483.81,06:15:00
2026-03-08 06:30:00,470.67,06:30:00
2026-03-08 06:45:00,453.28,06:45:00
2026-03-08 07:00:00,424.3,07:00:00
2026-03-08 07:15:00,399.41,07:15:00
2026-03-08 07:30:00,374.54,07:30:00
2026-03-08 07:45:00,351.39,07:45:00
2026-03-08 08:00:00,324.6,08:00:00
2026-03-08 08:15:00,305.54,08:15:00
2026-03-08 08:30:00,285.77,08:30:00
2026-03-08 08:45:00,263.81,08:45:00
2026-03-08 09:00:00,240.69,09:00:00
2026-03-08 09:15:00,226.1,09:15:00
2026-03-08 09:30:00,215.19,09:30:00
2026-03-08 09:45:00,210.29,09:45:00
2026-03-08 10:00:00,206.18,10:00:00
2026-03-08 10:15:00,203.44,10:15:00
2026-03-08 10:30:00,201.5,10:30:00
2026-03-08 10:45:00,201.82,10:45:00
2026-03-08 11:00:00,199.01,11:00:00
2026-03-08 11:15:00,197.86,11:15:00
2026-03-08 11:30:00,197.3,11:30:00
2026-03-08 11:45:00,195.42,11:45:00
2026-03-08 12:00:00,201.37,12:00:00
2026-03-08 12:15:00,206.63,12:15:00
2026-03-08 12:30:00,209.77,12:30:00
2026-03-08 12:45:00,213.75,12:45:00
2026-03-08 13:00:00,215.92,13:00:00
2026-03-08 13:15:00,220.42,13:15:00
2026-03-08 13:30:00,226.43,13:30:00
2026-03-08 13:45:00,229.72,13:45:00
2026-03-08 14:00:00,234.45,14:00:00
2026-03-08 14:15:00,245.29,14:15:00
2026-03-08 14:30:00,269.45,14:30:00
2026-03-08 14:45:00,299.32,14:45:00
2026-03-08 15:00:00,332.12,15:00:00
2026-03-08 15:15:00,359.47,15:15:00
2026-03-08 15:30:00,385.66,15:30:00
2026-03-08 15:45:00,407.44,15:45:00
2026-03-08 16:00:00,425.89,16:00:00
2026-03-08 16:15:00,440.56,16:15:00
2026-03-08 16:30:00,442.34,16:30:00
2026-03-08 16:45:00,438.93,16:45:00
2026-03-08 17:00:00,432.35,17:00:00
2026-03-08 17:15:00,427.77,17:15:00
2026-03-08 17:30:00,422.48,17:30:00
2026-03-08 17:45:00,416.36,17:45:00
2026-03-08 18:00:00,414.42,18:00:00
2026-03-08 18:15:00,413.99,18:15:00
2026-03-08 18:30:00,412.46,18:30:00
2026-03-08 18:45:00,409.97,18:45:00
2026-03-08 19:00:00,410.15,19:00:00
2026-03-08 19:15:00,410.88,19:15:00
2026-03-08 19:30:00,411.11,19:30:00
2026-03-08 19:45:00,410.97,19:45:00
2026-03-08 20:00:00,408.28,20:00:00
2026-03-08 20:15:00,407.93,20:15:00
2026-03-08 20:30:00,408.79,20:30:00
2026-03-08 20:45:00,410.52,20:45:00
2026-03-08 21:00:00,410.01,21:00:00
2026-03-08 21:15:00,411.75,21:15:00
2026-03-08 21:30:00,417.74,21:30:00
2026-03-08 21:45:00,419.52,21:45:00
2026-03-08 22:00:00,419.5,22:00:00
2026-03-08 22:15:00,423.27,22:15:00
2026-03-08 22:30:00,429.32,22:30:00
2026-03-08 22:45:00,433.01,22:45:00
2026-03-08 23:00:00,436.5,23:00:00
2026-03-08 23:15:00,438.21,23:15:00
2026-03-08 23:30:00,443.52,23:30:00
2026-03-08 23:45:00,447.21,23:45:00
2026-03-09 00:00:00,446.91,00:00:00
2026-03-09 00:15:00,449.68,00:15:00
2026-03-09 00:30:00,454.4,00:30:00
2026-03-09 00:45:00,457.35,00:45:00
2026-03-09 01:00:00,461.59,01:00:00
2026-03-09 01:15:00,468.11,01:15:00
2026-03-09 01:30:00,471.92,01:30:00
2026-03-09 01:45:00,477.54,01:45:00
2026-03-09 02:00:00,480.51,02:00:00
2026-03-09 02:15:00,483.17,02:15:00
2026-03-09 02:30:00,486.25,02:30:00
2026-03-09 02:45:00,489.02,02:45:00
2026-03-09 03:00:00,483.01,03:00:00
2026-03-09 03:15:00,480.64,03:15:00
2026-03-09 03:30:00,477.81,03:30:00
2026-03-09 03:45:00,474.78,03:45:00
2026-03-09 04:00:00,469.86,04:00:00
2026-03-09 04:15:00,467.4,04:15:00
2026-03-09 04:30:00,466.13,04:30:00
2026-03-09 04:45:00,462.45,04:45:00
2026-03-09 05:00:00,452.8,05:00:00
2026-03-09 05:15:00,449.15,05:15:00
2026-03-09 05:30:00,450.94,05:30:00
2026-03-09 05:45:00,452.59,05:45:00
2026-03-09 06:00:00,450.43,06:00:00
2026-03-09 06:15:00,442.73,06:15:00
2026-03-09 06:30:00,427.44,06:30:00
2026-03-09 06:45:00,412.62,06:45:00
2026-03-09 07:00:00,405.44,07:00:00
2026-03-09 07:15:00,388.46,07:15:00
2026-03-09 07:30:00,371.3,07:30:00
2026-03-09 07:45:00,357.61,07:45:00
2026-03-09 08:00:00,341.18,08:00:00
2026-03-09 08:15:00,329.53,08:15:00
2026-03-09 08:30:00,317.74,08:30:00
2026-03-09 08:45:00,306.26,08:45:00
2026-03-09 09:00:00,288.62,09:00:00
2026-03-09 09:15:00,277.82,09:15:00
2026-03-09 09:30:00,269.47,09:30:00
2026-03-09 09:45:00,261.11,09:45:00
2026-03-09 10:00:00,252.17,10:00:00
2026-03-09 10:15:00,246.6,10:15:00
2026-03-09 10:30:00,241.62,10:30:00
2026-03-09 10:45:00,238.23,10:45:00
2026-03-09 11:00:00,232.49,11:00:00
2026-03-09 11:15:00,229.92,11:15:00
2026-03-09 11:30:00,231.08,11:30:00
2026-03-09 11:45:00,231.94,11:45:00
2026-03-09 12:00:00,232.85,12:00:00
2026-03-09 12:15:00,236.64,12:15:00
2026-03-09 12:30:00,240.76,12:30:00
2026-03-09 12:45:00,246.36,12:45:00
2026-03-09 13:00:00,259.53,13:00:00
2026-03-09 13:15:00,272.04,13:15:00
2026-03-09 13:30:00,285.1,13:30:00
2026-03-09 13:45:00,299.2,13:45:00
2026-03-09 14:00:00,317.09,14:00:00
2026-03-09 14:15:00,330.51,14:15:00
2026-03-09 14:30:00,347.87,14:30:00
2026-03-09 14:45:00,365.36,14:45:00
2026-03-09 15:00:00,385.21,15:00:00
2026-03-09 15:15:00,401.64,15:15:00
2026-03-09 15:30:00,419.41,15:30:00
2026-03-09 15:45:00,441.68,15:45:00
2026-03-09 16:00:00,456.68,16:00:00
2026-03-09 16:15:00,471.0,16:15:00
2026-03-09 16:30:00,478.56,16:30:00
2026-03-09 16:45:00,485.68,16:45:00
2026-03-09 17:00:00,492.1,17:00:00
2026-03-09 17:15:00,489.9,17:15:00
2026-03-09 17:30:00,487.7,17:30:00
2026-03-09 17:45:00,486.2,17:45:00
2026-03-09 18:00:00,486.78,18:00:00
2026-03-09 18:15:00,487.34,18:15:00
2026-03-09 18:30:00,487.31,18:30:00
2026-03-09 18:45:00,490.16,18:45:00
2026-03-09 19:00:00,489.97,19:00:00
2026-03-09 19:15:00,491.98,19:15:00
2026-03-09 19:30:00,485.73,19:30:00
2026-03-09 19:45:00,482.46,19:45:00
2026-03-09 20:00:00,489.12,20:00:00
2026-03-09 20:15:00,487.35,20:15:00
2026-03-09 20:30:00,483.51,20:30:00
2026-03-09 20:45:00,490.1,20:45:00
2026-03-09 21:00:00,493.71,21:00:00
2026-03-09 21:15:00,497.06,21:15:00
2026-03-09 21:30:00,500.55,21:30:00
2026-03-09 21:45:00,498.55,21:45:00
2026-03-09 22:00:00,503.15,22:00:00
2026-03-09 22:15:00,504.98,22:15:00
2026-03-09 22:30:00,506.96,22:30:00
2026-03-09 22:45:00,506.51,22:45:00
2026-03-09 23:00:00,503.38,23:00:00
2026-03-09 23:15:00,507.59,23:15:00
2026-03-09 23:30:00,504.88,23:30:00
2026-03-09 23:45:00,506.04,23:45:00
2026-03-10 00:00:00,510.97,00:00:00
2026-03-10 00:15:00,508.54,00:15:00
2026-03-10 00:30:00,508.72,00:30:00
2026-03-10 00:45:00,506.62,00:45:00
2026-03-10 01:00:00,512.56,01:00:00
2026-03-10 01:15:00,512.46,01:15:00
2026-03-10 01:30:00,506.88,01:30:00
2026-03-10 01:45:00,503.28,01:45:00
2026-03-10 02:00:00,502.04,02:00:00
2026-03-10 02:15:00,502.09,02:15:00
2026-03-10 02:30:00,503.55,02:30:00
2026-03-10 02:45:00,503.87,02:45:00
2026-03-10 03:00:00,500.92,03:00:00
2026-03-10 03:15:00,501.96,03:15:00
2026-03-10 03:30:00,503.45,03:30:00
2026-03-10 03:45:00,503.05,03:45:00
2026-03-10 04:00:00,496.41,04:00:00
2026-03-10 04:15:00,494.53,04:15:00
2026-03-10 04:30:00,489.69,04:30:00
2026-03-10 04:45:00,490.13,04:45:00
2026-03-10 05:00:00,480.17,05:00:00
2026-03-10 05:15:00,478.75,05:15:00
2026-03-10 05:30:00,478.5,05:30:00
2026-03-10 05:45:00,474.81,05:45:00
2026-03-10 06:00:00,466.39,06:00:00
2026-03-10 06:15:00,457.04,06:15:00
2026-03-10 06:30:00,444.01,06:30:00
2026-03-10 06:45:00,425.59,06:45:00
2026-03-10 07:00:00,411.61,07:00:00
2026-03-10 07:15:00,396.66,07:15:00
2026-03-10 07:30:00,379.82,07:30:00
2026-03-10 07:45:00,361.36,07:45:00
2026-03-10 08:00:00,343.17,08:00:00
2026-03-10 08:15:00,328.9,08:15:00
2026-03-10 08:30:00,318.14,08:30:00
2026-03-10 08:45:00,306.63,08:45:00
2026-03-10 09:00:00,293.75,09:00:00
2026-03-10 09:15:00,283.24,09:15:00
2026-03-10 09:30:00,276.13,09:30:00
2026-03-10 09:45:00,269.47,09:45:00
2026-03-10 10:00:00,265.11,10:00:00
2026-03-10 10:15:00,260.27,10:15:00
2026-03-10 10:30:00,256.93,10:30:00
2026-03-10 10:45:00,254.06,10:45:00
2026-03-10 11:00:00,252.15,11:00:00
2026-03-10 11:15:00,251.44,11:15:00
2026-03-10 11:30:00,252.07,11:30:00
2026-03-10 11:45:00,252.22,11:45:00
2026-03-10 12:00:00,252.26,12:00:00
2026-03-10 12:15:00,253.68,12:15:00
2026-03-10 12:30:00,256.49,12:30:00
2026-03-10 12:45:00,259.84,12:45:00
2026-03-10 13:00:00,266.78,13:00:00
2026-03-10 13:15:00,275.99,13:15:00
2026-03-10 13:30:00,286.27,13:30:00
2026-03-10 13:45:00,293.6,13:45:00
2026-03-10 14:00:00,303.32,14:00:00
2026-03-10 14:15:00,313.9,14:15:00
2026-03-10 14:30:00,327.05,14:30:00
2026-03-10 14:45:00,342.71,14:45:00
2026-03-10 15:00:00,358.46,15:00:00
2026-03-10 15:15:00,372.04,15:15:00
2026-03-10 15:30:00,384.5,15:30:00
2026-03-10 15:45:00,398.57,15:45:00
2026-03-10 16:00:00,417.72,16:00:00
2026-03-10 16:15:00,427.71,16:15:00
2026-03-10 16:30:00,436.63,16:30:00
2026-03-10 16:45:00,438.98,16:45:00
2026-03-10 17:00:00,435.11,17:00:00
2026-03-10 17:15:00,434.41,17:15:00
2026-03-10 17:30:00,436.63,17:30:00
2026-03-10 17:45:00,434.09,17:45:00
2026-03-10 18:00:00,433.26,18:00:00
2026-03-10 18:15:00,431.28,18:15:00
2026-03-10 18:30:00,428.82,18:30:00
2026-03-10 18:45:00,428.36,18:45:00
2026-03-10 19:00:00,423.02,19:00:00
2026-03-10 19:15:00,412.95,19:15:00
2026-03-10 19:30:00,408.32,19:30:00
2026-03-10 19:45:00,403.33,19:45:00
2026-03-10 20:00:00,398.0,20:00:00
2026-03-10 20:15:00,393.41,20:15:00
2026-03-10 20:30:00,396.15,20:30:00
2026-03-10 20:45:00,395.03,20:45:00
2026-03-10 21:00:00,386.05,21:00:00
2026-03-10 21:15:00,384.44,21:15:00
2026-03-10 21:30:00,381.38,21:30:00
2026-03-10 21:45:00,373.52,21:45:00
2026-03-10 22:00:00,360.53,22:00:00
2026-03-10 22:15:00,351.56,22:15:00
2026-03-10 22:30:00,346.51,22:30:00
2026-03-10 22:45:00,336.18,22:45:00
2026-03-10 23:00:00,328.58,23:00:00
2026-03-10 23:15:00,326.68,23:15:00
2026-03-10 23:30:00,324.03,23:30:00
2026-03-10 23:45:00,318.96,23:45:00
2026-03-11 00:00:00,305.96,00:00:00
2026-03-11 00:15:00,298.99,00:15:00
2026-03-11 00:30:00,295.35,00:30:00
2026-03-11 00:45:00,285.99,00:45:00
2026-03-11 01:00:00,274.56,01:00:00
2026-03-11 01:15:00,271.07,01:15:00
2026-03-11 01:30:00,265.62,01:30:00
2026-03-11 01:45:00,259.6,01:45:00
2026-03-11 02:00:00,251.9,02:00:00
2026-03-11 02:15:00,249.24,02:15:00
2026-03-11 02:30:00,244.63,02:30:00
2026-03-11 02:45:00,244.51,02:45:00
2026-03-11 03:00:00,245.66,03:00:00
2026-03-11 03:15:00,245.38,03:15:00
2026-03-11 03:30:00,245.05,03:30:00
2026-03-11 03:45:00,243.11,03:45:00
2026-03-11 04:00:00,241.53,04:00:00
2026-03-11 04:15:00,240.7,04:15:00
2026-03-11 04:30:00,242.61,04:30:00
2026-03-11 04:45:00,244.4,04:45:00
2026-03-11 05:00:00,247.18,05:00:00
2026-03-11 05:15:00,245.59,05:15:00
2026-03-11 05:30:00,245.8,05:30:00
2026-03-11 05:45:00,247.48,05:45:00
2026-03-11 06:00:00,242.28,06:00:00
2026-03-11 06:15:00,240.02,06:15:00
2026-03-11 06:30:00,238.15,06:30:00
2026-03-11 06:45:00,233.76,06:45:00
2026-03-11 07:00:00,226.55,07:00:00
2026-03-11 07:15:00,219.13,07:15:00
2026-03-11 07:30:00,213.97,07:30:00
2026-03-11 07:45:00,207.81,07:45:00
2026-03-11 08:00:00,197.89,08:00:00
2026-03-11 08:15:00,188.77,08:15:00
2026-03-11 08:30:00,182.36,08:30:00
2026-03-11 08:45:00,174.79,08:45:00
2026-03-11 09:00:00,167.22,09:00:00
2026-03-11 09:15:00,163.81,09:15:00
2026-03-11 09:30:00,160.5,09:30:00
2026-03-11 09:45:00,158.24,09:45:00
2026-03-11 10:00:00,155.15,10:00:00
2026-03-11 10:15:00,154.34,10:15:00
2026-03-11 10:30:00,154.55,10:30:00
2026-03-11 10:45:00,154.7,10:45:00
2026-03-11 11:00:00,156.63,11:00:00
2026-03-11 11:15:00,156.8,11:15:00
2026-03-11 11:30:00,157.14,11:30:00
2026-03-11 11:45:00,158.28,11:45:00
2026-03-11 12:00:00,156.62,12:00:00
2026-03-11 12:15:00,155.66,12:15:00
2026-03-11 12:30:00,157.81,12:30:00
2026-03-11 12:45:00,160.66,12:45:00
2026-03-11 13:00:00,162.81,13:00:00
2026-03-11 13:15:00,165.16,13:15:00
2026-03-11 13:30:00,165.54,13:30:00
2026-03-11 13:45:00,166.82,13:45:00
2026-03-11 14:00:00,171.13,14:00:00
2026-03-11 14:15:00,176.27,14:15:00
2026-03-11 14:30:00,188.26,14:30:00
2026-03-11 14:45:00,200.96,14:45:00
2026-03-11 15:00:00,219.07,15:00:00
2026-03-11 15:15:00,233.55,15:15:00
2026-03-11 15:30:00,243.64,15:30:00
2026-03-11 15:45:00,249.67,15:45:00
2026-03-11 16:00:00,258.43,16:00:00
2026-03-11 16:15:00,266.1,16:15:00
2026-03-11 16:30:00,271.46,16:30:00
2026-03-11 16:45:00,277.49,16:45:00
2026-03-11 17:00:00,282.39,17:00:00
2026-03-11 17:15:00,287.73,17:15:00
2026-03-11 17:30:00,291.92,17:30:00
2026-03-11 17:45:00,297.78,17:45:00
2026-03-11 18:00:00,302.47,18:00:00
2026-03-11 18:15:00,304.91,18:15:00
2026-03-11 18:30:00,302.99,18:30:00
2026-03-11 18:45:00,303.97,18:45:00
2026-03-11 19:00:00,303.51,19:00:00
2026-03-11 19:15:00,302.67,19:15:00
2026-03-11 19:30:00,303.96,19:30:00
2026-03-11 19:45:00,309.34,19:45:00
2026-03-11 20:00:00,307.37,20:00:00
2026-03-11 20:15:00,308.33,20:15:00
2026-03-11 20:30:00,309.21,20:30:00
2026-03-11 20:45:00,308.27,20:45:00
2026-03-11 21:00:00,310.27,21:00:00
2026-03-11 21:15:00,310.69,21:15:00
2026-03-11 21:30:00,312.72,21:30:00
2026-03-11 21:45:00,311.98,21:45:00
2026-03-11 22:00:00,305.33,22:00:00
2026-03-11 22:15:00,305.81,22:15:00
2026-03-11 22:30:00,309.21,22:30:00
2026-03-11 22:45:00,304.35,22:45:00
2026-03-11 23:00:00,297.66,23:00:00
2026-03-11 23:15:00,295.41,23:15:00
2026-03-11 23:30:00,292.68,23:30:00
2026-03-11 23:45:00,289.43,23:45:00
2026-03-12 00:00:00,285.98,00:00:00
2026-03-12 00:15:00,282.87,00:15:00
2026-03-12 00:30:00,279.72,00:30:00
2026-03-12 00:45:00,276.84,00:45:00
2026-03-12 01:00:00,276.64,01:00:00
2026-03-12 01:15:00,276.97,01:15:00
2026-03-12 01:30:00,275.8,01:30:00
2026-03-12 01:45:00,272.47,01:45:00
2026-03-12 02:00:00,270.49,02:00:00
2026-03-12 02:15:00,270.82,02:15:00
2026-03-12 02:30:00,272.07,02:30:00
2026-03-12 02:45:00,272.22,02:45:00
2026-03-12 03:00:00,272.57,03:00:00
2026-03-12 03:15:00,273.83,03:15:00
2026-03-12 03:30:00,274.25,03:30:00
2026-03-12 03:45:00,277.03,03:45:00
2026-03-12 04:00:00,281.99,04:00:00
2026-03-12 04:15:00,285.11,04:15:00
2026-03-12 04:30:00,286.43,04:30:00
2026-03-12 04:45:00,288.53,04:45:00
2026-03-12 05:00:00,294.67,05:00:00
2026-03-12 05:15:00,296.16,05:15:00
2026-03-12 05:30:00,296.11,05:30:00
2026-03-12 05:45:00,294.5,05:45:00
2026-03-12 06:00:00,292.99,06:00:00
2026-03-12 06:15:00,291.63,06:15:00
2026-03-12 06:30:00,285.93,06:30:00
2026-03-12 06:45:00,278.22,06:45:00
2026-03-12 07:00:00,269.36,07:00:00
2026-03-12 07:15:00,257.41,07:15:00
2026-03-12 07:30:00,247.89,07:30:00
2026-03-12 07:45:00,237.59,07:45:00
2026-03-12 08:00:00,221.87,08:00:00
2026-03-12 08:15:00,204.3,08:15:00
2026-03-12 08:30:00,188.73,08:30:00
2026-03-12 08:45:00,175.37,08:45:00
2026-03-12 09:00:00,156.29,09:00:00
2026-03-12 09:15:00,146.93,09:15:00
2026-03-12 09:30:00,142.71,09:30:00
2026-03-12 09:45:00,141.84,09:45:00
2026-03-12 10:00:00,139.08,10:00:00
2026-03-12 10:15:00,139.12,10:15:00
2026-03-12 10:30:00,140.11,10:30:00
2026-03-12 10:45:00,138.97,10:45:00
2026-03-12 11:00:00,137.0,11:00:00
2026-03-12 11:15:00,135.93,11:15:00
2026-03-12 11:30:00,134.43,11:30:00
2026-03-12 11:45:00,136.26,11:45:00
2026-03-12 12:00:00,134.83,12:00:00
2026-03-12 12:15:00,135.43,12:15:00
2026-03-12 12:30:00,138.42,12:30:00
2026-03-12 12:45:00,139.41,12:45:00
2026-03-12 13:00:00,139.32,13:00:00
2026-03-12 13:15:00,141.01,13:15:00
2026-03-12 13:30:00,140.81,13:30:00
2026-03-12 13:45:00,141.05,13:45:00
2026-03-12 14:00:00,142.92,14:00:00
2026-03-12 14:15:00,144.98,14:15:00
2026-03-12 14:30:00,145.51,14:30:00
2026-03-12 14:45:00,150.07,14:45:00
2026-03-12 15:00:00,160.1,15:00:00
2026-03-12 15:15:00,164.16,15:15:00
2026-03-12 15:30:00,172.58,15:30:00
2026-03-12 15:45:00,185.37,15:45:00
2026-03-12 16:00:00,198.61,16:00:00
2026-03-12 16:15:00,211.44,16:15:00
2026-03-12 16:30:00,223.64,16:30:00
2026-03-12 16:45:00,233.18,16:45:00
2026-03-12 17:00:00,236.81,17:00:00
2026-03-12 17:15:00,237.01,17:15:00
2026-03-12 17:30:00,235.19,17:30:00
2026-03-12 17:45:00,231.69,17:45:00
2026-03-12 18:00:00,222.73,18:00:00
2026-03-12 18:15:00,220.54,18:15:00
2026-03-12 18:30:00,215.51,18:30:00
2026-03-12 18:45:00,211.13,18:45:00
2026-03-12 19:00:00,203.38,19:00:00
2026-03-12 19:15:00,196.73,19:15:00
2026-03-12 19:30:00,191.51,19:30:00
2026-03-12 19:45:00,187.83,19:45:00
2026-03-12 20:00:00,183.2,20:00:00
2026-03-12 20:15:00,178.65,20:15:00
2026-03-12 20:30:00,176.87,20:30:00
2026-03-12 20:45:00,176.48,20:45:00
2026-03-12 21:00:00,179.33,21:00:00
2026-03-12 21:15:00,176.97,21:15:00
2026-03-12 21:30:00,176.41,21:30:00
2026-03-12 21:45:00,176.1,21:45:00
2026-03-12 22:00:00,176.13,22:00:00
2026-03-12 22:15:00,174.84,22:15:00
2026-03-12 22:30:00,173.86,22:30:00
2026-03-12 22:45:00,169.59,22:45:00
2026-03-12 23:00:00,167.64,23:00:00
2026-03-12 23:15:00,167.2,23:15:00
2026-03-12 23:30:00,167.79,23:30:00
2026-03-12 23:45:00,166.03,23:45:00
2026-03-13 00:00:00,165.27,00:00:00
2026-03-13 00:15:00,165.24,00:15:00
2026-03-13 00:30:00,165.14,00:30:00
2026-03-13 00:45:00,165.17,00:45:00
2026-03-13 01:00:00,161.4,01:00:00
2026-03-13 01:15:00,160.52,01:15:00
2026-03-13 01:30:00,159.44,01:30:00
2026-03-13 01:45:00,159.45,01:45:00
2026-03-13 02:00:00,159.79,02:00:00
2026-03-13 02:15:00,160.28,02:15:00
2026-03-13 02:30:00,158.96,02:30:00
2026-03-13 02:45:00,158.14,02:45:00
2026-03-13 03:00:00,157.51,03:00:00
2026-03-13 03:15:00,156.53,03:15:00
2026-03-13 03:30:00,156.66,03:30:00
2026-03-13 03:45:00,157.05,03:45:00
2026-03-13 04:00:00,156.7,04:00:00
2026-03-13 04:15:00,156.37,04:15:00
2026-03-13 04:30:00,156.17,04:30:00
2026-03-13 04:45:00,154.89,04:45:00
2026-03-13 05:00:00,149.77,05:00:00
2026-03-13 05:15:00,148.8,05:15:00
2026-03-13 05:30:00,148.41,05:30:00
2026-03-13 05:45:00,148.62,05:45:00
2026-03-13 06:00:00,147.37,06:00:00
2026-03-13 06:15:00,146.57,06:15:00
2026-03-13 06:30:00,144.1,06:30:00
2026-03-13 06:45:00,140.61,06:45:00
2026-03-13 07:00:00,134.12,07:00:00
2026-03-13 07:15:00,129.36,07:15:00
2026-03-13 07:30:00,126.34,07:30:00
2026-03-13 07:45:00,125.59,07:45:00
2026-03-13 08:00:00,123.78,08:00:00
2026-03-13 08:15:00,122.56,08:15:00
2026-03-13 08:30:00,121.87,08:30:00
2026-03-13 08:45:00,122.67,08:45:00
2026-03-13 09:00:00,124.67,09:00:00
2026-03-13 09:15:00,126.68,09:15:00
2026-03-13 09:30:00,126.1,09:30:00
2026-03-13 09:45:00,128.52,09:45:00
2026-03-13 10:00:00,126.89,10:00:00
2026-03-13 10:15:00,127.21,10:15:00
2026-03-13 10:30:00,129.21,10:30:00
2026-03-13 10:45:00,130.82,10:45:00
2026-03-13 11:00:00,130.05,11:00:00
2026-03-13 11:15:00,130.41,11:15:00
2026-03-13 11:30:00,130.96,11:30:00
2026-03-13 11:45:00,132.26,11:45:00
2026-03-13 12:00:00,132.39,12:00:00
2026-03-13 12:15:00,132.0,12:15:00
2026-03-13 12:30:00,134.07,12:30:00
2026-03-13 12:45:00,139.92,12:45:00
2026-03-13 13:00:00,143.71,13:00:00
2026-03-13 13:15:00,149.43,13:15:00
2026-03-13 13:30:00,157.16,13:30:00
2026-03-13 13:45:00,168.81,13:45:00
2026-03-13 14:00:00,181.18,14:00:00
2026-03-13 14:15:00,192.11,14:15:00
2026-03-13 14:30:00,204.64,14:30:00
2026-03-13 14:45:00,215.14,14:45:00
2026-03-13 15:00:00,226.19,15:00:00
2026-03-13 15:15:00,233.35,15:15:00
2026-03-13 15:30:00,241.13,15:30:00
2026-03-13 15:45:00,253.29,15:45:00
2026-03-13 16:00:00,265.1,16:00:00
2026-03-13 16:15:00,277.87,16:15:00
2026-03-13 16:30:00,289.03,16:30:00
2026-03-13 16:45:00,300.38,16:45:00
2026-03-13 17:00:00,309.05,17:00:00
2026-03-13 17:15:00,312.79,17:15:00
2026-03-13 17:30:00,318.73,17:30:00
2026-03-13 17:45:00,320.73,17:45:00
2026-03-13 18:00:00,326.59,18:00:00
2026-03-13 18:15:00,329.79,18:15:00
2026-03-13 18:30:00,333.86,18:30:00
2026-03-13 18:45:00,336.3,18:45:00
2026-03-13 19:00:00,339.85,19:00:00
2026-03-13 19:15:00,339.89,19:15:00
2026-03-13 19:30:00,342.38,19:30:00
2026-03-13 19:45:00,345.78,19:45:00
2026-03-13 20:00:00,349.61,20:00:00
2026-03-13 20:15:00,350.58,20:15:00
2026-03-13 20:30:00,351.55,20:30:00
2026-03-13 20:45:00,353.52,20:45:00
2026-03-13 21:00:00,358.97,21:00:00
2026-03-13 21:15:00,361.66,21:15:00
2026-03-13 21:30:00,367.24,21:30:00
2026-03-13 21:45:00,370.54,21:45:00
2026-03-13 22:00:00,371.86,22:00:00
2026-03-13 22:15:00,377.93,22:15:00
2026-03-13 22:30:00,385.28,22:30:00
2026-03-13 22:45:00,385.45,22:45:00
2026-03-13 23:00:00,388.89,23:00:00
2026-03-13 23:15:00,393.76,23:15:00
2026-03-13 23:30:00,399.03,23:30:00
2026-03-13 23:45:00,402.15,23:45:00
2026-03-14 00:00:00,402.84,00:00:00
2026-03-14 00:15:00,404.17,00:15:00
2026-03-14 00:30:00,405.71,00:30:00
2026-03-14 00:45:00,407.22,00:45:00
2026-03-14 01:00:00,408.76,01:00:00
2026-03-14 01:15:00,413.14,01:15:00
2026-03-14 01:30:00,415.33,01:30:00
2026-03-14 01:45:00,420.94,01:45:00
2026-03-14 02:00:00,419.71,02:00:00
2026-03-14 02:15:00,418.98,02:15:00
2026-03-14 02:30:00,419.67,02:30:00
2026-03-14 02:45:00,422.87,02:45:00
2026-03-14 03:00:00,429.39,03:00:00
2026-03-14 03:15:00,434.93,03:15:00
2026-03-14 03:30:00,436.96,03:30:00
2026-03-14 03:45:00,436.0,03:45:00
2026-03-14 04:00:00,436.26,04:00:00
2026-03-14 04:15:00,438.28,04:15:00
2026-03-14 04:30:00,432.85,04:30:00
2026-03-14 04:45:00,432.69,04:45:00
2026-03-14 05:00:00,432.27,05:00:00
2026-03-14 05:15:00,429.33,05:15:00
2026-03-14 05:30:00,433.58,05:30:00
2026-03-14 05:45:00,432.04,05:45:00
2026-03-14 06:00:00,425.94,06:00:00
2026-03-14 06:15:00,420.95,06:15:00
2026-03-14 06:30:00,418.36,06:30:00
2026-03-14 06:45:00,411.43,06:45:00
2026-03-14 07:00:00,401.43,07:00:00
2026-03-14 07:15:00,394.38,07:15:00
2026-03-14 07:30:00,389.99,07:30:00
2026-03-14 07:45:00,383.09,07:45:00
2026-03-14 08:00:00,375.87,08:00:00
2026-03-14 08:15:00,364.87,08:15:00
2026-03-14 08:30:00,355.38,08:30:00
2026-03-14 08:45:00,351.71,08:45:00
2026-03-14 09:00:00,345.25,09:00:00
2026-03-14 09:15:00,341.76,09:15:00
2026-03-14 09:30:00,338.0,09:30:00
2026-03-14 09:45:00,336.52,09:45:00
2026-03-14 10:00:00,337.92,10:00:00
2026-03-14 10:15:00,340.51,10:15:00
2026-03-14 10:30:00,342.01,10:30:00
2026-03-14 10:45:00,344.66,10:45:00
2026-03-14 11:00:00,350.26,11:00:00
2026-03-14 11:15:00,355.11,11:15:00
2026-03-14 11:30:00,358.95,11:30:00
2026-03-14 11:45:00,361.2,11:45:00
2026-03-14 12:00:00,362.51,12:00:00
2026-03-14 12:15:00,365.0,12:15:00
2026-03-14 12:30:00,370.33,12:30:00
2026-03-14 12:45:00,375.71,12:45:00
2026-03-14 13:00:00,378.51,13:00:00
2026-03-14 13:15:00,385.64,13:15:00
2026-03-14 13:30:00,392.58,13:30:00
2026-03-14 13:45:00,399.62,13:45:00
2026-03-14 14:00:00,406.77,14:00:00
2026-03-14 14:15:00,413.59,14:15:00
2026-03-14 14:30:00,420.01,14:30:00
2026-03-14 14:45:00,430.17,14:45:00
2026-03-14 15:00:00,429.08,15:00:00
2026-03-14 15:15:00,435.29,15:15:00
2026-03-14 15:30:00,444.11,15:30:00
2026-03-14 15:45:00,452.62,15:45:00
2026-03-14 16:00:00,455.22,16:00:00
2026-03-14 16:15:00,462.37,16:15:00
2026-03-14 16:30:00,467.69,16:30:00
2026-03-14 16:45:00,473.52,16:45:00
2026-03-14 17:00:00,478.97,17:00:00
2026-03-14 17:15:00,479.3,17:15:00
2026-03-14 17:30:00,480.81,17:30:00
2026-03-14 17:45:00,484.33,17:45:00
2026-03-14 18:00:00,486.19,18:00:00
2026-03-14 18:15:00,487.97,18:15:00
2026-03-14 18:30:00,489.59,18:30:00
2026-03-14 18:45:00,489.5,18:45:00
2026-03-14 19:00:00,494.59,19:00:00
2026-03-14 19:15:00,498.29,19:15:00
2026-03-14 19:30:00,497.52,19:30:00
2026-03-14 19:45:00,498.22,19:45:00
2026-03-14 20:00:00,492.72,20:00:00
2026-03-14 20:15:00,492.09,20:15:00
2026-03-14 20:30:00,499.18,20:30:00
2026-03-14 20:45:00,495.34,20:45:00
2026-03-14 21:00:00,502.69,21:00:00
2026-03-14 21:15:00,502.97,21:15:00
2026-03-14 21:30:00,504.33,21:30:00
2026-03-14 21:45:00,507.62,21:45:00
2026-03-14 22:00:00,513.08,22:00:00
2026-03-14 22:15:00,514.34,22:15:00
2026-03-14 22:30:00,517.08,22:30:00
2026-03-14 22:45:00,517.98,22:45:00
2026-03-14 23:00:00,513.89,23:00:00
2026-03-14 23:15:00,517.68,23:15:00
2026-03-14 23:30:00,517.14,23:30:00
2026-03-14 23:45:00,518.24,23:45:00
2026-03-15 00:00:00,522.71,00:00:00
2026-03-15 00:15:00,521.41,00:15:00
2026-03-15 00:30:00,523.01,00:30:00
2026-03-15 00:45:00,524.33,00:45:00
2026-03-15 01:00:00,524.18,01:00:00
2026-03-15 01:15:00,524.29,01:15:00
2026-03-15 01:30:00,521.69,01:30:00
2026-03-15 01:45:00,519.9,01:45:00
2026-03-15 02:00:00,520.54,02:00:00
2026-03-15 02:15:00,518.01,02:15:00
2026-03-15 02:30:00,517.53,02:30:00
2026-03-15 02:45:00,516.8,02:45:00
2026-03-15 03:00:00,516.41,03:00:00
2026-03-15 03:15:00,517.55,03:15:00
2026-03-15 03:30:00,518.57,03:30:00
2026-03-15 03:45:00,519.33,03:45:00
2026-03-15 04:00:00,517.0,04:00:00
2026-03-15 04:15:00,518.7,04:15:00
2026-03-15 04:30:00,518.79,04:30:00
2026-03-15 04:45:00,519.09,04:45:00
2026-03-15 05:00:00,516.98,05:00:00
2026-03-15 05:15:00,518.02,05:15:00
2026-03-15 05:30:00,517.46,05:30:00
2026-03-15 05:45:00,511.5,05:45:00
2026-03-15 06:00:00,502.8,06:00:00
2026-03-15 06:15:00,493.32,06:15:00
2026-03-15 06:30:00,488.45,06:30:00
2026-03-15 06:45:00,476.12,06:45:00
2026-03-15 07:00:00,465.62,07:00:00
2026-03-15 07:15:00,449.16,07:15:00
2026-03-15 07:30:00,432.85,07:30:00
2026-03-15 07:45:00,416.35,07:45:00
2026-03-15 08:00:00,392.94,08:00:00
2026-03-15 08:15:00,379.52,08:15:00
2026-03-15 08:30:00,368.16,08:30:00
2026-03-15 08:45:00,355.47,08:45:00
2026-03-15 09:00:00,337.98,09:00:00
2026-03-15 09:15:00,322.6,09:15:00
2026-03-15 09:30:00,312.23,09:30:00
2026-03-15 09:45:00,304.1,09:45:00
2026-03-15 10:00:00,296.34,10:00:00
2026-03-15 10:15:00,291.74,10:15:00
2026-03-15 10:30:00,288.46,10:30:00
2026-03-15 10:45:00,284.96,10:45:00
2026-03-15 11:00:00,284.75,11:00:00
2026-03-15 11:15:00,281.4,11:15:00
2026-03-15 11:30:00,278.18,11:30:00
2026-03-15 11:45:00,276.13,11:45:00
2026-03-15 12:00:00,271.19,12:00:00
2026-03-15 12:15:00,268.85,12:15:00
2026-03-15 12:30:00,267.51,12:30:00
2026-03-15 12:45:00,268.24,12:45:00
2026-03-15 13:00:00,272.14,13:00:00
2026-03-15 13:15:00,275.35,13:15:00
2026-03-15 13:30:00,277.58,13:30:00
2026-03-15 13:45:00,285.24,13:45:00
2026-03-15 14:00:00,292.71,14:00:00
2026-03-15 14:15:00,301.77,14:15:00
2026-03-15 14:30:00,310.68,14:30:00
2026-03-15 14:45:00,321.13,14:45:00
2026-03-15 15:00:00,330.88,15:00:00
2026-03-15 15:15:00,337.49,15:15:00
2026-03-15 15:30:00,345.95,15:30:00
2026-03-15 15:45:00,355.71,15:45:00
2026-03-15 16:00:00,373.25,16:00:00
2026-03-15 16:15:00,384.72,16:15:00
2026-03-15 16:30:00,392.68,16:30:00
2026-03-15 16:45:00,394.01,16:45:00
2026-03-15 17:00:00,391.99,17:00:00
2026-03-15 17:15:00,389.2,17:15:00
2026-03-15 17:30:00,383.51,17:30:00
2026-03-15 17:45:00,377.66,17:45:00
2026-03-15 18:00:00,372.94,18:00:00
2026-03-15 18:15:00,365.65,18:15:00
2026-03-15 18:30:00,359.2,18:30:00
2026-03-15 18:45:00,349.63,18:45:00
2026-03-15 19:00:00,343.37,19:00:00
2026-03-15 19:15:00,337.1,19:15:00
2026-03-15 19:30:00,333.36,19:30:00
2026-03-15 19:45:00,326.19,19:45:00
2026-03-15 20:00:00,314.97,20:00:00
2026-03-15 20:15:00,306.53,20:15:00
2026-03-15 20:30:00,300.13,20:30:00
2026-03-15 20:45:00,292.89,20:45:00
2026-03-15 21:00:00,281.92,21:00:00
2026-03-15 21:15:00,272.43,21:15:00
2026-03-15 21:30:00,267.95,21:30:00
2026-03-15 21:45:00,260.81,21:45:00
2026-03-15 22:00:00,249.22,22:00:00
2026-03-15 22:15:00,242.18,22:15:00
2026-03-15 22:30:00,239.52,22:30:00
2026-03-15 22:45:00,232.66,22:45:00
2026-03-15 23:00:00,225.8,23:00:00
2026-03-15 23:15:00,219.73,23:15:00
2026-03-15 23:30:00,215.53,23:30:00
2026-03-15 23:45:00,211.23,23:45:00
2026-03-16 00:00:00,207.88,00:00:00
2026-03-16 00:15:00,206.75,00:15:00
2026-03-16 00:30:00,207.56,00:30:00
2026-03-16 00:45:00,202.94,00:45:00
2026-03-16 01:00:00,200.46,01:00:00
2026-03-16 01:15:00,200.48,01:15:00
2026-03-16 01:30:00,202.45,01:30:00
2026-03-16 01:45:00,205.23,01:45:00
2026-03-16 02:00:00,208.57,02:00:00
2026-03-16 02:15:00,207.81,02:15:00
2026-03-16 02:30:00,210.82,02:30:00
2026-03-16 02:45:00,213.36,02:45:00
2026-03-16 03:00:00,215.66,03:00:00
2026-03-16 03:15:00,219.08,03:15:00
2026-03-16 03:30:00,222.93,03:30:00
2026-03-16 03:45:00,228.34,03:45:00
2026-03-16 04:00:00,231.48,04:00:00
2026-03-16 04:15:00,233.53,04:15:00
2026-03-16 04:30:00,235.08,04:30:00
2026-03-16 04:45:00,228.09,04:45:00
2026-03-16 05:00:00,231.6,05:00:00
2026-03-16 05:15:00,236.81,05:15:00
2026-03-16 05:30:00,240.44,05:30:00
2026-03-16 05:45:00,244.27,05:45:00
2026-03-16 06:00:00,245.98,06:00:00
2026-03-16 06:15:00,245.2,06:15:00
2026-03-16 06:30:00,244.3,06:30:00
2026-03-16 06:45:00,242.98,06:45:00
2026-03-16 07:00:00,242.38,07:00:00
2026-03-16 07:15:00,239.76,07:15:00
2026-03-16 07:30:00,235.4,07:30:00
2026-03-16 07:45:00,232.03,07:45:00
2026-03-16 08:00:00,227.41,08:00:00
2026-03-16 08:15:00,223.21,08:15:00
2026-03-16 08:30:00,217.15,08:30:00
2026-03-16 08:45:00,213.09,08:45:00
2026-03-16 09:00:00,203.11,09:00:00
2026-03-16 09:15:00,200.98,09:15:00
2026-03-16 09:30:00,196.82,09:30:00
2026-03-16 09:45:00,195.67,09:45:00
2026-03-16 10:00:00,188.45,10:00:00
2026-03-16 10:15:00,186.08,10:15:00
2026-03-16 10:30:00,183.59,10:30:00
2026-03-16 10:45:00,182.64,10:45:00
2026-03-16 11:00:00,176.99,11:00:00
2026-03-16 11:15:00,175.64,11:15:00
2026-03-16 11:30:00,176.77,11:30:00
2026-03-16 11:45:00,176.73,11:45:00
2026-03-16 12:00:00,176.59,12:00:00
2026-03-16 12:15:00,175.86,12:15:00
2026-03-16 12:30:00,176.26,12:30:00
2026-03-16 12:45:00,178.87,12:45:00
2026-03-16 13:00:00,186.61,13:00:00
2026-03-16 13:15:00,191.37,13:15:00
2026-03-16 13:30:00,200.04,13:30:00
2026-03-16 13:45:00,207.27,13:45:00
2026-03-16 14:00:00,218.11,14:00:00
2026-03-16 14:15:00,231.11,14:15:00
2026-03-16 14:30:00,244.28,14:30:00
2026-03-16 14:45:00,257.54,14:45:00
2026-03-16 15:00:00,275.57,15:00:00
2026-03-16 15:15:00,289.2,15:15:00
2026-03-16 15:30:00,303.56,15:30:00
2026-03-16 15:45:00,319.46,15:45:00
2026-03-16 16:00:00,334.56,16:00:00
2026-03-16 16:15:00,348.54,16:15:00
2026-03-16 16:30:00,365.26,16:30:00
2026-03-16 16:45:00,377.41,16:45:00
2026-03-16 17:00:00,383.34,17:00:00
2026-03-16 17:15:00,385.41,17:15:00
2026-03-16 17:30:00,386.81,17:30:00
2026-03-16 17:45:00,390.99,17:45:00
2026-03-16 18:00:00,389.84,18:00:00
2026-03-16 18:15:00,391.76,18:15:00
2026-03-16 18:30:00,392.99,18:30:00
2026-03-16 18:45:00,394.05,18:45:00
2026-03-16 19:00:00,398.65,19:00:00
2026-03-16 19:15:00,402.99,19:15:00
2026-03-16 19:30:00,406.11,19:30:00
2026-03-16 19:45:00,406.88,19:45:00
2026-03-16 20:00:00,403.72,20:00:00
2026-03-16 20:15:00,404.05,20:15:00
2026-03-16 20:30:00,406.66,20:30:00
2026-03-16 20:45:00,408.29,20:45:00
2026-03-16 21:00:00,406.9,21:00:00
2026-03-16 21:15:00,404.93,21:15:00
2026-03-16 21:30:00,405.39,21:30:00
2026-03-16 21:45:00,409.06,21:45:00
2026-03-16 22:00:00,413.67,22:00:00
2026-03-16 22:15:00,414.42,22:15:00
2026-03-16 22:30:00,416.15,22:30:00
2026-03-16 22:45:00,413.37,22:45:00
2026-03-16 23:00:00,410.26,23:00:00
2026-03-16 23:15:00,410.47,23:15:00
2026-03-16 23:30:00,407.99,23:30:00
2026-03-16 23:45:00,406.46,23:45:00
2026-03-17 00:00:00,412.67,00:00:00
2026-03-17 00:15:00,410.38,00:15:00
2026-03-17 00:30:00,414.35,00:30:00
2026-03-17 00:45:00,413.63,00:45:00
2026-03-17 01:00:00,418.67,01:00:00
2026-03-17 01:15:00,417.25,01:15:00
2026-03-17 01:30:00,417.77,01:30:00
2026-03-17 01:45:00,420.18,01:45:00
2026-03-17 02:00:00,420.1,02:00:00
2026-03-17 02:15:00,422.77,02:15:00
2026-03-17 02:30:00,425.97,02:30:00
2026-03-17 02:45:00,426.74,02:45:00
2026-03-17 03:00:00,424.98,03:00:00
2026-03-17 03:15:00,426.85,03:15:00
2026-03-17 03:30:00,430.34,03:30:00
2026-03-17 03:45:00,431.47,03:45:00
2026-03-17 04:00:00,432.69,04:00:00
2026-03-17 04:15:00,431.24,04:15:00
2026-03-17 04:30:00,431.16,04:30:00
2026-03-17 04:45:00,430.6,04:45:00
2026-03-17 05:00:00,431.66,05:00:00
2026-03-17 05:15:00,432.71,05:15:00
2026-03-17 05:30:00,428.96,05:30:00
2026-03-17 05:45:00,426.43,05:45:00
2026-03-17 06:00:00,421.16,06:00:00
2026-03-17 06:15:00,414.49,06:15:00
2026-03-17 06:30:00,410.05,06:30:00
2026-03-17 06:45:00,401.79,06:45:00
2026-03-17 07:00:00,392.87,07:00:00
2026-03-17 07:15:00,382.58,07:15:00
2026-03-17 07:30:00,370.82,07:30:00
2026-03-17 07:45:00,362.04,07:45:00
2026-03-17 08:00:00,351.78,08:00:00
2026-03-17 08:15:00,342.67,08:15:00
2026-03-17 08:30:00,335.68,08:30:00
2026-03-17 08:45:00,326.43,08:45:00
2026-03-17 09:00:00,315.76,09:00:00
2026-03-17 09:15:00,310.06,09:15:00
2026-03-17 09:30:00,303.4,09:30:00
2026-03-17 09:45:00,295.96,09:45:00
2026-03-17 10:00:00,291.19,10:00:00
2026-03-17 10:15:00,285.85,10:15:00
2026-03-17 10:30:00,283.39,10:30:00
2026-03-17 10:45:00,282.86,10:45:00
2026-03-17 11:00:00,280.27,11:00:00
2026-03-17 11:15:00,276.83,11:15:00
2026-03-17 11:30:00,276.26,11:30:00
2026-03-17 11:45:00,274.55,11:45:00
2026-03-17 12:00:00,276.76,12:00:00
2026-03-17 12:15:00,279.24,12:15:00
2026-03-17 12:30:00,283.89,12:30:00
2026-03-17 12:45:00,288.08,12:45:00
2026-03-17 13:00:00,292.51,13:00:00
2026-03-17 13:15:00,296.07,13:15:00
2026-03-17 13:30:00,304.05,13:30:00
2026-03-17 13:45:00,313.37,13:45:00
2026-03-17 14:00:00,321.92,14:00:00
2026-03-17 14:15:00,328.66,14:15:00
2026-03-17 14:30:00,338.4,14:30:00
2026-03-17 14:45:00,351.35,14:45:00
2026-03-17 15:00:00,367.91,15:00:00
2026-03-17 15:15:00,378.74,15:15:00
2026-03-17 15:30:00,390.43,15:30:00
2026-03-17 15:45:00,403.33,15:45:00
2026-03-17 16:00:00,416.71,16:00:00
2026-03-17 16:15:00,422.04,16:15:00
2026-03-17 16:30:00,428.7,16:30:00
2026-03-17 16:45:00,432.2,16:45:00
2026-03-17 17:00:00,432.32,17:00:00
2026-03-17 17:15:00,429.64,17:15:00
2026-03-17 17:30:00,425.08,17:30:00
2026-03-17 17:45:00,419.12,17:45:00
2026-03-17 18:00:00,409.21,18:00:00
2026-03-17 18:15:00,402.11,18:15:00
2026-03-17 18:30:00,397.72,18:30:00
2026-03-17 18:45:00,395.86,18:45:00
2026-03-17 19:00:00,389.25,19:00:00
2026-03-17 19:15:00,383.54,19:15:00
2026-03-17 19:30:00,378.42,19:30:00
2026-03-17 19:45:00,373.05,19:45:00
2026-03-17 20:00:00,368.45,20:00:00
2026-03-17 20:15:00,364.51,20:15:00
2026-03-17 20:30:00,362.3,20:30:00
2026-03-17 20:45:00,359.68,20:45:00
2026-03-17 21:00:00,357.08,21:00:00
2026-03-17 21:15:00,356.08,21:15:00
2026-03-17 21:30:00,356.46,21:30:00
2026-03-17 21:45:00,354.84,21:45:00
2026-03-17 22:00:00,349.73,22:00:00
2026-03-17 22:15:00,348.54,22:15:00
2026-03-17 22:30:00,345.63,22:30:00
2026-03-17 22:45:00,342.62,22:45:00
2026-03-17 23:00:00,341.07,23:00:00
2026-03-17 23:15:00,337.8,23:15:00
2026-03-17 23:30:00,336.6,23:30:00
2026-03-17 23:45:00,333.23,23:45:00
2026-03-18 00:00:00,333.07,00:00:00
2026-03-18 00:15:00,331.01,00:15:00
2026-03-18 00:30:00,329.45,00:30:00
2026-03-18 00:45:00,327.51,00:45:00
2026-03-18 01:00:00,326.32,01:00:00
2026-03-18 01:15:00,324.57,01:15:00
2026-03-18 01:30:00,324.34,01:30:00
2026-03-18 01:45:00,324.85,01:45:00
2026-03-18 02:00:00,324.57,02:00:00
2026-03-18 02:15:00,322.9,02:15:00
2026-03-18 02:30:00,324.66,02:30:00
2026-03-18 02:45:00,326.26,02:45:00
2026-03-18 03:00:00,328.54,03:00:00
2026-03-18 03:15:00,332.0,03:15:00
2026-03-18 03:30:00,333.67,03:30:00
2026-03-18 03:45:00,337.37,03:45:00
2026-03-18 04:00:00,339.29,04:00:00
2026-03-18 04:15:00,342.72,04:15:00
2026-03-18 04:30:00,344.45,04:30:00
2026-03-18 04:45:00,342.87,04:45:00
2026-03-18 05:00:00,339.13,05:00:00
2026-03-18 05:15:00,336.15,05:15:00
2026-03-18 05:30:00,333.45,05:30:00
2026-03-18 05:45:00,328.74,05:45:00
2026-03-18 06:00:00,325.24,06:00:00
2026-03-18 06:15:00,317.86,06:15:00
2026-03-18 06:30:00,307.43,06:30:00
2026-03-18 06:45:00,292.2,06:45:00
2026-03-18 07:00:00,278.77,07:00:00
2026-03-18 07:15:00,266.56,07:15:00
2026-03-18 07:30:00,250.49,07:30:00
2026-03-18 07:45:00,230.06,07:45:00
2026-03-18 08:00:00,208.65,08:00:00
2026-03-18 08:15:00,191.73,08:15:00
2026-03-18 08:30:00,180.84,08:30:00
2026-03-18 08:45:00,173.49,08:45:00
2026-03-18 09:00:00,163.3,09:00:00
2026-03-18 09:15:00,162.1,09:15:00
2026-03-18 09:30:00,164.55,09:30:00
2026-03-18 09:45:00,163.2,09:45:00
2026-03-18 10:00:00,160.84,10:00:00
2026-03-18 10:15:00,160.76,10:15:00
2026-03-18 10:30:00,159.81,10:30:00
2026-03-18 10:45:00,159.17,10:45:00
2026-03-18 11:00:00,159.72,11:00:00
2026-03-18 11:15:00,161.72,11:15:00
2026-03-18 11:30:00,161.88,11:30:00
2026-03-18 11:45:00,162.4,11:45:00
2026-03-18 12:00:00,164.48,12:00:00
2026-03-18 12:15:00,165.16,12:15:00
2026-03-18 12:30:00,166.1,12:30:00
2026-03-18 12:45:00,167.4,12:45:00
2026-03-18 13:00:00,168.55,13:00:00
2026-03-18 13:15:00,169.86,13:15:00
2026-03-18 13:30:00,173.61,13:30:00
2026-03-18 13:45:00,174.75,13:45:00
2026-03-18 14:00:00,179.1,14:00:00
2026-03-18 14:15:00,185.28,14:15:00
2026-03-18 14:30:00,201.82,14:30:00
2026-03-18 14:45:00,222.75,14:45:00
2026-03-18 15:00:00,252.2,15:00:00
2026-03-18 15:15:00,282.41,15:15:00
2026-03-18 15:30:00,308.04,15:30:00
2026-03-18 15:45:00,329.98,15:45:00
2026-03-18 16:00:00,350.89,16:00:00
2026-03-18 16:15:00,368.68,16:15:00
2026-03-18 16:30:00,390.08,16:30:00
2026-03-18 16:45:00,403.58,16:45:00
2026-03-18 17:00:00,410.7,17:00:00
2026-03-18 17:15:00,411.11,17:15:00
2026-03-18 17:30:00,406.49,17:30:00
2026-03-18 17:45:00,402.62,17:45:00
2026-03-18 18:00:00,397.91,18:00:00
2026-03-18 18:15:00,394.6,18:15:00
2026-03-18 18:30:00,387.27,18:30:00
2026-03-18 18:45:00,382.31,18:45:00
2026-03-18 19:00:00,381.68,19:00:00
2026-03-18 19:15:00,378.04,19:15:00
2026-03-18 19:30:00,376.71,19:30:00
2026-03-18 19:45:00,374.46,19:45:00
2026-03-18 20:00:00,371.37,20:00:00
2026-03-18 20:15:00,370.99,20:15:00
2026-03-18 20:30:00,369.43,20:30:00
2026-03-18 20:45:00,370.16,20:45:00
2026-03-18 21:00:00,371.57,21:00:00
2026-03-18 21:15:00,373.63,21:15:00
2026-03-18 21:30:00,378.12,21:30:00
2026-03-18 21:45:00,382.04,21:45:00
2026-03-18 22:00:00,381.51,22:00:00
2026-03-18 22:15:00,385.53,22:15:00
2026-03-18 22:30:00,391.76,22:30:00
2026-03-18 22:45:00,394.93,22:45:00
2026-03-18 23:00:00,396.03,23:00:00
2026-03-18 23:15:00,402.18,23:15:00
2026-03-18 23:30:00,405.28,23:30:00
2026-03-18 23:45:00,407.92,23:45:00
2026-03-19 00:00:00,408.67,00:00:00
2026-03-19 00:15:00,409.35,00:15:00
2026-03-19 00:30:00,413.53,00:30:00
2026-03-19 00:45:00,416.87,00:45:00
2026-03-19 01:00:00,419.2,01:00:00
2026-03-19 01:15:00,424.65,01:15:00
2026-03-19 01:30:00,427.38,01:30:00
2026-03-19 01:45:00,430.4,01:45:00
2026-03-19 02:00:00,436.09,02:00:00
2026-03-19 02:15:00,438.33,02:15:00
2026-03-19 02:30:00,440.43,02:30:00
2026-03-19 02:45:00,443.74,02:45:00
2026-03-19 03:00:00,444.26,03:00:00
2026-03-19 03:15:00,445.96,03:15:00
2026-03-19 03:30:00,447.54,03:30:00
2026-03-19 03:45:00,450.46,03:45:00
2026-03-19 04:00:00,455.32,04:00:00
2026-03-19 04:15:00,457.2,04:15:00
2026-03-19 04:30:00,458.04,04:30:00
2026-03-19 04:45:00,457.71,04:45:00
2026-03-19 05:00:00,454.8,05:00:00
2026-03-19 05:15:00,452.75,05:15:00
2026-03-19 05:30:00,451.01,05:30:00
2026-03-19 05:45:00,442.91,05:45:00
2026-03-19 06:00:00,430.22,06:00:00
2026-03-19 06:15:00,417.76,06:15:00
2026-03-19 06:30:00,405.51,06:30:00
2026-03-19 06:45:00,389.14,06:45:00
2026-03-19 07:00:00,368.89,07:00:00
2026-03-19 07:15:00,351.03,07:15:00
2026-03-19 07:30:00,334.29,07:30:00
2026-03-19 07:45:00,317.14,07:45:00
2026-03-19 08:00:00,298.26,08:00:00
2026-03-19 08:15:00,282.86,08:15:00
2026-03-19 08:30:00,269.7,08:30:00
2026-03-19 08:45:00,257.02,08:45:00
2026-03-19 09:00:00,239.82,09:00:00
2026-03-19 09:15:00,226.33,09:15:00
2026-03-19 09:30:00,210.11,09:30:00
2026-03-19 09:45:00,199.76,09:45:00
2026-03-19 10:00:00,187.1,10:00:00
2026-03-19 10:15:00,179.52,10:15:00
2026-03-19 10:30:00,174.6,10:30:00
2026-03-19 10:45:00,175.92,10:45:00
2026-03-19 11:00:00,173.52,11:00:00
2026-03-19 11:15:00,173.08,11:15:00
2026-03-19 11:30:00,174.45,11:30:00
2026-03-19 11:45:00,174.42,11:45:00
2026-03-19 12:00:00,174.96,12:00:00
2026-03-19 12:15:00,174.84,12:15:00
2026-03-19 12:30:00,176.07,12:30:00
2026-03-19 12:45:00,177.87,12:45:00
2026-03-19 13:00:00,185.73,13:00:00
2026-03-19 13:15:00,198.03,13:15:00
2026-03-19 13:30:00,208.07,13:30:00
2026-03-19 13:45:00,224.33,13:45:00
2026-03-19 14:00:00,241.93,14:00:00
2026-03-19 14:15:00,258.42,14:15:00
2026-03-19 14:30:00,275.64,14:30:00
2026-03-19 14:45:00,293.35,14:45:00
2026-03-19 15:00:00,314.09,15:00:00
2026-03-19 15:15:00,332.55,15:15:00
2026-03-19 15:30:00,351.3,15:30:00
2026-03-19 15:45:00,374.1,15:45:00
2026-03-19 16:00:00,395.69,16:00:00
2026-03-19 16:15:00,414.01,16:15:00
2026-03-19 16:30:00,428.39,16:30:00
2026-03-19 16:45:00,437.69,16:45:00
2026-03-19 17:00:00,447.19,17:00:00
2026-03-19 17:15:00,450.8,17:15:00
2026-03-19 17:30:00,448.0,17:30:00
2026-03-19 17:45:00,445.55,17:45:00
2026-03-19 18:00:00,443.03,18:00:00
2026-03-19 18:15:00,438.7,18:15:00
2026-03-19 18:30:00,435.59,18:30:00
2026-03-19 18:45:00,432.48,18:45:00
2026-03-19 19:00:00,431.77,19:00:00
2026-03-19 19:15:00,430.09,19:15:00
2026-03-19 19:30:00,428.44,19:30:00
2026-03-19 19:45:00,428.99,19:45:00
2026-03-19 20:00:00,431.93,20:00:00
2026-03-19 20:15:00,433.73,20:15:00
2026-03-19 20:30:00,432.87,20:30:00
2026-03-19 20:45:00,434.66,20:45:00
2026-03-19 21:00:00,435.27,21:00:00
2026-03-19 21:15:00,435.86,21:15:00
2026-03-19 21:30:00,439.79,21:30:00
2026-03-19 21:45:00,442.86,21:45:00
2026-03-19 22:00:00,444.96,22:00:00
2026-03-19 22:15:00,445.54,22:15:00
2026-03-19 22:30:00,451.38,22:30:00
2026-03-19 22:45:00,455.53,22:45:00
2026-03-19 23:00:00,459.94,23:00:00
2026-03-19 23:15:00,464.37,23:15:00
2026-03-19 23:30:00,468.5,23:30:00
2026-03-19 23:45:00,471.15,23:45:00
2026-03-20 00:00:00,479.52,00:00:00
2026-03-20 00:15:00,481.84,00:15:00
2026-03-20 00:30:00,484.21,00:30:00
2026-03-20 00:45:00,486.93,00:45:00
2026-03-20 01:00:00,490.71,01:00:00
2026-03-20 01:15:00,493.29,01:15:00
2026-03-20 01:30:00,494.4,01:30:00
2026-03-20 01:45:00,495.21,01:45:00
2026-03-20 02:00:00,495.03,02:00:00
2026-03-20 02:15:00,494.45,02:15:00
2026-03-20 02:30:00,494.24,02:30:00
2026-03-20 02:45:00,493.94,02:45:00
2026-03-20 03:00:00,488.4,03:00:00
2026-03-20 03:15:00,483.52,03:15:00
2026-03-20 03:30:00,481.53,03:30:00
2026-03-20 03:45:00,482.71,03:45:00
2026-03-20 04:00:00,482.13,04:00:00
2026-03-20 04:15:00,480.6,04:15:00
2026-03-20 04:30:00,479.82,04:30:00
2026-03-20 04:45:00,478.74,04:45:00
2026-03-20 05:00:00,478.59,05:00:00
2026-03-20 05:15:00,475.74,05:15:00
2026-03-20 05:30:00,474.76,05:30:00
2026-03-20 05:45:00,464.22,05:45:00
2026-03-20 06:00:00,453.46,06:00:00
2026-03-20 06:15:00,439.25,06:15:00
2026-03-20 06:30:00,426.41,06:30:00
2026-03-20 06:45:00,413.78,06:45:00
2026-03-20 07:00:00,401.8,07:00:00
2026-03-20 07:15:00,386.76,07:15:00
2026-03-20 07:30:00,373.01,07:30:00
2026-03-20 07:45:00,358.29,07:45:00
2026-03-20 08:00:00,340.59,08:00:00
2026-03-20 08:15:00,326.6,08:15:00
2026-03-20 08:30:00,315.14,08:30:00
2026-03-20 08:45:00,304.45,08:45:00
2026-03-20 09:00:00,292.24,09:00:00
2026-03-20 09:15:00,281.53,09:15:00
2026-03-20 09:30:00,270.79,09:30:00
2026-03-20 09:45:00,261.31,09:45:00
2026-03-20 10:00:00,249.92,10:00:00
2026-03-20 10:15:00,241.25,10:15:00
2026-03-20 10:30:00,234.1,10:30:00
2026-03-20 10:45:00,228.28,10:45:00
2026-03-20 11:00:00,221.63,11:00:00
2026-03-20 11:15:00,218.4,11:15:00
2026-03-20 11:30:00,217.26,11:30:00
2026-03-20 11:45:00,218.25,11:45:00
2026-03-20 12:00:00,219.44,12:00:00
2026-03-20 12:15:00,223.07,12:15:00
2026-03-20 12:30:00,227.1,12:30:00
2026-03-20 12:45:00,232.23,12:45:00
2026-03-20 13:00:00,244.54,13:00:00
2026-03-20 13:15:00,259.4,13:15:00
2026-03-20 13:30:00,275.12,13:30:00
2026-03-20 13:45:00,290.38,13:45:00
2026-03-20 14:00:00,306.08,14:00:00
2026-03-20 14:15:00,320.73,14:15:00
2026-03-20 14:30:00,334.28,14:30:00
2026-03-20 14:45:00,344.35,14:45:00
2026-03-20 15:00:00,359.64,15:00:00
2026-03-20 15:15:00,376.31,15:15:00
2026-03-20 15:30:00,392.49,15:30:00
2026-03-20 15:45:00,412.93,15:45:00
2026-03-20 16:00:00,431.92,16:00:00
2026-03-20 16:15:00,448.11,16:15:00
2026-03-20 16:30:00,462.83,16:30:00
2026-03-20 16:45:00,472.0,16:45:00
2026-03-20 17:00:00,473.09,17:00:00
2026-03-20 17:15:00,471.95,17:15:00
2026-03-20 17:30:00,470.85,17:30:00
2026-03-20 17:45:00,468.66,17:45:00
2026-03-20 18:00:00,466.2,18:00:00
2026-03-20 18:15:00,466.79,18:15:00
2026-03-20 18:30:00,466.72,18:30:00
2026-03-20 18:45:00,463.51,18:45:00
2026-03-20 19:00:00,471.07,19:00:00
2026-03-20 19:15:00,472.01,19:15:00
2026-03-20 19:30:00,471.31,19:30:00
2026-03-20 19:45:00,471.18,19:45:00
2026-03-20 20:00:00,475.42,20:00:00
2026-03-20 20:15:00,475.75,20:15:00
2026-03-20 20:30:00,477.64,20:30:00
2026-03-20 20:45:00,478.14,20:45:00
2026-03-20 21:00:00,477.08,21:00:00
2026-03-20 21:15:00,476.11,21:15:00
2026-03-20 21:30:00,478.88,21:30:00
2026-03-20 21:45:00,482.86,21:45:00
2026-03-20 22:00:00,486.24,22:00:00
2026-03-20 22:15:00,488.89,22:15:00
2026-03-20 22:30:00,491.5,22:30:00
2026-03-20 22:45:00,493.16,22:45:00
2026-03-20 23:00:00,497.06,23:00:00
2026-03-20 23:15:00,500.82,23:15:00
2026-03-20 23:30:00,500.81,23:30:00
2026-03-20 23:45:00,501.17,23:45:00
2026-03-21 00:00:00,505.53,00:00:00
2026-03-21 00:15:00,505.24,00:15:00
2026-03-21 00:30:00,506.81,00:30:00
2026-03-21 00:45:00,507.95,00:45:00
2026-03-21 01:00:00,510.35,01:00:00
2026-03-21 01:15:00,512.98,01:15:00
2026-03-21 01:30:00,515.29,01:30:00
2026-03-21 01:45:00,517.58,01:45:00
2026-03-21 02:00:00,517.3,02:00:00
2026-03-21 02:15:00,519.03,02:15:00
2026-03-21 02:30:00,521.04,02:30:00
2026-03-21 02:45:00,521.26,02:45:00
2026-03-21 03:00:00,521.04,03:00:00
2026-03-21 03:15:00,519.34,03:15:00
2026-03-21 03:30:00,518.77,03:30:00
2026-03-21 03:45:00,518.8,03:45:00
2026-03-21 04:00:00,517.89,04:00:00
2026-03-21 04:15:00,518.88,04:15:00
2026-03-21 04:30:00,520.98,04:30:00
2026-03-21 04:45:00,522.19,04:45:00
2026-03-21 05:00:00,521.89,05:00:00
2026-03-21 05:15:00,522.07,05:15:00
2026-03-21 05:30:00,518.52,05:30:00
2026-03-21 05:45:00,508.44,05:45:00
2026-03-21 06:00:00,505.08,06:00:00
2026-03-21 06:15:00,492.7,06:15:00
2026-03-21 06:30:00,476.19,06:30:00
2026-03-21 06:45:00,461.85,06:45:00
2026-03-21 07:00:00,444.95,07:00:00
2026-03-21 07:15:00,428.01,07:15:00
2026-03-21 07:30:00,415.48,07:30:00
2026-03-21 07:45:00,406.17,07:45:00
2026-03-21 08:00:00,392.1,08:00:00
2026-03-21 08:15:00,377.82,08:15:00
2026-03-21 08:30:00,364.06,08:30:00
2026-03-21 08:45:00,350.43,08:45:00
2026-03-21 09:00:00,333.12,09:00:00
2026-03-21 09:15:00,318.57,09:15:00
2026-03-21 09:30:00,307.12,09:30:00
2026-03-21 09:45:00,295.23,09:45:00
2026-03-21 10:00:00,275.59,10:00:00
2026-03-21 10:15:00,260.94,10:15:00
2026-03-21 10:30:00,250.22,10:30:00
2026-03-21 10:45:00,241.41,10:45:00
2026-03-21 11:00:00,232.98,11:00:00
2026-03-21 11:15:00,231.08,11:15:00
2026-03-21 11:30:00,233.05,11:30:00
2026-03-21 11:45:00,238.5,11:45:00
2026-03-21 12:00:00,249.23,12:00:00
2026-03-21 12:15:00,256.82,12:15:00
2026-03-21 12:30:00,263.94,12:30:00
2026-03-21 12:45:00,275.18,12:45:00
2026-03-21 13:00:00,292.02,13:00:00
2026-03-21 13:15:00,302.52,13:15:00
2026-03-21 13:30:00,308.74,13:30:00
2026-03-21 13:45:00,316.82,13:45:00
2026-03-21 14:00:00,330.57,14:00:00
2026-03-21 14:15:00,344.49,14:15:00
2026-03-21 14:30:00,353.47,14:30:00
2026-03-21 14:45:00,365.6,14:45:00
2026-03-21 15:00:00,379.53,15:00:00
2026-03-21 15:15:00,388.61,15:15:00
2026-03-21 15:30:00,398.14,15:30:00
2026-03-21 15:45:00,410.13,15:45:00
2026-03-21 16:00:00,421.26,16:00:00
2026-03-21 16:15:00,428.19,16:15:00
2026-03-21 16:30:00,436.99,16:30:00
2026-03-21 16:45:00,445.41,16:45:00
2026-03-21 17:00:00,447.99,17:00:00
2026-03-21 17:15:00,446.73,17:15:00
2026-03-21 17:30:00,443.7,17:30:00
2026-03-21 17:45:00,440.21,17:45:00
2026-03-21 18:00:00,435.52,18:00:00
2026-03-21 18:15:00,433.25,18:15:00
2026-03-21 18:30:00,427.48,18:30:00
2026-03-21 18:45:00,421.49,18:45:00
2026-03-21 19:00:00,414.24,19:00:00
2026-03-21 19:15:00,409.8,19:15:00
2026-03-21 19:30:00,410.25,19:30:00
2026-03-21 19:45:00,408.55,19:45:00
2026-03-21 20:00:00,405.79,20:00:00
2026-03-21 20:15:00,403.65,20:15:00
2026-03-21 20:30:00,404.18,20:30:00
2026-03-21 20:45:00,405.41,20:45:00
2026-03-21 21:00:00,402.68,21:00:00
2026-03-21 21:15:00,404.08,21:15:00
2026-03-21 21:30:00,407.02,21:30:00
2026-03-21 21:45:00,407.64,21:45:00
2026-03-21 22:00:00,405.96,22:00:00
2026-03-21 22:15:00,402.24,22:15:00
2026-03-21 22:30:00,399.4,22:30:00
2026-03-21 22:45:00,395.37,22:45:00
2026-03-21 23:00:00,389.18,23:00:00
2026-03-21 23:15:00,385.41,23:15:00
2026-03-21 23:30:00,383.59,23:30:00
2026-03-21 23:45:00,384.22,23:45:00
2026-03-22 00:00:00,387.74,00:00:00
2026-03-22 00:15:00,390.49,00:15:00
2026-03-22 00:30:00,392.22,00:30:00
2026-03-22 00:45:00,390.59,00:45:00
2026-03-22 01:00:00,391.79,01:00:00
2026-03-22 01:15:00,392.2,01:15:00
2026-03-22 01:30:00,393.11,01:30:00
2026-03-22 01:45:00,393.19,01:45:00
2026-03-22 02:00:00,395.83,02:00:00
2026-03-22 02:15:00,396.9,02:15:00
2026-03-22 02:30:00,397.38,02:30:00
2026-03-22 02:45:00,397.56,02:45:00
2026-03-22 03:00:00,395.56,03:00:00
2026-03-22 03:15:00,395.62,03:15:00
2026-03-22 03:30:00,397.25,03:30:00
2026-03-22 03:45:00,397.43,03:45:00
2026-03-22 04:00:00,397.36,04:00:00
2026-03-22 04:15:00,398.4,04:15:00
2026-03-22 04:30:00,397.79,04:30:00
2026-03-22 04:45:00,395.58,04:45:00
2026-03-22 05:00:00,392.58,05:00:00
2026-03-22 05:15:00,393.23,05:15:00
2026-03-22 05:30:00,386.15,05:30:00
2026-03-22 05:45:00,369.84,05:45:00
2026-03-22 06:00:00,356.79,06:00:00
2026-03-22 06:15:00,339.35,06:15:00
2026-03-22 06:30:00,316.43,06:30:00
2026-03-22 06:45:00,293.95,06:45:00
2026-03-22 07:00:00,276.85,07:00:00
2026-03-22 07:15:00,256.94,07:15:00
2026-03-22 07:30:00,239.35,07:30:00
2026-03-22 07:45:00,223.36,07:45:00
2026-03-22 08:00:00,207.94,08:00:00
2026-03-22 08:15:00,197.97,08:15:00
2026-03-22 08:30:00,191.06,08:30:00
2026-03-22 08:45:00,186.89,08:45:00
2026-03-22 09:00:00,176.53,09:00:00
2026-03-22 09:15:00,169.03,09:15:00
2026-03-22 09:30:00,163.32,09:30:00
2026-03-22 09:45:00,159.27,09:45:00
2026-03-22 10:00:00,158.36,10:00:00
2026-03-22 10:15:00,159.35,10:15:00
2026-03-22 10:30:00,157.49,10:30:00
2026-03-22 10:45:00,155.97,10:45:00
2026-03-22 11:00:00,159.92,11:00:00
2026-03-22 11:15:00,161.18,11:15:00
2026-03-22 11:30:00,161.53,11:30:00
2026-03-22 11:45:00,162.91,11:45:00
2026-03-22 12:00:00,164.64,12:00:00
2026-03-22 12:15:00,168.49,12:15:00
2026-03-22 12:30:00,171.92,12:30:00
2026-03-22 12:45:00,172.66,12:45:00
2026-03-22 13:00:00,170.8,13:00:00
2026-03-22 13:15:00,176.32,13:15:00
2026-03-22 13:30:00,181.74,13:30:00
2026-03-22 13:45:00,188.68,13:45:00
2026-03-22 14:00:00,194.99,14:00:00
2026-03-22 14:15:00,202.13,14:15:00
2026-03-22 14:30:00,207.86,14:30:00
2026-03-22 14:45:00,220.48,14:45:00
2026-03-22 15:00:00,250.55,15:00:00
2026-03-22 15:15:00,280.78,15:15:00
2026-03-22 15:30:00,312.96,15:30:00
2026-03-22 15:45:00,344.92,15:45:00
2026-03-22 16:00:00,374.96,16:00:00
2026-03-22 16:15:00,402.44,16:15:00
2026-03-22 16:30:00,428.62,16:30:00
2026-03-22 16:45:00,450.43,16:45:00
2026-03-22 17:00:00,463.93,17:00:00
2026-03-22 17:15:00,471.45,17:15:00
2026-03-22 17:30:00,471.03,17:30:00
2026-03-22 17:45:00,468.16,17:45:00
2026-03-22 18:00:00,465.85,18:00:00
2026-03-22 18:15:00,465.6,18:15:00
2026-03-22 18:30:00,461.9,18:30:00
2026-03-22 18:45:00,458.91,18:45:00
2026-03-22 19:00:00,457.75,19:00:00
2026-03-22 19:15:00,455.69,19:15:00
2026-03-22 19:30:00,453.1,19:30:00
2026-03-22 19:45:00,450.41,19:45:00
2026-03-22 20:00:00,451.92,20:00:00
2026-03-22 20:15:00,451.63,20:15:00
2026-03-22 20:30:00,453.39,20:30:00
2026-03-22 20:45:00,453.44,20:45:00
2026-03-22 21:00:00,457.23,21:00:00
2026-03-22 21:15:00,459.57,21:15:00
2026-03-22 21:30:00,464.27,21:30:00
2026-03-22 21:45:00,469.03,21:45:00
2026-03-22 22:00:00,475.15,22:00:00
2026-03-22 22:15:00,479.51,22:15:00
2026-03-22 22:30:00,486.36,22:30:00
2026-03-22 22:45:00,492.0,22:45:00
2026-03-22 23:00:00,494.9,23:00:00
2026-03-22 23:15:00,500.57,23:15:00
2026-03-22 23:30:00,505.64,23:30:00
2026-03-22 23:45:00,509.77,23:45:00
2026-03-23 00:00:00,517.08,00:00:00
2026-03-23 00:15:00,521.69,00:15:00
2026-03-23 00:30:00,531.24,00:30:00
2026-03-23 00:45:00,530.83,00:45:00
2026-03-23 01:00:00,535.03,01:00:00
2026-03-23 01:15:00,536.17,01:15:00
2026-03-23 01:30:00,537.02,01:30:00
2026-03-23 01:45:00,537.88,01:45:00
2026-03-23 02:00:00,538.36,02:00:00
2026-03-23 02:15:00,538.36,02:15:00
2026-03-23 02:30:00,538.14,02:30:00
2026-03-23 02:45:00,537.46,02:45:00
2026-03-23 03:00:00,531.57,03:00:00
2026-03-23 03:15:00,529.77,03:15:00
2026-03-23 03:30:00,530.71,03:30:00
2026-03-23 03:45:00,530.81,03:45:00
2026-03-23 04:00:00,529.65,04:00:00
2026-03-23 04:15:00,527.16,04:15:00
2026-03-23 04:30:00,522.47,04:30:00
2026-03-23 04:45:00,522.39,04:45:00
2026-03-23 05:00:00,509.09,05:00:00
2026-03-23 05:15:00,504.76,05:15:00
2026-03-23 05:30:00,496.07,05:30:00
2026-03-23 05:45:00,484.82,05:45:00
2026-03-23 06:00:00,472.61,06:00:00
2026-03-23 06:15:00,459.35,06:15:00
2026-03-23 06:30:00,439.62,06:30:00
2026-03-23 06:45:00,418.48,06:45:00
2026-03-23 07:00:00,401.67,07:00:00
2026-03-23 07:15:00,379.65,07:15:00
2026-03-23 07:30:00,361.12,07:30:00
2026-03-23 07:45:00,341.93,07:45:00
2026-03-23 08:00:00,319.55,08:00:00
2026-03-23 08:15:00,302.12,08:15:00
2026-03-23 08:30:00,292.06,08:30:00
2026-03-23 08:45:00,277.77,08:45:00
2026-03-23 09:00:00,260.01,09:00:00
2026-03-23 09:15:00,247.01,09:15:00
2026-03-23 09:30:00,240.19,09:30:00
2026-03-23 09:45:00,232.84,09:45:00
2026-03-23 10:00:00,220.72,10:00:00
2026-03-23 10:15:00,213.42,10:15:00
2026-03-23 10:30:00,208.26,10:30:00
2026-03-23 10:45:00,206.46,10:45:00
2026-03-23 11:00:00,209.0,11:00:00
2026-03-23 11:15:00,212.02,11:15:00
2026-03-23 11:30:00,215.58,11:30:00
2026-03-23 11:45:00,219.66,11:45:00
2026-03-23 12:00:00,225.96,12:00:00
2026-03-23 12:15:00,235.36,12:15:00
2026-03-23 12:30:00,243.65,12:30:00
2026-03-23 12:45:00,255.52,12:45:00
2026-03-23 13:00:00,266.16,13:00:00
2026-03-23 13:15:00,276.51,13:15:00
2026-03-23 13:30:00,290.38,13:30:00
2026-03-23 13:45:00,304.77,13:45:00
2026-03-23 14:00:00,319.64,14:00:00
2026-03-23 14:15:00,332.13,14:15:00
2026-03-23 14:30:00,342.66,14:30:00
2026-03-23 14:45:00,357.48,14:45:00
2026-03-23 15:00:00,378.18,15:00:00
2026-03-23 15:15:00,393.68,15:15:00
2026-03-23 15:30:00,407.05,15:30:00
2026-03-23 15:45:00,424.2,15:45:00
2026-03-23 16:00:00,441.95,16:00:00
2026-03-23 16:15:00,460.67,16:15:00
2026-03-23 16:30:00,474.48,16:30:00
2026-03-23 16:45:00,488.12,16:45:00
2026-03-23 17:00:00,492.74,17:00:00
2026-03-23 17:15:00,499.72,17:15:00
2026-03-23 17:30:00,501.94,17:30:00
2026-03-23 17:45:00,502.29,17:45:00
2026-03-23 18:00:00,500.17,18:00:00
2026-03-23 18:15:00,501.13,18:15:00
2026-03-23 18:30:00,503.36,18:30:00
2026-03-23 18:45:00,502.57,18:45:00
2026-03-23 19:00:00,504.82,19:00:00
2026-03-23 19:15:00,503.66,19:15:00
2026-03-23 19:30:00,505.46,19:30:00
2026-03-23 19:45:00,505.05,19:45:00
2026-03-23 20:00:00,504.02,20:00:00
2026-03-23 20:15:00,501.63,20:15:00
2026-03-23 20:30:00,501.38,20:30:00
2026-03-23 20:45:00,503.08,20:45:00
2026-03-23 21:00:00,504.55,21:00:00
2026-03-23 21:15:00,500.79,21:15:00
2026-03-23 21:30:00,503.32,21:30:00
2026-03-23 21:45:00,500.95,21:45:00
2026-03-23 22:00:00,495.91,22:00:00
2026-03-23 22:15:00,494.33,22:15:00
2026-03-23 22:30:00,492.06,22:30:00
2026-03-23 22:45:00,487.87,22:45:00
2026-03-23 23:00:00,487.59,23:00:00
2026-03-23 23:15:00,483.71,23:15:00
2026-03-23 23:30:00,477.61,23:30:00
2026-03-23 23:45:00,470.68,23:45:00
2026-03-24 00:00:00,466.19,00:00:00
2026-03-24 00:15:00,459.12,00:15:00
2026-03-24 00:30:00,450.32,00:30:00
2026-03-24 00:45:00,440.17,00:45:00
2026-03-24 01:00:00,428.8,01:00:00
2026-03-24 01:15:00,422.13,01:15:00
2026-03-24 01:30:00,414.59,01:30:00
2026-03-24 01:45:00,404.75,01:45:00
2026-03-24 02:00:00,396.53,02:00:00
2026-03-24 02:15:00,390.26,02:15:00
2026-03-24 02:30:00,385.0,02:30:00
2026-03-24 02:45:00,377.78,02:45:00
2026-03-24 03:00:00,372.74,03:00:00
2026-03-24 03:15:00,366.97,03:15:00
2026-03-24 03:30:00,362.35,03:30:00
2026-03-24 03:45:00,361.28,03:45:00
2026-03-24 04:00:00,361.99,04:00:00
2026-03-24 04:15:00,357.03,04:15:00
2026-03-24 04:30:00,351.61,04:30:00
2026-03-24 04:45:00,347.94,04:45:00
2026-03-24 05:00:00,341.0,05:00:00
2026-03-24 05:15:00,335.48,05:15:00
2026-03-24 05:30:00,327.37,05:30:00
2026-03-24 05:45:00,320.73,05:45:00
2026-03-24 06:00:00,318.16,06:00:00
2026-03-24 06:15:00,310.07,06:15:00
2026-03-24 06:30:00,302.44,06:30:00
2026-03-24 06:45:00,292.01,06:45:00
2026-03-24 07:00:00,279.45,07:00:00
2026-03-24 07:15:00,263.52,07:15:00
2026-03-24 07:30:00,248.35,07:30:00
2026-03-24 07:45:00,229.66,07:45:00
2026-03-24 08:00:00,209.31,08:00:00
2026-03-24 08:15:00,196.49,08:15:00
2026-03-24 08:30:00,181.28,08:30:00
2026-03-24 08:45:00,166.38,08:45:00
2026-03-24 09:00:00,150.24,09:00:00
2026-03-24 09:15:00,139.97,09:15:00
2026-03-24 09:30:00,134.72,09:30:00
2026-03-24 09:45:00,132.51,09:45:00
2026-03-24 10:00:00,126.43,10:00:00
2026-03-24 10:15:00,123.89,10:15:00
2026-03-24 10:30:00,125.22,10:30:00
2026-03-24 10:45:00,122.96,10:45:00
2026-03-24 11:00:00,121.43,11:00:00
2026-03-24 11:15:00,121.85,11:15:00
2026-03-24 11:30:00,122.28,11:30:00
2026-03-24 11:45:00,123.68,11:45:00
2026-03-24 12:00:00,123.32,12:00:00
2026-03-24 12:15:00,122.33,12:15:00
2026-03-24 12:30:00,122.5,12:30:00
2026-03-24 12:45:00,123.0,12:45:00
2026-03-24 13:00:00,123.32,13:00:00
2026-03-24 13:15:00,122.47,13:15:00
2026-03-24 13:30:00,123.41,13:30:00
2026-03-24 13:45:00,125.01,13:45:00
2026-03-24 14:00:00,127.44,14:00:00
2026-03-24 14:15:00,128.23,14:15:00
2026-03-24 14:30:00,130.13,14:30:00
2026-03-24 14:45:00,134.31,14:45:00
2026-03-24 15:00:00,142.91,15:00:00
2026-03-24 15:15:00,155.9,15:15:00
2026-03-24 15:30:00,169.5,15:30:00
2026-03-24 15:45:00,182.95,15:45:00
2026-03-24 16:00:00,196.76,16:00:00
2026-03-24 16:15:00,205.37,16:15:00
2026-03-24 16:30:00,211.57,16:30:00
2026-03-24 16:45:00,218.15,16:45:00
2026-03-24 17:00:00,223.97,17:00:00
2026-03-24 17:15:00,224.65,17:15:00
2026-03-24 17:30:00,223.74,17:30:00
2026-03-24 17:45:00,219.97,17:45:00
2026-03-24 18:00:00,214.1,18:00:00
2026-03-24 18:15:00,214.81,18:15:00
2026-03-24 18:30:00,212.71,18:30:00
2026-03-24 18:45:00,206.4,18:45:00
2026-03-24 19:00:00,196.13,19:00:00
2026-03-24 19:15:00,186.24,19:15:00
2026-03-24 19:30:00,180.3,19:30:00
2026-03-24 19:45:00,178.63,19:45:00
2026-03-24 20:00:00,174.75,20:00:00
2026-03-24 20:15:00,172.46,20:15:00
2026-03-24 20:30:00,169.17,20:30:00
2026-03-24 20:45:00,168.02,20:45:00
2026-03-24 21:00:00,170.83,21:00:00
2026-03-24 21:15:00,169.95,21:15:00
2026-03-24 21:30:00,170.1,21:30:00
2026-03-24 21:45:00,169.51,21:45:00
2026-03-24 22:00:00,169.43,22:00:00
2026-03-24 22:15:00,168.97,22:15:00
2026-03-24 22:30:00,169.18,22:30:00
2026-03-24 22:45:00,170.3,22:45:00
2026-03-24 23:00:00,165.86,23:00:00
2026-03-24 23:15:00,161.9,23:15:00
2026-03-24 23:30:00,160.8,23:30:00
2026-03-24 23:45:00,159.99,23:45:00
2026-03-25 00:00:00,161.05,00:00:00
2026-03-25 00:15:00,160.77,00:15:00
2026-03-25 00:30:00,161.99,00:30:00
2026-03-25 00:45:00,161.83,00:45:00
2026-03-25 01:00:00,161.3,01:00:00
2026-03-25 01:15:00,161.44,01:15:00
2026-03-25 01:30:00,160.49,01:30:00
2026-03-25 01:45:00,160.8,01:45:00
2026-03-25 02:00:00,160.58,02:00:00
2026-03-25 02:15:00,161.59,02:15:00
2026-03-25 02:30:00,160.61,02:30:00
2026-03-25 02:45:00,158.36,02:45:00
2026-03-25 03:00:00,157.23,03:00:00
2026-03-25 03:15:00,155.99,03:15:00
2026-03-25 03:30:00,155.81,03:30:00
2026-03-25 03:45:00,154.54,03:45:00
2026-03-25 04:00:00,152.31,04:00:00
2026-03-25 04:15:00,150.8,04:15:00
2026-03-25 04:30:00,148.65,04:30:00
2026-03-25 04:45:00,148.06,04:45:00
2026-03-25 05:00:00,143.62,05:00:00
2026-03-25 05:15:00,143.33,05:15:00
2026-03-25 05:30:00,142.5,05:30:00
2026-03-25 05:45:00,142.38,05:45:00
2026-03-25 06:00:00,142.83,06:00:00
2026-03-25 06:15:00,141.55,06:15:00
2026-03-25 06:30:00,138.54,06:30:00
2026-03-25 06:45:00,135.93,06:45:00
2026-03-25 07:00:00,131.31,07:00:00
2026-03-25 07:15:00,128.36,07:15:00
2026-03-25 07:30:00,127.18,07:30:00
2026-03-25 07:45:00,125.58,07:45:00
2026-03-25 08:00:00,125.22,08:00:00
2026-03-25 08:15:00,126.12,08:15:00
2026-03-25 08:30:00,126.1,08:30:00
2026-03-25 08:45:00,125.7,08:45:00
2026-03-25 09:00:00,124.8,09:00:00
2026-03-25 09:15:00,123.18,09:15:00
2026-03-25 09:30:00,123.43,09:30:00
2026-03-25 09:45:00,123.59,09:45:00
2026-03-25 10:00:00,123.01,10:00:00
2026-03-25 10:15:00,123.35,10:15:00
2026-03-25 10:30:00,124.03,10:30:00
2026-03-25 10:45:00,125.26,10:45:00
2026-03-25 11:00:00,125.93,11:00:00
2026-03-25 11:15:00,128.32,11:15:00
2026-03-25 11:30:00,129.9,11:30:00
2026-03-25 11:45:00,134.77,11:45:00
2026-03-25 12:00:00,138.35,12:00:00
2026-03-25 12:15:00,141.0,12:15:00
2026-03-25 12:30:00,145.43,12:30:00
2026-03-25 12:45:00,151.29,12:45:00
2026-03-25 13:00:00,156.33,13:00:00
2026-03-25 13:15:00,159.12,13:15:00
2026-03-25 13:30:00,164.4,13:30:00
2026-03-25 13:45:00,169.34,13:45:00
2026-03-25 14:00:00,175.13,14:00:00
2026-03-25 14:15:00,181.91,14:15:00
2026-03-25 14:30:00,191.94,14:30:00
2026-03-25 14:45:00,200.34,14:45:00
2026-03-25 15:00:00,216.2,15:00:00
2026-03-25 15:15:00,227.18,15:15:00
2026-03-25 15:30:00,231.69,15:30:00
2026-03-25 15:45:00,240.76,15:45:00
2026-03-25 16:00:00,252.26,16:00:00
2026-03-25 16:15:00,259.08,16:15:00
2026-03-25 16:30:00,268.53,16:30:00
2026-03-25 16:45:00,271.54,16:45:00
2026-03-25 17:00:00,271.77,17:00:00
2026-03-25 17:15:00,273.43,17:15:00
2026-03-25 17:30:00,275.62,17:30:00
2026-03-25 17:45:00,275.9,17:45:00
2026-03-25 18:00:00,275.42,18:00:00
2026-03-25 18:15:00,278.04,18:15:00
2026-03-25 18:30:00,278.7,18:30:00
2026-03-25 18:45:00,277.7,18:45:00
2026-03-25 19:00:00,276.78,19:00:00
2026-03-25 19:15:00,275.33,19:15:00
2026-03-25 19:30:00,276.6,19:30:00
2026-03-25 19:45:00,279.05,19:45:00
2026-03-25 20:00:00,276.3,20:00:00
2026-03-25 20:15:00,273.2,20:15:00
2026-03-25 20:30:00,273.03,20:30:00
2026-03-25 20:45:00,272.64,20:45:00
2026-03-25 21:00:00,273.69,21:00:00
2026-03-25 21:15:00,272.93,21:15:00
2026-03-25 21:30:00,273.05,21:30:00
2026-03-25 21:45:00,273.71,21:45:00
2026-03-25 22:00:00,272.37,22:00:00
2026-03-25 22:15:00,271.28,22:15:00
2026-03-25 22:30:00,271.46,22:30:00
2026-03-25 22:45:00,271.64,22:45:00
2026-03-25 23:00:00,268.76,23:00:00
2026-03-25 23:15:00,264.59,23:15:00
2026-03-25 23:30:00,262.4,23:30:00
2026-03-25 23:45:00,261.52,23:45:00
2026-03-26 00:00:00,264.26,00:00:00
2026-03-26 00:15:00,264.44,00:15:00
2026-03-26 00:30:00,265.66,00:30:00
2026-03-26 00:45:00,268.75,00:45:00
2026-03-26 01:00:00,265.64,01:00:00
2026-03-26 01:15:00,264.27,01:15:00
2026-03-26 01:30:00,264.34,01:30:00
2026-03-26 01:45:00,265.37,01:45:00
2026-03-26 02:00:00,262.59,02:00:00
2026-03-26 02:15:00,262.92,02:15:00
2026-03-26 02:30:00,262.12,02:30:00
2026-03-26 02:45:00,261.73,02:45:00
2026-03-26 03:00:00,263.29,03:00:00
2026-03-26 03:15:00,264.02,03:15:00
2026-03-26 03:30:00,264.87,03:30:00
2026-03-26 03:45:00,266.84,03:45:00
2026-03-26 04:00:00,268.04,04:00:00
2026-03-26 04:15:00,268.94,04:15:00
2026-03-26 04:30:00,270.66,04:30:00
2026-03-26 04:45:00,273.12,04:45:00
2026-03-26 05:00:00,274.32,05:00:00
2026-03-26 05:15:00,272.46,05:15:00
2026-03-26 05:30:00,271.53,05:30:00
2026-03-26 05:45:00,274.13,05:45:00
2026-03-26 06:00:00,274.31,06:00:00
2026-03-26 06:15:00,270.05,06:15:00
2026-03-26 06:30:00,264.26,06:30:00
2026-03-26 06:45:00,259.21,06:45:00
2026-03-26 07:00:00,255.79,07:00:00
2026-03-26 07:15:00,247.56,07:15:00
2026-03-26 07:30:00,238.04,07:30:00
2026-03-26 07:45:00,230.45,07:45:00
2026-03-26 08:00:00,219.22,08:00:00
2026-03-26 08:15:00,211.51,08:15:00
2026-03-26 08:30:00,206.09,08:30:00
2026-03-26 08:45:00,198.89,08:45:00
2026-03-26 09:00:00,192.32,09:00:00
2026-03-26 09:15:00,190.18,09:15:00
2026-03-26 09:30:00,186.69,09:30:00
2026-03-26 09:45:00,183.72,09:45:00
2026-03-26 10:00:00,176.17,10:00:00
2026-03-26 10:15:00,168.53,10:15:00
2026-03-26 10:30:00,166.5,10:30:00
2026-03-26 10:45:00,163.01,10:45:00
2026-03-26 11:00:00,155.62,11:00:00
2026-03-26 11:15:00,153.73,11:15:00
2026-03-26 11:30:00,153.26,11:30:00
2026-03-26 11:45:00,151.54,11:45:00
2026-03-26 12:00:00,150.46,12:00:00
2026-03-26 12:15:00,149.82,12:15:00
2026-03-26 12:30:00,149.13,12:30:00
2026-03-26 12:45:00,147.89,12:45:00
2026-03-26 13:00:00,147.95,13:00:00
2026-03-26 13:15:00,150.95,13:15:00
2026-03-26 13:30:00,147.47,13:30:00
2026-03-26 13:45:00,151.05,13:45:00
2026-03-26 14:00:00,154.08,14:00:00
2026-03-26 14:15:00,158.18,14:15:00
2026-03-26 14:30:00,165.84,14:30:00
2026-03-26 14:45:00,175.01,14:45:00
2026-03-26 15:00:00,191.01,15:00:00
2026-03-26 15:15:00,205.85,15:15:00
2026-03-26 15:30:00,222.81,15:30:00
2026-03-26 15:45:00,240.71,15:45:00
2026-03-26 16:00:00,264.92,16:00:00
2026-03-26 16:15:00,282.59,16:15:00
2026-03-26 16:30:00,303.28,16:30:00
2026-03-26 16:45:00,320.44,16:45:00
2026-03-26 17:00:00,337.1,17:00:00
2026-03-26 17:15:00,345.68,17:15:00
2026-03-26 17:30:00,350.43,17:30:00
2026-03-26 17:45:00,355.59,17:45:00
2026-03-26 18:00:00,363.98,18:00:00
2026-03-26 18:15:00,365.67,18:15:00
2026-03-26 18:30:00,367.11,18:30:00
2026-03-26 18:45:00,369.87,18:45:00
2026-03-26 19:00:00,366.57,19:00:00
2026-03-26 19:15:00,364.4,19:15:00
2026-03-26 19:30:00,363.97,19:30:00
2026-03-26 19:45:00,364.79,19:45:00
2026-03-26 20:00:00,361.67,20:00:00
2026-03-26 20:15:00,360.64,20:15:00
2026-03-26 20:30:00,361.19,20:30:00
2026-03-26 20:45:00,365.03,20:45:00
2026-03-26 21:00:00,365.25,21:00:00
2026-03-26 21:15:00,368.26,21:15:00
2026-03-26 21:30:00,371.91,21:30:00
2026-03-26 21:45:00,377.0,21:45:00
2026-03-26 22:00:00,378.29,22:00:00
2026-03-26 22:15:00,382.88,22:15:00
2026-03-26 22:30:00,386.97,22:30:00
2026-03-26 22:45:00,392.42,22:45:00
2026-03-26 23:00:00,395.28,23:00:00
2026-03-26 23:15:00,402.51,23:15:00
2026-03-26 23:30:00,408.46,23:30:00
2026-03-26 23:45:00,413.23,23:45:00
2026-03-27 00:00:00,418.52,00:00:00
2026-03-27 00:15:00,423.07,00:15:00
2026-03-27 00:30:00,428.3,00:30:00
2026-03-27 00:45:00,430.88,00:45:00
2026-03-27 01:00:00,430.56,01:00:00
2026-03-27 01:15:00,435.9,01:15:00
2026-03-27 01:30:00,440.46,01:30:00
2026-03-27 01:45:00,443.1,01:45:00
2026-03-27 02:00:00,443.83,02:00:00
2026-03-27 02:15:00,446.07,02:15:00
2026-03-27 02:30:00,448.85,02:30:00
2026-03-27 02:45:00,450.8,02:45:00
2026-03-27 03:00:00,453.49,03:00:00
2026-03-27 03:15:00,453.01,03:15:00
2026-03-27 03:30:00,450.56,03:30:00
2026-03-27 03:45:00,449.45,03:45:00
2026-03-27 04:00:00,446.7,04:00:00
2026-03-27 04:15:00,445.46,04:15:00
2026-03-27 04:30:00,448.81,04:30:00
2026-03-27 04:45:00,451.53,04:45:00
2026-03-27 05:00:00,454.43,05:00:00
2026-03-27 05:15:00,449.93,05:15:00
2026-03-27 05:30:00,441.94,05:30:00
2026-03-27 05:45:00,433.99,05:45:00
2026-03-27 06:00:00,427.17,06:00:00
2026-03-27 06:15:00,413.07,06:15:00
2026-03-27 06:30:00,395.27,06:30:00
2026-03-27 06:45:00,377.87,06:45:00
2026-03-27 07:00:00,363.64,07:00:00
2026-03-27 07:15:00,349.75,07:15:00
2026-03-27 07:30:00,332.23,07:30:00
2026-03-27 07:45:00,318.19,07:45:00
2026-03-27 08:00:00,303.38,08:00:00
2026-03-27 08:15:00,289.15,08:15:00
2026-03-27 08:30:00,272.18,08:30:00
2026-03-27 08:45:00,258.58,08:45:00
2026-03-27 09:00:00,242.06,09:00:00
2026-03-27 09:15:00,229.6,09:15:00
2026-03-27 09:30:00,219.37,09:30:00
2026-03-27 09:45:00,206.96,09:45:00
2026-03-27 10:00:00,199.16,10:00:00
2026-03-27 10:15:00,195.83,10:15:00
2026-03-27 10:30:00,193.9,10:30:00
2026-03-27 10:45:00,191.95,10:45:00
2026-03-27 11:00:00,189.98,11:00:00
2026-03-27 11:15:00,187.57,11:15:00
2026-03-27 11:30:00,184.8,11:30:00
2026-03-27 11:45:00,182.83,11:45:00
2026-03-27 12:00:00,180.35,12:00:00
2026-03-27 12:15:00,178.14,12:15:00
2026-03-27 12:30:00,181.21,12:30:00
2026-03-27 12:45:00,181.07,12:45:00
2026-03-27 13:00:00,181.93,13:00:00
2026-03-27 13:15:00,186.27,13:15:00
2026-03-27 13:30:00,189.76,13:30:00
2026-03-27 13:45:00,197.48,13:45:00
2026-03-27 14:00:00,206.62,14:00:00
2026-03-27 14:15:00,218.96,14:15:00
2026-03-27 14:30:00,230.27,14:30:00
2026-03-27 14:45:00,244.39,14:45:00
2026-03-27 15:00:00,263.91,15:00:00
2026-03-27 15:15:00,281.54,15:15:00
2026-03-27 15:30:00,297.68,15:30:00
2026-03-27 15:45:00,317.72,15:45:00
2026-03-27 16:00:00,336.64,16:00:00
2026-03-27 16:15:00,353.97,16:15:00
2026-03-27 16:30:00,369.24,16:30:00
2026-03-27 16:45:00,382.75,16:45:00
2026-03-27 17:00:00,392.27,17:00:00
2026-03-27 17:15:00,399.32,17:15:00
2026-03-27 17:30:00,400.51,17:30:00
2026-03-27 17:45:00,401.11,17:45:00
2026-03-27 18:00:00,401.31,18:00:00
2026-03-27 18:15:00,399.6,18:15:00
2026-03-27 18:30:00,395.44,18:30:00
2026-03-27 18:45:00,393.21,18:45:00
2026-03-27 19:00:00,393.67,19:00:00
2026-03-27 19:15:00,386.85,19:15:00
2026-03-27 19:30:00,383.8,19:30:00
2026-03-27 19:45:00,378.4,19:45:00
2026-03-27 20:00:00,372.61,20:00:00
2026-03-27 20:15:00,367.07,20:15:00
2026-03-27 20:30:00,363.76,20:30:00
2026-03-27 20:45:00,358.18,20:45:00
2026-03-27 21:00:00,360.33,21:00:00
2026-03-27 21:15:00,356.58,21:15:00
2026-03-27 21:30:00,354.48,21:30:00
2026-03-27 21:45:00,350.88,21:45:00
2026-03-27 22:00:00,344.41,22:00:00
2026-03-27 22:15:00,342.34,22:15:00
2026-03-27 22:30:00,344.78,22:30:00
2026-03-27 22:45:00,342.53,22:45:00
2026-03-27 23:00:00,332.78,23:00:00
2026-03-27 23:15:00,326.6,23:15:00
2026-03-27 23:30:00,323.94,23:30:00
2026-03-27 23:45:00,321.47,23:45:00
2026-03-28 00:00:00,317.33,00:00:00
2026-03-28 00:15:00,314.94,00:15:00
2026-03-28 00:30:00,313.16,00:30:00
2026-03-28 00:45:00,312.93,00:45:00
2026-03-28 01:00:00,315.91,01:00:00
2026-03-28 01:15:00,315.42,01:15:00
2026-03-28 01:30:00,315.39,01:30:00
2026-03-28 01:45:00,319.83,01:45:00
2026-03-28 02:00:00,321.28,02:00:00
2026-03-28 02:15:00,323.92,02:15:00
2026-03-28 02:30:00,322.64,02:30:00
2026-03-28 02:45:00,322.29,02:45:00
2026-03-28 03:00:00,322.49,03:00:00
2026-03-28 03:15:00,322.98,03:15:00
2026-03-28 03:30:00,324.63,03:30:00
2026-03-28 03:45:00,326.11,03:45:00
2026-03-28 04:00:00,329.24,04:00:00
2026-03-28 04:15:00,330.37,04:15:00
2026-03-28 04:30:00,332.11,04:30:00
2026-03-28 04:45:00,333.36,04:45:00
2026-03-28 05:00:00,331.06,05:00:00
2026-03-28 05:15:00,328.08,05:15:00
2026-03-28 05:30:00,322.65,05:30:00
2026-03-28 05:45:00,315.15,05:45:00
2026-03-28 06:00:00,302.17,06:00:00
2026-03-28 06:15:00,289.72,06:15:00
2026-03-28 06:30:00,276.17,06:30:00
2026-03-28 06:45:00,263.22,06:45:00
2026-03-28 07:00:00,243.53,07:00:00
2026-03-28 07:15:00,229.69,07:15:00
2026-03-28 07:30:00,219.87,07:30:00
2026-03-28 07:45:00,213.78,07:45:00
2026-03-28 08:00:00,204.25,08:00:00
2026-03-28 08:15:00,197.25,08:15:00
2026-03-28 08:30:00,193.2,08:30:00
2026-03-28 08:45:00,188.41,08:45:00
2026-03-28 09:00:00,185.68,09:00:00
2026-03-28 09:15:00,185.67,09:15:00
2026-03-28 09:30:00,184.88,09:30:00
2026-03-28 09:45:00,185.65,09:45:00
2026-03-28 10:00:00,186.16,10:00:00
2026-03-28 10:15:00,184.72,10:15:00
2026-03-28 10:30:00,184.59,10:30:00
2026-03-28 10:45:00,185.45,10:45:00
2026-03-28 11:00:00,186.94,11:00:00
2026-03-28 11:15:00,187.4,11:15:00
2026-03-28 11:30:00,189.51,11:30:00
2026-03-28 11:45:00,191.83,11:45:00
2026-03-28 12:00:00,195.45,12:00:00
2026-03-28 12:15:00,198.61,12:15:00
2026-03-28 12:30:00,200.93,12:30:00
2026-03-28 12:45:00,205.58,12:45:00
2026-03-28 13:00:00,205.82,13:00:00
2026-03-28 13:15:00,210.76,13:15:00
2026-03-28 13:30:00,215.98,13:30:00
2026-03-28 13:45:00,223.26,13:45:00
2026-03-28 14:00:00,235.42,14:00:00
2026-03-28 14:15:00,244.05,14:15:00
2026-03-28 14:30:00,258.97,14:30:00
2026-03-28 14:45:00,274.32,14:45:00
2026-03-28 15:00:00,295.12,15:00:00
2026-03-28 15:15:00,312.44,15:15:00
2026-03-28 15:30:00,329.82,15:30:00
2026-03-28 15:45:00,347.53,15:45:00
2026-03-28 16:00:00,365.79,16:00:00
2026-03-28 16:15:00,379.25,16:15:00
2026-03-28 16:30:00,392.12,16:30:00
2026-03-28 16:45:00,404.23,16:45:00
2026-03-28 17:00:00,416.22,17:00:00
2026-03-28 17:15:00,423.56,17:15:00
2026-03-28 17:45:00,431.32,17:45:00
2026-03-28 18:00:00,438.72,18:00:00
2026-03-28 18:15:00,440.77,18:15:00
2026-03-28 18:30:00,437.46,18:30:00
2026-03-28 18:45:00,438.32,18:45:00
2026-03-28 19:00:00,439.74,19:00:00
2026-03-28 19:15:00,433.11,19:15:00
2026-03-28 19:30:00,421.65,19:30:00
2026-03-28 19:45:00,415.67,19:45:00
2026-03-28 20:00:00,417.31,20:00:00
2026-03-28 20:15:00,414.03,20:15:00
2026-03-28 20:30:00,406.12,20:30:00
2026-03-28 20:45:00,400.41,20:45:00
2026-03-28 21:00:00,395.6,21:00:00
2026-03-28 21:15:00,393.46,21:15:00
2026-03-28 21:30:00,402.09,21:30:00
2026-03-28 21:45:00,404.25,21:45:00
2026-03-28 22:00:00,404.46,22:00:00
2026-03-28 22:15:00,408.19,22:15:00
2026-03-28 22:30:00,413.43,22:30:00
2026-03-28 22:45:00,420.2,22:45:00
2026-03-28 23:00:00,417.04,23:00:00
2026-03-28 23:15:00,418.97,23:15:00
2026-03-28 23:30:00,414.38,23:30:00
2026-03-28 23:45:00,413.5,23:45:00
2026-03-29 00:00:00,412.67,00:00:00
2026-03-29 00:15:00,410.14,00:15:00
2026-03-29 00:30:00,411.35,00:30:00
2026-03-29 00:45:00,409.57,00:45:00
2026-03-29 01:00:00,409.39,01:00:00
2026-03-29 01:15:00,407.52,01:15:00
2026-03-29 01:30:00,407.97,01:30:00
2026-03-29 01:45:00,409.13,01:45:00
2026-03-29 02:00:00,410.8,02:00:00
2026-03-29 02:15:00,412.38,02:15:00
2026-03-29 02:30:00,413.81,02:30:00
2026-03-29 02:45:00,413.78,02:45:00
2026-03-29 03:00:00,414.43,03:00:00
2026-03-29 03:15:00,414.42,03:15:00
2026-03-29 03:30:00,414.02,03:30:00
2026-03-29 03:45:00,417.81,03:45:00
2026-03-29 04:00:00,422.43,04:00:00
2026-03-29 04:15:00,425.31,04:15:00
2026-03-29 04:30:00,427.09,04:30:00
2026-03-29 04:45:00,431.71,04:45:00
2026-03-29 05:00:00,428.32,05:00:00
2026-03-29 05:15:00,426.22,05:15:00
2026-03-29 05:30:00,423.22,05:30:00
2026-03-29 05:45:00,414.45,05:45:00
2026-03-29 06:00:00,406.01,06:00:00
2026-03-29 06:15:00,395.37,06:15:00
2026-03-29 06:30:00,379.77,06:30:00
2026-03-29 06:45:00,364.3,06:45:00
2026-03-29 07:00:00,343.63,07:00:00
2026-03-29 07:15:00,328.19,07:15:00
2026-03-29 07:30:00,312.84,07:30:00
2026-03-29 07:45:00,291.48,07:45:00
2026-03-29 08:00:00,267.09,08:00:00
2026-03-29 08:15:00,250.32,08:15:00
2026-03-29 08:30:00,233.73,08:30:00
2026-03-29 08:45:00,216.8,08:45:00
2026-03-29 09:00:00,201.64,09:00:00
2026-03-29 09:15:00,194.81,09:15:00
2026-03-29 09:30:00,190.68,09:30:00
2026-03-29 09:45:00,189.45,09:45:00
2026-03-29 10:00:00,180.16,10:00:00
2026-03-29 10:15:00,175.66,10:15:00
2026-03-29 10:30:00,171.59,10:30:00
2026-03-29 10:45:00,168.66,10:45:00
2026-03-29 11:00:00,170.2,11:00:00
2026-03-29 11:15:00,167.52,11:15:00
2026-03-29 11:30:00,167.44,11:30:00
2026-03-29 11:45:00,166.26,11:45:00
2026-03-29 12:00:00,164.12,12:00:00
2026-03-29 12:15:00,164.44,12:15:00
2026-03-29 12:30:00,166.05,12:30:00
2026-03-29 12:45:00,163.74,12:45:00
2026-03-29 13:00:00,164.35,13:00:00
2026-03-29 13:15:00,163.51,13:15:00
2026-03-29 13:30:00,166.69,13:30:00
2026-03-29 13:45:00,166.72,13:45:00
2026-03-29 14:00:00,166.85,14:00:00
2026-03-29 14:15:00,166.5,14:15:00
2026-03-29 14:30:00,171.54,14:30:00
2026-03-29 14:45:00,179.73,14:45:00
2026-03-29 15:00:00,196.26,15:00:00
2026-03-29 15:15:00,208.93,15:15:00
2026-03-29 15:30:00,219.6,15:30:00
2026-03-29 15:45:00,235.45,15:45:00
2026-03-29 16:00:00,250.58,16:00:00
2026-03-29 16:15:00,261.9,16:15:00
2026-03-29 16:30:00,272.34,16:30:00
2026-03-29 16:45:00,282.1,16:45:00
2026-03-29 17:00:00,294.36,17:00:00
2026-03-29 17:15:00,300.38,17:15:00
2026-03-29 17:30:00,298.87,17:30:00
2026-03-29 17:45:00,293.99,17:45:00
2026-03-29 18:00:00,287.38,18:00:00
2026-03-29 18:15:00,276.32,18:15:00
2026-03-29 18:30:00,265.15,18:30:00
2026-03-29 18:45:00,251.11,18:45:00
2026-03-29 19:00:00,236.18,19:00:00
2026-03-29 19:15:00,222.86,19:15:00
2026-03-29 19:30:00,213.05,19:30:00
2026-03-29 19:45:00,207.23,19:45:00
2026-03-29 20:00:00,208.73,20:00:00
2026-03-29 20:15:00,203.71,20:15:00
2026-03-29 20:30:00,204.0,20:30:00
2026-03-29 20:45:00,201.42,20:45:00
2026-03-29 21:00:00,197.19,21:00:00
2026-03-29 21:15:00,196.52,21:15:00
2026-03-29 21:30:00,196.86,21:30:00
2026-03-29 21:45:00,195.77,21:45:00
2026-03-29 22:00:00,198.25,22:00:00
2026-03-29 22:15:00,194.74,22:15:00
2026-03-29 22:30:00,192.84,22:30:00
2026-03-29 22:45:00,192.48,22:45:00
2026-03-29 23:00:00,190.23,23:00:00
2026-03-29 23:15:00,190.5,23:15:00
2026-03-29 23:30:00,191.49,23:30:00
2026-03-29 23:45:00,190.4,23:45:00
2026-03-30 00:00:00,191.21,00:00:00
2026-03-30 00:15:00,192.1,00:15:00
2026-03-30 00:30:00,192.3,00:30:00
2026-03-30 00:45:00,192.02,00:45:00
2026-03-30 01:00:00,189.58,01:00:00
2026-03-30 01:15:00,190.23,01:15:00
2026-03-30 01:30:00,190.31,01:30:00
2026-03-30 01:45:00,190.88,01:45:00
2026-03-30 02:00:00,190.57,02:00:00
2026-03-30 02:15:00,191.32,02:15:00
2026-03-30 02:30:00,192.83,02:30:00
2026-03-30 02:45:00,194.5,02:45:00
2026-03-30 03:00:00,194.54,03:00:00
2026-03-30 03:15:00,194.76,03:15:00
2026-03-30 03:30:00,192.76,03:30:00
2026-03-30 03:45:00,192.68,03:45:00
2026-03-30 04:00:00,194.21,04:00:00
2026-03-30 04:15:00,193.4,04:15:00
2026-03-30 04:30:00,196.38,04:30:00
2026-03-30 04:45:00,201.2,04:45:00
2026-03-30 05:00:00,204.99,05:00:00
2026-03-30 05:15:00,205.13,05:15:00
2026-03-30 05:30:00,206.05,05:30:00
2026-03-30 05:45:00,208.99,05:45:00
2026-03-30 06:00:00,213.9,06:00:00
2026-03-30 06:15:00,214.94,06:15:00
2026-03-30 06:30:00,214.83,06:30:00
2026-03-30 06:45:00,214.09,06:45:00
2026-03-30 07:00:00,217.36,07:00:00
2026-03-30 07:15:00,216.83,07:15:00
2026-03-30 07:30:00,214.04,07:30:00
2026-03-30 07:45:00,209.08,07:45:00
2026-03-30 08:00:00,208.76,08:00:00
2026-03-30 08:15:00,204.8,08:15:00
2026-03-30 08:30:00,199.43,08:30:00
2026-03-30 08:45:00,194.59,08:45:00
2026-03-30 09:00:00,191.27,09:00:00
2026-03-30 09:15:00,188.95,09:15:00
2026-03-30 09:30:00,186.48,09:30:00
2026-03-30 09:45:00,185.82,09:45:00
2026-03-30 10:00:00,178.38,10:00:00
2026-03-30 10:15:00,175.09,10:15:00
2026-03-30 10:30:00,176.01,10:30:00
2026-03-30 10:45:00,175.36,10:45:00
2026-03-30 11:00:00,169.18,11:00:00
2026-03-30 11:15:00,165.65,11:15:00
2026-03-30 11:30:00,163.14,11:30:00
2026-03-30 11:45:00,163.05,11:45:00
2026-03-30 12:00:00,160.96,12:00:00
2026-03-30 12:15:00,161.52,12:15:00
2026-03-30 12:30:00,161.02,12:30:00
2026-03-30 12:45:00,165.49,12:45:00
2026-03-30 13:00:00,167.83,13:00:00
2026-03-30 13:15:00,168.57,13:15:00
2026-03-30 13:30:00,170.86,13:30:00
2026-03-30 13:45:00,174.32,13:45:00
2026-03-30 14:00:00,177.51,14:00:00
2026-03-30 14:15:00,180.37,14:15:00
2026-03-30 14:30:00,181.54,14:30:00
2026-03-30 14:45:00,184.24,14:45:00
2026-03-30 15:00:00,191.85,15:00:00
2026-03-30 15:15:00,203.17,15:15:00
2026-03-30 15:30:00,218.89,15:30:00
2026-03-30 15:45:00,233.73,15:45:00
2026-03-30 16:00:00,255.07,16:00:00
2026-03-30 16:15:00,269.51,16:15:00
2026-03-30 16:30:00,282.5,16:30:00
2026-03-30 16:45:00,294.92,16:45:00
2026-03-30 17:00:00,310.72,17:00:00
2026-03-30 17:15:00,321.97,17:15:00
2026-03-30 17:30:00,322.92,17:30:00
2026-03-30 17:45:00,323.89,17:45:00
2026-03-30 18:00:00,327.06,18:00:00
2026-03-30 18:15:00,330.84,18:15:00
2026-03-30 18:30:00,333.12,18:30:00
2026-03-30 18:45:00,333.2,18:45:00
2026-03-30 19:00:00,328.41,19:00:00
2026-03-30 19:15:00,327.95,19:15:00
2026-03-30 19:30:00,329.48,19:30:00
2026-03-30 19:45:00,331.75,19:45:00
2026-03-30 20:00:00,330.11,20:00:00
2026-03-30 20:15:00,329.95,20:15:00
2026-03-30 20:30:00,329.88,20:30:00
2026-03-30 20:45:00,331.43,20:45:00
2026-03-30 21:00:00,332.02,21:00:00
2026-03-30 21:15:00,330.56,21:15:00
2026-03-30 21:30:00,330.32,21:30:00
2026-03-30 21:45:00,331.77,21:45:00
2026-03-30 22:00:00,331.54,22:00:00
2026-03-30 22:15:00,333.35,22:15:00
2026-03-30 22:30:00,334.93,22:30:00
2026-03-30 22:45:00,337.44,22:45:00
2026-03-30 23:00:00,337.9,23:00:00
2026-03-30 23:15:00,337.63,23:15:00
2026-03-30 23:30:00,338.37,23:30:00
2026-03-30 23:45:00,340.9,23:45:00
2026-03-31 00:00:00,343.07,00:00:00
2026-03-31 00:15:00,344.19,00:15:00
2026-03-31 00:30:00,344.28,00:30:00
2026-03-31 00:45:00,344.3,00:45:00
2026-03-31 01:00:00,346.02,01:00:00
2026-03-31 01:15:00,343.31,01:15:00
2026-03-31 01:30:00,340.74,01:30:00
2026-03-31 01:45:00,339.95,01:45:00
2026-03-31 02:00:00,340.24,02:00:00
2026-03-31 02:15:00,342.44,02:15:00
2026-03-31 02:30:00,345.26,02:30:00
2026-03-31 02:45:00,347.84,02:45:00
2026-03-31 03:00:00,354.43,03:00:00
2026-03-31 03:15:00,354.68,03:15:00
2026-03-31 03:30:00,354.87,03:30:00
2026-03-31 03:45:00,353.41,03:45:00
2026-03-31 04:00:00,350.85,04:00:00
2026-03-31 04:15:00,352.96,04:15:00
2026-03-31 04:30:00,355.95,04:30:00
2026-03-31 04:45:00,355.73,04:45:00
2026-03-31 05:00:00,358.34,05:00:00
2026-03-31 05:15:00,358.58,05:15:00
2026-03-31 05:30:00,356.26,05:30:00
2026-03-31 05:45:00,353.37,05:45:00
2026-03-31 06:00:00,352.17,06:00:00
2026-03-31 06:15:00,348.17,06:15:00
2026-03-31 06:30:00,346.44,06:30:00
2026-03-31 06:45:00,345.83,06:45:00
2026-03-31 07:00:00,337.3,07:00:00
2026-03-31 07:15:00,329.09,07:15:00
2026-03-31 07:30:00,321.53,07:30:00
2026-03-31 07:45:00,315.2,07:45:00
2026-03-31 08:00:00,305.82,08:00:00
2026-03-31 08:15:00,296.11,08:15:00
2026-03-31 08:30:00,287.85,08:30:00
2026-03-31 08:45:00,278.57,08:45:00
2026-03-31 09:00:00,268.69,09:00:00
2026-03-31 09:15:00,263.19,09:15:00
2026-03-31 09:30:00,260.26,09:30:00
2026-03-31 09:45:00,252.91,09:45:00
2026-03-31 10:00:00,245.86,10:00:00
2026-03-31 10:15:00,241.06,10:15:00
2026-03-31 10:30:00,237.51,10:30:00
2026-03-31 10:45:00,234.08,10:45:00
2026-03-31 11:00:00,232.64,11:00:00
2026-03-31 11:15:00,228.35,11:15:00
2026-03-31 11:30:00,226.57,11:30:00
2026-03-31 11:45:00,223.17,11:45:00
2026-03-31 12:00:00,216.43,12:00:00
2026-03-31 12:15:00,214.4,12:15:00
2026-03-31 12:30:00,214.54,12:30:00
2026-03-31 12:45:00,215.08,12:45:00
2026-03-31 13:00:00,218.71,13:00:00
2026-03-31 13:15:00,220.94,13:15:00
2026-03-31 13:30:00,222.09,13:30:00
2026-03-31 13:45:00,227.05,13:45:00
2026-03-31 14:00:00,235.91,14:00:00
2026-03-31 14:15:00,242.84,14:15:00
2026-03-31 14:30:00,251.58,14:30:00
2026-03-31 14:45:00,265.18,14:45:00
2026-03-31 15:00:00,285.45,15:00:00
2026-03-31 15:15:00,301.88,15:15:00
2026-03-31 15:30:00,315.29,15:30:00
2026-03-31 15:45:00,328.91,15:45:00
2026-03-31 16:00:00,341.24,16:00:00
2026-03-31 16:15:00,353.47,16:15:00
2026-03-31 16:30:00,368.97,16:30:00
2026-03-31 16:45:00,383.1,16:45:00
2026-03-31 17:00:00,390.97,17:00:00
2026-03-31 17:15:00,396.84,17:15:00
2026-03-31 17:30:00,401.82,17:30:00
2026-03-31 17:45:00,408.35,17:45:00
2026-03-31 18:00:00,410.94,18:00:00
2026-03-31 18:15:00,415.53,18:15:00
2026-03-31 18:30:00,416.21,18:30:00
2026-03-31 18:45:00,417.24,18:45:00
2026-03-31 19:00:00,417.28,19:00:00
2026-03-31 19:15:00,419.37,19:15:00
2026-03-31 19:30:00,422.89,19:30:00
2026-03-31 19:45:00,426.73,19:45:00
2026-03-31 20:00:00,424.98,20:00:00
2026-03-31 20:15:00,426.84,20:15:00
2026-03-31 20:30:00,431.5,20:30:00
2026-03-31 20:45:00,431.48,20:45:00
2026-03-31 21:00:00,432.21,21:00:00
2026-03-31 21:15:00,435.63,21:15:00
2026-03-31 21:30:00,442.16,21:30:00
2026-03-31 21:45:00,442.59,21:45:00
2026-03-31 22:00:00,447.53,22:00:00
2026-03-31 22:15:00,450.77,22:15:00
2026-03-31 22:30:00,457.42,22:30:00
2026-03-31 22:45:00,463.12,22:45:00
2026-03-31 23:00:00,465.33,23:00:00
2026-03-31 23:15:00,467.06,23:15:00
2026-03-31 23:30:00,470.27,23:30:00
2026-03-31 23:45:00,471.36,23:45:00
2026-04-01 00:00:00,475.84,00:00:00
2026-04-01 00:15:00,476.29,00:15:00
2026-04-01 00:30:00,478.34,00:30:00
2026-04-01 00:45:00,479.28,00:45:00
2026-04-01 01:00:00,483.27,01:00:00
2026-04-01 01:15:00,485.24,01:15:00
2026-04-01 01:30:00,487.91,01:30:00
2026-04-01 01:45:00,488.97,01:45:00
2026-04-01 02:00:00,491.28,02:00:00
2026-04-01 02:15:00,490.75,02:15:00
2026-04-01 02:30:00,491.49,02:30:00
2026-04-01 02:45:00,494.92,02:45:00
2026-04-01 03:00:00,496.57,03:00:00
2026-04-01 03:15:00,497.76,03:15:00
2026-04-01 03:30:00,496.5,03:30:00
2026-04-01 03:45:00,496.09,03:45:00
2026-04-01 04:00:00,491.62,04:00:00
2026-04-01 04:15:00,492.2,04:15:00
2026-04-01 04:30:00,494.49,04:30:00
2026-04-01 04:45:00,492.83,04:45:00
2026-04-01 05:00:00,490.21,05:00:00
2026-04-01 05:15:00,483.17,05:15:00
2026-04-01 05:30:00,477.95,05:30:00
2026-04-01 05:45:00,468.14,05:45:00
2026-04-01 06:00:00,459.75,06:00:00
2026-04-01 06:15:00,448.56,06:15:00
2026-04-01 06:30:00,432.7,06:30:00
2026-04-01 06:45:00,418.48,06:45:00
2026-04-01 07:00:00,410.03,07:00:00
2026-04-01 07:15:00,393.43,07:15:00
2026-04-01 07:30:00,378.34,07:30:00
2026-04-01 07:45:00,365.89,07:45:00
2026-04-01 08:00:00,349.35,08:00:00
2026-04-01 08:15:00,332.69,08:15:00
2026-04-01 08:30:00,323.69,08:30:00
2026-04-01 08:45:00,312.53,08:45:00
2026-04-01 09:00:00,300.77,09:00:00
2026-04-01 09:15:00,293.57,09:15:00
2026-04-01 09:30:00,288.23,09:30:00
2026-04-01 09:45:00,283.74,09:45:00
2026-04-01 10:00:00,278.38,10:00:00
2026-04-01 10:15:00,274.5,10:15:00
2026-04-01 10:30:00,269.39,10:30:00
2026-04-01 10:45:00,265.64,10:45:00
2026-04-01 11:00:00,258.08,11:00:00
2026-04-01 11:15:00,253.3,11:15:00
2026-04-01 11:30:00,247.47,11:30:00
2026-04-01 11:45:00,244.71,11:45:00
2026-04-01 12:00:00,247.49,12:00:00
2026-04-01 12:15:00,247.77,12:15:00
2026-04-01 12:30:00,249.54,12:30:00
2026-04-01 12:45:00,252.52,12:45:00
2026-04-01 13:00:00,258.67,13:00:00
2026-04-01 13:15:00,263.45,13:15:00
2026-04-01 13:30:00,268.37,13:30:00
2026-04-01 13:45:00,276.74,13:45:00
2026-04-01 14:00:00,286.16,14:00:00
2026-04-01 14:15:00,296.67,14:15:00
2026-04-01 14:30:00,306.92,14:30:00
2026-04-01 14:45:00,319.01,14:45:00
2026-04-01 15:00:00,331.14,15:00:00
2026-04-01 15:15:00,345.55,15:15:00
2026-04-01 15:30:00,360.75,15:30:00
2026-04-01 15:45:00,380.91,15:45:00
2026-04-01 16:00:00,403.51,16:00:00
2026-04-01 16:15:00,420.02,16:15:00
2026-04-01 16:30:00,438.53,16:30:00
2026-04-01 16:45:00,458.45,16:45:00
2026-04-01 17:00:00,467.2,17:00:00
2026-04-01 17:15:00,475.39,17:15:00
2026-04-01 17:30:00,480.44,17:30:00
2026-04-01 17:45:00,481.02,17:45:00
2026-04-01 18:00:00,483.98,18:00:00
2026-04-01 18:15:00,482.74,18:15:00
2026-04-01 18:30:00,482.32,18:30:00
2026-04-01 18:45:00,480.0,18:45:00
2026-04-01 19:00:00,488.68,19:00:00
2026-04-01 19:15:00,484.74,19:15:00
2026-04-01 19:30:00,482.43,19:30:00
2026-04-01 19:45:00,481.86,19:45:00
2026-04-01 20:00:00,481.72,20:00:00
2026-04-01 20:15:00,477.26,20:15:00
2026-04-01 20:30:00,477.6,20:30:00
2026-04-01 20:45:00,474.89,20:45:00
2026-04-01 21:00:00,472.75,21:00:00
2026-04-01 21:15:00,469.19,21:15:00
2026-04-01 21:30:00,470.19,21:30:00
2026-04-01 21:45:00,468.76,21:45:00
2026-04-01 22:00:00,469.61,22:00:00
2026-04-01 22:15:00,468.61,22:15:00
2026-04-01 22:30:00,468.85,22:30:00
2026-04-01 22:45:00,470.44,22:45:00
2026-04-01 23:00:00,473.47,23:00:00
2026-04-01 23:15:00,471.26,23:15:00
2026-04-01 23:30:00,471.48,23:30:00
2026-04-01 23:45:00,468.39,23:45:00
2026-04-02 00:00:00,468.47,00:00:00
2026-04-02 00:15:00,463.93,00:15:00
2026-04-02 00:30:00,459.59,00:30:00
2026-04-02 00:45:00,458.14,00:45:00
2026-04-02 01:00:00,456.1,01:00:00
2026-04-02 01:15:00,454.43,01:15:00
2026-04-02 01:30:00,453.46,01:30:00
2026-04-02 01:45:00,452.86,01:45:00
2026-04-02 02:00:00,451.88,02:00:00
2026-04-02 02:15:00,451.05,02:15:00
2026-04-02 02:30:00,450.5,02:30:00
2026-04-02 02:45:00,450.31,02:45:00
2026-04-02 03:00:00,449.09,03:00:00
2026-04-02 03:15:00,450.08,03:15:00
2026-04-02 03:30:00,448.51,03:30:00
2026-04-02 03:45:00,447.73,03:45:00
2026-04-02 04:00:00,446.49,04:00:00
2026-04-02 04:15:00,444.96,04:15:00
2026-04-02 04:30:00,443.38,04:30:00
2026-04-02 04:45:00,444.69,04:45:00
2026-04-02 05:00:00,442.15,05:00:00
2026-04-02 05:15:00,434.23,05:15:00
2026-04-02 05:30:00,423.01,05:30:00
2026-04-02 05:45:00,411.88,05:45:00
2026-04-02 06:00:00,401.4,06:00:00
2026-04-02 06:15:00,383.66,06:15:00
2026-04-02 06:30:00,366.59,06:30:00
2026-04-02 06:45:00,351.09,06:45:00
2026-04-02 07:00:00,339.64,07:00:00
2026-04-02 07:15:00,327.38,07:15:00
2026-04-02 07:30:00,313.63,07:30:00
2026-04-02 07:45:00,301.74,07:45:00
2026-04-02 08:00:00,286.62,08:00:00
2026-04-02 08:15:00,271.69,08:15:00
2026-04-02 08:30:00,261.36,08:30:00
2026-04-02 08:45:00,251.28,08:45:00
2026-04-02 09:00:00,239.72,09:00:00
2026-04-02 09:15:00,233.4,09:15:00
2026-04-02 09:30:00,228.77,09:30:00
2026-04-02 09:45:00,224.53,09:45:00
2026-04-02 10:00:00,222.28,10:00:00
2026-04-02 10:15:00,221.33,10:15:00
2026-04-02 10:30:00,220.24,10:30:00
2026-04-02 10:45:00,216.62,10:45:00
2026-04-02 11:00:00,210.65,11:00:00
2026-04-02 11:15:00,211.05,11:15:00
2026-04-02 11:30:00,211.53,11:30:00
2026-04-02 11:45:00,212.52,11:45:00
2026-04-02 12:00:00,215.91,12:00:00
2026-04-02 12:15:00,216.64,12:15:00
2026-04-02 12:30:00,217.86,12:30:00
2026-04-02 12:45:00,221.28,12:45:00
2026-04-02 13:00:00,226.53,13:00:00
2026-04-02 13:15:00,231.34,13:15:00
2026-04-02 13:30:00,240.08,13:30:00
2026-04-02 13:45:00,251.36,13:45:00
2026-04-02 14:00:00,261.18,14:00:00
2026-04-02 14:15:00,269.99,14:15:00
2026-04-02 14:30:00,280.88,14:30:00
2026-04-02 14:45:00,294.84,14:45:00
2026-04-02 15:00:00,308.1,15:00:00
2026-04-02 15:15:00,319.62,15:15:00
2026-04-02 15:30:00,331.27,15:30:00
2026-04-02 15:45:00,341.08,15:45:00
2026-04-02 16:00:00,351.49,16:00:00
2026-04-02 16:15:00,362.61,16:15:00
2026-04-02 16:30:00,376.26,16:30:00
2026-04-02 16:45:00,390.25,16:45:00
2026-04-02 17:00:00,403.99,17:00:00
2026-04-02 17:15:00,412.45,17:15:00
2026-04-02 17:30:00,413.81,17:30:00
2026-04-02 17:45:00,413.86,17:45:00
2026-04-02 18:00:00,414.42,18:00:00
2026-04-02 18:15:00,415.73,18:15:00
2026-04-02 18:30:00,416.91,18:30:00
2026-04-02 18:45:00,415.2,18:45:00
2026-04-02 19:00:00,416.75,19:00:00
2026-04-02 19:15:00,415.61,19:15:00
2026-04-02 19:30:00,416.71,19:30:00
2026-04-02 19:45:00,417.65,19:45:00
2026-04-02 20:00:00,412.97,20:00:00
2026-04-02 20:15:00,411.52,20:15:00
2026-04-02 20:30:00,414.67,20:30:00
2026-04-02 20:45:00,411.53,20:45:00
2026-04-02 21:00:00,407.98,21:00:00
2026-04-02 21:15:00,406.84,21:15:00
2026-04-02 21:30:00,406.89,21:30:00
2026-04-02 21:45:00,408.17,21:45:00
2026-04-02 22:00:00,395.38,22:00:00
2026-04-02 22:15:00,388.87,22:15:00
2026-04-02 22:30:00,384.38,22:30:00
2026-04-02 22:45:00,384.75,22:45:00
2026-04-02 23:00:00,384.5,23:00:00
2026-04-02 23:15:00,383.14,23:15:00
2026-04-02 23:30:00,381.2,23:30:00
2026-04-02 23:45:00,374.9,23:45:00
2026-04-03 00:00:00,374.0,00:00:00
2026-04-03 00:15:00,370.64,00:15:00
2026-04-03 00:30:00,367.45,00:30:00
2026-04-03 00:45:00,368.36,00:45:00
2026-04-03 01:00:00,371.66,01:00:00
2026-04-03 01:15:00,373.11,01:15:00
2026-04-03 01:30:00,372.01,01:30:00
2026-04-03 01:45:00,370.41,01:45:00
2026-04-03 02:00:00,370.29,02:00:00
2026-04-03 02:15:00,372.15,02:15:00
2026-04-03 02:30:00,373.17,02:30:00
2026-04-03 02:45:00,375.11,02:45:00
2026-04-03 03:00:00,378.39,03:00:00
2026-04-03 03:15:00,380.45,03:15:00
2026-04-03 03:30:00,380.95,03:30:00
2026-04-03 03:45:00,381.71,03:45:00
2026-04-03 04:00:00,382.89,04:00:00
2026-04-03 04:15:00,382.4,04:15:00
2026-04-03 04:30:00,385.97,04:30:00
2026-04-03 04:45:00,387.09,04:45:00
2026-04-03 05:00:00,389.51,05:00:00
2026-04-03 05:15:00,382.89,05:15:00
2026-04-03 05:30:00,374.47,05:30:00
2026-04-03 05:45:00,364.22,05:45:00
2026-04-03 06:00:00,356.54,06:00:00
2026-04-03 06:15:00,341.9,06:15:00
2026-04-03 06:30:00,328.21,06:30:00
2026-04-03 06:45:00,317.06,06:45:00
2026-04-03 07:00:00,304.41,07:00:00
2026-04-03 07:15:00,291.29,07:15:00
2026-04-03 07:30:00,275.44,07:30:00
2026-04-03 07:45:00,254.63,07:45:00
2026-04-03 08:00:00,228.36,08:00:00
2026-04-03 08:15:00,202.66,08:15:00
2026-04-03 08:30:00,183.12,08:30:00
2026-04-03 08:45:00,165.65,08:45:00
2026-04-03 09:00:00,150.27,09:00:00
2026-04-03 09:15:00,145.76,09:15:00
2026-04-03 09:30:00,141.72,09:30:00
2026-04-03 09:45:00,138.75,09:45:00
2026-04-03 10:00:00,134.64,10:00:00
2026-04-03 10:15:00,133.7,10:15:00
2026-04-03 10:30:00,132.82,10:30:00
2026-04-03 10:45:00,132.06,10:45:00
2026-04-03 11:00:00,132.53,11:00:00
2026-04-03 11:15:00,132.83,11:15:00
2026-04-03 11:30:00,132.27,11:30:00
2026-04-03 11:45:00,133.04,11:45:00
2026-04-03 12:00:00,132.77,12:00:00
2026-04-03 12:15:00,132.71,12:15:00
2026-04-03 12:30:00,133.22,12:30:00
2026-04-03 12:45:00,133.39,12:45:00
2026-04-03 13:00:00,130.98,13:00:00
2026-04-03 13:15:00,130.93,13:15:00
2026-04-03 13:30:00,133.08,13:30:00
2026-04-03 13:45:00,134.96,13:45:00
2026-04-03 14:00:00,134.89,14:00:00
2026-04-03 14:15:00,135.59,14:15:00
2026-04-03 14:30:00,135.56,14:30:00
2026-04-03 14:45:00,136.51,14:45:00
2026-04-03 15:00:00,141.82,15:00:00
2026-04-03 15:15:00,143.9,15:15:00
2026-04-03 15:30:00,149.63,15:30:00
2026-04-03 15:45:00,156.45,15:45:00
2026-04-03 16:00:00,166.89,16:00:00
2026-04-03 16:15:00,175.2,16:15:00
2026-04-03 16:30:00,182.44,16:30:00
2026-04-03 16:45:00,192.29,16:45:00
2026-04-03 17:00:00,204.31,17:00:00
2026-04-03 17:15:00,210.07,17:15:00
2026-04-03 17:30:00,207.92,17:30:00
2026-04-03 17:45:00,208.36,17:45:00
2026-04-03 18:00:00,204.7,18:00:00
2026-04-03 18:15:00,198.95,18:15:00
2026-04-03 18:30:00,192.48,18:30:00
2026-04-03 18:45:00,182.1,18:45:00
2026-04-03 19:00:00,176.64,19:00:00
2026-04-03 19:15:00,169.87,19:15:00
2026-04-03 19:30:00,165.84,19:30:00
2026-04-03 19:45:00,163.6,19:45:00
2026-04-03 20:00:00,164.69,20:00:00
2026-04-03 20:15:00,159.9,20:15:00
2026-04-03 20:30:00,158.2,20:30:00
2026-04-03 20:45:00,154.98,20:45:00
2026-04-03 21:00:00,152.23,21:00:00
2026-04-03 21:15:00,151.81,21:15:00
2026-04-03 21:30:00,152.45,21:30:00
2026-04-03 21:45:00,151.96,21:45:00
2026-04-03 22:00:00,151.15,22:00:00
2026-04-03 22:15:00,148.64,22:15:00
2026-04-03 22:30:00,148.56,22:30:00
2026-04-03 22:45:00,146.9,22:45:00
2026-04-03 23:00:00,147.53,23:00:00
2026-04-03 23:15:00,147.07,23:15:00
2026-04-03 23:30:00,147.28,23:30:00
2026-04-03 23:45:00,147.72,23:45:00
2026-04-04 00:00:00,146.81,00:00:00
2026-04-04 00:15:00,145.57,00:15:00
2026-04-04 00:30:00,144.96,00:30:00
2026-04-04 00:45:00,144.31,00:45:00
2026-04-04 01:00:00,142.53,01:00:00
2026-04-04 01:15:00,141.63,01:15:00
2026-04-04 01:30:00,143.39,01:30:00
2026-04-04 01:45:00,145.21,01:45:00
2026-04-04 02:00:00,147.21,02:00:00
2026-04-04 02:15:00,147.06,02:15:00
2026-04-04 02:30:00,147.53,02:30:00
2026-04-04 02:45:00,149.26,02:45:00
2026-04-04 03:00:00,151.99,03:00:00
2026-04-04 03:15:00,153.78,03:15:00
2026-04-04 03:30:00,155.7,03:30:00
2026-04-04 03:45:00,159.58,03:45:00
2026-04-04 04:00:00,164.12,04:00:00
2026-04-04 04:15:00,167.12,04:15:00
2026-04-04 04:30:00,171.07,04:30:00
2026-04-04 04:45:00,175.04,04:45:00
2026-04-04 05:00:00,178.94,05:00:00
2026-04-04 05:15:00,184.8,05:15:00
2026-04-04 05:30:00,182.58,05:30:00
2026-04-04 05:45:00,181.49,05:45:00
2026-04-04 06:00:00,181.15,06:00:00
2026-04-04 06:15:00,180.84,06:15:00
2026-04-04 06:30:00,180.43,06:30:00
2026-04-04 06:45:00,179.01,06:45:00
2026-04-04 07:00:00,170.08,07:00:00
2026-04-04 07:15:00,167.95,07:15:00
2026-04-04 07:30:00,164.35,07:30:00
2026-04-04 07:45:00,161.38,07:45:00
2026-04-04 08:00:00,156.03,08:00:00
2026-04-04 08:15:00,156.43,08:15:00
2026-04-04 08:30:00,137.44,08:30:00
2026-04-04 08:45:00,149.1,08:45:00
2026-04-04 09:00:00,143.33,09:00:00
2026-04-04 09:15:00,142.12,09:15:00
2026-04-04 09:30:00,140.06,09:30:00
2026-04-04 09:45:00,136.97,09:45:00
2026-04-04 10:00:00,128.03,10:00:00
2026-04-04 10:15:00,124.51,10:15:00
2026-04-04 10:30:00,124.34,10:30:00
2026-04-04 10:45:00,123.38,10:45:00
2026-04-04 11:00:00,120.8,11:00:00
2026-04-04 11:15:00,119.39,11:15:00
2026-04-04 11:30:00,119.92,11:30:00
2026-04-04 11:45:00,118.56,11:45:00
2026-04-04 12:00:00,117.87,12:00:00
2026-04-04 12:15:00,118.55,12:15:00
2026-04-04 12:30:00,119.84,12:30:00
2026-04-04 12:45:00,121.51,12:45:00
2026-04-04 13:00:00,123.92,13:00:00
2026-04-04 13:15:00,124.82,13:15:00
2026-04-04 13:30:00,128.7,13:30:00
2026-04-04 13:45:00,133.52,13:45:00
2026-04-04 14:00:00,137.65,14:00:00
2026-04-04 14:15:00,141.12,14:15:00
2026-04-04 14:30:00,144.8,14:30:00
2026-04-04 14:45:00,150.54,14:45:00
2026-04-04 15:00:00,159.4,15:00:00
2026-04-04 15:15:00,166.88,15:15:00
2026-04-04 15:30:00,179.52,15:30:00
2026-04-04 15:45:00,193.25,15:45:00
2026-04-04 16:00:00,208.43,16:00:00
2026-04-04 16:15:00,226.73,16:15:00
2026-04-04 16:30:00,245.8,16:30:00
2026-04-04 16:45:00,259.36,16:45:00
2026-04-04 17:00:00,271.7,17:00:00
2026-04-04 17:15:00,283.84,17:15:00
2026-04-04 17:30:00,286.7,17:30:00
2026-04-04 17:45:00,284.46,17:45:00
2026-04-04 18:00:00,285.04,18:00:00
2026-04-04 18:15:00,283.9,18:15:00
2026-04-04 18:30:00,282.07,18:30:00
2026-04-04 18:45:00,277.3,18:45:00
2026-04-04 19:00:00,273.47,19:00:00
2026-04-04 19:15:00,263.88,19:15:00
2026-04-04 19:30:00,254.95,19:30:00
2026-04-04 19:45:00,247.89,19:45:00
2026-04-04 20:00:00,237.03,20:00:00
2026-04-04 20:15:00,221.65,20:15:00
2026-04-04 20:30:00,210.91,20:30:00
2026-04-04 20:45:00,200.28,20:45:00
2026-04-04 21:00:00,192.96,21:00:00
2026-04-04 21:15:00,186.35,21:15:00
2026-04-04 21:30:00,182.32,21:30:00
2026-04-04 21:45:00,179.52,21:45:00
2026-04-04 22:00:00,169.74,22:00:00
2026-04-04 22:15:00,163.38,22:15:00
2026-04-04 22:30:00,161.83,22:30:00
2026-04-04 22:45:00,160.93,22:45:00
2026-04-04 23:00:00,163.37,23:00:00
2026-04-04 23:15:00,161.07,23:15:00
2026-04-04 23:30:00,159.97,23:30:00
2026-04-04 23:45:00,159.02,23:45:00
2026-04-05 00:00:00,159.15,00:00:00
2026-04-05 00:15:00,157.98,00:15:00
2026-04-05 00:30:00,157.64,00:30:00
2026-04-05 00:45:00,157.13,00:45:00
2026-04-05 01:00:00,158.05,01:00:00
2026-04-05 01:15:00,157.36,01:15:00
2026-04-05 01:30:00,158.24,01:30:00
2026-04-05 01:45:00,158.06,01:45:00
2026-04-05 02:00:00,156.1,02:00:00
2026-04-05 02:15:00,156.58,02:15:00
2026-04-05 02:30:00,155.42,02:30:00
2026-04-05 02:45:00,155.04,02:45:00
2026-04-05 03:00:00,154.54,03:00:00
2026-04-05 03:15:00,153.82,03:15:00
2026-04-05 03:30:00,153.53,03:30:00
2026-04-05 03:45:00,153.93,03:45:00
2026-04-05 04:00:00,152.54,04:00:00
2026-04-05 04:15:00,154.26,04:15:00
2026-04-05 04:30:00,154.51,04:30:00
2026-04-05 04:45:00,154.54,04:45:00
2026-04-05 05:00:00,154.0,05:00:00
2026-04-05 05:15:00,151.9,05:15:00
2026-04-05 05:30:00,150.54,05:30:00
2026-04-05 05:45:00,148.27,05:45:00
2026-04-05 06:00:00,136.62,06:00:00
2026-04-05 06:15:00,133.57,06:15:00
2026-04-05 06:30:00,132.82,06:30:00
2026-04-05 06:45:00,131.08,06:45:00
2026-04-05 07:00:00,125.76,07:00:00
2026-04-05 07:15:00,123.78,07:15:00
2026-04-05 07:30:00,122.85,07:30:00
2026-04-05 07:45:00,124.8,07:45:00
2026-04-05 08:00:00,130.73,08:00:00
2026-04-05 08:15:00,132.1,08:15:00
2026-04-05 08:30:00,134.19,08:30:00
2026-04-05 08:45:00,134.36,08:45:00
2026-04-05 09:00:00,130.96,09:00:00
2026-04-05 09:15:00,132.27,09:15:00
2026-04-05 09:30:00,132.37,09:30:00
2026-04-05 09:45:00,132.51,09:45:00
2026-04-05 10:00:00,133.14,10:00:00
2026-04-05 10:15:00,134.52,10:15:00
2026-04-05 10:30:00,136.01,10:30:00
2026-04-05 10:45:00,137.94,10:45:00
2026-04-05 11:00:00,138.83,11:00:00
2026-04-05 11:15:00,139.9,11:15:00
2026-04-05 11:30:00,143.1,11:30:00
2026-04-05 11:45:00,145.75,11:45:00
2026-04-05 12:00:00,147.6,12:00:00
2026-04-05 12:15:00,148.73,12:15:00
2026-04-05 12:30:00,150.93,12:30:00
2026-04-05 12:45:00,153.13,12:45:00
2026-04-05 13:00:00,152.04,13:00:00
2026-04-05 13:15:00,152.03,13:15:00
2026-04-05 13:30:00,155.28,13:30:00
2026-04-05 13:45:00,157.42,13:45:00
2026-04-05 14:00:00,154.39,14:00:00
2026-04-05 14:15:00,154.88,14:15:00
2026-04-05 14:30:00,150.28,14:30:00
2026-04-05 14:45:00,145.52,14:45:00
2026-04-05 15:00:00,142.86,15:00:00
2026-04-05 15:15:00,142.62,15:15:00
2026-04-05 15:30:00,141.74,15:30:00
2026-04-05 15:45:00,143.21,15:45:00
2026-04-05 16:00:00,147.67,16:00:00
2026-04-05 16:15:00,149.35,16:15:00
2026-04-05 16:30:00,148.01,16:30:00
2026-04-05 16:45:00,154.09,16:45:00
2026-04-05 17:00:00,152.43,17:00:00
2026-04-05 17:15:00,154.4,17:15:00
2026-04-05 17:30:00,159.07,17:30:00
2026-04-05 17:45:00,161.32,17:45:00
2026-04-05 18:00:00,164.21,18:00:00
2026-04-05 18:15:00,167.24,18:15:00
2026-04-05 18:30:00,158.24,18:30:00
2026-04-05 18:45:00,167.26,18:45:00
2026-04-05 19:00:00,166.62,19:00:00
2026-04-05 19:15:00,169.09,19:15:00
2026-04-05 19:30:00,167.59,19:30:00
2026-04-05 19:45:00,166.05,19:45:00
2026-04-05 20:00:00,167.37,20:00:00
2026-04-05 20:15:00,168.12,20:15:00
2026-04-05 20:30:00,169.03,20:30:00
2026-04-05 20:45:00,169.9,20:45:00
2026-04-05 21:00:00,169.63,21:00:00
2026-04-05 21:15:00,169.83,21:15:00
2026-04-05 21:30:00,170.93,21:30:00
2026-04-05 21:45:00,171.19,21:45:00
2026-04-05 22:00:00,165.49,22:00:00
2026-04-05 22:15:00,164.83,22:15:00
2026-04-05 22:30:00,166.81,22:30:00
2026-04-05 22:45:00,165.98,22:45:00
2026-04-05 23:00:00,167.32,23:00:00
2026-04-05 23:15:00,168.64,23:15:00
2026-04-05 23:30:00,169.11,23:30:00
2026-04-05 23:45:00,170.07,23:45:00
2026-04-06 00:00:00,171.31,00:00:00
2026-04-06 00:15:00,170.78,00:15:00
2026-04-06 00:30:00,170.47,00:30:00
2026-04-06 00:45:00,170.4,00:45:00
2026-04-06 01:00:00,169.39,01:00:00
2026-04-06 01:15:00,169.95,01:15:00
2026-04-06 01:30:00,170.6,01:30:00
2026-04-06 01:45:00,171.26,01:45:00
2026-04-06 02:00:00,174.22,02:00:00
2026-04-06 02:15:00,175.17,02:15:00
2026-04-06 02:30:00,176.68,02:30:00
2026-04-06 02:45:00,177.96,02:45:00
2026-04-06 03:00:00,178.46,03:00:00
2026-04-06 03:15:00,178.67,03:15:00
2026-04-06 03:30:00,181.39,03:30:00
2026-04-06 03:45:00,181.0,03:45:00
2026-04-06 04:00:00,182.5,04:00:00
2026-04-06 04:15:00,184.18,04:15:00
2026-04-06 04:30:00,186.09,04:30:00
2026-04-06 04:45:00,188.76,04:45:00
2026-04-06 05:00:00,189.61,05:00:00
2026-04-06 05:15:00,190.93,05:15:00
2026-04-06 05:30:00,185.19,05:30:00
2026-04-06 05:45:00,176.47,05:45:00
2026-04-06 06:00:00,178.43,06:00:00
2026-04-06 06:15:00,175.21,06:15:00
2026-04-06 06:30:00,158.55,06:30:00
2026-04-06 06:45:00,164.1,06:45:00
2026-04-06 07:00:00,161.08,07:00:00
2026-04-06 07:15:00,150.05,07:15:00
2026-04-06 07:30:00,144.85,07:30:00
2026-04-06 07:45:00,139.23,07:45:00
2026-04-06 08:00:00,131.78,08:00:00
2026-04-06 08:15:00,127.82,08:15:00
2026-04-06 08:30:00,125.58,08:30:00
2026-04-06 08:45:00,125.18,08:45:00
2026-04-06 09:00:00,124.12,09:00:00
2026-04-06 09:15:00,123.57,09:15:00
2026-04-06 09:30:00,127.49,09:30:00
2026-04-06 09:45:00,128.64,09:45:00
2026-04-06 10:00:00,125.27,10:00:00
2026-04-06 10:15:00,128.64,10:15:00
2026-04-06 10:30:00,130.34,10:30:00
2026-04-06 10:45:00,131.55,10:45:00
2026-04-06 11:00:00,132.49,11:00:00
2026-04-06 11:15:00,135.14,11:15:00
2026-04-06 11:30:00,135.18,11:30:00
2026-04-06 11:45:00,135.63,11:45:00
2026-04-06 12:00:00,135.45,12:00:00
2026-04-06 12:15:00,137.46,12:15:00
2026-04-06 12:30:00,141.25,12:30:00
2026-04-06 12:45:00,143.41,12:45:00
2026-04-06 13:00:00,147.03,13:00:00
2026-04-06 13:15:00,149.43,13:15:00
2026-04-06 13:30:00,148.32,13:30:00
2026-04-06 13:45:00,148.78,13:45:00
2026-04-06 14:00:00,144.66,14:00:00
2026-04-06 14:15:00,143.54,14:15:00
2026-04-06 14:30:00,146.07,14:30:00
2026-04-06 14:45:00,150.73,14:45:00
2026-04-06 15:00:00,156.74,15:00:00
2026-04-06 15:15:00,154.4,15:15:00
2026-04-06 15:30:00,158.25,15:30:00
2026-04-06 15:45:00,162.13,15:45:00
2026-04-06 16:00:00,170.96,16:00:00
2026-04-06 16:15:00,181.37,16:15:00
2026-04-06 16:30:00,198.17,16:30:00
2026-04-06 16:45:00,220.05,16:45:00
2026-04-06 17:00:00,254.59,17:00:00
2026-04-06 17:15:00,284.32,17:15:00
2026-04-06 17:30:00,302.27,17:30:00
2026-04-06 17:45:00,310.01,17:45:00
2026-04-06 18:00:00,320.02,18:00:00
2026-04-06 18:15:00,327.81,18:15:00
2026-04-06 18:30:00,337.27,18:30:00
2026-04-06 18:45:00,345.63,18:45:00
2026-04-06 19:00:00,350.91,19:00:00
2026-04-06 19:15:00,354.68,19:15:00
2026-04-06 19:30:00,358.78,19:30:00
2026-04-06 19:45:00,360.44,19:45:00
2026-04-06 20:00:00,359.37,20:00:00
2026-04-06 20:15:00,358.69,20:15:00
2026-04-06 20:30:00,362.59,20:30:00
2026-04-06 20:45:00,364.62,20:45:00
2026-04-06 21:00:00,362.78,21:00:00
2026-04-06 21:15:00,362.97,21:15:00
2026-04-06 21:30:00,364.39,21:30:00
2026-04-06 21:45:00,363.56,21:45:00
2026-04-06 22:00:00,362.54,22:00:00
2026-04-06 22:15:00,360.38,22:15:00
2026-04-06 22:30:00,361.04,22:30:00
2026-04-06 22:45:00,361.76,22:45:00
2026-04-06 23:00:00,360.62,23:00:00
2026-04-06 23:15:00,359.82,23:15:00
2026-04-06 23:30:00,363.57,23:30:00
2026-04-06 23:45:00,363.9,23:45:00
2026-04-07 00:00:00,366.17,00:00:00
2026-04-07 00:15:00,363.52,00:15:00
2026-04-07 00:30:00,363.35,00:30:00
2026-04-07 00:45:00,363.99,00:45:00
2026-04-07 01:00:00,362.56,01:00:00
2026-04-07 01:15:00,366.0,01:15:00
2026-04-07 01:30:00,370.64,01:30:00
2026-04-07 01:45:00,373.15,01:45:00
2026-04-07 02:00:00,376.44,02:00:00
2026-04-07 02:15:00,373.12,02:15:00
2026-04-07 02:30:00,370.89,02:30:00
2026-04-07 02:45:00,370.05,02:45:00
2026-04-07 03:00:00,370.65,03:00:00
2026-04-07 03:15:00,371.68,03:15:00
2026-04-07 03:30:00,368.91,03:30:00
2026-04-07 03:45:00,370.02,03:45:00
2026-04-07 04:00:00,369.93,04:00:00
2026-04-07 04:15:00,370.92,04:15:00
2026-04-07 04:30:00,372.17,04:30:00
2026-04-07 04:45:00,369.04,04:45:00
2026-04-07 05:00:00,366.84,05:00:00
2026-04-07 05:15:00,358.42,05:15:00
2026-04-07 05:30:00,348.52,05:30:00
2026-04-07 05:45:00,331.21,05:45:00
2026-04-07 06:00:00,315.97,06:00:00
2026-04-07 06:15:00,297.81,06:15:00
2026-04-07 06:30:00,276.52,06:30:00
2026-04-07 06:45:00,258.35,06:45:00
2026-04-07 07:00:00,242.1,07:00:00
2026-04-07 07:15:00,223.41,07:15:00
2026-04-07 07:30:00,206.23,07:30:00
2026-04-07 07:45:00,189.34,07:45:00
2026-04-07 08:00:00,168.51,08:00:00
2026-04-07 08:15:00,156.74,08:15:00
2026-04-07 08:30:00,151.44,08:30:00
2026-04-07 08:45:00,145.62,08:45:00
2026-04-07 09:00:00,137.59,09:00:00
2026-04-07 09:15:00,134.45,09:15:00
2026-04-07 09:30:00,133.58,09:30:00
2026-04-07 09:45:00,131.22,09:45:00
2026-04-07 10:00:00,128.61,10:00:00
2026-04-07 10:15:00,128.82,10:15:00
2026-04-07 10:30:00,129.36,10:30:00
2026-04-07 10:45:00,129.87,10:45:00
2026-04-07 11:00:00,129.29,11:00:00
2026-04-07 11:15:00,132.25,11:15:00
2026-04-07 11:30:00,131.75,11:30:00
2026-04-07 11:45:00,132.68,11:45:00
2026-04-07 12:00:00,134.91,12:00:00
2026-04-07 12:15:00,135.96,12:15:00
2026-04-07 12:30:00,137.67,12:30:00
2026-04-07 12:45:00,139.02,12:45:00
2026-04-07 13:00:00,143.1,13:00:00
2026-04-07 13:15:00,147.75,13:15:00
2026-04-07 13:30:00,148.55,13:30:00
2026-04-07 13:45:00,152.05,13:45:00
2026-04-07 14:00:00,155.31,14:00:00
2026-04-07 14:15:00,161.39,14:15:00
2026-04-07 14:30:00,169.42,14:30:00
2026-04-07 14:45:00,178.54,14:45:00
2026-04-07 15:00:00,195.1,15:00:00
2026-04-07 15:15:00,213.08,15:15:00
2026-04-07 15:30:00,235.58,15:30:00
2026-04-07 15:45:00,265.63,15:45:00
2026-04-07 16:00:00,301.31,16:00:00
2026-04-07 16:15:00,329.04,16:15:00
2026-04-07 16:30:00,354.43,16:30:00
2026-04-07 16:45:00,376.09,16:45:00
2026-04-07 17:00:00,390.58,17:00:00
2026-04-07 17:15:00,405.0,17:15:00
2026-04-07 17:30:00,414.53,17:30:00
2026-04-07 17:45:00,416.15,17:45:00
2026-04-07 18:00:00,415.89,18:00:00
2026-04-07 18:15:00,413.95,18:15:00
2026-04-07 18:30:00,410.83,18:30:00
2026-04-07 18:45:00,408.88,18:45:00
2026-04-07 19:00:00,407.24,19:00:00
2026-04-07 19:15:00,403.32,19:15:00
2026-04-07 19:30:00,400.12,19:30:00
2026-04-07 19:45:00,399.06,19:45:00
2026-04-07 20:00:00,398.3,20:00:00
2026-04-07 20:15:00,398.63,20:15:00
2026-04-07 20:30:00,397.46,20:30:00
2026-04-07 20:45:00,398.25,20:45:00
2026-04-07 21:00:00,395.27,21:00:00
2026-04-07 21:15:00,398.12,21:15:00
2026-04-07 21:30:00,403.2,21:30:00
2026-04-07 21:45:00,402.33,21:45:00
2026-04-07 22:00:00,398.36,22:00:00
2026-04-07 22:15:00,396.61,22:15:00
2026-04-07 22:30:00,394.27,22:30:00
2026-04-07 22:45:00,393.11,22:45:00
2026-04-07 23:00:00,392.11,23:00:00
2026-04-07 23:15:00,391.33,23:15:00
2026-04-07 23:30:00,391.82,23:30:00
2026-04-07 23:45:00,393.27,23:45:00
2026-04-08 00:00:00,395.98,00:00:00
2026-04-08 00:15:00,398.59,00:15:00
2026-04-08 00:30:00,401.51,00:30:00
2026-04-08 00:45:00,402.68,00:45:00
2026-04-08 01:00:00,407.15,01:00:00
2026-04-08 01:15:00,409.04,01:15:00
2026-04-08 01:30:00,411.31,01:30:00
2026-04-08 01:45:00,411.21,01:45:00
2026-04-08 02:00:00,410.58,02:00:00
2026-04-08 02:15:00,411.29,02:15:00
2026-04-08 02:30:00,412.04,02:30:00
2026-04-08 02:45:00,411.55,02:45:00
2026-04-08 03:00:00,411.36,03:00:00
2026-04-08 03:15:00,408.69,03:15:00
2026-04-08 03:30:00,407.73,03:30:00
2026-04-08 03:45:00,407.18,03:45:00
2026-04-08 04:00:00,407.41,04:00:00
2026-04-08 04:15:00,408.33,04:15:00
2026-04-08 04:30:00,411.17,04:30:00
2026-04-08 04:45:00,411.8,04:45:00
2026-04-08 05:00:00,404.43,05:00:00
2026-04-08 05:15:00,396.12,05:15:00
2026-04-08 05:30:00,381.4,05:30:00
2026-04-08 05:45:00,365.56,05:45:00
2026-04-08 06:00:00,351.34,06:00:00
2026-04-08 06:15:00,333.95,06:15:00
2026-04-08 06:30:00,316.01,06:30:00
2026-04-08 06:45:00,297.2,06:45:00
2026-04-08 07:00:00,279.56,07:00:00
2026-04-08 07:15:00,261.64,07:15:00
2026-04-08 07:30:00,238.73,07:30:00
2026-04-08 07:45:00,217.08,07:45:00
2026-04-08 08:00:00,195.16,08:00:00
2026-04-08 08:15:00,175.07,08:15:00
2026-04-08 08:30:00,162.51,08:30:00
2026-04-08 08:45:00,154.3,08:45:00
2026-04-08 09:00:00,144.66,09:00:00
2026-04-08 09:15:00,141.24,09:15:00
2026-04-08 09:30:00,137.53,09:30:00
2026-04-08 09:45:00,134.61,09:45:00
2026-04-08 10:00:00,132.19,10:00:00
2026-04-08 10:15:00,131.54,10:15:00
2026-04-08 10:30:00,132.6,10:30:00
2026-04-08 10:45:00,133.01,10:45:00
2026-04-08 11:00:00,131.54,11:00:00
2026-04-08 11:15:00,133.08,11:15:00
2026-04-08 11:30:00,134.48,11:30:00
2026-04-08 11:45:00,135.92,11:45:00
2026-04-08 12:00:00,135.37,12:00:00
2026-04-08 12:15:00,134.59,12:15:00
2026-04-08 12:30:00,135.36,12:30:00
2026-04-08 12:45:00,138.2,12:45:00
2026-04-08 13:00:00,138.54,13:00:00
2026-04-08 13:15:00,140.56,13:15:00
2026-04-08 13:30:00,142.17,13:30:00
2026-04-08 13:45:00,145.0,13:45:00
2026-04-08 14:00:00,150.81,14:00:00
2026-04-08 14:15:00,156.77,14:15:00
2026-04-08 14:30:00,164.68,14:30:00
2026-04-08 14:45:00,179.51,14:45:00
2026-04-08 15:00:00,200.91,15:00:00
2026-04-08 15:15:00,224.94,15:15:00
2026-04-08 15:30:00,249.49,15:30:00
2026-04-08 15:45:00,277.33,15:45:00
2026-04-08 16:00:00,302.24,16:00:00
2026-04-08 16:15:00,324.39,16:15:00
2026-04-08 16:30:00,339.98,16:30:00
2026-04-08 16:45:00,355.94,16:45:00
2026-04-08 17:00:00,367.87,17:00:00
2026-04-08 17:15:00,378.29,17:15:00
2026-04-08 17:30:00,380.87,17:30:00
2026-04-08 17:45:00,378.15,17:45:00
2026-04-08 18:00:00,374.62,18:00:00
2026-04-08 18:15:00,367.7,18:15:00
2026-04-08 18:30:00,361.34,18:30:00
2026-04-08 18:45:00,358.1,18:45:00
2026-04-08 19:00:00,351.64,19:00:00
2026-04-08 19:15:00,346.59,19:15:00
2026-04-08 19:30:00,343.78,19:30:00
2026-04-08 19:45:00,340.09,19:45:00
2026-04-08 20:00:00,340.78,20:00:00
2026-04-08 20:15:00,339.85,20:15:00
2026-04-08 20:30:00,342.48,20:30:00
2026-04-08 20:45:00,340.31,20:45:00
2026-04-08 21:00:00,336.13,21:00:00
2026-04-08 21:15:00,334.89,21:15:00
2026-04-08 21:30:00,334.43,21:30:00
2026-04-08 21:45:00,331.46,21:45:00
2026-04-08 22:00:00,329.84,22:00:00
2026-04-08 22:15:00,328.83,22:15:00
2026-04-08 22:30:00,327.57,22:30:00
2026-04-08 22:45:00,327.09,22:45:00
2026-04-08 23:00:00,325.07,23:00:00
2026-04-08 23:15:00,324.99,23:15:00
2026-04-08 23:30:00,327.56,23:30:00
2026-04-08 23:45:00,327.62,23:45:00
2026-04-09 00:00:00,327.26,00:00:00
2026-04-09 00:15:00,327.32,00:15:00
2026-04-09 00:30:00,328.81,00:30:00
2026-04-09 00:45:00,330.41,00:45:00
2026-04-09 01:00:00,331.63,01:00:00
2026-04-09 01:15:00,332.7,01:15:00
2026-04-09 01:30:00,334.1,01:30:00
2026-04-09 01:45:00,334.73,01:45:00
2026-04-09 02:00:00,335.57,02:00:00
2026-04-09 02:15:00,335.22,02:15:00
2026-04-09 02:30:00,331.99,02:30:00
2026-04-09 02:45:00,333.42,02:45:00
2026-04-09 03:00:00,331.26,03:00:00
2026-04-09 03:15:00,330.73,03:15:00
2026-04-09 03:30:00,328.8,03:30:00
2026-04-09 03:45:00,328.36,03:45:00
2026-04-09 04:00:00,325.55,04:00:00
2026-04-09 04:15:00,326.73,04:15:00
2026-04-09 04:30:00,327.28,04:30:00
2026-04-09 04:45:00,325.86,04:45:00
2026-04-09 05:00:00,321.77,05:00:00
2026-04-09 05:15:00,317.97,05:15:00
2026-04-09 05:30:00,312.07,05:30:00
2026-04-09 05:45:00,304.9,05:45:00
2026-04-09 06:00:00,296.44,06:00:00
2026-04-09 06:15:00,285.17,06:15:00
2026-04-09 06:30:00,273.31,06:30:00
2026-04-09 06:45:00,264.3,06:45:00
2026-04-09 07:00:00,248.37,07:00:00
2026-04-09 07:15:00,229.62,07:15:00
2026-04-09 07:30:00,212.69,07:30:00
2026-04-09 07:45:00,191.89,07:45:00
2026-04-09 08:00:00,164.17,08:00:00
2026-04-09 08:15:00,149.96,08:15:00
2026-04-09 08:30:00,142.71,08:30:00
2026-04-09 08:45:00,137.27,08:45:00
2026-04-09 09:00:00,128.88,09:00:00
2026-04-09 09:15:00,125.92,09:15:00
2026-04-09 09:30:00,123.33,09:30:00
2026-04-09 09:45:00,122.37,09:45:00
2026-04-09 10:00:00,121.41,10:00:00
2026-04-09 10:15:00,120.6,10:15:00
2026-04-09 10:30:00,121.6,10:30:00
2026-04-09 10:45:00,121.16,10:45:00
2026-04-09 11:00:00,123.41,11:00:00
2026-04-09 11:15:00,123.59,11:15:00
2026-04-09 11:30:00,124.45,11:30:00
2026-04-09 11:45:00,125.0,11:45:00
2026-04-09 12:00:00,126.41,12:00:00
2026-04-09 12:15:00,127.8,12:15:00
2026-04-09 12:30:00,129.62,12:30:00
2026-04-09 12:45:00,130.37,12:45:00
2026-04-09 13:00:00,132.58,13:00:00
2026-04-09 13:15:00,136.03,13:15:00
2026-04-09 13:30:00,136.52,13:30:00
2026-04-09 13:45:00,140.21,13:45:00
2026-04-09 14:00:00,149.2,14:00:00
2026-04-09 14:15:00,152.5,14:15:00
2026-04-09 14:30:00,158.38,14:30:00
2026-04-09 14:45:00,163.39,14:45:00
2026-04-09 15:00:00,172.34,15:00:00
2026-04-09 15:15:00,191.71,15:15:00
2026-04-09 15:30:00,213.32,15:30:00
2026-04-09 15:45:00,235.46,15:45:00
2026-04-09 16:00:00,256.97,16:00:00
2026-04-09 16:15:00,270.99,16:15:00
2026-04-09 16:30:00,283.44,16:30:00
2026-04-09 16:45:00,294.52,16:45:00
2026-04-09 17:00:00,309.86,17:00:00
2026-04-09 17:15:00,318.48,17:15:00
2026-04-09 17:30:00,320.32,17:30:00
2026-04-09 17:45:00,319.38,17:45:00
2026-04-09 18:00:00,321.77,18:00:00
2026-04-09 18:15:00,318.82,18:15:00
2026-04-09 18:30:00,315.49,18:30:00
2026-04-09 18:45:00,313.37,18:45:00
2026-04-09 19:00:00,309.4,19:00:00
2026-04-09 19:15:00,304.85,19:15:00
2026-04-09 19:30:00,302.0,19:30:00
2026-04-09 19:45:00,300.43,19:45:00
2026-04-09 20:00:00,297.82,20:00:00
2026-04-09 20:15:00,296.68,20:15:00
2026-04-09 20:30:00,295.84,20:30:00
2026-04-09 20:45:00,291.97,20:45:00
2026-04-09 21:00:00,289.28,21:00:00
2026-04-09 21:15:00,282.89,21:15:00
2026-04-09 21:30:00,278.6,21:30:00
2026-04-09 21:45:00,275.28,21:45:00
2026-04-09 22:00:00,273.85,22:00:00
2026-04-09 22:15:00,274.12,22:15:00
2026-04-09 22:30:00,273.7,22:30:00
2026-04-09 22:45:00,271.91,22:45:00
2026-04-09 23:00:00,265.88,23:00:00
2026-04-09 23:15:00,261.89,23:15:00
2026-04-09 23:30:00,263.43,23:30:00
2026-04-09 23:45:00,263.97,23:45:00
2026-04-10 00:00:00,263.46,00:00:00
2026-04-10 00:15:00,264.66,00:15:00
2026-04-10 00:30:00,265.3,00:30:00
2026-04-10 00:45:00,265.39,00:45:00
2026-04-10 01:00:00,263.11,01:00:00
2026-04-10 01:15:00,260.29,01:15:00
2026-04-10 01:30:00,258.08,01:30:00
2026-04-10 01:45:00,255.84,01:45:00
2026-04-10 02:00:00,255.27,02:00:00
2026-04-10 02:15:00,255.74,02:15:00
2026-04-10 02:30:00,259.23,02:30:00
2026-04-10 02:45:00,262.06,02:45:00
2026-04-10 03:00:00,260.49,03:00:00
2026-04-10 03:15:00,261.78,03:15:00
2026-04-10 03:30:00,260.33,03:30:00
2026-04-10 03:45:00,267.36,03:45:00
2026-04-10 04:00:00,273.31,04:00:00
2026-04-10 04:15:00,279.2,04:15:00
2026-04-10 04:30:00,282.56,04:30:00
2026-04-10 04:45:00,284.11,04:45:00
2026-04-10 05:00:00,289.12,05:00:00
2026-04-10 05:15:00,290.74,05:15:00
2026-04-10 05:30:00,293.87,05:30:00
2026-04-10 05:45:00,295.97,05:45:00
2026-04-10 06:00:00,299.68,06:00:00
2026-04-10 06:15:00,303.08,06:15:00
2026-04-10 06:30:00,308.81,06:30:00
2026-04-10 06:45:00,306.46,06:45:00
2026-04-10 07:00:00,301.32,07:00:00
2026-04-10 07:15:00,297.66,07:15:00
2026-04-10 07:30:00,294.72,07:30:00
2026-04-10 07:45:00,293.01,07:45:00
2026-04-10 08:00:00,290.81,08:00:00
2026-04-10 08:15:00,288.38,08:15:00
2026-04-10 08:30:00,289.43,08:30:00
2026-04-10 08:45:00,290.66,08:45:00
2026-04-10 09:00:00,286.62,09:00:00
2026-04-10 09:15:00,284.71,09:15:00
2026-04-10 09:30:00,286.32,09:30:00
2026-04-10 09:45:00,286.55,09:45:00
2026-04-10 10:00:00,281.93,10:00:00
2026-04-10 10:15:00,279.78,10:15:00
2026-04-10 10:30:00,274.27,10:30:00
2026-04-10 10:45:00,272.34,10:45:00
2026-04-10 11:00:00,269.1,11:00:00
2026-04-10 11:15:00,267.01,11:15:00
2026-04-10 11:30:00,265.38,11:30:00
2026-04-10 11:45:00,264.66,11:45:00
2026-04-10 12:00:00,262.63,12:00:00
2026-04-10 12:15:00,259.46,12:15:00
2026-04-10 12:30:00,256.42,12:30:00
2026-04-10 12:45:00,256.41,12:45:00
2026-04-10 13:00:00,259.29,13:00:00
2026-04-10 13:15:00,261.05,13:15:00
2026-04-10 13:30:00,265.63,13:30:00
2026-04-10 13:45:00,272.09,13:45:00
2026-04-10 14:00:00,282.95,14:00:00
2026-04-10 14:15:00,291.66,14:15:00
2026-04-10 14:30:00,300.63,14:30:00
2026-04-10 14:45:00,310.55,14:45:00
2026-04-10 15:00:00,323.38,15:00:00
2026-04-10 15:15:00,333.3,15:15:00
2026-04-10 15:30:00,343.83,15:30:00
2026-04-10 15:45:00,356.52,15:45:00
2026-04-10 16:00:00,366.55,16:00:00
2026-04-10 16:15:00,381.9,16:15:00
2026-04-10 16:30:00,400.77,16:30:00
2026-04-10 16:45:00,413.15,16:45:00
2026-04-10 17:00:00,426.32,17:00:00
2026-04-10 17:15:00,434.91,17:15:00
2026-04-10 17:30:00,441.98,17:30:00
2026-04-10 17:45:00,448.18,17:45:00
2026-04-10 18:00:00,449.85,18:00:00
2026-04-10 18:15:00,449.55,18:15:00
2026-04-10 18:30:00,451.16,18:30:00
2026-04-10 18:45:00,453.37,18:45:00
2026-04-10 19:00:00,453.67,19:00:00
2026-04-10 19:15:00,456.13,19:15:00
2026-04-10 19:30:00,459.16,19:30:00
2026-04-10 19:45:00,464.45,19:45:00
2026-04-10 20:00:00,460.55,20:00:00
2026-04-10 20:15:00,461.38,20:15:00
2026-04-10 20:30:00,462.05,20:30:00
2026-04-10 20:45:00,459.73,20:45:00
2026-04-10 21:00:00,454.24,21:00:00
2026-04-10 21:15:00,449.71,21:15:00
2026-04-10 21:30:00,447.4,21:30:00
2026-04-10 21:45:00,445.06,21:45:00
2026-04-10 22:00:00,436.27,22:00:00
2026-04-10 22:15:00,430.39,22:15:00
2026-04-10 22:30:00,425.68,22:30:00
2026-04-10 22:45:00,420.79,22:45:00
2026-04-10 23:00:00,416.03,23:00:00
2026-04-10 23:15:00,411.58,23:15:00
2026-04-10 23:30:00,408.25,23:30:00
2026-04-10 23:45:00,404.15,23:45:00
2026-04-11 00:00:00,398.4,00:00:00
2026-04-11 00:15:00,394.62,00:15:00
2026-04-11 00:30:00,389.55,00:30:00
2026-04-11 00:45:00,386.43,00:45:00
2026-04-11 01:00:00,384.51,01:00:00
2026-04-11 01:15:00,381.3,01:15:00
2026-04-11 01:30:00,378.02,01:30:00
2026-04-11 01:45:00,375.53,01:45:00
2026-04-11 02:00:00,369.97,02:00:00
2026-04-11 02:15:00,368.69,02:15:00
2026-04-11 02:30:00,367.28,02:30:00
2026-04-11 02:45:00,364.66,02:45:00
2026-04-11 03:00:00,360.45,03:00:00
2026-04-11 03:15:00,358.85,03:15:00
2026-04-11 03:30:00,355.44,03:30:00
2026-04-11 03:45:00,350.44,03:45:00
2026-04-11 04:00:00,339.11,04:00:00
2026-04-11 04:15:00,332.35,04:15:00
2026-04-11 04:30:00,328.59,04:30:00
2026-04-11 04:45:00,319.28,04:45:00
2026-04-11 05:00:00,303.16,05:00:00
2026-04-11 05:15:00,286.72,05:15:00
2026-04-11 05:30:00,269.23,05:30:00
2026-04-11 05:45:00,253.79,05:45:00
2026-04-11 06:00:00,231.09,06:00:00
2026-04-11 06:15:00,210.4,06:15:00
2026-04-11 06:30:00,191.94,06:30:00
2026-04-11 06:45:00,175.54,06:45:00
2026-04-11 07:00:00,156.12,07:00:00
2026-04-11 07:15:00,146.8,07:15:00
2026-04-11 07:30:00,140.11,07:30:00
2026-04-11 07:45:00,132.17,07:45:00
2026-04-11 08:00:00,126.61,08:00:00
2026-04-11 08:15:00,120.49,08:15:00
2026-04-11 08:30:00,118.55,08:30:00
2026-04-11 08:45:00,115.11,08:45:00
2026-04-11 09:00:00,113.11,09:00:00
2026-04-11 09:15:00,110.6,09:15:00
2026-04-11 09:30:00,109.06,09:30:00
2026-04-11 09:45:00,109.07,09:45:00
2026-04-11 10:00:00,107.57,10:00:00
2026-04-11 10:15:00,106.26,10:15:00
2026-04-11 10:30:00,107.18,10:30:00
2026-04-11 10:45:00,108.18,10:45:00
2026-04-11 11:00:00,109.52,11:00:00
2026-04-11 11:15:00,110.43,11:15:00
2026-04-11 11:30:00,111.1,11:30:00
2026-04-11 11:45:00,111.75,11:45:00
2026-04-11 12:00:00,111.34,12:00:00
2026-04-11 12:15:00,111.31,12:15:00
2026-04-11 12:30:00,112.93,12:30:00
2026-04-11 12:45:00,114.7,12:45:00
2026-04-11 13:00:00,113.6,13:00:00
2026-04-11 13:15:00,114.59,13:15:00
2026-04-11 13:30:00,115.2,13:30:00
2026-04-11 13:45:00,116.63,13:45:00
2026-04-11 14:00:00,118.54,14:00:00
2026-04-11 14:15:00,121.68,14:15:00
2026-04-11 14:30:00,123.44,14:30:00
2026-04-11 14:45:00,128.14,14:45:00
2026-04-11 15:00:00,131.8,15:00:00
2026-04-11 15:15:00,137.98,15:15:00
2026-04-11 15:30:00,141.51,15:30:00
2026-04-11 15:45:00,148.77,15:45:00
2026-04-11 16:00:00,167.0,16:00:00
2026-04-11 16:15:00,178.86,16:15:00
2026-04-11 16:30:00,189.41,16:30:00
2026-04-11 16:45:00,199.82,16:45:00
2026-04-11 17:00:00,205.85,17:00:00
2026-04-11 17:15:00,213.21,17:15:00
2026-04-11 17:30:00,215.41,17:30:00
2026-04-11 17:45:00,213.97,17:45:00
2026-04-11 18:00:00,210.77,18:00:00
2026-04-11 18:15:00,208.79,18:15:00
2026-04-11 18:30:00,204.7,18:30:00
2026-04-11 18:45:00,204.19,18:45:00
2026-04-11 19:00:00,204.1,19:00:00
2026-04-11 19:15:00,201.33,19:15:00
2026-04-11 19:30:00,199.33,19:30:00
2026-04-11 19:45:00,199.53,19:45:00
2026-04-11 20:00:00,201.94,20:00:00
2026-04-11 20:15:00,202.03,20:15:00
2026-04-11 20:30:00,204.15,20:30:00
2026-04-11 20:45:00,208.78,20:45:00
2026-04-11 21:00:00,212.8,21:00:00
2026-04-11 21:15:00,217.13,21:15:00
2026-04-11 21:30:00,222.15,21:30:00
2026-04-11 21:45:00,224.71,21:45:00
2026-04-11 22:00:00,225.73,22:00:00
2026-04-11 22:15:00,228.54,22:15:00
2026-04-11 22:30:00,232.58,22:30:00
2026-04-11 22:45:00,237.49,22:45:00
2026-04-11 23:00:00,236.01,23:00:00
2026-04-11 23:15:00,241.77,23:15:00
2026-04-11 23:30:00,247.48,23:30:00
2026-04-11 23:45:00,250.24,23:45:00
2026-04-12 00:00:00,251.77,00:00:00
2026-04-12 00:15:00,253.0,00:15:00
2026-04-12 00:30:00,253.29,00:30:00
2026-04-12 00:45:00,253.23,00:45:00
2026-04-12 01:00:00,255.35,01:00:00
2026-04-12 01:15:00,257.06,01:15:00
2026-04-12 01:30:00,259.6,01:30:00
2026-04-12 01:45:00,262.32,01:45:00
2026-04-12 02:00:00,265.47,02:00:00
2026-04-12 02:15:00,265.93,02:15:00
2026-04-12 02:30:00,264.96,02:30:00
2026-04-12 02:45:00,266.18,02:45:00
2026-04-12 03:00:00,267.49,03:00:00
2026-04-12 03:15:00,271.39,03:15:00
2026-04-12 03:30:00,276.57,03:30:00
2026-04-12 03:45:00,279.43,03:45:00
2026-04-12 04:00:00,279.9,04:00:00
2026-04-12 04:15:00,282.38,04:15:00
2026-04-12 04:30:00,288.02,04:30:00
2026-04-12 04:45:00,291.17,04:45:00
2026-04-12 05:00:00,294.76,05:00:00
2026-04-12 05:15:00,294.28,05:15:00
2026-04-12 05:30:00,293.23,05:30:00
2026-04-12 05:45:00,289.53,05:45:00
2026-04-12 06:00:00,284.42,06:00:00
2026-04-12 06:15:00,276.84,06:15:00
2026-04-12 06:30:00,269.99,06:30:00
2026-04-12 06:45:00,259.58,06:45:00
2026-04-12 07:00:00,252.53,07:00:00
2026-04-12 07:15:00,246.21,07:15:00
2026-04-12 07:30:00,241.27,07:30:00
2026-04-12 07:45:00,237.67,07:45:00
2026-04-12 08:00:00,230.54,08:00:00
2026-04-12 08:15:00,225.56,08:15:00
2026-04-12 08:30:00,221.14,08:30:00
2026-04-12 08:45:00,217.92,08:45:00
2026-04-12 09:00:00,214.14,09:00:00
2026-04-12 09:15:00,214.26,09:15:00
2026-04-12 09:30:00,214.85,09:30:00
2026-04-12 09:45:00,213.58,09:45:00
2026-04-12 10:00:00,215.31,10:00:00
2026-04-12 10:15:00,215.44,10:15:00
2026-04-12 10:30:00,218.07,10:30:00
2026-04-12 10:45:00,214.39,10:45:00
2026-04-12 11:00:00,211.29,11:00:00
2026-04-12 11:15:00,210.11,11:15:00
2026-04-12 11:30:00,208.71,11:30:00
2026-04-12 11:45:00,209.48,11:45:00
2026-04-12 12:00:00,212.76,12:00:00
2026-04-12 12:15:00,217.17,12:15:00
2026-04-12 12:30:00,221.85,12:30:00
2026-04-12 12:45:00,227.44,12:45:00
2026-04-12 13:00:00,240.98,13:00:00
2026-04-12 13:15:00,249.58,13:15:00
2026-04-12 13:30:00,264.8,13:30:00
2026-04-12 13:45:00,272.71,13:45:00
2026-04-12 14:00:00,281.53,14:00:00
2026-04-12 14:15:00,294.21,14:15:00
2026-04-12 14:30:00,309.6,14:30:00
2026-04-12 14:45:00,319.58,14:45:00
2026-04-12 15:00:00,332.72,15:00:00
2026-04-12 15:15:00,348.84,15:15:00
2026-04-12 15:30:00,360.5,15:30:00
2026-04-12 15:45:00,373.64,15:45:00
2026-04-12 16:00:00,382.77,16:00:00
2026-04-12 16:15:00,394.81,16:15:00
2026-04-12 16:30:00,408.2,16:30:00
2026-04-12 16:45:00,418.64,16:45:00
2026-04-12 17:00:00,432.5,17:00:00
2026-04-12 17:15:00,440.55,17:15:00
2026-04-12 17:30:00,446.48,17:30:00
2026-04-12 17:45:00,451.21,17:45:00
2026-04-12 18:00:00,455.73,18:00:00
2026-04-12 18:15:00,453.79,18:15:00
2026-04-12 18:30:00,452.52,18:30:00
2026-04-12 18:45:00,452.04,18:45:00
2026-04-12 19:00:00,454.55,19:00:00
2026-04-12 19:15:00,448.41,19:15:00
2026-04-12 19:30:00,451.88,19:30:00
2026-04-12 19:45:00,452.29,19:45:00
2026-04-12 20:00:00,451.61,20:00:00
2026-04-12 20:15:00,447.23,20:15:00
2026-04-12 20:30:00,443.76,20:30:00
2026-04-12 20:45:00,441.69,20:45:00
2026-04-12 21:00:00,442.3,21:00:00
2026-04-12 21:15:00,443.71,21:15:00
2026-04-12 21:30:00,448.68,21:30:00
2026-04-12 21:45:00,449.26,21:45:00
2026-04-12 22:00:00,447.81,22:00:00
2026-04-12 22:15:00,449.01,22:15:00
2026-04-12 22:30:00,446.44,22:30:00
2026-04-12 22:45:00,447.23,22:45:00
2026-04-12 23:00:00,458.63,23:00:00
2026-04-12 23:15:00,463.77,23:15:00
2026-04-12 23:30:00,465.37,23:30:00
2026-04-12 23:45:00,464.87,23:45:00
2026-04-13 00:00:00,462.43,00:00:00
2026-04-13 00:15:00,455.52,00:15:00
2026-04-13 00:30:00,451.97,00:30:00
2026-04-13 00:45:00,450.03,00:45:00
2026-04-13 01:00:00,451.19,01:00:00
2026-04-13 01:15:00,452.28,01:15:00
2026-04-13 01:30:00,451.65,01:30:00
2026-04-13 01:45:00,449.95,01:45:00
2026-04-13 02:00:00,452.46,02:00:00
2026-04-13 02:15:00,451.52,02:15:00
2026-04-13 02:30:00,445.72,02:30:00
2026-04-13 03:00:00,435.84,03:00:00
2026-04-13 03:15:00,428.77,03:15:00
2026-04-13 03:30:00,423.67,03:30:00
2026-04-13 03:45:00,417.74,03:45:00
2026-04-13 04:00:00,406.27,04:00:00
2026-04-13 05:00:00,404.3,05:00:00
2026-04-13 05:15:00,400.25,05:15:00
2026-04-13 05:30:00,397.6,05:30:00
2026-04-13 05:45:00,396.6,05:45:00
2026-04-13 06:00:00,390.91,06:00:00
2026-04-13 06:15:00,387.55,06:15:00
2026-04-13 06:30:00,383.94,06:30:00
2026-04-13 06:45:00,378.34,06:45:00
2026-04-13 07:00:00,375.82,07:00:00
2026-04-13 07:15:00,370.81,07:15:00
2026-04-13 07:30:00,368.74,07:30:00
2026-04-13 07:45:00,363.05,07:45:00
2026-04-13 08:00:00,356.11,08:00:00
2026-04-13 08:15:00,346.58,08:15:00
2026-04-13 08:30:00,337.46,08:30:00
2026-04-13 08:45:00,327.21,08:45:00
2026-04-13 09:00:00,316.13,09:00:00
2026-04-13 09:15:00,307.68,09:15:00
2026-04-13 09:30:00,305.87,09:30:00
2026-04-13 09:45:00,303.47,09:45:00
2026-04-13 10:00:00,300.29,10:00:00
2026-04-13 10:15:00,297.17,10:15:00
2026-04-13 10:30:00,292.76,10:30:00
2026-04-13 10:45:00,294.91,10:45:00
2026-04-13 11:00:00,298.75,11:00:00
2026-04-13 11:15:00,300.77,11:15:00
2026-04-13 11:30:00,300.46,11:30:00
2026-04-13 11:45:00,299.97,11:45:00
2026-04-13 12:00:00,300.07,12:00:00
2026-04-13 12:15:00,301.99,12:15:00
2026-04-13 12:30:00,305.63,12:30:00
2026-04-13 12:45:00,309.46,12:45:00
2026-04-13 13:00:00,318.37,13:00:00
2026-04-13 13:15:00,324.86,13:15:00
2026-04-13 13:30:00,329.62,13:30:00
2026-04-13 13:45:00,331.87,13:45:00
2026-04-13 14:00:00,333.57,14:00:00
2026-04-13 14:15:00,337.02,14:15:00
2026-04-13 14:30:00,342.14,14:30:00
2026-04-13 14:45:00,344.66,14:45:00
2026-04-13 15:00:00,344.81,15:00:00
2026-04-13 15:15:00,347.45,15:15:00
2026-04-13 15:30:00,349.49,15:30:00
2026-04-13 15:45:00,354.66,15:45:00
2026-04-13 16:00:00,359.58,16:00:00
2026-04-13 16:15:00,362.03,16:15:00
2026-04-13 16:30:00,364.84,16:30:00
2026-04-13 16:45:00,368.12,16:45:00
2026-04-13 17:00:00,373.73,17:00:00
2026-04-13 17:15:00,375.99,17:15:00
2026-04-13 17:30:00,378.01,17:30:00
2026-04-13 17:45:00,379.57,17:45:00
2026-04-13 18:00:00,379.26,18:00:00
2026-04-13 18:15:00,378.32,18:15:00
2026-04-13 18:30:00,375.79,18:30:00
2026-04-13 18:45:00,376.81,18:45:00
2026-04-13 19:00:00,373.83,19:00:00
2026-04-13 19:15:00,371.49,19:15:00
2026-04-13 19:30:00,370.01,19:30:00
2026-04-13 19:45:00,370.78,19:45:00
2026-04-13 20:00:00,373.49,20:00:00
2026-04-13 20:15:00,372.67,20:15:00
2026-04-13 20:30:00,377.74,20:30:00
2026-04-13 20:45:00,381.42,20:45:00
2026-04-13 21:00:00,387.62,21:00:00
2026-04-13 21:15:00,388.36,21:15:00
2026-04-13 21:30:00,392.9,21:30:00
2026-04-13 21:45:00,395.07,21:45:00
2026-04-13 22:00:00,395.03,22:00:00
2026-04-13 22:15:00,401.95,22:15:00
2026-04-13 22:30:00,406.67,22:30:00
2026-04-13 22:45:00,406.84,22:45:00
2026-04-13 23:00:00,412.07,23:00:00
2026-04-13 23:15:00,411.12,23:15:00
2026-04-13 23:30:00,414.11,23:30:00
2026-04-13 23:45:00,413.64,23:45:00
2026-04-14 00:00:00,415.56,00:00:00
2026-04-14 00:15:00,414.51,00:15:00
2026-04-14 00:30:00,412.99,00:30:00
2026-04-14 00:45:00,411.33,00:45:00
2026-04-14 01:00:00,410.52,01:00:00
2026-04-14 01:15:00,409.54,01:15:00
2026-04-14 01:30:00,409.42,01:30:00
2026-04-14 01:45:00,407.24,01:45:00
2026-04-14 02:00:00,405.53,02:00:00
2026-04-14 02:15:00,406.22,02:15:00
2026-04-14 02:30:00,409.64,02:30:00
2026-04-14 02:45:00,413.42,02:45:00
2026-04-14 03:00:00,417.35,03:00:00
2026-04-14 03:15:00,415.78,03:15:00
2026-04-14 03:30:00,410.75,03:30:00
2026-04-14 03:45:00,403.66,03:45:00
2026-04-14 04:00:00,403.67,04:00:00
2026-04-14 04:15:00,400.08,04:15:00
2026-04-14 04:30:00,400.04,04:30:00
2026-04-14 04:45:00,400.22,04:45:00
2026-04-14 05:00:00,399.41,05:00:00
2026-04-14 05:15:00,399.0,05:15:00
2026-04-14 05:30:00,398.13,05:30:00
2026-04-14 05:45:00,396.63,05:45:00
2026-04-14 06:00:00,397.09,06:00:00
2026-04-14 06:15:00,391.5,06:15:00
2026-04-14 06:30:00,383.17,06:30:00
2026-04-14 06:45:00,373.01,06:45:00
2026-04-14 07:00:00,368.25,07:00:00
2026-04-14 07:15:00,358.85,07:15:00
2026-04-14 07:30:00,352.86,07:30:00
2026-04-14 07:45:00,346.93,07:45:00
2026-04-14 08:00:00,340.43,08:00:00
2026-04-14 08:15:00,332.57,08:15:00
2026-04-14 08:30:00,325.17,08:30:00
2026-04-14 08:45:00,312.0,08:45:00
2026-04-14 09:00:00,297.75,09:00:00
2026-04-14 09:15:00,291.11,09:15:00
2026-04-14 09:30:00,284.87,09:30:00
2026-04-14 09:45:00,279.59,09:45:00
2026-04-14 10:00:00,272.88,10:00:00
2026-04-14 10:15:00,268.17,10:15:00
2026-04-14 10:30:00,263.26,10:30:00
2026-04-14 10:45:00,260.32,10:45:00
2026-04-14 11:00:00,257.81,11:00:00
2026-04-14 11:15:00,257.81,11:15:00
2026-04-14 11:30:00,257.47,11:30:00
2026-04-14 11:45:00,257.25,11:45:00
2026-04-14 12:00:00,257.94,12:00:00
2026-04-14 12:15:00,259.95,12:15:00
2026-04-14 12:30:00,263.78,12:30:00
2026-04-14 12:45:00,270.81,12:45:00
2026-04-14 13:00:00,277.92,13:00:00
2026-04-14 13:15:00,286.14,13:15:00
2026-04-14 13:30:00,293.58,13:30:00
2026-04-14 13:45:00,299.16,13:45:00
2026-04-14 14:00:00,312.87,14:00:00
2026-04-14 14:15:00,321.41,14:15:00
2026-04-14 14:30:00,330.2,14:30:00
2026-04-14 14:45:00,338.31,14:45:00
2026-04-14 15:00:00,347.51,15:00:00
2026-04-14 15:15:00,352.47,15:15:00
2026-04-14 15:30:00,363.08,15:30:00
2026-04-14 15:45:00,375.18,15:45:00
2026-04-14 16:00:00,389.77,16:00:00
2026-04-14 16:15:00,399.27,16:15:00
2026-04-14 16:30:00,410.89,16:30:00
2026-04-14 16:45:00,422.9,16:45:00
2026-04-14 17:00:00,429.37,17:00:00
2026-04-14 17:15:00,440.31,17:15:00
2026-04-14 17:30:00,447.85,17:30:00
2026-04-14 17:45:00,456.13,17:45:00
2026-04-14 18:00:00,458.3,18:00:00
2026-04-14 18:15:00,460.19,18:15:00
2026-04-14 18:30:00,461.02,18:30:00
2026-04-14 18:45:00,463.82,18:45:00
2026-04-14 19:00:00,466.73,19:00:00
2026-04-14 19:15:00,467.19,19:15:00
2026-04-14 19:30:00,469.56,19:30:00
2026-04-14 19:45:00,469.91,19:45:00
2026-04-14 20:00:00,469.77,20:00:00
2026-04-14 20:15:00,470.91,20:15:00
2026-04-14 20:30:00,469.84,20:30:00
2026-04-14 20:45:00,468.04,20:45:00
2026-04-14 21:00:00,469.83,21:00:00
2026-04-14 21:15:00,469.13,21:15:00
2026-04-14 21:30:00,472.31,21:30:00
2026-04-14 21:45:00,475.06,21:45:00
2026-04-14 22:00:00,477.11,22:00:00
2026-04-14 22:15:00,480.97,22:15:00
2026-04-14 22:30:00,481.35,22:30:00
2026-04-14 22:45:00,483.0,22:45:00
2026-04-14 23:00:00,483.32,23:00:00
2026-04-14 23:15:00,486.01,23:15:00
2026-04-14 23:30:00,487.26,23:30:00
2026-04-14 23:45:00,488.64,23:45:00
2026-04-15 00:00:00,487.55,00:00:00
2026-04-15 00:15:00,487.0,00:15:00
2026-04-15 00:30:00,483.88,00:30:00
2026-04-15 00:45:00,482.0,00:45:00
2026-04-15 01:00:00,480.98,01:00:00
2026-04-15 01:15:00,478.57,01:15:00
2026-04-15 01:30:00,475.64,01:30:00
2026-04-15 01:45:00,473.06,01:45:00
2026-04-15 02:00:00,472.16,02:00:00
2026-04-15 02:15:00,470.8,02:15:00
2026-04-15 02:30:00,468.17,02:30:00
2026-04-15 02:45:00,465.0,02:45:00
2026-04-15 03:00:00,459.44,03:00:00
2026-04-15 03:15:00,453.84,03:15:00
2026-04-15 03:30:00,446.53,03:30:00
2026-04-15 03:45:00,439.38,03:45:00
2026-04-15 04:00:00,434.18,04:00:00
2026-04-15 04:15:00,429.29,04:15:00
2026-04-15 04:30:00,426.22,04:30:00
2026-04-15 04:45:00,418.02,04:45:00
2026-04-15 05:00:00,412.52,05:00:00
2026-04-15 05:15:00,402.86,05:15:00
2026-04-15 05:30:00,392.88,05:30:00
2026-04-15 05:45:00,382.63,05:45:00
2026-04-15 06:00:00,373.89,06:00:00
2026-04-15 06:15:00,360.63,06:15:00
2026-04-15 06:30:00,351.5,06:30:00
2026-04-15 06:45:00,344.03,06:45:00
2026-04-15 07:00:00,332.81,07:00:00
2026-04-15 07:15:00,321.2,07:15:00
2026-04-15 07:30:00,309.67,07:30:00
2026-04-15 07:45:00,296.35,07:45:00
2026-04-15 08:00:00,282.15,08:00:00
2026-04-15 08:15:00,269.95,08:15:00
2026-04-15 08:30:00,258.92,08:30:00
2026-04-15 08:45:00,247.56,08:45:00
2026-04-15 09:00:00,231.75,09:00:00
2026-04-15 09:15:00,219.43,09:15:00
2026-04-15 09:30:00,208.99,09:30:00
2026-04-15 09:45:00,200.17,09:45:00
2026-04-15 10:00:00,192.38,10:00:00
2026-04-15 10:15:00,190.17,10:15:00
2026-04-15 10:30:00,185.18,10:30:00
2026-04-15 10:45:00,183.42,10:45:00
2026-04-15 11:00:00,186.3,11:00:00
2026-04-15 11:15:00,188.27,11:15:00
2026-04-15 11:30:00,193.39,11:30:00
2026-04-15 11:45:00,198.62,11:45:00
2026-04-15 12:00:00,203.21,12:00:00
2026-04-15 12:15:00,211.18,12:15:00
2026-04-15 12:30:00,215.55,12:30:00
2026-04-15 12:45:00,223.31,12:45:00
2026-04-15 13:00:00,234.27,13:00:00
2026-04-15 13:15:00,245.14,13:15:00
2026-04-15 13:30:00,260.81,13:30:00
2026-04-15 13:45:00,275.52,13:45:00
2026-04-15 14:00:00,287.48,14:00:00
2026-04-15 14:15:00,298.7,14:15:00
2026-04-15 14:30:00,312.53,14:30:00
2026-04-15 14:45:00,326.84,14:45:00
2026-04-15 15:00:00,337.83,15:00:00
2026-04-15 15:15:00,349.56,15:15:00
2026-04-15 15:30:00,361.31,15:30:00
2026-04-15 15:45:00,376.89,15:45:00
2026-04-15 16:00:00,388.36,16:00:00
2026-04-15 16:15:00,401.28,16:15:00
2026-04-15 16:30:00,414.0,16:30:00
2026-04-15 16:45:00,419.45,16:45:00
2026-04-15 17:00:00,421.51,17:00:00
2026-04-15 17:15:00,428.97,17:15:00
2026-04-15 17:30:00,434.2,17:30:00
2026-04-15 17:45:00,437.48,17:45:00
2026-04-15 18:00:00,436.67,18:00:00
2026-04-15 18:15:00,436.71,18:15:00
2026-04-15 18:30:00,435.61,18:30:00
2026-04-15 18:45:00,435.43,18:45:00
2026-04-15 19:00:00,434.19,19:00:00
2026-04-15 19:15:00,429.8,19:15:00
2026-04-15 19:30:00,425.63,19:30:00
2026-04-15 19:45:00,423.3,19:45:00
2026-04-15 20:00:00,421.14,20:00:00
2026-04-15 20:15:00,420.32,20:15:00
2026-04-15 20:30:00,422.24,20:30:00
2026-04-15 20:45:00,422.72,20:45:00
2026-04-15 21:00:00,419.88,21:00:00
2026-04-15 21:15:00,419.09,21:15:00
2026-04-15 21:30:00,419.14,21:30:00
2026-04-15 21:45:00,415.32,21:45:00
2026-04-15 22:00:00,416.16,22:00:00
2026-04-15 22:15:00,420.88,22:15:00
2026-04-15 22:30:00,423.92,22:30:00
2026-04-15 22:45:00,426.66,22:45:00
2026-04-15 23:00:00,430.98,23:00:00
2026-04-15 23:15:00,431.43,23:15:00
2026-04-15 23:30:00,433.33,23:30:00
2026-04-15 23:45:00,434.7,23:45:00
2026-04-16 00:00:00,432.75,00:00:00
2026-04-16 00:15:00,427.77,00:15:00
2026-04-16 00:30:00,428.75,00:30:00
2026-04-16 00:45:00,430.19,00:45:00
2026-04-16 01:00:00,431.74,01:00:00
2026-04-16 01:15:00,430.66,01:15:00
2026-04-16 01:30:00,430.19,01:30:00
2026-04-16 01:45:00,429.97,01:45:00
2026-04-16 02:00:00,429.07,02:00:00
2026-04-16 02:15:00,428.6,02:15:00
2026-04-16 02:30:00,430.12,02:30:00
2026-04-16 02:45:00,429.98,02:45:00
2026-04-16 03:00:00,431.97,03:00:00
2026-04-16 03:15:00,434.55,03:15:00
2026-04-16 03:30:00,435.6,03:30:00
2026-04-16 03:45:00,432.97,03:45:00
2026-04-16 04:00:00,421.87,04:00:00
2026-04-16 04:15:00,417.95,04:15:00
2026-04-16 04:30:00,416.81,04:30:00
2026-04-16 04:45:00,413.61,04:45:00
2026-04-16 05:00:00,411.2,05:00:00
2026-04-16 05:15:00,406.4,05:15:00
2026-04-16 05:30:00,400.65,05:30:00
2026-04-16 05:45:00,393.89,05:45:00
2026-04-16 06:00:00,392.11,06:00:00
2026-04-16 06:15:00,383.22,06:15:00
2026-04-16 06:30:00,373.94,06:30:00
2026-04-16 06:45:00,362.5,06:45:00
2026-04-16 07:00:00,353.07,07:00:00
2026-04-16 07:15:00,337.33,07:15:00
2026-04-16 07:30:00,323.31,07:30:00
2026-04-16 07:45:00,307.68,07:45:00
2026-04-16 08:00:00,289.95,08:00:00
2026-04-16 08:15:00,272.29,08:15:00
2026-04-16 08:30:00,258.3,08:30:00
2026-04-16 08:45:00,245.74,08:45:00
2026-04-16 09:00:00,228.27,09:00:00
2026-04-16 09:15:00,213.65,09:15:00
2026-04-16 09:30:00,201.79,09:30:00
2026-04-16 09:45:00,193.32,09:45:00
2026-04-16 10:00:00,181.63,10:00:00
2026-04-16 10:15:00,174.55,10:15:00
2026-04-16 10:30:00,173.57,10:30:00
2026-04-16 10:45:00,172.24,10:45:00
2026-04-16 11:00:00,173.73,11:00:00
2026-04-16 11:15:00,176.11,11:15:00
2026-04-16 11:30:00,178.0,11:30:00
2026-04-16 11:45:00,178.67,11:45:00
2026-04-16 12:00:00,180.34,12:00:00
2026-04-16 12:15:00,181.93,12:15:00
2026-04-16 12:30:00,184.19,12:30:00
2026-04-16 12:45:00,187.15,12:45:00
2026-04-16 13:00:00,194.23,13:00:00
2026-04-16 13:15:00,201.65,13:15:00
2026-04-16 13:30:00,212.7,13:30:00
2026-04-16 13:45:00,222.61,13:45:00
2026-04-16 14:00:00,233.79,14:00:00
2026-04-16 14:15:00,246.06,14:15:00
2026-04-16 14:30:00,261.92,14:30:00
2026-04-16 14:45:00,279.84,14:45:00
2026-04-16 15:00:00,295.22,15:00:00
2026-04-16 15:15:00,311.91,15:15:00
2026-04-16 15:30:00,327.96,15:30:00
2026-04-16 15:45:00,342.26,15:45:00
2026-04-16 16:00:00,361.06,16:00:00
2026-04-16 16:15:00,375.61,16:15:00
2026-04-16 16:30:00,388.95,16:30:00
2026-04-16 16:45:00,403.41,16:45:00
2026-04-16 17:00:00,413.54,17:00:00
2026-04-16 17:15:00,426.45,17:15:00
2026-04-16 17:30:00,439.87,17:30:00
2026-04-16 17:45:00,452.97,17:45:00
2026-04-16 18:00:00,457.97,18:00:00
2026-04-16 18:15:00,461.19,18:15:00
2026-04-16 18:30:00,462.97,18:30:00
2026-04-16 18:45:00,466.11,18:45:00
2026-04-16 19:00:00,468.0,19:00:00
2026-04-16 19:15:00,468.46,19:15:00
2026-04-16 19:30:00,468.83,19:30:00
2026-04-16 19:45:00,465.96,19:45:00
2026-04-16 20:00:00,464.89,20:00:00
2026-04-16 20:15:00,464.13,20:15:00
2026-04-16 20:30:00,465.75,20:30:00
2026-04-16 20:45:00,465.0,20:45:00
2026-04-16 21:00:00,468.41,21:00:00
2026-04-16 21:15:00,470.06,21:15:00
2026-04-16 21:30:00,471.7,21:30:00
2026-04-16 21:45:00,474.38,21:45:00
2026-04-16 22:00:00,481.19,22:00:00
2026-04-16 22:15:00,485.89,22:15:00
2026-04-16 22:30:00,489.6,22:30:00
2026-04-16 22:45:00,489.48,22:45:00
2026-04-16 23:00:00,493.62,23:00:00
2026-04-16 23:15:00,493.94,23:15:00
2026-04-16 23:30:00,498.91,23:30:00
2026-04-16 23:45:00,499.29,23:45:00
2026-04-17 00:00:00,501.9,00:00:00
2026-04-17 00:15:00,504.44,00:15:00
2026-04-17 00:30:00,503.98,00:30:00
2026-04-17 00:45:00,501.69,00:45:00
2026-04-17 01:00:00,500.94,01:00:00
2026-04-17 01:15:00,498.95,01:15:00
2026-04-17 01:30:00,497.19,01:30:00
2026-04-17 01:45:00,497.35,01:45:00
2026-04-17 02:00:00,491.92,02:00:00
2026-04-17 02:15:00,491.38,02:15:00
2026-04-17 02:30:00,487.73,02:30:00
2026-04-17 02:45:00,485.53,02:45:00
2026-04-17 03:00:00,479.93,03:00:00
2026-04-17 03:15:00,476.09,03:15:00
2026-04-17 03:30:00,469.31,03:30:00
2026-04-17 03:45:00,461.86,03:45:00
2026-04-17 04:00:00,457.93,04:00:00
2026-04-17 04:15:00,451.01,04:15:00
2026-04-17 04:30:00,446.96,04:30:00
2026-04-17 04:45:00,436.37,04:45:00
2026-04-17 05:00:00,426.53,05:00:00
2026-04-17 05:15:00,412.29,05:15:00
2026-04-17 05:30:00,396.84,05:30:00
2026-04-17 05:45:00,379.09,05:45:00
2026-04-17 06:00:00,369.07,06:00:00
2026-04-17 06:15:00,350.69,06:15:00
2026-04-17 06:30:00,334.71,06:30:00
2026-04-17 06:45:00,311.95,06:45:00
2026-04-17 07:00:00,290.35,07:00:00
2026-04-17 07:15:00,270.13,07:15:00
2026-04-17 07:30:00,252.58,07:30:00
2026-04-17 07:45:00,233.08,07:45:00
2026-04-17 08:00:00,216.17,08:00:00
2026-04-17 08:15:00,204.3,08:15:00
2026-04-17 08:30:00,195.22,08:30:00
2026-04-17 08:45:00,186.3,08:45:00
2026-04-17 09:00:00,178.64,09:00:00
2026-04-17 09:15:00,174.6,09:15:00
2026-04-17 09:30:00,172.63,09:30:00
2026-04-17 09:45:00,170.48,09:45:00
2026-04-17 10:00:00,166.14,10:00:00
2026-04-17 10:15:00,163.85,10:15:00
2026-04-17 10:30:00,163.98,10:30:00
2026-04-17 10:45:00,164.14,10:45:00
2026-04-17 11:00:00,161.2,11:00:00
2026-04-17 11:15:00,162.61,11:15:00
2026-04-17 11:30:00,165.39,11:30:00
2026-04-17 11:45:00,169.18,11:45:00
2026-04-17 12:00:00,171.19,12:00:00
2026-04-17 12:15:00,173.62,12:15:00
2026-04-17 12:30:00,177.56,12:30:00
2026-04-17 12:45:00,180.16,12:45:00
2026-04-17 13:00:00,186.26,13:00:00
2026-04-17 13:15:00,192.77,13:15:00
2026-04-17 13:30:00,198.36,13:30:00
2026-04-17 13:45:00,205.25,13:45:00
2026-04-17 14:00:00,217.68,14:00:00
2026-04-17 14:15:00,232.54,14:15:00
2026-04-17 14:30:00,255.74,14:30:00
2026-04-17 14:45:00,277.64,14:45:00
2026-04-17 15:00:00,298.64,15:00:00
2026-04-17 15:15:00,319.55,15:15:00
2026-04-17 15:30:00,338.69,15:30:00
2026-04-17 15:45:00,357.19,15:45:00
2026-04-17 16:00:00,373.26,16:00:00
2026-04-17 16:15:00,388.21,16:15:00
2026-04-17 16:30:00,399.82,16:30:00
2026-04-17 16:45:00,412.7,16:45:00
2026-04-17 17:00:00,421.42,17:00:00
2026-04-17 17:15:00,432.27,17:15:00
2026-04-17 17:30:00,442.27,17:30:00
2026-04-17 17:45:00,446.28,17:45:00
2026-04-17 18:00:00,445.37,18:00:00
2026-04-17 18:15:00,442.23,18:15:00
2026-04-17 18:30:00,441.79,18:30:00
2026-04-17 18:45:00,437.73,18:45:00
2026-04-17 19:00:00,436.16,19:00:00
2026-04-17 19:15:00,434.17,19:15:00
2026-04-17 19:30:00,432.75,19:30:00
2026-04-17 19:45:00,432.16,19:45:00
2026-04-17 20:00:00,432.41,20:00:00
2026-04-17 20:15:00,432.83,20:15:00
2026-04-17 20:30:00,435.92,20:30:00
2026-04-17 20:45:00,436.46,20:45:00
2026-04-17 21:00:00,429.88,21:00:00
2026-04-17 21:15:00,430.06,21:15:00
2026-04-17 21:30:00,432.82,21:30:00
2026-04-17 21:45:00,429.23,21:45:00
2026-04-17 22:00:00,417.87,22:00:00
2026-04-17 22:15:00,410.22,22:15:00
2026-04-17 22:30:00,407.06,22:30:00
2026-04-17 22:45:00,405.8,22:45:00
2026-04-17 23:00:00,407.96,23:00:00
2026-04-17 23:15:00,404.35,23:15:00
2026-04-17 23:30:00,404.99,23:30:00
2026-04-17 23:45:00,407.43,23:45:00
2026-04-18 00:00:00,405.95,00:00:00
2026-04-18 00:15:00,407.02,00:15:00
2026-04-18 00:30:00,408.4,00:30:00
2026-04-18 00:45:00,410.3,00:45:00
2026-04-18 01:00:00,412.46,01:00:00
2026-04-18 01:15:00,412.54,01:15:00
2026-04-18 01:30:00,414.49,01:30:00
2026-04-18 01:45:00,417.07,01:45:00
2026-04-18 02:00:00,420.12,02:00:00
2026-04-18 02:15:00,422.86,02:15:00
2026-04-18 02:30:00,423.74,02:30:00
2026-04-18 02:45:00,427.87,02:45:00
2026-04-18 03:00:00,431.33,03:00:00
2026-04-18 03:15:00,434.93,03:15:00
2026-04-18 03:30:00,437.88,03:30:00
2026-04-18 03:45:00,442.23,03:45:00
2026-04-18 04:00:00,441.77,04:00:00
2026-04-18 04:15:00,437.3,04:15:00
2026-04-18 04:30:00,431.08,04:30:00
2026-04-18 04:45:00,421.1,04:45:00
2026-04-18 05:00:00,400.91,05:00:00
2026-04-18 05:15:00,382.21,05:15:00
2026-04-18 05:30:00,368.2,05:30:00
2026-04-18 05:45:00,353.64,05:45:00
2026-04-18 06:00:00,339.27,06:00:00
2026-04-18 06:15:00,319.51,06:15:00
2026-04-18 06:30:00,301.05,06:30:00
2026-04-18 06:45:00,281.89,06:45:00
2026-04-18 07:00:00,260.91,07:00:00
2026-04-18 07:15:00,244.6,07:15:00
2026-04-18 07:30:00,227.45,07:30:00
2026-04-18 07:45:00,211.93,07:45:00
2026-04-18 08:00:00,198.52,08:00:00
2026-04-18 08:15:00,190.08,08:15:00
2026-04-18 08:30:00,182.45,08:30:00
2026-04-18 08:45:00,177.42,08:45:00
2026-04-18 09:00:00,169.81,09:00:00
2026-04-18 09:15:00,167.63,09:15:00
2026-04-18 09:30:00,164.03,09:30:00
2026-04-18 09:45:00,159.21,09:45:00
2026-04-18 10:00:00,156.33,10:00:00
2026-04-18 10:15:00,156.49,10:15:00
2026-04-18 10:30:00,156.62,10:30:00
2026-04-18 10:45:00,157.82,10:45:00
2026-04-18 11:00:00,159.22,11:00:00
2026-04-18 11:15:00,162.04,11:15:00
2026-04-18 11:30:00,165.28,11:30:00
2026-04-18 11:45:00,170.45,11:45:00
2026-04-18 12:00:00,177.14,12:00:00
2026-04-18 12:15:00,185.36,12:15:00
2026-04-18 12:30:00,192.69,12:30:00
2026-04-18 12:45:00,197.49,12:45:00
2026-04-18 13:00:00,207.43,13:00:00
2026-04-18 13:15:00,214.82,13:15:00
2026-04-18 13:30:00,223.52,13:30:00
2026-04-18 13:45:00,230.12,13:45:00
2026-04-18 14:00:00,239.06,14:00:00
2026-04-18 14:15:00,253.97,14:15:00
2026-04-18 14:30:00,264.75,14:30:00
2026-04-18 14:45:00,275.18,14:45:00
2026-04-18 15:00:00,291.0,15:00:00
2026-04-18 15:15:00,306.33,15:15:00
2026-04-18 15:30:00,320.73,15:30:00
2026-04-18 15:45:00,334.57,15:45:00
2026-04-18 16:00:00,345.09,16:00:00
2026-04-18 16:15:00,361.49,16:15:00
2026-04-18 16:30:00,373.11,16:30:00
2026-04-18 16:45:00,385.33,16:45:00
2026-04-18 17:00:00,391.93,17:00:00
2026-04-18 17:15:00,397.56,17:15:00
2026-04-18 17:30:00,404.81,17:30:00
2026-04-18 17:45:00,412.33,17:45:00
2026-04-18 18:00:00,421.34,18:00:00
2026-04-18 18:15:00,425.75,18:15:00
2026-04-18 18:30:00,429.61,18:30:00
2026-04-18 18:45:00,430.63,18:45:00
2026-04-18 19:00:00,434.28,19:00:00
2026-04-18 19:15:00,432.64,19:15:00
2026-04-18 19:30:00,432.32,19:30:00
2026-04-18 19:45:00,435.56,19:45:00
2026-04-18 20:00:00,442.71,20:00:00
2026-04-18 20:15:00,445.14,20:15:00
2026-04-18 20:30:00,447.46,20:30:00
2026-04-18 20:45:00,443.72,20:45:00
2026-04-18 21:00:00,445.32,21:00:00
2026-04-18 21:15:00,444.99,21:15:00
2026-04-18 21:30:00,443.98,21:30:00
2026-04-18 21:45:00,445.77,21:45:00
2026-04-18 22:00:00,435.79,22:00:00
2026-04-18 22:15:00,434.86,22:15:00
2026-04-18 22:30:00,435.95,22:30:00
2026-04-18 22:45:00,436.97,22:45:00
2026-04-18 23:00:00,434.34,23:00:00
2026-04-18 23:15:00,434.61,23:15:00
2026-04-18 23:30:00,437.34,23:30:00
2026-04-18 23:45:00,434.3,23:45:00
2026-04-19 00:00:00,435.95,00:00:00
2026-04-19 00:15:00,437.41,00:15:00
2026-04-19 00:30:00,438.8,00:30:00
2026-04-19 00:45:00,435.87,00:45:00
2026-04-19 01:00:00,432.24,01:00:00
2026-04-19 01:15:00,427.13,01:15:00
2026-04-19 01:30:00,425.98,01:30:00
2026-04-19 01:45:00,420.52,01:45:00
2026-04-19 02:00:00,421.41,02:00:00
2026-04-19 02:15:00,423.96,02:15:00
2026-04-19 02:30:00,422.85,02:30:00
2026-04-19 02:45:00,417.71,02:45:00
2026-04-19 03:00:00,411.29,03:00:00
2026-04-19 03:15:00,405.16,03:15:00
2026-04-19 03:30:00,398.19,03:30:00
2026-04-19 03:45:00,396.34,03:45:00
2026-04-19 04:00:00,397.32,04:00:00
2026-04-19 04:15:00,392.99,04:15:00
2026-04-19 04:30:00,386.77,04:30:00
2026-04-19 04:45:00,382.36,04:45:00
2026-04-19 05:00:00,373.87,05:00:00
2026-04-19 05:15:00,360.24,05:15:00
2026-04-19 05:30:00,346.68,05:30:00
2026-04-19 05:45:00,331.61,05:45:00
2026-04-19 06:00:00,315.91,06:00:00
2026-04-19 06:15:00,301.71,06:15:00
2026-04-19 06:30:00,287.43,06:30:00
2026-04-19 06:45:00,256.1,06:45:00
2026-04-19 07:00:00,252.69,07:00:00
2026-04-19 07:15:00,239.35,07:15:00
2026-04-19 07:30:00,227.11,07:30:00
2026-04-19 07:45:00,215.79,07:45:00
2026-04-19 08:00:00,206.12,08:00:00
2026-04-19 08:15:00,197.5,08:15:00
2026-04-19 08:30:00,190.41,08:30:00
2026-04-19 08:45:00,183.78,08:45:00
2026-04-19 09:00:00,177.66,09:00:00
2026-04-19 09:15:00,175.55,09:15:00
2026-04-19 09:30:00,171.53,09:30:00
2026-04-19 09:45:00,168.51,09:45:00
2026-04-19 10:00:00,164.42,10:00:00
2026-04-19 10:15:00,161.67,10:15:00
2026-04-19 10:30:00,160.49,10:30:00
2026-04-19 10:45:00,160.84,10:45:00
2026-04-19 11:00:00,159.89,11:00:00
2026-04-19 11:15:00,158.57,11:15:00
2026-04-19 11:30:00,161.15,11:30:00
2026-04-19 11:45:00,159.87,11:45:00
2026-04-19 12:00:00,158.82,12:00:00
2026-04-19 12:15:00,157.97,12:15:00
2026-04-19 12:30:00,157.28,12:30:00
2026-04-19 12:45:00,155.57,12:45:00
2026-04-19 13:00:00,155.39,13:00:00
2026-04-19 13:15:00,155.04,13:15:00
2026-04-19 13:30:00,154.55,13:30:00
2026-04-19 13:45:00,156.01,13:45:00
2026-04-19 14:00:00,159.13,14:00:00
2026-04-19 14:15:00,159.35,14:15:00
2026-04-19 14:30:00,158.82,14:30:00
2026-04-19 14:45:00,161.37,14:45:00
2026-04-19 15:00:00,168.08,15:00:00
2026-04-19 15:15:00,170.91,15:15:00
2026-04-19 15:30:00,177.22,15:30:00
2026-04-19 15:45:00,189.99,15:45:00
2026-04-19 16:00:00,206.69,16:00:00
2026-04-19 16:15:00,223.8,16:15:00
2026-04-19 16:30:00,236.98,16:30:00
2026-04-19 16:45:00,251.84,16:45:00
2026-04-19 17:00:00,264.73,17:00:00
2026-04-19 17:15:00,279.49,17:15:00
2026-04-19 17:30:00,286.42,17:30:00
2026-04-19 17:45:00,292.1,17:45:00
2026-04-19 18:00:00,299.36,18:00:00
2026-04-19 18:15:00,303.32,18:15:00
2026-04-19 18:30:00,280.46,18:30:00
2026-04-19 18:45:00,310.31,18:45:00
2026-04-19 19:00:00,312.77,19:00:00
2026-04-19 19:15:00,316.4,19:15:00
2026-04-19 19:30:00,317.5,19:30:00
2026-04-19 19:45:00,317.32,19:45:00
2026-04-19 20:00:00,318.7,20:00:00
2026-04-19 20:15:00,317.33,20:15:00
2026-04-19 20:30:00,313.87,20:30:00
2026-04-19 20:45:00,311.54,20:45:00
2026-04-19 21:00:00,310.17,21:00:00
2026-04-19 21:15:00,310.56,21:15:00
2026-04-19 21:30:00,311.04,21:30:00
2026-04-19 21:45:00,311.59,21:45:00
2026-04-19 22:00:00,313.83,22:00:00
2026-04-19 22:15:00,311.64,22:15:00
2026-04-19 22:30:00,308.76,22:30:00
2026-04-19 22:45:00,308.5,22:45:00
2026-04-19 23:00:00,308.87,23:00:00
2026-04-19 23:15:00,306.82,23:15:00
2026-04-19 23:30:00,307.6,23:30:00
2026-04-19 23:45:00,307.43,23:45:00
2026-04-20 00:00:00,308.5,00:00:00
2026-04-20 00:15:00,309.32,00:15:00
2026-04-20 00:30:00,309.91,00:30:00
2026-04-20 00:45:00,307.92,00:45:00
2026-04-20 01:00:00,306.91,01:00:00
2026-04-20 01:15:00,306.67,01:15:00
2026-04-20 01:30:00,307.9,01:30:00
2026-04-20 01:45:00,309.28,01:45:00
2026-04-20 02:00:00,313.04,02:00:00
2026-04-20 02:15:00,314.91,02:15:00
2026-04-20 02:30:00,318.9,02:30:00
2026-04-20 02:45:00,323.65,02:45:00
2026-04-20 03:00:00,326.7,03:00:00
2026-04-20 03:15:00,326.12,03:15:00
2026-04-20 03:30:00,324.42,03:30:00
2026-04-20 03:45:00,320.41,03:45:00
2026-04-20 04:00:00,318.22,04:00:00
2026-04-20 04:15:00,319.34,04:15:00
2026-04-20 04:30:00,318.5,04:30:00
2026-04-20 04:45:00,316.97,04:45:00
2026-04-20 05:00:00,314.12,05:00:00
2026-04-20 05:15:00,308.5,05:15:00
2026-04-20 05:30:00,301.1,05:30:00
2026-04-20 05:45:00,292.13,05:45:00
2026-04-20 06:00:00,281.1,06:00:00
2026-04-20 06:15:00,270.48,06:15:00
2026-04-20 06:30:00,259.37,06:30:00
2026-04-20 06:45:00,250.69,06:45:00
2026-04-20 07:00:00,236.36,07:00:00
2026-04-20 07:15:00,223.48,07:15:00
2026-04-20 07:30:00,211.8,07:30:00
2026-04-20 07:45:00,196.96,07:45:00
2026-04-20 08:00:00,183.51,08:00:00
2026-04-20 08:15:00,174.61,08:15:00
2026-04-20 08:30:00,168.1,08:30:00
2026-04-20 08:45:00,162.61,08:45:00
2026-04-20 09:00:00,157.11,09:00:00
2026-04-20 09:15:00,153.14,09:15:00
2026-04-20 09:30:00,151.28,09:30:00
2026-04-20 09:45:00,149.31,09:45:00
2026-04-20 10:00:00,148.61,10:00:00
2026-04-20 10:15:00,147.65,10:15:00
2026-04-20 10:30:00,148.92,10:30:00
2026-04-20 10:45:00,149.47,10:45:00
2026-04-20 11:00:00,151.15,11:00:00
2026-04-20 11:15:00,152.97,11:15:00
2026-04-20 11:30:00,155.39,11:30:00
2026-04-20 11:45:00,156.97,11:45:00
2026-04-20 12:00:00,160.07,12:00:00
2026-04-20 12:15:00,163.73,12:15:00
2026-04-20 12:30:00,167.48,12:30:00
2026-04-20 12:45:00,168.3,12:45:00
2026-04-20 13:00:00,170.13,13:00:00
2026-04-20 13:15:00,174.89,13:15:00
2026-04-20 13:30:00,179.25,13:30:00
2026-04-20 13:45:00,185.33,13:45:00
2026-04-20 14:00:00,192.41,14:00:00
2026-04-20 14:15:00,198.65,14:15:00
2026-04-20 14:30:00,204.53,14:30:00
2026-04-20 14:45:00,211.05,14:45:00
2026-04-20 15:00:00,219.66,15:00:00
2026-04-20 15:15:00,229.07,15:15:00
2026-04-20 15:30:00,239.24,15:30:00
2026-04-20 15:45:00,248.81,15:45:00
2026-04-20 16:00:00,259.71,16:00:00
2026-04-20 16:15:00,269.33,16:15:00
2026-04-20 16:30:00,277.54,16:30:00
2026-04-20 16:45:00,286.23,16:45:00
2026-04-20 17:00:00,291.27,17:00:00
2026-04-20 17:15:00,297.75,17:15:00
2026-04-20 17:30:00,306.69,17:30:00
2026-04-20 17:45:00,313.53,17:45:00
2026-04-20 18:00:00,312.61,18:00:00
2026-04-20 18:15:00,315.61,18:15:00
2026-04-20 18:30:00,314.54,18:30:00
2026-04-20 18:45:00,312.68,18:45:00
2026-04-20 19:00:00,309.09,19:00:00
2026-04-20 19:15:00,310.51,19:15:00
2026-04-20 19:30:00,312.33,19:30:00
2026-04-20 19:45:00,313.97,19:45:00
2026-04-20 20:00:00,312.54,20:00:00
2026-04-20 20:15:00,313.08,20:15:00
2026-04-20 20:30:00,314.43,20:30:00
2026-04-20 20:45:00,313.77,20:45:00
2026-04-20 21:00:00,312.22,21:00:00
2026-04-20 21:15:00,313.47,21:15:00
2026-04-20 21:30:00,317.3,21:30:00
2026-04-20 21:45:00,318.9,21:45:00
2026-04-20 22:00:00,312.6,22:00:00
2026-04-20 22:15:00,315.57,22:15:00
2026-04-20 22:30:00,320.98,22:30:00
2026-04-20 22:45:00,322.43,22:45:00
2026-04-20 23:00:00,324.46,23:00:00
2026-04-20 23:15:00,328.4,23:15:00
2026-04-20 23:30:00,331.74,23:30:00
2026-04-20 23:45:00,334.96,23:45:00
2026-04-21 00:00:00,337.7,00:00:00
2026-04-21 00:15:00,340.19,00:15:00
2026-04-21 00:30:00,343.1,00:30:00
2026-04-21 00:45:00,343.49,00:45:00
2026-04-21 01:00:00,341.14,01:00:00
2026-04-21 01:15:00,342.69,01:15:00
2026-04-21 01:30:00,342.44,01:30:00
2026-04-21 01:45:00,341.5,01:45:00
2026-04-21 02:00:00,338.68,02:00:00
2026-04-21 02:15:00,338.46,02:15:00
2026-04-21 02:30:00,338.79,02:30:00
2026-04-21 02:45:00,338.06,02:45:00
2026-04-21 03:00:00,337.3,03:00:00
2026-04-21 03:15:00,339.05,03:15:00
2026-04-21 03:30:00,339.79,03:30:00
2026-04-21 03:45:00,341.46,03:45:00
2026-04-21 04:00:00,339.86,04:00:00
2026-04-21 04:15:00,338.54,04:15:00
2026-04-21 04:30:00,337.29,04:30:00
2026-04-21 04:45:00,335.91,04:45:00
2026-04-21 05:00:00,332.49,05:00:00
2026-04-21 05:15:00,329.51,05:15:00
2026-04-21 05:30:00,325.98,05:30:00
2026-04-21 05:45:00,321.54,05:45:00
2026-04-21 06:00:00,318.16,06:00:00
2026-04-21 06:15:00,313.27,06:15:00
2026-04-21 06:30:00,303.3,06:30:00
2026-04-21 06:45:00,288.68,06:45:00
2026-04-21 07:00:00,274.31,07:00:00
2026-04-21 07:15:00,258.33,07:15:00
2026-04-21 07:30:00,241.91,07:30:00
2026-04-21 07:45:00,225.37,07:45:00
2026-04-21 08:00:00,206.7,08:00:00
2026-04-21 08:15:00,194.49,08:15:00
2026-04-21 08:30:00,183.56,08:30:00
2026-04-21 08:45:00,174.57,08:45:00
2026-04-21 09:00:00,160.55,09:00:00
2026-04-21 09:15:00,152.64,09:15:00
2026-04-21 09:30:00,147.76,09:30:00
2026-04-21 09:45:00,143.99,09:45:00
2026-04-21 10:00:00,141.47,10:00:00
2026-04-21 10:15:00,141.98,10:15:00
2026-04-21 10:30:00,141.71,10:30:00
2026-04-21 10:45:00,142.06,10:45:00
2026-04-21 11:00:00,140.76,11:00:00
2026-04-21 11:15:00,139.49,11:15:00
2026-04-21 11:30:00,140.06,11:30:00
2026-04-21 11:45:00,141.6,11:45:00
2026-04-21 12:00:00,142.22,12:00:00
2026-04-21 12:15:00,142.71,12:15:00
2026-04-21 12:30:00,145.03,12:30:00
2026-04-21 12:45:00,146.93,12:45:00
2026-04-21 13:00:00,148.91,13:00:00
2026-04-21 13:15:00,150.49,13:15:00
2026-04-21 13:30:00,152.6,13:30:00
2026-04-21 13:45:00,155.45,13:45:00
2026-04-21 14:00:00,158.47,14:00:00
2026-04-21 14:15:00,163.94,14:15:00
2026-04-21 14:30:00,173.98,14:30:00
2026-04-21 14:45:00,185.75,14:45:00
2026-04-21 15:00:00,200.25,15:00:00
2026-04-21 15:15:00,216.47,15:15:00
2026-04-21 15:30:00,235.32,15:30:00
2026-04-21 15:45:00,254.46,15:45:00
2026-04-21 16:00:00,273.79,16:00:00
2026-04-21 16:15:00,287.64,16:15:00
2026-04-21 16:30:00,299.32,16:30:00
2026-04-21 16:45:00,312.55,16:45:00
2026-04-21 17:00:00,325.68,17:00:00
2026-04-21 17:15:00,339.23,17:15:00
2026-04-21 17:30:00,347.16,17:30:00
2026-04-21 17:45:00,355.97,17:45:00
2026-04-21 18:00:00,359.53,18:00:00
2026-04-21 18:15:00,360.27,18:15:00
2026-04-21 18:30:00,360.69,18:30:00
2026-04-21 18:45:00,356.45,18:45:00
2026-04-21 19:00:00,353.31,19:00:00
2026-04-21 19:15:00,348.47,19:15:00
2026-04-21 19:30:00,347.15,19:30:00
2026-04-21 19:45:00,345.54,19:45:00
2026-04-21 20:00:00,348.09,20:00:00
2026-04-21 20:15:00,347.3,20:15:00
2026-04-21 20:30:00,347.7,20:30:00
2026-04-21 20:45:00,347.81,20:45:00
2026-04-21 21:00:00,345.18,21:00:00
2026-04-21 21:15:00,341.1,21:15:00
2026-04-21 21:30:00,341.32,21:30:00
2026-04-21 21:45:00,343.65,21:45:00
2026-04-21 22:00:00,345.89,22:00:00
2026-04-21 22:15:00,348.46,22:15:00
2026-04-21 22:30:00,350.65,22:30:00
2026-04-21 22:45:00,354.48,22:45:00
2026-04-21 23:00:00,358.13,23:00:00
2026-04-21 23:15:00,361.31,23:15:00
2026-04-21 23:30:00,366.55,23:30:00
2026-04-21 23:45:00,369.39,23:45:00
2026-04-22 00:00:00,371.61,00:00:00
2026-04-22 00:15:00,373.92,00:15:00
2026-04-22 00:30:00,376.28,00:30:00
2026-04-22 00:45:00,379.43,00:45:00
2026-04-22 01:00:00,380.43,01:00:00
2026-04-22 01:15:00,382.22,01:15:00
2026-04-22 01:30:00,382.65,01:30:00
2026-04-22 01:45:00,384.15,01:45:00
2026-04-22 02:00:00,386.9,02:00:00
2026-04-22 02:15:00,385.11,02:15:00
2026-04-22 02:30:00,385.05,02:30:00
2026-04-22 02:45:00,386.85,02:45:00
2026-04-22 03:00:00,386.87,03:00:00
2026-04-22 03:15:00,388.93,03:15:00
2026-04-22 03:30:00,389.52,03:30:00
2026-04-22 03:45:00,391.05,03:45:00
2026-04-22 04:00:00,389.38,04:00:00
2026-04-22 04:15:00,383.29,04:15:00
2026-04-22 04:30:00,374.97,04:30:00
2026-04-22 04:45:00,367.12,04:45:00
2026-04-22 05:00:00,354.97,05:00:00
2026-04-22 05:15:00,343.35,05:15:00
2026-04-22 05:30:00,333.64,05:30:00
2026-04-22 05:45:00,321.16,05:45:00
2026-04-22 06:00:00,304.81,06:00:00
2026-04-22 06:15:00,294.19,06:15:00
2026-04-22 06:30:00,280.75,06:30:00
2026-04-22 06:45:00,265.04,06:45:00
2026-04-22 07:00:00,246.29,07:00:00
2026-04-22 07:15:00,225.37,07:15:00
2026-04-22 07:30:00,207.98,07:30:00
2026-04-22 07:45:00,188.69,07:45:00
2026-04-22 08:00:00,163.08,08:00:00
2026-04-22 08:15:00,154.66,08:15:00
2026-04-22 08:30:00,148.83,08:30:00
2026-04-22 08:45:00,147.77,08:45:00
2026-04-22 09:00:00,139.77,09:00:00
2026-04-22 09:15:00,135.34,09:15:00
2026-04-22 09:30:00,132.87,09:30:00
2026-04-22 09:45:00,131.31,09:45:00
2026-04-22 10:00:00,132.78,10:00:00
2026-04-22 10:15:00,133.4,10:15:00
2026-04-22 10:30:00,133.81,10:30:00
2026-04-22 10:45:00,134.97,10:45:00
2026-04-22 11:00:00,133.99,11:00:00
2026-04-22 11:15:00,133.86,11:15:00
2026-04-22 11:30:00,133.46,11:30:00
2026-04-22 11:45:00,134.32,11:45:00
2026-04-22 12:00:00,134.83,12:00:00
2026-04-22 12:15:00,133.31,12:15:00
2026-04-22 12:30:00,134.77,12:30:00
2026-04-22 12:45:00,137.74,12:45:00
2026-04-22 13:00:00,138.22,13:00:00
2026-04-22 13:15:00,139.59,13:15:00
2026-04-22 13:30:00,144.12,13:30:00
2026-04-22 13:45:00,147.23,13:45:00
2026-04-22 14:00:00,153.39,14:00:00
2026-04-22 14:15:00,158.37,14:15:00
2026-04-22 14:30:00,162.32,14:30:00
2026-04-22 14:45:00,169.13,14:45:00
2026-04-22 15:00:00,171.42,15:00:00
2026-04-22 15:15:00,178.64,15:15:00
2026-04-22 15:30:00,184.88,15:30:00
2026-04-22 15:45:00,201.52,15:45:00
2026-04-22 16:00:00,228.92,16:00:00
2026-04-22 16:15:00,249.06,16:15:00
2026-04-22 16:30:00,268.15,16:30:00
2026-04-22 16:45:00,288.74,16:45:00
2026-04-22 17:00:00,308.55,17:00:00
2026-04-22 17:15:00,323.72,17:15:00
2026-04-22 18:15:00,339.17,18:15:00
2026-04-22 18:30:00,335.44,18:30:00
2026-04-22 18:45:00,332.06,18:45:00
2026-04-22 19:00:00,328.5,19:00:00
2026-04-22 19:15:00,324.65,19:15:00
2026-04-22 19:30:00,320.59,19:30:00
2026-04-22 19:45:00,315.81,19:45:00
2026-04-22 20:00:00,313.16,20:00:00
2026-04-22 20:15:00,310.48,20:15:00
2026-04-22 20:30:00,311.19,20:30:00
2026-04-22 20:45:00,311.44,20:45:00
2026-04-22 21:00:00,309.09,21:00:00
2026-04-22 21:15:00,308.42,21:15:00
2026-04-22 21:30:00,308.79,21:30:00
2026-04-22 21:45:00,312.28,21:45:00
2026-04-22 22:00:00,312.99,22:00:00
2026-04-22 22:15:00,313.68,22:15:00
2026-04-22 22:30:00,314.14,22:30:00
2026-04-22 22:45:00,315.92,22:45:00
2026-04-22 23:00:00,316.18,23:00:00
2026-04-22 23:15:00,318.55,23:15:00
2026-04-22 23:30:00,321.44,23:30:00
2026-04-22 23:45:00,323.11,23:45:00
2026-04-23 00:00:00,323.98,00:00:00
2026-04-23 00:15:00,325.06,00:15:00
2026-04-23 00:30:00,325.73,00:30:00
2026-04-23 00:45:00,326.02,00:45:00
2026-04-23 01:00:00,327.41,01:00:00
2026-04-23 01:15:00,327.06,01:15:00
2026-04-23 01:30:00,327.28,01:30:00
2026-04-23 01:45:00,326.54,01:45:00
2026-04-23 02:00:00,325.98,02:00:00
2026-04-23 02:15:00,325.11,02:15:00
2026-04-23 02:30:00,324.88,02:30:00
2026-04-23 02:45:00,322.93,02:45:00
2026-04-23 03:00:00,319.66,03:00:00
2026-04-23 03:15:00,314.54,03:15:00
2026-04-23 03:30:00,309.24,03:30:00
2026-04-23 03:45:00,307.0,03:45:00
2026-04-23 04:00:00,306.25,04:00:00
2026-04-23 04:15:00,300.35,04:15:00
2026-04-23 04:30:00,294.62,04:30:00
2026-04-23 04:45:00,287.19,04:45:00
2026-04-23 05:00:00,275.8,05:00:00
2026-04-23 05:15:00,269.02,05:15:00
2026-04-23 05:30:00,260.8,05:30:00
2026-04-23 05:45:00,250.01,05:45:00
2026-04-23 06:00:00,229.77,06:00:00
2026-04-23 06:15:00,221.51,06:15:00
2026-04-23 06:30:00,213.68,06:30:00
2026-04-23 06:45:00,201.81,06:45:00
2026-04-23 07:00:00,189.55,07:00:00
2026-04-23 07:15:00,177.74,07:15:00
2026-04-23 07:30:00,166.04,07:30:00
2026-04-23 07:45:00,153.15,07:45:00
2026-04-23 08:00:00,136.28,08:00:00
2026-04-23 08:15:00,134.29,08:15:00
2026-04-23 08:30:00,131.66,08:30:00
2026-04-23 08:45:00,131.56,08:45:00
2026-04-23 09:00:00,117.29,09:00:00
2026-04-23 09:15:00,127.93,09:15:00
2026-04-23 09:30:00,125.82,09:30:00
2026-04-23 09:45:00,123.74,09:45:00
2026-04-23 10:00:00,120.03,10:00:00
2026-04-23 10:15:00,120.77,10:15:00
2026-04-23 10:30:00,121.23,10:30:00
2026-04-23 10:45:00,121.87,10:45:00
2026-04-23 11:00:00,122.08,11:00:00
2026-04-23 11:15:00,123.09,11:15:00
2026-04-23 11:30:00,123.67,11:30:00
2026-04-23 11:45:00,124.0,11:45:00
2026-04-23 12:00:00,125.04,12:00:00
2026-04-23 12:15:00,124.75,12:15:00
2026-04-23 12:30:00,126.53,12:30:00
2026-04-23 12:45:00,127.21,12:45:00
2026-04-23 13:00:00,127.58,13:00:00
2026-04-23 13:15:00,127.0,13:15:00
2026-04-23 13:30:00,129.53,13:30:00
2026-04-23 13:45:00,130.53,13:45:00
2026-04-23 14:00:00,130.05,14:00:00
2026-04-23 14:15:00,130.85,14:15:00
2026-04-23 14:30:00,134.16,14:30:00
2026-04-23 14:45:00,134.92,14:45:00
2026-04-23 15:00:00,133.95,15:00:00
2026-04-23 15:15:00,139.27,15:15:00
2026-04-23 15:30:00,144.81,15:30:00
2026-04-23 15:45:00,153.55,15:45:00
2026-04-23 16:00:00,173.85,16:00:00
2026-04-23 16:15:00,190.25,16:15:00
2026-04-23 16:30:00,207.89,16:30:00
2026-04-23 16:45:00,225.14,16:45:00
2026-04-23 17:00:00,238.93,17:00:00
2026-04-23 17:15:00,253.22,17:15:00
2026-04-23 17:30:00,265.67,17:30:00
2026-04-23 17:45:00,274.17,17:45:00
2026-04-23 18:00:00,277.64,18:00:00
2026-04-23 18:15:00,273.94,18:15:00
2026-04-23 18:30:00,271.17,18:30:00
2026-04-23 18:45:00,267.14,18:45:00
2026-04-23 19:00:00,258.55,19:00:00
2026-04-23 19:15:00,256.57,19:15:00
2026-04-23 19:30:00,255.68,19:30:00
2026-04-23 19:45:00,253.56,19:45:00
2026-04-23 20:00:00,251.52,20:00:00
2026-04-23 20:15:00,249.55,20:15:00
2026-04-23 20:30:00,252.38,20:30:00
2026-04-23 20:45:00,253.55,20:45:00
2026-04-23 21:00:00,248.63,21:00:00
2026-04-23 21:15:00,247.44,21:15:00
2026-04-23 21:30:00,248.87,21:30:00
2026-04-23 21:45:00,250.79,21:45:00
2026-04-23 22:00:00,251.37,22:00:00
2026-04-23 22:15:00,251.75,22:15:00
2026-04-23 22:30:00,252.59,22:30:00
2026-04-23 22:45:00,254.33,22:45:00
2026-04-23 23:00:00,255.64,23:00:00
2026-04-23 23:15:00,258.23,23:15:00
2026-04-23 23:30:00,260.86,23:30:00
2026-04-23 23:45:00,261.76,23:45:00
2026-04-24 00:00:00,263.11,00:00:00
2026-04-24 00:15:00,263.87,00:15:00
2026-04-24 00:30:00,264.33,00:30:00
2026-04-24 00:45:00,269.35,00:45:00
2026-04-24 01:00:00,276.09,01:00:00
2026-04-24 01:15:00,279.67,01:15:00
2026-04-24 01:30:00,281.11,01:30:00
2026-04-24 01:45:00,285.08,01:45:00
2026-04-24 02:00:00,288.68,02:00:00
2026-04-24 02:15:00,289.32,02:15:00
2026-04-24 02:30:00,289.32,02:30:00
2026-04-24 02:45:00,292.12,02:45:00
2026-04-24 03:00:00,294.13,03:00:00
2026-04-24 03:15:00,294.28,03:15:00
2026-04-24 03:30:00,295.46,03:30:00
2026-04-24 03:45:00,298.3,03:45:00
2026-04-24 04:00:00,296.05,04:00:00
2026-04-24 04:15:00,296.46,04:15:00
2026-04-24 04:30:00,294.87,04:30:00
2026-04-24 04:45:00,289.67,04:45:00
2026-04-24 05:00:00,280.5,05:00:00
2026-04-24 05:15:00,272.81,05:15:00
2026-04-24 05:30:00,264.29,05:30:00
2026-04-24 05:45:00,259.47,05:45:00
2026-04-24 06:00:00,251.22,06:00:00
2026-04-24 06:15:00,243.52,06:15:00
2026-04-24 06:30:00,234.41,06:30:00
2026-04-24 06:45:00,224.91,06:45:00
2026-04-24 07:00:00,210.17,07:00:00
2026-04-24 07:15:00,195.74,07:15:00
2026-04-24 07:30:00,181.58,07:30:00
2026-04-24 07:45:00,167.92,07:45:00
2026-04-24 08:00:00,151.05,08:00:00
2026-04-24 08:15:00,140.45,08:15:00
2026-04-24 08:30:00,134.33,08:30:00
2026-04-24 08:45:00,130.71,08:45:00
2026-04-24 09:00:00,129.7,09:00:00
2026-04-24 09:15:00,126.67,09:15:00
2026-04-24 09:30:00,125.68,09:30:00
2026-04-24 09:45:00,123.0,09:45:00
2026-04-24 10:00:00,122.98,10:00:00
2026-04-24 10:15:00,123.09,10:15:00
2026-04-24 10:30:00,124.0,10:30:00
2026-04-24 10:45:00,124.2,10:45:00
2026-04-24 11:00:00,120.94,11:00:00
2026-04-24 11:15:00,122.17,11:15:00
2026-04-24 11:30:00,125.66,11:30:00
2026-04-24 11:45:00,125.88,11:45:00
2026-04-24 12:00:00,126.74,12:00:00
2026-04-24 12:15:00,126.51,12:15:00
2026-04-24 12:30:00,128.0,12:30:00
2026-04-24 12:45:00,126.34,12:45:00
2026-04-24 13:00:00,126.35,13:00:00
2026-04-24 13:15:00,127.03,13:15:00
2026-04-24 13:30:00,129.96,13:30:00
2026-04-24 13:45:00,132.35,13:45:00
2026-04-24 14:00:00,131.2,14:00:00
2026-04-24 14:15:00,131.72,14:15:00
2026-04-24 14:30:00,133.55,14:30:00
2026-04-24 14:45:00,136.36,14:45:00
2026-04-24 15:00:00,136.42,15:00:00
2026-04-24 15:15:00,143.71,15:15:00
2026-04-24 15:30:00,156.34,15:30:00
2026-04-24 15:45:00,176.0,15:45:00
2026-04-24 16:00:00,199.11,16:00:00
2026-04-24 16:15:00,217.92,16:15:00
2026-04-24 16:30:00,232.48,16:30:00
2026-04-24 16:45:00,248.27,16:45:00
2026-04-24 17:00:00,264.05,17:00:00
2026-04-24 17:15:00,274.11,17:15:00
2026-04-24 17:30:00,285.28,17:30:00
2026-04-24 17:45:00,290.05,17:45:00
2026-04-24 18:00:00,295.17,18:00:00
2026-04-24 18:15:00,293.12,18:15:00
2026-04-24 18:30:00,268.05,18:30:00
2026-04-24 18:45:00,291.56,18:45:00
2026-04-24 19:00:00,267.85,19:00:00
2026-04-24 19:15:00,290.3,19:15:00
2026-04-24 19:30:00,289.93,19:30:00
2026-04-24 19:45:00,289.52,19:45:00
2026-04-24 20:00:00,291.06,20:00:00
2026-04-24 20:15:00,290.08,20:15:00
2026-04-24 20:30:00,290.49,20:30:00
2026-04-24 20:45:00,288.18,20:45:00
2026-04-24 21:00:00,284.35,21:00:00
2026-04-24 21:15:00,284.6,21:15:00
2026-04-24 21:30:00,284.48,21:30:00
2026-04-24 21:45:00,282.03,21:45:00
2026-04-24 22:00:00,282.32,22:00:00
2026-04-24 22:15:00,284.77,22:15:00
2026-04-24 22:30:00,284.15,22:30:00
2026-04-24 22:45:00,286.1,22:45:00
2026-04-24 23:00:00,283.69,23:00:00
2026-04-24 23:15:00,278.7,23:15:00
2026-04-24 23:30:00,275.75,23:30:00
2026-04-24 23:45:00,275.83,23:45:00
2026-04-25 00:00:00,275.27,00:00:00
2026-04-25 00:15:00,273.61,00:15:00
2026-04-25 00:30:00,272.26,00:30:00
2026-04-25 00:45:00,270.62,00:45:00
2026-04-25 01:00:00,270.06,01:00:00
2026-04-25 01:15:00,268.49,01:15:00
2026-04-25 01:30:00,269.2,01:30:00
2026-04-25 01:45:00,269.16,01:45:00
2026-04-25 02:00:00,269.13,02:00:00
2026-04-25 02:15:00,270.24,02:15:00
2026-04-25 02:30:00,270.24,02:30:00
2026-04-25 02:45:00,268.14,02:45:00
2026-04-25 03:00:00,268.73,03:00:00
2026-04-25 03:15:00,267.71,03:15:00
2026-04-25 03:30:00,265.16,03:30:00
2026-04-25 03:45:00,263.0,03:45:00
2026-04-25 04:00:00,256.59,04:00:00
2026-04-25 04:15:00,253.25,04:15:00
2026-04-25 04:30:00,251.23,04:30:00
2026-04-25 04:45:00,242.55,04:45:00
2026-04-25 05:00:00,224.7,05:00:00
2026-04-25 05:15:00,216.18,05:15:00
2026-04-25 05:30:00,206.59,05:30:00
2026-04-25 05:45:00,196.21,05:45:00
2026-04-25 06:00:00,183.97,06:00:00
2026-04-25 06:15:00,169.63,06:15:00
2026-04-25 06:30:00,149.33,06:30:00
2026-04-25 06:45:00,151.07,06:45:00
2026-04-25 07:00:00,145.07,07:00:00
2026-04-25 07:15:00,141.7,07:15:00
2026-04-25 07:30:00,137.38,07:30:00
2026-04-25 07:45:00,131.78,07:45:00
2026-04-25 08:00:00,122.65,08:00:00
2026-04-25 08:15:00,122.11,08:15:00
2026-04-25 08:30:00,120.85,08:30:00
2026-04-25 08:45:00,122.28,08:45:00
2026-04-25 09:00:00,119.45,09:00:00
2026-04-25 09:15:00,122.36,09:15:00
2026-04-25 09:30:00,117.54,09:30:00
2026-04-25 09:45:00,117.81,09:45:00
2026-04-25 10:00:00,111.39,10:00:00
2026-04-25 10:15:00,112.46,10:15:00
2026-04-25 10:30:00,112.9,10:30:00
2026-04-25 10:45:00,112.53,10:45:00
2026-04-25 11:00:00,112.97,11:00:00
2026-04-25 11:15:00,116.13,11:15:00
2026-04-25 11:30:00,117.12,11:30:00
2026-04-25 11:45:00,118.79,11:45:00
2026-04-25 12:00:00,116.99,12:00:00
2026-04-25 12:15:00,117.62,12:15:00
2026-04-25 12:30:00,119.82,12:30:00
2026-04-25 12:45:00,121.67,12:45:00
2026-04-25 13:00:00,122.33,13:00:00
2026-04-25 13:15:00,123.43,13:15:00
2026-04-25 13:30:00,126.45,13:30:00
2026-04-25 13:45:00,127.32,13:45:00
2026-04-25 14:00:00,129.06,14:00:00
2026-04-25 14:15:00,128.34,14:15:00
2026-04-25 14:30:00,124.91,14:30:00
2026-04-25 14:45:00,125.91,14:45:00
2026-04-25 15:00:00,126.72,15:00:00
2026-04-25 15:15:00,127.33,15:15:00
2026-04-25 15:30:00,126.71,15:30:00
2026-04-25 15:45:00,130.82,15:45:00
2026-04-25 16:00:00,133.84,16:00:00
2026-04-25 16:15:00,138.09,16:15:00
2026-04-25 16:30:00,144.25,16:30:00
2026-04-25 16:45:00,150.73,16:45:00
2026-04-25 17:00:00,159.8,17:00:00
2026-04-25 17:15:00,167.9,17:15:00
2026-04-25 17:30:00,176.68,17:30:00
2026-04-25 17:45:00,185.39,17:45:00
2026-04-25 18:00:00,189.77,18:00:00
2026-04-25 18:15:00,190.88,18:15:00
2026-04-25 18:30:00,191.68,18:30:00
2026-04-25 18:45:00,188.99,18:45:00
2026-04-25 19:00:00,184.26,19:00:00
2026-04-25 19:15:00,185.68,19:15:00
2026-04-25 19:30:00,185.75,19:30:00
2026-04-25 19:45:00,185.42,19:45:00
2026-04-25 20:00:00,186.67,20:00:00
2026-04-25 20:15:00,185.17,20:15:00
2026-04-25 20:30:00,186.54,20:30:00
2026-04-25 20:45:00,186.63,20:45:00
2026-04-25 21:00:00,187.98,21:00:00
2026-04-25 21:15:00,190.04,21:15:00
2026-04-25 21:30:00,193.42,21:30:00
2026-04-25 21:45:00,194.66,21:45:00
2026-04-25 22:00:00,196.1,22:00:00
2026-04-25 22:15:00,198.13,22:15:00
2026-04-25 22:30:00,198.72,22:30:00
2026-04-25 22:45:00,204.44,22:45:00
2026-04-25 23:00:00,212.37,23:00:00
2026-04-25 23:15:00,217.28,23:15:00
2026-04-25 23:30:00,222.95,23:30:00
2026-04-25 23:45:00,228.73,23:45:00
2026-04-26 00:00:00,231.75,00:00:00
2026-04-26 00:15:00,234.96,00:15:00
2026-04-26 00:30:00,240.09,00:30:00
2026-04-26 00:45:00,245.57,00:45:00
2026-04-26 01:00:00,251.89,01:00:00
2026-04-26 01:15:00,257.02,01:15:00
2026-04-26 01:30:00,260.83,01:30:00
2026-04-26 01:45:00,265.57,01:45:00
2026-04-26 02:00:00,271.69,02:00:00
2026-04-26 02:15:00,276.0,02:15:00
2026-04-26 02:30:00,281.44,02:30:00
2026-04-26 02:45:00,286.97,02:45:00
2026-04-26 03:00:00,290.21,03:00:00
2026-04-26 03:15:00,298.16,03:15:00
2026-04-26 03:30:00,305.01,03:30:00
2026-04-26 03:45:00,311.75,03:45:00
2026-04-26 04:00:00,318.25,04:00:00
2026-04-26 04:15:00,315.73,04:15:00
2026-04-26 04:30:00,310.36,04:30:00
2026-04-26 04:45:00,301.8,04:45:00
2026-04-26 05:00:00,300.38,05:00:00
2026-04-26 05:15:00,289.99,05:15:00
2026-04-26 05:30:00,274.46,05:30:00
2026-04-26 05:45:00,256.76,05:45:00
2026-04-26 06:00:00,238.9,06:00:00
2026-04-26 06:15:00,218.91,06:15:00
2026-04-26 06:30:00,195.57,06:30:00
2026-04-26 06:45:00,189.39,06:45:00
2026-04-26 07:00:00,175.53,07:00:00
2026-04-26 07:15:00,169.78,07:15:00
2026-04-26 07:30:00,162.54,07:30:00
2026-04-26 07:45:00,156.54,07:45:00
2026-04-26 08:00:00,149.22,08:00:00
2026-04-26 08:15:00,143.71,08:15:00
2026-04-26 08:30:00,142.58,08:30:00
2026-04-26 08:45:00,142.06,08:45:00
2026-04-26 09:00:00,136.03,09:00:00
2026-04-26 09:15:00,131.86,09:15:00
2026-04-26 09:30:00,126.84,09:30:00
2026-04-26 09:45:00,133.6,09:45:00
2026-04-26 10:00:00,130.26,10:00:00
2026-04-26 10:15:00,132.27,10:15:00
2026-04-26 10:30:00,131.84,10:30:00
2026-04-26 10:45:00,132.16,10:45:00
2026-04-26 11:00:00,130.87,11:00:00
2026-04-26 11:15:00,130.22,11:15:00
2026-04-26 11:30:00,131.74,11:30:00
2026-04-26 11:45:00,132.3,11:45:00
2026-04-26 12:00:00,134.13,12:00:00
2026-04-26 12:15:00,136.22,12:15:00
2026-04-26 12:30:00,138.51,12:30:00
2026-04-26 12:45:00,141.56,12:45:00
2026-04-26 13:00:00,146.01,13:00:00
2026-04-26 13:15:00,146.84,13:15:00
2026-04-26 13:30:00,148.24,13:30:00
2026-04-26 13:45:00,152.27,13:45:00
2026-04-26 14:00:00,157.81,14:00:00
2026-04-26 14:15:00,162.07,14:15:00
2026-04-26 14:30:00,160.77,14:30:00
2026-04-26 14:45:00,173.14,14:45:00
2026-04-26 15:00:00,189.68,15:00:00
2026-04-26 15:15:00,205.31,15:15:00
2026-04-26 15:30:00,226.31,15:30:00
2026-04-26 15:45:00,249.64,15:45:00
2026-04-26 16:00:00,272.07,16:00:00
2026-04-26 16:15:00,299.26,16:15:00
2026-04-26 16:30:00,329.29,16:30:00
2026-04-26 16:45:00,353.51,16:45:00
2026-04-26 17:00:00,378.11,17:00:00
2026-04-26 17:15:00,394.76,17:15:00
2026-04-26 17:30:00,414.18,17:30:00
2026-04-26 17:45:00,432.21,17:45:00
2026-04-26 18:00:00,450.49,18:00:00
2026-04-26 18:15:00,459.4,18:15:00
2026-04-26 18:30:00,458.67,18:30:00
2026-04-26 18:45:00,459.04,18:45:00
2026-04-26 19:00:00,458.22,19:00:00
2026-04-26 19:15:00,455.25,19:15:00
2026-04-26 19:30:00,452.1,19:30:00
2026-04-26 19:45:00,451.15,19:45:00
2026-04-26 20:00:00,447.89,20:00:00
2026-04-26 20:15:00,444.35,20:15:00
2026-04-26 20:30:00,444.18,20:30:00
2026-04-26 20:45:00,444.51,20:45:00
2026-04-26 21:00:00,444.28,21:00:00
2026-04-26 21:15:00,443.59,21:15:00
2026-04-26 21:30:00,444.05,21:30:00
2026-04-26 21:45:00,441.37,21:45:00
2026-04-26 22:00:00,438.74,22:00:00
2026-04-26 22:15:00,436.75,22:15:00
2026-04-26 22:30:00,437.36,22:30:00
2026-04-26 22:45:00,439.07,22:45:00
2026-04-26 23:00:00,441.99,23:00:00
2026-04-26 23:15:00,442.59,23:15:00
2026-04-26 23:30:00,447.12,23:30:00
2026-04-26 23:45:00,447.64,23:45:00
2026-04-27 00:00:00,449.59,00:00:00
2026-04-27 00:15:00,449.56,00:15:00
2026-04-27 00:30:00,451.37,00:30:00
2026-04-27 00:45:00,449.8,00:45:00
2026-04-27 01:00:00,449.61,01:00:00
2026-04-27 01:15:00,451.3,01:15:00
2026-04-27 01:30:00,451.78,01:30:00
2026-04-27 01:45:00,452.15,01:45:00
2026-04-27 02:00:00,451.23,02:00:00
2026-04-27 02:15:00,453.01,02:15:00
2026-04-27 02:30:00,452.35,02:30:00
2026-04-27 02:45:00,453.36,02:45:00
2026-04-27 03:00:00,453.23,03:00:00
2026-04-27 03:15:00,452.0,03:15:00
2026-04-27 03:30:00,455.64,03:30:00
2026-04-27 03:45:00,456.64,03:45:00
2026-04-27 04:00:00,450.56,04:00:00
2026-04-27 04:15:00,444.05,04:15:00
2026-04-27 04:30:00,432.22,04:30:00
2026-04-27 04:45:00,418.58,04:45:00
2026-04-27 05:00:00,402.24,05:00:00
2026-04-27 05:15:00,386.14,05:15:00
2026-04-27 05:30:00,365.93,05:30:00
2026-04-27 05:45:00,346.32,05:45:00
2026-04-27 06:00:00,331.06,06:00:00
2026-04-27 06:15:00,310.5,06:15:00
2026-04-27 06:30:00,290.64,06:30:00
2026-04-27 06:45:00,269.18,06:45:00
2026-04-27 07:00:00,251.42,07:00:00
2026-04-27 07:15:00,231.92,07:15:00
2026-04-27 07:30:00,214.25,07:30:00
2026-04-27 07:45:00,200.83,07:45:00
2026-04-27 08:00:00,188.57,08:00:00
2026-04-27 08:15:00,179.32,08:15:00
2026-04-27 08:30:00,172.52,08:30:00
2026-04-27 08:45:00,165.71,08:45:00
2026-04-27 09:00:00,157.89,09:00:00
2026-04-27 09:15:00,152.8,09:15:00
2026-04-27 09:30:00,149.07,09:30:00
2026-04-27 09:45:00,147.72,09:45:00
2026-04-27 10:00:00,143.24,10:00:00
2026-04-27 10:15:00,144.37,10:15:00
2026-04-27 10:30:00,145.08,10:30:00
2026-04-27 10:45:00,143.69,10:45:00
2026-04-27 11:00:00,144.73,11:00:00
2026-04-27 11:15:00,145.92,11:15:00
2026-04-27 11:30:00,146.12,11:30:00
2026-04-27 11:45:00,147.49,11:45:00
2026-04-27 12:00:00,147.5,12:00:00
2026-04-27 12:15:00,147.74,12:15:00
2026-04-27 12:30:00,150.38,12:30:00
2026-04-27 12:45:00,153.11,12:45:00
2026-04-27 13:00:00,160.04,13:00:00
2026-04-27 13:15:00,161.53,13:15:00
2026-04-27 13:30:00,166.68,13:30:00
2026-04-27 13:45:00,173.59,13:45:00
2026-04-27 14:00:00,182.4,14:00:00
2026-04-27 14:15:00,191.15,14:15:00
2026-04-27 14:30:00,202.38,14:30:00
2026-04-27 14:45:00,219.53,14:45:00
2026-04-27 15:00:00,242.16,15:00:00
2026-04-27 15:15:00,258.94,15:15:00
2026-04-27 15:30:00,280.86,15:30:00
2026-04-27 15:45:00,302.1,15:45:00
2026-04-27 16:00:00,322.11,16:00:00
2026-04-27 16:15:00,342.46,16:15:00
2026-04-27 16:30:00,359.78,16:30:00
2026-04-27 16:45:00,377.36,16:45:00
2026-04-27 17:00:00,392.2,17:00:00
2026-04-27 17:15:00,403.55,17:15:00
2026-04-27 17:30:00,411.61,17:30:00
2026-04-27 17:45:00,419.24,17:45:00
2026-04-27 18:00:00,420.84,18:00:00
2026-04-27 18:15:00,420.55,18:15:00
2026-04-27 18:30:00,382.9,18:30:00
2026-04-27 18:45:00,413.13,18:45:00
2026-04-27 19:00:00,373.58,19:00:00
2026-04-27 19:15:00,400.53,19:15:00
2026-04-27 19:30:00,391.73,19:30:00
2026-04-27 19:45:00,385.52,19:45:00
2026-04-27 20:00:00,378.63,20:00:00
2026-04-27 20:15:00,373.62,20:15:00
2026-04-27 20:30:00,370.45,20:30:00
2026-04-27 20:45:00,366.55,20:45:00
2026-04-27 21:00:00,354.73,21:00:00
2026-04-27 21:15:00,351.06,21:15:00
2026-04-27 21:30:00,351.2,21:30:00
2026-04-27 21:45:00,346.68,21:45:00
2026-04-27 22:00:00,340.1,22:00:00
2026-04-27 22:15:00,337.61,22:15:00
2026-04-27 22:30:00,337.73,22:30:00
2026-04-27 22:45:00,339.08,22:45:00
2026-04-27 23:00:00,339.1,23:00:00
2026-04-27 23:15:00,343.02,23:15:00
2026-04-27 23:30:00,345.77,23:30:00
2026-04-27 23:45:00,345.86,23:45:00
2026-04-28 00:00:00,345.1,00:00:00
2026-04-28 00:15:00,347.73,00:15:00
2026-04-28 00:30:00,351.02,00:30:00
2026-04-28 00:45:00,353.99,00:45:00
2026-04-28 01:00:00,354.66,01:00:00
2026-04-28 01:15:00,355.15,01:15:00
2026-04-28 01:30:00,354.92,01:30:00
2026-04-28 01:45:00,356.85,01:45:00
2026-04-28 02:00:00,352.64,02:00:00
2026-04-28 02:15:00,351.66,02:15:00
2026-04-28 02:30:00,348.42,02:30:00
2026-04-28 02:45:00,344.23,02:45:00
2026-04-28 03:00:00,343.05,03:00:00
2026-04-28 03:15:00,339.7,03:15:00
2026-04-28 03:30:00,335.63,03:30:00
2026-04-28 03:45:00,332.99,03:45:00
2026-04-28 04:00:00,326.08,04:00:00
2026-04-28 04:15:00,322.73,04:15:00
2026-04-28 04:30:00,319.61,04:30:00
2026-04-28 04:45:00,314.48,04:45:00
2026-04-28 05:00:00,310.5,05:00:00
2026-04-28 05:15:00,304.85,05:15:00
2026-04-28 05:30:00,299.44,05:30:00
2026-04-28 05:45:00,291.92,05:45:00
2026-04-28 06:00:00,280.85,06:00:00
2026-04-28 06:15:00,271.31,06:15:00
2026-04-28 06:30:00,256.53,06:30:00
2026-04-28 06:45:00,237.86,06:45:00
2026-04-28 07:00:00,212.68,07:00:00
2026-04-28 07:15:00,193.47,07:15:00
2026-04-28 07:30:00,176.31,07:30:00
2026-04-28 07:45:00,161.69,07:45:00
2026-04-28 08:00:00,150.05,08:00:00
2026-04-28 08:15:00,142.64,08:15:00
2026-04-28 08:30:00,139.6,08:30:00
2026-04-28 08:45:00,135.59,08:45:00
2026-04-28 09:00:00,129.21,09:00:00
2026-04-28 09:15:00,126.97,09:15:00
2026-04-28 09:30:00,125.76,09:30:00
2026-04-28 09:45:00,125.3,09:45:00
2026-04-28 10:00:00,125.94,10:00:00
2026-04-28 10:15:00,123.94,10:15:00
2026-04-28 10:30:00,123.7,10:30:00
2026-04-28 10:45:00,124.39,10:45:00
2026-04-28 11:00:00,122.38,11:00:00
2026-04-28 11:15:00,122.33,11:15:00
2026-04-28 11:30:00,123.8,11:30:00
2026-04-28 11:45:00,125.65,11:45:00
2026-04-28 12:00:00,126.33,12:00:00
2026-04-28 12:15:00,127.43,12:15:00
2026-04-28 12:30:00,129.15,12:30:00
2026-04-28 12:45:00,130.15,12:45:00
2026-04-28 13:00:00,129.75,13:00:00
2026-04-28 13:15:00,130.75,13:15:00
2026-04-28 13:30:00,133.34,13:30:00
2026-04-28 13:45:00,136.37,13:45:00
2026-04-28 14:00:00,137.68,14:00:00
2026-04-28 14:15:00,138.96,14:15:00
2026-04-28 14:30:00,140.57,14:30:00
2026-04-28 14:45:00,144.1,14:45:00
2026-04-28 15:00:00,143.93,15:00:00
2026-04-28 15:15:00,146.73,15:15:00
2026-04-28 15:30:00,154.6,15:30:00
2026-04-28 15:45:00,166.46,15:45:00
2026-04-28 16:00:00,185.29,16:00:00
2026-04-28 16:15:00,205.96,16:15:00
2026-04-28 16:30:00,222.61,16:30:00
2026-04-28 16:45:00,236.45,16:45:00
2026-04-28 17:00:00,249.52,17:00:00
2026-04-28 17:15:00,259.67,17:15:00
2026-04-28 17:30:00,265.98,17:30:00
2026-04-28 17:45:00,273.4,17:45:00
2026-04-28 18:00:00,280.05,18:00:00
2026-04-28 18:15:00,284.71,18:15:00
2026-04-28 18:30:00,262.43,18:30:00
2026-04-28 18:45:00,282.85,18:45:00
2026-04-28 19:00:00,276.74,19:00:00
2026-04-28 19:15:00,275.55,19:15:00
2026-04-28 19:30:00,276.3,19:30:00
2026-04-28 19:45:00,276.69,19:45:00
2026-04-28 20:00:00,277.48,20:00:00
2026-04-28 20:15:00,278.19,20:15:00
2026-04-28 20:30:00,279.77,20:30:00
2026-04-28 20:45:00,278.74,20:45:00
2026-04-28 21:00:00,280.17,21:00:00
2026-04-28 21:15:00,280.86,21:15:00
2026-04-28 21:30:00,282.89,21:30:00
2026-04-28 21:45:00,283.8,21:45:00
2026-04-28 22:00:00,282.24,22:00:00
2026-04-28 22:15:00,281.86,22:15:00
2026-04-28 22:30:00,281.94,22:30:00
2026-04-28 22:45:00,284.76,22:45:00
2026-04-28 23:00:00,287.44,23:00:00
2026-04-28 23:15:00,289.89,23:15:00
2026-04-28 23:30:00,292.98,23:30:00
2026-04-28 23:45:00,295.91,23:45:00
2026-04-29 00:00:00,296.3,00:00:00
2026-04-29 00:15:00,298.85,00:15:00
2026-04-29 00:30:00,299.67,00:30:00
2026-04-29 00:45:00,301.88,00:45:00
2026-04-29 01:00:00,303.67,01:00:00
2026-04-29 01:15:00,305.61,01:15:00
2026-04-29 01:30:00,307.94,01:30:00
2026-04-29 01:45:00,310.85,01:45:00
2026-04-29 02:00:00,316.58,02:00:00
2026-04-29 02:15:00,317.75,02:15:00
2026-04-29 02:30:00,318.38,02:30:00
2026-04-29 02:45:00,318.25,02:45:00
2026-04-29 03:00:00,318.2,03:00:00
2026-04-29 03:15:00,318.07,03:15:00
2026-04-29 03:30:00,317.62,03:30:00
2026-04-29 03:45:00,319.77,03:45:00
2026-04-29 04:00:00,316.24,04:00:00
2026-04-29 04:15:00,311.65,04:15:00
2026-04-29 04:30:00,310.68,04:30:00
2026-04-29 04:45:00,308.02,04:45:00
2026-04-29 05:00:00,301.68,05:00:00
2026-04-29 05:15:00,296.67,05:15:00
2026-04-29 05:30:00,294.16,05:30:00
2026-04-29 05:45:00,288.98,05:45:00
2026-04-29 06:00:00,279.27,06:00:00
2026-04-29 06:15:00,267.28,06:15:00
2026-04-29 06:30:00,254.83,06:30:00
2026-04-29 06:45:00,234.89,06:45:00
2026-04-29 07:00:00,209.98,07:00:00
2026-04-29 07:15:00,191.04,07:15:00
2026-04-29 07:30:00,172.04,07:30:00
2026-04-29 07:45:00,156.57,07:45:00
2026-04-29 08:00:00,145.29,08:00:00
2026-04-29 08:15:00,140.75,08:15:00
2026-04-29 08:30:00,135.78,08:30:00
2026-04-29 08:45:00,132.69,08:45:00
2026-04-29 09:00:00,129.42,09:00:00
2026-04-29 09:15:00,129.01,09:15:00
2026-04-29 09:30:00,129.28,09:30:00
2026-04-29 09:45:00,128.71,09:45:00
2026-04-29 10:00:00,126.94,10:00:00
2026-04-29 10:15:00,127.21,10:15:00
2026-04-29 10:30:00,126.75,10:30:00
2026-04-29 10:45:00,126.8,10:45:00
2026-04-29 11:00:00,126.96,11:00:00
2026-04-29 11:15:00,126.35,11:15:00
2026-04-29 11:30:00,126.59,11:30:00
2026-04-29 11:45:00,128.31,11:45:00
2026-04-29 12:00:00,127.76,12:00:00
2026-04-29 12:15:00,128.68,12:15:00
2026-04-29 12:30:00,129.72,12:30:00
2026-04-29 12:45:00,131.26,12:45:00
2026-04-29 13:00:00,133.78,13:00:00
2026-04-29 13:15:00,133.17,13:15:00
2026-04-29 13:30:00,135.12,13:30:00
2026-04-29 13:45:00,137.46,13:45:00
2026-04-29 14:00:00,139.51,14:00:00
2026-04-29 14:15:00,140.88,14:15:00
2026-04-29 14:30:00,143.29,14:30:00
2026-04-29 14:45:00,144.68,14:45:00
2026-04-29 15:00:00,145.2,15:00:00
2026-04-29 15:15:00,148.62,15:15:00
2026-04-29 15:30:00,157.49,15:30:00
2026-04-29 15:45:00,173.15,15:45:00
2026-04-29 16:00:00,195.97,16:00:00
2026-04-29 16:15:00,217.86,16:15:00
2026-04-29 16:30:00,238.01,16:30:00
2026-04-29 16:45:00,254.32,16:45:00
2026-04-29 17:00:00,264.53,17:00:00
2026-04-29 17:15:00,275.78,17:15:00
2026-04-29 17:30:00,285.61,17:30:00
2026-04-29 17:45:00,295.04,17:45:00
2026-04-29 18:00:00,301.85,18:00:00
2026-04-29 18:15:00,303.81,18:15:00
2026-04-29 18:30:00,300.22,18:30:00
2026-04-29 18:45:00,299.24,18:45:00
2026-04-29 19:00:00,296.71,19:00:00
2026-04-29 19:15:00,295.29,19:15:00
2026-04-29 19:30:00,297.79,19:30:00
2026-04-29 19:45:00,298.23,19:45:00
2026-04-29 20:00:00,301.46,20:00:00
2026-04-29 20:15:00,300.01,20:15:00
2026-04-29 20:30:00,297.02,20:30:00
2026-04-29 20:45:00,294.37,20:45:00
2026-04-29 21:00:00,293.65,21:00:00
2026-04-29 21:15:00,270.58,21:15:00
2026-04-29 21:30:00,294.98,21:30:00
2026-04-29 21:45:00,295.15,21:45:00
2026-04-29 22:00:00,296.1,22:00:00
2026-04-29 22:15:00,296.2,22:15:00
2026-04-29 22:30:00,296.64,22:30:00
2026-04-29 22:45:00,298.82,22:45:00
2026-04-29 23:00:00,300.17,23:00:00
2026-04-29 23:15:00,302.58,23:15:00
2026-04-29 23:30:00,303.35,23:30:00
2026-04-29 23:45:00,306.08,23:45:00
2026-04-30 00:00:00,308.76,00:00:00
2026-04-30 00:15:00,310.04,00:15:00
2026-04-30 00:30:00,313.02,00:30:00
2026-04-30 00:45:00,315.92,00:45:00
2026-04-30 01:00:00,318.27,01:00:00
2026-04-30 01:15:00,321.97,01:15:00
2026-04-30 01:30:00,323.28,01:30:00
2026-04-30 01:45:00,324.46,01:45:00
2026-04-30 02:00:00,322.87,02:00:00
2026-04-30 02:15:00,321.44,02:15:00
2026-04-30 02:30:00,321.6,02:30:00
2026-04-30 02:45:00,321.97,02:45:00
2026-04-30 03:00:00,322.59,03:00:00
2026-04-30 03:15:00,323.15,03:15:00
2026-04-30 03:30:00,326.48,03:30:00
2026-04-30 03:45:00,329.62,03:45:00
2026-04-30 04:00:00,322.37,04:00:00
2026-04-30 04:15:00,315.71,04:15:00
2026-04-30 04:30:00,310.25,04:30:00
2026-04-30 04:45:00,305.34,04:45:00
2026-04-30 05:00:00,297.58,05:00:00
2026-04-30 05:15:00,284.97,05:15:00
2026-04-30 05:30:00,273.68,05:30:00
2026-04-30 05:45:00,264.76,05:45:00
2026-04-30 06:00:00,253.61,06:00:00
2026-04-30 06:15:00,241.46,06:15:00
2026-04-30 06:30:00,225.34,06:30:00
2026-04-30 06:45:00,203.02,06:45:00
2026-04-30 07:00:00,180.15,07:00:00
2026-04-30 07:15:00,159.28,07:15:00
2026-04-30 07:30:00,148.38,07:30:00
2026-04-30 07:45:00,137.57,07:45:00
2026-04-30 08:00:00,130.52,08:00:00
2026-04-30 08:15:00,124.17,08:15:00
2026-04-30 08:30:00,121.73,08:30:00
2026-04-30 08:45:00,118.42,08:45:00
2026-04-30 09:00:00,119.22,09:00:00
2026-04-30 09:15:00,116.36,09:15:00
2026-04-30 09:30:00,115.54,09:30:00
2026-04-30 09:45:00,115.06,09:45:00
2026-04-30 10:00:00,115.38,10:00:00
2026-04-30 10:15:00,115.49,10:15:00
2026-04-30 10:30:00,115.35,10:30:00
2026-04-30 10:45:00,117.48,10:45:00
2026-04-30 11:00:00,120.55,11:00:00
2026-04-30 11:15:00,122.45,11:15:00
2026-04-30 11:30:00,123.91,11:30:00
2026-04-30 11:45:00,126.23,11:45:00
2026-04-30 12:00:00,126.96,12:00:00
2026-04-30 12:15:00,125.79,12:15:00
2026-04-30 12:30:00,125.23,12:30:00
2026-04-30 12:45:00,125.57,12:45:00
2026-04-30 13:00:00,125.4,13:00:00
2026-04-30 13:15:00,125.11,13:15:00
2026-04-30 13:30:00,126.83,13:30:00
2026-04-30 13:45:00,128.08,13:45:00
2026-04-30 14:00:00,128.0,14:00:00
2026-04-30 14:15:00,128.7,14:15:00
2026-04-30 14:30:00,130.43,14:30:00
2026-04-30 14:45:00,134.85,14:45:00
2026-04-30 15:00:00,136.18,15:00:00
2026-04-30 15:15:00,140.99,15:15:00
2026-04-30 15:30:00,148.81,15:30:00
2026-04-30 15:45:00,164.69,15:45:00
2026-04-30 16:00:00,186.2,16:00:00
2026-04-30 16:15:00,208.37,16:15:00
2026-04-30 16:30:00,228.2,16:30:00
2026-04-30 16:45:00,241.75,16:45:00
2026-04-30 17:00:00,255.08,17:00:00
2026-04-30 17:15:00,267.65,17:15:00
2026-04-30 17:30:00,281.22,17:30:00
2026-04-30 17:45:00,294.0,17:45:00
2026-04-30 18:00:00,303.8,18:00:00
2026-04-30 18:15:00,308.55,18:15:00
2026-04-30 18:30:00,306.85,18:30:00
2026-04-30 18:45:00,304.82,18:45:00
2026-04-30 19:00:00,307.01,19:00:00
2026-04-30 19:15:00,302.52,19:15:00
2026-04-30 19:30:00,303.41,19:30:00
2026-04-30 19:45:00,298.55,19:45:00
2026-04-30 20:00:00,296.72,20:00:00
2026-04-30 20:15:00,294.5,20:15:00
2026-04-30 20:30:00,292.17,20:30:00
2026-04-30 20:45:00,290.76,20:45:00
2026-04-30 21:00:00,287.5,21:00:00
2026-04-30 21:15:00,286.25,21:15:00
2026-04-30 21:30:00,285.81,21:30:00
2026-04-30 21:45:00,283.38,21:45:00
2026-04-30 22:00:00,274.38,22:00:00
2026-04-30 22:15:00,274.08,22:15:00
2026-04-30 22:30:00,276.74,22:30:00
2026-04-30 22:45:00,277.27,22:45:00
2026-04-30 23:00:00,271.92,23:00:00
2026-04-30 23:15:00,272.77,23:15:00
2026-04-30 23:30:00,275.41,23:30:00
2026-04-30 23:45:00,277.5,23:45:00
2026-05-01 00:00:00,278.24,00:00:00
2026-05-01 00:15:00,280.47,00:15:00
2026-05-01 00:30:00,283.24,00:30:00
2026-05-01 00:45:00,284.16,00:45:00
2026-05-01 01:00:00,286.67,01:00:00
2026-05-01 01:15:00,290.08,01:15:00
2026-05-01 01:30:00,290.71,01:30:00
2026-05-01 01:45:00,291.51,01:45:00
2026-05-01 02:00:00,292.76,02:00:00
2026-05-01 02:15:00,293.69,02:15:00
2026-05-01 02:30:00,293.8,02:30:00
2026-05-01 02:45:00,295.2,02:45:00
2026-05-01 03:00:00,298.81,03:00:00
2026-05-01 03:15:00,299.42,03:15:00
2026-05-01 03:30:00,298.36,03:30:00
2026-05-01 03:45:00,299.62,03:45:00
2026-05-01 04:00:00,296.61,04:00:00
2026-05-01 04:15:00,291.68,04:15:00
2026-05-01 04:30:00,286.16,04:30:00
2026-05-01 04:45:00,276.91,04:45:00
2026-05-01 05:00:00,263.07,05:00:00
2026-05-01 05:15:00,246.0,05:15:00
2026-05-01 05:30:00,226.32,05:30:00
2026-05-01 05:45:00,209.77,05:45:00
2026-05-01 06:00:00,190.35,06:00:00
2026-05-01 06:15:00,176.45,06:15:00
2026-05-01 06:30:00,162.77,06:30:00
2026-05-01 06:45:00,149.37,06:45:00
2026-05-01 07:00:00,140.13,07:00:00
2026-05-01 07:15:00,134.82,07:15:00
2026-05-01 07:30:00,130.51,07:30:00
2026-05-01 07:45:00,127.39,07:45:00
2026-05-01 08:00:00,123.11,08:00:00
2026-05-01 08:15:00,120.95,08:15:00
2026-05-01 08:30:00,118.27,08:30:00
2026-05-01 08:45:00,119.77,08:45:00
2026-05-01 09:00:00,117.91,09:00:00
2026-05-01 09:15:00,116.4,09:15:00
2026-05-01 09:30:00,116.0,09:30:00
2026-05-01 09:45:00,118.18,09:45:00
2026-05-01 10:00:00,117.59,10:00:00
2026-05-01 10:15:00,119.0,10:15:00
2026-05-01 10:30:00,117.16,10:30:00
2026-05-01 10:45:00,118.96,10:45:00
2026-05-01 11:00:00,118.11,11:00:00
2026-05-01 11:15:00,117.55,11:15:00
2026-05-01 11:30:00,118.62,11:30:00
2026-05-01 11:45:00,120.14,11:45:00
2026-05-01 12:00:00,121.65,12:00:00
2026-05-01 12:15:00,122.35,12:15:00
2026-05-01 12:30:00,121.04,12:30:00
2026-05-01 12:45:00,119.7,12:45:00
2026-05-01 13:00:00,121.48,13:00:00
2026-05-01 13:15:00,122.68,13:15:00
2026-05-01 13:30:00,124.17,13:30:00
2026-05-01 13:45:00,124.22,13:45:00
2026-05-01 14:00:00,126.79,14:00:00
2026-05-01 14:15:00,129.67,14:15:00
2026-05-01 14:30:00,131.88,14:30:00
2026-05-01 14:45:00,133.53,14:45:00
2026-05-01 15:00:00,135.86,15:00:00
2026-05-01 15:15:00,138.28,15:15:00
2026-05-01 15:30:00,141.66,15:30:00
2026-05-01 15:45:00,151.73,15:45:00
2026-05-01 16:00:00,173.88,16:00:00
2026-05-01 16:15:00,195.01,16:15:00
2026-05-01 16:30:00,217.1,16:30:00
2026-05-01 16:45:00,236.97,16:45:00
2026-05-01 17:00:00,250.98,17:00:00
2026-05-01 17:15:00,267.61,17:15:00
2026-05-01 17:30:00,280.98,17:30:00
2026-05-01 17:45:00,295.18,17:45:00
2026-05-01 18:00:00,308.96,18:00:00
2026-05-01 18:15:00,312.4,18:15:00
2026-05-01 18:30:00,307.18,18:30:00
2026-05-01 18:45:00,303.41,18:45:00
2026-05-01 19:00:00,298.04,19:00:00
2026-05-01 19:15:00,291.38,19:15:00
2026-05-01 19:30:00,285.71,19:30:00
2026-05-01 19:45:00,279.02,19:45:00
2026-05-01 20:00:00,271.93,20:00:00
2026-05-01 20:15:00,267.5,20:15:00
2026-05-01 20:30:00,265.17,20:30:00
2026-05-01 20:45:00,262.6,20:45:00
2026-05-01 21:00:00,257.32,21:00:00
2026-05-01 21:15:00,255.14,21:15:00
2026-05-01 21:30:00,253.43,21:30:00
2026-05-01 21:45:00,250.2,21:45:00
2026-05-01 22:00:00,248.38,22:00:00
2026-05-01 22:15:00,245.41,22:15:00
2026-05-01 22:30:00,245.95,22:30:00
2026-05-01 22:45:00,246.0,22:45:00
2026-05-01 23:00:00,242.44,23:00:00
2026-05-01 23:15:00,240.17,23:15:00
2026-05-01 23:30:00,239.92,23:30:00
2026-05-01 23:45:00,238.15,23:45:00
2026-05-02 00:00:00,237.74,00:00:00
2026-05-02 00:15:00,239.27,00:15:00
2026-05-02 00:30:00,239.0,00:30:00
2026-05-02 00:45:00,238.58,00:45:00
2026-05-02 01:00:00,242.28,01:00:00
2026-05-02 01:15:00,242.9,01:15:00
2026-05-02 01:30:00,244.19,01:30:00
2026-05-02 01:45:00,244.56,01:45:00
2026-05-02 02:00:00,243.8,02:00:00
2026-05-02 02:15:00,241.9,02:15:00
2026-05-02 02:30:00,241.03,02:30:00
2026-05-02 02:45:00,240.48,02:45:00
2026-05-02 03:00:00,239.66,03:00:00
2026-05-02 03:15:00,239.78,03:15:00
2026-05-02 03:30:00,240.41,03:30:00
2026-05-02 03:45:00,238.6,03:45:00
2026-05-02 04:00:00,234.29,04:00:00
2026-05-02 04:15:00,233.1,04:15:00
2026-05-02 04:30:00,229.39,04:30:00
2026-05-02 04:45:00,220.6,04:45:00
2026-05-02 05:00:00,207.78,05:00:00
2026-05-02 05:15:00,194.73,05:15:00
2026-05-02 05:30:00,180.39,05:30:00
2026-05-02 05:45:00,166.99,05:45:00
2026-05-02 06:00:00,157.19,06:00:00
2026-05-02 06:15:00,152.07,06:15:00
2026-05-02 06:30:00,148.27,06:30:00
2026-05-02 06:45:00,141.74,06:45:00
2026-05-02 07:00:00,136.83,07:00:00
2026-05-02 07:15:00,132.01,07:15:00
2026-05-02 07:30:00,125.66,07:30:00
2026-05-02 07:45:00,123.68,07:45:00
2026-05-02 08:00:00,122.47,08:00:00
2026-05-02 08:15:00,121.45,08:15:00
2026-05-02 08:30:00,118.17,08:30:00
2026-05-02 08:45:00,118.48,08:45:00
2026-05-02 09:00:00,115.02,09:00:00
2026-05-02 09:15:00,112.71,09:15:00
2026-05-02 09:30:00,111.04,09:30:00
2026-05-02 09:45:00,111.25,09:45:00
2026-05-02 10:00:00,112.54,10:00:00
2026-05-02 10:15:00,111.2,10:15:00
2026-05-02 10:30:00,112.38,10:30:00
2026-05-02 10:45:00,113.38,10:45:00
2026-05-02 11:00:00,112.65,11:00:00
2026-05-02 11:15:00,112.78,11:15:00
2026-05-02 11:30:00,113.83,11:30:00
2026-05-02 11:45:00,115.42,11:45:00
2026-05-02 12:00:00,115.12,12:00:00
2026-05-02 12:15:00,114.3,12:15:00
2026-05-02 12:30:00,115.65,12:30:00
2026-05-02 12:45:00,116.61,12:45:00
2026-05-02 13:00:00,117.83,13:00:00
2026-05-02 13:15:00,118.82,13:15:00
2026-05-02 13:30:00,121.33,13:30:00
2026-05-02 13:45:00,124.42,13:45:00
2026-05-02 14:00:00,123.3,14:00:00
2026-05-02 14:15:00,124.03,14:15:00
2026-05-02 14:30:00,125.68,14:30:00
2026-05-02 14:45:00,130.35,14:45:00
2026-05-02 15:00:00,139.63,15:00:00
2026-05-02 15:15:00,151.76,15:15:00
2026-05-02 15:30:00,161.7,15:30:00
2026-05-02 15:45:00,176.7,15:45:00
2026-05-02 16:00:00,202.33,16:00:00
2026-05-02 16:15:00,229.25,16:15:00
2026-05-02 16:30:00,250.02,16:30:00
2026-05-02 16:45:00,266.49,16:45:00
2026-05-02 17:00:00,280.82,17:00:00
2026-05-02 17:15:00,295.67,17:15:00
2026-05-02 17:30:00,307.29,17:30:00
2026-05-02 17:45:00,322.07,17:45:00
2026-05-02 18:00:00,339.36,18:00:00
2026-05-02 18:15:00,346.59,18:15:00
2026-05-02 18:30:00,348.32,18:30:00
2026-05-02 18:45:00,347.03,18:45:00
2026-05-02 19:00:00,342.64,19:00:00
2026-05-02 19:15:00,337.94,19:15:00
2026-05-02 19:30:00,332.87,19:30:00
2026-05-02 19:45:00,328.95,19:45:00
2026-05-02 20:00:00,329.23,20:00:00
2026-05-02 20:15:00,324.4,20:15:00
2026-05-02 20:30:00,320.81,20:30:00
2026-05-02 20:45:00,316.21,20:45:00
2026-05-02 21:00:00,317.9,21:00:00
2026-05-02 21:15:00,320.03,21:15:00
2026-05-02 21:30:00,320.82,21:30:00
2026-05-02 21:45:00,317.14,21:45:00
2026-05-02 22:00:00,315.05,22:00:00
2026-05-02 22:15:00,312.72,22:15:00
2026-05-02 22:30:00,312.98,22:30:00
2026-05-02 22:45:00,312.92,22:45:00
2026-05-02 23:00:00,314.23,23:00:00
2026-05-02 23:15:00,314.13,23:15:00
2026-05-02 23:30:00,313.77,23:30:00
2026-05-02 23:45:00,315.68,23:45:00
2026-05-03 00:00:00,319.58,00:00:00
2026-05-03 00:15:00,324.19,00:15:00
2026-05-03 00:30:00,330.42,00:30:00
2026-05-03 00:45:00,333.52,00:45:00
2026-05-03 01:00:00,336.48,01:00:00
2026-05-03 01:15:00,339.3,01:15:00
2026-05-03 01:30:00,342.52,01:30:00
2026-05-03 01:45:00,344.88,01:45:00
2026-05-03 02:00:00,344.64,02:00:00
2026-05-03 02:15:00,344.37,02:15:00
2026-05-03 02:30:00,344.7,02:30:00
2026-05-03 02:45:00,342.75,02:45:00
2026-05-03 03:00:00,335.29,03:00:00
2026-05-03 03:15:00,334.8,03:15:00
2026-05-03 03:30:00,335.24,03:30:00
2026-05-03 03:45:00,332.67,03:45:00
2026-05-03 04:00:00,323.81,04:00:00
2026-05-03 04:15:00,317.8,04:15:00
2026-05-03 04:30:00,311.05,04:30:00
2026-05-03 04:45:00,298.86,04:45:00
2026-05-03 05:00:00,284.77,05:00:00
2026-05-03 05:15:00,267.67,05:15:00
2026-05-03 05:30:00,252.38,05:30:00
2026-05-03 05:45:00,238.0,05:45:00
2026-05-03 06:00:00,222.52,06:00:00
2026-05-03 06:15:00,208.87,06:15:00
2026-05-03 06:30:00,198.68,06:30:00
2026-05-03 06:45:00,189.67,06:45:00
2026-05-03 07:00:00,178.3,07:00:00
2026-05-03 07:15:00,170.85,07:15:00
2026-05-03 07:30:00,164.64,07:30:00
2026-05-03 07:45:00,157.59,07:45:00
2026-05-03 08:00:00,152.24,08:00:00
2026-05-03 08:15:00,147.36,08:15:00
2026-05-03 08:30:00,143.27,08:30:00
2026-05-03 08:45:00,140.05,08:45:00
2026-05-03 09:00:00,136.89,09:00:00
2026-05-03 09:15:00,134.91,09:15:00
2026-05-03 09:30:00,133.56,09:30:00
2026-05-03 09:45:00,132.57,09:45:00
2026-05-03 10:00:00,132.35,10:00:00
2026-05-03 10:15:00,128.52,10:15:00
2026-05-03 10:30:00,126.07,10:30:00
2026-05-03 10:45:00,123.72,10:45:00
2026-05-03 11:00:00,121.98,11:00:00
2026-05-03 11:15:00,122.82,11:15:00
2026-05-03 11:30:00,123.1,11:30:00
2026-05-03 11:45:00,123.73,11:45:00
2026-05-03 12:00:00,123.8,12:00:00
2026-05-03 12:15:00,124.91,12:15:00
2026-05-03 12:30:00,126.28,12:30:00
2026-05-03 12:45:00,128.12,12:45:00
2026-05-03 13:00:00,129.91,13:00:00
2026-05-03 13:15:00,132.92,13:15:00
2026-05-03 13:30:00,137.19,13:30:00
2026-05-03 13:45:00,139.42,13:45:00
2026-05-03 14:00:00,140.88,14:00:00
2026-05-03 14:15:00,143.65,14:15:00
2026-05-03 14:30:00,147.53,14:30:00
2026-05-03 14:45:00,154.72,14:45:00
2026-05-03 15:00:00,170.67,15:00:00
2026-05-03 15:15:00,183.76,15:15:00
2026-05-03 15:30:00,197.18,15:30:00
2026-05-03 15:45:00,212.09,15:45:00
2026-05-03 16:00:00,225.53,16:00:00
2026-05-03 16:15:00,238.87,16:15:00
2026-05-03 16:30:00,249.22,16:30:00
2026-05-03 16:45:00,257.75,16:45:00
2026-05-03 17:00:00,268.4,17:00:00
2026-05-03 17:15:00,280.1,17:15:00
2026-05-03 17:30:00,289.27,17:30:00
2026-05-03 17:45:00,292.64,17:45:00
2026-05-03 18:00:00,295.73,18:00:00
2026-05-03 18:15:00,303.65,18:15:00
2026-05-03 18:30:00,307.57,18:30:00
2026-05-03 18:45:00,309.87,18:45:00
2026-05-03 19:00:00,314.84,19:00:00
2026-05-03 19:15:00,313.53,19:15:00
2026-05-03 19:30:00,309.24,19:30:00
2026-05-03 19:45:00,309.15,19:45:00
2026-05-03 20:00:00,313.78,20:00:00
2026-05-03 20:15:00,310.36,20:15:00
2026-05-03 20:30:00,305.56,20:30:00
2026-05-03 20:45:00,301.82,20:45:00
2026-05-03 21:00:00,303.7,21:00:00
2026-05-03 21:15:00,306.41,21:15:00
2026-05-03 21:30:00,308.77,21:30:00
2026-05-03 21:45:00,306.89,21:45:00
2026-05-03 22:00:00,311.33,22:00:00
2026-05-03 22:15:00,315.64,22:15:00
2026-05-03 22:30:00,322.2,22:30:00
2026-05-03 22:45:00,325.56,22:45:00
2026-05-03 23:00:00,328.15,23:00:00
2026-05-03 23:15:00,328.1,23:15:00
2026-05-03 23:30:00,326.03,23:30:00
2026-05-03 23:45:00,326.08,23:45:00
2026-05-04 00:00:00,334.87,00:00:00
2026-05-04 00:15:00,342.52,00:15:00
2026-05-04 00:30:00,349.35,00:30:00
2026-05-04 00:45:00,356.04,00:45:00
2026-05-04 01:00:00,359.94,01:00:00
2026-05-04 01:15:00,370.26,01:15:00
2026-05-04 01:30:00,376.56,01:30:00
2026-05-04 01:45:00,377.49,01:45:00
2026-05-04 02:00:00,379.02,02:00:00
2026-05-04 02:15:00,382.55,02:15:00
2026-05-04 02:30:00,384.17,02:30:00
2026-05-04 02:45:00,382.96,02:45:00
2026-05-04 03:00:00,381.7,03:00:00
2026-05-04 03:15:00,385.5,03:15:00
2026-05-04 03:30:00,388.08,03:30:00
2026-05-04 03:45:00,394.45,03:45:00
2026-05-04 04:00:00,392.51,04:00:00
2026-05-04 04:15:00,390.48,04:15:00
2026-05-04 04:30:00,386.01,04:30:00
2026-05-04 04:45:00,378.54,04:45:00
2026-05-04 05:00:00,372.14,05:00:00
2026-05-04 05:15:00,360.22,05:15:00
2026-05-04 05:30:00,349.01,05:30:00
2026-05-04 05:45:00,336.92,05:45:00
2026-05-04 06:00:00,321.24,06:00:00
2026-05-04 06:15:00,303.21,06:15:00
2026-05-04 06:30:00,292.53,06:30:00
2026-05-04 06:45:00,282.21,06:45:00
2026-05-04 07:00:00,268.76,07:00:00
2026-05-04 07:15:00,255.73,07:15:00
2026-05-04 07:30:00,247.15,07:30:00
2026-05-04 07:45:00,236.64,07:45:00
2026-05-04 08:00:00,230.23,08:00:00
2026-05-04 08:15:00,221.29,08:15:00
2026-05-04 08:30:00,210.7,08:30:00
2026-05-04 08:45:00,204.31,08:45:00
2026-05-04 09:00:00,198.71,09:00:00
2026-05-04 09:15:00,195.34,09:15:00
2026-05-04 09:30:00,192.77,09:30:00
2026-05-04 09:45:00,190.18,09:45:00
2026-05-04 10:00:00,185.92,10:00:00
2026-05-04 10:15:00,187.8,10:15:00
2026-05-04 10:30:00,189.35,10:30:00
2026-05-04 10:45:00,190.69,10:45:00
2026-05-04 11:00:00,194.52,11:00:00
2026-05-04 11:15:00,196.7,11:15:00
2026-05-04 11:30:00,202.5,11:30:00
2026-05-04 11:45:00,207.72,11:45:00
2026-05-04 12:00:00,212.71,12:00:00
2026-05-04 12:15:00,217.0,12:15:00
2026-05-04 12:30:00,221.8,12:30:00
2026-05-04 12:45:00,228.26,12:45:00
2026-05-04 13:00:00,234.22,13:00:00
2026-05-04 13:15:00,239.37,13:15:00
2026-05-04 13:30:00,244.99,13:30:00
2026-05-04 13:45:00,251.25,13:45:00
2026-05-04 14:00:00,258.87,14:00:00
2026-05-04 14:15:00,271.66,14:15:00
2026-05-04 14:30:00,284.78,14:30:00
2026-05-04 14:45:00,300.04,14:45:00
2026-05-04 15:00:00,314.72,15:00:00
2026-05-04 15:15:00,328.54,15:15:00
2026-05-04 15:30:00,343.97,15:30:00
2026-05-04 15:45:00,357.64,15:45:00
2026-05-04 16:00:00,365.37,16:00:00
2026-05-04 16:15:00,376.08,16:15:00
2026-05-04 16:30:00,387.87,16:30:00
2026-05-04 16:45:00,397.01,16:45:00
2026-05-04 17:00:00,408.18,17:00:00
2026-05-04 17:15:00,415.64,17:15:00
2026-05-04 17:30:00,417.97,17:30:00
2026-05-04 17:45:00,424.72,17:45:00
2026-05-04 18:00:00,432.13,18:00:00
2026-05-04 18:15:00,437.45,18:15:00
2026-05-04 18:30:00,438.57,18:30:00
2026-05-04 18:45:00,441.8,18:45:00
2026-05-04 19:00:00,443.54,19:00:00
2026-05-04 19:15:00,448.12,19:15:00
2026-05-04 19:30:00,450.18,19:30:00
2026-05-04 19:45:00,449.07,19:45:00
2026-05-04 20:00:00,450.13,20:00:00
2026-05-04 20:15:00,446.13,20:15:00
2026-05-04 20:30:00,446.09,20:30:00
2026-05-04 20:45:00,445.66,20:45:00
2026-05-04 21:00:00,454.19,21:00:00
2026-05-04 21:15:00,458.33,21:15:00
2026-05-04 21:30:00,463.61,21:30:00
2026-05-04 21:45:00,463.01,21:45:00
2026-05-04 22:00:00,453.82,22:00:00
2026-05-04 22:15:00,453.87,22:15:00
2026-05-04 22:30:00,455.44,22:30:00
2026-05-04 22:45:00,457.03,22:45:00
2026-05-04 23:00:00,457.24,23:00:00
2026-05-04 23:15:00,457.11,23:15:00
2026-05-04 23:30:00,460.26,23:30:00
2026-05-04 23:45:00,462.15,23:45:00
2026-05-05 00:00:00,466.02,00:00:00
2026-05-05 00:15:00,463.89,00:15:00
2026-05-05 00:30:00,464.0,00:30:00
2026-05-05 00:45:00,460.21,00:45:00
2026-05-05 01:00:00,457.4,01:00:00
2026-05-05 01:15:00,456.14,01:15:00
2026-05-05 01:30:00,455.09,01:30:00
2026-05-05 01:45:00,455.13,01:45:00
2026-05-05 02:00:00,453.73,02:00:00
2026-05-05 02:15:00,453.38,02:15:00
2026-05-05 02:30:00,450.12,02:30:00
2026-05-05 02:45:00,449.15,02:45:00
2026-05-05 03:00:00,447.36,03:00:00
2026-05-05 03:15:00,442.55,03:15:00
2026-05-05 03:30:00,442.32,03:30:00
2026-05-05 03:45:00,443.24,03:45:00
2026-05-05 04:00:00,440.51,04:00:00
2026-05-05 04:15:00,435.33,04:15:00
2026-05-05 04:30:00,429.27,04:30:00
2026-05-05 04:45:00,422.47,04:45:00
2026-05-05 05:00:00,413.28,05:00:00
2026-05-05 05:15:00,404.3,05:15:00
2026-05-05 05:30:00,397.35,05:30:00
2026-05-05 05:45:00,388.14,05:45:00
2026-05-05 06:00:00,381.68,06:00:00
2026-05-05 06:15:00,369.5,06:15:00
2026-05-05 06:30:00,357.82,06:30:00
2026-05-05 06:45:00,348.05,06:45:00
2026-05-05 07:00:00,339.57,07:00:00
2026-05-05 07:15:00,329.46,07:15:00
2026-05-05 07:30:00,320.68,07:30:00
2026-05-05 07:45:00,314.58,07:45:00
2026-05-05 08:00:00,307.65,08:00:00
2026-05-05 08:15:00,301.36,08:15:00
2026-05-05 08:30:00,297.62,08:30:00
2026-05-05 08:45:00,292.73,08:45:00
2026-05-05 09:00:00,287.03,09:00:00
2026-05-05 09:15:00,283.3,09:15:00
2026-05-05 09:30:00,281.09,09:30:00
2026-05-05 09:45:00,280.09,09:45:00
2026-05-05 10:00:00,279.84,10:00:00
2026-05-05 10:15:00,279.4,10:15:00
2026-05-05 10:30:00,280.27,10:30:00
2026-05-05 10:45:00,279.49,10:45:00
2026-05-05 11:00:00,279.27,11:00:00
2026-05-05 11:15:00,282.1,11:15:00
2026-05-05 11:30:00,286.88,11:30:00
2026-05-05 11:45:00,288.96,11:45:00
2026-05-05 12:00:00,289.94,12:00:00
2026-05-05 12:15:00,295.95,12:15:00
2026-05-05 12:30:00,301.12,12:30:00
2026-05-05 12:45:00,303.92,12:45:00
2026-05-05 13:00:00,307.37,13:00:00
2026-05-05 13:15:00,315.06,13:15:00
2026-05-05 13:30:00,320.48,13:30:00
2026-05-05 13:45:00,324.92,13:45:00
2026-05-05 14:00:00,326.33,14:00:00
2026-05-05 14:15:00,331.82,14:15:00
2026-05-05 14:30:00,338.01,14:30:00
2026-05-05 14:45:00,337.93,14:45:00
2026-05-05 15:00:00,338.75,15:00:00
2026-05-05 15:15:00,338.01,15:15:00
2026-05-05 15:30:00,340.06,15:30:00
2026-05-05 15:45:00,344.34,15:45:00
2026-05-05 16:00:00,351.16,16:00:00
2026-05-05 16:15:00,357.94,16:15:00
2026-05-05 16:30:00,366.01,16:30:00
2026-05-05 16:45:00,372.75,16:45:00
2026-05-05 17:00:00,374.89,17:00:00
2026-05-05 17:15:00,382.07,17:15:00
2026-05-05 17:30:00,386.86,17:30:00
2026-05-05 17:45:00,390.77,17:45:00
2026-05-05 18:00:00,394.47,18:00:00
2026-05-05 18:15:00,395.93,18:15:00
2026-05-05 18:30:00,395.24,18:30:00
2026-05-05 18:45:00,394.64,18:45:00
2026-05-05 19:00:00,395.87,19:00:00
2026-05-05 19:15:00,393.65,19:15:00
2026-05-05 19:30:00,390.91,19:30:00
2026-05-05 19:45:00,391.71,19:45:00
2026-05-05 20:00:00,387.61,20:00:00
2026-05-05 20:15:00,386.06,20:15:00
2026-05-05 20:30:00,387.77,20:30:00
2026-05-05 20:45:00,387.42,20:45:00
2026-05-05 21:00:00,389.84,21:00:00
2026-05-05 21:15:00,393.2,21:15:00
2026-05-05 21:30:00,396.87,21:30:00
2026-05-05 21:45:00,397.36,21:45:00
2026-05-05 22:00:00,397.61,22:00:00
2026-05-05 22:15:00,394.27,22:15:00
2026-05-05 22:30:00,393.7,22:30:00
2026-05-05 22:45:00,394.86,22:45:00
2026-05-05 23:00:00,392.73,23:00:00
2026-05-05 23:15:00,390.06,23:15:00
2026-05-05 23:30:00,387.29,23:30:00
2026-05-05 23:45:00,388.54,23:45:00
2026-05-06 00:00:00,387.52,00:00:00
2026-05-06 00:15:00,385.92,00:15:00
2026-05-06 00:30:00,380.75,00:30:00
2026-05-06 00:45:00,380.03,00:45:00
2026-05-06 01:00:00,376.69,01:00:00
2026-05-06 01:15:00,374.08,01:15:00
2026-05-06 01:30:00,375.19,01:30:00
2026-05-06 01:45:00,372.52,01:45:00
2026-05-06 02:00:00,368.35,02:00:00
2026-05-06 02:15:00,366.99,02:15:00
2026-05-06 02:30:00,363.83,02:30:00
2026-05-06 02:45:00,359.4,02:45:00
2026-05-06 03:00:00,356.62,03:00:00
2026-05-06 03:15:00,355.52,03:15:00
2026-05-06 03:30:00,351.82,03:30:00
2026-05-06 03:45:00,346.58,03:45:00
2026-05-06 04:00:00,344.42,04:00:00
2026-05-06 04:15:00,337.98,04:15:00
2026-05-06 04:30:00,332.8,04:30:00
2026-05-06 04:45:00,331.32,04:45:00
2026-05-06 05:00:00,333.02,05:00:00
2026-05-06 05:15:00,332.34,05:15:00
2026-05-06 05:30:00,327.02,05:30:00
2026-05-06 05:45:00,322.77,05:45:00
2026-05-06 06:00:00,318.19,06:00:00
2026-05-06 06:15:00,311.83,06:15:00
2026-05-06 06:30:00,306.86,06:30:00
2026-05-06 06:45:00,303.12,06:45:00
2026-05-06 07:00:00,297.06,07:00:00
2026-05-06 07:15:00,292.99,07:15:00
2026-05-06 07:30:00,288.46,07:30:00
2026-05-06 07:45:00,279.37,07:45:00
2026-05-06 08:00:00,272.15,08:00:00
2026-05-06 08:15:00,265.88,08:15:00
2026-05-06 08:30:00,261.62,08:30:00
2026-05-06 08:45:00,255.81,08:45:00
2026-05-06 09:00:00,251.39,09:00:00
2026-05-06 09:15:00,248.52,09:15:00
2026-05-06 09:30:00,245.96,09:30:00
2026-05-06 09:45:00,245.43,09:45:00
2026-05-06 10:00:00,241.35,10:00:00
2026-05-06 10:15:00,237.89,10:15:00
2026-05-06 10:30:00,237.75,10:30:00
2026-05-06 10:45:00,238.76,10:45:00
2026-05-06 11:00:00,240.25,11:00:00
2026-05-06 11:15:00,239.26,11:15:00
2026-05-06 11:30:00,240.12,11:30:00
2026-05-06 11:45:00,241.25,11:45:00
2026-05-06 12:00:00,245.09,12:00:00
2026-05-06 12:15:00,249.32,12:15:00
2026-05-06 12:30:00,250.97,12:30:00
2026-05-06 12:45:00,252.42,12:45:00
2026-05-06 13:00:00,257.66,13:00:00
2026-05-06 13:15:00,260.75,13:15:00
2026-05-06 13:30:00,264.08,13:30:00
2026-05-06 13:45:00,268.45,13:45:00
2026-05-06 14:00:00,277.22,14:00:00
2026-05-06 14:15:00,286.79,14:15:00
2026-05-06 14:30:00,294.19,14:30:00
2026-05-06 14:45:00,302.29,14:45:00
2026-05-06 15:00:00,309.36,15:00:00
2026-05-06 15:15:00,316.07,15:15:00
2026-05-06 15:30:00,319.03,15:30:00
2026-05-06 15:45:00,320.82,15:45:00
2026-05-06 16:00:00,328.67,16:00:00
2026-05-06 16:15:00,334.06,16:15:00
2026-05-06 16:30:00,337.01,16:30:00
2026-05-06 16:45:00,342.93,16:45:00
2026-05-06 17:00:00,341.93,17:00:00
2026-05-06 17:15:00,347.16,17:15:00
2026-05-06 17:30:00,354.89,17:30:00
2026-05-06 17:45:00,361.02,17:45:00
2026-05-06 18:00:00,362.04,18:00:00
2026-05-06 18:15:00,368.01,18:15:00
2026-05-06 18:30:00,368.79,18:30:00
2026-05-06 18:45:00,369.73,18:45:00
2026-05-06 19:00:00,374.34,19:00:00
2026-05-06 19:15:00,375.62,19:15:00
2026-05-06 19:30:00,376.58,19:30:00
2026-05-06 19:45:00,376.35,19:45:00
2026-05-06 20:00:00,381.09,20:00:00
2026-05-06 20:15:00,382.02,20:15:00
2026-05-06 20:30:00,384.84,20:30:00
2026-05-06 20:45:00,387.98,20:45:00
2026-05-06 21:00:00,390.94,21:00:00
2026-05-06 21:15:00,392.24,21:15:00
2026-05-06 21:30:00,394.61,21:30:00
2026-05-06 21:45:00,398.73,21:45:00
2026-05-06 22:00:00,403.46,22:00:00
2026-05-06 22:15:00,409.07,22:15:00
2026-05-06 22:30:00,409.44,22:30:00
2026-05-06 22:45:00,410.55,22:45:00
2026-05-06 23:00:00,416.27,23:00:00
2026-05-06 23:15:00,417.33,23:15:00
2026-05-06 23:30:00,419.53,23:30:00
2026-05-06 23:45:00,420.73,23:45:00
2026-05-07 00:00:00,424.45,00:00:00
2026-05-07 00:15:00,427.19,00:15:00
2026-05-07 00:30:00,428.9,00:30:00
2026-05-07 00:45:00,428.15,00:45:00
2026-05-07 01:00:00,425.11,01:00:00
2026-05-07 01:15:00,422.48,01:15:00
2026-05-07 01:30:00,422.98,01:30:00
2026-05-07 01:45:00,423.33,01:45:00
2026-05-07 02:00:00,426.26,02:00:00
2026-05-07 02:15:00,427.07,02:15:00
2026-05-07 02:30:00,425.84,02:30:00
2026-05-07 02:45:00,424.35,02:45:00
2026-05-07 03:00:00,422.23,03:00:00
2026-05-07 03:15:00,418.84,03:15:00
2026-05-07 03:30:00,414.64,03:30:00
2026-05-07 03:45:00,412.44,03:45:00
2026-05-07 04:00:00,406.23,04:00:00
2026-05-07 04:15:00,407.85,04:15:00
2026-05-07 04:30:00,406.89,04:30:00
2026-05-07 04:45:00,403.14,04:45:00
2026-05-07 05:00:00,399.04,05:00:00
2026-05-07 05:15:00,398.23,05:15:00
2026-05-07 05:30:00,392.67,05:30:00
2026-05-07 05:45:00,387.21,05:45:00
2026-05-07 06:00:00,388.04,06:00:00
2026-05-07 06:15:00,380.11,06:15:00
2026-05-07 06:30:00,373.22,06:30:00
2026-05-07 06:45:00,365.03,06:45:00
2026-05-07 07:00:00,359.48,07:00:00
2026-05-07 07:15:00,351.19,07:15:00
2026-05-07 07:30:00,343.42,07:30:00
2026-05-07 07:45:00,337.24,07:45:00
2026-05-07 08:00:00,330.09,08:00:00
2026-05-07 08:15:00,324.04,08:15:00
2026-05-07 08:30:00,318.28,08:30:00
2026-05-07 08:45:00,311.51,08:45:00
2026-05-07 09:00:00,309.6,09:00:00
2026-05-07 09:15:00,305.37,09:15:00
2026-05-07 09:30:00,302.16,09:30:00
2026-05-07 09:45:00,297.97,09:45:00
2026-05-07 10:00:00,293.78,10:00:00
2026-05-07 10:15:00,290.9,10:15:00
2026-05-07 10:30:00,285.18,10:30:00
2026-05-07 10:45:00,284.47,10:45:00
2026-05-07 11:00:00,285.85,11:00:00
2026-05-07 11:15:00,287.83,11:15:00
2026-05-07 11:30:00,286.99,11:30:00
2026-05-07 11:45:00,285.18,11:45:00
2026-05-07 12:00:00,286.29,12:00:00
2026-05-07 12:15:00,287.64,12:15:00
2026-05-07 12:30:00,291.18,12:30:00
2026-05-07 12:45:00,291.21,12:45:00
2026-05-07 13:00:00,294.16,13:00:00
2026-05-07 13:15:00,297.42,13:15:00
2026-05-07 13:30:00,298.83,13:30:00
2026-05-07 13:45:00,302.35,13:45:00
2026-05-07 14:00:00,304.45,14:00:00
2026-05-07 14:15:00,310.75,14:15:00
2026-05-07 14:30:00,318.18,14:30:00
2026-05-07 14:45:00,325.32,14:45:00
2026-05-07 15:00:00,336.07,15:00:00
2026-05-07 15:15:00,342.96,15:15:00
2026-05-07 15:30:00,348.96,15:30:00
2026-05-07 15:45:00,358.97,15:45:00
2026-05-07 16:00:00,366.09,16:00:00
2026-05-07 16:15:00,373.34,16:15:00
2026-05-07 16:30:00,384.15,16:30:00
2026-05-07 16:45:00,392.33,16:45:00
2026-05-07 17:00:00,403.45,17:00:00
2026-05-07 17:15:00,414.18,17:15:00
2026-05-07 17:30:00,423.15,17:30:00
2026-05-07 17:45:00,429.57,17:45:00
2026-05-07 18:00:00,433.8,18:00:00
2026-05-07 18:15:00,438.85,18:15:00
2026-05-07 18:30:00,443.42,18:30:00
2026-05-07 18:45:00,445.06,18:45:00
2026-05-07 19:00:00,448.51,19:00:00
2026-05-07 19:15:00,447.74,19:15:00
2026-05-07 19:30:00,448.3,19:30:00
2026-05-07 19:45:00,449.34,19:45:00
2026-05-07 20:00:00,453.11,20:00:00
2026-05-07 20:15:00,451.73,20:15:00
2026-05-07 20:30:00,450.43,20:30:00
2026-05-07 20:45:00,449.4,20:45:00
2026-05-07 21:00:00,446.46,21:00:00
2026-05-07 21:15:00,446.26,21:15:00
2026-05-07 21:30:00,452.18,21:30:00
2026-05-07 21:45:00,454.12,21:45:00
2026-05-07 22:00:00,458.44,22:00:00
2026-05-07 22:15:00,461.3,22:15:00
2026-05-07 22:30:00,466.68,22:30:00
2026-05-07 22:45:00,468.07,22:45:00
2026-05-07 23:00:00,469.44,23:00:00
2026-05-07 23:15:00,469.08,23:15:00
2026-05-07 23:30:00,471.36,23:30:00
2026-05-07 23:45:00,475.98,23:45:00
2026-05-08 00:00:00,478.12,00:00:00
2026-05-08 00:15:00,476.29,00:15:00
2026-05-08 00:30:00,474.84,00:30:00
2026-05-08 00:45:00,475.83,00:45:00
2026-05-08 01:00:00,472.8,01:00:00
2026-05-08 01:15:00,471.04,01:15:00
2026-05-08 01:30:00,471.81,01:30:00
2026-05-08 01:45:00,470.77,01:45:00
2026-05-08 02:00:00,467.3,02:00:00
2026-05-08 02:15:00,464.34,02:15:00
2026-05-08 02:30:00,461.76,02:30:00
2026-05-08 02:45:00,457.61,02:45:00
2026-05-08 03:00:00,453.18,03:00:00
2026-05-08 03:15:00,451.54,03:15:00
2026-05-08 03:30:00,448.66,03:30:00
2026-05-08 03:45:00,442.46,03:45:00
2026-05-08 04:00:00,432.31,04:00:00
2026-05-08 04:15:00,423.37,04:15:00
2026-05-08 04:30:00,414.11,04:30:00
2026-05-08 04:45:00,405.47,04:45:00
2026-05-08 05:00:00,397.26,05:00:00
2026-05-08 05:15:00,387.98,05:15:00
2026-05-08 05:30:00,376.97,05:30:00
2026-05-08 05:45:00,367.9,05:45:00
2026-05-08 06:00:00,359.73,06:00:00
2026-05-08 06:15:00,348.1,06:15:00
2026-05-08 06:30:00,337.97,06:30:00
2026-05-08 06:45:00,326.22,06:45:00
2026-05-08 07:00:00,307.59,07:00:00
2026-05-08 07:15:00,294.42,07:15:00
2026-05-08 07:30:00,282.51,07:30:00
2026-05-08 07:45:00,270.33,07:45:00
2026-05-08 08:00:00,257.73,08:00:00
2026-05-08 08:15:00,243.41,08:15:00
2026-05-08 08:30:00,231.35,08:30:00
2026-05-08 08:45:00,218.07,08:45:00
2026-05-08 09:00:00,204.73,09:00:00
2026-05-08 09:15:00,195.08,09:15:00
2026-05-08 09:30:00,189.8,09:30:00
2026-05-08 09:45:00,185.87,09:45:00
2026-05-08 10:00:00,185.55,10:00:00
2026-05-08 10:15:00,186.13,10:15:00
2026-05-08 10:30:00,183.73,10:30:00
2026-05-08 10:45:00,177.49,10:45:00
2026-05-08 11:00:00,176.43,11:00:00
2026-05-08 11:15:00,177.99,11:15:00
2026-05-08 11:30:00,177.7,11:30:00
2026-05-08 11:45:00,179.98,11:45:00
2026-05-08 12:00:00,185.4,12:00:00
2026-05-08 12:15:00,190.7,12:15:00
2026-05-08 12:30:00,191.95,12:30:00
2026-05-08 12:45:00,197.88,12:45:00
2026-05-08 13:00:00,204.75,13:00:00
2026-05-08 13:15:00,211.31,13:15:00
2026-05-08 13:30:00,218.83,13:30:00
2026-05-08 13:45:00,226.42,13:45:00
2026-05-08 14:00:00,233.13,14:00:00
2026-05-08 14:15:00,239.51,14:15:00
2026-05-08 14:30:00,250.69,14:30:00
2026-05-08 14:45:00,259.9,14:45:00
2026-05-08 15:00:00,271.55,15:00:00
2026-05-08 15:15:00,283.05,15:15:00
2026-05-08 15:30:00,295.12,15:30:00
2026-05-08 15:45:00,307.36,15:45:00
2026-05-08 16:00:00,319.67,16:00:00
2026-05-08 16:15:00,328.21,16:15:00
2026-05-08 16:30:00,335.28,16:30:00
2026-05-08 16:45:00,346.54,16:45:00
2026-05-08 17:00:00,361.89,17:00:00
2026-05-08 17:15:00,371.13,17:15:00
2026-05-08 17:30:00,378.15,17:30:00
2026-05-08 17:45:00,383.37,17:45:00
2026-05-08 18:00:00,392.83,18:00:00
2026-05-08 18:15:00,401.29,18:15:00
2026-05-08 18:30:00,402.16,18:30:00
2026-05-08 18:45:00,397.52,18:45:00
2026-05-08 19:00:00,398.33,19:00:00
2026-05-08 19:15:00,395.22,19:15:00
2026-05-08 19:30:00,394.18,19:30:00
2026-05-08 19:45:00,393.58,19:45:00
2026-05-08 20:00:00,400.42,20:00:00
2026-05-08 20:15:00,400.22,20:15:00
2026-05-08 20:30:00,403.99,20:30:00
2026-05-08 20:45:00,408.23,20:45:00
2026-05-08 21:00:00,403.53,21:00:00
2026-05-08 21:15:00,402.46,21:15:00
2026-05-08 21:30:00,407.69,21:30:00
2026-05-08 21:45:00,409.95,21:45:00
2026-05-08 22:00:00,406.08,22:00:00
2026-05-08 22:15:00,401.96,22:15:00
2026-05-08 22:30:00,400.16,22:30:00
2026-05-08 22:45:00,399.75,22:45:00
2026-05-08 23:00:00,402.68,23:00:00
2026-05-08 23:15:00,405.78,23:15:00
2026-05-08 23:30:00,409.57,23:30:00
2026-05-08 23:45:00,414.71,23:45:00
2026-05-09 00:00:00,415.34,00:00:00
2026-05-09 00:15:00,418.57,00:15:00
2026-05-09 00:30:00,423.06,00:30:00
2026-05-09 00:45:00,426.31,00:45:00
2026-05-09 01:00:00,431.9,01:00:00
2026-05-09 01:15:00,437.24,01:15:00
2026-05-09 01:30:00,439.78,01:30:00
2026-05-09 01:45:00,441.68,01:45:00
2026-05-09 02:00:00,441.67,02:00:00
2026-05-09 02:15:00,443.81,02:15:00
2026-05-09 02:30:00,444.01,02:30:00
2026-05-09 02:45:00,444.13,02:45:00
2026-05-09 03:00:00,446.7,03:00:00
2026-05-09 03:15:00,446.23,03:15:00
2026-05-09 03:30:00,445.63,03:30:00
2026-05-09 03:45:00,443.78,03:45:00
2026-05-09 04:00:00,432.22,04:00:00
2026-05-09 04:15:00,427.1,04:15:00
2026-05-09 04:30:00,418.57,04:30:00
2026-05-09 04:45:00,408.13,04:45:00
2026-05-09 05:00:00,393.12,05:00:00
2026-05-09 05:15:00,381.1,05:15:00
2026-05-09 05:30:00,367.45,05:30:00
2026-05-09 05:45:00,349.12,05:45:00
2026-05-09 06:00:00,323.72,06:00:00
2026-05-09 06:15:00,305.72,06:15:00
2026-05-09 06:30:00,279.85,06:30:00
2026-05-09 06:45:00,254.31,06:45:00
2026-05-09 07:00:00,223.8,07:00:00
2026-05-09 07:15:00,204.18,07:15:00
2026-05-09 07:30:00,184.9,07:30:00
2026-05-09 07:45:00,171.86,07:45:00
2026-05-09 08:00:00,155.73,08:00:00
2026-05-09 08:15:00,149.44,08:15:00
2026-05-09 08:30:00,144.63,08:30:00
2026-05-09 08:45:00,142.07,08:45:00
2026-05-09 09:00:00,139.1,09:00:00
2026-05-09 09:15:00,138.58,09:15:00
2026-05-09 09:30:00,139.45,09:30:00
2026-05-09 09:45:00,139.17,09:45:00
2026-05-09 10:00:00,136.07,10:00:00
2026-05-09 10:15:00,136.37,10:15:00
2026-05-09 10:30:00,135.7,10:30:00
2026-05-09 10:45:00,134.46,10:45:00
2026-05-09 11:00:00,133.96,11:00:00
2026-05-09 11:15:00,134.52,11:15:00
2026-05-09 11:30:00,136.62,11:30:00
2026-05-09 11:45:00,137.09,11:45:00
2026-05-09 12:00:00,133.88,12:00:00
2026-05-09 12:15:00,133.65,12:15:00
2026-05-09 12:30:00,135.95,12:30:00
2026-05-09 12:45:00,138.47,12:45:00
2026-05-09 13:00:00,136.98,13:00:00
2026-05-09 13:15:00,140.58,13:15:00
2026-05-09 13:30:00,142.67,13:30:00
2026-05-09 13:45:00,145.59,13:45:00
2026-05-09 14:00:00,152.13,14:00:00
2026-05-09 14:15:00,159.09,14:15:00
2026-05-09 14:30:00,169.05,14:30:00
2026-05-09 14:45:00,185.53,14:45:00
2026-05-09 15:00:00,204.26,15:00:00
2026-05-09 15:15:00,222.9,15:15:00
2026-05-09 15:30:00,244.06,15:30:00
2026-05-09 15:45:00,269.13,15:45:00
2026-05-09 16:00:00,293.48,16:00:00
2026-05-09 16:15:00,314.07,16:15:00
2026-05-09 16:30:00,333.3,16:30:00
2026-05-09 16:45:00,351.6,16:45:00
2026-05-09 17:00:00,363.94,17:00:00
2026-05-09 17:15:00,379.88,17:15:00
2026-05-09 17:30:00,392.4,17:30:00
2026-05-09 17:45:00,402.85,17:45:00
2026-05-09 18:00:00,412.83,18:00:00
2026-05-09 18:15:00,418.67,18:15:00
2026-05-09 18:30:00,422.85,18:30:00
2026-05-09 18:45:00,423.44,18:45:00
2026-05-09 19:00:00,424.81,19:00:00
2026-05-09 19:15:00,421.22,19:15:00
2026-05-09 19:30:00,412.34,19:30:00
2026-05-09 19:45:00,407.91,19:45:00
2026-05-09 20:00:00,410.01,20:00:00
2026-05-09 20:15:00,406.78,20:15:00
2026-05-09 20:30:00,403.46,20:30:00
2026-05-09 20:45:00,400.26,20:45:00
2026-05-09 21:00:00,396.94,21:00:00
2026-05-09 21:15:00,398.77,21:15:00
2026-05-09 21:30:00,398.82,21:30:00
2026-05-09 21:45:00,398.24,21:45:00
2026-05-09 22:00:00,396.34,22:00:00
2026-05-09 22:15:00,398.27,22:15:00
2026-05-09 22:30:00,402.23,22:30:00
2026-05-09 22:45:00,404.62,22:45:00
2026-05-09 23:00:00,405.64,23:00:00
2026-05-09 23:15:00,408.53,23:15:00
2026-05-09 23:30:00,414.48,23:30:00
2026-05-09 23:45:00,420.2,23:45:00
2026-05-10 00:00:00,419.68,00:00:00
2026-05-10 00:15:00,420.01,00:15:00
2026-05-10 00:30:00,422.41,00:30:00
2026-05-10 00:45:00,425.47,00:45:00
2026-05-10 01:00:00,427.15,01:00:00
2026-05-10 01:15:00,429.29,01:15:00
2026-05-10 01:30:00,433.75,01:30:00
2026-05-10 01:45:00,434.08,01:45:00
2026-05-10 02:00:00,437.86,02:00:00
2026-05-10 02:15:00,435.41,02:15:00
2026-05-10 02:30:00,436.54,02:30:00
2026-05-10 02:45:00,434.59,02:45:00
2026-05-10 03:00:00,435.34,03:00:00
2026-05-10 03:15:00,435.51,03:15:00
2026-05-10 03:30:00,435.31,03:30:00
2026-05-10 03:45:00,431.75,03:45:00
2026-05-10 04:00:00,421.45,04:00:00
2026-05-10 04:15:00,410.36,04:15:00
2026-05-10 04:30:00,395.59,04:30:00
2026-05-10 04:45:00,381.16,04:45:00
2026-05-10 05:00:00,364.85,05:00:00
2026-05-10 05:15:00,341.84,05:15:00
2026-05-10 05:30:00,316.25,05:30:00
2026-05-10 05:45:00,290.12,05:45:00
2026-05-10 06:00:00,256.86,06:00:00
2026-05-10 06:15:00,224.78,06:15:00
2026-05-10 06:30:00,202.21,06:30:00
2026-05-10 06:45:00,185.54,06:45:00
2026-05-10 07:00:00,169.23,07:00:00
2026-05-10 07:15:00,160.81,07:15:00
2026-05-10 07:30:00,155.09,07:30:00
2026-05-10 07:45:00,148.3,07:45:00
2026-05-10 08:00:00,141.61,08:00:00
2026-05-10 08:15:00,136.81,08:15:00
2026-05-10 08:30:00,135.09,08:30:00
2026-05-10 08:45:00,132.31,08:45:00
2026-05-10 09:00:00,131.74,09:00:00
2026-05-10 09:15:00,129.31,09:15:00
2026-05-10 09:30:00,127.2,09:30:00
2026-05-10 09:45:00,126.81,09:45:00
2026-05-10 10:00:00,125.98,10:00:00
2026-05-10 10:15:00,125.97,10:15:00
2026-05-10 10:30:00,125.29,10:30:00
2026-05-10 10:45:00,125.63,10:45:00
2026-05-10 11:00:00,124.42,11:00:00
2026-05-10 11:15:00,124.92,11:15:00
2026-05-10 11:30:00,126.61,11:30:00
2026-05-10 11:45:00,128.27,11:45:00
2026-05-10 12:00:00,127.82,12:00:00
2026-05-10 12:15:00,129.69,12:15:00
2026-05-10 12:30:00,132.24,12:30:00
2026-05-10 12:45:00,134.22,12:45:00
2026-05-10 13:00:00,135.89,13:00:00
2026-05-10 13:15:00,139.61,13:15:00
2026-05-10 13:30:00,141.96,13:30:00
2026-05-10 13:45:00,144.84,13:45:00
2026-05-10 14:00:00,152.6,14:00:00
2026-05-10 14:15:00,155.98,14:15:00
2026-05-10 14:30:00,160.33,14:30:00
2026-05-10 14:45:00,163.31,14:45:00
2026-05-10 15:00:00,173.75,15:00:00
2026-05-10 15:15:00,184.58,15:15:00
2026-05-10 15:30:00,201.55,15:30:00
2026-05-10 15:45:00,223.86,15:45:00
2026-05-10 16:00:00,253.86,16:00:00
2026-05-10 16:15:00,275.34,16:15:00
2026-05-10 16:30:00,290.23,16:30:00
2026-05-10 16:45:00,306.35,16:45:00
2026-05-10 17:00:00,321.92,17:00:00
2026-05-10 17:15:00,332.89,17:15:00
2026-05-10 17:30:00,344.57,17:30:00
2026-05-10 17:45:00,354.64,17:45:00
2026-05-10 18:00:00,364.77,18:00:00
2026-05-10 18:15:00,371.69,18:15:00
2026-05-10 18:30:00,377.36,18:30:00
2026-05-10 18:45:00,374.84,18:45:00
2026-05-10 19:00:00,374.33,19:00:00
2026-05-10 19:15:00,377.74,19:15:00
2026-05-10 19:30:00,377.65,19:30:00
2026-05-10 19:45:00,380.69,19:45:00
2026-05-10 20:00:00,383.72,20:00:00
2026-05-10 20:15:00,376.39,20:15:00
2026-05-10 20:30:00,380.48,20:30:00
2026-05-10 20:45:00,386.44,20:45:00
2026-05-10 21:00:00,391.22,21:00:00
2026-05-10 21:15:00,395.77,21:15:00
2026-05-10 21:30:00,397.67,21:30:00
2026-05-10 21:45:00,401.07,21:45:00
2026-05-10 22:00:00,399.76,22:00:00
2026-05-10 22:15:00,402.19,22:15:00
2026-05-10 22:30:00,407.81,22:30:00
2026-05-10 22:45:00,410.1,22:45:00
2026-05-10 23:00:00,414.41,23:00:00
2026-05-10 23:15:00,416.6,23:15:00
2026-05-10 23:30:00,423.36,23:30:00
2026-05-10 23:45:00,425.01,23:45:00
2026-05-11 00:00:00,430.28,00:00:00
2026-05-11 00:15:00,431.34,00:15:00
2026-05-11 00:30:00,430.83,00:30:00
2026-05-11 00:45:00,429.82,00:45:00
2026-05-11 01:00:00,423.2,01:00:00
2026-05-11 01:15:00,422.23,01:15:00
2026-05-11 01:30:00,421.88,01:30:00
2026-05-11 01:45:00,423.13,01:45:00
2026-05-11 02:00:00,423.27,02:00:00
2026-05-11 02:15:00,420.92,02:15:00
2026-05-11 02:30:00,418.08,02:30:00
2026-05-11 02:45:00,413.61,02:45:00
2026-05-11 03:00:00,411.54,03:00:00
2026-05-11 03:15:00,411.64,03:15:00
2026-05-11 03:30:00,403.73,03:30:00
2026-05-11 03:45:00,392.85,03:45:00
2026-05-11 04:00:00,380.1,04:00:00
2026-05-11 04:15:00,373.61,04:15:00
2026-05-11 04:30:00,368.15,04:30:00
2026-05-11 04:45:00,361.82,04:45:00
2026-05-11 05:00:00,359.95,05:00:00
2026-05-11 05:15:00,356.8,05:15:00
2026-05-11 05:30:00,351.48,05:30:00
2026-05-11 05:45:00,347.41,05:45:00
2026-05-11 06:00:00,344.7,06:00:00
2026-05-11 06:15:00,334.62,06:15:00
2026-05-11 06:30:00,329.79,06:30:00
2026-05-11 06:45:00,320.85,06:45:00
2026-05-11 07:00:00,312.12,07:00:00
2026-05-11 07:15:00,298.98,07:15:00
2026-05-11 07:30:00,289.46,07:30:00
2026-05-11 07:45:00,280.44,07:45:00
2026-05-11 08:00:00,264.87,08:00:00
2026-05-11 08:15:00,257.59,08:15:00
2026-05-11 08:30:00,251.4,08:30:00
2026-05-11 08:45:00,244.37,08:45:00
2026-05-11 09:00:00,234.06,09:00:00
2026-05-11 09:15:00,226.78,09:15:00
2026-05-11 09:30:00,220.31,09:30:00
2026-05-11 09:45:00,211.59,09:45:00
2026-05-11 10:00:00,201.8,10:00:00
2026-05-11 10:15:00,195.13,10:15:00
2026-05-11 10:30:00,191.26,10:30:00
2026-05-11 10:45:00,187.33,10:45:00
2026-05-11 11:00:00,178.89,11:00:00
2026-05-11 11:15:00,170.14,11:15:00
2026-05-11 11:30:00,166.26,11:30:00
2026-05-11 11:45:00,163.79,11:45:00
2026-05-11 12:00:00,170.18,12:00:00
2026-05-11 12:15:00,171.29,12:15:00
2026-05-11 12:30:00,171.98,12:30:00
2026-05-11 12:45:00,173.64,12:45:00
2026-05-11 13:00:00,179.44,13:00:00
2026-05-11 13:15:00,184.23,13:15:00
2026-05-11 13:30:00,187.58,13:30:00
2026-05-11 13:45:00,193.0,13:45:00
2026-05-11 14:00:00,204.71,14:00:00
2026-05-11 14:15:00,208.55,14:15:00
2026-05-11 14:30:00,212.99,14:30:00
2026-05-11 14:45:00,218.49,14:45:00
2026-05-11 15:00:00,224.3,15:00:00
2026-05-11 15:15:00,232.25,15:15:00
2026-05-11 15:30:00,237.78,15:30:00
2026-05-11 15:45:00,245.7,15:45:00
2026-05-11 16:00:00,250.74,16:00:00
2026-05-11 16:15:00,255.61,16:15:00
2026-05-11 16:30:00,263.23,16:30:00
2026-05-11 16:45:00,271.7,16:45:00
2026-05-11 17:00:00,278.41,17:00:00
2026-05-11 17:15:00,289.11,17:15:00
2026-05-11 17:30:00,298.34,17:30:00
2026-05-11 17:45:00,303.97,17:45:00
2026-05-11 18:00:00,307.43,18:00:00
2026-05-11 18:15:00,314.5,18:15:00
2026-05-11 18:30:00,316.03,18:30:00
2026-05-11 18:45:00,319.2,18:45:00
2026-05-11 19:00:00,319.58,19:00:00
2026-05-11 19:15:00,314.81,19:15:00
2026-05-11 19:30:00,312.81,19:30:00
2026-05-11 19:45:00,308.51,19:45:00
2026-05-11 20:00:00,309.38,20:00:00
2026-05-11 20:15:00,305.39,20:15:00
2026-05-11 20:30:00,303.25,20:30:00
2026-05-11 20:45:00,299.62,20:45:00
2026-05-11 21:00:00,299.09,21:00:00
2026-05-11 21:15:00,294.36,21:15:00
2026-05-11 21:30:00,293.3,21:30:00
2026-05-11 21:45:00,291.3,21:45:00
2026-05-11 22:00:00,291.41,22:00:00
2026-05-11 22:15:00,288.13,22:15:00
2026-05-11 22:30:00,286.05,22:30:00
2026-05-11 22:45:00,283.49,22:45:00
2026-05-11 23:00:00,276.4,23:00:00
2026-05-11 23:15:00,275.98,23:15:00
2026-05-11 23:30:00,273.2,23:30:00
2026-05-11 23:45:00,271.76,23:45:00
2026-05-12 00:00:00,267.79,00:00:00
2026-05-12 00:15:00,267.18,00:15:00
2026-05-12 00:30:00,265.58,00:30:00
2026-05-12 00:45:00,264.47,00:45:00
2026-05-12 01:00:00,262.23,01:00:00
2026-05-12 01:15:00,259.12,01:15:00
2026-05-12 01:30:00,257.89,01:30:00
2026-05-12 01:45:00,257.12,01:45:00
2026-05-12 02:00:00,260.52,02:00:00
2026-05-12 02:15:00,261.6,02:15:00
2026-05-12 02:30:00,261.27,02:30:00
2026-05-12 02:45:00,263.43,02:45:00
2026-05-12 03:00:00,270.44,03:00:00
2026-05-12 03:15:00,273.98,03:15:00
2026-05-12 03:30:00,276.35,03:30:00
2026-05-12 03:45:00,277.53,03:45:00
2026-05-12 04:00:00,275.09,04:00:00
2026-05-12 04:15:00,274.22,04:15:00
2026-05-12 04:30:00,271.97,04:30:00
2026-05-12 04:45:00,266.78,04:45:00
2026-05-12 05:00:00,264.38,05:00:00
2026-05-12 05:15:00,259.75,05:15:00
2026-05-12 05:30:00,254.26,05:30:00
2026-05-12 05:45:00,246.8,05:45:00
2026-05-12 06:00:00,238.06,06:00:00
2026-05-12 06:15:00,228.29,06:15:00
2026-05-12 06:30:00,218.95,06:30:00
2026-05-12 06:45:00,207.66,06:45:00
2026-05-12 07:00:00,194.67,07:00:00
2026-05-12 07:15:00,185.68,07:15:00
2026-05-12 07:30:00,176.67,07:30:00
2026-05-12 07:45:00,162.55,07:45:00
2026-05-12 08:00:00,157.25,08:00:00
2026-05-12 08:15:00,153.81,08:15:00
2026-05-12 08:30:00,149.65,08:30:00
2026-05-12 08:45:00,145.09,08:45:00
2026-05-12 09:00:00,139.46,09:00:00
2026-05-12 09:15:00,139.19,09:15:00
2026-05-12 09:30:00,137.48,09:30:00
2026-05-12 09:45:00,136.71,09:45:00
2026-05-12 10:00:00,133.77,10:00:00
2026-05-12 10:15:00,134.25,10:15:00
2026-05-12 10:30:00,134.27,10:30:00
2026-05-12 10:45:00,130.51,10:45:00
2026-05-12 11:00:00,131.07,11:00:00
2026-05-12 11:15:00,130.94,11:15:00
2026-05-12 11:30:00,131.43,11:30:00
2026-05-12 11:45:00,130.54,11:45:00
2026-05-12 12:00:00,134.44,12:00:00
2026-05-12 12:15:00,135.09,12:15:00
2026-05-12 12:30:00,135.35,12:30:00
2026-05-12 12:45:00,137.63,12:45:00
2026-05-12 13:00:00,140.77,13:00:00
2026-05-12 13:15:00,144.65,13:15:00
2026-05-12 13:30:00,146.69,13:30:00
2026-05-12 13:45:00,150.91,13:45:00
2026-05-12 14:00:00,157.95,14:00:00
2026-05-12 14:15:00,166.12,14:15:00
2026-05-12 14:30:00,175.69,14:30:00
2026-05-12 14:45:00,188.21,14:45:00
2026-05-12 15:00:00,199.08,15:00:00
2026-05-12 15:15:00,208.99,15:15:00
2026-05-12 15:30:00,221.04,15:30:00
2026-05-12 15:45:00,235.61,15:45:00
2026-05-12 16:00:00,253.41,16:00:00
2026-05-12 16:15:00,265.23,16:15:00
2026-05-12 16:30:00,277.93,16:30:00
2026-05-12 16:45:00,292.12,16:45:00
2026-05-12 17:00:00,305.08,17:00:00
2026-05-12 17:15:00,314.3,17:15:00
2026-05-12 17:30:00,322.38,17:30:00
2026-05-12 17:45:00,332.92,17:45:00
2026-05-12 18:00:00,336.42,18:00:00
2026-05-12 18:15:00,339.52,18:15:00
2026-05-12 18:30:00,339.72,18:30:00
2026-05-12 18:45:00,339.93,18:45:00
2026-05-12 19:00:00,342.56,19:00:00
2026-05-12 19:15:00,343.62,19:15:00
2026-05-12 19:30:00,345.83,19:30:00
2026-05-12 19:45:00,343.56,19:45:00
2026-05-12 20:00:00,345.91,20:00:00
2026-05-12 20:15:00,344.15,20:15:00
2026-05-12 20:30:00,338.56,20:30:00
2026-05-12 20:45:00,337.62,20:45:00
2026-05-12 21:00:00,341.12,21:00:00
2026-05-12 21:15:00,338.35,21:15:00
2026-05-12 21:30:00,340.5,21:30:00
2026-05-12 21:45:00,336.59,21:45:00
2026-05-12 22:00:00,331.31,22:00:00
2026-05-12 22:15:00,326.89,22:15:00
2026-05-12 22:30:00,327.55,22:30:00
2026-05-12 22:45:00,326.25,22:45:00
2026-05-12 23:00:00,324.28,23:00:00
2026-05-12 23:15:00,321.96,23:15:00
2026-05-12 23:30:00,319.34,23:30:00
2026-05-12 23:45:00,318.74,23:45:00
2026-05-13 00:00:00,317.42,00:00:00
2026-05-13 00:15:00,318.38,00:15:00
2026-05-13 00:30:00,318.28,00:30:00
2026-05-13 00:45:00,317.91,00:45:00
2026-05-13 01:00:00,318.14,01:00:00
2026-05-13 01:15:00,317.95,01:15:00
2026-05-13 01:30:00,320.25,01:30:00
2026-05-13 01:45:00,319.33,01:45:00
2026-05-13 02:00:00,317.83,02:00:00
2026-05-13 02:15:00,319.67,02:15:00
2026-05-13 02:30:00,323.65,02:30:00
2026-05-13 02:45:00,326.38,02:45:00
2026-05-13 03:00:00,330.35,03:00:00
2026-05-13 03:15:00,334.52,03:15:00
2026-05-13 03:30:00,334.99,03:30:00
2026-05-13 03:45:00,335.16,03:45:00
2026-05-13 04:00:00,332.48,04:00:00
2026-05-13 04:15:00,329.68,04:15:00
2026-05-13 04:30:00,331.09,04:30:00
2026-05-13 04:45:00,329.26,04:45:00
2026-05-13 05:00:00,324.26,05:00:00
2026-05-13 05:15:00,323.53,05:15:00
2026-05-13 05:30:00,318.63,05:30:00
2026-05-13 05:45:00,315.24,05:45:00
2026-05-13 06:00:00,307.27,06:00:00
2026-05-13 06:15:00,298.85,06:15:00
2026-05-13 06:30:00,288.83,06:30:00
2026-05-13 06:45:00,279.37,06:45:00
2026-05-13 07:00:00,268.42,07:00:00
2026-05-13 07:15:00,256.13,07:15:00
2026-05-13 07:30:00,243.76,07:30:00
2026-05-13 07:45:00,233.09,07:45:00
2026-05-13 08:00:00,222.7,08:00:00
2026-05-13 08:15:00,215.11,08:15:00
2026-05-13 08:30:00,211.9,08:30:00
2026-05-13 08:45:00,207.48,08:45:00
2026-05-13 09:00:00,195.14,09:00:00
2026-05-13 09:15:00,188.52,09:15:00
2026-05-13 09:30:00,185.15,09:30:00
2026-05-13 09:45:00,179.93,09:45:00
2026-05-13 10:00:00,175.78,10:00:00
2026-05-13 10:15:00,175.49,10:15:00
2026-05-13 10:30:00,168.96,10:30:00
2026-05-13 10:45:00,165.84,10:45:00
2026-05-13 11:00:00,167.28,11:00:00
2026-05-13 11:15:00,168.51,11:15:00
2026-05-13 11:30:00,169.04,11:30:00
2026-05-13 11:45:00,167.74,11:45:00
2026-05-13 12:00:00,169.09,12:00:00
2026-05-13 12:15:00,170.62,12:15:00
2026-05-13 12:30:00,176.83,12:30:00
2026-05-13 12:45:00,177.49,12:45:00
2026-05-13 13:00:00,181.84,13:00:00
2026-05-13 13:15:00,191.42,13:15:00
2026-05-13 13:30:00,197.72,13:30:00
2026-05-13 13:45:00,204.86,13:45:00
2026-05-13 14:00:00,215.21,14:00:00
2026-05-13 14:15:00,223.68,14:15:00
2026-05-13 14:30:00,233.9,14:30:00
2026-05-13 14:45:00,246.79,14:45:00
2026-05-13 15:00:00,255.96,15:00:00
2026-05-13 15:15:00,266.71,15:15:00
2026-05-13 15:30:00,277.79,15:30:00
2026-05-13 15:45:00,288.53,15:45:00
2026-05-13 16:00:00,296.42,16:00:00
2026-05-13 16:15:00,304.0,16:15:00
2026-05-13 16:30:00,317.59,16:30:00
2026-05-13 16:45:00,328.29,16:45:00
2026-05-13 17:00:00,338.03,17:00:00
2026-05-13 17:15:00,348.88,17:15:00
2026-05-13 17:30:00,354.95,17:30:00
2026-05-13 17:45:00,360.9,17:45:00
2026-05-13 18:00:00,367.58,18:00:00
2026-05-13 18:15:00,372.2,18:15:00
2026-05-13 18:30:00,376.87,18:30:00
2026-05-13 18:45:00,378.67,18:45:00
2026-05-13 19:00:00,376.41,19:00:00
2026-05-13 19:15:00,369.58,19:15:00
2026-05-13 19:30:00,367.4,19:30:00
2026-05-13 19:45:00,367.96,19:45:00
2026-05-13 20:00:00,371.24,20:00:00
2026-05-13 20:15:00,370.04,20:15:00
2026-05-13 20:30:00,373.2,20:30:00
2026-05-13 20:45:00,375.11,20:45:00
2026-05-13 21:00:00,374.9,21:00:00
2026-05-13 21:15:00,372.26,21:15:00
2026-05-13 21:30:00,376.14,21:30:00
2026-05-13 21:45:00,374.79,21:45:00
2026-05-13 22:00:00,369.57,22:00:00
2026-05-13 22:15:00,368.62,22:15:00
2026-05-13 22:30:00,368.92,22:30:00
2026-05-13 22:45:00,367.85,22:45:00
2026-05-13 23:00:00,359.96,23:00:00
2026-05-13 23:15:00,357.66,23:15:00
2026-05-13 23:30:00,358.21,23:30:00
2026-05-13 23:45:00,356.58,23:45:00
2026-05-14 00:00:00,353.24,00:00:00
2026-05-14 00:15:00,353.68,00:15:00
2026-05-14 00:30:00,354.29,00:30:00
2026-05-14 00:45:00,356.24,00:45:00
2026-05-14 01:00:00,354.39,01:00:00
2026-05-14 01:15:00,354.23,01:15:00
2026-05-14 01:30:00,354.58,01:30:00
2026-05-14 01:45:00,356.13,01:45:00
2026-05-14 02:00:00,356.84,02:00:00
2026-05-14 02:15:00,356.75,02:15:00
2026-05-14 02:30:00,355.97,02:30:00
2026-05-14 02:45:00,354.98,02:45:00
2026-05-14 03:00:00,355.8,03:00:00
2026-05-14 03:15:00,355.76,03:15:00
2026-05-14 03:30:00,354.44,03:30:00
2026-05-14 03:45:00,350.94,03:45:00
2026-05-14 04:00:00,347.52,04:00:00
2026-05-14 04:15:00,340.5,04:15:00
2026-05-14 04:30:00,333.29,04:30:00
2026-05-14 04:45:00,328.82,04:45:00
2026-05-14 05:00:00,322.97,05:00:00
2026-05-14 05:15:00,313.73,05:15:00
2026-05-14 05:30:00,302.64,05:30:00
2026-05-14 05:45:00,290.98,05:45:00
2026-05-14 06:00:00,277.26,06:00:00
2026-05-14 06:15:00,264.77,06:15:00
2026-05-14 06:30:00,250.48,06:30:00
2026-05-14 06:45:00,239.15,06:45:00
2026-05-14 07:00:00,225.35,07:00:00
2026-05-14 07:15:00,212.9,07:15:00
2026-05-14 07:30:00,201.3,07:30:00
2026-05-14 07:45:00,188.11,07:45:00
2026-05-14 08:00:00,177.51,08:00:00
2026-05-14 08:15:00,170.26,08:15:00
2026-05-14 08:30:00,161.55,08:30:00
2026-05-14 08:45:00,156.03,08:45:00
2026-05-14 09:00:00,151.51,09:00:00
2026-05-14 09:15:00,148.18,09:15:00
2026-05-14 09:30:00,146.89,09:30:00
2026-05-14 09:45:00,144.19,09:45:00
2026-05-14 10:00:00,139.79,10:00:00
2026-05-14 10:15:00,137.97,10:15:00
2026-05-14 10:30:00,138.46,10:30:00
2026-05-14 10:45:00,138.37,10:45:00
2026-05-14 11:00:00,137.87,11:00:00
2026-05-14 11:15:00,138.23,11:15:00
2026-05-14 11:30:00,139.91,11:30:00
2026-05-14 11:45:00,139.34,11:45:00
2026-05-14 12:00:00,139.68,12:00:00
2026-05-14 12:15:00,141.03,12:15:00
2026-05-14 12:30:00,142.17,12:30:00
2026-05-14 12:45:00,143.35,12:45:00
2026-05-14 13:00:00,144.46,13:00:00
2026-05-14 13:15:00,147.76,13:15:00
2026-05-14 13:30:00,152.4,13:30:00
2026-05-14 13:45:00,156.02,13:45:00
2026-05-14 14:00:00,163.43,14:00:00
2026-05-14 14:15:00,169.69,14:15:00
2026-05-14 14:30:00,179.92,14:30:00
2026-05-14 14:45:00,193.11,14:45:00
2026-05-14 15:00:00,216.24,15:00:00
2026-05-14 15:15:00,234.09,15:15:00
2026-05-14 15:30:00,254.03,15:30:00
2026-05-14 15:45:00,275.9,15:45:00
2026-05-14 16:00:00,296.94,16:00:00
2026-05-14 16:15:00,311.72,16:15:00
2026-05-14 16:30:00,321.68,16:30:00
2026-05-14 16:45:00,337.83,16:45:00
2026-05-14 17:00:00,349.22,17:00:00
2026-05-14 17:15:00,367.37,17:15:00
2026-05-14 17:30:00,384.96,17:30:00
2026-05-14 17:45:00,396.91,17:45:00
2026-05-14 18:00:00,404.45,18:00:00
2026-05-14 18:15:00,414.94,18:15:00
2026-05-14 18:30:00,425.9,18:30:00
2026-05-14 18:45:00,432.38,18:45:00
2026-05-14 19:00:00,428.34,19:00:00
2026-05-14 19:15:00,429.17,19:15:00
2026-05-14 19:30:00,433.76,19:30:00
2026-05-14 19:45:00,431.78,19:45:00
2026-05-14 20:00:00,434.87,20:00:00
2026-05-14 20:15:00,437.75,20:15:00
2026-05-14 20:30:00,440.91,20:30:00
2026-05-14 20:45:00,440.7,20:45:00
2026-05-14 21:00:00,438.46,21:00:00
2026-05-14 21:15:00,440.35,21:15:00
2026-05-14 21:30:00,441.7,21:30:00
2026-05-14 21:45:00,438.08,21:45:00
2026-05-14 22:00:00,442.99,22:00:00
2026-05-14 22:15:00,439.61,22:15:00
2026-05-14 22:30:00,439.1,22:30:00
2026-05-14 22:45:00,441.59,22:45:00
2026-05-14 23:00:00,444.0,23:00:00
2026-05-14 23:15:00,444.95,23:15:00
2026-05-14 23:30:00,444.47,23:30:00
2026-05-14 23:45:00,443.7,23:45:00
2026-05-15 00:00:00,445.51,00:00:00
2026-05-15 00:15:00,442.87,00:15:00
2026-05-15 00:30:00,439.27,00:30:00
2026-05-15 00:45:00,431.35,00:45:00
2026-05-15 01:00:00,427.06,01:00:00
2026-05-15 01:15:00,426.72,01:15:00
2026-05-15 01:30:00,425.7,01:30:00
2026-05-15 01:45:00,427.56,01:45:00
2026-05-15 02:00:00,429.16,02:00:00
2026-05-15 02:15:00,426.43,02:15:00
2026-05-15 02:30:00,426.38,02:30:00
2026-05-15 02:45:00,426.09,02:45:00
2026-05-15 03:00:00,421.91,03:00:00
2026-05-15 03:15:00,418.44,03:15:00
2026-05-15 03:30:00,414.99,03:30:00
2026-05-15 03:45:00,410.89,03:45:00
2026-05-15 04:00:00,399.81,04:00:00
2026-05-15 04:15:00,393.29,04:15:00
2026-05-15 04:30:00,387.32,04:30:00
2026-05-15 04:45:00,379.46,04:45:00
2026-05-15 05:00:00,371.16,05:00:00
2026-05-15 05:15:00,359.23,05:15:00
2026-05-15 05:30:00,347.21,05:30:00
2026-05-15 05:45:00,336.97,05:45:00
2026-05-15 06:00:00,321.89,06:00:00
2026-05-15 06:15:00,305.85,06:15:00
2026-05-15 06:30:00,291.13,06:30:00
2026-05-15 06:45:00,272.17,06:45:00
2026-05-15 07:00:00,253.5,07:00:00
2026-05-15 07:15:00,235.06,07:15:00
2026-05-15 07:30:00,216.37,07:30:00
2026-05-15 07:45:00,199.82,07:45:00
2026-05-15 08:00:00,184.4,08:00:00
2026-05-15 08:15:00,172.36,08:15:00
2026-05-15 08:30:00,162.95,08:30:00
2026-05-15 08:45:00,154.81,08:45:00
2026-05-15 09:00:00,148.41,09:00:00
2026-05-15 09:15:00,145.98,09:15:00
2026-05-15 09:30:00,144.57,09:30:00
2026-05-15 09:45:00,145.2,09:45:00
2026-05-15 10:00:00,143.66,10:00:00
2026-05-15 10:15:00,141.25,10:15:00
2026-05-15 10:30:00,139.77,10:30:00
2026-05-15 10:45:00,138.52,10:45:00
2026-05-15 11:00:00,137.34,11:00:00
2026-05-15 11:15:00,138.44,11:15:00
2026-05-15 11:30:00,138.13,11:30:00
2026-05-15 11:45:00,137.98,11:45:00
2026-05-15 12:00:00,138.27,12:00:00
2026-05-15 12:15:00,139.97,12:15:00
2026-05-15 12:30:00,141.13,12:30:00
2026-05-15 12:45:00,143.12,12:45:00
2026-05-15 13:00:00,145.71,13:00:00
2026-05-15 13:15:00,146.14,13:15:00
2026-05-15 13:30:00,148.06,13:30:00
2026-05-15 13:45:00,153.74,13:45:00
2026-05-15 14:00:00,165.86,14:00:00
2026-05-15 14:15:00,174.52,14:15:00
2026-05-15 14:30:00,185.99,14:30:00
2026-05-15 14:45:00,198.03,14:45:00
2026-05-15 15:00:00,216.87,15:00:00
2026-05-15 15:15:00,234.3,15:15:00
2026-05-15 15:30:00,249.77,15:30:00
2026-05-15 15:45:00,263.17,15:45:00
2026-05-15 16:00:00,277.94,16:00:00
2026-05-15 16:15:00,290.73,16:15:00
2026-05-15 16:30:00,301.2,16:30:00
2026-05-15 16:45:00,311.67,16:45:00
2026-05-15 17:00:00,319.74,17:00:00
2026-05-15 17:15:00,332.71,17:15:00
2026-05-15 17:30:00,345.03,17:30:00
2026-05-15 17:45:00,356.66,17:45:00
2026-05-15 18:00:00,366.16,18:00:00
2026-05-15 18:15:00,372.48,18:15:00
2026-05-15 18:30:00,377.92,18:30:00
2026-05-15 18:45:00,380.37,18:45:00
2026-05-15 19:00:00,378.26,19:00:00
2026-05-15 19:15:00,379.31,19:15:00
2026-05-15 19:30:00,383.02,19:30:00
2026-05-15 19:45:00,385.06,19:45:00
2026-05-15 20:00:00,385.32,20:00:00
2026-05-15 20:15:00,383.27,20:15:00
2026-05-15 20:30:00,381.52,20:30:00
2026-05-15 20:45:00,379.25,20:45:00
2026-05-15 21:00:00,376.66,21:00:00
2026-05-15 21:15:00,374.1,21:15:00
2026-05-15 21:30:00,375.89,21:30:00
2026-05-15 21:45:00,373.26,21:45:00
2026-05-15 22:00:00,374.59,22:00:00
2026-05-15 22:15:00,375.63,22:15:00
2026-05-15 22:30:00,377.07,22:30:00
2026-05-15 22:45:00,371.81,22:45:00
2026-05-15 23:00:00,368.61,23:00:00
2026-05-15 23:15:00,364.48,23:15:00
2026-05-15 23:30:00,365.38,23:30:00
2026-05-15 23:45:00,366.51,23:45:00
2026-05-16 00:00:00,367.92,00:00:00
2026-05-16 00:15:00,367.49,00:15:00
2026-05-16 00:30:00,365.1,00:30:00
2026-05-16 00:45:00,363.14,00:45:00
2026-05-16 01:00:00,359.12,01:00:00
2026-05-16 01:15:00,356.37,01:15:00
2026-05-16 01:30:00,352.34,01:30:00
2026-05-16 01:45:00,354.19,01:45:00
2026-05-16 02:00:00,351.65,02:00:00
2026-05-16 02:15:00,352.5,02:15:00
2026-05-16 02:30:00,352.69,02:30:00
2026-05-16 02:45:00,351.97,02:45:00
2026-05-16 03:00:00,345.77,03:00:00
2026-05-16 03:15:00,344.69,03:15:00
2026-05-16 03:30:00,340.07,03:30:00
2026-05-16 03:45:00,337.89,03:45:00
2026-05-16 04:00:00,328.25,04:00:00
2026-05-16 04:15:00,324.78,04:15:00
2026-05-16 04:30:00,316.49,04:30:00
2026-05-16 04:45:00,309.97,04:45:00
2026-05-16 05:00:00,298.76,05:00:00
2026-05-16 05:15:00,287.25,05:15:00
2026-05-16 05:30:00,274.78,05:30:00
2026-05-16 05:45:00,259.99,05:45:00
2026-05-16 06:00:00,243.55,06:00:00
2026-05-16 06:15:00,229.33,06:15:00
2026-05-16 06:30:00,208.63,06:30:00
2026-05-16 06:45:00,186.68,06:45:00
2026-05-16 07:00:00,165.53,07:00:00
2026-05-16 07:15:00,152.14,07:15:00
2026-05-16 07:30:00,142.94,07:30:00
2026-05-16 07:45:00,137.64,07:45:00
2026-05-16 08:00:00,132.3,08:00:00
2026-05-16 08:15:00,129.52,08:15:00
2026-05-16 08:30:00,128.03,08:30:00
2026-05-16 08:45:00,128.08,08:45:00
2026-05-16 09:00:00,129.3,09:00:00
2026-05-16 09:15:00,127.75,09:15:00
2026-05-16 09:30:00,126.43,09:30:00
2026-05-16 09:45:00,125.35,09:45:00
2026-05-16 10:00:00,122.98,10:00:00
2026-05-16 10:15:00,122.55,10:15:00
2026-05-16 10:30:00,122.2,10:30:00
2026-05-16 10:45:00,121.68,10:45:00
2026-05-16 11:00:00,121.78,11:00:00
2026-05-16 11:15:00,121.2,11:15:00
2026-05-16 11:30:00,120.78,11:30:00
2026-05-16 11:45:00,120.79,11:45:00
2026-05-16 12:00:00,121.72,12:00:00
2026-05-16 12:15:00,123.37,12:15:00
2026-05-16 12:30:00,124.81,12:30:00
2026-05-16 12:45:00,125.81,12:45:00
2026-05-16 13:00:00,123.38,13:00:00
2026-05-16 13:15:00,124.44,13:15:00
2026-05-16 13:30:00,126.05,13:30:00
2026-05-16 13:45:00,128.17,13:45:00
2026-05-16 14:00:00,130.89,14:00:00
2026-05-16 14:15:00,132.8,14:15:00
2026-05-16 14:30:00,136.35,14:30:00
2026-05-16 14:45:00,145.98,14:45:00
2026-05-16 15:00:00,157.55,15:00:00
2026-05-16 15:15:00,171.47,15:15:00
2026-05-16 15:30:00,187.87,15:30:00
2026-05-16 15:45:00,206.78,15:45:00
2026-05-16 16:00:00,225.47,16:00:00
2026-05-16 16:15:00,240.59,16:15:00
2026-05-16 16:30:00,258.65,16:30:00
2026-05-16 16:45:00,276.16,16:45:00
2026-05-16 17:00:00,298.62,17:00:00
2026-05-16 17:15:00,313.61,17:15:00
2026-05-16 17:30:00,325.68,17:30:00
2026-05-16 17:45:00,336.11,17:45:00
2026-05-16 18:00:00,347.12,18:00:00
2026-05-16 18:15:00,364.24,18:15:00
2026-05-16 18:30:00,375.4,18:30:00
2026-05-16 18:45:00,384.06,18:45:00
2026-05-16 19:00:00,388.2,19:00:00
2026-05-16 19:15:00,390.9,19:15:00
2026-05-16 19:30:00,396.61,19:30:00
2026-05-16 19:45:00,399.52,19:45:00
2026-05-16 20:00:00,398.57,20:00:00
2026-05-16 20:15:00,393.64,20:15:00
2026-05-16 20:30:00,394.17,20:30:00
2026-05-16 20:45:00,390.72,20:45:00
2026-05-16 21:00:00,383.95,21:00:00
2026-05-16 21:15:00,380.05,21:15:00
2026-05-16 21:30:00,381.29,21:30:00
2026-05-16 21:45:00,379.75,21:45:00
2026-05-16 22:00:00,373.94,22:00:00
2026-05-16 22:15:00,373.77,22:15:00
2026-05-16 22:30:00,375.74,22:30:00
2026-05-16 22:45:00,372.54,22:45:00
2026-05-16 23:00:00,372.94,23:00:00
2026-05-16 23:15:00,371.19,23:15:00
2026-05-16 23:30:00,370.16,23:30:00
2026-05-16 23:45:00,370.17,23:45:00
2026-05-17 00:00:00,371.85,00:00:00
2026-05-17 00:15:00,374.14,00:15:00
2026-05-17 00:30:00,378.45,00:30:00
2026-05-17 00:45:00,381.16,00:45:00
2026-05-17 01:00:00,384.76,01:00:00
2026-05-17 01:15:00,383.59,01:15:00
2026-05-17 01:30:00,386.11,01:30:00
2026-05-17 01:45:00,389.56,01:45:00
2026-05-17 02:00:00,389.54,02:00:00
2026-05-17 02:15:00,388.63,02:15:00
2026-05-17 02:30:00,386.62,02:30:00
2026-05-17 02:45:00,385.06,02:45:00
2026-05-17 03:00:00,385.87,03:00:00
2026-05-17 03:15:00,381.8,03:15:00
2026-05-17 03:30:00,378.23,03:30:00
2026-05-17 03:45:00,373.9,03:45:00
2026-05-17 04:00:00,362.79,04:00:00
2026-05-17 04:15:00,354.06,04:15:00
2026-05-17 04:30:00,337.13,04:30:00
2026-05-17 04:45:00,319.05,04:45:00
2026-05-17 05:00:00,293.77,05:00:00
2026-05-17 05:15:00,270.34,05:15:00
2026-05-17 05:30:00,246.37,05:30:00
2026-05-17 05:45:00,228.58,05:45:00
2026-05-17 06:00:00,211.36,06:00:00
2026-05-17 06:15:00,198.29,06:15:00
2026-05-17 06:30:00,186.05,06:30:00
2026-05-17 06:45:00,174.68,06:45:00
2026-05-17 07:00:00,163.39,07:00:00
2026-05-17 07:15:00,155.2,07:15:00
2026-05-17 07:30:00,147.76,07:30:00
2026-05-17 07:45:00,142.82,07:45:00
2026-05-17 08:00:00,137.36,08:00:00
2026-05-17 08:15:00,134.63,08:15:00
2026-05-17 08:30:00,132.29,08:30:00
2026-05-17 08:45:00,131.49,08:45:00
2026-05-17 09:00:00,130.33,09:00:00
2026-05-17 09:15:00,128.45,09:15:00
2026-05-17 09:30:00,128.18,09:30:00
2026-05-17 09:45:00,127.92,09:45:00
2026-05-17 10:00:00,127.34,10:00:00
2026-05-17 10:15:00,127.52,10:15:00
2026-05-17 10:30:00,127.87,10:30:00
2026-05-17 10:45:00,127.52,10:45:00
2026-05-17 11:00:00,127.19,11:00:00
2026-05-17 11:15:00,127.88,11:15:00
2026-05-17 11:30:00,130.06,11:30:00
2026-05-17 11:45:00,132.07,11:45:00
2026-05-17 12:00:00,134.76,12:00:00
2026-05-17 12:15:00,136.1,12:15:00
2026-05-17 12:30:00,136.42,12:30:00
2026-05-17 12:45:00,138.2,12:45:00
2026-05-17 13:00:00,142.05,13:00:00
2026-05-17 13:15:00,146.68,13:15:00
2026-05-17 13:30:00,152.7,13:30:00
2026-05-17 13:45:00,161.79,13:45:00
2026-05-17 14:00:00,172.36,14:00:00
2026-05-17 14:15:00,183.06,14:15:00
2026-05-17 14:30:00,200.12,14:30:00
2026-05-17 14:45:00,224.91,14:45:00
2026-05-17 15:00:00,250.45,15:00:00
2026-05-17 15:15:00,273.05,15:15:00
2026-05-17 15:30:00,293.91,15:30:00
2026-05-17 15:45:00,313.69,15:45:00
2026-05-17 16:00:00,332.94,16:00:00
2026-05-17 16:15:00,349.99,16:15:00
2026-05-17 16:30:00,365.41,16:30:00
2026-05-17 16:45:00,378.6,16:45:00
2026-05-17 17:00:00,387.76,17:00:00
2026-05-17 17:15:00,404.09,17:15:00
2026-05-17 17:30:00,419.2,17:30:00
2026-05-17 17:45:00,434.97,17:45:00
2026-05-17 18:00:00,440.76,18:00:00
2026-05-17 18:15:00,452.38,18:15:00
2026-05-17 19:15:00,463.94,19:15:00
2026-05-17 19:30:00,463.52,19:30:00
2026-05-17 19:45:00,460.84,19:45:00
2026-05-17 20:00:00,458.04,20:00:00
2026-05-17 20:15:00,457.85,20:15:00
2026-05-17 20:30:00,457.77,20:30:00
2026-05-17 20:45:00,454.71,20:45:00
2026-05-17 21:00:00,453.66,21:00:00
2026-05-17 21:15:00,452.59,21:15:00
2026-05-17 21:30:00,453.2,21:30:00
2026-05-17 21:45:00,448.99,21:45:00
2026-05-17 22:00:00,451.83,22:00:00
2026-05-17 22:15:00,449.25,22:15:00
2026-05-17 22:30:00,449.3,22:30:00
2026-05-17 22:45:00,451.28,22:45:00
2026-05-17 23:00:00,454.64,23:00:00
2026-05-17 23:15:00,456.66,23:15:00
2026-05-17 23:30:00,461.18,23:30:00
2026-05-17 23:45:00,462.27,23:45:00
2026-05-18 00:00:00,460.86,00:00:00
2026-05-18 00:15:00,459.42,00:15:00
2026-05-18 00:30:00,458.51,00:30:00
2026-05-18 00:45:00,458.16,00:45:00
2026-05-18 01:00:00,457.19,01:00:00
2026-05-18 01:15:00,455.92,01:15:00
2026-05-18 01:30:00,456.53,01:30:00
2026-05-18 01:45:00,456.09,01:45:00
2026-05-18 02:00:00,453.77,02:00:00
2026-05-18 02:15:00,450.08,02:15:00
2026-05-18 02:30:00,446.77,02:30:00
2026-05-18 02:45:00,441.91,02:45:00
2026-05-18 03:00:00,439.55,03:00:00
2026-05-18 03:15:00,432.5,03:15:00
2026-05-18 03:30:00,422.12,03:30:00
2026-05-18 03:45:00,413.16,03:45:00
2026-05-18 04:00:00,400.4,04:00:00
2026-05-18 04:15:00,388.68,04:15:00
2026-05-18 04:30:00,378.55,04:30:00
2026-05-18 04:45:00,369.22,04:45:00
2026-05-18 05:15:00,351.44,05:15:00
2026-05-18 05:30:00,340.21,05:30:00
2026-05-18 05:45:00,328.84,05:45:00
2026-05-18 06:00:00,321.73,06:00:00
2026-05-18 06:15:00,307.75,06:15:00
2026-05-18 06:30:00,296.52,06:30:00
2026-05-18 06:45:00,285.3,06:45:00
2026-05-18 07:00:00,276.75,07:00:00
2026-05-18 07:15:00,266.44,07:15:00
2026-05-18 07:30:00,254.51,07:30:00
2026-05-18 07:45:00,245.65,07:45:00
2026-05-18 08:00:00,237.22,08:00:00
2026-05-18 08:15:00,230.89,08:15:00
2026-05-18 08:30:00,225.33,08:30:00
2026-05-18 08:45:00,220.32,08:45:00
2026-05-18 09:00:00,214.04,09:00:00
2026-05-18 09:15:00,207.75,09:15:00
2026-05-18 09:30:00,202.81,09:30:00
2026-05-18 09:45:00,199.35,09:45:00
2026-05-18 10:00:00,192.87,10:00:00
2026-05-18 10:15:00,190.12,10:15:00
2026-05-18 10:30:00,194.7,10:30:00
2026-05-18 10:45:00,195.9,10:45:00
2026-05-18 11:00:00,197.3,11:00:00
2026-05-18 11:15:00,201.51,11:15:00
2026-05-18 11:30:00,206.37,11:30:00
2026-05-18 11:45:00,210.85,11:45:00
2026-05-18 12:00:00,218.17,12:00:00
2026-05-18 12:15:00,223.74,12:15:00
2026-05-18 12:30:00,227.75,12:30:00
2026-05-18 12:45:00,230.83,12:45:00
2026-05-18 13:00:00,233.45,13:00:00
2026-05-18 13:15:00,240.93,13:15:00
2026-05-18 13:30:00,247.4,13:30:00
2026-05-18 13:45:00,255.5,13:45:00
2026-05-18 14:00:00,267.77,14:00:00
2026-05-18 14:15:00,276.07,14:15:00
2026-05-18 14:30:00,283.92,14:30:00
2026-05-18 14:45:00,292.93,14:45:00
2026-05-18 15:00:00,301.9,15:00:00
2026-05-18 15:15:00,308.47,15:15:00
2026-05-18 15:30:00,315.2,15:30:00
2026-05-18 15:45:00,322.78,15:45:00
2026-05-18 16:00:00,340.6,16:00:00
2026-05-18 16:15:00,349.92,16:15:00
2026-05-18 16:30:00,356.73,16:30:00
2026-05-18 16:45:00,366.06,16:45:00
2026-05-18 17:00:00,376.23,17:00:00
2026-05-18 17:15:00,386.01,17:15:00
2026-05-18 17:30:00,395.49,17:30:00
2026-05-18 17:45:00,405.78,17:45:00
2026-05-18 18:00:00,411.52,18:00:00
2026-05-18 18:15:00,415.71,18:15:00
2026-05-18 18:30:00,420.79,18:30:00
2026-05-18 18:45:00,420.28,18:45:00
2026-05-18 19:00:00,421.16,19:00:00
2026-05-18 19:15:00,419.5,19:15:00
2026-05-18 19:30:00,420.94,19:30:00
2026-05-18 19:45:00,420.13,19:45:00
2026-05-18 20:00:00,430.84,20:00:00
2026-05-18 20:15:00,431.69,20:15:00
2026-05-18 20:30:00,430.52,20:30:00
2026-05-18 20:45:00,431.79,20:45:00
2026-05-18 21:00:00,434.61,21:00:00
2026-05-18 21:15:00,436.04,21:15:00
2026-05-18 21:30:00,436.53,21:30:00
2026-05-18 21:45:00,442.29,21:45:00
2026-05-18 22:00:00,447.85,22:00:00
2026-05-18 22:15:00,450.8,22:15:00
2026-05-18 22:30:00,451.28,22:30:00
2026-05-18 22:45:00,452.13,22:45:00
2026-05-18 23:00:00,457.9,23:00:00
2026-05-18 23:15:00,459.93,23:15:00
2026-05-18 23:30:00,465.24,23:30:00
2026-05-18 23:45:00,466.37,23:45:00
2026-05-19 00:00:00,467.46,00:00:00
2026-05-19 00:15:00,467.91,00:15:00
2026-05-19 00:30:00,466.64,00:30:00
2026-05-19 00:45:00,467.09,00:45:00
2026-05-19 01:00:00,464.52,01:00:00
2026-05-19 01:15:00,467.0,01:15:00
2026-05-19 01:30:00,468.24,01:30:00
2026-05-19 01:45:00,468.74,01:45:00
2026-05-19 02:00:00,466.77,02:00:00
2026-05-19 02:15:00,467.6,02:15:00
2026-05-19 02:30:00,467.45,02:30:00
2026-05-19 02:45:00,465.02,02:45:00
2026-05-19 03:00:00,465.86,03:00:00
2026-05-19 03:15:00,466.85,03:15:00
2026-05-19 03:30:00,462.71,03:30:00
2026-05-19 03:45:00,457.64,03:45:00
2026-05-19 04:00:00,446.8,04:00:00
2026-05-19 04:15:00,438.73,04:15:00
2026-05-19 04:30:00,429.19,04:30:00
2026-05-19 04:45:00,417.29,04:45:00
2026-05-19 05:00:00,403.31,05:00:00
2026-05-19 05:15:00,392.85,05:15:00
2026-05-19 05:30:00,377.86,05:30:00
2026-05-19 05:45:00,364.77,05:45:00
2026-05-19 06:00:00,348.43,06:00:00
2026-05-19 06:15:00,334.73,06:15:00
2026-05-19 06:30:00,320.27,06:30:00
2026-05-19 06:45:00,306.19,06:45:00
2026-05-19 07:00:00,288.22,07:00:00
2026-05-19 07:15:00,270.65,07:15:00
2026-05-19 07:30:00,256.5,07:30:00
2026-05-19 07:45:00,243.4,07:45:00
2026-05-19 08:00:00,232.44,08:00:00
2026-05-19 08:15:00,222.22,08:15:00
2026-05-19 08:30:00,213.84,08:30:00
2026-05-19 08:45:00,202.08,08:45:00
2026-05-19 09:00:00,189.24,09:00:00
2026-05-19 09:15:00,183.17,09:15:00
2026-05-19 09:30:00,181.39,09:30:00
2026-05-19 09:45:00,178.23,09:45:00
2026-05-19 10:00:00,174.17,10:00:00
2026-05-19 10:15:00,173.17,10:15:00
2026-05-19 10:30:00,173.21,10:30:00
2026-05-19 10:45:00,173.01,10:45:00
2026-05-19 11:00:00,174.77,11:00:00
2026-05-19 11:15:00,175.92,11:15:00
2026-05-19 11:30:00,178.24,11:30:00
2026-05-19 11:45:00,180.35,11:45:00
2026-05-19 12:00:00,181.23,12:00:00
2026-05-19 12:15:00,185.58,12:15:00
2026-05-19 12:30:00,190.52,12:30:00
2026-05-19 12:45:00,196.8,12:45:00
2026-05-19 13:00:00,204.4,13:00:00
2026-05-19 13:15:00,208.3,13:15:00
2026-05-19 13:30:00,212.71,13:30:00
2026-05-19 13:45:00,220.86,13:45:00
2026-05-19 14:00:00,237.27,14:00:00
2026-05-19 14:15:00,245.04,14:15:00
2026-05-19 14:30:00,254.21,14:30:00
2026-05-19 14:45:00,267.01,14:45:00
2026-05-19 15:00:00,281.26,15:00:00
2026-05-19 15:15:00,290.13,15:15:00
2026-05-19 15:30:00,296.65,15:30:00
2026-05-19 15:45:00,307.54,15:45:00
2026-05-19 16:00:00,328.16,16:00:00
2026-05-19 16:15:00,337.45,16:15:00
2026-05-19 16:30:00,346.44,16:30:00
2026-05-19 16:45:00,355.3,16:45:00
2026-05-19 17:00:00,364.18,17:00:00
2026-05-19 17:15:00,371.44,17:15:00
2026-05-19 17:30:00,379.04,17:30:00
2026-05-19 17:45:00,385.85,17:45:00
2026-05-19 18:00:00,393.81,18:00:00
2026-05-19 18:15:00,397.07,18:15:00
2026-05-19 18:30:00,398.07,18:30:00
2026-05-19 18:45:00,398.46,18:45:00
2026-05-19 19:00:00,398.54,19:00:00
2026-05-19 19:15:00,397.47,19:15:00
2026-05-19 19:30:00,394.57,19:30:00
2026-05-19 19:45:00,393.99,19:45:00
2026-05-19 20:00:00,391.61,20:00:00
2026-05-19 20:15:00,385.88,20:15:00
2026-05-19 20:30:00,385.08,20:30:00
2026-05-19 20:45:00,384.08,20:45:00
2026-05-19 21:00:00,381.32,21:00:00
2026-05-19 21:15:00,382.43,21:15:00
2026-05-19 21:30:00,380.21,21:30:00
2026-05-19 21:45:00,375.63,21:45:00
2026-05-19 22:00:00,370.0,22:00:00
2026-05-19 22:15:00,365.76,22:15:00
2026-05-19 22:30:00,367.52,22:30:00
2026-05-19 22:45:00,368.56,22:45:00
2026-05-19 23:00:00,365.79,23:00:00
2026-05-19 23:15:00,363.9,23:15:00
2026-05-19 23:30:00,365.36,23:30:00
2026-05-19 23:45:00,367.49,23:45:00
2026-05-20 00:00:00,366.19,00:00:00
2026-05-20 00:15:00,367.31,00:15:00
2026-05-20 00:30:00,366.62,00:30:00
2026-05-20 00:45:00,366.52,00:45:00
2026-05-20 01:00:00,367.25,01:00:00
2026-05-20 01:15:00,364.61,01:15:00
2026-05-20 01:30:00,362.93,01:30:00
2026-05-20 01:45:00,363.23,01:45:00
2026-05-20 02:00:00,362.94,02:00:00
2026-05-20 02:15:00,363.92,02:15:00
2026-05-20 02:30:00,363.26,02:30:00
2026-05-20 02:45:00,361.87,02:45:00
2026-05-20 03:00:00,360.96,03:00:00
2026-05-20 03:15:00,360.05,03:15:00
2026-05-20 03:30:00,356.19,03:30:00
2026-05-20 03:45:00,352.78,03:45:00
2026-05-20 04:00:00,349.49,04:00:00
2026-05-20 04:15:00,347.98,04:15:00
2026-05-20 04:30:00,346.25,04:30:00
2026-05-20 04:45:00,341.31,04:45:00
2026-05-20 05:00:00,338.17,05:00:00
2026-05-20 05:15:00,333.21,05:15:00
2026-05-20 05:30:00,327.77,05:30:00
2026-05-20 05:45:00,322.85,05:45:00
2026-05-20 06:00:00,318.58,06:00:00
2026-05-20 06:15:00,311.44,06:15:00
2026-05-20 06:30:00,305.35,06:30:00
2026-05-20 06:45:00,296.94,06:45:00
2026-05-20 07:00:00,286.6,07:00:00
2026-05-20 07:15:00,272.38,07:15:00
2026-05-20 07:30:00,260.24,07:30:00
2026-05-20 07:45:00,250.3,07:45:00
2026-05-20 08:00:00,239.2,08:00:00
2026-05-20 08:15:00,230.03,08:15:00
2026-05-20 08:30:00,220.94,08:30:00
2026-05-20 08:45:00,212.26,08:45:00
2026-05-20 09:00:00,203.14,09:00:00
2026-05-20 09:15:00,194.46,09:15:00
2026-05-20 09:30:00,189.2,09:30:00
2026-05-20 09:45:00,184.4,09:45:00
2026-05-20 10:00:00,170.54,10:00:00
2026-05-20 10:15:00,161.75,10:15:00
2026-05-20 10:30:00,158.13,10:30:00
2026-05-20 10:45:00,156.4,10:45:00
2026-05-20 11:00:00,152.05,11:00:00
2026-05-20 11:15:00,148.25,11:15:00
2026-05-20 11:30:00,148.29,11:30:00
2026-05-20 11:45:00,148.43,11:45:00
2026-05-20 12:00:00,148.21,12:00:00
2026-05-20 12:15:00,149.34,12:15:00
2026-05-20 12:30:00,151.09,12:30:00
2026-05-20 12:45:00,152.77,12:45:00
2026-05-20 13:00:00,152.63,13:00:00
2026-05-20 13:15:00,154.3,13:15:00
2026-05-20 13:30:00,159.8,13:30:00
2026-05-20 13:45:00,167.38,13:45:00
2026-05-20 14:00:00,177.52,14:00:00
2026-05-20 14:15:00,190.28,14:15:00
2026-05-20 14:30:00,204.48,14:30:00
2026-05-20 14:45:00,217.4,14:45:00
2026-05-20 15:00:00,236.21,15:00:00
2026-05-20 15:15:00,251.8,15:15:00
2026-05-20 15:30:00,269.81,15:30:00
2026-05-20 15:45:00,284.07,15:45:00
2026-05-20 16:00:00,296.95,16:00:00
2026-05-20 16:15:00,308.6,16:15:00
2026-05-20 16:30:00,321.1,16:30:00
2026-05-20 16:45:00,336.26,16:45:00
2026-05-20 17:00:00,344.25,17:00:00
2026-05-20 17:15:00,354.43,17:15:00
2026-05-20 17:30:00,367.82,17:30:00
2026-05-20 17:45:00,378.58,17:45:00
2026-05-20 18:00:00,387.67,18:00:00
2026-05-20 18:15:00,393.27,18:15:00
2026-05-20 18:30:00,399.84,18:30:00
2026-05-20 18:45:00,405.36,18:45:00
2026-05-20 19:00:00,411.15,19:00:00
2026-05-20 19:15:00,419.31,19:15:00
2026-05-20 19:30:00,422.29,19:30:00
2026-05-20 19:45:00,423.23,19:45:00
2026-05-20 20:00:00,430.32,20:00:00
2026-05-20 20:15:00,426.39,20:15:00
2026-05-20 20:30:00,425.88,20:30:00
2026-05-20 20:45:00,423.77,20:45:00
2026-05-20 21:00:00,423.9,21:00:00
2026-05-20 21:15:00,418.59,21:15:00
2026-05-20 21:30:00,417.67,21:30:00
2026-05-20 21:45:00,414.82,21:45:00
2026-05-20 22:00:00,415.78,22:00:00
2026-05-20 22:15:00,414.8,22:15:00
2026-05-20 22:30:00,418.29,22:30:00
2026-05-20 22:45:00,417.59,22:45:00
2026-05-20 23:00:00,420.76,23:00:00
2026-05-20 23:15:00,419.2,23:15:00
2026-05-20 23:30:00,420.23,23:30:00
2026-05-20 23:45:00,421.76,23:45:00
2026-05-21 00:00:00,417.78,00:00:00
2026-05-21 00:15:00,414.74,00:15:00
2026-05-21 00:30:00,413.58,00:30:00
2026-05-21 00:45:00,410.75,00:45:00
2026-05-21 01:00:00,407.56,01:00:00
2026-05-21 01:15:00,407.21,01:15:00
2026-05-21 01:30:00,408.61,01:30:00
2026-05-21 01:45:00,405.79,01:45:00
2026-05-21 02:00:00,407.96,02:00:00
2026-05-21 02:15:00,408.61,02:15:00
2026-05-21 02:30:00,407.3,02:30:00
2026-05-21 02:45:00,406.56,02:45:00
2026-05-21 03:00:00,405.04,03:00:00
2026-05-21 03:15:00,402.26,03:15:00
2026-05-21 03:30:00,398.43,03:30:00
2026-05-21 03:45:00,392.91,03:45:00
2026-05-21 04:00:00,385.73,04:00:00
2026-05-21 04:15:00,379.74,04:15:00
2026-05-21 04:30:00,375.94,04:30:00
2026-05-21 04:45:00,371.49,04:45:00
2026-05-21 05:30:00,352.17,05:30:00
2026-05-21 05:45:00,340.98,05:45:00
2026-05-21 06:00:00,331.1,06:00:00
2026-05-21 06:15:00,315.07,06:15:00
2026-05-21 06:30:00,304.01,06:30:00
2026-05-21 06:45:00,291.17,06:45:00
2026-05-21 07:00:00,272.57,07:00:00
2026-05-21 07:15:00,255.52,07:15:00
2026-05-21 07:30:00,241.2,07:30:00
2026-05-21 07:45:00,224.65,07:45:00
2026-05-21 08:00:00,206.3,08:00:00
2026-05-21 08:15:00,188.49,08:15:00
2026-05-21 08:30:00,176.14,08:30:00
2026-05-21 08:45:00,169.89,08:45:00
2026-05-21 09:00:00,165.32,09:00:00
2026-05-21 09:15:00,160.39,09:15:00
2026-05-21 09:30:00,160.66,09:30:00
2026-05-21 09:45:00,160.34,09:45:00
2026-05-21 10:00:00,156.5,10:00:00
2026-05-21 10:15:00,156.53,10:15:00
2026-05-21 10:30:00,156.22,10:30:00
2026-05-21 10:45:00,152.87,10:45:00
2026-05-21 11:00:00,154.22,11:00:00
2026-05-21 11:15:00,155.06,11:15:00
2026-05-21 11:30:00,156.72,11:30:00
2026-05-21 11:45:00,159.68,11:45:00
2026-05-21 12:00:00,165.14,12:00:00
2026-05-21 12:15:00,166.74,12:15:00
2026-05-21 12:30:00,169.82,12:30:00
2026-05-21 12:45:00,171.98,12:45:00
2026-05-21 13:00:00,177.85,13:00:00
2026-05-21 13:15:00,180.52,13:15:00
2026-05-21 13:30:00,184.33,13:30:00
2026-05-21 13:45:00,193.13,13:45:00
2026-05-21 14:00:00,203.26,14:00:00
2026-05-21 14:15:00,207.49,14:15:00
2026-05-21 14:30:00,213.56,14:30:00
2026-05-21 14:45:00,221.37,14:45:00
2026-05-21 15:00:00,236.0,15:00:00
2026-05-21 15:15:00,250.17,15:15:00
2026-05-21 15:30:00,264.66,15:30:00
2026-05-21 15:45:00,281.44,15:45:00
2026-05-21 16:00:00,301.14,16:00:00
2026-05-21 16:15:00,317.48,16:15:00
2026-05-21 16:30:00,331.84,16:30:00
2026-05-21 16:45:00,347.99,16:45:00
2026-05-21 17:00:00,360.66,17:00:00
2026-05-21 17:15:00,375.47,17:15:00
2026-05-21 17:30:00,386.54,17:30:00
2026-05-21 17:45:00,397.39,17:45:00
2026-05-21 18:00:00,405.15,18:00:00
2026-05-21 18:15:00,416.98,18:15:00
2026-05-21 18:30:00,425.8,18:30:00
2026-05-21 18:45:00,431.67,18:45:00
2026-05-21 19:00:00,434.2,19:00:00
2026-05-21 19:15:00,437.61,19:15:00
2026-05-21 19:30:00,439.42,19:30:00
2026-05-21 19:45:00,442.18,19:45:00
2026-05-21 20:00:00,447.13,20:00:00
2026-05-21 20:15:00,447.88,20:15:00
2026-05-21 20:30:00,451.32,20:30:00
2026-05-21 20:45:00,452.06,20:45:00
2026-05-21 21:00:00,453.92,21:00:00
2026-05-21 21:15:00,455.56,21:15:00
2026-05-21 21:30:00,457.18,21:30:00
2026-05-21 21:45:00,455.54,21:45:00
2026-05-21 22:00:00,458.53,22:00:00
2026-05-21 22:15:00,458.53,22:15:00
2026-05-21 22:30:00,460.29,22:30:00
2026-05-21 22:45:00,461.0,22:45:00
2026-05-21 23:00:00,470.25,23:00:00
2026-05-21 23:15:00,468.95,23:15:00
2026-05-21 23:30:00,469.19,23:30:00
2026-05-21 23:45:00,470.19,23:45:00
2026-05-22 00:00:00,469.89,00:00:00
2026-05-22 00:15:00,467.26,00:15:00
2026-05-22 00:30:00,466.63,00:30:00
2026-05-22 00:45:00,465.23,00:45:00
2026-05-22 01:00:00,467.85,01:00:00
2026-05-22 01:15:00,468.41,01:15:00
2026-05-22 01:30:00,469.75,01:30:00
2026-05-22 01:45:00,471.49,01:45:00
2026-05-22 02:00:00,468.36,02:00:00
2026-05-22 02:15:00,468.14,02:15:00
2026-05-22 02:30:00,470.51,02:30:00
2026-05-22 02:45:00,469.29,02:45:00
2026-05-22 03:00:00,465.63,03:00:00
2026-05-22 03:15:00,465.33,03:15:00
2026-05-22 03:30:00,458.66,03:30:00
2026-05-22 03:45:00,450.73,03:45:00
2026-05-22 04:00:00,436.52,04:00:00
2026-05-22 04:15:00,422.42,04:15:00
2026-05-22 04:30:00,410.49,04:30:00
2026-05-22 04:45:00,398.23,04:45:00
2026-05-22 05:00:00,384.57,05:00:00
2026-05-22 05:15:00,371.74,05:15:00
2026-05-22 05:30:00,355.6,05:30:00
2026-05-22 05:45:00,336.63,05:45:00
2026-05-22 06:00:00,319.75,06:00:00
2026-05-22 06:15:00,303.13,06:15:00
2026-05-22 06:30:00,282.46,06:30:00
2026-05-22 06:45:00,262.2,06:45:00
2026-05-22 07:00:00,240.86,07:00:00
2026-05-22 07:15:00,221.97,07:15:00
2026-05-22 07:30:00,206.09,07:30:00
2026-05-22 07:45:00,188.21,07:45:00
2026-05-22 08:00:00,170.51,08:00:00
2026-05-22 08:15:00,160.03,08:15:00
2026-05-22 08:30:00,152.89,08:30:00
2026-05-22 08:45:00,145.93,08:45:00
2026-05-22 09:00:00,140.73,09:00:00
2026-05-22 09:15:00,137.3,09:15:00
2026-05-22 09:30:00,134.77,09:30:00
2026-05-22 09:45:00,131.9,09:45:00
2026-05-22 10:00:00,129.88,10:00:00
2026-05-22 10:15:00,129.13,10:15:00
2026-05-22 10:30:00,128.6,10:30:00
2026-05-22 10:45:00,129.13,10:45:00
2026-05-22 11:00:00,128.28,11:00:00
2026-05-22 11:15:00,127.8,11:15:00
2026-05-22 11:30:00,128.13,11:30:00
2026-05-22 11:45:00,128.67,11:45:00
2026-05-22 12:00:00,129.77,12:00:00
2026-05-22 12:15:00,130.12,12:15:00
2026-05-22 12:30:00,133.01,12:30:00
2026-05-22 12:45:00,136.21,12:45:00
2026-05-22 13:00:00,139.2,13:00:00
2026-05-22 13:15:00,141.96,13:15:00
2026-05-22 13:30:00,145.57,13:30:00
2026-05-22 13:45:00,149.23,13:45:00
2026-05-22 14:00:00,157.8,14:00:00
2026-05-22 14:15:00,167.23,14:15:00
2026-05-22 14:30:00,182.2,14:30:00
2026-05-22 14:45:00,201.07,14:45:00
2026-05-22 15:00:00,224.08,15:00:00
2026-05-22 15:15:00,243.23,15:15:00
2026-05-22 15:30:00,262.5,15:30:00
2026-05-22 15:45:00,281.28,15:45:00
2026-05-22 16:00:00,307.33,16:00:00
2026-05-22 16:15:00,327.33,16:15:00
2026-05-22 16:30:00,349.16,16:30:00
2026-05-22 16:45:00,372.04,16:45:00
2026-05-22 17:00:00,385.03,17:00:00
2026-05-22 17:15:00,402.05,17:15:00
2026-05-22 17:30:00,418.66,17:30:00
2026-05-22 17:45:00,431.95,17:45:00
2026-05-22 18:00:00,438.61,18:00:00
2026-05-22 18:15:00,449.88,18:15:00
2026-05-22 18:30:00,457.93,18:30:00
2026-05-22 18:45:00,460.42,18:45:00
2026-05-22 19:00:00,461.5,19:00:00
2026-05-22 19:15:00,459.21,19:15:00
2026-05-22 19:30:00,457.09,19:30:00
2026-05-22 19:45:00,453.31,19:45:00
2026-05-22 20:00:00,456.52,20:00:00
2026-05-22 20:15:00,453.32,20:15:00
2026-05-22 20:30:00,448.07,20:30:00
2026-05-22 20:45:00,440.83,20:45:00
2026-05-22 21:00:00,440.34,21:00:00
2026-05-22 21:15:00,434.89,21:15:00
2026-05-22 21:30:00,430.74,21:30:00
2026-05-22 21:45:00,421.93,21:45:00
2026-05-22 22:00:00,413.93,22:00:00
2026-05-22 22:15:00,407.11,22:15:00
2026-05-22 22:30:00,402.38,22:30:00
2026-05-22 22:45:00,397.24,22:45:00
2026-05-22 23:00:00,395.76,23:00:00
2026-05-22 23:15:00,395.4,23:15:00
2026-05-22 23:30:00,394.56,23:30:00
2026-05-22 23:45:00,393.51,23:45:00
2026-05-23 00:00:00,395.73,00:00:00
2026-05-23 00:15:00,396.36,00:15:00
2026-05-23 00:30:00,396.77,00:30:00
2026-05-23 00:45:00,393.45,00:45:00
2026-05-23 01:00:00,388.58,01:00:00
2026-05-23 01:15:00,387.87,01:15:00
2026-05-23 01:30:00,390.11,01:30:00
2026-05-23 01:45:00,389.04,01:45:00
2026-05-23 02:00:00,387.16,02:00:00
2026-05-23 02:15:00,382.69,02:15:00
2026-05-23 02:30:00,381.9,02:30:00
2026-05-23 02:45:00,381.84,02:45:00
2026-05-23 03:00:00,380.17,03:00:00
2026-05-23 03:15:00,377.22,03:15:00
2026-05-23 03:30:00,373.25,03:30:00
2026-05-23 03:45:00,367.39,03:45:00
2026-05-23 04:00:00,350.27,04:00:00
2026-05-23 04:15:00,338.82,04:15:00
2026-05-23 04:30:00,325.49,04:30:00
2026-05-23 04:45:00,308.1,04:45:00
2026-05-23 05:00:00,287.14,05:00:00
2026-05-23 05:15:00,269.39,05:15:00
2026-05-23 05:30:00,251.27,05:30:00
2026-05-23 05:45:00,228.75,05:45:00
2026-05-23 06:00:00,198.77,06:00:00
2026-05-23 06:15:00,178.41,06:15:00
2026-05-23 06:30:00,160.08,06:30:00
2026-05-23 06:45:00,150.3,06:45:00
2026-05-23 07:00:00,138.74,07:00:00
2026-05-23 07:15:00,132.24,07:15:00
2026-05-23 07:30:00,129.35,07:30:00
2026-05-23 07:45:00,124.1,07:45:00
2026-05-23 08:00:00,121.08,08:00:00
2026-05-23 08:15:00,116.62,08:15:00
2026-05-23 08:30:00,114.52,08:30:00
2026-05-23 08:45:00,112.68,08:45:00
2026-05-23 09:00:00,111.43,09:00:00
2026-05-23 09:15:00,109.53,09:15:00
2026-05-23 09:30:00,107.76,09:30:00
2026-05-23 09:45:00,106.58,09:45:00
2026-05-23 10:00:00,105.77,10:00:00
2026-05-23 10:15:00,105.07,10:15:00
2026-05-23 10:30:00,103.88,10:30:00
2026-05-23 10:45:00,105.35,10:45:00
2026-05-23 11:00:00,106.17,11:00:00
2026-05-23 11:15:00,107.17,11:15:00
2026-05-23 11:30:00,108.03,11:30:00
2026-05-23 11:45:00,109.21,11:45:00
2026-05-23 12:00:00,109.25,12:00:00
2026-05-23 12:15:00,110.69,12:15:00
2026-05-23 12:30:00,110.55,12:30:00
2026-05-23 12:45:00,113.58,12:45:00
2026-05-23 13:00:00,116.62,13:00:00
2026-05-23 13:15:00,120.97,13:15:00
2026-05-23 13:30:00,125.41,13:30:00
2026-05-23 13:45:00,128.06,13:45:00
2026-05-23 14:00:00,131.55,14:00:00
2026-05-23 14:15:00,135.38,14:15:00
2026-05-23 14:30:00,143.5,14:30:00
2026-05-23 14:45:00,150.95,14:45:00
2026-05-23 15:00:00,159.22,15:00:00
2026-05-23 15:15:00,172.49,15:15:00
2026-05-23 15:30:00,191.89,15:30:00
2026-05-23 15:45:00,210.82,15:45:00
2026-05-23 16:00:00,233.54,16:00:00
2026-05-23 16:15:00,252.47,16:15:00
2026-05-23 16:30:00,272.71,16:30:00
2026-05-23 16:45:00,297.42,16:45:00
2026-05-23 17:00:00,313.87,17:00:00
2026-05-23 17:15:00,335.41,17:15:00
2026-05-23 17:30:00,356.22,17:30:00
2026-05-23 17:45:00,372.98,17:45:00
2026-05-23 18:00:00,387.66,18:00:00
2026-05-23 18:15:00,402.09,18:15:00
2026-05-23 18:30:00,412.54,18:30:00
2026-05-23 18:45:00,416.78,18:45:00
2026-05-23 19:00:00,416.01,19:00:00
2026-05-23 19:15:00,417.29,19:15:00
2026-05-23 19:30:00,417.76,19:30:00
2026-05-23 19:45:00,416.58,19:45:00
2026-05-23 20:00:00,419.23,20:00:00
2026-05-23 20:15:00,416.63,20:15:00
2026-05-23 20:30:00,415.24,20:30:00
2026-05-23 20:45:00,412.01,20:45:00
2026-05-23 21:00:00,413.62,21:00:00
2026-05-23 21:15:00,412.54,21:15:00
2026-05-23 21:30:00,410.69,21:30:00
2026-05-23 21:45:00,405.06,21:45:00
2026-05-23 22:00:00,395.3,22:00:00
2026-05-23 22:15:00,391.18,22:15:00
2026-05-23 22:30:00,387.6,22:30:00
2026-05-23 22:45:00,385.27,22:45:00
2026-05-23 23:00:00,387.28,23:00:00
2026-05-23 23:15:00,383.19,23:15:00
2026-05-23 23:30:00,383.49,23:30:00
2026-05-23 23:45:00,379.8,23:45:00
2026-05-24 00:00:00,380.14,00:00:00
2026-05-24 00:15:00,376.81,00:15:00
2026-05-24 00:30:00,374.66,00:30:00
2026-05-24 00:45:00,371.35,00:45:00
2026-05-24 01:00:00,370.21,01:00:00
2026-05-24 01:15:00,368.23,01:15:00
2026-05-24 01:30:00,367.26,01:30:00
2026-05-24 01:45:00,368.22,01:45:00
2026-05-24 02:00:00,369.93,02:00:00
2026-05-24 02:15:00,368.57,02:15:00
2026-05-24 02:30:00,366.19,02:30:00
2026-05-24 02:45:00,364.38,02:45:00
2026-05-24 03:00:00,368.25,03:00:00
2026-05-24 03:15:00,366.56,03:15:00
2026-05-24 03:30:00,363.33,03:30:00
2026-05-24 03:45:00,360.77,03:45:00
2026-05-24 04:00:00,347.31,04:00:00
2026-05-24 04:15:00,332.96,04:15:00
2026-05-24 04:30:00,319.0,04:30:00
2026-05-24 04:45:00,299.02,04:45:00
2026-05-24 05:00:00,281.33,05:00:00
2026-05-24 05:15:00,264.87,05:15:00
2026-05-24 05:30:00,238.87,05:30:00
2026-05-24 05:45:00,213.18,05:45:00
2026-05-24 06:00:00,196.89,06:00:00
2026-05-24 06:15:00,184.47,06:15:00
2026-05-24 06:30:00,175.16,06:30:00
2026-05-24 06:45:00,163.99,06:45:00
2026-05-24 07:00:00,155.27,07:00:00
2026-05-24 07:15:00,146.85,07:15:00
2026-05-24 07:30:00,140.32,07:30:00
2026-05-24 07:45:00,135.56,07:45:00
2026-05-24 08:00:00,129.1,08:00:00
2026-05-24 08:15:00,126.26,08:15:00
2026-05-24 08:30:00,124.5,08:30:00
2026-05-24 08:45:00,121.5,08:45:00
2026-05-24 09:00:00,118.09,09:00:00
2026-05-24 09:15:00,114.18,09:15:00
2026-05-24 09:30:00,113.95,09:30:00
2026-05-24 09:45:00,113.99,09:45:00
2026-05-24 10:00:00,112.55,10:00:00
2026-05-24 10:15:00,111.12,10:15:00
2026-05-24 10:30:00,111.22,10:30:00
2026-05-24 10:45:00,111.98,10:45:00
2026-05-24 11:00:00,112.15,11:00:00
2026-05-24 11:15:00,112.67,11:15:00
2026-05-24 11:30:00,114.12,11:30:00
2026-05-24 11:45:00,115.04,11:45:00
2026-05-24 12:00:00,116.34,12:00:00
2026-05-24 12:15:00,115.96,12:15:00
2026-05-24 12:30:00,117.38,12:30:00
2026-05-24 12:45:00,118.65,12:45:00
2026-05-24 13:00:00,120.14,13:00:00
2026-05-24 13:15:00,122.06,13:15:00
2026-05-24 13:30:00,123.85,13:30:00
2026-05-24 13:45:00,127.57,13:45:00
2026-05-24 14:00:00,129.9,14:00:00
2026-05-24 14:15:00,133.45,14:15:00
2026-05-24 14:30:00,136.29,14:30:00
2026-05-24 14:45:00,140.17,14:45:00
2026-05-24 15:00:00,140.15,15:00:00
2026-05-24 15:15:00,147.4,15:15:00
2026-05-24 15:30:00,154.64,15:30:00
2026-05-24 15:45:00,167.66,15:45:00
2026-05-24 16:00:00,187.75,16:00:00
2026-05-24 16:15:00,201.27,16:15:00
2026-05-24 16:30:00,215.39,16:30:00
2026-05-24 16:45:00,232.26,16:45:00
2026-05-24 17:00:00,249.58,17:00:00
2026-05-24 17:15:00,268.37,17:15:00
2026-05-24 17:30:00,284.57,17:30:00
2026-05-24 17:45:00,299.76,17:45:00
2026-05-24 18:00:00,314.67,18:00:00
2026-05-24 18:15:00,327.98,18:15:00
2026-05-24 18:30:00,340.37,18:30:00
2026-05-24 18:45:00,346.79,18:45:00
2026-05-24 19:00:00,352.28,19:00:00
2026-05-24 19:15:00,352.23,19:15:00
2026-05-24 19:30:00,353.75,19:30:00
2026-05-24 19:45:00,351.19,19:45:00
2026-05-24 20:00:00,354.21,20:00:00
2026-05-24 20:15:00,353.12,20:15:00
2026-05-24 20:30:00,353.01,20:30:00
2026-05-24 20:45:00,352.5,20:45:00
2026-05-24 21:00:00,355.01,21:00:00
2026-05-24 21:15:00,355.36,21:15:00
2026-05-24 21:30:00,358.12,21:30:00
2026-05-24 21:45:00,357.58,21:45:00
2026-05-24 22:00:00,361.56,22:00:00
2026-05-24 22:15:00,361.56,22:15:00
2026-05-24 22:30:00,360.6,22:30:00
2026-05-24 22:45:00,362.72,22:45:00
2026-05-24 23:00:00,370.29,23:00:00
2026-05-24 23:15:00,374.7,23:15:00
2026-05-24 23:30:00,377.58,23:30:00
2026-05-24 23:45:00,378.73,23:45:00
2026-05-25 04:30:00,343.29,04:30:00
2026-05-25 04:45:00,326.41,04:45:00
2026-05-25 05:00:00,313.49,05:00:00
2026-05-25 05:15:00,293.07,05:15:00
2026-05-25 05:30:00,270.35,05:30:00
2026-05-25 05:45:00,249.91,05:45:00
2026-05-25 06:00:00,225.13,06:00:00
2026-05-25 06:15:00,203.94,06:15:00
2026-05-25 06:30:00,180.54,06:30:00
2026-05-25 06:45:00,161.7,06:45:00
2026-05-25 07:00:00,147.18,07:00:00
2026-05-25 07:15:00,139.55,07:15:00
2026-05-25 07:30:00,132.66,07:30:00
2026-05-25 07:45:00,125.65,07:45:00
2026-05-25 08:00:00,122.49,08:00:00
2026-05-25 08:15:00,118.34,08:15:00
2026-05-25 08:30:00,113.82,08:30:00
2026-05-25 08:45:00,110.59,08:45:00
2026-05-25 09:00:00,106.23,09:00:00
2026-05-25 09:15:00,103.78,09:15:00
2026-05-25 09:30:00,104.05,09:30:00
2026-05-25 09:45:00,100.49,09:45:00
2026-05-25 10:00:00,98.86,10:00:00
2026-05-25 10:15:00,96.15,10:15:00
2026-05-25 10:30:00,96.12,10:30:00
2026-05-25 10:45:00,95.94,10:45:00
2026-05-25 11:00:00,96.58,11:00:00
2026-05-25 11:15:00,95.0,11:15:00
2026-05-25 11:30:00,96.96,11:30:00
2026-05-25 11:45:00,96.56,11:45:00
2026-05-25 12:00:00,95.84,12:00:00
2026-05-25 12:15:00,96.02,12:15:00
2026-05-25 12:30:00,97.59,12:30:00
2026-05-25 12:45:00,99.46,12:45:00
2026-05-25 13:00:00,102.39,13:00:00
2026-05-25 13:15:00,104.08,13:15:00
2026-05-25 13:30:00,106.15,13:30:00
2026-05-25 13:45:00,109.38,13:45:00
2026-05-25 14:00:00,114.15,14:00:00
2026-05-25 14:15:00,117.73,14:15:00
2026-05-25 14:30:00,122.07,14:30:00
2026-05-25 14:45:00,129.11,14:45:00
2026-05-25 15:00:00,141.18,15:00:00
2026-05-25 15:15:00,147.77,15:15:00
2026-05-25 15:30:00,162.64,15:30:00
2026-05-25 15:45:00,185.05,15:45:00
2026-05-25 16:00:00,215.8,16:00:00
2026-05-25 16:15:00,237.17,16:15:00
2026-05-25 16:30:00,255.84,16:30:00
2026-05-25 16:45:00,273.19,16:45:00
2026-05-25 17:00:00,294.37,17:00:00
2026-05-25 17:15:00,314.7,17:15:00
2026-05-25 17:30:00,328.01,17:30:00
2026-05-25 17:45:00,344.66,17:45:00
2026-05-25 18:00:00,355.55,18:00:00
2026-05-25 18:15:00,367.13,18:15:00
2026-05-25 18:30:00,377.52,18:30:00
2026-05-25 18:45:00,383.55,18:45:00
2026-05-25 19:00:00,384.69,19:00:00
2026-05-25 19:15:00,383.36,19:15:00
2026-05-25 19:30:00,380.49,19:30:00
2026-05-25 19:45:00,378.34,19:45:00
2026-05-25 20:00:00,375.7,20:00:00
2026-05-25 20:15:00,370.37,20:15:00
2026-05-25 20:30:00,369.71,20:30:00
2026-05-25 20:45:00,370.29,20:45:00
2026-05-25 21:00:00,369.9,21:00:00
2026-05-25 21:15:00,367.79,21:15:00
2026-05-25 21:30:00,366.55,21:30:00
2026-05-25 21:45:00,365.9,21:45:00
2026-05-25 22:00:00,364.02,22:00:00
2026-05-25 22:15:00,359.81,22:15:00
2026-05-25 22:30:00,362.01,22:30:00
2026-05-25 22:45:00,363.64,22:45:00
2026-05-25 23:00:00,366.64,23:00:00
2026-05-25 23:15:00,367.06,23:15:00
2026-05-25 23:30:00,365.49,23:30:00
2026-05-25 23:45:00,365.59,23:45:00
2026-05-26 00:00:00,369.17,00:00:00
2026-05-26 00:15:00,368.5,00:15:00
2026-05-26 00:30:00,368.33,00:30:00
2026-05-26 00:45:00,369.56,00:45:00
2026-05-26 01:00:00,374.72,01:00:00
2026-05-26 01:15:00,374.79,01:15:00
2026-05-26 01:30:00,375.85,01:30:00
2026-05-26 01:45:00,376.65,01:45:00
2026-05-26 02:00:00,377.56,02:00:00
2026-05-26 02:15:00,378.04,02:15:00
2026-05-26 02:30:00,376.99,02:30:00
2026-05-26 02:45:00,376.56,02:45:00
2026-05-26 03:00:00,372.38,03:00:00
2026-05-26 03:15:00,370.87,03:15:00
2026-05-26 03:30:00,365.35,03:30:00
2026-05-26 03:45:00,355.74,03:45:00
2026-05-26 04:00:00,340.16,04:00:00
2026-05-26 04:15:00,332.68,04:15:00
2026-05-26 04:30:00,322.46,04:30:00
2026-05-26 04:45:00,312.08,04:45:00
2026-05-26 05:00:00,303.66,05:00:00
2026-05-26 05:15:00,290.13,05:15:00
2026-05-26 05:30:00,272.36,05:30:00
2026-05-26 05:45:00,258.64,05:45:00
2026-05-26 06:00:00,242.7,06:00:00
2026-05-26 06:15:00,230.88,06:15:00
2026-05-26 06:30:00,213.87,06:30:00
2026-05-26 06:45:00,202.53,06:45:00
2026-05-26 07:00:00,187.77,07:00:00
2026-05-26 07:15:00,172.07,07:15:00
2026-05-26 07:30:00,155.67,07:30:00
2026-05-26 07:45:00,143.6,07:45:00
2026-05-26 08:00:00,127.48,08:00:00
2026-05-26 08:15:00,117.11,08:15:00
2026-05-26 08:30:00,113.29,08:30:00
2026-05-26 08:45:00,109.81,08:45:00
2026-05-26 09:00:00,103.6,09:00:00
2026-05-26 09:15:00,100.04,09:15:00
2026-05-26 09:30:00,100.59,09:30:00
2026-05-26 09:45:00,98.01,09:45:00
2026-05-26 10:00:00,97.31,10:00:00
2026-05-26 10:15:00,97.35,10:15:00
2026-05-26 10:30:00,96.92,10:30:00
2026-05-26 10:45:00,96.6,10:45:00
2026-05-26 11:00:00,95.64,11:00:00
2026-05-26 11:15:00,97.16,11:15:00
2026-05-26 11:30:00,95.84,11:30:00
2026-05-26 11:45:00,97.99,11:45:00
2026-05-26 12:00:00,97.48,12:00:00
2026-05-26 12:15:00,98.56,12:15:00
2026-05-26 12:30:00,99.26,12:30:00
2026-05-26 12:45:00,99.92,12:45:00
2026-05-26 13:00:00,101.19,13:00:00
2026-05-26 13:15:00,103.51,13:15:00
2026-05-26 13:30:00,106.7,13:30:00
2026-05-26 13:45:00,109.95,13:45:00
2026-05-26 14:00:00,113.89,14:00:00
2026-05-26 14:15:00,117.8,14:15:00
2026-05-26 14:30:00,123.22,14:30:00
2026-05-26 14:45:00,131.54,14:45:00
2026-05-26 15:00:00,147.46,15:00:00
2026-05-26 15:15:00,160.32,15:15:00
2026-05-26 15:30:00,173.65,15:30:00
2026-05-26 15:45:00,187.97,15:45:00
2026-05-26 16:00:00,212.38,16:00:00
2026-05-26 16:15:00,227.26,16:15:00
2026-05-26 16:30:00,242.59,16:30:00
2026-05-26 16:45:00,260.7,16:45:00
2026-05-26 17:00:00,275.39,17:00:00
2026-05-26 17:15:00,288.68,17:15:00
2026-05-26 17:30:00,301.56,17:30:00
2026-05-26 17:45:00,315.28,17:45:00
2026-05-26 18:00:00,323.86,18:00:00
2026-05-26 18:15:00,328.73,18:15:00
2026-05-26 18:30:00,331.69,18:30:00
2026-05-26 18:45:00,333.8,18:45:00
2026-05-26 19:00:00,332.93,19:00:00
2026-05-26 19:15:00,328.34,19:15:00
2026-05-26 19:30:00,327.44,19:30:00
2026-05-26 19:45:00,327.16,19:45:00
2026-05-26 20:00:00,327.0,20:00:00
2026-05-26 20:15:00,323.84,20:15:00
2026-05-26 20:30:00,322.5,20:30:00
2026-05-26 20:45:00,320.07,20:45:00
2026-05-26 21:00:00,318.93,21:00:00
2026-05-26 21:15:00,314.17,21:15:00
2026-05-26 21:30:00,315.44,21:30:00
2026-05-26 21:45:00,315.75,21:45:00
2026-05-26 22:00:00,313.74,22:00:00
2026-05-26 22:15:00,313.74,22:15:00
2026-05-26 22:30:00,312.54,22:30:00
2026-05-26 22:45:00,311.28,22:45:00
2026-05-26 23:00:00,315.79,23:00:00
2026-05-26 23:15:00,313.75,23:15:00
2026-05-26 23:30:00,313.96,23:30:00
2026-05-26 23:45:00,313.57,23:45:00
2026-05-27 00:00:00,313.93,00:00:00
2026-05-27 00:15:00,310.87,00:15:00
2026-05-27 00:30:00,307.33,00:30:00
2026-05-27 00:45:00,304.48,00:45:00
2026-05-27 01:00:00,304.43,01:00:00
2026-05-27 01:15:00,303.43,01:15:00
2026-05-27 01:30:00,303.53,01:30:00
2026-05-27 01:45:00,302.74,01:45:00
2026-05-27 02:00:00,300.17,02:00:00
2026-05-27 02:15:00,298.71,02:15:00
2026-05-27 02:30:00,298.32,02:30:00
2026-05-27 02:45:00,296.5,02:45:00
2026-05-27 03:00:00,294.79,03:00:00
2026-05-27 03:15:00,293.28,03:15:00
2026-05-27 03:30:00,289.77,03:30:00
2026-05-27 03:45:00,286.03,03:45:00
2026-05-27 04:00:00,279.24,04:00:00
2026-05-27 04:15:00,274.76,04:15:00
2026-05-27 04:30:00,266.48,04:30:00
2026-05-27 04:45:00,261.31,04:45:00
2026-05-27 05:00:00,252.1,05:00:00
2026-05-27 05:15:00,242.74,05:15:00
2026-05-27 05:30:00,228.37,05:30:00
2026-05-27 05:45:00,214.78,05:45:00
2026-05-27 06:00:00,203.73,06:00:00
2026-05-27 06:15:00,192.57,06:15:00
2026-05-27 06:30:00,180.06,06:30:00
2026-05-27 06:45:00,170.03,06:45:00
2026-05-27 07:00:00,153.21,07:00:00
2026-05-27 07:15:00,140.39,07:15:00
2026-05-27 07:30:00,129.44,07:30:00
2026-05-27 07:45:00,120.95,07:45:00
2026-05-27 08:00:00,111.48,08:00:00
2026-05-27 08:15:00,107.99,08:15:00
2026-05-27 08:30:00,104.86,08:30:00
2026-05-27 08:45:00,103.3,08:45:00
2026-05-27 09:00:00,102.64,09:00:00
2026-05-27 09:15:00,100.61,09:15:00
2026-05-27 09:30:00,99.86,09:30:00
2026-05-27 09:45:00,98.91,09:45:00
2026-05-27 10:00:00,98.54,10:00:00
2026-05-27 10:15:00,98.25,10:15:00
2026-05-27 10:30:00,98.62,10:30:00
2026-05-27 10:45:00,98.45,10:45:00
2026-05-27 11:00:00,97.87,11:00:00
2026-05-27 11:15:00,98.94,11:15:00
2026-05-27 11:30:00,98.01,11:30:00
2026-05-27 11:45:00,98.34,11:45:00
2026-05-27 12:00:00,97.91,12:00:00
2026-05-27 12:15:00,99.52,12:15:00
2026-05-27 12:30:00,100.73,12:30:00
2026-05-27 12:45:00,102.38,12:45:00
2026-05-27 13:00:00,105.31,13:00:00
2026-05-27 13:15:00,107.89,13:15:00
2026-05-27 13:30:00,109.36,13:30:00
2026-05-27 13:45:00,111.23,13:45:00
2026-05-27 14:00:00,112.65,14:00:00
2026-05-27 14:15:00,113.66,14:15:00
2026-05-27 14:30:00,115.93,14:30:00
2026-05-27 14:45:00,115.81,14:45:00
2026-05-27 15:00:00,123.35,15:00:00
2026-05-27 15:15:00,130.8,15:15:00
2026-05-27 15:30:00,140.3,15:30:00
2026-05-27 15:45:00,156.2,15:45:00
2026-05-27 16:00:00,175.95,16:00:00
2026-05-27 16:15:00,189.34,16:15:00
2026-05-27 16:30:00,205.57,16:30:00
2026-05-27 16:45:00,225.54,16:45:00
2026-05-27 17:00:00,243.48,17:00:00
2026-05-27 17:15:00,260.68,17:15:00
2026-05-27 17:30:00,274.5,17:30:00
2026-05-27 17:45:00,288.08,17:45:00
2026-05-27 18:00:00,302.39,18:00:00
2026-05-27 18:15:00,313.9,18:15:00
2026-05-27 18:30:00,324.75,18:30:00
2026-05-27 18:45:00,331.36,18:45:00
2026-05-27 19:00:00,333.21,19:00:00
2026-05-27 19:15:00,331.64,19:15:00
2026-05-27 19:30:00,332.29,19:30:00
2026-05-27 19:45:00,332.97,19:45:00
2026-05-27 20:00:00,335.71,20:00:00
2026-05-27 20:15:00,333.8,20:15:00
2026-05-27 20:30:00,334.07,20:30:00
2026-05-27 20:45:00,330.81,20:45:00
2026-05-27 21:00:00,328.14,21:00:00
2026-05-27 21:15:00,330.23,21:15:00
2026-05-27 21:30:00,332.32,21:30:00
2026-05-27 21:45:00,332.06,21:45:00
2026-05-27 22:00:00,334.03,22:00:00
2026-05-27 22:15:00,338.9,22:15:00
2026-05-27 22:30:00,341.87,22:30:00
2026-05-27 22:45:00,343.28,22:45:00
2026-05-27 23:00:00,348.72,23:00:00
2026-05-27 23:15:00,349.65,23:15:00
2026-05-27 23:30:00,353.48,23:30:00
2026-05-27 23:45:00,358.45,23:45:00
2026-05-28 00:00:00,363.16,00:00:00
2026-05-28 00:15:00,361.03,00:15:00
2026-05-28 00:30:00,366.37,00:30:00
2026-05-28 00:45:00,367.64,00:45:00
2026-05-28 01:00:00,363.28,01:00:00
2026-05-28 01:15:00,362.96,01:15:00
2026-05-28 01:30:00,364.36,01:30:00
2026-05-28 01:45:00,363.51,01:45:00
2026-05-28 02:00:00,362.53,02:00:00
2026-05-28 02:15:00,363.77,02:15:00
2026-05-28 02:30:00,365.03,02:30:00
2026-05-28 02:45:00,364.89,02:45:00
2026-05-28 03:00:00,362.9,03:00:00
2026-05-28 03:15:00,362.24,03:15:00
2026-05-28 03:30:00,357.31,03:30:00
2026-05-28 03:45:00,350.96,03:45:00
2026-05-28 04:00:00,344.17,04:00:00
2026-05-28 04:15:00,341.07,04:15:00
2026-05-28 04:30:00,332.95,04:30:00
2026-05-28 04:45:00,323.73,04:45:00
2026-05-28 05:00:00,311.3,05:00:00
2026-05-28 05:15:00,300.03,05:15:00
2026-05-28 05:30:00,286.58,05:30:00
2026-05-28 05:45:00,267.16,05:45:00
2026-05-28 06:00:00,251.45,06:00:00
2026-05-28 06:15:00,237.29,06:15:00
2026-05-28 06:30:00,220.12,06:30:00
2026-05-28 06:45:00,201.93,06:45:00
2026-05-28 07:00:00,188.23,07:00:00
2026-05-28 07:15:00,175.37,07:15:00
2026-05-28 07:30:00,163.14,07:30:00
2026-05-28 07:45:00,154.56,07:45:00
2026-05-28 08:00:00,143.98,08:00:00
2026-05-28 08:15:00,138.15,08:15:00
2026-05-28 08:30:00,133.11,08:30:00
2026-05-28 08:45:00,124.67,08:45:00
2026-05-28 09:00:00,120.33,09:00:00
2026-05-28 09:15:00,117.62,09:15:00
2026-05-28 09:30:00,115.24,09:30:00
2026-05-28 09:45:00,113.93,09:45:00
2026-05-28 10:00:00,112.04,10:00:00
2026-05-28 10:15:00,111.28,10:15:00
2026-05-28 10:30:00,111.9,10:30:00
2026-05-28 10:45:00,111.84,10:45:00
2026-05-28 11:00:00,108.87,11:00:00
2026-05-28 11:15:00,110.16,11:15:00
2026-05-28 11:30:00,111.64,11:30:00
2026-05-28 11:45:00,111.76,11:45:00
2026-05-28 12:00:00,111.1,12:00:00
2026-05-28 12:15:00,109.71,12:15:00
2026-05-28 12:30:00,110.67,12:30:00
2026-05-28 12:45:00,112.87,12:45:00
2026-05-28 13:00:00,115.07,13:00:00
2026-05-28 13:15:00,118.65,13:15:00
2026-05-28 13:30:00,122.1,13:30:00
2026-05-28 13:45:00,128.18,13:45:00
2026-05-28 14:00:00,135.71,14:00:00
2026-05-28 14:15:00,140.37,14:15:00
2026-05-28 14:30:00,144.65,14:30:00
2026-05-28 14:45:00,156.0,14:45:00
2026-05-28 15:00:00,174.51,15:00:00
2026-05-28 15:15:00,192.68,15:15:00
2026-05-28 15:30:00,213.56,15:30:00
2026-05-28 15:45:00,236.2,15:45:00
2026-05-28 16:00:00,258.83,16:00:00
2026-05-28 16:15:00,278.04,16:15:00
2026-05-28 16:30:00,295.77,16:30:00
2026-05-28 16:45:00,315.09,16:45:00
2026-05-28 17:00:00,329.21,17:00:00
2026-05-28 17:15:00,348.14,17:15:00
2026-05-28 17:30:00,367.83,17:30:00
2026-05-28 17:45:00,386.09,17:45:00
2026-05-28 18:00:00,400.8,18:00:00
2026-05-28 18:15:00,410.54,18:15:00
2026-05-28 18:30:00,423.51,18:30:00
2026-05-28 18:45:00,429.95,18:45:00
2026-05-28 19:00:00,432.97,19:00:00
2026-05-28 19:15:00,435.12,19:15:00
2026-05-28 19:30:00,435.67,19:30:00
2026-05-28 19:45:00,434.99,19:45:00
2026-05-28 20:00:00,438.4,20:00:00
2026-05-28 20:15:00,439.63,20:15:00
2026-05-28 20:30:00,439.96,20:30:00
2026-05-28 20:45:00,439.97,20:45:00
2026-05-28 21:00:00,440.65,21:00:00
2026-05-28 21:15:00,437.82,21:15:00
2026-05-28 21:30:00,440.26,21:30:00
2026-05-28 21:45:00,439.97,21:45:00
2026-05-28 22:00:00,436.82,22:00:00
2026-05-28 22:15:00,435.72,22:15:00
2026-05-28 22:30:00,433.35,22:30:00
2026-05-28 22:45:00,431.7,22:45:00
2026-05-28 23:00:00,430.67,23:00:00
2026-05-28 23:15:00,430.61,23:15:00
2026-05-28 23:30:00,429.9,23:30:00
2026-05-28 23:45:00,429.44,23:45:00
2026-05-29 00:00:00,420.0,00:00:00
2026-05-29 00:15:00,415.02,00:15:00
2026-05-29 00:30:00,414.32,00:30:00
2026-05-29 00:45:00,413.52,00:45:00
2026-05-29 01:00:00,411.19,01:00:00
2026-05-29 01:15:00,405.2,01:15:00
2026-05-29 01:30:00,400.83,01:30:00
2026-05-29 01:45:00,396.77,01:45:00
2026-05-29 02:00:00,393.14,02:00:00
2026-05-29 02:15:00,387.82,02:15:00
2026-05-29 02:30:00,383.18,02:30:00
2026-05-29 02:45:00,381.55,02:45:00
2026-05-29 03:00:00,381.91,03:00:00
2026-05-29 03:15:00,376.94,03:15:00
2026-05-29 03:30:00,372.35,03:30:00
2026-05-29 03:45:00,365.45,03:45:00
2026-05-29 04:00:00,352.76,04:00:00
2026-05-29 04:15:00,340.98,04:15:00
2026-05-29 04:30:00,331.84,04:30:00
2026-05-29 04:45:00,321.7,04:45:00
2026-05-29 05:00:00,309.78,05:00:00
2026-05-29 05:15:00,297.08,05:15:00
2026-05-29 05:30:00,284.5,05:30:00
2026-05-29 05:45:00,268.49,05:45:00
2026-05-29 06:00:00,248.86,06:00:00
2026-05-29 06:15:00,236.05,06:15:00
2026-05-29 06:30:00,222.87,06:30:00
2026-05-29 06:45:00,204.17,06:45:00
2026-05-29 07:00:00,187.1,07:00:00
2026-05-29 07:15:00,169.87,07:15:00
2026-05-29 07:30:00,153.93,07:30:00
2026-05-29 07:45:00,142.34,07:45:00
2026-05-29 08:00:00,133.11,08:00:00
2026-05-29 08:15:00,128.84,08:15:00
2026-05-29 08:30:00,125.16,08:30:00
2026-05-29 08:45:00,122.96,08:45:00
2026-05-29 09:00:00,119.12,09:00:00
2026-05-29 09:15:00,116.89,09:15:00
2026-05-29 09:30:00,116.45,09:30:00
2026-05-29 09:45:00,115.52,09:45:00
2026-05-29 10:00:00,112.07,10:00:00
2026-05-29 10:15:00,111.37,10:15:00
2026-05-29 10:30:00,111.02,10:30:00
2026-05-29 10:45:00,110.31,10:45:00
2026-05-29 11:00:00,110.64,11:00:00
2026-05-29 11:15:00,110.6,11:15:00
2026-05-29 11:30:00,111.34,11:30:00
2026-05-29 11:45:00,110.4,11:45:00
2026-05-29 12:00:00,112.14,12:00:00
2026-05-29 12:15:00,114.1,12:15:00
2026-05-29 12:30:00,113.01,12:30:00
2026-05-29 12:45:00,115.0,12:45:00
2026-05-29 13:00:00,116.78,13:00:00
2026-05-29 13:15:00,117.02,13:15:00
2026-05-29 13:30:00,119.94,13:30:00
2026-05-29 13:45:00,123.54,13:45:00
2026-05-29 14:00:00,128.83,14:00:00
2026-05-29 14:15:00,137.39,14:15:00
2026-05-29 14:30:00,152.67,14:30:00
2026-05-29 14:45:00,173.14,14:45:00
2026-05-29 15:00:00,195.47,15:00:00
2026-05-29 15:15:00,210.26,15:15:00
2026-05-29 15:30:00,223.12,15:30:00
2026-05-29 15:45:00,238.23,15:45:00
2026-05-29 16:00:00,253.2,16:00:00
2026-05-29 16:15:00,265.55,16:15:00
2026-05-29 16:30:00,284.01,16:30:00
2026-05-29 16:45:00,300.65,16:45:00
2026-05-29 17:00:00,310.87,17:00:00
2026-05-29 17:15:00,322.15,17:15:00
2026-05-29 17:30:00,331.19,17:30:00
2026-05-29 17:45:00,335.39,17:45:00
2026-05-29 18:00:00,336.29,18:00:00
2026-05-29 18:15:00,342.39,18:15:00
2026-05-29 18:30:00,348.52,18:30:00
2026-05-29 18:45:00,355.6,18:45:00
2026-05-29 19:00:00,355.87,19:00:00
2026-05-29 19:15:00,354.52,19:15:00
2026-05-29 19:30:00,354.89,19:30:00
2026-05-29 19:45:00,347.33,19:45:00
2026-05-29 20:00:00,339.93,20:00:00
2026-05-29 20:15:00,330.03,20:15:00
2026-05-29 20:30:00,321.88,20:30:00
2026-05-29 20:45:00,316.08,20:45:00
2026-05-29 21:00:00,311.83,21:00:00
2026-05-29 21:15:00,307.29,21:15:00
2026-05-29 21:30:00,303.18,21:30:00
2026-05-29 21:45:00,303.4,21:45:00
2026-05-29 22:00:00,308.33,22:00:00
2026-05-29 22:15:00,307.03,22:15:00
2026-05-29 22:30:00,309.58,22:30:00
2026-05-29 22:45:00,309.61,22:45:00
2026-05-29 23:00:00,307.72,23:00:00
2026-05-29 23:15:00,306.93,23:15:00
2026-05-29 23:30:00,306.69,23:30:00
2026-05-29 23:45:00,305.27,23:45:00
2026-05-30 00:00:00,307.13,00:00:00
2026-05-30 00:15:00,308.09,00:15:00
2026-05-30 00:30:00,310.4,00:30:00
2026-05-30 00:45:00,312.31,00:45:00
2026-05-30 01:00:00,316.69,01:00:00
2026-05-30 01:15:00,319.39,01:15:00
2026-05-30 01:30:00,320.66,01:30:00
2026-05-30 01:45:00,323.12,01:45:00
2026-05-30 02:00:00,324.1,02:00:00
2026-05-30 02:15:00,322.21,02:15:00
2026-05-30 02:30:00,321.31,02:30:00
2026-05-30 02:45:00,319.02,02:45:00
2026-05-30 03:00:00,318.22,03:00:00
2026-05-30 03:15:00,319.4,03:15:00
2026-05-30 03:30:00,316.41,03:30:00
2026-05-30 03:45:00,313.55,03:45:00
2026-05-30 04:00:00,308.96,04:00:00
2026-05-30 04:15:00,302.8,04:15:00
2026-05-30 04:30:00,298.96,04:30:00
2026-05-30 04:45:00,290.44,04:45:00
2026-05-30 05:00:00,272.78,05:00:00
2026-05-30 05:15:00,260.92,05:15:00
2026-05-30 05:30:00,253.36,05:30:00
2026-05-30 05:45:00,248.83,05:45:00
2026-05-30 06:00:00,232.2,06:00:00
2026-05-30 06:15:00,217.44,06:15:00
2026-05-30 06:30:00,198.14,06:30:00
2026-05-30 06:45:00,181.37,06:45:00
2026-05-30 07:00:00,168.12,07:00:00
2026-05-30 07:15:00,156.06,07:15:00
2026-05-30 07:30:00,142.87,07:30:00
2026-05-30 07:45:00,137.01,07:45:00
2026-05-30 08:00:00,131.07,08:00:00
2026-05-30 08:15:00,127.29,08:15:00
2026-05-30 08:30:00,123.77,08:30:00
2026-05-30 08:45:00,121.06,08:45:00
2026-05-30 09:00:00,118.5,09:00:00
2026-05-30 09:15:00,115.77,09:15:00
2026-05-30 09:30:00,115.56,09:30:00
2026-05-30 09:45:00,113.76,09:45:00
2026-05-30 10:00:00,112.15,10:00:00
2026-05-30 10:15:00,111.4,10:15:00
2026-05-30 10:30:00,110.34,10:30:00
2026-05-30 10:45:00,113.15,10:45:00
2026-05-30 11:00:00,115.11,11:00:00
2026-05-30 11:15:00,115.9,11:15:00
2026-05-30 11:30:00,117.19,11:30:00
2026-05-30 11:45:00,118.11,11:45:00
2026-05-30 12:00:00,118.4,12:00:00
2026-05-30 12:15:00,117.8,12:15:00
2026-05-30 12:30:00,118.57,12:30:00
2026-05-30 12:45:00,119.6,12:45:00
2026-05-30 13:00:00,119.82,13:00:00
2026-05-30 13:15:00,120.31,13:15:00
2026-05-30 13:30:00,122.53,13:30:00
2026-05-30 13:45:00,126.26,13:45:00
2026-05-30 14:00:00,129.31,14:00:00
2026-05-30 14:15:00,130.77,14:15:00
2026-05-30 14:30:00,133.71,14:30:00
2026-05-30 14:45:00,137.76,14:45:00
2026-05-30 15:00:00,143.68,15:00:00
2026-05-30 15:15:00,151.16,15:15:00
2026-05-30 15:30:00,167.82,15:30:00
2026-05-30 15:45:00,192.76,15:45:00
2026-05-30 16:00:00,218.78,16:00:00
2026-05-30 16:15:00,238.14,16:15:00
2026-05-30 16:30:00,252.67,16:30:00
2026-05-30 16:45:00,266.41,16:45:00
2026-05-30 17:00:00,286.02,17:00:00
2026-05-30 17:15:00,305.54,17:15:00
2026-05-30 17:30:00,323.23,17:30:00
2026-05-30 17:45:00,342.0,17:45:00
2026-05-30 18:00:00,346.95,18:00:00
2026-05-30 18:15:00,359.31,18:15:00
2026-05-30 18:30:00,370.58,18:30:00
2026-05-30 18:45:00,380.49,18:45:00
2026-05-30 19:00:00,386.72,19:00:00
2026-05-30 19:15:00,389.89,19:15:00
2026-05-30 19:30:00,392.75,19:30:00
2026-05-30 19:45:00,392.41,19:45:00
2026-05-30 20:00:00,396.61,20:00:00
2026-05-30 20:15:00,397.09,20:15:00
2026-05-30 20:30:00,399.93,20:30:00
2026-05-30 20:45:00,399.26,20:45:00
2026-05-30 21:00:00,397.48,21:00:00
2026-05-30 21:15:00,397.89,21:15:00
2026-05-30 21:30:00,403.9,21:30:00
2026-05-30 21:45:00,403.68,21:45:00
2026-05-30 22:00:00,403.02,22:00:00
2026-05-30 22:15:00,399.83,22:15:00
2026-05-30 22:30:00,398.2,22:30:00
2026-05-30 22:45:00,394.22,22:45:00
2026-05-30 23:00:00,397.01,23:00:00
2026-05-30 23:15:00,397.8,23:15:00
2026-05-30 23:30:00,398.86,23:30:00
2026-05-30 23:45:00,397.71,23:45:00
2026-05-31 00:00:00,400.32,00:00:00
2026-05-31 00:15:00,404.83,00:15:00
2026-05-31 00:30:00,409.44,00:30:00
2026-05-31 00:45:00,412.93,00:45:00
2026-05-31 01:00:00,415.73,01:00:00
2026-05-31 01:15:00,416.8,01:15:00
2026-05-31 01:30:00,420.25,01:30:00
2026-05-31 01:45:00,422.61,01:45:00
2026-05-31 02:00:00,427.23,02:00:00
2026-05-31 02:15:00,428.89,02:15:00
2026-05-31 02:30:00,426.75,02:30:00
2026-05-31 02:45:00,427.8,02:45:00
2026-05-31 03:00:00,427.5,03:00:00
2026-05-31 03:15:00,424.03,03:15:00
2026-05-31 03:30:00,412.19,03:30:00
2026-05-31 03:45:00,399.99,03:45:00
2026-05-31 04:00:00,389.18,04:00:00
2026-05-31 04:15:00,376.36,04:15:00
2026-05-31 04:30:00,365.79,04:30:00
2026-05-31 04:45:00,352.89,04:45:00
2026-05-31 05:00:00,329.17,05:00:00
2026-05-31 05:15:00,311.33,05:15:00
2026-05-31 05:30:00,297.6,05:30:00
2026-05-31 05:45:00,276.47,05:45:00
2026-05-31 06:00:00,253.46,06:00:00
2026-05-31 06:15:00,231.15,06:15:00
2026-05-31 06:30:00,205.22,06:30:00
2026-05-31 06:45:00,187.44,06:45:00
2026-05-31 07:00:00,176.41,07:00:00
2026-05-31 07:15:00,168.85,07:15:00
2026-05-31 07:30:00,163.25,07:30:00
2026-05-31 07:45:00,158.85,07:45:00
2026-05-31 08:00:00,153.55,08:00:00
2026-05-31 08:15:00,151.11,08:15:00
2026-05-31 08:30:00,146.2,08:30:00
2026-05-31 08:45:00,142.78,08:45:00
2026-05-31 09:00:00,141.18,09:00:00
2026-05-31 09:15:00,139.54,09:15:00
2026-05-31 09:30:00,139.35,09:30:00
2026-05-31 09:45:00,138.98,09:45:00
2026-05-31 10:00:00,135.81,10:00:00
2026-05-31 10:15:00,134.6,10:15:00
2026-05-31 10:30:00,135.68,10:30:00
2026-05-31 10:45:00,137.41,10:45:00
2026-05-31 11:00:00,138.93,11:00:00
2026-05-31 11:15:00,139.97,11:15:00
2026-05-31 11:30:00,140.05,11:30:00
2026-05-31 11:45:00,142.47,11:45:00
2026-05-31 12:00:00,142.38,12:00:00
2026-05-31 12:15:00,142.58,12:15:00
2026-05-31 12:30:00,142.24,12:30:00
2026-05-31 12:45:00,142.78,12:45:00
2026-05-31 13:00:00,147.67,13:00:00
2026-05-31 13:15:00,149.9,13:15:00
2026-05-31 13:30:00,151.55,13:30:00
2026-05-31 13:45:00,157.62,13:45:00
2026-05-31 14:00:00,166.25,14:00:00
2026-05-31 14:15:00,184.0,14:15:00
2026-05-31 14:30:00,200.91,14:30:00
2026-05-31 14:45:00,220.25,14:45:00
2026-05-31 15:00:00,237.94,15:00:00
2026-05-31 15:15:00,247.72,15:15:00
2026-05-31 15:30:00,254.16,15:30:00
2026-05-31 15:45:00,264.51,15:45:00
2026-05-31 16:00:00,283.32,16:00:00
2026-05-31 16:15:00,295.07,16:15:00
2026-05-31 16:30:00,306.57,16:30:00
2026-05-31 16:45:00,316.91,16:45:00
2026-05-31 17:00:00,323.11,17:00:00
2026-05-31 17:15:00,331.64,17:15:00
2026-05-31 17:30:00,340.38,17:30:00
2026-05-31 17:45:00,345.56,17:45:00
2026-05-31 18:00:00,346.41,18:00:00
2026-05-31 18:15:00,352.81,18:15:00
2026-05-31 18:30:00,358.91,18:30:00
2026-05-31 18:45:00,364.37,18:45:00
2026-05-31 19:00:00,371.31,19:00:00
2026-05-31 19:15:00,373.35,19:15:00
2026-05-31 19:30:00,374.54,19:30:00
2026-05-31 19:45:00,373.89,19:45:00
2026-05-31 20:00:00,381.91,20:00:00
2026-05-31 20:15:00,381.85,20:15:00
2026-05-31 20:30:00,384.84,20:30:00
2026-05-31 20:45:00,383.29,20:45:00
2026-05-31 21:00:00,389.43,21:00:00
2026-05-31 21:15:00,387.3,21:15:00
2026-05-31 21:30:00,388.59,21:30:00
2026-05-31 21:45:00,385.4,21:45:00
2026-05-31 22:00:00,383.85,22:00:00
2026-05-31 22:15:00,384.28,22:15:00
2026-05-31 22:30:00,379.93,22:30:00
2026-05-31 22:45:00,382.63,22:45:00
2026-05-31 23:00:00,384.33,23:00:00
2026-05-31 23:15:00,385.24,23:15:00
2026-05-31 23:30:00,386.78,23:30:00
2026-05-31 23:45:00,388.02,23:45:00
2026-06-01 00:00:00,390.08,00:00:00
2026-06-01 00:15:00,392.77,00:15:00
2026-06-01 00:30:00,393.92,00:30:00
2026-06-01 00:45:00,393.19,00:45:00
2026-06-01 01:00:00,390.12,01:00:00
2026-06-01 01:15:00,388.61,01:15:00
2026-06-01 01:30:00,389.63,01:30:00
2026-06-01 01:45:00,388.43,01:45:00
2026-06-01 02:00:00,387.76,02:00:00
2026-06-01 02:15:00,385.34,02:15:00
2026-06-01 02:30:00,383.25,02:30:00
2026-06-01 02:45:00,383.76,02:45:00
2026-06-01 03:00:00,381.5,03:00:00
2026-06-01 03:15:00,377.67,03:15:00
2026-06-01 03:30:00,373.25,03:30:00
2026-06-01 03:45:00,371.18,03:45:00
2026-06-01 04:00:00,365.09,04:00:00
2026-06-01 04:15:00,360.59,04:15:00
2026-06-01 04:30:00,352.69,04:30:00
2026-06-01 04:45:00,346.36,04:45:00
2026-06-01 05:00:00,340.23,05:00:00
2026-06-01 05:15:00,332.23,05:15:00
2026-06-01 05:30:00,323.65,05:30:00
2026-06-01 05:45:00,311.7,05:45:00
2026-06-01 06:00:00,304.21,06:00:00
2026-06-01 06:15:00,290.06,06:15:00
2026-06-01 06:30:00,278.45,06:30:00
2026-06-01 06:45:00,268.71,06:45:00
2026-06-01 07:00:00,258.28,07:00:00
2026-06-01 07:15:00,247.88,07:15:00
2026-06-01 07:30:00,239.34,07:30:00
2026-06-01 07:45:00,227.38,07:45:00
2026-06-01 08:00:00,210.02,08:00:00
2026-06-01 08:15:00,198.23,08:15:00
2026-06-01 08:30:00,187.34,08:30:00
2026-06-01 08:45:00,180.21,08:45:00
2026-06-01 09:00:00,172.55,09:00:00
2026-06-01 09:15:00,168.0,09:15:00
2026-06-01 09:30:00,162.73,09:30:00
2026-06-01 09:45:00,157.9,09:45:00
2026-06-01 10:00:00,152.88,10:00:00
2026-06-01 10:15:00,149.64,10:15:00
2026-06-01 10:30:00,147.12,10:30:00
2026-06-01 10:45:00,144.44,10:45:00
2026-06-01 11:00:00,143.16,11:00:00
2026-06-01 11:15:00,142.36,11:15:00
2026-06-01 11:30:00,142.73,11:30:00
2026-06-01 11:45:00,143.43,11:45:00
2026-06-01 12:00:00,143.67,12:00:00
2026-06-01 12:15:00,144.32,12:15:00
2026-06-01 12:30:00,145.77,12:30:00
2026-06-01 12:45:00,148.29,12:45:00
2026-06-01 13:00:00,151.02,13:00:00
2026-06-01 13:15:00,157.08,13:15:00
2026-06-01 13:30:00,163.25,13:30:00
2026-06-01 13:45:00,169.45,13:45:00
2026-06-01 14:00:00,174.05,14:00:00
2026-06-01 14:15:00,178.33,14:15:00
2026-06-01 14:30:00,191.95,14:30:00
2026-06-01 14:45:00,205.74,14:45:00
2026-06-01 15:00:00,226.67,15:00:00
2026-06-01 15:15:00,241.12,15:15:00
2026-06-01 15:30:00,256.17,15:30:00
2026-06-01 15:45:00,275.18,15:45:00
2026-06-01 16:00:00,294.06,16:00:00
2026-06-01 16:15:00,309.75,16:15:00
2026-06-01 16:30:00,326.72,16:30:00
2026-06-01 16:45:00,343.14,16:45:00
2026-06-01 17:00:00,360.94,17:00:00
2026-06-01 17:15:00,376.14,17:15:00
2026-06-01 17:30:00,388.76,17:30:00
2026-06-01 17:45:00,402.44,17:45:00
2026-06-01 18:00:00,409.97,18:00:00
2026-06-01 18:15:00,421.59,18:15:00
2026-06-01 18:30:00,427.01,18:30:00
2026-06-01 18:45:00,432.38,18:45:00
2026-06-01 19:00:00,434.91,19:00:00
2026-06-01 19:15:00,434.94,19:15:00
2026-06-01 19:30:00,436.08,19:30:00
2026-06-01 19:45:00,434.41,19:45:00
2026-06-01 20:00:00,437.43,20:00:00
2026-06-01 20:15:00,435.85,20:15:00
2026-06-01 20:30:00,437.37,20:30:00
2026-06-01 20:45:00,434.39,20:45:00
2026-06-01 21:00:00,429.65,21:00:00
2026-06-01 21:15:00,421.65,21:15:00
2026-06-01 21:30:00,414.64,21:30:00
2026-06-01 21:45:00,407.31,21:45:00
2026-06-01 22:00:00,410.82,22:00:00
2026-06-01 22:15:00,402.05,22:15:00
2026-06-01 22:30:00,393.16,22:30:00
2026-06-01 22:45:00,386.05,22:45:00
2026-06-01 23:00:00,385.83,23:00:00
2026-06-01 23:15:00,381.2,23:15:00
2026-06-01 23:30:00,377.95,23:30:00
2026-06-01 23:45:00,377.79,23:45:00
2026-06-02 00:00:00,374.58,00:00:00
2026-06-02 00:15:00,368.45,00:15:00
2026-06-02 00:30:00,366.88,00:30:00
2026-06-02 00:45:00,364.65,00:45:00
2026-06-02 01:00:00,359.66,01:00:00
2026-06-02 01:15:00,357.77,01:15:00
2026-06-02 01:30:00,357.91,01:30:00
2026-06-02 01:45:00,356.88,01:45:00
2026-06-02 02:00:00,355.13,02:00:00
2026-06-02 02:15:00,355.64,02:15:00
2026-06-02 02:30:00,355.62,02:30:00
2026-06-02 02:45:00,352.79,02:45:00
2026-06-02 03:00:00,351.67,03:00:00
2026-06-02 03:15:00,347.61,03:15:00
2026-06-02 03:30:00,340.65,03:30:00
2026-06-02 03:45:00,336.07,03:45:00
2026-06-02 04:00:00,324.61,04:00:00
2026-06-02 04:15:00,316.86,04:15:00
2026-06-02 04:30:00,309.24,04:30:00
2026-06-02 04:45:00,302.28,04:45:00
2026-06-02 05:00:00,296.43,05:00:00
2026-06-02 05:15:00,289.41,05:15:00
2026-06-02 05:30:00,280.38,05:30:00
2026-06-02 05:45:00,274.0,05:45:00
2026-06-02 06:00:00,263.59,06:00:00
2026-06-02 06:15:00,255.83,06:15:00
2026-06-02 06:30:00,245.28,06:30:00
2026-06-02 06:45:00,235.17,06:45:00
2026-06-02 07:00:00,221.81,07:00:00
2026-06-02 07:15:00,212.15,07:15:00
2026-06-02 07:30:00,200.9,07:30:00
2026-06-02 07:45:00,189.5,07:45:00
2026-06-02 08:00:00,181.22,08:00:00
2026-06-02 08:15:00,173.61,08:15:00
2026-06-02 08:30:00,166.39,08:30:00
2026-06-02 08:45:00,162.67,08:45:00
2026-06-02 09:00:00,156.52,09:00:00
2026-06-02 09:15:00,153.82,09:15:00
2026-06-02 09:30:00,153.39,09:30:00
2026-06-02 09:45:00,151.09,09:45:00
2026-06-02 10:00:00,148.83,10:00:00
2026-06-02 10:15:00,147.13,10:15:00
2026-06-02 10:30:00,146.19,10:30:00
2026-06-02 10:45:00,146.0,10:45:00
2026-06-02 11:00:00,145.43,11:00:00
2026-06-02 11:15:00,141.29,11:15:00
2026-06-02 11:30:00,138.26,11:30:00
2026-06-02 11:45:00,138.98,11:45:00
2026-06-02 12:00:00,139.92,12:00:00
2026-06-02 12:15:00,139.26,12:15:00
2026-06-02 12:30:00,143.47,12:30:00
2026-06-02 12:45:00,146.17,12:45:00
2026-06-02 13:00:00,151.15,13:00:00
2026-06-02 13:15:00,156.31,13:15:00
2026-06-02 13:30:00,166.36,13:30:00
2026-06-02 13:45:00,177.91,13:45:00
2026-06-02 14:00:00,188.55,14:00:00
2026-06-02 14:15:00,200.31,14:15:00
2026-06-02 14:30:00,215.15,14:30:00
2026-06-02 14:45:00,230.9,14:45:00
2026-06-02 15:00:00,244.15,15:00:00
2026-06-02 15:15:00,253.25,15:15:00
2026-06-02 15:30:00,264.72,15:30:00
2026-06-02 15:45:00,271.02,15:45:00
2026-06-02 16:00:00,274.95,16:00:00
2026-06-02 16:15:00,281.43,16:15:00
2026-06-02 16:30:00,289.04,16:30:00
2026-06-02 16:45:00,297.44,16:45:00
2026-06-02 17:00:00,307.6,17:00:00
2026-06-02 17:15:00,313.23,17:15:00
2026-06-02 17:30:00,316.73,17:30:00
2026-06-02 17:45:00,318.8,17:45:00
2026-06-02 18:00:00,326.47,18:00:00
2026-06-02 18:15:00,327.7,18:15:00
2026-06-02 18:30:00,330.5,18:30:00
2026-06-02 18:45:00,331.94,18:45:00
2026-06-02 19:00:00,336.22,19:00:00
2026-06-02 19:15:00,338.68,19:15:00
2026-06-02 19:30:00,336.15,19:30:00
2026-06-02 19:45:00,332.14,19:45:00
2026-06-02 20:00:00,332.27,20:00:00
2026-06-02 20:15:00,325.52,20:15:00
2026-06-02 20:30:00,324.1,20:30:00
2026-06-02 20:45:00,319.21,20:45:00
2026-06-02 21:00:00,316.01,21:00:00
2026-06-02 21:15:00,315.04,21:15:00
2026-06-02 21:30:00,314.34,21:30:00
2026-06-02 21:45:00,314.81,21:45:00
2026-06-02 22:00:00,312.84,22:00:00
2026-06-02 22:15:00,313.0,22:15:00
2026-06-02 22:30:00,310.55,22:30:00
2026-06-02 22:45:00,310.17,22:45:00
2026-06-02 23:00:00,311.92,23:00:00
2026-06-02 23:15:00,314.7,23:15:00
2026-06-02 23:30:00,317.49,23:30:00
2026-06-02 23:45:00,320.49,23:45:00
2026-06-03 00:00:00,321.27,00:00:00
2026-06-03 00:15:00,323.53,00:15:00
2026-06-03 00:30:00,322.73,00:30:00
2026-06-03 00:45:00,322.27,00:45:00
2026-06-03 01:00:00,321.41,01:00:00
2026-06-03 01:15:00,320.82,01:15:00
2026-06-03 01:30:00,322.01,01:30:00
2026-06-03 01:45:00,322.96,01:45:00
2026-06-03 02:00:00,321.53,02:00:00
2026-06-03 02:15:00,320.81,02:15:00
2026-06-03 02:30:00,319.61,02:30:00
2026-06-03 02:45:00,321.24,02:45:00
2026-06-03 03:00:00,316.81,03:00:00
2026-06-03 03:15:00,314.07,03:15:00
2026-06-03 03:30:00,306.85,03:30:00
2026-06-03 03:45:00,301.24,03:45:00
2026-06-03 04:00:00,298.2,04:00:00
2026-06-03 04:15:00,295.59,04:15:00
2026-06-03 04:30:00,295.89,04:30:00
2026-06-03 04:45:00,295.56,04:45:00
2026-06-03 05:00:00,292.24,05:00:00
2026-06-03 05:15:00,287.89,05:15:00
2026-06-03 05:30:00,282.49,05:30:00
2026-06-03 05:45:00,276.09,05:45:00
2026-06-03 06:00:00,270.66,06:00:00
2026-06-03 06:15:00,260.07,06:15:00
2026-06-03 06:30:00,253.33,06:30:00
2026-06-03 06:45:00,246.61,06:45:00
2026-06-03 07:00:00,233.46,07:00:00
2026-06-03 07:15:00,225.78,07:15:00
2026-06-03 07:30:00,217.94,07:30:00
2026-06-03 07:45:00,207.69,07:45:00
2026-06-03 08:00:00,190.71,08:00:00
2026-06-03 08:15:00,180.74,08:15:00
2026-06-03 08:30:00,172.03,08:30:00
2026-06-03 08:45:00,161.53,08:45:00
2026-06-03 09:00:00,149.78,09:00:00
2026-06-03 09:15:00,139.97,09:15:00
2026-06-03 09:30:00,134.01,09:30:00
2026-06-03 09:45:00,130.4,09:45:00
2026-06-03 10:00:00,124.63,10:00:00
2026-06-03 10:15:00,122.37,10:15:00
2026-06-03 10:30:00,122.26,10:30:00
2026-06-03 10:45:00,119.95,10:45:00
2026-06-03 11:00:00,118.89,11:00:00
2026-06-03 11:15:00,118.02,11:15:00
2026-06-03 11:30:00,116.62,11:30:00
2026-06-03 11:45:00,116.82,11:45:00
2026-06-03 12:00:00,115.67,12:00:00
2026-06-03 12:15:00,116.22,12:15:00
2026-06-03 12:30:00,116.56,12:30:00
2026-06-03 12:45:00,118.0,12:45:00
2026-06-03 13:00:00,120.86,13:00:00
2026-06-03 13:15:00,122.27,13:15:00
2026-06-03 13:30:00,122.78,13:30:00
2026-06-03 13:45:00,126.01,13:45:00
2026-06-03 14:00:00,131.28,14:00:00
2026-06-03 14:15:00,135.67,14:15:00
2026-06-03 14:30:00,143.15,14:30:00
2026-06-03 14:45:00,155.42,14:45:00
2026-06-03 15:00:00,169.76,15:00:00
2026-06-03 15:15:00,182.12,15:15:00
2026-06-03 15:30:00,190.48,15:30:00
2026-06-03 15:45:00,200.12,15:45:00
2026-06-03 16:00:00,215.59,16:00:00
2026-06-03 16:15:00,224.64,16:15:00
2026-06-03 16:30:00,232.44,16:30:00
2026-06-03 16:45:00,243.58,16:45:00
2026-06-03 17:00:00,260.12,17:00:00
2026-06-03 17:15:00,271.77,17:15:00
2026-06-03 17:30:00,281.29,17:30:00
2026-06-03 17:45:00,289.63,17:45:00
2026-06-03 18:00:00,296.87,18:00:00
2026-06-03 18:15:00,301.27,18:15:00
2026-06-03 18:30:00,300.27,18:30:00
2026-06-03 18:45:00,297.06,18:45:00
2026-06-03 19:00:00,287.54,19:00:00
2026-06-03 19:15:00,279.66,19:15:00
2026-06-03 19:30:00,274.73,19:30:00
2026-06-03 19:45:00,265.47,19:45:00
2026-06-03 20:00:00,254.55,20:00:00
2026-06-03 20:15:00,248.2,20:15:00
2026-06-03 20:30:00,240.51,20:30:00
2026-06-03 20:45:00,227.51,20:45:00
2026-06-03 21:00:00,217.69,21:00:00
2026-06-03 21:15:00,211.92,21:15:00
2026-06-03 21:30:00,208.77,21:30:00
2026-06-03 21:45:00,200.6,21:45:00
2026-06-03 22:00:00,190.99,22:00:00
2026-06-03 22:15:00,182.0,22:15:00
2026-06-03 22:30:00,179.64,22:30:00
2026-06-03 22:45:00,178.3,22:45:00
2026-06-03 23:00:00,172.66,23:00:00
2026-06-03 23:15:00,175.46,23:15:00
2026-06-03 23:30:00,173.66,23:30:00
2026-06-03 23:45:00,171.97,23:45:00
2026-06-04 00:00:00,171.33,00:00:00
2026-06-04 00:15:00,172.08,00:15:00
2026-06-04 00:30:00,171.99,00:30:00
2026-06-04 00:45:00,173.45,00:45:00
2026-06-04 01:00:00,172.84,01:00:00
2026-06-04 01:15:00,172.54,01:15:00
2026-06-04 01:30:00,173.53,01:30:00
2026-06-04 01:45:00,175.01,01:45:00
2026-06-04 02:00:00,177.45,02:00:00
2026-06-04 02:15:00,178.17,02:15:00
2026-06-04 02:30:00,179.44,02:30:00
2026-06-04 02:45:00,181.03,02:45:00
2026-06-04 03:00:00,183.23,03:00:00
2026-06-04 03:15:00,185.05,03:15:00
2026-06-04 03:30:00,184.5,03:30:00
2026-06-04 03:45:00,182.97,03:45:00
2026-06-04 04:00:00,179.37,04:00:00
2026-06-04 04:15:00,174.56,04:15:00
2026-06-04 04:30:00,167.52,04:30:00
2026-06-04 04:45:00,162.68,04:45:00
2026-06-04 05:00:00,156.83,05:00:00
2026-06-04 05:15:00,151.04,05:15:00
2026-06-04 05:30:00,147.34,05:30:00
2026-06-04 05:45:00,143.55,05:45:00
2026-06-04 06:00:00,138.26,06:00:00
2026-06-04 06:15:00,134.06,06:15:00
2026-06-04 06:30:00,130.32,06:30:00
2026-06-04 06:45:00,125.31,06:45:00
2026-06-04 07:00:00,117.81,07:00:00
2026-06-04 07:15:00,114.61,07:15:00
2026-06-04 07:30:00,112.91,07:30:00
2026-06-04 07:45:00,110.88,07:45:00
2026-06-04 08:00:00,108.44,08:00:00
2026-06-04 08:15:00,106.43,08:15:00
2026-06-04 08:30:00,103.89,08:30:00
2026-06-04 08:45:00,102.88,08:45:00
2026-06-04 09:00:00,102.53,09:00:00
2026-06-04 09:15:00,102.17,09:15:00
2026-06-04 09:30:00,101.86,09:30:00
2026-06-04 09:45:00,102.43,09:45:00
2026-06-04 10:00:00,97.66,10:00:00
2026-06-04 10:15:00,97.67,10:15:00
2026-06-04 10:30:00,98.67,10:30:00
2026-06-04 10:45:00,98.02,10:45:00
2026-06-04 11:00:00,98.11,11:00:00
2026-06-04 11:15:00,98.23,11:15:00
2026-06-04 11:30:00,98.15,11:30:00
2026-06-04 11:45:00,99.65,11:45:00
2026-06-04 12:00:00,100.84,12:00:00
2026-06-04 12:15:00,101.71,12:15:00
2026-06-04 12:30:00,103.06,12:30:00
2026-06-04 12:45:00,104.23,12:45:00
2026-06-04 13:00:00,103.22,13:00:00
2026-06-04 13:15:00,105.13,13:15:00
2026-06-04 13:30:00,105.75,13:30:00
2026-06-04 13:45:00,106.75,13:45:00
2026-06-04 14:00:00,108.47,14:00:00
2026-06-04 14:15:00,111.02,14:15:00
2026-06-04 14:30:00,115.87,14:30:00
2026-06-04 14:45:00,118.54,14:45:00
2026-06-04 15:00:00,126.24,15:00:00
2026-06-04 15:15:00,127.82,15:15:00
2026-06-04 15:30:00,130.03,15:30:00
2026-06-04 15:45:00,134.27,15:45:00
2026-06-04 16:00:00,140.56,16:00:00
2026-06-04 16:15:00,148.36,16:15:00
2026-06-04 16:30:00,162.32,16:30:00
2026-06-04 16:45:00,171.76,16:45:00
2026-06-04 17:00:00,182.26,17:00:00
2026-06-04 17:15:00,188.46,17:15:00
2026-06-04 17:30:00,190.3,17:30:00
2026-06-04 17:45:00,192.97,17:45:00
2026-06-04 18:00:00,198.41,18:00:00
2026-06-04 18:15:00,203.64,18:15:00
2026-06-04 18:30:00,206.76,18:30:00
2026-06-04 18:45:00,211.78,18:45:00
2026-06-04 19:00:00,213.83,19:00:00
2026-06-04 19:15:00,213.59,19:15:00
2026-06-04 19:30:00,212.5,19:30:00
2026-06-04 19:45:00,211.05,19:45:00
2026-06-04 20:00:00,212.16,20:00:00
2026-06-04 20:15:00,209.59,20:15:00
2026-06-04 20:30:00,208.02,20:30:00
2026-06-04 20:45:00,205.44,20:45:00
2026-06-04 21:00:00,198.1,21:00:00
2026-06-04 21:15:00,197.43,21:15:00
2026-06-04 21:30:00,198.27,21:30:00
2026-06-04 21:45:00,199.74,21:45:00
2026-06-04 22:00:00,200.53,22:00:00
2026-06-04 22:15:00,199.33,22:15:00
2026-06-04 22:30:00,197.82,22:30:00
2026-06-04 22:45:00,198.49,22:45:00
2026-06-04 23:00:00,198.12,23:00:00
2026-06-04 23:15:00,198.72,23:15:00
2026-06-04 23:30:00,199.23,23:30:00
2026-06-04 23:45:00,200.78,23:45:00
2026-06-05 00:00:00,197.62,00:00:00
2026-06-05 00:15:00,196.2,00:15:00
2026-06-05 00:30:00,196.64,00:30:00
2026-06-05 00:45:00,197.74,00:45:00
2026-06-05 01:00:00,198.65,01:00:00
2026-06-05 01:15:00,201.19,01:15:00
2026-06-05 01:30:00,204.86,01:30:00
2026-06-05 01:45:00,207.37,01:45:00
2026-06-05 02:00:00,207.03,02:00:00
2026-06-05 02:15:00,208.33,02:15:00
2026-06-05 02:30:00,209.42,02:30:00
2026-06-05 02:45:00,211.67,02:45:00
2026-06-05 03:00:00,212.99,03:00:00
2026-06-05 03:15:00,213.85,03:15:00
2026-06-05 03:30:00,216.0,03:30:00
2026-06-05 03:45:00,218.82,03:45:00
2026-06-05 04:00:00,218.96,04:00:00
2026-06-05 04:15:00,218.46,04:15:00
2026-06-05 04:30:00,218.26,04:30:00
2026-06-05 04:45:00,218.29,04:45:00
2026-06-05 05:00:00,217.47,05:00:00
2026-06-05 05:15:00,214.44,05:15:00
2026-06-05 05:30:00,210.49,05:30:00
2026-06-05 05:45:00,205.36,05:45:00
2026-06-05 06:00:00,201.08,06:00:00
2026-06-05 06:15:00,196.63,06:15:00
2026-06-05 06:30:00,189.1,06:30:00
2026-06-05 06:45:00,183.38,06:45:00
2026-06-05 07:00:00,175.05,07:00:00
2026-06-05 07:15:00,167.75,07:15:00
2026-06-05 07:30:00,160.96,07:30:00
2026-06-05 07:45:00,154.82,07:45:00
2026-06-05 08:00:00,146.12,08:00:00
2026-06-05 08:15:00,138.35,08:15:00
2026-06-05 08:30:00,131.61,08:30:00
2026-06-05 08:45:00,127.21,08:45:00
2026-06-05 09:00:00,121.89,09:00:00
2026-06-05 09:15:00,118.77,09:15:00
2026-06-05 09:30:00,117.19,09:30:00
2026-06-05 09:45:00,112.97,09:45:00
2026-06-05 10:00:00,107.96,10:00:00
2026-06-05 10:15:00,104.96,10:15:00
2026-06-05 10:30:00,104.74,10:30:00
2026-06-05 10:45:00,105.0,10:45:00
2026-06-05 11:00:00,104.91,11:00:00
2026-06-05 11:15:00,104.32,11:15:00
2026-06-05 11:30:00,104.44,11:30:00
2026-06-05 11:45:00,105.43,11:45:00
2026-06-05 12:00:00,106.35,12:00:00
2026-06-05 12:15:00,108.12,12:15:00
2026-06-05 12:30:00,109.13,12:30:00
2026-06-05 12:45:00,110.12,12:45:00
2026-06-05 13:00:00,115.02,13:00:00
2026-06-05 13:15:00,120.34,13:15:00
2026-06-05 13:30:00,125.7,13:30:00
2026-06-05 13:45:00,129.55,13:45:00
2026-06-05 14:00:00,134.59,14:00:00
2026-06-05 14:15:00,141.67,14:15:00
2026-06-05 14:30:00,151.33,14:30:00
2026-06-05 14:45:00,161.96,14:45:00
2026-06-05 15:00:00,176.35,15:00:00
2026-06-05 15:15:00,184.25,15:15:00
2026-06-05 15:30:00,194.18,15:30:00
2026-06-05 15:45:00,209.03,15:45:00
2026-06-05 16:00:00,223.83,16:00:00
2026-06-05 16:15:00,237.47,16:15:00
2026-06-05 16:30:00,248.55,16:30:00
2026-06-05 16:45:00,260.35,16:45:00
2026-06-05 17:00:00,276.57,17:00:00
2026-06-05 17:15:00,292.89,17:15:00
2026-06-05 17:30:00,307.53,17:30:00
2026-06-05 17:45:00,325.6,17:45:00
2026-06-05 18:00:00,345.48,18:00:00
2026-06-05 18:15:00,359.8,18:15:00
2026-06-05 18:30:00,374.08,18:30:00
2026-06-05 18:45:00,384.3,18:45:00
2026-06-05 19:00:00,393.6,19:00:00
2026-06-05 19:15:00,399.68,19:15:00
2026-06-05 19:30:00,401.72,19:30:00
2026-06-05 19:45:00,401.97,19:45:00
2026-06-05 20:00:00,406.96,20:00:00
2026-06-05 20:15:00,405.85,20:15:00
2026-06-05 20:30:00,408.78,20:30:00
2026-06-05 20:45:00,410.02,20:45:00
2026-06-05 21:00:00,418.09,21:00:00
2026-06-05 21:15:00,418.36,21:15:00
2026-06-05 21:30:00,416.87,21:30:00
2026-06-05 21:45:00,410.72,21:45:00
2026-06-05 22:00:00,403.39,22:00:00
2026-06-05 22:15:00,396.03,22:15:00
2026-06-05 22:30:00,395.67,22:30:00
2026-06-05 22:45:00,396.49,22:45:00
2026-06-05 23:00:00,398.93,23:00:00
2026-06-05 23:15:00,398.37,23:15:00
2026-06-05 23:30:00,403.36,23:30:00
2026-06-05 23:45:00,406.73,23:45:00
2026-06-06 00:00:00,418.69,00:00:00
2026-06-06 00:15:00,423.5,00:15:00
2026-06-06 00:30:00,425.83,00:30:00
2026-06-06 00:45:00,427.01,00:45:00
2026-06-06 01:00:00,423.13,01:00:00
2026-06-06 01:15:00,422.19,01:15:00
2026-06-06 01:30:00,422.63,01:30:00
2026-06-06 01:45:00,420.18,01:45:00
2026-06-06 02:00:00,413.19,02:00:00
2026-06-06 02:15:00,409.21,02:15:00
2026-06-06 02:30:00,408.31,02:30:00
2026-06-06 02:45:00,406.56,02:45:00
2026-06-06 03:00:00,404.08,03:00:00
2026-06-06 03:15:00,398.25,03:15:00
2026-06-06 03:30:00,387.96,03:30:00
2026-06-06 03:45:00,378.76,03:45:00
2026-06-06 04:00:00,366.84,04:00:00
2026-06-06 04:15:00,352.29,04:15:00
2026-06-06 04:30:00,339.84,04:30:00
2026-06-06 04:45:00,327.52,04:45:00
2026-06-06 05:00:00,311.32,05:00:00
2026-06-06 05:15:00,296.99,05:15:00
2026-06-06 05:30:00,280.38,05:30:00
2026-06-06 05:45:00,264.01,05:45:00
2026-06-06 06:00:00,243.76,06:00:00
2026-06-06 06:15:00,215.97,06:15:00
2026-06-06 06:30:00,192.39,06:30:00
2026-06-06 06:45:00,174.69,06:45:00
2026-06-06 07:00:00,161.19,07:00:00
2026-06-06 07:15:00,153.15,07:15:00
2026-06-06 07:30:00,146.94,07:30:00
2026-06-06 07:45:00,140.63,07:45:00
2026-06-06 08:00:00,131.39,08:00:00
2026-06-06 08:15:00,129.89,08:15:00
2026-06-06 08:30:00,127.62,08:30:00
2026-06-06 08:45:00,125.05,08:45:00
2026-06-06 09:00:00,121.82,09:00:00
2026-06-06 09:15:00,119.56,09:15:00
2026-06-06 09:30:00,118.41,09:30:00
2026-06-06 09:45:00,118.46,09:45:00
2026-06-06 10:00:00,116.3,10:00:00
2026-06-06 10:15:00,116.3,10:15:00
2026-06-06 10:30:00,115.4,10:30:00
2026-06-06 10:45:00,115.9,10:45:00
2026-06-06 11:00:00,112.97,11:00:00
2026-06-06 11:15:00,113.39,11:15:00
2026-06-06 11:30:00,114.05,11:30:00
2026-06-06 11:45:00,114.66,11:45:00
2026-06-06 12:00:00,115.88,12:00:00
2026-06-06 12:15:00,116.72,12:15:00
2026-06-06 12:30:00,118.85,12:30:00
2026-06-06 12:45:00,121.46,12:45:00
2026-06-06 13:00:00,123.48,13:00:00
2026-06-06 13:15:00,123.87,13:15:00
2026-06-06 13:30:00,125.53,13:30:00
2026-06-06 13:45:00,129.75,13:45:00
2026-06-06 14:00:00,134.32,14:00:00
2026-06-06 14:15:00,136.22,14:15:00
2026-06-06 14:30:00,140.39,14:30:00
2026-06-06 14:45:00,150.69,14:45:00
2026-06-06 15:00:00,172.97,15:00:00
2026-06-06 15:15:00,191.62,15:15:00
2026-06-06 15:30:00,207.92,15:30:00
2026-06-06 15:45:00,219.56,15:45:00
2026-06-06 16:00:00,233.41,16:00:00
2026-06-06 16:15:00,247.34,16:15:00
2026-06-06 16:30:00,260.1,16:30:00
2026-06-06 16:45:00,272.18,16:45:00
2026-06-06 17:00:00,281.48,17:00:00
2026-06-06 17:15:00,287.75,17:15:00
2026-06-06 17:30:00,295.05,17:30:00
2026-06-06 17:45:00,301.94,17:45:00
2026-06-06 18:00:00,303.31,18:00:00
2026-06-06 18:15:00,306.44,18:15:00
2026-06-06 18:30:00,308.04,18:30:00
2026-06-06 18:45:00,308.68,18:45:00
2026-06-06 19:00:00,311.53,19:00:00
2026-06-06 19:15:00,308.23,19:15:00
2026-06-06 19:30:00,304.96,19:30:00
2026-06-06 19:45:00,305.03,19:45:00
2026-06-07 00:30:00,242.93,00:30:00
2026-06-07 00:45:00,241.21,00:45:00
2026-06-07 01:00:00,233.14,01:00:00
2026-06-07 01:15:00,230.44,01:15:00
2026-06-07 01:30:00,226.48,01:30:00
2026-06-07 01:45:00,225.02,01:45:00
2026-06-07 02:00:00,220.65,02:00:00
2026-06-07 02:15:00,215.01,02:15:00
2026-06-07 02:30:00,208.09,02:30:00
2026-06-07 02:45:00,203.31,02:45:00
2026-06-07 03:00:00,191.26,03:00:00
2026-06-07 03:15:00,184.18,03:15:00
2026-06-07 03:30:00,181.73,03:30:00
2026-06-07 03:45:00,180.58,03:45:00
2026-06-07 04:00:00,179.35,04:00:00
2026-06-07 04:15:00,177.97,04:15:00
2026-06-07 04:30:00,176.32,04:30:00
2026-06-07 04:45:00,172.81,04:45:00
2026-06-07 05:00:00,165.79,05:00:00
2026-06-07 05:15:00,161.98,05:15:00
2026-06-07 05:30:00,156.22,05:30:00
2026-06-07 05:45:00,151.02,05:45:00
2026-06-07 06:00:00,150.57,06:00:00
2026-06-07 06:15:00,145.51,06:15:00
2026-06-07 06:30:00,141.51,06:30:00
2026-06-07 06:45:00,137.28,06:45:00
2026-06-07 07:00:00,130.69,07:00:00
2026-06-07 07:15:00,126.11,07:15:00
2026-06-07 07:30:00,121.26,07:30:00
2026-06-07 07:45:00,118.25,07:45:00
2026-06-07 08:00:00,114.54,08:00:00
2026-06-07 08:15:00,114.12,08:15:00
2026-06-07 08:30:00,112.71,08:30:00
2026-06-07 08:45:00,110.37,08:45:00
2026-06-07 09:00:00,110.92,09:00:00
2026-06-07 09:15:00,109.13,09:15:00
2026-06-07 09:30:00,107.59,09:30:00
2026-06-07 09:45:00,106.66,09:45:00
2026-06-07 10:00:00,105.17,10:00:00
2026-06-07 10:15:00,104.63,10:15:00
2026-06-07 10:30:00,105.82,10:30:00
2026-06-07 10:45:00,106.96,10:45:00
2026-06-07 11:00:00,106.47,11:00:00
2026-06-07 11:15:00,106.36,11:15:00
2026-06-07 11:30:00,108.32,11:30:00
2026-06-07 11:45:00,107.87,11:45:00
2026-06-07 12:00:00,108.83,12:00:00
2026-06-07 12:15:00,109.26,12:15:00
2026-06-07 12:30:00,110.28,12:30:00
2026-06-07 12:45:00,111.5,12:45:00
2026-06-07 13:00:00,110.29,13:00:00
2026-06-07 13:15:00,110.39,13:15:00
2026-06-07 13:30:00,111.82,13:30:00
2026-06-07 13:45:00,111.58,13:45:00
2026-06-07 14:00:00,113.2,14:00:00
2026-06-07 14:15:00,115.35,14:15:00
2026-06-07 14:30:00,116.55,14:30:00
2026-06-07 14:45:00,117.44,14:45:00
2026-06-07 15:00:00,119.06,15:00:00
2026-06-07 15:15:00,120.77,15:15:00
2026-06-07 15:30:00,122.86,15:30:00
2026-06-07 15:45:00,124.89,15:45:00
2026-06-07 16:00:00,131.76,16:00:00
2026-06-07 16:15:00,144.26,16:15:00
2026-06-07 16:30:00,166.44,16:30:00
2026-06-07 16:45:00,188.22,16:45:00
2026-06-07 17:00:00,205.87,17:00:00
2026-06-07 17:15:00,221.2,17:15:00
2026-06-07 17:30:00,238.18,17:30:00
2026-06-07 17:45:00,253.75,17:45:00
2026-06-07 18:00:00,272.01,18:00:00
2026-06-07 18:15:00,290.34,18:15:00
2026-06-07 18:30:00,306.9,18:30:00
2026-06-07 18:45:00,320.07,18:45:00
2026-06-07 19:00:00,330.81,19:00:00
2026-06-07 19:15:00,338.24,19:15:00
2026-06-07 19:30:00,345.35,19:30:00
2026-06-07 19:45:00,350.84,19:45:00
2026-06-07 20:00:00,356.35,20:00:00
2026-06-07 20:15:00,358.35,20:15:00
2026-06-07 20:30:00,360.65,20:30:00
2026-06-07 20:45:00,363.17,20:45:00
2026-06-07 21:00:00,366.94,21:00:00
2026-06-07 21:15:00,366.56,21:15:00
2026-06-07 21:30:00,365.1,21:30:00
2026-06-07 21:45:00,362.93,21:45:00
2026-06-07 22:00:00,359.94,22:00:00
2026-06-07 22:15:00,361.07,22:15:00
2026-06-07 22:30:00,364.5,22:30:00
2026-06-07 22:45:00,365.75,22:45:00
2026-06-07 23:00:00,367.85,23:00:00
2026-06-07 23:15:00,368.75,23:15:00
2026-06-07 23:30:00,372.34,23:30:00
2026-06-07 23:45:00,371.89,23:45:00
2026-06-08 00:00:00,374.37,00:00:00
2026-06-08 00:15:00,375.29,00:15:00
2026-06-08 00:30:00,377.71,00:30:00
2026-06-08 00:45:00,378.34,00:45:00
2026-06-08 01:00:00,378.93,01:00:00
2026-06-08 01:15:00,379.49,01:15:00
2026-06-08 01:30:00,378.09,01:30:00
2026-06-08 01:45:00,374.34,01:45:00
2026-06-08 02:00:00,372.27,02:00:00
2026-06-08 02:15:00,368.74,02:15:00
2026-06-08 02:30:00,364.29,02:30:00
2026-06-08 02:45:00,361.24,02:45:00
2026-06-08 03:00:00,358.52,03:00:00
2026-06-08 03:15:00,351.85,03:15:00
2026-06-08 03:30:00,340.8,03:30:00
2026-06-08 03:45:00,332.44,03:45:00
2026-06-08 04:00:00,322.41,04:00:00
2026-06-08 04:15:00,337.13,04:15:00
2026-06-08 04:30:00,326.57,04:30:00
2026-06-08 04:45:00,315.77,04:45:00
2026-06-08 05:00:00,290.14,05:00:00
2026-06-08 05:15:00,278.51,05:15:00
2026-06-08 05:30:00,265.65,05:30:00
2026-06-08 05:45:00,256.75,05:45:00
2026-06-08 08:00:00,172.41,08:00:00
2026-06-08 08:15:00,165.36,08:15:00
2026-06-08 08:30:00,163.69,08:30:00
2026-06-08 08:45:00,160.25,08:45:00
2026-06-08 09:00:00,148.05,09:00:00
2026-06-08 09:15:00,143.14,09:15:00
2026-06-08 09:30:00,144.35,09:30:00
2026-06-08 09:45:00,147.13,09:45:00
2026-06-08 10:00:00,144.44,10:00:00
2026-06-08 10:15:00,145.44,10:15:00
2026-06-08 10:30:00,149.14,10:30:00
2026-06-08 10:45:00,150.64,10:45:00
2026-06-08 11:00:00,153.07,11:00:00
2026-06-08 11:15:00,154.61,11:15:00
2026-06-08 11:30:00,152.99,11:30:00
2026-06-08 11:45:00,153.69,11:45:00
2026-06-08 12:00:00,156.19,12:00:00
2026-06-08 12:15:00,162.81,12:15:00
2026-06-08 12:30:00,166.05,12:30:00
2026-06-08 12:45:00,169.15,12:45:00
2026-06-08 13:00:00,176.39,13:00:00
2026-06-08 13:15:00,184.11,13:15:00
2026-06-08 13:30:00,190.18,13:30:00
2026-06-08 13:45:00,197.04,13:45:00
2026-06-08 14:00:00,208.28,14:00:00
2026-06-08 14:15:00,219.51,14:15:00
2026-06-08 14:30:00,230.07,14:30:00
2026-06-08 14:45:00,238.07,14:45:00
2026-06-08 15:00:00,245.9,15:00:00
2026-06-08 15:15:00,254.45,15:15:00
2026-06-08 15:30:00,263.99,15:30:00
2026-06-08 15:45:00,273.81,15:45:00
2026-06-08 16:00:00,284.79,16:00:00
2026-06-08 16:15:00,294.4,16:15:00
2026-06-08 16:30:00,304.78,16:30:00
2026-06-08 16:45:00,311.34,16:45:00
2026-06-08 17:00:00,320.59,17:00:00
2026-06-08 17:15:00,327.46,17:15:00
2026-06-08 17:30:00,334.78,17:30:00
2026-06-08 17:45:00,340.6,17:45:00
2026-06-08 18:00:00,342.2,18:00:00
2026-06-08 18:15:00,339.78,18:15:00
2026-06-08 18:30:00,341.79,18:30:00
2026-06-08 18:45:00,342.11,18:45:00
2026-06-08 19:00:00,345.57,19:00:00
2026-06-08 19:15:00,342.04,19:15:00
2026-06-08 19:30:00,337.58,19:30:00
2026-06-08 19:45:00,335.97,19:45:00
2026-06-08 20:00:00,337.86,20:00:00
2026-06-08 20:15:00,330.34,20:15:00
2026-06-08 20:30:00,323.21,20:30:00
2026-06-08 20:45:00,311.59,20:45:00
2026-06-08 21:00:00,304.01,21:00:00
2026-06-08 21:15:00,300.19,21:15:00
2026-06-08 21:30:00,300.59,21:30:00
2026-06-08 21:45:00,301.69,21:45:00
2026-06-08 22:00:00,301.87,22:00:00
2026-06-08 22:15:00,300.22,22:15:00
2026-06-08 22:30:00,299.15,22:30:00
2026-06-08 22:45:00,299.78,22:45:00
2026-06-08 23:00:00,296.76,23:00:00
2026-06-08 23:15:00,291.63,23:15:00
2026-06-08 23:30:00,287.97,23:30:00
2026-06-08 23:45:00,285.01,23:45:00
2026-06-09 00:00:00,281.83,00:00:00
2026-06-09 00:15:00,276.89,00:15:00
2026-06-09 00:30:00,278.87,00:30:00
2026-06-09 00:45:00,281.27,00:45:00
2026-06-09 01:00:00,278.36,01:00:00
2026-06-09 01:15:00,277.69,01:15:00
2026-06-09 01:30:00,278.61,01:30:00
2026-06-09 01:45:00,281.74,01:45:00
2026-06-09 02:00:00,276.06,02:00:00
2026-06-09 02:15:00,271.8,02:15:00
2026-06-09 02:30:00,269.51,02:30:00
2026-06-09 02:45:00,269.54,02:45:00
2026-06-09 03:00:00,263.69,03:00:00
2026-06-09 03:15:00,259.58,03:15:00
2026-06-09 03:30:00,256.93,03:30:00
2026-06-09 03:45:00,257.54,03:45:00
2026-06-09 04:00:00,256.16,04:00:00
2026-06-09 04:15:00,255.7,04:15:00
2026-06-09 04:30:00,254.54,04:30:00
2026-06-09 04:45:00,252.65,04:45:00
2026-06-09 05:00:00,254.33,05:00:00
2026-06-09 05:15:00,253.59,05:15:00
2026-06-09 05:30:00,255.13,05:30:00
2026-06-09 05:45:00,256.59,05:45:00
2026-06-09 06:00:00,255.52,06:00:00
2026-06-09 06:15:00,249.47,06:15:00
2026-06-09 06:30:00,245.92,06:30:00
2026-06-09 06:45:00,237.44,06:45:00
2026-06-09 07:00:00,226.81,07:00:00
2026-06-09 07:15:00,217.15,07:15:00
2026-06-09 07:30:00,208.97,07:30:00
2026-06-09 07:45:00,192.97,07:45:00
2026-06-09 08:00:00,174.68,08:00:00
2026-06-09 08:15:00,165.42,08:15:00
2026-06-09 08:30:00,153.86,08:30:00
2026-06-09 08:45:00,144.25,08:45:00
2026-06-09 09:00:00,137.08,09:00:00
2026-06-09 09:15:00,133.83,09:15:00
2026-06-09 09:30:00,132.15,09:30:00
2026-06-09 09:45:00,128.7,09:45:00
2026-06-09 10:00:00,122.39,10:00:00
2026-06-09 10:15:00,120.03,10:15:00
2026-06-09 10:30:00,119.19,10:30:00
2026-06-09 10:45:00,115.92,10:45:00
2026-06-09 11:00:00,116.84,11:00:00
2026-06-09 11:15:00,117.11,11:15:00
2026-06-09 11:30:00,118.45,11:30:00
2026-06-09 11:45:00,118.76,11:45:00
2026-06-09 12:00:00,116.52,12:00:00
2026-06-09 12:15:00,115.01,12:15:00
2026-06-09 12:30:00,117.07,12:30:00
2026-06-09 12:45:00,117.6,12:45:00
2026-06-09 13:00:00,118.04,13:00:00
2026-06-09 13:15:00,120.09,13:15:00
2026-06-09 13:30:00,121.61,13:30:00
2026-06-09 13:45:00,123.57,13:45:00
2026-06-09 14:00:00,125.16,14:00:00
2026-06-09 14:15:00,126.63,14:15:00
2026-06-09 14:30:00,127.91,14:30:00
2026-06-09 14:45:00,131.08,14:45:00
2026-06-09 15:00:00,133.79,15:00:00
2026-06-09 15:15:00,140.03,15:15:00
2026-06-09 15:30:00,147.63,15:30:00
2026-06-09 15:45:00,161.51,15:45:00
2026-06-09 16:00:00,177.28,16:00:00
2026-06-09 16:15:00,195.5,16:15:00
2026-06-09 16:30:00,209.37,16:30:00
2026-06-09 16:45:00,220.6,16:45:00
2026-06-09 17:00:00,234.25,17:00:00
2026-06-09 17:15:00,247.07,17:15:00
2026-06-09 17:30:00,256.41,17:30:00
2026-06-09 17:45:00,265.44,17:45:00
2026-06-09 18:00:00,272.9,18:00:00
2026-06-09 18:15:00,280.19,18:15:00
2026-06-09 18:30:00,287.25,18:30:00
2026-06-09 18:45:00,292.47,18:45:00
2026-06-09 19:00:00,298.53,19:00:00
2026-06-09 19:15:00,299.33,19:15:00
2026-06-09 19:30:00,299.57,19:30:00
2026-06-09 19:45:00,298.43,19:45:00
2026-06-09 20:00:00,297.88,20:00:00
2026-06-09 20:15:00,295.08,20:15:00
2026-06-09 20:30:00,297.31,20:30:00
2026-06-09 20:45:00,295.06,20:45:00
2026-06-09 21:00:00,291.96,21:00:00
2026-06-09 21:15:00,292.09,21:15:00
2026-06-09 21:30:00,293.43,21:30:00
2026-06-09 21:45:00,294.64,21:45:00
2026-06-09 22:00:00,284.31,22:00:00
2026-06-09 22:15:00,281.03,22:15:00
2026-06-09 22:30:00,279.71,22:30:00
2026-06-09 22:45:00,277.86,22:45:00
2026-06-09 23:00:00,278.77,23:00:00
2026-06-09 23:15:00,277.94,23:15:00
2026-06-09 23:30:00,275.95,23:30:00
2026-06-09 23:45:00,274.55,23:45:00
2026-06-10 00:00:00,280.35,00:00:00
2026-06-10 00:15:00,284.63,00:15:00
2026-06-10 00:30:00,284.83,00:30:00
2026-06-10 00:45:00,285.15,00:45:00
2026-06-10 01:00:00,285.46,01:00:00
2026-06-10 01:15:00,285.34,01:15:00
2026-06-10 01:30:00,285.76,01:30:00
2026-06-10 01:45:00,288.22,01:45:00
2026-06-10 02:00:00,286.81,02:00:00
2026-06-10 02:15:00,288.6,02:15:00
2026-06-10 02:30:00,292.39,02:30:00
2026-06-10 02:45:00,295.9,02:45:00
2026-06-10 03:00:00,295.19,03:00:00
2026-06-10 03:15:00,296.98,03:15:00
2026-06-10 03:30:00,297.56,03:30:00
2026-06-10 03:45:00,290.98,03:45:00
2026-06-10 04:00:00,284.18,04:00:00
2026-06-10 04:15:00,280.77,04:15:00
2026-06-10 04:30:00,279.09,04:30:00
2026-06-10 04:45:00,279.18,04:45:00
2026-06-10 05:00:00,274.71,05:00:00
2026-06-10 05:15:00,268.22,05:15:00
2026-06-10 05:30:00,263.36,05:30:00
2026-06-10 05:45:00,256.85,05:45:00
2026-06-10 06:00:00,249.78,06:00:00
2026-06-10 06:15:00,239.64,06:15:00
2026-06-10 06:30:00,230.21,06:30:00
2026-06-10 06:45:00,220.87,06:45:00
2026-06-10 07:00:00,216.5,07:00:00
2026-06-10 07:15:00,210.22,07:15:00
2026-06-10 07:30:00,206.45,07:30:00
2026-06-10 07:45:00,196.15,07:45:00
2026-06-10 08:00:00,188.28,08:00:00
2026-06-10 08:15:00,182.68,08:15:00
2026-06-10 08:30:00,179.24,08:30:00
2026-06-10 08:45:00,176.09,08:45:00
2026-06-10 09:00:00,169.21,09:00:00
2026-06-10 09:15:00,166.7,09:15:00
2026-06-10 09:30:00,164.19,09:30:00
2026-06-10 09:45:00,163.6,09:45:00
2026-06-10 10:00:00,165.0,10:00:00
2026-06-10 10:15:00,164.77,10:15:00
2026-06-10 10:30:00,165.18,10:30:00
2026-06-10 10:45:00,163.78,10:45:00
2026-06-10 11:00:00,162.1,11:00:00
2026-06-10 11:15:00,164.42,11:15:00
2026-06-10 11:30:00,167.4,11:30:00
2026-06-10 11:45:00,171.4,11:45:00
2026-06-10 12:00:00,174.11,12:00:00
2026-06-10 12:15:00,177.51,12:15:00
2026-06-10 12:30:00,179.35,12:30:00
2026-06-10 12:45:00,184.88,12:45:00
2026-06-10 13:00:00,195.15,13:00:00
2026-06-10 13:15:00,202.96,13:15:00
2026-06-10 13:30:00,208.76,13:30:00
2026-06-10 13:45:00,212.62,13:45:00
2026-06-10 14:00:00,212.71,14:00:00
2026-06-10 14:15:00,215.36,14:15:00
2026-06-10 14:30:00,218.99,14:30:00
2026-06-10 14:45:00,227.27,14:45:00
2026-06-10 15:00:00,238.2,15:00:00
2026-06-10 15:15:00,246.08,15:15:00
2026-06-10 15:30:00,251.19,15:30:00
2026-06-10 15:45:00,261.34,15:45:00
2026-06-10 16:00:00,279.25,16:00:00
2026-06-10 16:15:00,290.52,16:15:00
2026-06-10 16:30:00,302.59,16:30:00
2026-06-10 16:45:00,314.09,16:45:00
2026-06-10 17:00:00,328.87,17:00:00
2026-06-10 17:15:00,337.56,17:15:00
2026-06-10 17:30:00,348.1,17:30:00
2026-06-10 17:45:00,357.71,17:45:00
2026-06-10 18:00:00,363.79,18:00:00
2026-06-10 18:15:00,370.59,18:15:00
2026-06-10 18:30:00,378.33,18:30:00
2026-06-10 18:45:00,383.44,18:45:00
2026-06-10 19:00:00,383.36,19:00:00
2026-06-10 19:15:00,381.81,19:15:00
2026-06-10 19:30:00,380.78,19:30:00
2026-06-10 19:45:00,382.84,19:45:00
2026-06-10 20:00:00,392.33,20:00:00
2026-06-10 20:15:00,397.39,20:15:00
2026-06-10 20:30:00,400.4,20:30:00
2026-06-10 20:45:00,396.48,20:45:00
2026-06-10 21:00:00,397.73,21:00:00
2026-06-10 21:15:00,395.87,21:15:00
2026-06-10 21:30:00,396.36,21:30:00
2026-06-10 21:45:00,398.54,21:45:00
2026-06-10 22:00:00,400.28,22:00:00
2026-06-10 22:15:00,398.55,22:15:00
2026-06-10 22:30:00,393.71,22:30:00
2026-06-10 22:45:00,391.79,22:45:00
2026-06-10 23:00:00,394.09,23:00:00
2026-06-10 23:15:00,391.13,23:15:00
2026-06-10 23:30:00,391.27,23:30:00
2026-06-10 23:45:00,389.05,23:45:00
2026-06-11 00:00:00,384.74,00:00:00
2026-06-11 00:15:00,381.37,00:15:00
2026-06-11 00:30:00,379.28,00:30:00
2026-06-11 00:45:00,379.31,00:45:00
2026-06-11 01:00:00,379.26,01:00:00
2026-06-11 01:15:00,379.18,01:15:00
2026-06-11 01:30:00,377.01,01:30:00
2026-06-11 01:45:00,376.87,01:45:00
2026-06-11 02:00:00,377.03,02:00:00
2026-06-11 02:15:00,375.74,02:15:00
2026-06-11 02:30:00,373.36,02:30:00
2026-06-11 02:45:00,371.53,02:45:00
2026-06-11 03:00:00,366.85,03:00:00
2026-06-11 03:15:00,363.97,03:15:00
2026-06-11 03:30:00,357.53,03:30:00
2026-06-11 03:45:00,353.96,03:45:00
2026-06-11 04:00:00,353.8,04:00:00
2026-06-11 04:15:00,348.01,04:15:00
2026-06-11 04:30:00,341.44,04:30:00
2026-06-11 04:45:00,336.71,04:45:00
2026-06-11 05:00:00,332.42,05:00:00
2026-06-11 05:15:00,324.24,05:15:00
2026-06-11 05:30:00,315.89,05:30:00
2026-06-11 05:45:00,304.71,05:45:00
2026-06-11 06:00:00,295.69,06:00:00
2026-06-11 06:15:00,281.77,06:15:00
2026-06-11 06:30:00,268.98,06:30:00
2026-06-11 06:45:00,254.4,06:45:00
2026-06-11 07:00:00,239.6,07:00:00
2026-06-11 07:15:00,228.5,07:15:00
2026-06-11 07:30:00,219.43,07:30:00
2026-06-11 07:45:00,208.74,07:45:00
2026-06-11 08:00:00,199.03,08:00:00
2026-06-11 08:15:00,191.46,08:15:00
2026-06-11 08:30:00,182.38,08:30:00
2026-06-11 08:45:00,178.39,08:45:00
2026-06-11 09:00:00,168.98,09:00:00
2026-06-11 09:15:00,162.88,09:15:00
2026-06-11 09:30:00,157.08,09:30:00
2026-06-11 09:45:00,151.15,09:45:00
2026-06-11 10:00:00,138.33,10:00:00
2026-06-11 10:30:00,131.44,10:30:00
2026-06-11 10:45:00,127.89,10:45:00
2026-06-11 11:00:00,123.04,11:00:00
2026-06-11 11:15:00,121.9,11:15:00
2026-06-12 18:00:00,238.57,18:00:00
2026-06-12 18:15:00,245.38,18:15:00
2026-06-12 18:30:00,250.41,18:30:00
2026-06-12 18:45:00,253.8,18:45:00
2026-06-12 19:00:00,256.6,19:00:00
2026-06-12 19:15:00,259.6,19:15:00
2026-06-12 19:30:00,260.93,19:30:00
2026-06-12 19:45:00,262.74,19:45:00
2026-06-12 20:00:00,263.02,20:00:00
2026-06-12 20:15:00,258.35,20:15:00
2026-06-12 20:30:00,258.38,20:30:00
2026-06-12 20:45:00,253.58,20:45:00
2026-06-12 21:00:00,248.24,21:00:00
2026-06-12 21:15:00,246.11,21:15:00
2026-06-12 21:30:00,249.07,21:30:00
2026-06-12 21:45:00,248.0,21:45:00
2026-06-12 22:00:00,242.43,22:00:00
2026-06-12 22:15:00,240.04,22:15:00
2026-06-12 22:30:00,236.62,22:30:00
2026-06-12 22:45:00,232.24,22:45:00
2026-06-12 23:00:00,225.66,23:00:00
2026-06-12 23:15:00,223.52,23:15:00
2026-06-12 23:30:00,221.46,23:30:00
2026-06-12 23:45:00,218.79,23:45:00
2026-06-13 00:00:00,212.63,00:00:00
2026-06-13 00:15:00,208.77,00:15:00
2026-06-13 00:30:00,205.78,00:30:00
2026-06-13 00:45:00,200.37,00:45:00
2026-06-13 01:00:00,193.85,01:00:00
2026-06-13 01:15:00,193.14,01:15:00
2026-06-13 01:30:00,193.91,01:30:00
2026-06-13 01:45:00,192.92,01:45:00
2026-06-13 02:00:00,191.07,02:00:00
2026-06-13 02:15:00,191.1,02:15:00
2026-06-13 02:30:00,191.17,02:30:00
2026-06-13 02:45:00,188.04,02:45:00
2026-06-13 03:00:00,178.95,03:00:00
2026-06-13 03:15:00,176.42,03:15:00
2026-06-13 03:30:00,176.02,03:30:00
2026-06-13 03:45:00,175.13,03:45:00
2026-06-13 04:00:00,173.13,04:00:00
2026-06-13 04:15:00,173.18,04:15:00
2026-06-13 04:30:00,171.31,04:30:00
2026-06-13 04:45:00,168.78,04:45:00
2026-06-13 05:00:00,160.84,05:00:00
2026-06-13 05:15:00,154.64,05:15:00
2026-06-13 05:30:00,148.13,05:30:00
2026-06-13 05:45:00,139.33,05:45:00
2026-06-13 06:00:00,127.82,06:00:00
2026-06-13 06:15:00,120.64,06:15:00
2026-06-13 06:30:00,115.2,06:30:00
2026-06-13 06:45:00,107.01,06:45:00
2026-06-13 07:00:00,107.16,07:00:00
2026-06-13 07:15:00,102.54,07:15:00
2026-06-13 07:30:00,100.07,07:30:00
2026-06-13 07:45:00,96.55,07:45:00
2026-06-13 08:00:00,95.06,08:00:00
2026-06-13 08:15:00,92.7,08:15:00
2026-06-13 08:30:00,92.12,08:30:00
2026-06-13 08:45:00,91.95,08:45:00
2026-06-13 09:00:00,89.41,09:00:00
2026-06-13 09:15:00,87.85,09:15:00
2026-06-13 09:30:00,87.07,09:30:00
2026-06-13 09:45:00,86.91,09:45:00
2026-06-13 10:00:00,88.37,10:00:00
2026-06-13 10:15:00,87.84,10:15:00
2026-06-13 10:30:00,88.97,10:30:00
2026-06-13 10:45:00,89.42,10:45:00
2026-06-13 11:00:00,88.9,11:00:00
2026-06-13 11:15:00,89.74,11:15:00
2026-06-13 11:30:00,90.41,11:30:00
2026-06-13 11:45:00,89.91,11:45:00
2026-06-13 12:00:00,89.99,12:00:00
2026-06-13 12:15:00,89.64,12:15:00
2026-06-13 12:30:00,89.9,12:30:00
2026-06-13 12:45:00,91.16,12:45:00
2026-06-13 13:00:00,90.89,13:00:00
2026-06-13 13:15:00,91.79,13:15:00
2026-06-13 13:30:00,93.32,13:30:00
2026-06-13 13:45:00,96.44,13:45:00
2026-06-13 14:00:00,95.46,14:00:00
2026-06-13 14:15:00,95.1,14:15:00
2026-06-13 14:30:00,95.9,14:30:00
2026-06-13 14:45:00,94.71,14:45:00
2026-06-13 15:00:00,95.0,15:00:00
2026-06-13 15:15:00,95.23,15:15:00
2026-06-13 15:30:00,96.69,15:30:00
2026-06-13 15:45:00,99.41,15:45:00
2026-06-13 16:00:00,101.42,16:00:00
2026-06-13 16:15:00,103.34,16:15:00
2026-06-13 16:30:00,106.5,16:30:00
2026-06-13 16:45:00,112.44,16:45:00
2026-06-13 17:00:00,123.73,17:00:00
2026-06-13 17:15:00,131.42,17:15:00
2026-06-13 17:30:00,140.56,17:30:00
2026-06-13 17:45:00,149.46,17:45:00
2026-06-13 18:00:00,164.27,18:00:00
2026-06-13 18:15:00,174.38,18:15:00
2026-06-13 18:30:00,183.14,18:30:00
2026-06-13 18:45:00,191.66,18:45:00
2026-06-13 19:00:00,190.51,19:00:00
2026-06-13 19:15:00,191.46,19:15:00
2026-06-13 19:30:00,196.08,19:30:00
2026-06-13 19:45:00,199.09,19:45:00
2026-06-13 20:00:00,202.07,20:00:00
2026-06-13 20:15:00,202.07,20:15:00
2026-06-13 20:30:00,203.59,20:30:00
2026-06-13 20:45:00,206.42,20:45:00
2026-06-13 21:00:00,207.18,21:00:00
2026-06-13 21:15:00,206.7,21:15:00
2026-06-13 21:30:00,209.24,21:30:00
2026-06-13 21:45:00,209.88,21:45:00
2026-06-13 22:00:00,208.57,22:00:00
2026-06-13 22:15:00,201.62,22:15:00
2026-06-13 22:30:00,196.88,22:30:00
2026-06-13 22:45:00,195.88,22:45:00
2026-06-13 23:00:00,196.75,23:00:00
2026-06-13 23:15:00,194.5,23:15:00
2026-06-13 23:30:00,194.02,23:30:00
2026-06-13 23:45:00,191.46,23:45:00
2026-06-14 00:00:00,184.9,00:00:00
2026-06-14 00:15:00,181.26,00:15:00
2026-06-14 00:30:00,178.62,00:30:00
2026-06-14 00:45:00,178.34,00:45:00
2026-06-14 01:00:00,175.41,01:00:00
2026-06-14 01:15:00,176.08,01:15:00
2026-06-14 01:30:00,177.22,01:30:00
2026-06-14 01:45:00,177.38,01:45:00
2026-06-14 02:00:00,174.49,02:00:00
2026-06-14 02:15:00,176.5,02:15:00
2026-06-14 02:30:00,176.52,02:30:00
2026-06-14 02:45:00,178.63,02:45:00
2026-06-14 03:00:00,186.61,03:00:00
2026-06-14 03:15:00,186.41,03:15:00
2026-06-14 03:30:00,184.6,03:30:00
2026-06-14 03:45:00,182.44,03:45:00
2026-06-14 04:00:00,183.86,04:00:00
2026-06-14 04:15:00,181.35,04:15:00
2026-06-14 04:30:00,178.57,04:30:00
2026-06-14 04:45:00,170.33,04:45:00
2026-06-14 05:00:00,158.38,05:00:00
2026-06-14 05:15:00,151.22,05:15:00
2026-06-14 05:30:00,144.61,05:30:00
2026-06-14 05:45:00,140.53,05:45:00
2026-06-14 06:00:00,130.35,06:00:00
2026-06-14 06:15:00,126.65,06:15:00
2026-06-14 06:30:00,120.61,06:30:00
2026-06-14 06:45:00,117.7,06:45:00
2026-06-14 07:00:00,114.72,07:00:00
2026-06-14 07:15:00,111.39,07:15:00
2026-06-14 07:30:00,108.15,07:30:00
2026-06-14 07:45:00,105.49,07:45:00
2026-06-14 08:00:00,101.42,08:00:00
2026-06-14 08:15:00,99.04,08:15:00
2026-06-14 08:30:00,97.68,08:30:00
2026-06-14 08:45:00,96.42,08:45:00
2026-06-14 09:00:00,94.94,09:00:00
2026-06-14 09:15:00,93.77,09:15:00
2026-06-14 09:30:00,92.59,09:30:00
2026-06-14 09:45:00,91.16,09:45:00
2026-06-14 10:00:00,90.14,10:00:00
2026-06-14 10:15:00,89.3,10:15:00
2026-06-14 10:30:00,89.72,10:30:00
2026-06-14 10:45:00,90.91,10:45:00
2026-06-14 11:00:00,90.99,11:00:00
2026-06-14 11:15:00,92.37,11:15:00
2026-06-14 11:30:00,93.53,11:30:00
2026-06-14 11:45:00,94.47,11:45:00
2026-06-14 12:00:00,95.36,12:00:00
2026-06-14 12:15:00,94.96,12:15:00
2026-06-14 12:30:00,95.74,12:30:00
2026-06-14 12:45:00,97.97,12:45:00
2026-06-14 13:00:00,96.49,13:00:00
2026-06-14 13:15:00,97.17,13:15:00
2026-06-14 13:30:00,99.94,13:30:00
2026-06-14 13:45:00,101.58,13:45:00
2026-06-14 14:00:00,101.89,14:00:00
2026-06-14 14:15:00,102.77,14:15:00
2026-06-14 14:30:00,104.49,14:30:00
2026-06-14 14:45:00,105.14,14:45:00
2026-06-14 15:00:00,106.51,15:00:00
2026-06-14 15:15:00,107.64,15:15:00
2026-06-14 15:30:00,109.47,15:30:00
2026-06-14 15:45:00,114.79,15:45:00
2026-06-14 16:00:00,120.56,16:00:00
2026-06-14 16:15:00,125.04,16:15:00
2026-06-14 16:30:00,129.01,16:30:00
2026-06-14 16:45:00,137.93,16:45:00
2026-06-14 17:00:00,145.6,17:00:00
2026-06-14 17:15:00,153.95,17:15:00
2026-06-14 17:30:00,165.27,17:30:00
2026-06-14 17:45:00,176.0,17:45:00
2026-06-14 18:00:00,187.7,18:00:00
2026-06-14 18:15:00,195.26,18:15:00
2026-06-14 18:30:00,201.64,18:30:00
2026-06-14 18:45:00,208.76,18:45:00
2026-06-14 19:00:00,208.78,19:00:00
2026-06-14 19:15:00,209.32,19:15:00
2026-06-14 19:30:00,211.68,19:30:00
2026-06-14 19:45:00,215.53,19:45:00
2026-06-14 20:00:00,218.09,20:00:00
2026-06-14 20:15:00,217.97,20:15:00
2026-06-14 20:30:00,219.24,20:30:00
2026-06-14 20:45:00,218.49,20:45:00
2026-06-14 21:00:00,214.37,21:00:00
2026-06-14 21:15:00,212.42,21:15:00
2026-06-14 21:30:00,212.98,21:30:00
2026-06-14 21:45:00,212.68,21:45:00
2026-06-14 22:00:00,218.54,22:00:00
2026-06-14 22:15:00,218.96,22:15:00
2026-06-14 22:30:00,214.18,22:30:00
2026-06-14 22:45:00,210.77,22:45:00
2026-06-14 23:00:00,211.95,23:00:00
2026-06-14 23:15:00,211.79,23:15:00
2026-06-14 23:30:00,212.26,23:30:00
2026-06-14 23:45:00,210.61,23:45:00
